tool		TruSt-family LP64 adapter awamoche:GenMC (https://plv.mpi-sws.org/genmc):	TruSt-family LP64 adapter awamoche:GenMC (https://plv.mpi-sws.org/genmc):	TruSt-family LP64 adapter awamoche:GenMC (https://plv.mpi-sws.org/genmc):	TruSt-family LP64 adapter awamoche:GenMC (https://plv.mpi-sws.org/genmc):	TruSt-family LP64 adapter mixer:GenMC (https://plv.mpi-sws.org/genmc):	TruSt-family LP64 adapter mixer:GenMC (https://plv.mpi-sws.org/genmc):	TruSt-family LP64 adapter mixer:GenMC (https://plv.mpi-sws.org/genmc):	TruSt-family LP64 adapter mixer:GenMC (https://plv.mpi-sws.org/genmc):	TruSt-family LP64 adapter spore:GenMC (https://plv.mpi-sws.org/genmc):	TruSt-family LP64 adapter spore:GenMC (https://plv.mpi-sws.org/genmc):	TruSt-family LP64 adapter spore:GenMC (https://plv.mpi-sws.org/genmc):	TruSt-family LP64 adapter spore:GenMC (https://plv.mpi-sws.org/genmc):	TruSt-family LP64 adapter trust:GenMC (https://plv.mpi-sws.org/genmc):	TruSt-family LP64 adapter trust:GenMC (https://plv.mpi-sws.org/genmc):	TruSt-family LP64 adapter trust:GenMC (https://plv.mpi-sws.org/genmc):	TruSt-family LP64 adapter trust:GenMC (https://plv.mpi-sws.org/genmc):
run set		awamoche-rc11-census-all.awamoche-rc11-lp64.r01.unreach-call	awamoche-rc11-census-all.awamoche-rc11-lp64.r01.unreach-call	awamoche-rc11-census-all.awamoche-rc11-lp64.r01.unreach-call	awamoche-rc11-census-all.awamoche-rc11-lp64.r01.unreach-call	mixer-rc11-census-all.mixer-rc11-lp64.r01.unreach-call	mixer-rc11-census-all.mixer-rc11-lp64.r01.unreach-call	mixer-rc11-census-all.mixer-rc11-lp64.r01.unreach-call	mixer-rc11-census-all.mixer-rc11-lp64.r01.unreach-call	spore-rc11-census-all.spore-rc11-lp64.r01.unreach-call	spore-rc11-census-all.spore-rc11-lp64.r01.unreach-call	spore-rc11-census-all.spore-rc11-lp64.r01.unreach-call	spore-rc11-census-all.spore-rc11-lp64.r01.unreach-call	trust-rc11-census-all.trust-rc11-lp64.r01.unreach-call	trust-rc11-census-all.trust-rc11-lp64.r01.unreach-call	trust-rc11-census-all.trust-rc11-lp64.r01.unreach-call	trust-rc11-census-all.trust-rc11-lp64.r01.unreach-call
/Users/sujie/Documents/Codes/C++/GenMC/genmc/optimization-analysis/svcomp2026/remote-results/new-server/trust-family/sv-benchmarks/c/		status	cputime (s)	walltime (s)	memory (MB)	status	cputime (s)	walltime (s)	memory (MB)	status	cputime (s)	walltime (s)	memory (MB)	status	cputime (s)	walltime (s)	memory (MB)
goblint-regression/13-privatized_66-mine-W-init_true.yml	true	true	0.031393592	0.035431231022812426	10.129408	true	0.05629761	0.05974493199028075	24.182784	true	0.051167918	0.11548442201456055	24.084480	true	0.030095255	0.035949570999946445	9.601024
goblint-regression/36-apron_41-threadenter-no-locals_unknown_1_pos.yml	false	false(unreach-call)	0.025825232	0.03043416398577392	9.998336	false(unreach-call)	0.052251661	0.09918807295616716	24.014848	false(unreach-call)	0.051138882	0.10022251401096582	24.203264	false(unreach-call)	0.024213582	0.03069838002556935	9.605120
goblint-regression/36-apron_41-threadenter-no-locals_unknown_1_neg.yml	false	true	0.029389837	0.033294159977231175	9.998336	true	0.056428279	0.164645375974942	24.076288	true	0.05027859	0.1283688010298647	24.043520	true	0.029278987	0.03636704495875165	9.605120
goblint-regression/36-apron_16-traces-unprot2_true.yml	true	true	0.029420087	0.03320241702022031	10.010624	true	0.0490123	0.11141514603514224	24.018944	true	0.052190191	0.16372508701169863	24.141824	true	0.032638396	0.035339567984919995	9.609216
goblint-regression/13-privatized_57-singlethreaded-unlock_true.yml	true	true	0.024625777	0.027913560974411666	10.002432	true	0.055403106	0.13033274200279266	24.068096	true	0.052068035	0.17018077103421092	24.080384	true	0.022469919	0.03275399102130905	9.613312
goblint-regression/13-privatized_47-refine-protected2_true.yml	true	true	0.031281839	0.03631443600170314	10.006528	true	0.049634438	0.07690883002942428	24.068096	true	0.051486872	0.12590684700990096	24.125440	true	0.029812138	0.03089837997686118	9.543680
goblint-regression/13-privatized_46-refine-protected1_true.yml	true	true	0.029517774	0.03615995199652389	10.006528	true	0.061410108	0.08132889901753515	24.084480	true	0.052470721	0.07735022902488708	24.141824	true	0.027688549	0.030516124970745295	9.613312
goblint-regression/36-apron_11-traces-max-simple_true.yml	true	true	0.029852591	0.034637656004633754	10.031104	true	0.04883341	0.07043958001304418	24.141824	true	0.048776239	0.07204486202681437	24.068096	true	0.030274743	0.03228605602635071	9.613312
goblint-regression/13-privatized_41-traces-ex-7_unknown_1_pos.yml	false	false(unreach-call)	0.032690357	0.08181625697761774	10.067968	false(unreach-call)	0.052844298	0.10459869797341526	24.186880	false(unreach-call)	0.052713713	0.17711523897014558	24.125440	false(unreach-call)	0.026412665	0.0300449610222131	9.609216
goblint-regression/13-privatized_41-traces-ex-7_unknown_1_neg.yml	false	false(unreach-call)	0.024456456	0.028519823972601444	10.072064	false(unreach-call)	0.050504508	0.08817126997746527	24.084480	false(unreach-call)	0.050211304	0.17967364098876715	24.158208	false(unreach-call)	0.031806904	0.03292788000544533	9.613312
goblint-regression/13-privatized_40-traces-ex-6_true.yml	true	true	0.025381506	0.029010351980105042	10.063872	true	0.048983431	0.13970673299627379	24.137728	true	0.050862133	0.11772984697017819	24.141824	true	0.032434923	0.036287557042669505	9.609216
goblint-regression/13-privatized_58-singlethreaded-lock_true.yml	true	true	0.027566202	0.04544004099443555	10.022912	true	0.050338579	0.10943161696195602	24.109056	true	0.049211608	0.11087079899152741	24.117248	true	0.0328461	0.036133378045633435	9.613312
goblint-regression/13-privatized_44-traces-mine2_true.yml	true	true	0.03230877	0.03532308299327269	10.010624	true	0.051548845	0.19731624703854322	24.035328	true	0.04923255	0.12133008800446987	24.068096	true	0.027313859	0.03086838498711586	9.637888
goblint-regression/13-privatized_18-first-reads_unknown_1_pos.yml	false	true	0.025796161	0.030932513007428497	10.137600	true	0.052404837	0.12245945102768019	24.141824	true	0.051827557	0.16377019096398726	24.158208	true	0.026478194	0.0276739849941805	9.601024
goblint-regression/13-privatized_18-first-reads_unknown_2_pos.yml	false	false(unreach-call)	0.031792802	0.03471504501067102	10.104832	false(unreach-call)	0.053447889	0.1720160220284015	24.186880	false(unreach-call)	0.051395916	0.10854663798818365	24.195072	false(unreach-call)	0.027449809	0.031334016006439924	9.613312
goblint-regression/13-privatized_18-first-reads_unknown_1_neg.yml	false	false(unreach-call)	0.029728849	0.03289926901925355	10.006528	false(unreach-call)	0.055181049	0.18683010095264763	24.178688	false(unreach-call)	0.055402247	0.19109701900742948	24.080384	false(unreach-call)	0.029487864	0.032414862944278866	9.617408
goblint-regression/13-privatized_18-first-reads_unknown_2_neg.yml	false	true	0.028901301	0.0849549769773148	10.055680	true	0.05260493	0.18517985701328143	24.195072	true	0.050413277	0.06740754999918863	24.141824	true	0.026909031	0.03146246896358207	9.588736
goblint-regression/13-privatized_52-refine-protected-loop2-small_true.yml	true	TIMEOUT	10.252891208	20.375129265943542	69.181440	TIMEOUT	10.157988224	18.61670565698296	30.588928	TIMEOUT	10.267761904	34.43463973701	24.207360	TIMEOUT	10.008286191	31.635548263031524	46.747648
goblint-regression/13-privatized_36-traces-ex-3_true.yml	true	true	0.027894599	0.03136998199624941	10.047488	true	0.054063881	0.21258352196309716	24.129536	true	0.051534628	0.11718035204103217	24.055808	true	0.021698429	0.025919822975993156	9.596928
goblint-regression/13-privatized_18-first-reads_true.yml	true	true	0.029060258	0.09348402102477849	10.051584	true	0.05193215	0.1141025039833039	24.117248	true	0.049236806	0.15065919305197895	24.100864	true	0.02544479	0.02655093400971964	9.609216
goblint-regression/13-privatized_35-traces-ex-2_true.yml	true	true	0.026562284	0.06489183002850041	10.129408	true	0.05098081	0.1442155209952034	24.084480	true	0.053323848	0.14187723299255595	24.088576	true	0.027734984	0.03340650396421552	9.543680
goblint-regression/13-privatized_37-traces-ex-4_true.yml	true	true	0.027915244	0.08826060203136876	10.092544	true	0.051029913	0.15405195904895663	24.166400	true	0.049025927	0.1050521099823527	24.170496	true	0.029470043	0.031507259991485626	9.613312
goblint-regression/13-privatized_38-traces-ex-4-switch_true.yml	true	true	0.025827448	0.059745561971794814	10.080256	true	0.052578264	0.17170289700152352	24.113152	true	0.047893239	0.1424354260088876	24.100864	true	0.02211395	0.029943685047328472	9.617408
goblint-regression/13-privatized_19-publish-precision_unknown_1_pos.yml	false	false(unreach-call)	0.029445933	0.06374599400442094	10.039296	false(unreach-call)	0.053613179	0.20822648098692298	24.166400	false(unreach-call)	0.056043255	0.22409166599391028	24.100864	false(unreach-call)	0.028341433	0.029273273015860468	9.617408
goblint-regression/13-privatized_19-publish-precision_unknown_2_pos.yml	false	false(unreach-call)	0.025928816	0.08159660501405597	9.998336	false(unreach-call)	0.052202589	0.15219673496903852	24.092672	false(unreach-call)	0.05157174	0.10001540201483294	24.088576	false(unreach-call)	0.022997646	0.041017581010237336	9.592832
goblint-regression/13-privatized_19-publish-precision_unknown_1_neg.yml	false	false(unreach-call)	0.027024571	0.1267021580133587	10.092544	false(unreach-call)	0.05079655	0.08410020702285692	24.182784	false(unreach-call)	0.054629283	0.132996144995559	24.207360	false(unreach-call)	0.021532045	0.025747039006091654	9.551872
goblint-regression/13-privatized_19-publish-precision_unknown_2_neg.yml	false	false(unreach-call)	0.025429929	0.1336798300035298	10.113024	false(unreach-call)	0.054224468	0.12226440600352362	24.203264	false(unreach-call)	0.053508102	0.15813735302072018	24.211456	false(unreach-call)	0.025875307	0.027612111007329077	9.764864
goblint-regression/13-privatized_45-traces-per-global-and-current-lock-mine-incomparable_true.yml	true	true	0.02493179	0.12317470798734576	10.055680	true	0.054277446	0.15909497602842748	24.186880	true	0.054554693	0.154410476970952	24.166400	true	0.02834746	0.031087349983863533	9.609216
goblint-regression/13-privatized_01-priv_nr_true.yml	true	true	0.025942565	0.11798282200470567	10.031104	true	0.053887286	0.18964915501419455	24.092672	true	0.051790118	0.18841599795268849	24.211456	true	0.021697746	0.024662571027874947	9.584640
goblint-regression/13-privatized_19-publish-precision_true.yml	true	true	0.02667391	0.06986261397833005	10.006528	true	0.052856071	0.1998514540027827	24.141824	true	0.052163025	0.12995304499054328	24.186880	true	0.025952198	0.03162755799712613	9.609216
goblint-regression/13-privatized_42-traces-ex-mini_true.yml	true	true	0.028799386	0.06925139197846875	10.010624	true	0.053474086	0.0896294319536537	24.100864	true	0.051059861	0.07423054799437523	24.133632	true	0.025136699	0.0289475119789131	9.564160
goblint-regression/13-privatized_33-traces-v-matters_true.yml	true	true	0.026796976	0.06124498200369999	10.076160	true	0.056836478	0.22688795102294534	24.096768	true	0.056157476	0.2039590969798155	24.141824	true	0.023966227	0.0510588469915092	9.572352
goblint-regression/13-privatized_25-struct_nr_true.yml	true	true	0.027259047	0.06608834600774571	10.092544	true	0.053383627	0.13645967899356037	24.104960	true	0.053059765	0.1801712409942411	24.215552	true	0.023128552	0.05754084198269993	9.703424
goblint-regression/13-privatized_69-refine-protected-loop-interval_true.yml	true	true	0.026292991	0.1083456400083378	10.137600	true	0.048764056	0.10562933195615187	24.195072	true	0.05374984	0.13170077500399202	24.195072	TIMEOUT	10.200618733	23.314510885975324	82.124800
goblint-regression/36-apron_17-traces-rpb-litmus_unknown_1_pos.yml	false	true	0.025133131	0.09852910798508674	10.076160	true	0.052801017	0.14336323301540688	24.125440	true	0.055588847	0.18301113502820954	24.076288	true	0.023314947	0.02777435298776254	9.625600
goblint-regression/36-apron_17-traces-rpb-litmus_unknown_1_neg.yml	false	false(unreach-call)	0.027059308	0.13610317202983424	10.088448	false(unreach-call)	0.053069614	0.15749557997332886	24.084480	false(unreach-call)	0.052373419	0.07470109296264127	24.162304	false(unreach-call)	0.023958344	0.02813349902862683	9.564160
goblint-regression/13-privatized_31-traces-mine-vs-mutex_true.yml	true	true	0.025564699	0.08060699998168275	9.969664	true	0.05397434	0.1617716660257429	24.178688	true	0.049014495	0.15405238000676036	24.166400	true	0.023574596	0.02476631198078394	9.633792
goblint-regression/13-privatized_20-publish-regression_true.yml	true	true	0.025284943	0.07155359600437805	10.051584	true	0.056955974	0.20145881600910798	24.203264	true	0.049158909	0.12071964400820434	24.096768	true	0.023716518	0.027736837975680828	9.613312
goblint-regression/13-privatized_30-traces-oplus-vs-meet_true.yml	true	true	0.026594028	0.042801262985449284	10.121216	true	0.0522311	0.1248374889837578	24.092672	true	0.053113842	0.17662011599168181	24.100864	true	0.027083925	0.07657205703435466	9.654272
goblint-regression/13-privatized_32-traces-mine-vs-oplus-vs-meet_true.yml	true	true	0.026508534	0.060326326987706125	10.108928	true	0.055109923	0.15158606704790145	24.141824	true	0.058006903	0.18045116896973923	24.207360	true	0.025373432	0.11358051799470559	9.641984
goblint-regression/13-privatized_34-traces-minepp-L-needs-to-be-um_true.yml	true	true	0.024782124	0.13593591598328203	10.092544	true	0.049389764	0.11867386900121346	24.182784	true	0.053043566	0.15307100297650322	24.104960	true	0.024596967	0.028971076011657715	9.588736
goblint-regression/13-privatized_68-pfscan_protected_loop_minimal_interval_true.yml	true	true	0.028113677	0.1384120160364546	10.145792	true	0.0540089	0.05898977804463357	24.203264	true	0.050460513	0.05778719700174406	24.223744	TIMEOUT	10.141159982	32.00811833998887	82.014208
goblint-regression/13-privatized_29-multiple-protecting2-vesal_true.yml	true	true	0.026703841	0.08377659198595211	10.043392	true	0.052776292	0.11762727500172332	24.203264	true	0.056664015	0.15770820999750867	24.150016	true	0.024824914	0.03768891200888902	9.584640
goblint-regression/13-privatized_24-multiple-protecting_true.yml	true	true	0.028341423	0.07271382102044299	10.170368	true	0.055412603	0.1654854600201361	24.182784	true	0.052656993	0.12976121000247076	24.182784	true	0.022760956	0.026353941997513175	9.666560
weaver/test-semi1.wvr.yml	true	ABORTED	0.024259767	0.24968703498598188	9.781248	ABORTED	0.046379068	0.2693653909955174	23.363584	ABORTED	0.049044118	0.2592963319621049	23.388160	ABORTED	0.02273256	0.19419816101435572	9.625600
weaver/popl20-figure1.wvr.yml	true	SEGMENTATION FAULT	0.025802554	0.21925996197387576	9.756672	SEGMENTATION FAULT	0.048044676	0.26092794904252514	23.425024	SEGMENTATION FAULT	0.04529775	0.16430111398221925	23.461888	SEGMENTATION FAULT	0.02663397	0.1883624389884062	9.641984
weaver/test-easy11.wvr.yml	true	SEGMENTATION FAULT	0.025028654	0.15421093895565718	9.887744	SEGMENTATION FAULT	0.045783966	0.23176988400518894	23.400448	SEGMENTATION FAULT	0.051025204	0.3021013059769757	23.429120	SEGMENTATION FAULT	0.025161023	0.23905519902473316	9.510912
weaver/bench-exp1x3.wvr.yml	true	ERROR (unsupported external)	0.025613533	0.2461972179589793	9.695232	ERROR (unsupported external)	0.050371833	0.15625356300733984	23.359488	ERROR (unsupported external)	0.047911251	0.13164782099192962	23.396352	ERROR (unsupported external)	0.024509494	0.2282550930394791	9.773056
weaver/test-easy7.wvr.yml	true	ERROR (compilation)	0.024812044	0.06532377196708694	9.785344	ERROR (compilation)	0.048506357	0.05925788701279089	23.601152	ERROR (compilation)	0.048870399	0.13845960301114246	23.654400	ERROR (compilation)	0.022458855	0.09441516903461888	9.453568
goblint-regression/36-apron_21-traces-cluster-based_true.yml	true	true	0.026371314	0.044383267988450825	10.162176	true	0.054417048	0.14482742198742926	24.244224	true	0.058449792	0.1756579019711353	24.231936	true	0.028791291	0.1358692969661206	9.687040
weaver/test-easy1.wvr.yml	true	ERROR (compilation)	0.02384749	0.08556829096050933	9.867264	ERROR (compilation)	0.049187706	0.12362244300311431	23.552000	ERROR (compilation)	0.045316521	0.056936534005217254	23.687168	ERROR (compilation)	0.022328263	0.089184639044106	9.408512
goblint-regression/36-apron_22-traces-write-centered-vs-meet-mutex_true_no-overflow.yml	true	true	0.02802137	0.07928856799844652	10.178560	true	0.054009972	0.08275536599103361	24.223744	true	0.051878175	0.14640155097004026	24.199168	true	0.024176103	0.08041158999549225	9.732096
weaver/popl20-figure1-alt.wvr.yml	true	ABORTED	0.024230992	0.16707122698426247	10.006528	ABORTED	0.048104846	0.29679042304633185	23.363584	ABORTED	0.044684958	0.23743304697563872	23.441408	ABORTED	0.02377165	0.20069437101483345	9.646080
weaver/mult-comm.wvr.yml	true	ERROR (compilation)	0.026176811	0.06562409200705588	9.834496	ERROR (compilation)	0.043103893	0.05278260097838938	23.621632	ERROR (compilation)	0.045348181	0.1551167860161513	23.592960	ERROR (compilation)	0.023907733	0.09655534999910742	9.510912
weaver/popl20-figure3.wvr.yml	true	ERROR (unsupported external)	0.024684738	0.20841334003489465	9.822208	ERROR (unsupported external)	0.047837534	0.15929122199304402	23.416832	ERROR (unsupported external)	0.0516255	0.13457758200820535	23.420928	ERROR (unsupported external)	0.025449862	0.18663346400717273	9.658368
weaver/security.wvr.yml	true	ERROR (compilation)	0.027844918	0.08548771200003102	9.850880	ERROR (compilation)	0.047758848	0.053351040987763554	23.650304	ERROR (compilation)	0.04456233	0.11514359997818246	23.691264	ERROR (compilation)	0.022192017	0.02845403301762417	9.482240
weaver/test-easy8.wvr.yml	true	ERROR (compilation)	0.023856222	0.030650968954432756	9.854976	ERROR (compilation)	0.046661805	0.22585119400173426	23.650304	ERROR (compilation)	0.051024391	0.1803464789991267	23.658496	ERROR (compilation)	0.022369852	0.0441287379944697	9.437184
weaver/test-easy6.wvr.yml	true	SEGMENTATION FAULT	0.024239729	0.1826911200187169	9.809920	SEGMENTATION FAULT	0.050503751	0.2886858450365253	23.384064	SEGMENTATION FAULT	0.05030272	0.2574611160089262	23.437312	SEGMENTATION FAULT	0.023236248	0.18509716098196805	9.666560
weaver/parallel-misc-2-unrolled.wvr.yml	true	ERROR (unsupported external)	0.024250379	0.15577365196077153	9.748480	ERROR (unsupported external)	0.045368317	0.13395022501936182	23.375872	ERROR (unsupported external)	0.047756185	0.050905966956634074	23.351296	ERROR (unsupported external)	0.022414481	0.12844164099078625	9.617408
weaver/popl20-nonblocking-cntr.wvr.yml	true	ERROR (compilation)	0.025073635	0.02959923300659284	9.801728	ERROR (compilation)	0.045733503	0.12747363600647077	23.666688	ERROR (compilation)	0.044407579	0.047736237989738584	23.601152	ERROR (compilation)	0.023706963	0.08243328594835475	9.510912
weaver/parallel-simple-equiv.wvr.yml	true	ERROR (unsupported external)	0.026591709	0.24731924099614844	9.777152	ERROR (unsupported external)	0.045316815	0.08181591896573082	23.347200	ERROR (unsupported external)	0.051130108	0.09652863198425621	23.408640	ERROR (unsupported external)	0.023021705	0.17363360000308603	9.621504
weaver/parallel-misc-3.wvr.yml	true	SEGMENTATION FAULT	0.028164766	0.22486568603198975	9.699328	SEGMENTATION FAULT	0.050536042	0.26956175302620977	23.384064	SEGMENTATION FAULT	0.046489167	0.19582733797142282	23.359488	SEGMENTATION FAULT	0.023529608	0.17712142097298056	9.666560
weaver/parallel-ticket-2.wvr.yml	true	ERROR (unsupported external)	0.022955938	0.17086366302100942	9.854976	ERROR (unsupported external)	0.050702978	0.12047364003956318	23.416832	ERROR (unsupported external)	0.046187345	0.07865402102470398	23.392256	ERROR (unsupported external)	0.024995984	0.19614427798660472	9.670656
weaver/popl20-nonblocking-cntr-alt.wvr.yml	true	ERROR (compilation)	0.027724263	0.08577650599181652	9.830400	ERROR (compilation)	0.048872867	0.11185329302679747	23.642112	ERROR (compilation)	0.05035154	0.16093623300548643	23.658496	ERROR (compilation)	0.022919856	0.03956900100456551	9.433088
weaver/mult-dist.wvr.yml	true	ERROR (compilation)	0.024472451	0.056123236019629985	9.936896	ERROR (compilation)	0.046391401	0.06986544700339437	23.650304	ERROR (compilation)	0.047341236	0.07681599399074912	23.564288	ERROR (compilation)	0.022453296	0.026264199055731297	9.486336
weaver/chl-sre-symm.wvr.yml	true	ERROR (compilation)	0.026495031	0.10017711104592308	9.904128	ERROR (compilation)	0.047439751	0.09789596602786332	23.605248	ERROR (compilation)	0.046400187	0.0688350879936479	23.592960	ERROR (compilation)	0.024941379	0.07748358498793095	9.527296
weaver/clever.wvr.yml	true	ERROR (unsupported external)	0.027168879	0.1672818090301007	9.818112	ERROR (unsupported external)	0.046596964	0.09466486098244786	23.437312	ERROR (unsupported external)	0.048379919	0.0957324740011245	23.465984	ERROR (unsupported external)	0.023460544	0.14342603302793577	9.613312
goblint-regression/13-privatized_27-multiple-protecting2_true.yml	true	true	0.0339382	0.15153052896494046	10.092544	true	0.063944496	0.1564369080006145	24.199168	true	0.05999535	0.12962605501525104	24.162304	true	0.030439214	0.07502194697735831	9.687040
weaver/popl20-more-nonblocking-counter-alt2.wvr.yml	true	ERROR (compilation)	0.024252176	0.02978542697383091	9.871360	ERROR (compilation)	0.050499556	0.12870930298231542	23.556096	ERROR (compilation)	0.048042786	0.16869691997999325	23.588864	ERROR (compilation)	0.022569826	0.06562678900081664	9.412608
weaver/mult-flipped-dist.wvr.yml	true	ERROR (compilation)	0.023147501	0.033237657975405455	9.871360	ERROR (compilation)	0.050330741	0.144532389997039	23.658496	ERROR (compilation)	0.045360155	0.14564189704833552	23.613440	ERROR (compilation)	0.02522135	0.07448538998141885	9.428992
weaver/popl20-counter-determinism.wvr.yml	true	SEGMENTATION FAULT	0.02724536	0.2257768749841489	9.834496	SEGMENTATION FAULT	0.049417725	0.24204446200747043	23.445504	SEGMENTATION FAULT	0.048549101	0.2110905790468678	23.486464	SEGMENTATION FAULT	0.027346729	0.23162296100053936	9.666560
weaver/popl20-difference-det.wvr.yml	true	SEGMENTATION FAULT	0.026486161	0.22526329196989536	9.838592	SEGMENTATION FAULT	0.047028472	0.1685294370399788	23.408640	SEGMENTATION FAULT	0.04672731	0.19240262097446248	23.445504	SEGMENTATION FAULT	0.025755657	0.19931767601519823	9.674752
weaver/parallel-misc-2.wvr.yml	true	ERROR (unsupported external)	0.025846339	0.17699396499665454	9.830400	ERROR (unsupported external)	0.048586164	0.17405155301094055	23.347200	ERROR (unsupported external)	0.052204771	0.21338803501566872	23.433216	ERROR (unsupported external)	0.025728317	0.15455878898501396	9.711616
weaver/parallel-misc-4.wvr.yml	true	ERROR (unsupported external)	0.023279328	0.15580656100064516	9.822208	ERROR (unsupported external)	0.04620294	0.12482340802671388	23.449600	ERROR (unsupported external)	0.050280676	0.10786959901452065	23.437312	ERROR (unsupported external)	0.024852828	0.1210859750281088	9.670656
weaver/parallel-misc-2-unrolled-atomic.wvr.yml	true	ERROR (compilation)	0.025591522	0.10103402903769165	9.879552	ERROR (compilation)	0.049007395	0.08014649897813797	23.605248	ERROR (compilation)	0.049717901	0.14396151597611606	23.646208	ERROR (compilation)	0.023157858	0.03850442200200632	9.494528
weaver/bench-exp2x3.wvr.yml	true	ERROR (unsupported external)	0.026176877	0.23116709000896662	9.912320	ERROR (unsupported external)	0.049251573	0.2092267360421829	23.416832	ERROR (unsupported external)	0.048807066	0.08614210202358663	23.441408	ERROR (unsupported external)	0.024766546	0.16088978498009965	9.621504
weaver/chl-sre-trans.wvr.yml	true	ERROR (compilation)	0.026118331	0.09510456898715347	9.916416	ERROR (compilation)	0.048562644	0.1317871009814553	23.625728	ERROR (compilation)	0.051107763	0.14398489199811593	23.556096	ERROR (compilation)	0.025554762	0.09701302100438625	9.453568
weaver/parallel-ticket-3.wvr.yml	true	ERROR (unsupported external)	0.026349433	0.1762895749998279	9.814016	ERROR (unsupported external)	0.049288103	0.05424990301253274	23.465984	ERROR (unsupported external)	0.047067093	0.05277288000797853	23.437312	ERROR (unsupported external)	0.025745403	0.14416992897167802	9.666560
weaver/spaghetti.wvr.yml	true	ERROR (unsupported external)	0.024974349	0.12464419199386612	9.826304	ERROR (unsupported external)	0.049010811	0.06149957200977951	23.379968	ERROR (unsupported external)	0.048082782	0.08746795501792803	23.400448	ERROR (unsupported external)	0.02544545	0.16538264194969088	9.637888
weaver/bench-exp2x4.wvr.yml	true	ERROR (unsupported external)	0.024974746	0.16339717694791034	9.764864	ERROR (unsupported external)	0.052570575	0.21009297901764512	23.461888	ERROR (unsupported external)	0.052756228	0.10124868794810027	23.420928	ERROR (unsupported external)	0.02711824	0.1858765670331195	9.662464
weaver/chl-sre-subst.wvr.yml	true	ERROR (compilation)	0.024644657	0.03167677001329139	9.854976	ERROR (compilation)	0.048079358	0.09110229596262798	23.601152	ERROR (compilation)	0.049514378	0.11896026798058301	23.658496	ERROR (compilation)	0.025034827	0.06092152796918526	9.449472
weaver/parallel-misc-3-extended.wvr.yml	true	SEGMENTATION FAULT	0.024708351	0.13321038003778085	9.814016	SEGMENTATION FAULT	0.051581721	0.2256128489971161	23.375872	SEGMENTATION FAULT	0.049650168	0.190174538991414	23.482368	SEGMENTATION FAULT	0.027809845	0.15438273001927882	9.682944
weaver/chl-simpl-str-symm.wvr.yml	true	ERROR (compilation)	0.025670797	0.040520009002648294	9.875456	ERROR (compilation)	0.046346225	0.06050444400170818	23.584768	ERROR (compilation)	0.046293562	0.056617438967805356	23.691264	ERROR (compilation)	0.025433044	0.04099745600251481	9.515008
weaver/parallel-bluetooth.wvr.yml	true	ERROR (unsupported external)	0.025278082	0.16605575097491965	9.826304	ERROR (unsupported external)	0.048542015	0.09337427100399509	23.363584	ERROR (unsupported external)	0.051256259	0.07194679701933637	23.416832	ERROR (unsupported external)	0.024725569	0.16187448002165183	9.658368
weaver/popl20-bad-threaded-sum-2.wvr.yml	true	ERROR (compilation)	0.024693927	0.06250393897062168	9.912320	ERROR (compilation)	0.047581864	0.11770948796765879	23.674880	ERROR (compilation)	0.048377134	0.15907858801074326	23.592960	ERROR (compilation)	0.02537671	0.04865475499536842	9.486336
weaver/bench-exp2x6.wvr.yml	true	ERROR (unsupported external)	0.025129404	0.18475825403584167	9.871360	ERROR (unsupported external)	0.053241991	0.18452813901240006	23.388160	ERROR (unsupported external)	0.045957942	0.0676056849770248	23.412736	ERROR (unsupported external)	0.025170803	0.22624465404078364	9.617408
weaver/test-easy10.wvr.yml	true	ERROR (unsupported external)	0.027232017	0.1632425760035403	9.846784	ERROR (unsupported external)	0.048587923	0.11826525896321982	23.420928	ERROR (unsupported external)	0.050200671	0.09884815802797675	23.453696	ERROR (unsupported external)	0.025269213	0.21092815097654238	9.703424
weaver/parallel-ticket-4.wvr.yml	true	ERROR (unsupported external)	0.024703803	0.15445170202292502	9.822208	ERROR (unsupported external)	0.051916575	0.21542789204977453	23.408640	ERROR (unsupported external)	0.052402849	0.13099673698889092	23.416832	ERROR (unsupported external)	0.025077516	0.20675468601984903	9.687040
weaver/parallel-bakery-2.wvr.yml	true	ERROR (unsupported external)	0.025630013	0.23155286902328953	9.830400	ERROR (unsupported external)	0.049719253	0.059076048026327044	23.539712	ERROR (unsupported external)	0.048020438	0.056475632009096444	23.400448	ERROR (unsupported external)	0.024943738	0.18253434996586293	9.711616
weaver/array-eq-symm.wvr.yml	true	ERROR (compilation)	0.027196535	0.05454481299966574	9.924608	ERROR (compilation)	0.048423067	0.11762589198770002	23.646208	ERROR (compilation)	0.049703784	0.13200035400222987	23.560192	ERROR (compilation)	0.024330852	0.07325846003368497	9.486336
weaver/popl20-mult-equiv.wvr.yml	true	ERROR (compilation)	0.027867783	0.04148498899303377	9.900032	ERROR (compilation)	0.047208555	0.12424233998171985	23.678976	ERROR (compilation)	0.050917452	0.1282140759867616	23.678976	ERROR (compilation)	0.023770922	0.05717017303686589	9.445376
weaver/fibonacci.wvr.yml	true	ERROR (compilation)	0.025493196	0.07778160099405795	9.830400	ERROR (compilation)	0.048330223	0.1754053610493429	23.609344	ERROR (compilation)	0.046495628	0.06262419000267982	23.670784	ERROR (compilation)	0.022441691	0.03534708794904873	9.441280
weaver/popl20-proofs-counter-add-4-semi-Q67.wvr.yml	true	ERROR (compilation)	0.026033893	0.05505850102053955	9.887744	ERROR (compilation)	0.048210159	0.10223353002220392	23.642112	ERROR (compilation)	0.04675184	0.12349025800358504	23.670784	ERROR (compilation)	0.021341348	0.046719390025828034	9.527296
weaver/popl20-mult-4.wvr.yml	true	ERROR (compilation)	0.025350183	0.07366415404248983	9.842688	ERROR (compilation)	0.049460787	0.12134655000409111	23.588864	ERROR (compilation)	0.051700106	0.0995741980150342	23.666688	ERROR (compilation)	0.023520561	0.08260905998758972	9.424896
weaver/chl-time-symm.wvr.yml	true	ERROR (compilation)	0.02509384	0.059107502980623394	9.904128	ERROR (compilation)	0.046881343	0.09726676397258416	23.695360	ERROR (compilation)	0.046581928	0.07166209199931473	23.666688	ERROR (compilation)	0.024448891	0.03641221905127168	9.416704
weaver/chl-file-item-symm.wvr.yml	true	ERROR (compilation)	0.0261857	0.17111806297907606	9.900032	ERROR (compilation)	0.048979755	0.07360145100392401	23.613440	ERROR (compilation)	0.053184348	0.19595882995054126	23.629824	ERROR (compilation)	0.024665619	0.06447731400839984	9.449472
weaver/bench-exp3x3.wvr.yml	true	ERROR (unsupported external)	0.025562843	0.15357898903312162	9.887744	ERROR (unsupported external)	0.051584089	0.16438900702632964	23.482368	ERROR (unsupported external)	0.048805058	0.11924177699256688	23.420928	ERROR (unsupported external)	0.025700108	0.16770572704263031	9.711616
weaver/chl-simpl-str-trans.wvr.yml	true	ERROR (compilation)	0.02500234	0.09610406699357554	9.875456	ERROR (compilation)	0.04845675	0.08339564298512414	23.699456	ERROR (compilation)	0.046655266	0.05578520201379433	23.711744	ERROR (compilation)	0.023735055	0.07271998596843332	9.457664
weaver/popl20-channel-sum.wvr.yml	true	ABORTED	0.028969584	0.2113640729803592	9.756672	ABORTED	0.053395031	0.25243179500102997	23.527424	ABORTED	0.050018954	0.22099511104170233	23.478272	ABORTED	0.02489851	0.14160020096460357	9.728000
weaver/bench-exp2x9.wvr.yml	true	ERROR (unsupported external)	0.025980539	0.19013404101133347	9.883648	ERROR (unsupported external)	0.046702556	0.11955624201800674	23.486464	ERROR (unsupported external)	0.05016898	0.12264600401977077	23.482368	ERROR (unsupported external)	0.027050728	0.14195627003209665	9.707520
weaver/popl20-bad-counter-queue.wvr.yml	false	ABORTED	0.027117291	0.21065809798892587	9.875456	ABORTED	0.047657275	0.2037271730368957	23.511040	ABORTED	0.050706172	0.2079253470292315	23.543808	ABORTED	0.02618129	0.19782001501880586	9.641984
weaver/unroll-2.wvr.yml	true	ERROR (compilation)	0.024382798	0.036919674021191895	9.920512	ERROR (compilation)	0.048425617	0.06672912702197209	23.609344	ERROR (compilation)	0.047879909	0.08975466503761709	23.650304	ERROR (compilation)	0.025531882	0.07531035301508382	9.400320
weaver/test-context1.wvr.yml	true	ERROR (compilation)	0.027884731	0.09131819300819188	9.900032	ERROR (compilation)	0.047158437	0.08139730797847733	23.617536	ERROR (compilation)	0.047015459	0.05730877700261772	23.564288	ERROR (compilation)	0.0241758	0.039306733990088105	9.478144
weaver/popl20-simple-queue.wvr.yml	true	ERROR (compilation)	0.025652509	0.12528009997913614	9.916416	ERROR (compilation)	0.04799747	0.0850230299984105	23.695360	ERROR (compilation)	0.050383246	0.07911907200468704	23.568384	ERROR (compilation)	0.022469352	0.026748737029265612	9.482240
weaver/chl-match-symm.wvr.yml	true	ERROR (compilation)	0.025437194	0.02928728295955807	9.875456	ERROR (compilation)	0.051833676	0.19990597799187526	23.564288	ERROR (compilation)	0.051706846	0.14727393799694255	23.601152	ERROR (compilation)	0.02112858	0.03509552596369758	9.474048
weaver/chl-simpl-str-subst.wvr.yml	true	ERROR (compilation)	0.026443542	0.04023221897659823	9.900032	ERROR (compilation)	0.048138226	0.05251467600464821	23.699456	ERROR (compilation)	0.046151059	0.1517818489810452	23.695360	ERROR (compilation)	0.024183204	0.06986125896219164	9.433088
weaver/popl20-more-sorted.wvr.yml	true	ERROR (compilation)	0.025053382	0.08557315601501614	9.842688	ERROR (compilation)	0.049873084	0.12565221497789025	23.687168	ERROR (compilation)	0.046064904	0.05095706903375685	23.650304	ERROR (compilation)	0.026290026	0.037331726984120905	9.510912
weaver/popl20-more-sum-array-hom.wvr.yml	true	ERROR (compilation)	0.025118288	0.14005347900092602	9.920512	ERROR (compilation)	0.047251771	0.11479027196764946	23.687168	ERROR (compilation)	0.050313847	0.14942705602152273	23.687168	ERROR (compilation)	0.0224892	0.05010606499854475	9.502720
weaver/parallel-ticket-5.wvr.yml	true	ERROR (unsupported external)	0.029115866	0.1710705459699966	9.846784	ERROR (unsupported external)	0.045892463	0.07059637003112584	23.465984	ERROR (unsupported external)	0.047507951	0.06685797101818025	23.523328	ERROR (unsupported external)	0.025661711	0.13516111602075398	9.674752
weaver/unroll-cond-2.wvr.yml	true	ERROR (compilation)	0.024405532	0.07114761299453676	9.850880	ERROR (compilation)	0.046963934	0.05404887901386246	23.601152	ERROR (compilation)	0.051402392	0.13668134703766555	23.580672	ERROR (compilation)	0.022762269	0.10581755702150986	9.441280
weaver/chl-exp-term-symm.wvr.yml	true	ERROR (compilation)	0.025116249	0.09860848798416555	9.920512	ERROR (compilation)	0.050060395	0.13428083597682416	23.617536	ERROR (compilation)	0.048973355	0.0672469119890593	23.621632	ERROR (compilation)	0.024176518	0.049479748995509	9.465856
weaver/popl20-simple-array-sum.wvr.yml	true	ABORTED	0.026475249	0.25801676203263924	9.748480	ABORTED	0.047166391	0.1695284720044583	23.494656	ABORTED	0.049520091	0.23419867700431496	23.523328	ABORTED	0.025328203	0.1972229169914499	9.711616
weaver/popl20-more-array-sum-alt.wvr.yml	false	ABORTED	0.024962599	0.15661500103306025	9.871360	ABORTED	0.052900442	0.3699439070187509	23.478272	ABORTED	0.053665539	0.30833965400233865	23.461888	ABORTED	0.027265998	0.2275701860198751	9.707520
weaver/popl20-more-min-le-max.wvr.yml	true	ERROR (compilation)	0.024516077	0.029555402987170964	9.924608	ERROR (compilation)	0.051481935	0.1208051850553602	23.678976	ERROR (compilation)	0.049667429	0.1508913349825889	23.678976	ERROR (compilation)	0.025484559	0.028238019032869488	9.486336
weaver/unroll-3.wvr.yml	true	ERROR (compilation)	0.026654274	0.08910360699519515	9.900032	ERROR (compilation)	0.047729496	0.11720252799568698	23.617536	ERROR (compilation)	0.048863998	0.13398467004299164	23.560192	ERROR (compilation)	0.023444612	0.05839214997831732	9.510912
weaver/popl20-more-array-sum.wvr.yml	false	ABORTED	0.028647511	0.1684415959753096	9.834496	ABORTED	0.048213482	0.2158491190057248	23.441408	ABORTED	0.054697918	0.282118642993737	23.433216	ABORTED	0.024991018	0.14381183200748637	9.728000
weaver/chl-chromosome-opt-symm.wvr.yml	true	ERROR (compilation)	0.02795529	0.049110152991488576	9.940992	ERROR (compilation)	0.047102005	0.10473530198214576	23.617536	ERROR (compilation)	0.046598669	0.08783761796075851	23.609344	ERROR (compilation)	0.022908211	0.02753238199511543	9.465856
weaver/popl20-more-max-array.wvr.yml	true	ERROR (compilation)	0.02682504	0.159948838991113	9.768960	ERROR (compilation)	0.050719657	0.16072649700799957	23.609344	ERROR (compilation)	0.048273387	0.08454204496229067	23.601152	ERROR (compilation)	0.024813036	0.08028926100814715	9.478144
weaver/popl20-more-min-array.wvr.yml	true	ERROR (compilation)	0.025228205	0.03402422397630289	9.961472	ERROR (compilation)	0.048239469	0.06586715899175033	23.601152	ERROR (compilation)	0.045809802	0.0673919270047918	23.666688	ERROR (compilation)	0.022372166	0.03613981802482158	9.486336
weaver/unroll-4.wvr.yml	true	ERROR (compilation)	0.026596037	0.03752322297077626	9.904128	ERROR (compilation)	0.046798624	0.15275285398820415	23.646208	ERROR (compilation)	0.050838098	0.10852109000552446	23.654400	ERROR (compilation)	0.024803609	0.08389825600897893	9.453568
weaver/popl20-bad-counter-queue2.wvr.yml	true	ERROR (compilation)	0.027144919	0.1419651269679889	9.895936	ERROR (compilation)	0.050211615	0.10411666397703812	23.687168	ERROR (compilation)	0.048140426	0.13982792902970687	23.576576	ERROR (compilation)	0.022092247	0.10770178399980068	9.461760
weaver/popl20-bad-three-array-sum-alt.wvr.yml	true	ERROR (compilation)	0.026314861	0.0915462730336003	9.883648	ERROR (compilation)	0.046556741	0.07698599697323516	23.662592	ERROR (compilation)	0.046645314	0.08922392397653311	23.621632	ERROR (compilation)	0.023941299	0.08953251701314002	9.469952
weaver/bench-exp3x3-opt.wvr.yml	true	ERROR (compilation)	0.027323273	0.035756263008806854	9.928704	ERROR (compilation)	0.046552404	0.09437211503973231	23.625728	ERROR (compilation)	0.046541141	0.08488756499718875	23.638016	ERROR (compilation)	0.024874813	0.05371987196849659	9.531392
weaver/popl20-more-max-array-hom.wvr.yml	true	ERROR (compilation)	0.026876064	0.0592582969693467	9.883648	ERROR (compilation)	0.049799185	0.052550157997757196	23.683072	ERROR (compilation)	0.050930843	0.1459907380049117	23.699456	ERROR (compilation)	0.024324121	0.08244572300463915	9.510912
weaver/popl20-more-min-array-hom.wvr.yml	true	ERROR (compilation)	0.025732098	0.05820019799284637	9.940992	ERROR (compilation)	0.049570025	0.15430487296544015	23.666688	ERROR (compilation)	0.052020216	0.2083184439688921	23.638016	ERROR (compilation)	0.024138748	0.08657241804758087	9.416704
weaver/parallel-min-max-1.wvr.yml	true	ERROR (unsupported external)	0.024707719	0.19057244702707976	9.908224	ERROR (unsupported external)	0.051212808	0.16410970699507743	23.453696	ERROR (unsupported external)	0.048459934	0.11424403503770009	23.474176	ERROR (unsupported external)	0.024951042	0.14875431504333392	9.732096
weaver/loop-tiling-eq.wvr.yml	true	ERROR (compilation)	0.026626779	0.02954134700121358	9.887744	ERROR (compilation)	0.05191844	0.14905604399973527	23.670784	ERROR (compilation)	0.049375842	0.11964714498026296	23.584768	ERROR (compilation)	0.022363417	0.04994902200996876	9.486336
weaver/chl-array-int-symm.wvr.yml	true	ERROR (compilation)	0.027828709	0.07524118898436427	9.871360	ERROR (compilation)	0.048202168	0.10137704195221886	23.642112	ERROR (compilation)	0.047303922	0.13700372801395133	23.707648	ERROR (compilation)	0.023065052	0.02892945898929611	9.424896
weaver/unroll-cond-3.wvr.yml	true	ERROR (compilation)	0.028394969	0.08817759400699288	9.904128	ERROR (compilation)	0.04806593	0.2160789129557088	23.646208	ERROR (compilation)	0.048340941	0.09629488503560424	23.572480	ERROR (compilation)	0.02242017	0.053505368006881326	9.478144
weaver/unroll-5.wvr.yml	true	ERROR (compilation)	0.024982593	0.04730169498361647	9.863168	ERROR (compilation)	0.048008488	0.11826927098445594	23.662592	ERROR (compilation)	0.049060947	0.11409758997615427	23.629824	ERROR (compilation)	0.025196173	0.10023144702427089	9.420800
weaver/popl20-send-receive-alt.wvr.yml	true	ERROR (compilation)	0.025097298	0.049691160034853965	9.895936	ERROR (compilation)	0.046295947	0.10716678499011323	23.654400	ERROR (compilation)	0.047700784	0.1773979039862752	23.691264	ERROR (compilation)	0.024283667	0.06773002701811492	9.539584
weaver/popl20-more-vector-add.wvr.yml	true	ERROR (compilation)	0.025882072	0.02926663198741153	9.871360	ERROR (compilation)	0.050748254	0.18837887002155185	23.621632	ERROR (compilation)	0.0483534	0.08863349701277912	23.638016	ERROR (compilation)	0.025938323	0.040091514005325735	9.453568
weaver/popl20-threaded-sum-3.wvr.yml	true	ERROR (compilation)	0.025811481	0.043560100020840764	9.846784	ERROR (compilation)	0.053261634	0.23564157000510022	23.674880	ERROR (compilation)	0.05108484	0.14016098901629448	23.609344	ERROR (compilation)	0.02155305	0.03652978898026049	9.482240
weaver/parallel-ticket-6.wvr.yml	true	ERROR (unsupported external)	0.026220514	0.20629355002893135	9.891840	ERROR (unsupported external)	0.048295259	0.07397482602391392	23.494656	ERROR (unsupported external)	0.048267322	0.1275164010003209	23.539712	ERROR (unsupported external)	0.023551049	0.18855032097781077	9.654272
weaver/popl20-counter-fun.wvr.yml	true	ERROR (compilation)	0.025577525	0.08246089500607923	9.879552	ERROR (compilation)	0.049004737	0.1865493260556832	23.560192	ERROR (compilation)	0.045910625	0.13985546195181087	23.674880	ERROR (compilation)	0.022061459	0.07131124200532213	9.416704
weaver/chl-file-item-trans.wvr.yml	true	ERROR (compilation)	0.026422728	0.09677027200814337	9.875456	ERROR (compilation)	0.046935833	0.18789236998418346	23.703552	ERROR (compilation)	0.048832723	0.11073568201391026	23.617536	ERROR (compilation)	0.025288988	0.1044599559972994	9.498624
weaver/popl20-more-array-sum-alt2.wvr.yml	true	ERROR (compilation)	0.025296621	0.08436752198031172	9.900032	ERROR (compilation)	0.047475104	0.1608370119938627	23.678976	ERROR (compilation)	0.047095352	0.10382223600754514	23.662592	ERROR (compilation)	0.023443449	0.04843194899149239	9.502720
weaver/popl20-queue-add-2.wvr.yml	true	ERROR (compilation)	0.025153635	0.05043848499190062	9.900032	ERROR (compilation)	0.047278495	0.19140992901520804	23.662592	ERROR (compilation)	0.047423595	0.06048676400678232	23.703552	ERROR (compilation)	0.023060911	0.028943569981493056	9.461760
weaver/popl20-min-max-inc.wvr.yml	true	ABORTED	0.02625403	0.21046405902598053	9.912320	ABORTED	0.049631509	0.24747464898973703	23.531520	ABORTED	0.051624162	0.268360827001743	23.511040	ABORTED	0.027054706	0.16089981596451253	9.736192
weaver/popl20-min-max-dec.wvr.yml	true	ABORTED	0.027132063	0.24935405398719013	9.895936	ABORTED	0.053053996	0.2767945780069567	23.519232	ABORTED	0.055023306	0.3194915999774821	23.494656	ABORTED	0.026014786	0.18799474695697427	9.670656
weaver/popl20-more-mts.wvr.yml	true	ERROR (compilation)	0.027863965	0.12582440197002143	9.904128	ERROR (compilation)	0.050700085	0.09785345697309822	23.564288	ERROR (compilation)	0.049322022	0.14405560900922865	23.605248	ERROR (compilation)	0.023987179	0.0492863180115819	9.498624
weaver/chl-time-trans.wvr.yml	true	ERROR (compilation)	0.02750973	0.1554330229992047	9.932800	ERROR (compilation)	0.049449493	0.16429586301092058	23.683072	ERROR (compilation)	0.044662024	0.1153821159969084	23.678976	ERROR (compilation)	0.024121189	0.08113885996863246	9.531392
weaver/parallel-misc-5.wvr.yml	true	ERROR (compilation)	0.024452618	0.08562487701419741	9.945088	ERROR (compilation)	0.046609716	0.1538608269765973	23.650304	ERROR (compilation)	0.046075029	0.1437951210536994	23.588864	ERROR (compilation)	0.0237414	0.07225908199325204	9.531392
weaver/array-eq-trans.wvr.yml	true	ERROR (compilation)	0.02610713	0.056815304968040437	9.863168	ERROR (compilation)	0.047506923	0.14309846400283277	23.633920	ERROR (compilation)	0.049580797	0.08333324501290917	23.711744	ERROR (compilation)	0.023996363	0.030091587046626955	9.609216
weaver/chl-time-subst.wvr.yml	true	ERROR (compilation)	0.024434823	0.047881971986498684	9.945088	ERROR (compilation)	0.044549238	0.11419246898731217	23.658496	ERROR (compilation)	0.046718137	0.053252350946422666	23.674880	ERROR (compilation)	0.02583737	0.0329386200173758	9.482240
weaver/popl20-three-array-sum.wvr.yml	true	ERROR (compilation)	0.026101776	0.04698367300443351	9.846784	ERROR (compilation)	0.050808754	0.10764423402724788	23.650304	ERROR (compilation)	0.050026955	0.09761407901532948	23.666688	ERROR (compilation)	0.023167585	0.026399825990665704	9.396224
weaver/popl20-more-array-sum2.wvr.yml	true	ERROR (compilation)	0.023948021	0.046975409029982984	9.945088	ERROR (compilation)	0.04965439	0.06706698599737138	23.687168	ERROR (compilation)	0.04592421	0.0892925210064277	23.728128	ERROR (compilation)	0.026327914	0.09743242303375155	9.506816
weaver/unroll-cond-4.wvr.yml	true	ERROR (compilation)	0.026531794	0.08349546603858471	9.867264	ERROR (compilation)	0.052974414	0.1733838799991645	23.625728	ERROR (compilation)	0.047650267	0.10356293403310701	23.588864	ERROR (compilation)	0.02365274	0.06634638999821618	9.433088
weaver/chl-match-trans.wvr.yml	true	ERROR (compilation)	0.024745071	0.04642213601619005	9.953280	ERROR (compilation)	0.050042783	0.13608110597124323	23.654400	ERROR (compilation)	0.050301656	0.15305701398756355	23.629824	ERROR (compilation)	0.024792093	0.0641097939806059	9.510912
weaver/chl-collitem-symm.wvr.yml	true	ERROR (compilation)	0.025851952	0.12352244998328388	9.871360	ERROR (compilation)	0.046938244	0.09872595901833847	23.699456	ERROR (compilation)	0.049086455	0.13544358703074977	23.638016	ERROR (compilation)	0.022716301	0.040133895992767066	9.441280
weaver/chl-chromosome-symm.wvr.yml	true	ERROR (compilation)	0.027618712	0.07305720099247992	9.850880	ERROR (compilation)	0.045504213	0.09614127298118547	23.683072	ERROR (compilation)	0.045593601	0.11846021504607052	23.715840	ERROR (compilation)	0.020914716	0.05211368401069194	9.412608
weaver/chl-word-symm.wvr.yml	true	ERROR (compilation)	0.025907611	0.10226886800955981	9.871360	ERROR (compilation)	0.046649704	0.15382548497291282	23.654400	ERROR (compilation)	0.051783759	0.16597305302275345	23.646208	ERROR (compilation)	0.024522332	0.06329252297291532	9.523200
weaver/popl20-more-queue-add-2-nl.wvr.yml	true	ERROR (compilation)	0.025545966	0.09984258195618168	9.883648	ERROR (compilation)	0.047983559	0.13651840202510357	23.711744	ERROR (compilation)	0.048234753	0.15462329296860844	23.662592	ERROR (compilation)	0.025708826	0.05992023798171431	9.490432
weaver/chl-file-item-subst.wvr.yml	true	ERROR (compilation)	0.026645565	0.05937442200956866	9.920512	ERROR (compilation)	0.050543955	0.13601362297777086	23.617536	ERROR (compilation)	0.048973536	0.19344911799998954	23.703552	ERROR (compilation)	0.023678567	0.04454845900181681	9.482240
weaver/chl-match-subst.wvr.yml	true	ERROR (compilation)	0.025633247	0.10072637302801013	9.875456	ERROR (compilation)	0.048533857	0.17084304901072755	23.695360	ERROR (compilation)	0.048585946	0.21123736799927428	23.699456	ERROR (compilation)	0.024751648	0.05117920000338927	9.502720
weaver/chl-array-int-trans.wvr.yml	true	ERROR (compilation)	0.025685085	0.08420550904702395	9.936896	ERROR (compilation)	0.051360078	0.16785615001572296	23.715840	ERROR (compilation)	0.051875707	0.26735617697704583	23.695360	ERROR (compilation)	0.023262338	0.054405760020017624	9.523200
weaver/parallel-ticket-7.wvr.yml	true	ERROR (unsupported external)	0.025366619	0.21964073699200526	9.785344	ERROR (unsupported external)	0.053102056	0.18083807203220204	23.474176	ERROR (unsupported external)	0.049727446	0.26025109499460086	23.429120	ERROR (unsupported external)	0.025630774	0.3512911740108393	9.695232
weaver/popl20-min-max-inc-dec.wvr.yml	true	ABORTED	0.027481691	0.23721384204691276	9.916416	ABORTED	0.050150335	0.27865636901697144	23.486464	ABORTED	0.051085297	0.28204962401650846	23.568384	ABORTED	0.026641443	0.1945529929944314	9.752576
weaver/parallel-misc-1.wvr.yml	true	ABORTED	0.026978615	0.1843690100358799	9.920512	ABORTED	0.051766605	0.3972721149912104	23.515136	ABORTED	0.050438067	0.23930682701757178	23.433216	ABORTED	0.026005384	0.2531577440095134	9.723904
weaver/popl20-more-dec-subseq.wvr.yml	true	ERROR (compilation)	0.023550632	0.027403183979913592	9.875456	ERROR (compilation)	0.04961532	0.14601039700210094	23.638016	ERROR (compilation)	0.049324122	0.0942464749678038	23.691264	ERROR (compilation)	0.024362019	0.11213477497221902	9.474048
weaver/popl20-more-inc-subseq.wvr.yml	true	ERROR (compilation)	0.022865797	0.028122975025326014	9.846784	ERROR (compilation)	0.048035667	0.07603737397585064	23.687168	ERROR (compilation)	0.050563768	0.1609804420149885	23.654400	ERROR (compilation)	0.021973711	0.03667619201587513	9.437184
weaver/chl-exp-term-subst.wvr.yml	true	ERROR (compilation)	0.024114643	0.0461336380103603	9.879552	ERROR (compilation)	0.05038021	0.10768088698387146	23.601152	ERROR (compilation)	0.047679344	0.16124830598710105	23.568384	ERROR (compilation)	0.022751145	0.08203272899845615	9.478144
weaver/chl-array-int-subst.wvr.yml	true	ERROR (compilation)	0.026672004	0.08933705202070996	9.908224	ERROR (compilation)	0.052168544	0.16089910798473284	23.609344	ERROR (compilation)	0.052169157	0.20040129800327122	23.592960	ERROR (compilation)	0.023425791	0.07582167501095682	9.543680
weaver/unroll-cond-5.wvr.yml	true	ERROR (compilation)	0.025345062	0.07340548298088834	9.912320	ERROR (compilation)	0.048478392	0.14472401497187093	23.605248	ERROR (compilation)	0.048235398	0.18606128002284095	23.687168	ERROR (compilation)	0.023386533	0.07475970598170534	9.445376
weaver/popl20-three-array-min.wvr.yml	true	ERROR (compilation)	0.023863902	0.03915850701741874	9.936896	ERROR (compilation)	0.045431314	0.09178343502571806	23.678976	ERROR (compilation)	0.047222786	0.05393596499925479	23.666688	ERROR (compilation)	0.026098024	0.08225030900212005	9.494528
weaver/popl20-two-queue.wvr.yml	true	ERROR (compilation)	0.023717709	0.02775115700205788	9.908224	ERROR (compilation)	0.046620267	0.10510297695873305	23.678976	ERROR (compilation)	0.051599748	0.1019713039859198	23.638016	ERROR (compilation)	0.025699857	0.1199721570010297	9.523200
weaver/popl20-three-array-max.wvr.yml	true	ERROR (compilation)	0.027725983	0.09544802596792579	9.875456	ERROR (compilation)	0.051767431	0.10900147102074698	23.683072	ERROR (compilation)	0.051362555	0.1413510839920491	23.662592	ERROR (compilation)	0.025934707	0.0553416259936057	9.486336
weaver/parallel-lamport.wvr.yml	true	ABORTED	0.027929221	0.1783184800297022	9.801728	ABORTED	0.054199556	0.2651884690276347	23.506944	ABORTED	0.051890273	0.2486188350012526	23.441408	ABORTED	0.026686804	0.2515253630117513	9.703424
weaver/popl20-bad-dot-product.wvr.yml	true	ERROR (compilation)	0.026319146	0.050263342971447855	9.932800	ERROR (compilation)	0.051837719	0.13874593999935314	23.683072	ERROR (compilation)	0.04997379	0.1492550530238077	23.638016	ERROR (compilation)	0.021481142	0.03684091300237924	9.531392
weaver/popl20-prod-cons.wvr.yml	true	ERROR (compilation)	0.027220834	0.11291145201539621	9.818112	ERROR (compilation)	0.049696932	0.14208147500175983	23.605248	ERROR (compilation)	0.050437561	0.1311413310468197	23.658496	ERROR (compilation)	0.023834634	0.09896018600557	9.502720
weaver/parallel-barrier.wvr.yml	true	ERROR (unsupported external)	0.025085821	0.21315169503213838	9.773056	ERROR (unsupported external)	0.051400242	0.16989758901763707	23.527424	ERROR (unsupported external)	0.050589355	0.15719681099290028	23.535616	ERROR (unsupported external)	0.026904031	0.19498217501677573	9.719808
weaver/popl20-more-multiply-verify.wvr.yml	true	ERROR (compilation)	0.025302999	0.05121730198152363	9.904128	ERROR (compilation)	0.048432854	0.11353369505377486	23.658496	ERROR (compilation)	0.053522324	0.08405337802832946	23.707648	ERROR (compilation)	0.023838607	0.07113047898747027	9.490432
weaver/test-hard1.wvr.yml	true	ERROR (compilation)	0.023315967	0.028290617046877742	9.895936	ERROR (compilation)	0.04686475	0.13448902900563553	23.683072	ERROR (compilation)	0.05087753	0.1201395730022341	23.613440	ERROR (compilation)	0.024271813	0.09834217000752687	9.437184
weaver/popl20-send-receive.wvr.yml	true	ERROR (compilation)	0.024835637	0.06381587899522856	9.900032	ERROR (compilation)	0.049513417	0.09240969899110496	23.724032	ERROR (compilation)	0.04900674	0.15225806302623823	23.687168	ERROR (compilation)	0.024853391	0.0672815489815548	9.453568
weaver/parallel-ticket-8.wvr.yml	true	ERROR (unsupported external)	0.026419671	0.14727614796720445	9.883648	ERROR (unsupported external)	0.05240744	0.15733035799348727	23.511040	ERROR (unsupported external)	0.04924154	0.12096066301455721	23.547904	ERROR (unsupported external)	0.027338025	0.20954337704461068	9.662464
weaver/chl-chromosome-trans.wvr.yml	true	ERROR (compilation)	0.025375182	0.05469090800033882	9.920512	ERROR (compilation)	0.047296439	0.1150068329880014	23.646208	ERROR (compilation)	0.047165559	0.08042738400399685	23.638016	ERROR (compilation)	0.023876175	0.0584410370211117	9.461760
weaver/chl-chromosome-subst.wvr.yml	true	ERROR (compilation)	0.027486263	0.03552576102083549	9.850880	ERROR (compilation)	0.047758469	0.07070359803037718	23.678976	ERROR (compilation)	0.045155596	0.049962584977038205	23.617536	ERROR (compilation)	0.023821556	0.09752878901781514	9.510912
weaver/chl-word-trans.wvr.yml	true	ERROR (compilation)	0.026076254	0.06842165999114513	9.879552	ERROR (compilation)	0.052304536	0.13327670498983935	23.666688	ERROR (compilation)	0.050710762	0.16709603101480752	23.695360	ERROR (compilation)	0.022946583	0.032787330041173846	9.486336
weaver/parallel-bakery-3.wvr.yml	true	ERROR (unsupported external)	0.026996108	0.1464034229866229	9.953280	ERROR (unsupported external)	0.05270346	0.13609662395901978	23.527424	ERROR (unsupported external)	0.052408391	0.1625795370200649	23.527424	ERROR (unsupported external)	0.028299498	0.22178349999012426	9.768960
weaver/popl20-bad-dot-product-alt.wvr.yml	true	ERROR (compilation)	0.029511927	0.13853767298860475	9.826304	ERROR (compilation)	0.04950469	0.1275599889922887	23.613440	ERROR (compilation)	0.050080398	0.09186223201686516	23.654400	ERROR (compilation)	0.026576308	0.028165210038423538	9.449472
weaver/chl-collitem-trans.wvr.yml	true	ERROR (compilation)	0.024515218	0.07177826098632067	9.977856	ERROR (compilation)	0.051361564	0.0991848330013454	23.580672	ERROR (compilation)	0.050814717	0.17315361503278837	23.703552	ERROR (compilation)	0.023470399	0.06163822999224067	9.519104
weaver/chl-word-subst.wvr.yml	true	ERROR (compilation)	0.02779369	0.133425707987044	9.928704	ERROR (compilation)	0.05053996	0.09501370700309053	23.699456	ERROR (compilation)	0.046639239	0.1162722609587945	23.687168	ERROR (compilation)	0.021681079	0.07427425298374146	9.494528
weaver/chl-collitem-subst.wvr.yml	true	ERROR (compilation)	0.023147614	0.0530690629966557	9.949184	ERROR (compilation)	0.046515615	0.09736141801113263	23.638016	ERROR (compilation)	0.048149568	0.08542819099966437	23.613440	ERROR (compilation)	0.02696392	0.06655468203825876	9.515008
weaver/popl20-queue-add-3.wvr.yml	true	ERROR (compilation)	0.025636681	0.09519013203680515	9.863168	ERROR (compilation)	0.051541998	0.10655726498225704	23.687168	ERROR (compilation)	0.046090629	0.10989733802853152	23.703552	ERROR (compilation)	0.026864358	0.0964848079602234	9.506816
weaver/popl20-horseshoe.wvr.yml	true	ERROR (compilation)	0.027062621	0.11598756100283936	9.928704	ERROR (compilation)	0.048205328	0.17463750700699165	23.601152	ERROR (compilation)	0.050993428	0.08632075501373038	23.683072	ERROR (compilation)	0.022677585	0.04156997601967305	9.400320
weaver/parallel-barrier-loop.wvr.yml	false	ERROR (unsupported external)	0.027798442	0.2336309640086256	9.920512	ERROR (unsupported external)	0.051859908	0.14786962297512218	23.543808	ERROR (unsupported external)	0.052586052	0.21961908496450633	23.461888	ERROR (unsupported external)	0.026016411	0.2010796829708852	9.732096
weaver/popl20-more-queue-add-3-nl.wvr.yml	true	ERROR (compilation)	0.025294344	0.05709941399982199	9.875456	ERROR (compilation)	0.04620536	0.12313730898313224	23.670784	ERROR (compilation)	0.048749277	0.18326021102257073	23.638016	ERROR (compilation)	0.024539663	0.07925482996506616	9.494528
weaver/chl-node-symm.wvr.yml	true	ERROR (compilation)	0.026140725	0.06427205901127309	9.928704	ERROR (compilation)	0.051608239	0.1206740050110966	23.621632	ERROR (compilation)	0.050599068	0.0931008150218986	23.699456	ERROR (compilation)	0.022993787	0.07367518899263814	9.555968
weaver/parallel-parallel-sum-1.wvr.yml	true	ERROR (compilation)	0.025271993	0.04497204901417717	9.859072	ERROR (compilation)	0.046445874	0.08258679998107255	23.678976	ERROR (compilation)	0.050415002	0.07397560501703992	23.605248	ERROR (compilation)	0.024277145	0.032994182955008	9.482240
weaver/parallel-parallel-sum-equiv.wvr.yml	true	ERROR (compilation)	0.02588314	0.07205067801987752	9.879552	ERROR (compilation)	0.047226951	0.06722384400200099	23.678976	ERROR (compilation)	0.048116503	0.11562440899433568	23.703552	ERROR (compilation)	0.023105401	0.08211626502452418	9.433088
weaver/popl20-bad-ring.wvr.yml	true	ERROR (compilation)	0.02605987	0.11553826200542971	9.904128	ERROR (compilation)	0.053153284	0.21543247299268842	23.670784	ERROR (compilation)	0.04597294	0.14391246798913926	23.650304	ERROR (compilation)	0.025978992	0.11795477999839932	9.568256
weaver/chl-name-comparator-symm.wvr.yml	true	ERROR (compilation)	0.025150157	0.11503868299769238	9.834496	ERROR (compilation)	0.047880146	0.10096463898662478	23.654400	ERROR (compilation)	0.050460817	0.12985497602494434	23.633920	ERROR (compilation)	0.025874012	0.09249705099500716	9.469952
weaver/popl20-prod-cons3.wvr.yml	true	ERROR (compilation)	0.027007595	0.0303618679754436	9.936896	ERROR (compilation)	0.052737179	0.22445609600981697	23.597056	ERROR (compilation)	0.052864866	0.15159330202732235	23.588864	ERROR (compilation)	0.022694966	0.037778862984851	9.416704
weaver/popl20-bad-ring-nondet.wvr.yml	true	ERROR (compilation)	0.026731015	0.11093958397395909	9.850880	ERROR (compilation)	0.046382774	0.09874998201848939	23.609344	ERROR (compilation)	0.049066926	0.05544310301775113	23.674880	ERROR (compilation)	0.02624455	0.03105470002628863	9.515008
weaver/popl20-more-buffer-mult2.wvr.yml	true	ERROR (compilation)	0.026863736	0.10633724299259484	9.912320	ERROR (compilation)	0.052497461	0.17587608698522672	23.715840	ERROR (compilation)	0.048137714	0.14895798498764634	23.613440	ERROR (compilation)	0.022971828	0.027880291978362948	9.478144
weaver/popl20-bad-buffer-mult-alt2.wvr.yml	true	ERROR (compilation)	0.027398984	0.09656807297142223	9.945088	ERROR (compilation)	0.04671218	0.12154949898831546	23.703552	ERROR (compilation)	0.05086353	0.13219176704296842	23.711744	ERROR (compilation)	0.027127551	0.09940538101363927	9.433088
weaver/popl20-more-buffer-mult.wvr.yml	true	ERROR (compilation)	0.025162169	0.03366383002139628	9.871360	ERROR (compilation)	0.046575486	0.12304254499031231	23.678976	ERROR (compilation)	0.046766749	0.07501632499042898	23.695360	ERROR (compilation)	0.02460432	0.05239079298917204	9.474048
weaver/popl20-more-buffer-mult3.wvr.yml	false	ERROR (compilation)	0.025949679	0.04132263996871188	9.895936	ERROR (compilation)	0.052918575	0.18947135499911383	23.621632	ERROR (compilation)	0.052002249	0.1377338250167668	23.691264	ERROR (compilation)	0.025391542	0.062464112997986376	9.531392
weaver/popl20-more-buffer-series2.wvr.yml	true	ERROR (compilation)	0.024382757	0.02888384397374466	9.957376	ERROR (compilation)	0.051548539	0.17843421100405976	23.592960	ERROR (compilation)	0.050234423	0.12817846599500626	23.724032	ERROR (compilation)	0.028637144	0.12375470600090921	9.433088
weaver/chl-node-trans.wvr.yml	true	ERROR (compilation)	0.027768286	0.08614326501265168	9.949184	ERROR (compilation)	0.047740244	0.09702861303230748	23.666688	ERROR (compilation)	0.04994287	0.16760438500205055	23.711744	ERROR (compilation)	0.023047069	0.03933952801162377	9.457664
weaver/parallel-parallel-sum-2.wvr.yml	true	ERROR (compilation)	0.026599163	0.09188600198831409	9.949184	ERROR (compilation)	0.054521494	0.23493946401868016	23.691264	ERROR (compilation)	0.052311503	0.1336223300313577	23.658496	ERROR (compilation)	0.023213255	0.06435290101217106	9.498624
weaver/chl-node-subst.wvr.yml	true	ERROR (compilation)	0.025603137	0.08476881100796163	9.932800	ERROR (compilation)	0.048738152	0.16711578401736915	23.642112	ERROR (compilation)	0.048364264	0.1938865109696053	23.617536	ERROR (compilation)	0.023622033	0.02881758101284504	9.453568
weaver/popl20-bad-buffer-mult-alt.wvr.yml	true	ERROR (compilation)	0.028580467	0.08180912700481713	9.912320	ERROR (compilation)	0.047372161	0.1317580970353447	23.625728	ERROR (compilation)	0.052433399	0.25913672702154145	23.683072	ERROR (compilation)	0.025152103	0.046064477995969355	9.486336
weaver/popl20-bad-buffer-mult-alt3.wvr.yml	false	ERROR (compilation)	0.025939426	0.07067269302206114	9.834496	ERROR (compilation)	0.050022935	0.16409103001933545	23.646208	ERROR (compilation)	0.052887452	0.11603803199250251	23.654400	ERROR (compilation)	0.023897772	0.05383019300643355	9.515008
weaver/popl20-more-buffer-series.wvr.yml	true	ERROR (compilation)	0.026014072	0.04735932598123327	9.883648	ERROR (compilation)	0.051048316	0.12397256499389187	23.695360	ERROR (compilation)	0.048130058	0.1409853950026445	23.719936	ERROR (compilation)	0.026495526	0.1042569899582304	9.437184
weaver/popl20-more-buffer-series3.wvr.yml	false	ERROR (compilation)	0.026734339	0.05005912797059864	9.940992	ERROR (compilation)	0.05175252	0.26116616604849696	23.662592	ERROR (compilation)	0.047831605	0.1099376639467664	23.601152	ERROR (compilation)	0.023122753	0.0933712680125609	9.551872
weaver/parallel-parallel-sum-1-dsl.wvr.yml	true	ERROR (compilation)	0.026891445	0.14825426903553307	9.809920	ERROR (compilation)	0.04981332	0.17681378201814368	23.633920	ERROR (compilation)	0.050126599	0.14039717998821288	23.658496	ERROR (compilation)	0.02283707	0.11302795802475885	9.502720
weaver/popl20-commit-1.wvr.yml	true	ERROR (compilation)	0.028062236	0.037662621994968504	9.887744	ERROR (compilation)	0.049290691	0.19554586498998106	23.703552	ERROR (compilation)	0.04945824	0.19090151297859848	23.691264	ERROR (compilation)	0.028950282	0.10652245802339166	9.539584
weaver/parallel-bakery-4.wvr.yml	true	ERROR (unsupported external)	0.027673253	0.16117431997554377	9.965568	ERROR (unsupported external)	0.053523794	0.2061077409889549	23.707648	ERROR (unsupported external)	0.053401258	0.18762077897554263	23.711744	ERROR (unsupported external)	0.026050172	0.16657396097434685	9.867264
weaver/popl20-prod-cons-eq.wvr.yml	true	ERROR (compilation)	0.025899079	0.0907988459803164	9.814016	ERROR (compilation)	0.050608403	0.24823854101123288	23.650304	ERROR (compilation)	0.047413518	0.13591974001610652	23.654400	ERROR (compilation)	0.023881948	0.08411365799838677	9.486336
weaver/chl-name-comparator-trans.wvr.yml	true	ERROR (compilation)	0.026084265	0.04859804594889283	9.986048	ERROR (compilation)	0.050035636	0.12502870900789276	23.695360	ERROR (compilation)	0.050520853	0.13313334999838844	23.674880	ERROR (compilation)	0.025711463	0.07073751103598624	9.531392
weaver/chl-name-comparator-subst.wvr.yml	true	ERROR (compilation)	0.025131983	0.05541786103276536	9.981952	ERROR (compilation)	0.047114545	0.1873955909977667	23.719936	ERROR (compilation)	0.050071103	0.1728947829687968	23.617536	ERROR (compilation)	0.024435352	0.11169541598064825	9.547776
weaver/chl-nzb-file-symm.wvr.yml	true	ERROR (compilation)	0.027437718	0.06488379801157862	9.854976	ERROR (compilation)	0.05038443	0.1450102270464413	23.728128	ERROR (compilation)	0.048297266	0.1362430719891563	23.597056	ERROR (compilation)	0.024562067	0.07476684497669339	9.445376
weaver/popl20-bad-commit-1.wvr-bad.yml	true	ERROR (compilation)	0.028606099	0.056811437010765076	9.891840	ERROR (compilation)	0.047811213	0.15882335603237152	23.703552	ERROR (compilation)	0.047289364	0.1743027219781652	23.670784	ERROR (compilation)	0.024372237	0.07369437400484458	9.539584
weaver/popl20-commit-2.wvr.yml	true	ERROR (compilation)	0.028085355	0.0480973559897393	9.924608	ERROR (compilation)	0.049434965	0.19755924603668973	23.744512	ERROR (compilation)	0.049698689	0.18044596398249269	23.617536	ERROR (compilation)	0.023082179	0.049088275991380215	9.519104
weaver/chl-nzb-file-trans.wvr.yml	true	ERROR (compilation)	0.02818771	0.13567275303648785	9.949184	ERROR (compilation)	0.049671505	0.18554195604519919	23.621632	ERROR (compilation)	0.048396264	0.09467148699332029	23.658496	ERROR (compilation)	0.024912089	0.07162060699192807	9.515008
weaver/popl20-bad-commit-2.wvr-bad.yml	true	ERROR (compilation)	0.026258301	0.07812888798071072	9.908224	ERROR (compilation)	0.047127579	0.09751210600370541	23.674880	ERROR (compilation)	0.047855558	0.13243422703817487	23.654400	ERROR (compilation)	0.025269927	0.08078143803868443	9.506816
weaver/chl-nzb-file-subst.wvr.yml	true	ERROR (compilation)	0.0299183	0.14342791796661913	9.912320	ERROR (compilation)	0.045003962	0.124080601031892	23.678976	ERROR (compilation)	0.04875174	0.15665896999416873	23.687168	ERROR (compilation)	0.026424405	0.10390802199253812	9.531392
weaver/chl-poker-hand-symm.wvr.yml	true	ERROR (compilation)	0.029034161	0.1026975570130162	9.920512	ERROR (compilation)	0.054353468	0.26897713396465406	23.744512	ERROR (compilation)	0.047795416	0.1366811019834131	23.781376	ERROR (compilation)	0.027260057	0.10329462500521913	9.539584
weaver/chl-poker-hand-trans.wvr.yml	true	ERROR (compilation)	0.028155784	0.06204884999897331	10.014720	ERROR (compilation)	0.049664835	0.1342133249854669	23.838720	ERROR (compilation)	0.05004828	0.13644130999455228	23.834624	ERROR (compilation)	0.024492173	0.04854089400032535	9.613312
weaver/chl-poker-hand-subst.wvr.yml	true	ERROR (compilation)	0.028337492	0.05408464599167928	10.006528	ERROR (compilation)	0.048811493	0.1026869629858993	23.752704	ERROR (compilation)	0.053329429	0.19250929198460653	23.769088	ERROR (compilation)	0.025247791	0.062453406979329884	9.666560
pthread-ext/28_buggy_simple_loop1_vf.yml	false	ERROR (unsupported external)	0.028055023	0.2578916230122559	10.174464	ERROR (unsupported external)	0.056435653	0.2550496159819886	24.121344	ERROR (unsupported external)	0.050845654	0.11672466795425862	24.084480	TIMEOUT	9.906413997	41.2881605370203	1369.223168
pthread-atomic/read_write_lock-1.yml	true	ERROR (compilation)	0.026668582	0.04921242001000792	9.871360	ERROR (compilation)	0.047816418	0.10408506297972053	23.670784	ERROR (compilation)	0.054433046	0.16901025403058156	23.601152	ERROR (compilation)	0.025097669	0.12333564599975944	9.482240
pthread-ext/14_spin2003.yml	true	true	0.02773585	0.14008294499944896	10.117120	true	0.051276656	0.14254829700803384	24.145920	true	0.053701409	0.1775270689977333	24.100864	TIMEOUT	9.246007702	41.33167843800038	1397.362688
pthread-ext/29_conditionals_vs.yml	true	true	0.026792953	0.06729428697144613	10.137600	true	0.054955686	0.19327657902613282	24.092672	true	0.054032358	0.1961481159669347	24.043520	TIMEOUT	10.354664571	35.60311588697368	1606.459392
pthread-ext/48_ticket_lock_low_contention_vs-pthread.yml	true	true	0.026909673	0.08828028402058408	10.080256	true	0.052992928	0.1239498850191012	24.137728	true	0.051228888	0.13964647700777277	24.141824	TIMEOUT	7.066266872	41.21576676797122	733.036544
pthread-ext/46_monabsex2_vs.yml	true	true	0.027239678	0.031671117001678795	10.137600	true	0.052814214	0.1810532989911735	24.104960	true	0.050985604	0.14635492803063244	24.084480	TIMEOUT	10.149308881	39.50466942496132	1485.250560
pthread-ext/45_monabsex1_vs.yml	true	true	0.025861888	0.06061519798822701	10.153984	true	0.057246693	0.30073256499599665	24.158208	true	0.05205735	0.19911358098033816	24.133632	TIMEOUT	10.360014647	35.850654762994964	1515.470848
pthread-divine/tls_destructor_worker.yml	false	ERROR (compilation)	0.027044334	0.11195601901272312	10.092544	ERROR (compilation)	0.050022944	0.12828463001642376	23.875584	ERROR (compilation)	0.048408266	0.2090867180377245	23.896064	ERROR (compilation)	0.025426773	0.05293086898745969	9.695232
pthread-ext/31_simple_loop5_vs.yml	true	TIMEOUT	9.211475566	41.533467728993855	3944.321024	TIMEOUT	10.256606832	31.798796394024976	24.768512	TIMEOUT	9.852698113	41.02097126404988	24.158208	TIMEOUT	10.084583129	30.646877755003516	1089.572864
pthread/stateful01-1.yml	false	false(unreach-call)	0.026923587	0.04313267901306972	10.133504	false(unreach-call)	0.053581547	0.15496040199650452	24.199168	false(unreach-call)	0.052977369	0.12231549195712432	24.260608	false(unreach-call)	0.025882348	0.10763057396980003	9.580544
pthread/stateful01-2.yml	true	true	0.0266606	0.06570212601218373	10.100736	true	0.057070006	0.23378164903260767	24.223744	true	0.053370031	0.22416243300540373	24.248320	true	0.024453689	0.03763663995778188	9.666560
pthread-atomic/time_var_mutex.yml	true	true	0.026920492	0.053938211989589036	10.133504	true	0.054373647	0.2068172669969499	24.170496	true	0.052828513	0.19619965297169983	24.203264	true	0.02516226	0.06307975604431704	9.637888
pthread-ext/01b_inc.yml	true	true	0.027814508	0.10163166798884049	10.088448	true	0.051856253	0.21026976499706507	24.100864	true	0.051856197	0.17394599603721872	24.100864	TIMEOUT	10.240789003	28.569103613030165	1631.133696
pthread-ext/40_barrier_vf.yml	false	ERROR (compilation)	0.0293121	0.040928023983724415	10.125312	ERROR (compilation)	0.05337075	0.1952583949896507	23.883776	ERROR (compilation)	0.051297808	0.2653964350465685	23.797760	ERROR (compilation)	0.025040746	0.05270568100968376	9.613312
pthread/triangular-1.yml	true	true	1.200383051	3.138861851999536	10.379264	true	7.942428775	31.794589015014935	24.207360	true	1.258468646	3.958991595020052	24.170496	true	2.740145978	10.922339063021354	24.629248
pthread/triangular-2.yml	false	false(unreach-call)	0.670348048	2.329486917005852	10.362880	false(unreach-call)	4.189648277	16.549335071991663	24.223744	false(unreach-call)	0.753514631	4.378890986961778	24.199168	false(unreach-call)	0.119044374	0.33101409999653697	23.781376
pthread-ext/09_fmaxsym-zero.yml	true	ABORTED	0.027790973	0.21787615097127855	10.158080	ABORTED	0.053879284	0.2556211560149677	24.125440	ABORTED	0.050900795	0.3264556229696609	24.109056	TIMEOUT	9.264756701	41.32443129300373	1330.671616
pthread/triangular-longer-1.yml	true	TIMEOUT	10.092655193	37.22032249101903	10.706944	TIMEOUT	10.309690619	35.685068562976085	24.240128	TIMEOUT	6.161110663	40.82516328198835	24.207360	TIMEOUT	10.032158981	30.037696934014093	9.764864
pthread-ext/35_double_lock_p3_vs.yml	true	ERROR (unsupported external)	0.027159983	0.21211226301966235	10.104832	ERROR (unsupported external)	0.052882173	0.15355666901450604	24.113152	ERROR (unsupported external)	0.052988416	0.18029139598365873	24.133632	TIMEOUT	7.378539179	41.40018943196628	1090.637824
pthread/triangular-longest-1.yml	true	TIMEOUT	10.265696448	35.38643682003021	12.451840	TIMEOUT	10.048115616	30.046041008958127	39.424000	TIMEOUT	10.096025243	39.225233047036454	68.915200	TIMEOUT	8.529429973	41.0363111589686	9.805824
pthread/triangular-longer-2.yml	false	TIMEOUT	7.340310949	41.013946902996395	10.657792	TIMEOUT	10.044252725	34.90362722199643	24.211456	TIMEOUT	7.855802907	41.02017269702628	24.244224	TIMEOUT	10.152066255	25.316526847018395	9.875456
pthread/triangular-longest-2.yml	false	TIMEOUT	9.822672234	41.01140313403448	12.439552	TIMEOUT	10.261822214	26.933185097994283	40.075264	TIMEOUT	10.385375405	35.76687747699907	71.979008	TIMEOUT	10.269481828	35.80093561700778	9.883648
pthread-ext/02_inc_cas.yml	true	true	0.0283873	0.08597837702836841	10.072064	true	0.059305859	0.16674097697250545	24.141824	true	0.053745787	0.13932759198360145	24.129536	TIMEOUT	8.254744602	40.520184897992294	1144.938496
pthread-ext/36_stack_cas_p0_vs_concur.yml	true	ERROR (unsupported external)	0.029682659	0.25792924501001835	10.092544	ERROR (unsupported external)	0.059144736	0.17480401799548417	24.133632	ERROR (unsupported external)	0.057849827	0.21255948900943622	24.117248	TIMEOUT	7.396641917	41.262920667999424	757.776384
goblint-regression/28-race_reach_21-deref_read_racing.yml	false	TIMEOUT	10.207328563	35.34100173000479	438.677504	TIMEOUT	9.450795139	40.38259668601677	38.580224	TIMEOUT	7.157706834	41.01566728996113	24.207360	TIMEOUT	7.719644802	40.88535889796913	444.321792
pthread-ext/18_read_write_lock.yml	true	ERROR (compilation)	0.027967445	0.1488528280169703	9.801728	ERROR (compilation)	0.055667478	0.2851827149861492	23.699456	ERROR (compilation)	0.049256501	0.12303908896865323	23.707648	ERROR (compilation)	0.026640097	0.07694834301946685	9.420800
pthread-ext/11_fmaxsymopt-zero.yml	true	ABORTED	0.026010789	0.17925560200819746	10.141696	ABORTED	0.054167721	0.288365050975699	24.125440	ABORTED	0.051896858	0.2578675340046175	24.141824	TIMEOUT	7.969533254	40.42655766598182	1221.189632
pthread-ext/09_fmaxsym.yml	true	ABORTED	0.025428778	0.17880266899010167	10.170368	ABORTED	0.055214661	0.30795746902003884	24.088576	ABORTED	0.052970802	0.23119422001764178	24.027136	TIMEOUT	9.388912021	41.56185670901323	1360.015360
pthread-ext/48_ticket_lock_low_contention_vs.yml	true	true	0.026319991	0.06609910598490387	10.055680	true	0.059026411	0.28477732196915895	24.117248	true	0.055568662	0.20139696600381285	24.150016	TIMEOUT	10.485983224	33.483695066999644	1508.581376
goblint-regression/28-race_reach_22-deref_read_racefree.yml	true	TIMEOUT	6.747320677	41.11245213099755	434.958336	TIMEOUT	7.033654596	41.01654327096185	34.365440	TIMEOUT	10.11975036	30.89605262700934	26.591232	TIMEOUT	8.157181859	41.12058532499941	444.657664
goblint-regression/28-race_reach_37-indirect_racing.yml	false	TIMEOUT	10.098047281	29.88517420203425	439.164928	TIMEOUT	7.931787829	41.01821963099064	36.388864	TIMEOUT	7.162434022	41.04056195501471	24.219648	TIMEOUT	7.622274765	41.16837353701703	444.579840
goblint-regression/28-race_reach_45-escape_racing.yml	false	false(unreach-call)	0.026915194	0.05667800595983863	10.141696	false(unreach-call)	0.056546895	0.20602693199180067	24.219648	false(unreach-call)	0.05401875	0.10549315699608997	24.219648	false(unreach-call)	0.027700041	0.10553988598985597	9.674752
goblint-regression/28-race_reach_46-escape_racefree.yml	true	true	0.028053089	0.06785882799886167	10.158080	true	0.054404858	0.1958290750044398	24.199168	true	0.053625087	0.1165780570008792	24.207360	true	0.024835871	0.04042637499514967	9.613312
pthread-ext/39_rand_lock_p0_vs.yml	true	ERROR (unsupported external)	0.027721209	0.2463975030113943	10.031104	ERROR (unsupported external)	0.054466283	0.18807114596711472	24.113152	ERROR (unsupported external)	0.052187789	0.11087629798566923	24.051712	TIMEOUT	10.270792549	28.095761525968555	1658.417152
pthread-ext/37_stack_lock_p0_vs_concur.yml	true	ERROR (unsupported external)	0.029959017	0.2542731679859571	10.059776	ERROR (unsupported external)	0.051872606	0.14286303200060502	24.080384	ERROR (unsupported external)	0.052896195	0.13275658403290436	24.174592	TIMEOUT	10.18186415	34.49205029796576	1063.092224
goblint-regression/28-race_reach_41-trylock_racefree.yml	true	TIMEOUT	10.289845548	35.75340440199943	438.444032	TIMEOUT	10.12010832	28.90421588497702	41.140224	TIMEOUT	9.04627847	41.02929794299416	25.444352	false(unreach-call)	3.908430009	13.420321562967729	467.689472
goblint-regression/28-race_reach_05-lockfuns_racefree.yml	true	TIMEOUT	10.113945319	26.458448830991983	438.775808	TIMEOUT	8.39720782	40.3711943780072	37.158912	TIMEOUT	10.144541139	25.476364308036864	27.418624	TIMEOUT	10.229223221	31.85515109100379	446.431232
goblint-regression/28-race_reach_36-indirect_racefree.yml	true	TIMEOUT	10.231450546	28.861236574011855	439.058432	TIMEOUT	8.353786964	41.015903262014035	36.913152	TIMEOUT	9.187528008	41.03367745899595	25.219072	TIMEOUT	10.130219779	25.899068984028418	446.558208
pthread-ext/11_fmaxsymopt.yml	true	ABORTED	0.02629543	0.1734351739869453	10.178560	ABORTED	0.057440135	0.3720289680059068	24.076288	ABORTED	0.05567132	0.24572494201129302	24.080384	TIMEOUT	8.615762718	41.304103466973174	1251.803136
goblint-regression/28-race_reach_01-simple_racing.yml	false	TIMEOUT	10.083554838	27.01378817803925	439.111680	TIMEOUT	9.101205163	41.013272545998916	38.617088	TIMEOUT	5.901731258	41.0298576670466	24.240128	TIMEOUT	8.301969048	41.11164258403005	444.760064
goblint-regression/28-race_reach_02-simple_racefree.yml	true	TIMEOUT	8.588386086	41.174557091027964	436.768768	TIMEOUT	10.26919825	35.81356005300768	39.931904	TIMEOUT	10.068707059	30.15833417698741	26.525696	TIMEOUT	9.569937144	41.033678316976875	445.595648
goblint-regression/28-race_reach_11-ptr_racing.yml	false	TIMEOUT	7.739597163	41.12639437901089	435.494912	TIMEOUT	7.746747135	41.02316761104157	35.885056	TIMEOUT	8.06712168	41.03903848602204	24.457216	TIMEOUT	10.374304447	38.99460786796408	446.070784
goblint-regression/28-race_reach_12-ptr_racefree.yml	true	TIMEOUT	7.369249615	41.14585469895974	435.335168	TIMEOUT	10.214637348	29.937911782995798	40.787968	TIMEOUT	10.170031101	29.890591109986417	26.845184	TIMEOUT	9.981511866	41.07721729500918	445.603840
pthread-divine/tls_basic.yml	true	ERROR (compilation)	0.026185169	0.04566474794410169	10.051584	ERROR (compilation)	0.050012536	0.12838249001652002	23.900160	ERROR (compilation)	0.050899474	0.10735081002349034	23.871488	ERROR (compilation)	0.029694317	0.10002777504269034	9.699328
pthread-deagle/circular_buffer_bad.yml	false	false(unreach-call)	0.030999468	0.09660169098060578	10.186752	false(unreach-call)	0.056716001	0.2380793450283818	24.182784	false(unreach-call)	0.057498256	0.13741656800266355	24.281088	false(unreach-call)	0.028321711	0.0385300749912858	9.768960
pthread/fib_safe-5.yml	true	true	0.548760117	2.1542311779921874	11.497472	true	4.261202349	12.748832690005656	24.182784	true	1.441934855	5.7227388570318	24.166400	true	0.936943499	4.563092119002249	33.579008
pthread/fib_safe-6.yml	true	true	2.593690297	12.94206468295306	11.939840	TIMEOUT	10.045740239	25.34469379100483	26.124288	true	7.000622435	20.98537287901854	25.432064	true	4.549000765	13.634668904007412	122.523648
pthread/fib_safe-7.yml	true	TIMEOUT	8.508209623	41.02359878801508	12.742656	TIMEOUT	10.40355593	32.5903578849975	56.516608	TIMEOUT	10.140886294	30.86995855398709	54.943744	TIMEOUT	10.279855484	28.23456297395751	503.771136
pthread/fib_unsafe-5.yml	false	false(unreach-call)	0.256520525	1.004138452000916	11.476992	false(unreach-call)	1.532722224	7.593671818030998	24.113152	false(unreach-call)	0.577396471	1.4270829610177316	24.129536	false(unreach-call)	0.213106366	0.8231676740106195	32.706560
pthread/fib_unsafe-6.yml	false	false(unreach-call)	1.097951286	4.375953681010287	12.066816	false(unreach-call)	8.488127504	33.908566221012734	25.874432	false(unreach-call)	2.799532132	11.996786265983246	24.199168	false(unreach-call)	0.95787177	3.8090650200028904	118.509568
pthread/fib_unsafe-7.yml	false	false(unreach-call)	5.001854668	28.52797543402994	12.730368	TIMEOUT	7.687632253	41.01260183402337	54.009856	TIMEOUT	10.094260016	29.1609615359921	54.939648	false(unreach-call)	4.463924836	18.98504324798705	503.640064
pthread/fib_safe-10.yml	true	TIMEOUT	8.134410107	40.27598993200809	12.795904	TIMEOUT	10.068638135	25.354360468045343	73.728000	TIMEOUT	7.460333452	41.06581652601017	96.989184	TIMEOUT	10.061674897	33.15512644301634	9.969664
pthread/fib_safe-11.yml	true	TIMEOUT	10.121316369	40.69867825001711	13.299712	TIMEOUT	10.271787043	33.31139077298576	68.898816	TIMEOUT	9.369561728	40.99788819695823	112.336896	TIMEOUT	10.176216801	25.784755290020257	9.998336
pthread/fib_safe-12.yml	true	TIMEOUT	10.300722217	32.71540804405231	13.856768	TIMEOUT	10.029054836	33.423241003009025	66.277376	TIMEOUT	7.487620877	41.024071867985185	89.407488	TIMEOUT	10.325830523	24.153615216957405	10.027008
pthread/fib_unsafe-10.yml	false	TIMEOUT	10.068143988	29.400550178950652	12.812288	TIMEOUT	6.586701845	41.04701961099636	49.491968	TIMEOUT	7.755201951	41.06587870500516	98.680832	TIMEOUT	10.210781475	26.12471199099673	9.973760
pthread/fib_unsafe-11.yml	false	TIMEOUT	6.645058149	40.560055428009946	13.303808	TIMEOUT	7.899225817	41.01595471298788	56.336384	TIMEOUT	10.230655515	31.306746741000097	127.037440	TIMEOUT	10.376413379	29.5298537890194	9.957376
pthread/fib_unsafe-12.yml	false	TIMEOUT	10.288856279	29.63351288001286	13.840384	TIMEOUT	10.121176308	33.30487363104476	67.649536	TIMEOUT	6.443536366	41.04134208196774	78.422016	TIMEOUT	8.97134738	41.02688738098368	10.055680
goblint-regression/28-race_reach_40-trylock_racing.yml	false	ABORTED	1.43372903	5.101639366999734	10.723328	ABORTED	1.473930404	3.96726815396687	24.264704	ABORTED	1.503544583	9.047593042021617	24.264704	ABORTED	0.041653981	0.20528605696745217	19.050496
goblint-regression/28-race_reach_24-sound_lock_racing.yml	false	TIMEOUT	10.118822351	32.52626810100628	438.493184	TIMEOUT	10.151173431	30.684022886969615	40.685568	TIMEOUT	9.87459365	40.457062325032894	26.222592	TIMEOUT	10.103600412	37.2657658290118	445.915136
goblint-regression/28-race_reach_51-mutexptr_racefree.yml	true	TIMEOUT	10.070037791	33.11027882195776	439.328768	TIMEOUT	10.15569404	25.31624804600142	40.787968	TIMEOUT	8.024202497	41.02133637899533	24.547328	TIMEOUT	10.395294266	24.965277377981693	446.971904
pthread-ext/03_incdec.yml	true	ERROR (unsupported external)	0.028490724	0.18930155999260023	10.174464	ERROR (unsupported external)	0.051741992	0.12212769000325352	24.068096	ERROR (unsupported external)	0.056414642	0.23279844399075955	24.121344	TIMEOUT	10.325315385	24.157683695026208	1700.110336
pthread/lazy01.yml	false	false(unreach-call)	0.028553285	0.12746722402516752	10.129408	false(unreach-call)	0.055479053	0.2015156580018811	24.236032	false(unreach-call)	0.056014916	0.15862270502839237	24.150016	false(unreach-call)	0.027119773	0.09325098199769855	9.560064
pthread-deagle/circular_buffer_ok.yml	true	true	0.647528166	1.849326561030466	10.833920	true	2.957228195	14.600380195013713	24.219648	true	1.44046475	5.0199217069894075	24.264704	true	0.4613441	1.36449840903515	9.744384
goblint-regression/28-race_reach_19-callback_racing.yml	false	TIMEOUT	8.945133844	41.13070446596248	436.191232	TIMEOUT	9.677061927	40.16157102002762	39.043072	TIMEOUT	8.193554042	41.03548379597487	24.739840	TIMEOUT	10.19937326	27.471563263970893	445.124608
goblint-regression/28-race_reach_20-callback_racefree.yml	true	TIMEOUT	10.052929598	27.211700259009376	437.538816	TIMEOUT	8.165886694	41.02983700594632	36.122624	TIMEOUT	10.286211665	31.672167835000437	26.906624	TIMEOUT	7.701618524	41.20767469203565	443.867136
pthread-ext/04_incdec_cas.yml	true	ERROR (unsupported external)	0.028744817	0.20708498201565817	10.084352	ERROR (unsupported external)	0.053474733	0.17820552201010287	24.125440	ERROR (unsupported external)	0.060259576	0.2786215539672412	24.203264	TIMEOUT	10.216780287	31.478550692962017	1569.550336
goblint-regression/28-race_reach_23-sound_unlock_racing.yml	false	ABORTED	1.442169299	7.308517772995401	10.752000	ABORTED	1.464734445	4.480698655999731	24.236032	ABORTED	1.502305332	4.9363812080118805	24.301568	ABORTED	0.042065121	0.2678078309982084	19.042304
goblint-regression/28-race_reach_03-munge_racing.yml	false	TIMEOUT	10.347871388	32.604455285007134	709.414912	TIMEOUT	10.307238519	38.44337464799173	39.079936	TIMEOUT	10.211082959	39.589370511996094	25.661440	TIMEOUT	10.187916969	28.94142033503158	1297.776640
goblint-regression/28-race_reach_04-munge_racefree.yml	true	TIMEOUT	10.018737453	41.196914791013114	646.893568	TIMEOUT	7.574828389	41.02248864097055	33.845248	TIMEOUT	8.653580799	41.01770026300801	24.223744	TIMEOUT	10.268883283	33.90920979104703	1260.355584
goblint-regression/28-race_reach_09-ptrmunge_racing.yml	false	TIMEOUT	10.303002032	33.18250139901647	701.435904	TIMEOUT	10.237665543	36.319667828967795	39.096320	TIMEOUT	9.138883508	40.99070397095056	24.920064	TIMEOUT	10.356409187	35.231443828961346	1215.905792
goblint-regression/28-race_reach_10-ptrmunge_racefree.yml	true	TIMEOUT	7.746806628	41.20170155598316	467.423232	TIMEOUT	10.181944617	24.90213536605006	39.493632	TIMEOUT	10.255091538	26.681713387020864	26.226688	TIMEOUT	7.476539583	41.29631566704484	875.380736
goblint-regression/28-race_reach_61-invariant_racing.yml	false	TIMEOUT	10.048704832	27.32483067997964	437.346304	TIMEOUT	10.217314775	39.81996629101923	40.927232	TIMEOUT	10.225183235	25.806353669962846	27.459584	TIMEOUT	9.46600185	40.518505304993596	444.760064
goblint-regression/28-race_reach_60-invariant_racefree.yml	true	TIMEOUT	10.115561249	40.56848394003464	437.661696	TIMEOUT	9.18307707	40.2415573039907	38.658048	TIMEOUT	10.164722152	29.39370445901295	27.459584	TIMEOUT	10.4043846	28.886138710018713	445.267968
pthread-atomic/read_write_lock-2.yml	false	ERROR (17)	0.02766406	0.03912999801104888	10.145792	ABORTED	0.059805137	0.31378176499856636	24.158208	false(unreach-call)	0.060626949	0.1722450089873746	24.276992	ABORTED	0.030756302	0.21330867300275713	9.797632
pthread-lit/qw2004-2b.yml	false	ABORTED	0.030456161	0.21543320204364136	10.235904	ABORTED	0.057165269	0.27045733702834696	24.219648	ABORTED	0.055384541	0.19718491699313745	24.203264	ABORTED	0.025948642	0.1699270679964684	9.744384
pthread-ext/26_stack_cas.yml	true	ERROR (unsupported external)	0.027504665	0.15178618801292032	10.211328	ERROR (unsupported external)	0.054146585	0.1344457759987563	24.186880	ERROR (unsupported external)	0.055030831	0.09788272803416476	24.166400	TIMEOUT	8.816704825	40.57079521100968	1205.919744
pthread-ext/26_stack_cas_longer-2.yml	true	ERROR (unsupported external)	0.032752791	0.17051555204670876	10.137600	ERROR (unsupported external)	0.058897226	0.1333637679927051	24.182784	ERROR (unsupported external)	0.061033718	0.11042460601311177	24.227840	TIMEOUT	10.149177161	30.168359975970816	1542.520832
pthread-ext/26_stack_cas_longest-2.yml	true	ERROR (unsupported external)	0.080328933	0.47532093699555844	10.174464	ERROR (unsupported external)	0.108068986	0.42466798098757863	24.240128	ERROR (unsupported external)	0.111390667	0.3404227489954792	24.137728	TIMEOUT	10.430336929	30.322710732987616	1584.955392
pthread-ext/26_stack_cas_longer-1.yml	false	ERROR (unsupported external)	0.034888664	0.2631399519741535	10.092544	ERROR (unsupported external)	0.058838195	0.13262655801372603	24.133632	ERROR (unsupported external)	0.063019428	0.16918483097106218	24.195072	TIMEOUT	10.370270971	36.06456827803049	1525.825536
pthread-ext/26_stack_cas_longest-1.yml	false	ERROR (unsupported external)	0.079032596	0.48411912296433	10.166272	ERROR (unsupported external)	0.107513063	0.4105875860550441	24.195072	ERROR (unsupported external)	0.109436704	0.30741878697881475	24.117248	TIMEOUT	6.205087849	40.513570181967225	846.680064
pthread-ext/25_stack.yml	true	ERROR (unsupported external)	0.029036207	0.20591789099853486	10.145792	ERROR (unsupported external)	0.054789492	0.19476914894767106	24.125440	ERROR (unsupported external)	0.056862412	0.14083873201161623	24.215552	TIMEOUT	10.128705672	25.169350948999636	1524.240384
pthread-ext/25_stack_longer-2.yml	true	ERROR (unsupported external)	0.036343362	0.25666740199085325	10.125312	ERROR (unsupported external)	0.057352644	0.1518737360020168	24.100864	ERROR (unsupported external)	0.060785571	0.13334740500431508	24.207360	TIMEOUT	10.167881906	28.12857164500747	1561.325568
pthread-ext/25_stack_longest-1.yml	true	ERROR (unsupported external)	0.077992323	0.3399146390147507	10.141696	ERROR (unsupported external)	0.107210509	0.3980254400521517	24.158208	ERROR (unsupported external)	0.109394399	0.21871811896562576	24.150016	TIMEOUT	10.342570967	34.10286848503165	1588.969472
pthread-ext/25_stack_longer-1.yml	false	ERROR (unsupported external)	0.032396159	0.19891482702223584	10.149888	ERROR (unsupported external)	0.057574788	0.15560620505129918	24.121344	ERROR (unsupported external)	0.059911538	0.15137580799637362	24.096768	TIMEOUT	10.167296971	30.02327405300457	1582.239744
pthread-ext/25_stack_longest-2.yml	false	ERROR (unsupported external)	0.079940442	0.46745312301209196	10.133504	ERROR (unsupported external)	0.106248946	0.39356114401016384	24.211456	ERROR (unsupported external)	0.111512444	0.338391380966641	24.174592	TIMEOUT	9.887749441	41.21579813596327	1532.411904
pthread-ext/08_rand_cas.yml	true	ERROR (unsupported external)	0.028285426	0.16387466801097617	10.203136	ERROR (unsupported external)	0.058672709	0.17645686399191618	24.084480	ERROR (unsupported external)	0.054849135	0.10012891999213025	24.145920	TIMEOUT	10.192141655	38.9155105400132	1597.538304
goblint-regression/28-race_reach_42-trylock2_racefree.yml	true	TIMEOUT	8.076617058	40.42786878999323	436.826112	TIMEOUT	10.118736638	29.628802712017205	40.579072	TIMEOUT	9.530791842	41.02938381099375	25.665536	false(unreach-call)	3.774705955	13.191059998993296	467.742720
pthread-wmm/safe029_tso.yml	true	ABORTED	0.030403273	0.23486029397463426	10.067968	ABORTED	0.059274044	0.28092562401434407	24.129536	ABORTED	0.057533205	0.19442369299940765	24.113152	ABORTED	0.028661281	0.1807170799584128	9.592832
pthread-wmm/safe010_tso.yml	true	ABORTED	0.028480269	0.17286119901109487	10.170368	ABORTED	0.056451586	0.27937670703977346	24.252416	ABORTED	0.055364014	0.24792664998676628	24.174592	ABORTED	0.025623082	0.17013278999365866	9.715712
pthread-wmm/safe033_tso.yml	true	ABORTED	0.028843458	0.16785871697356924	10.203136	ABORTED	0.058663249	0.32336031598970294	24.104960	ABORTED	0.055930945	0.2037584439967759	24.109056	ABORTED	0.026490206	0.1977821520413272	9.740288
pthread-wmm/safe022_tso.yml	true	ABORTED	0.031828211	0.24462344200583175	10.158080	ABORTED	0.056267793	0.2533924989984371	24.141824	ABORTED	0.05801134	0.2556420140317641	24.211456	ABORTED	0.025575763	0.16520195198245347	9.760768
pthread-wmm/safe006_pso.oepc_pso.opt_tso.oepc_tso.opt-thin000_pso.oepc_pso.opt_tso.oepc_tso.opt.yml	true	ABORTED	0.03054146	0.20243844797369093	10.125312	ABORTED	0.056102401	0.24210709100589156	24.207360	ABORTED	0.059696852	0.24191454600077122	24.150016	ABORTED	0.02523886	0.16220193199114874	9.814016
pthread-wmm/safe036.yml	true	ABORTED	0.029801945	0.21191355399787426	10.125312	ABORTED	0.057028066	0.29121193900937214	24.219648	ABORTED	0.057077272	0.22561214095912874	24.133632	ABORTED	0.025540359	0.17132370703620836	9.711616
pthread-wmm/safe030_tso.yml	true	ABORTED	0.031882313	0.221253082039766	10.113024	ABORTED	0.057877349	0.24622780503705144	24.195072	ABORTED	0.057175975	0.24050456995610148	24.121344	ABORTED	0.029670487	0.1975547000183724	9.752576
pthread-wmm/safe017_tso.yml	true	ABORTED	0.028478158	0.1804581399774179	10.149888	ABORTED	0.058804387	0.3170088470214978	24.231936	ABORTED	0.058963112	0.303568456962239	24.215552	ABORTED	0.028058212	0.18646625301335007	9.609216
pthread-wmm/safe011_tso.yml	true	ABORTED	0.028815827	0.16095079004298896	10.219520	ABORTED	0.05721712	0.2249252000474371	24.182784	ABORTED	0.058591288	0.2684160930220969	24.113152	ABORTED	0.026334588	0.15800431498792022	9.773056
pthread-wmm/safe026_tso.yml	true	ABORTED	0.028593485	0.1609169960138388	10.076160	ABORTED	0.056014126	0.26162590796593577	24.166400	ABORTED	0.058372415	0.19626214302843437	24.223744	ABORTED	0.02668409	0.17446770600508898	9.711616
pthread-atomic/peterson.yml	true	ERROR (17)	0.027296321	0.04542835499159992	10.137600	true	0.056221176	0.15206466300878674	24.125440	false(unreach-call)	0.058701085	0.14312286803033203	24.190976	true	0.02909538	0.05224084295332432	9.949184
pthread-wmm/safe009_pso.oepc_pso.opt_tso.oepc_tso.opt.yml	true	ABORTED	0.029315288	0.1871475499938242	10.186752	ABORTED	0.053784378	0.22926406702026725	24.145920	ABORTED	0.056604906	0.22676662699086592	24.199168	ABORTED	0.029097784	0.19124698999803513	9.695232
pthread-wmm/safe031_tso.yml	true	ABORTED	0.028363649	0.13577777199679986	10.223616	ABORTED	0.06038304	0.27613746700808406	24.223744	ABORTED	0.054394911	0.23098499700427055	24.240128	ABORTED	0.026615233	0.173373500991147	9.744384
pthread-wmm/safe001_tso.yml	true	ABORTED	0.029260256	0.23490957700414583	10.186752	ABORTED	0.055549362	0.20257509598741308	24.145920	ABORTED	0.056298092	0.19719684100709856	24.252416	ABORTED	0.027945263	0.20900813600746915	9.703424
pthread-wmm/safe004_tso.yml	true	ABORTED	0.027588642	0.13530457601882517	10.223616	ABORTED	0.058010408	0.27072015398880467	24.219648	ABORTED	0.057788394	0.28770554601214826	24.236032	ABORTED	0.026322985	0.16254351200768724	9.773056
pthread-wmm/safe008_tso.yml	true	ABORTED	0.027839612	0.16639781201956794	10.231808	ABORTED	0.056422723	0.20423174102324992	24.145920	ABORTED	0.055396995	0.20124329696409404	24.150016	ABORTED	0.026335252	0.15562251204391941	9.723904
pthread-wmm/safe021_tso.yml	true	ABORTED	0.029132519	0.18413466803031042	10.280960	ABORTED	0.061144304	0.3197014150209725	24.158208	ABORTED	0.053095564	0.20071938895853236	24.236032	ABORTED	0.026686609	0.1426602360443212	9.728000
pthread-wmm/safe020_pso.oepc_pso.opt_tso.oepc_tso.opt.yml	true	ABORTED	0.027866304	0.13778150896541774	10.231808	ABORTED	0.058478843	0.2755526229739189	24.162304	ABORTED	0.06074956	0.2538021149812266	24.240128	ABORTED	0.028812096	0.17938223097007722	9.748480
pthread-wmm/safe018_pso.oepc_pso.opt_tso.oepc_tso.opt.yml	true	ABORTED	0.029982655	0.2162073240033351	10.223616	ABORTED	0.05871418	0.32937083300203085	24.231936	ABORTED	0.055659998	0.2333491839817725	24.129536	ABORTED	0.028478378	0.17066473298473284	9.736192
pthread-wmm/safe013_tso.yml	true	ABORTED	0.028819233	0.17291662603383884	10.227712	ABORTED	0.054667874	0.22188418003497645	24.133632	ABORTED	0.059653123	0.28227853402495384	24.190976	ABORTED	0.027521151	0.20680630195420235	9.728000
pthread-wmm/safe015_pso.oepc_pso.opt_tso.oepc_tso.opt.yml	true	ABORTED	0.028599873	0.16610103397397324	10.248192	ABORTED	0.055974591	0.2540784939774312	24.158208	ABORTED	0.05492616	0.21937945997342467	24.207360	ABORTED	0.02653991	0.15048249304527417	9.736192
pthread-wmm/safe002_tso.yml	true	ABORTED	0.027773084	0.16401898598996922	10.235904	ABORTED	0.053937697	0.25414544297382236	24.236032	ABORTED	0.054071686	0.2041462079505436	24.178688	ABORTED	0.029047693	0.19542934600031003	9.613312
pthread-wmm/safe003_tso.yml	true	ABORTED	0.028314289	0.16961245896527544	10.240000	ABORTED	0.056096164	0.2508128819754347	24.174592	ABORTED	0.056229531	0.2412873079883866	24.137728	ABORTED	0.028855268	0.16809655498946086	9.732096
pthread-wmm/safe012_tso.yml	true	ABORTED	0.027630808	0.16783365805167705	10.211328	ABORTED	0.058158845	0.3374544429825619	24.207360	ABORTED	0.058702781	0.2961940339882858	24.236032	ABORTED	0.026485993	0.16209995798999444	9.752576
pthread-wmm/safe028_pso.oepc_pso.opt_tso.oepc_tso.opt.yml	true	ABORTED	0.032118038	0.23218975099734962	10.113024	ABORTED	0.059011791	0.25855266000144184	24.231936	ABORTED	0.054025858	0.19352581101702526	24.141824	ABORTED	0.027873349	0.16133709205314517	9.736192
pthread-wmm/safe032_tso.yml	true	ABORTED	0.030833609	0.19036069902358577	10.219520	ABORTED	0.057967872	0.34273403900442645	24.195072	ABORTED	0.058700352	0.25809064804343507	24.256512	ABORTED	0.028734251	0.2139719629776664	9.691136
pthread-wmm/safe000_pso.oepc_pso.opt_tso.oepc_tso.opt.yml	true	ABORTED	0.029588531	0.22893146000569686	10.248192	ABORTED	0.056879249	0.21771526901284233	24.121344	ABORTED	0.055824023	0.2574961580103263	24.240128	ABORTED	0.02898333	0.17857858299976215	9.728000
pthread-wmm/safe014_pso.oepc_pso.opt_tso.oepc_tso.opt.yml	true	ABORTED	0.032278064	0.198293358029332	10.240000	ABORTED	0.059053035	0.34924028598470613	24.240128	ABORTED	0.056174122	0.20606448402395472	24.186880	ABORTED	0.025875761	0.15356538398191333	9.740288
pthread-wmm/safe034_tso.yml	true	ABORTED	0.032053938	0.24093184800585732	10.149888	ABORTED	0.055703221	0.2406326070195064	24.227840	ABORTED	0.059816816	0.24106938199838623	24.154112	ABORTED	0.026674092	0.1707653480116278	9.732096
pthread-wmm/safe005_tso.yml	true	ABORTED	0.028199684	0.14693218702450395	10.211328	ABORTED	0.058713718	0.37455721595324576	24.190976	ABORTED	0.056634417	0.25747585197677836	24.240128	ABORTED	0.02744948	0.18755069898907095	9.736192
pthread-wmm/safe023_tso.yml	true	ABORTED	0.027696051	0.1437794619705528	10.227712	ABORTED	0.057024744	0.24981815996579826	24.231936	ABORTED	0.056346893	0.2331867259927094	24.186880	ABORTED	0.027111371	0.17427755100652575	9.740288
pthread-wmm/safe024_tso.yml	true	ABORTED	0.028712999	0.17812223604414612	10.240000	ABORTED	0.056513329	0.24796319101005793	24.227840	ABORTED	0.05761525	0.22233884601155296	24.154112	ABORTED	0.02790247	0.163237355009187	9.748480
pthread-wmm/safe007_pso.oepc_pso.opt_tso.oepc_tso.opt-thin001_pso.oepc_pso.opt_tso.oepc_tso.opt.yml	true	ABORTED	0.029424799	0.14226644701557234	10.203136	ABORTED	0.05642279	0.2635353509685956	24.182784	ABORTED	0.056731526	0.2849299050285481	24.182784	ABORTED	0.026376544	0.15311862202361226	9.699328
pthread-atomic/szymanski.yml	true	ERROR (17)	0.032913562	0.12069563195109367	10.182656	false(unreach-call)	0.058212037	0.09975907602347434	24.240128	true	0.059897733	0.16771255299681798	24.236032	true	0.044177854	0.10788534203311428	10.145792
pthread-wmm/safe025_pso.oepc_pso.opt_tso.oepc_tso.opt.yml	true	ABORTED	0.028438739	0.16896180296316743	10.166272	ABORTED	0.060655315	0.3510423069819808	24.244224	ABORTED	0.05480576	0.1951700109639205	24.186880	ABORTED	0.02779763	0.19260268798097968	9.715712
pthread-wmm/safe037.yml	true	ABORTED	0.030709013	0.22604763903655112	10.108928	ABORTED	0.056497633	0.2899654950015247	24.248320	ABORTED	0.058609875	0.31757310399552807	24.141824	ABORTED	0.025783492	0.16348834102973342	9.744384
pthread-wmm/safe035_pso.oepc_pso.opt_rmo.oepc_rmo.opt_tso.oepc_tso.opt.yml	true	ABORTED	0.028467241	0.1693529650219716	10.223616	ABORTED	0.055143412	0.2545718390028924	24.182784	ABORTED	0.056936761	0.19797490898054093	24.186880	ABORTED	0.027881893	0.21260235900990665	9.670656
pthread-wmm/safe016_pso.oepc_pso.opt_tso.oepc_tso.opt.yml	true	ABORTED	0.031731673	0.21557935199234635	10.190848	ABORTED	0.053780441	0.18957519601099193	24.285184	ABORTED	0.056776845	0.2574090989655815	24.256512	ABORTED	0.029512879	0.18813408800633624	9.752576
pthread-atomic/lamport.yml	true	ERROR (17)	0.032091888	0.1183315750095062	10.076160	true	0.057497889	0.13616939599160105	24.215552	false(unreach-call)	0.057861695	0.10752837697509676	24.182784	true	0.031829263	0.11114809894934297	9.981952
pthread-wmm/safe019_pso.oepc_pso.opt_tso.oepc_tso.opt.yml	true	ABORTED	0.028660751	0.16778945398982614	10.240000	ABORTED	0.054334612	0.24684114300180227	24.264704	ABORTED	0.057311486	0.2877670409507118	24.133632	ABORTED	0.028382015	0.19067573500797153	9.826304
pthread-wmm/safe027_pso.oepc_pso.opt_tso.oepc_tso.opt.yml	true	ABORTED	0.031694552	0.24213666102150455	10.096640	ABORTED	0.054704649	0.3233959980425425	24.166400	ABORTED	0.056164939	0.25581440899986774	24.199168	ABORTED	0.030539756	0.17495875502936542	9.740288
pthread-atomic/dekker.yml	true	ERROR (17)	0.028395716	0.05470216000685468	10.145792	false(unreach-call)	0.052151043	0.1461098769796081	24.186880	true	0.057186847	0.16678581200540066	24.113152	TIMEOUT	10.327124742	20.649857655982487	129.630208
pthread-atomic/dekker-unfair.yml	true	ERROR (17)	0.031002663	0.09054721798747778	10.104832	false(unreach-call)	0.058902931	0.2228246729937382	24.162304	true	0.06187361	0.1487188859609887	24.211456	TIMEOUT	10.085118677	29.319472579983994	127.811584
pthread-wmm/thin002_pso.oepc_pso.opt_tso.oepc_tso.opt.yml	true	ABORTED	0.031230858	0.234827559965197	10.121216	ABORTED	0.053895843	0.2450142580200918	24.182784	ABORTED	0.054844204	0.22473576798802242	24.260608	ABORTED	0.027527323	0.2428444749675691	9.629696
pthread-theta/unwind3-1.yml	false	false(unreach-call)	0.028402425	0.06384844199055806	10.276864	false(unreach-call)	0.05312087	0.16537451598560438	24.330240	false(unreach-call)	0.055289188	0.18010943196713924	24.272896	false(unreach-call)	0.029029511	0.07480053801555187	10.088448
pthread-theta/unwind3-100.yml	false	false(unreach-call)	0.034086252	0.08737980900332332	11.251712	false(unreach-call)	0.067859125	0.21139461698476225	24.272896	false(unreach-call)	0.0810239	0.19920518202707171	24.244224	TIMEOUT	10.104719077	32.19894525699783	89.440256
pthread-theta/unwind3-nondet.yml	false	ABORTED	0.032072805	0.2018306949757971	10.285056	ABORTED	0.054874384	0.27805677702417597	24.276992	ABORTED	0.055586523	0.19771376700373366	24.276992	ABORTED	0.026932083	0.16418269596761093	10.096640
pthread-theta/unwind1-1.yml	false	true	0.029927253	0.12715904699871317	10.301440	true	0.054076566	0.10189381899544969	24.281088	true	0.05463217	0.11603691999334842	24.289280	true	0.029223463	0.14805914199678227	9.920512
pthread-theta/unwind1-100.yml	false	true	0.030903723	0.1367488669930026	10.153984	true	0.054744341	0.15121260797604918	24.334336	true	0.054422736	0.1427204660139978	24.256512	true	0.027524391	0.0771459310199134	10.063872
pthread-theta/exponential-4.yml	true	ERROR (17)	0.029537743	0.11699549300828949	10.350592	TIMEOUT	7.691784395	40.96281498594908	24.256512	false(unreach-call)	0.054831214	0.13764559797709808	24.227840	TIMEOUT	10.32438262	33.554480232996866	36.798464
pthread-theta/exponential-64.yml	true	ERROR (17)	0.173520152	0.8434008180047385	71.544832	TIMEOUT	9.234875116	41.034975928021595	24.268800	false(unreach-call)	0.111866438	0.33496722602285445	24.260608	TIMEOUT	10.693885164	25.365676995017566	1503.207424
pthread-theta/unwind1-nondet.yml	false	ABORTED	0.027838922	0.16808221203973517	10.334208	ABORTED	0.058824069	0.3593682519858703	24.326144	ABORTED	0.053470597	0.22486098197987303	24.354816	ABORTED	0.029003132	0.22012323600938544	10.092544
pthread-theta/exponential-nondet.yml	true	true	0.031145581	0.13505232596071437	10.076160	true	0.051991836	0.13772524398518726	24.309760	true	0.057120635	0.23669749702094123	24.248320	true	0.027212971	0.04047256498597562	10.067968
pthread-theta/unwind2-1.yml	false	ERROR (17)	0.028903259	0.12759973003994673	10.223616	false(unreach-call)	0.054501813	0.14737160503864288	24.363008	false(unreach-call)	0.057153244	0.13198145997012034	24.313856	false(unreach-call)	0.027377231	0.06709350703749806	10.022912
pthread-theta/unwind2-100.yml	false	ERROR (17)	0.030860062	0.09443120495416224	10.309632	false(unreach-call)	0.055581906	0.1489314110367559	24.256512	false(unreach-call)	0.058642521	0.1177909680409357	24.326144	false(unreach-call)	0.029120257	0.13079422898590565	10.100736
pthread-theta/unwind2-nondet.yml	false	ABORTED	0.030085418	0.24633733503287658	10.219520	ABORTED	0.056639361	0.32095678098266944	24.248320	ABORTED	0.060251294	0.29605684196576476	24.317952	ABORTED	0.029670544	0.21726731001399457	9.977856
pthread-ext/43_NetBSD_sysmon_power_sliced-pthread.yml	true	ERROR (compilation)	0.026844814	0.0454953420558013	10.014720	ERROR (compilation)	0.053926708	0.2156996019766666	23.859200	ERROR (compilation)	0.051990805	0.14533635298721492	23.805952	ERROR (compilation)	0.028964131	0.12282795598730445	9.670656
pthread/butterfly.yml	true	ERROR (17)	0.028579353	0.06034441798692569	10.182656	false(unreach-call)	3.33785452	16.953222333977465	24.338432	true	3.906845623	11.433187022979837	24.293376	TIMEOUT	10.229325722	20.31161124695791	10.244096
pthread-theta/wsc.yml	true	ERROR (17)	0.027336264	0.04874299402581528	10.215424	ABORTED	0.054905011	0.3138050370034762	24.211456	ABORTED	0.056273611	0.23115684796357527	24.272896	ABORTED	0.027933834	0.1570284019690007	9.912320
pthread-ext/43_NetBSD_sysmon_power_sliced.yml	true	true	0.033015724	0.1290630929870531	10.170368	true	0.053734983	0.21036218799417838	24.047616	true	0.052945604	0.1296651820302941	24.100864	TIMEOUT	11.09671946	17.35081649996573	1323.651072
pthread-wmm/safe033_power.oepc_power.opt_pso.oepc_pso.opt_rmo.oepc_rmo.opt.yml	false	ABORTED	0.034979225	0.21822030399926007	10.334208	ABORTED	0.062060644	0.37080749502638355	24.432640	ABORTED	0.066234313	0.3174782650312409	24.428544	ABORTED	0.026886287	0.16235453495755792	9.891840
pthread-wmm/mix034_pso.opt_tso.opt.yml	false	ABORTED	0.032845786	0.23725800297688693	10.330112	ABORTED	0.062316691	0.3283131929929368	24.444928	ABORTED	0.061056623	0.2544885770184919	24.489984	ABORTED	0.026733972	0.163453891989775	9.953280
pthread-wmm/rfi004.yml	false	ABORTED	0.037471418	0.2706109110149555	10.428416	ABORTED	0.061794659	0.332747376000043	24.485888	ABORTED	0.063422507	0.29963671404402703	24.436736	ABORTED	0.026636107	0.15296675800345838	9.936896
pthread-wmm/safe029_power.opt_pso.opt_rmo.opt.yml	false	ABORTED	0.031871836	0.1964973409776576	10.469376	ABORTED	0.059841138	0.29968168097548187	24.535040	ABORTED	0.062310651	0.21989318396663293	24.526848	ABORTED	0.029156826	0.19066482997732237	9.928704
pthread-wmm/safe029_power.oepc_pso.oepc_rmo.oepc.yml	false	ABORTED	0.031842657	0.18189347500447184	10.526720	ABORTED	0.061026515	0.2665107210050337	24.412160	ABORTED	0.06146122	0.2203549810219556	24.428544	ABORTED	0.030888785	0.16287500300677493	9.912320
pthread-wmm/rfi003_power.oepc_power.opt_pso.oepc_pso.opt_rmo.oepc_rmo.opt.yml	false	ABORTED	0.02964522	0.16064848599489778	10.461184	ABORTED	0.059795695	0.258559113019146	24.498176	ABORTED	0.061959612	0.29967872297856957	24.449024	ABORTED	0.029159904	0.17947618098696694	9.797632
pthread-wmm/mix054_pso.opt_rmo.opt_tso.oepc_tso.opt.yml	false	ABORTED	0.032383297	0.18907493399456143	10.485760	ABORTED	0.063008546	0.36410188995068893	24.444928	ABORTED	0.063649758	0.24848081299569458	24.399872	ABORTED	0.028986254	0.18786369898589328	9.957376
pthread-wmm/mix054_power.oepc_power.opt_pso.oepc_rmo.oepc.yml	false	ABORTED	0.034476974	0.2534938940079883	10.391552	ABORTED	0.060330343	0.26871422602562234	24.383488	ABORTED	0.065401682	0.26389309600926936	24.485888	ABORTED	0.026791263	0.1589035539655015	10.018816
pthread-wmm/safe010_power.oepc_power.opt_pso.oepc_pso.opt_rmo.oepc_rmo.opt.yml	false	ABORTED	0.03568858	0.2205624509952031	10.424320	ABORTED	0.059518646	0.2733258620137349	24.489984	ABORTED	0.059791542	0.2571297939866781	24.555520	ABORTED	0.027164795	0.16467051999643445	9.986048
pthread-wmm/mix031.opt.yml	false	ABORTED	0.030100627	0.16236531402682886	10.485760	ABORTED	0.06371518	0.35116023698356	24.379392	ABORTED	0.06030065	0.2687131330021657	24.522752	ABORTED	0.027181653	0.16123907099245116	10.006528
pthread-wmm/mix052_pso.opt_rmo.opt_tso.opt.yml	false	ABORTED	0.034472761	0.1519704320235178	10.481664	ABORTED	0.062146151	0.36957331898156554	24.383488	ABORTED	0.061497815	0.21310317696770653	24.395776	ABORTED	0.027771443	0.17755537503398955	9.936896
pthread-wmm/safe022_power.oepc_power.opt_pso.oepc_pso.opt_rmo.oepc_rmo.opt.yml	false	ABORTED	0.034422773	0.22729830699972808	10.350592	ABORTED	0.056980712	0.2574207680299878	24.420352	ABORTED	0.060536741	0.28589592897333205	24.457216	ABORTED	0.027455402	0.15915268700337037	9.973760
pthread-wmm/mix022_power.oepc_power.opt_pso.oepc_pso.opt_rmo.oepc_rmo.opt.yml	false	ABORTED	0.034564294	0.21290680102538317	10.424320	ABORTED	0.06018253	0.270132225996349	24.428544	ABORTED	0.065666675	0.3703133160015568	24.444928	ABORTED	0.029271563	0.18472302798181772	9.977856
pthread-wmm/rfi007_power.oepc_power.opt_pso.oepc_pso.opt_rmo.oepc_rmo.opt.yml	false	ABORTED	0.030243215	0.14602507400559261	10.416128	ABORTED	0.061421598	0.36837025196291506	24.469504	ABORTED	0.059827451	0.2162582300370559	24.530944	ABORTED	0.02650713	0.1563552240259014	10.006528
pthread-wmm/mix048_power.oepc_power.opt_pso.oepc_pso.opt_rmo.oepc_rmo.opt_tso.oepc_tso.opt-podwr000_power.oepc_power.opt_pso.oepc_pso.opt_rmo.oepc_rmo.opt_tso.oepc_tso.opt.yml	false	ABORTED	0.035167353	0.1881660979706794	10.416128	ABORTED	0.061956682	0.29969821200938895	24.436736	ABORTED	0.061521867	0.21811514196451753	24.449024	ABORTED	0.03080827	0.18838186701759696	10.010624
pthread-wmm/safe006_rmo.oepc_rmo.opt-thin000_rmo.oepc_rmo.opt.yml	false	ABORTED	0.031831302	0.20435598801122978	10.346496	ABORTED	0.062598565	0.3608021169784479	24.403968	ABORTED	0.060725474	0.22365193901350722	24.424448	ABORTED	0.025736894	0.13637193699833006	10.006528
pthread-wmm/rfi000_power.opt_pso.opt_rmo.opt.yml	false	ABORTED	0.032097884	0.16516280098585412	10.493952	ABORTED	0.056895135	0.24208228604402393	24.477696	ABORTED	0.06229742	0.2763189359684475	24.526848	ABORTED	0.027020738	0.15942284697666764	10.010624
pthread-wmm/mix041_power.oepc_pso.oepc_rmo.oepc.yml	false	ABORTED	0.034447908	0.24655074602924287	10.366976	ABORTED	0.056262232	0.27377071598311886	24.461312	ABORTED	0.06404	0.33700907102320343	24.514560	ABORTED	0.027136281	0.16247926303185523	9.973760
pthread-wmm/rfi001_power.oepc_pso.oepc_rmo.oepc.yml	false	ABORTED	0.031755652	0.13666344597004354	10.526720	ABORTED	0.062206763	0.26290998194599524	24.522752	ABORTED	0.061774875	0.21512969199102372	24.477696	ABORTED	0.026907448	0.1559626020025462	10.027008
pthread-wmm/safe034_power.oepc_power.opt_pso.oepc_pso.opt_rmo.oepc_rmo.opt.yml	false	ABORTED	0.033161138	0.2161989519954659	10.334208	ABORTED	0.057665336	0.31624541798373684	24.420352	ABORTED	0.061008223	0.26148125901818275	24.412160	ABORTED	0.028665124	0.18293384497519583	9.924608
pthread-wmm/mix041_power.opt_pso.opt_rmo.opt_tso.oepc_tso.opt.yml	false	ABORTED	0.031925865	0.22716654499527067	10.403840	ABORTED	0.061154499	0.3695535699953325	24.436736	ABORTED	0.063609298	0.3150103299994953	24.465408	ABORTED	0.029899406	0.17480880999937654	10.014720
pthread-wmm/rfi001_power.opt_pso.opt_rmo.opt_tso.oepc_tso.opt.yml	false	ABORTED	0.035445523	0.23402483004610986	10.391552	ABORTED	0.065147082	0.39124013198306784	24.428544	ABORTED	0.059980255	0.19938606198411435	24.489984	ABORTED	0.026948195	0.15989731199806556	9.932800
pthread-wmm/mix012_power.oepc_power.opt_pso.oepc_rmo.oepc_rmo.opt_tso.oepc.yml	false	ABORTED	0.031483491	0.16703738301293924	10.510336	ABORTED	0.058198549	0.2708845009910874	24.535040	ABORTED	0.062251385	0.23154432501178235	24.494080	ABORTED	0.028078659	0.15820832998724654	10.010624
pthread-wmm/mix038.opt.yml	false	ABORTED	0.031058885	0.17127818695735186	10.379264	ABORTED	0.059500019	0.25852305098669603	24.408064	ABORTED	0.062912232	0.2839858699589968	24.469504	ABORTED	0.027941719	0.1677351369871758	9.969664
pthread-wmm/mix034_power.oepc_power.opt_pso.oepc_rmo.oepc_rmo.opt_tso.oepc.yml	false	ABORTED	0.035068464	0.20670679601607844	10.383360	ABORTED	0.064463943	0.33169772900873795	24.399872	ABORTED	0.063558721	0.29009266901994124	24.489984	ABORTED	0.026180448	0.15141380100976676	9.965568
pthread-wmm/mix035_pso.opt_tso.opt.yml	false	ABORTED	0.030323084	0.17387250199681148	10.547200	ABORTED	0.059334163	0.20947407599305734	24.408064	ABORTED	0.062604244	0.3122877069981769	24.485888	ABORTED	0.026988621	0.16359450202435255	9.945088
pthread-wmm/safe030_power.opt_pso.opt_rmo.opt.yml	false	ABORTED	0.033143614	0.20353508699918166	10.436608	ABORTED	0.062625755	0.2860616759862751	24.453120	ABORTED	0.063260688	0.29581390001112595	24.518656	ABORTED	0.027532169	0.138662233017385	9.994240
pthread-wmm/mix009.oepc.yml	false	ABORTED	0.031255508	0.1810061099822633	10.530816	ABORTED	0.063748618	0.41268356499494985	24.391680	ABORTED	0.065166706	0.2765523080015555	24.408064	ABORTED	0.026517619	0.15678163297707215	10.006528
pthread-wmm/mix056_power.opt_pso.opt_rmo.opt_tso.oepc_tso.opt.yml	false	ABORTED	0.031943691	0.19997986598173156	10.539008	ABORTED	0.066258099	0.36351408704649657	24.543232	ABORTED	0.059965933	0.259021223988384	24.485888	ABORTED	0.029805678	0.17609167599584907	10.035200
pthread-wmm/mix031.oepc.yml	false	ABORTED	0.03061469	0.1404977049678564	10.543104	ABORTED	0.059593252	0.2119988959748298	24.481792	ABORTED	0.061277188	0.3568814430036582	24.596480	ABORTED	0.027229593	0.16728609497658908	9.973760
pthread-wmm/mix033.opt.yml	false	ABORTED	0.032417437	0.1851369719952345	10.485760	ABORTED	0.061442667	0.2728265440091491	24.530944	ABORTED	0.060671059	0.25473589496687055	24.522752	ABORTED	0.02922885	0.17569862498203292	10.002432
pthread-wmm/safe031_power.opt_pso.opt_rmo.opt.yml	false	ABORTED	0.034996819	0.20900689798872918	10.407936	ABORTED	0.061731878	0.3856571679934859	24.567808	ABORTED	0.063761052	0.32579061604337767	24.461312	ABORTED	0.027594439	0.15896244498435408	9.998336
pthread-wmm/mix053.opt.yml	false	ABORTED	0.032059905	0.14192996197380126	10.489856	ABORTED	0.064500461	0.33395355998072773	24.494080	ABORTED	0.060947399	0.28350703697651625	24.506368	ABORTED	0.02747203	0.12953462899895385	9.953280
pthread-wmm/safe031_power.oepc_pso.oepc_rmo.oepc.yml	false	ABORTED	0.034826636	0.22383196698501706	10.498048	ABORTED	0.058175364	0.23236792400712147	24.498176	ABORTED	0.060681706	0.2851317960303277	24.477696	ABORTED	0.02844811	0.13384892500471324	10.027008
pthread-wmm/mix032.opt.yml	false	ABORTED	0.034410406	0.20250399701762944	10.444800	ABORTED	0.064887531	0.350108073966112	24.465408	ABORTED	0.061824885	0.38964786898577586	24.481792	ABORTED	0.027335233	0.15330345300026238	9.969664
pthread-wmm/mix051_pso.opt_rmo.opt_tso.opt.yml	false	ABORTED	0.032703597	0.18089476297609508	10.551296	ABORTED	0.061066178	0.2644409469794482	24.489984	ABORTED	0.06263998	0.27733315801015124	24.420352	ABORTED	0.027097143	0.12925220298347995	9.920512
pthread-wmm/safe013_power.oepc_power.opt_pso.oepc_pso.opt_rmo.oepc_rmo.opt.yml	false	ABORTED	0.037646722	0.22428768198005855	10.477568	ABORTED	0.062114835	0.4127828910131939	24.477696	ABORTED	0.062486494	0.23067603301024064	24.477696	ABORTED	0.027615911	0.15927807101979852	10.006528
pthread-wmm/safe012_pso.oepc_pso.opt_rmo.opt.yml	false	ABORTED	0.034860938	0.22008672798983753	10.321920	ABORTED	0.061513485	0.32584887399571016	24.510464	ABORTED	0.063056802	0.2835266119800508	24.498176	ABORTED	0.030550534	0.15253189904615283	9.945088
pthread-wmm/safe002_power.opt_pso.oepc_pso.opt_rmo.opt.yml	false	ABORTED	0.033687576	0.21805674798088148	10.383360	ABORTED	0.063291826	0.25750549900112674	24.477696	ABORTED	0.063513951	0.2752258090185933	24.518656	ABORTED	0.027466629	0.1596545710344799	10.006528
pthread-wmm/safe018_rmo.oepc.yml	false	ABORTED	0.033202304	0.1618043719790876	10.485760	ABORTED	0.060160581	0.2523131829802878	24.518656	ABORTED	0.059651794	0.28735232597682625	24.494080	ABORTED	0.028923334	0.18949176697060466	9.998336
pthread-wmm/mix045_power.opt_pso.opt_rmo.opt_tso.oepc_tso.opt.yml	false	ABORTED	0.034361799	0.21632825600681826	10.432512	ABORTED	0.065070321	0.3420513070304878	24.489984	ABORTED	0.060157911	0.2412783699692227	24.559616	ABORTED	0.025402075	0.13573080801870674	10.014720
pthread-wmm/mix025_pso.opt_rmo.opt.yml	false	ABORTED	0.031598693	0.181622959964443	10.366976	ABORTED	0.062777792	0.3126551430323161	24.408064	ABORTED	0.065822726	0.3259949570056051	24.444928	ABORTED	0.031580587	0.15648034901823848	9.990144
pthread-wmm/safe005_power.oepc_power.opt_pso.oepc_pso.opt_rmo.oepc_rmo.opt.yml	false	ABORTED	0.033001515	0.15278770501026884	10.452992	ABORTED	0.062550329	0.30747605999931693	24.543232	ABORTED	0.061898081	0.27184580598259345	24.543232	ABORTED	0.031086552	0.15054582001175731	9.945088
pthread-wmm/safe024_power.oepc_power.opt_pso.oepc_pso.opt_rmo.oepc_rmo.opt.yml	false	ABORTED	0.03233095	0.1496144179836847	10.506240	ABORTED	0.059370013	0.2234601239906624	24.449024	ABORTED	0.062137898	0.3473121380084194	24.399872	ABORTED	0.026912423	0.15496723999967799	9.986048
pthread-wmm/safe014_rmo.oepc.yml	false	ABORTED	0.032285238	0.20768615702399984	10.358784	ABORTED	0.061364793	0.26855874503962696	24.432640	ABORTED	0.062117636	0.28808422497240826	24.416256	ABORTED	0.025734037	0.15233697602525353	10.006528
pthread-wmm/mix042.opt.yml	false	ABORTED	0.032773587	0.25241523899603635	10.477568	ABORTED	0.06263827	0.29503710800781846	24.481792	ABORTED	0.063062813	0.399267399974633	24.498176	ABORTED	0.028191284	0.13803418999304995	10.031104
pthread-wmm/safe012_rmo.oepc.yml	false	ABORTED	0.032186998	0.15907481499016285	10.436608	ABORTED	0.064165138	0.4090636359760538	24.424448	ABORTED	0.061229322	0.298507219995372	24.473600	ABORTED	0.030729009	0.1476264080265537	9.912320
pthread-wmm/mix040.opt.yml	false	ABORTED	0.032050758	0.19218095298856497	10.407936	ABORTED	0.05877109	0.2336989080067724	24.444928	ABORTED	0.06393323	0.3237211969681084	24.453120	ABORTED	0.02655494	0.13508248003199697	9.965568
pthread-wmm/safe007_rmo.oepc_rmo.opt-thin001_rmo.oepc_rmo.opt.yml	false	ABORTED	0.030843396	0.14535105403047055	10.502144	ABORTED	0.061621125	0.28953787503996864	24.514560	ABORTED	0.061611072	0.2941817310056649	24.436736	ABORTED	0.027735792	0.14912493102019653	10.027008
pthread-wmm/mix016_power.opt_rmo.opt.yml	false	ABORTED	0.031710615	0.1695931910071522	10.493952	ABORTED	0.061399838	0.287223910971079	24.494080	ABORTED	0.060321254	0.2895914919790812	24.571904	ABORTED	0.027953559	0.17124658403918147	10.002432
pthread-wmm/safe030_power.oepc_pso.oepc_rmo.oepc.yml	false	ABORTED	0.031192719	0.17285562201868743	10.547200	ABORTED	0.060987575	0.26090185600332916	24.584192	ABORTED	0.067047492	0.40439993399195373	24.518656	ABORTED	0.030716309	0.1470290810102597	10.055680
pthread-wmm/mix037.opt.yml	false	ABORTED	0.032066845	0.17390222602989525	10.506240	ABORTED	0.062805557	0.2993152220151387	24.473600	ABORTED	0.062570802	0.2922662210185081	24.432640	ABORTED	0.029233723	0.15050927497213706	10.031104
pthread-wmm/mix039.opt.yml	false	ABORTED	0.032994541	0.21996262803440914	10.358784	ABORTED	0.058663393	0.25250965799205005	24.449024	ABORTED	0.061534903	0.33612101897597313	24.408064	ABORTED	0.026866791	0.18117563502164558	10.022912
pthread-wmm/safe017_power.oepc_power.opt_pso.oepc_pso.opt_rmo.oepc_rmo.opt.yml	false	ABORTED	0.031858373	0.17550367501098663	10.588160	ABORTED	0.060869779	0.22666794498218223	24.547328	ABORTED	0.063951164	0.2789538489887491	24.576000	ABORTED	0.031393366	0.14331858401419595	10.031104
pthread-wmm/mix035_power.opt_rmo.opt.yml	false	ABORTED	0.031931413	0.2324528350145556	10.391552	ABORTED	0.059835429	0.2623306179884821	24.502272	ABORTED	0.063868342	0.404592998966109	24.457216	ABORTED	0.026768602	0.16103500698227435	9.990144
pthread-wmm/safe011_power.opt_pso.opt.yml	false	ABORTED	0.032588674	0.17069177102530375	10.592256	ABORTED	0.06254681	0.34381129598477855	24.436736	ABORTED	0.061590952	0.3011041409918107	24.608768	ABORTED	0.028671663	0.1685478480067104	10.022912
pthread-wmm/mix056_power.oepc_pso.oepc_rmo.oepc.yml	false	ABORTED	0.032446983	0.18472846102667972	10.559488	ABORTED	0.062138407	0.24648665398126468	24.494080	ABORTED	0.059243068	0.27256496297195554	24.588288	ABORTED	0.030083774	0.15486282302299514	10.006528
pthread-wmm/safe011_power.oepc_pso.oepc_rmo.oepc_rmo.opt.yml	false	ABORTED	0.034510931	0.18265873397467658	10.444800	ABORTED	0.062603088	0.27828811202198267	24.600576	ABORTED	0.06350142	0.33886199397966266	24.563712	ABORTED	0.027735746	0.15534922800725326	10.027008
pthread-wmm/mix036_pso.opt_tso.opt.yml	false	ABORTED	0.02953253	0.16646552400197834	10.403840	ABORTED	0.061326614	0.277121155988425	24.461312	ABORTED	0.060173672	0.25646692101145163	24.547328	ABORTED	0.026833753	0.1564598919940181	10.018816
pthread-wmm/safe026_power.oepc_power.opt_pso.oepc_pso.opt_rmo.oepc_rmo.opt.yml	false	ABORTED	0.031911156	0.17391179699916393	10.539008	ABORTED	0.06303505	0.32557795400498435	24.567808	ABORTED	0.06604079	0.3670313620241359	24.494080	ABORTED	0.03191737	0.12973701697774231	10.006528
pthread-wmm/mix024_power.opt_pso.opt_rmo.opt.yml	false	ABORTED	0.032468971	0.1646534120081924	10.489856	ABORTED	0.062600471	0.2798087000264786	24.518656	ABORTED	0.062790109	0.3986889920197427	24.518656	ABORTED	0.029560009	0.15121933800401166	10.022912
pthread-wmm/mix057_power.opt_pso.opt_rmo.opt_tso.oepc_tso.opt.yml	false	ABORTED	0.032205749	0.1811003370094113	10.620928	ABORTED	0.063144901	0.30126602202653885	24.481792	ABORTED	0.066482917	0.33749330998398364	24.489984	ABORTED	0.027661323	0.12330062699038535	10.006528
pthread-wmm/safe006_power.oepc-thin000_power.oepc.yml	false	ABORTED	0.033632685	0.16366187197854742	10.571776	ABORTED	0.059047529	0.21001199400052428	24.530944	ABORTED	0.06406174	0.31553635298041627	24.600576	ABORTED	0.030267391	0.19063279102556407	9.900032
pthread-wmm/mix052_tso.oepc.yml	false	ABORTED	0.030991886	0.19632810895564035	10.522624	ABORTED	0.06556831	0.34835856303106993	24.530944	ABORTED	0.06393646	0.37320556404301897	24.518656	ABORTED	0.026630301	0.1396996530238539	10.027008
pthread-wmm/safe004_power.opt_pso.opt_rmo.opt.yml	false	ABORTED	0.03221547	0.1816229989635758	10.530816	ABORTED	0.063759289	0.298030067991931	24.526848	ABORTED	0.062787561	0.2963410280062817	24.555520	ABORTED	0.035836213	0.13326269597746432	10.006528
pthread-wmm/safe021_power.opt_pso.opt.yml	false	ABORTED	0.033965829	0.20076913601951674	10.555392	ABORTED	0.060070106	0.207788145984523	24.600576	ABORTED	0.065374768	0.29673852695850655	24.547328	ABORTED	0.033905506	0.15416684898082167	10.006528
pthread-wmm/safe001_power.opt_pso.oepc_pso.opt_rmo.opt.yml	false	ABORTED	0.035864157	0.20959936099825427	10.510336	ABORTED	0.059895349	0.25276780198328197	24.506368	ABORTED	0.060280712	0.2792382800253108	24.522752	ABORTED	0.030408705	0.12347872497048229	10.002432
pthread-wmm/mix055.opt.yml	false	ABORTED	0.034954035	0.211578032001853	10.424320	ABORTED	0.061801025	0.28056123096030205	24.580096	ABORTED	0.064646957	0.30464999697869644	24.530944	ABORTED	0.027931059	0.15797690895851701	10.006528
pthread-wmm/safe021_power.oepc_pso.oepc_rmo.oepc_rmo.opt.yml	false	ABORTED	0.033654974	0.18469604197889566	10.465280	ABORTED	0.059730195	0.2934473499772139	24.596480	ABORTED	0.064331089	0.31913653295487165	24.535040	ABORTED	0.031655658	0.14992468198761344	9.973760
pthread-wmm/mix052_power.oepc_power.opt_pso.oepc_rmo.oepc.yml	false	ABORTED	0.035585669	0.20206344802863896	10.457088	ABORTED	0.0611911	0.36089783802162856	24.444928	ABORTED	0.062850974	0.24494496098486707	24.518656	ABORTED	0.030958403	0.23457777104340494	10.039296
pthread-wmm/safe008_power.oepc_pso.oepc_pso.opt_rmo.oepc_rmo.opt.yml	false	ABORTED	0.032776988	0.1918252229806967	10.543104	ABORTED	0.063011042	0.31774164899252355	24.547328	ABORTED	0.063233062	0.2543698020162992	24.514560	ABORTED	0.035362639	0.15767897199839354	10.022912
pthread-wmm/mix028_power.opt_pso.opt_rmo.opt.yml	false	ABORTED	0.033067826	0.23990391503321007	10.448896	ABORTED	0.06036731	0.25623519002692774	24.494080	ABORTED	0.063065182	0.27977350098080933	24.489984	ABORTED	0.028870844	0.15118932101177052	10.006528
pthread-wmm/mix028_power.oepc_pso.oepc_rmo.oepc.yml	false	ABORTED	0.035574945	0.21581724099814892	10.448896	ABORTED	0.062592779	0.34459553798660636	24.457216	ABORTED	0.063816821	0.25746929697925225	24.616960	ABORTED	0.029144728	0.12893208401510492	10.006528
pthread-wmm/mix019_tso.oepc.yml	false	ABORTED	0.032325716	0.18059931101743132	10.567680	ABORTED	0.062059481	0.24290868098614737	24.539136	ABORTED	0.064462963	0.3611266490188427	24.616960	ABORTED	0.02755909	0.1498134370194748	10.010624
pthread-wmm/mix045_power.oepc_pso.oepc_rmo.oepc.yml	false	ABORTED	0.032953463	0.17907954601105303	10.547200	ABORTED	0.060720624	0.27417812298517674	24.584192	ABORTED	0.061383445	0.29444307897938415	24.489984	ABORTED	0.031118901	0.23538155300775543	9.900032
pthread-wmm/mix019_power.oepc_pso.oepc_rmo.oepc.yml	false	ABORTED	0.033468087	0.17622000898700207	10.563584	ABORTED	0.062282062	0.36287244700361043	24.481792	ABORTED	0.064361838	0.30272214399883524	24.567808	ABORTED	0.033686903	0.12594883900601417	10.027008
pthread-wmm/mix027_power.opt_pso.opt_rmo.opt.yml	false	ABORTED	0.032665203	0.19439705600962043	10.506240	ABORTED	0.06431263	0.4310207919916138	24.518656	ABORTED	0.060367499	0.2798228010069579	24.559616	ABORTED	0.035798979	0.15146342699881643	10.006528
pthread-wmm/mix025_power.oepc_power.opt_pso.oepc_rmo.oepc_tso.oepc_tso.opt.yml	false	ABORTED	0.032826794	0.17420834599761292	10.522624	ABORTED	0.063308026	0.33552810398396105	24.436736	ABORTED	0.061591117	0.27404288697289303	24.539136	ABORTED	0.032219266	0.15121671895030886	10.010624
pthread-wmm/mix047_power.opt_pso.opt_rmo.opt_tso.oepc_tso.opt.yml	false	ABORTED	0.036227856	0.1918272480252199	10.436608	ABORTED	0.063739341	0.32916161202592775	24.461312	ABORTED	0.063566554	0.3562049819738604	24.461312	ABORTED	0.031024805	0.1493950950098224	10.010624
pthread-wmm/mix049_power.oepc_power.opt_pso.oepc_pso.opt_rmo.oepc_rmo.opt_tso.oepc_tso.opt-podwr001_power.oepc_power.opt_pso.oepc_pso.opt_rmo.oepc_rmo.opt_tso.oepc_tso.opt.yml	false	ABORTED	0.033378866	0.15344160998938605	10.522624	ABORTED	0.059630548	0.24168399901827797	24.551424	ABORTED	0.061255498	0.286345272033941	24.539136	ABORTED	0.031213488	0.15740841999650002	10.010624
pthread-wmm/mix042.oepc.yml	false	ABORTED	0.032400224	0.1566952609573491	10.457088	ABORTED	0.066870815	0.44356371799949557	24.489984	ABORTED	0.065506076	0.3200312959961593	24.477696	ABORTED	0.028559057	0.13716928899521008	9.998336
pthread-wmm/mix016.oepc.yml	false	ABORTED	0.033693392	0.21586292801657692	10.543104	ABORTED	0.063199237	0.35171130002709106	24.535040	ABORTED	0.061602988	0.2636891989968717	24.522752	ABORTED	0.036263686	0.15561947599053383	10.031104
pthread-wmm/mix038_tso.oepc.yml	false	ABORTED	0.032975236	0.1698244420113042	10.584064	ABORTED	0.064185688	0.2947473429958336	24.498176	ABORTED	0.062734527	0.31706779496744275	24.444928	ABORTED	0.029747102	0.13041497103404254	10.022912
pthread-wmm/mix038_power.oepc_pso.oepc_rmo.oepc.yml	false	ABORTED	0.0354178	0.21425243094563484	10.448896	ABORTED	0.060455345	0.23848968598758802	24.539136	ABORTED	0.064847065	0.376094804960303	24.539136	ABORTED	0.036330081	0.14805012196302414	10.031104
pthread-wmm/mix044.opt.yml	false	ABORTED	0.032719866	0.1469902130193077	10.567680	ABORTED	0.065486103	0.34924131800653413	24.555520	ABORTED	0.060727342	0.26933185098459944	24.547328	ABORTED	0.036265715	0.12913482502335683	10.002432
pthread-wmm/mix046.opt.yml	false	ABORTED	0.035934416	0.20492975297383964	10.506240	ABORTED	0.064014145	0.33977646101266146	24.449024	ABORTED	0.061080328	0.2808396700420417	24.494080	ABORTED	0.030307536	0.1915305889560841	9.981952
pthread-wmm/mix026_pso.opt_rmo.opt.yml	false	ABORTED	0.034829553	0.17540123802609742	10.518528	ABORTED	0.063278673	0.37840411998331547	24.522752	ABORTED	0.058760745	0.2524552149698138	24.526848	ABORTED	0.034833734	0.15553624200401828	10.002432
pthread-wmm/mix035.oepc.yml	false	ABORTED	0.032267426	0.1679498340236023	10.661888	ABORTED	0.059892566	0.3108565550064668	24.530944	ABORTED	0.060644831	0.20667893602512777	24.580096	ABORTED	0.030417652	0.15615417901426554	10.006528
pthread-wmm/mix006_power.oepc_pso.oepc_rmo.oepc.yml	false	ABORTED	0.035687968	0.20363529404858127	10.530816	ABORTED	0.063598004	0.34605619800277054	24.571904	ABORTED	0.061646837	0.2498705219477415	24.506368	ABORTED	0.031822483	0.1523939740145579	10.010624
pthread-wmm/mix043.opt.yml	false	ABORTED	0.035094003	0.21674316795542836	10.485760	ABORTED	0.063203946	0.30560534296091646	24.588288	ABORTED	0.062642243	0.2533334569889121	24.514560	ABORTED	0.033259102	0.12612325802911073	10.006528
pthread-wmm/mix023_power.opt_pso.opt_rmo.opt.yml	false	ABORTED	0.032389384	0.17957949300762266	10.399744	ABORTED	0.065177149	0.36667232000036165	24.514560	ABORTED	0.060040807	0.2874920450267382	24.465408	ABORTED	0.028341971	0.14601562597090378	9.908224
pthread-wmm/mix017_power.opt_rmo.opt.yml	false	ABORTED	0.036376012	0.22084212000481784	10.514432	ABORTED	0.060719951	0.35146080900449306	24.498176	ABORTED	0.061888865	0.28282983700046316	24.498176	ABORTED	0.035397464	0.15755417197942734	10.006528
pthread-wmm/mix012_pso.opt_tso.opt.yml	false	ABORTED	0.032474154	0.20000081497710198	10.530816	ABORTED	0.061960987	0.2576533730025403	24.498176	ABORTED	0.060823334	0.23194213199894875	24.604672	ABORTED	0.03513323	0.16088989295531064	10.018816
pthread-wmm/mix003.oepc.yml	false	ABORTED	0.032554086	0.18639097700361162	10.551296	ABORTED	0.060426377	0.2775462660356425	24.543232	ABORTED	0.061298807	0.2489953080075793	24.551424	ABORTED	0.035343128	0.15839279699139297	10.006528
pthread-wmm/thin002_rmo.yml	false	ABORTED	0.032592856	0.1708588299807161	10.399744	ABORTED	0.057820226	0.28595634101657197	24.543232	ABORTED	0.065445372	0.3125568100367673	24.559616	ABORTED	0.03339235	0.15213745401706547	10.014720
pthread-wmm/mix011_tso.oepc.yml	false	ABORTED	0.035421419	0.23208527901442721	10.452992	ABORTED	0.061944073	0.3024323279969394	24.559616	ABORTED	0.05915714	0.21168774896068498	24.514560	ABORTED	0.028287667	0.18125900597078726	9.957376
pthread-wmm/rfi010.yml	false	ABORTED	0.036291012	0.19994877802673727	10.571776	ABORTED	0.064623934	0.3221004100050777	24.543232	ABORTED	0.067801106	0.36576055496698245	24.473600	ABORTED	0.036475529	0.13478563801618293	10.002432
pthread-wmm/mix011_power.oepc_pso.oepc_rmo.oepc.yml	false	ABORTED	0.032084731	0.1796437290031463	10.567680	ABORTED	0.064533432	0.33967799495439976	24.485888	ABORTED	0.060326197	0.24346444295952097	24.596480	ABORTED	0.031016976	0.15618208702653646	10.022912
pthread-wmm/mix024_power.oepc_pso.oepc_rmo.oepc_tso.oepc_tso.opt.yml	false	ABORTED	0.032106086	0.19037407997529954	10.571776	ABORTED	0.059351977	0.2757592789712362	24.567808	ABORTED	0.063911776	0.37393403000896797	24.576000	ABORTED	0.035288187	0.1613967340090312	10.010624
pthread-wmm/mix036_power.opt_rmo.opt.yml	false	ABORTED	0.032871441	0.1747445869841613	10.420224	ABORTED	0.062116218	0.3036411610082723	24.518656	ABORTED	0.063121924	0.32876444997964427	24.567808	ABORTED	0.032611209	0.15016343805473298	10.010624
pthread-wmm/mix033_tso.oepc.yml	false	ABORTED	0.034245149	0.24604188097873703	10.457088	ABORTED	0.061943282	0.23014946497278288	24.592384	ABORTED	0.060045992	0.2883816209505312	24.494080	ABORTED	0.038849611	0.13493390998337418	10.002432
pthread-wmm/mix010.oepc.yml	false	ABORTED	0.032043485	0.1581669800216332	10.579968	ABORTED	0.062816823	0.24972168495878577	24.481792	ABORTED	0.062716765	0.2521419349941425	24.498176	ABORTED	0.028743022	0.173584986012429	9.965568
pthread-wmm/mix015.oepc.yml	false	ABORTED	0.034865681	0.19101381796645	10.502144	ABORTED	0.059055873	0.25237202300922945	24.600576	ABORTED	0.065962174	0.4016730400035158	24.543232	ABORTED	0.036219816	0.15185374300926924	10.010624
pthread-wmm/mix033_power.oepc_pso.oepc_rmo.oepc.yml	false	ABORTED	0.03320307	0.18586498202057555	10.506240	ABORTED	0.064251171	0.3297740180278197	24.498176	ABORTED	0.065385579	0.326673072995618	24.543232	ABORTED	0.031123992	0.1492698850343004	10.006528
pthread-wmm/mix000.opt.yml	false	ABORTED	0.033279682	0.15927095001097769	10.600448	ABORTED	0.066451541	0.31907098001101986	24.588288	ABORTED	0.064223454	0.36256280599627644	24.514560	ABORTED	0.039815156	0.15632677997928113	10.006528
pthread-wmm/mix053_tso.oepc.yml	false	ABORTED	0.035661517	0.27429355203639716	10.452992	ABORTED	0.066832384	0.3622075599851087	24.576000	ABORTED	0.063102955	0.24853471398819238	24.600576	ABORTED	0.034153721	0.1552965110167861	10.014720
pthread-wmm/safe009_rmo.opt.yml	false	ABORTED	0.035493314	0.20170738699380308	10.461184	ABORTED	0.060034283	0.24836192897055298	24.567808	ABORTED	0.059011547	0.2870943190064281	24.489984	ABORTED	0.028962511	0.1484710350050591	10.014720
pthread-wmm/rfi008.opt.yml	false	ABORTED	0.032694052	0.14418858697172254	10.653696	ABORTED	0.066061318	0.48022666899487376	24.498176	ABORTED	0.065533578	0.293118578963913	24.494080	ABORTED	0.031286436	0.12910370202735066	10.002432
pthread-wmm/safe018_power.oepc.yml	false	ABORTED	0.035861159	0.24534935597330332	10.510336	ABORTED	0.062792371	0.3401213400065899	24.584192	ABORTED	0.06137018	0.25516780494945124	24.592384	ABORTED	0.038210889	0.13220302003901452	10.002432
pthread-wmm/mix032.oepc.yml	false	ABORTED	0.03240442	0.1558376729954034	10.547200	ABORTED	0.061022546	0.3187280499842018	24.547328	ABORTED	0.059782876	0.26301892701303586	24.592384	ABORTED	0.039211017	0.130496813042555	10.014720
pthread-wmm/mix030_power.opt_pso.opt_rmo.opt.yml	false	ABORTED	0.034929975	0.20771373802563176	10.543104	ABORTED	0.062426645	0.2988168229931034	24.502272	ABORTED	0.063940385	0.29538207000587136	24.526848	ABORTED	0.036411036	0.1532760810223408	10.022912
pthread-wmm/mix009.opt.yml	false	ABORTED	0.034909316	0.21007157897111028	10.498048	ABORTED	0.06671776	0.4921387039939873	24.526848	ABORTED	0.064614426	0.35419084498425946	24.604672	ABORTED	0.030618578	0.15031859203008935	10.088448
pthread-wmm/safe014_power.oepc.yml	false	ABORTED	0.034363208	0.2240244810236618	10.485760	ABORTED	0.063058567	0.3558207370224409	24.465408	ABORTED	0.063536917	0.37895253498572856	24.432640	ABORTED	0.030584137	0.13165739801479504	10.047488
pthread-wmm/safe012_power.oepc.yml	false	ABORTED	0.031267059	0.16504040401196107	10.493952	ABORTED	0.059552052	0.2780906890402548	24.612864	ABORTED	0.064329878	0.2647584450314753	24.539136	ABORTED	0.032599462	0.1313489800086245	10.006528
pthread-wmm/mix002.oepc.yml	false	ABORTED	0.037469054	0.24367866397369653	10.461184	ABORTED	0.063465875	0.3547405460267328	24.485888	ABORTED	0.063829382	0.2979829150135629	24.563712	ABORTED	0.036076336	0.15673678100574762	10.006528
pthread-wmm/safe007_power.oepc-thin001_power.oepc.yml	false	ABORTED	0.035908166	0.24470791197381914	10.633216	ABORTED	0.060735031	0.29697932000271976	24.489984	ABORTED	0.060652368	0.2988118609646335	24.563712	ABORTED	0.035271624	0.13771999801974744	9.994240
pthread-wmm/mix021_tso.oepc.yml	false	ABORTED	0.034635669	0.22824834601487964	10.407936	ABORTED	0.063960427	0.3567956880433485	24.588288	ABORTED	0.067819722	0.358903406013269	24.600576	ABORTED	0.029223938	0.19449366902699694	9.924608
pthread-wmm/mix029_power.opt_pso.opt_rmo.opt.yml	false	ABORTED	0.034814946	0.25489071098854765	10.465280	ABORTED	0.067290255	0.45737471198663116	24.489984	ABORTED	0.064205624	0.34770058700814843	24.510464	ABORTED	0.029604117	0.12964845699025318	9.986048
pthread-wmm/mix022_tso.yml	false	ABORTED	0.032885154	0.16409917402779683	10.608640	ABORTED	0.063537237	0.27664202597225085	24.633344	ABORTED	0.067250351	0.37274764105677605	24.539136	ABORTED	0.030506184	0.138474170002155	10.043392
pthread-wmm/safe006_power.opt-thin000_power.opt.yml	false	ABORTED	0.03617795	0.24047528498340398	10.571776	ABORTED	0.062183425	0.25243405904620886	24.555520	ABORTED	0.062555122	0.3025434699957259	24.547328	ABORTED	0.043624972	0.1640299760038033	10.133504
pthread-wmm/rfi007_tso.yml	false	ABORTED	0.034377033	0.23762791702756658	10.534912	ABORTED	0.062785068	0.2757199350162409	24.547328	ABORTED	0.064395484	0.31969451101031154	24.551424	ABORTED	0.027431962	0.17345880100037903	10.035200
pthread-wmm/mix040_tso.oepc.yml	false	ABORTED	0.033166543	0.17022267897846177	10.620928	ABORTED	0.05867491	0.2363926630350761	24.616960	ABORTED	0.062928448	0.30071614898042753	24.563712	ABORTED	0.034422804	0.15486101096030325	10.002432
pthread-wmm/mix026_power.opt_tso.opt.yml	false	ABORTED	0.034135909	0.18958907102933154	10.498048	ABORTED	0.064003731	0.3783218039898202	24.584192	ABORTED	0.066504801	0.33783363102702424	24.604672	ABORTED	0.033940591	0.14571441401494667	10.022912
pthread-wmm/mix019.opt.yml	false	ABORTED	0.036475932	0.24419710302026942	10.489856	ABORTED	0.066064607	0.44614916102727875	24.576000	ABORTED	0.064536236	0.3734341509989463	24.625152	ABORTED	0.029339235	0.14811103203101084	10.022912
pthread-wmm/mix016_pso.opt_tso.opt.yml	false	ABORTED	0.033297418	0.16257045604288578	10.596352	ABORTED	0.068156125	0.3886541709653102	24.506368	ABORTED	0.063119821	0.29868307104334235	24.551424	ABORTED	0.03412229	0.15277382300700992	10.002432
pthread-wmm/safe014_power.opt.yml	false	ABORTED	0.031389178	0.18686826300108805	10.616832	ABORTED	0.060385591	0.35269001399865374	24.584192	ABORTED	0.066734401	0.36812153103528544	24.592384	ABORTED	0.034752877	0.15490312495967373	10.002432
pthread-wmm/mix057_power.oepc_pso.oepc_rmo.oepc.yml	false	ABORTED	0.037513341	0.23903865402098745	10.526720	ABORTED	0.061942944	0.37713245704071596	24.539136	ABORTED	0.06102543	0.22842340997885913	24.657920	ABORTED	0.030259589	0.18581577501026914	9.994240
pthread-wmm/mix006.opt.yml	false	ABORTED	0.033939436	0.193190535006579	10.616832	ABORTED	0.059065278	0.24117686302633956	24.625152	ABORTED	0.063800707	0.4224969679489732	24.498176	ABORTED	0.035866769	0.13838236196897924	10.006528
pthread-wmm/mix000.oepc.yml	false	ABORTED	0.031466604	0.15922005102038383	10.522624	ABORTED	0.06333862	0.28147772897500545	24.584192	ABORTED	0.064772245	0.27373357699252665	24.551424	ABORTED	0.036922752	0.14253635797649622	10.022912
pthread-wmm/mix055_tso.oepc.yml	false	ABORTED	0.032084368	0.15698484500171617	10.514432	ABORTED	0.064835799	0.34569357201689854	24.588288	ABORTED	0.067576309	0.37248451699269935	24.588288	ABORTED	0.031630395	0.15017673501279205	10.002432
pthread-wmm/rfi008.oepc.yml	false	ABORTED	0.037007897	0.21927677397616208	10.522624	ABORTED	0.063566144	0.2648151309695095	24.621056	ABORTED	0.06860557	0.3606996589805931	24.604672	ABORTED	0.028397211	0.15016262599965557	10.006528
pthread-wmm/mix053_power.oepc_pso.oepc_rmo.oepc.yml	false	ABORTED	0.033806405	0.25183233997086063	10.440704	ABORTED	0.062090953	0.2824455119553022	24.633344	ABORTED	0.062856573	0.27388856100151315	24.645632	ABORTED	0.037999719	0.13397620798787102	10.022912
pthread-wmm/mix055_power.oepc_pso.oepc_rmo.oepc.yml	false	ABORTED	0.034074941	0.17971939698327333	10.559488	ABORTED	0.063830613	0.34135809500003234	24.506368	ABORTED	0.066065677	0.3456596120377071	24.526848	ABORTED	0.028783901	0.1659241799497977	10.043392
pthread-wmm/mix011.opt.yml	false	ABORTED	0.034713312	0.1910497189965099	10.625024	ABORTED	0.065299556	0.3539759800187312	24.526848	ABORTED	0.063641178	0.305797255015932	24.514560	ABORTED	0.038044467	0.156189645989798	10.002432
pthread-wmm/mix030_power.oepc_pso.oepc_rmo.oepc.yml	false	ABORTED	0.034268362	0.20640260202344507	10.498048	ABORTED	0.0642506	0.2647851030342281	24.526848	ABORTED	0.064963912	0.23371451598359272	24.563712	ABORTED	0.032202269	0.1519397349911742	10.002432
pthread-wmm/mix051_tso.oepc.yml	false	ABORTED	0.032340487	0.20057673001429066	10.514432	ABORTED	0.064369003	0.2908870249520987	24.551424	ABORTED	0.062580263	0.30309077503625304	24.625152	ABORTED	0.027196867	0.1256831000209786	10.006528
pthread-wmm/mix003_power.opt_pso.opt_rmo.opt_tso.opt.yml	false	ABORTED	0.033540186	0.15240910195279866	10.616832	ABORTED	0.064224304	0.23548999801278114	24.535040	ABORTED	0.065605909	0.4408455429947935	24.592384	ABORTED	0.027592191	0.14932199899340048	10.006528
pthread-wmm/mix051_power.oepc_power.opt_pso.oepc_rmo.oepc.yml	false	ABORTED	0.03267783	0.17162307200487703	10.416128	ABORTED	0.064362184	0.372373485006392	24.543232	ABORTED	0.063820586	0.375920930004213	24.567808	ABORTED	0.035571267	0.15756273601436988	10.006528
pthread-wmm/mix027_tso.yml	false	ABORTED	0.032886647	0.1862200369942002	10.698752	ABORTED	0.061935558	0.2405515809659846	24.551424	ABORTED	0.06583468	0.3410929110250436	24.621056	ABORTED	0.031927485	0.19566881301579997	9.994240
pthread-wmm/mix010.opt.yml	false	ABORTED	0.032801144	0.15420903399353847	10.625024	ABORTED	0.065735345	0.36348497099243104	24.629248	ABORTED	0.064442683	0.25930893601616845	24.637440	ABORTED	0.034956055	0.15578191698295996	10.055680
pthread-wmm/mix015.opt.yml	false	ABORTED	0.035994276	0.19753542495891452	10.485760	ABORTED	0.063514224	0.2699907660135068	24.555520	ABORTED	0.066771867	0.39772466401336715	24.510464	ABORTED	0.028637448	0.12525137804914266	10.006528
pthread-wmm/mix050.yml	false	ABORTED	0.033556524	0.16877969197230414	10.526720	ABORTED	0.067012117	0.47621997899841517	24.510464	ABORTED	0.062103939	0.219241603044793	24.588288	ABORTED	0.028694835	0.1527401990024373	10.006528
pthread-wmm/mix021_power.oepc_pso.oepc_rmo.oepc.yml	false	ABORTED	0.035254754	0.19978497899137437	10.567680	ABORTED	0.06531315	0.3625992859597318	24.633344	ABORTED	0.061800628	0.24578520999057218	24.563712	ABORTED	0.027415807	0.14585157996043563	10.014720
pthread-wmm/mix027_power.oepc_pso.oepc_rmo.oepc.yml	false	ABORTED	0.035614156	0.2797569240210578	10.510336	ABORTED	0.063867771	0.3650964339612983	24.522752	ABORTED	0.066606477	0.37661117600509897	24.645632	ABORTED	0.038083652	0.15831050602719188	10.002432
pthread-wmm/mix047_power.oepc_pso.oepc_rmo.oepc.yml	false	ABORTED	0.034612989	0.1823913780390285	10.608640	ABORTED	0.062930821	0.3565874779596925	24.637440	ABORTED	0.064447867	0.28924527298659086	24.526848	ABORTED	0.037528158	0.15584140102146193	10.059776
pthread-wmm/mix029_power.oepc_pso.oepc_rmo.oepc_tso.oepc_tso.opt.yml	false	ABORTED	0.034172774	0.1961494360002689	10.551296	ABORTED	0.067121992	0.37263970595085993	24.526848	ABORTED	0.065490263	0.374128742958419	24.600576	ABORTED	0.028995205	0.14215217099990696	10.002432
pthread-wmm/mix028_tso.yml	false	ABORTED	0.037079647	0.21976459701545537	10.579968	ABORTED	0.063721304	0.2317317120032385	24.616960	ABORTED	0.065802776	0.31129945698194206	24.678400	ABORTED	0.026412231	0.15694899199297652	10.072064
pthread-wmm/mix001.opt.yml	false	ABORTED	0.033452801	0.24433334998320788	10.485760	ABORTED	0.066696163	0.38903556403238326	24.621056	ABORTED	0.064171821	0.34094903303775936	24.584192	ABORTED	0.031100248	0.1508004119968973	10.010624
pthread-wmm/mix020.oepc.yml	false	ABORTED	0.035112436	0.1721606749924831	10.518528	ABORTED	0.06744266	0.4802354010171257	24.596480	ABORTED	0.062917787	0.3071441139909439	24.592384	ABORTED	0.027441257	0.13034054799936712	10.006528
pthread-wmm/mix026.oepc.yml	false	ABORTED	0.037365837	0.2096099280170165	10.608640	ABORTED	0.064690629	0.3707920890301466	24.559616	ABORTED	0.062536132	0.2618335839943029	24.600576	ABORTED	0.038997116	0.1340129990130663	10.006528
pthread-wmm/mix046.oepc.yml	false	ABORTED	0.035776991	0.26758799800882116	10.506240	ABORTED	0.065702961	0.365594802016858	24.641536	ABORTED	0.065163486	0.33710810501361266	24.580096	ABORTED	0.029818508	0.12807053799042478	10.002432
pthread-wmm/mix018_tso.oepc.yml	false	ABORTED	0.034093914	0.21601983398431912	10.534912	ABORTED	0.063492389	0.3369352479930967	24.657920	ABORTED	0.062788374	0.2715128090349026	24.604672	ABORTED	0.035066806	0.16378095600521192	10.059776
pthread-wmm/mix044_tso.oepc.yml	false	ABORTED	0.034583154	0.21191890200134367	10.678272	ABORTED	0.061134155	0.2581006279797293	24.645632	ABORTED	0.067443849	0.32521978102158755	24.563712	ABORTED	0.027271119	0.16067679697880521	10.100736
pthread-wmm/mix018_power.oepc_pso.oepc_rmo.oepc.yml	false	ABORTED	0.0340159	0.1682853659731336	10.534912	ABORTED	0.063302277	0.27115072100423276	24.580096	ABORTED	0.067561012	0.381784469995182	24.633344	ABORTED	0.036928154	0.12596388900419697	10.002432
pthread-wmm/mix040_power.oepc_pso.oepc_rmo.oepc.yml	false	ABORTED	0.032699472	0.18451419100165367	10.559488	ABORTED	0.066876531	0.33999814197886735	24.621056	ABORTED	0.063084282	0.24557862401707098	24.543232	ABORTED	0.028620087	0.14042254898231477	10.006528
pthread-wmm/mix044_power.oepc_pso.oepc_rmo.oepc.yml	false	ABORTED	0.034608226	0.18672013701871037	10.629120	ABORTED	0.064346406	0.37017822597408667	24.539136	ABORTED	0.066134658	0.2457351700286381	24.592384	ABORTED	0.041652686	0.13053408998530358	10.059776
pthread-wmm/thin002_power.oepc.yml	false	ABORTED	0.03336586	0.1613659990252927	10.608640	ABORTED	0.06861267	0.43605059501715004	24.526848	ABORTED	0.061892747	0.2651135819614865	24.518656	ABORTED	0.033304465	0.12430097302421927	10.072064
pthread-wmm/mix002.opt.yml	false	ABORTED	0.032626714	0.1920662389602512	10.551296	ABORTED	0.060594204	0.2570336590288207	24.621056	ABORTED	0.067785162	0.3764295919681899	24.563712	ABORTED	0.037829859	0.1591621899860911	10.010624
pthread-wmm/mix037_tso.oepc.yml	false	ABORTED	0.033305186	0.15364310098811984	10.637312	ABORTED	0.068426292	0.3772767559858039	24.666112	ABORTED	0.064462899	0.3133956129895523	24.567808	ABORTED	0.036635247	0.1357522039907053	10.137600
pthread-wmm/mix017.oepc.yml	false	ABORTED	0.034318999	0.16266688599716872	10.543104	ABORTED	0.063244993	0.268726468028035	24.530944	ABORTED	0.06037863	0.2609831820009276	24.621056	ABORTED	0.029534298	0.20059440296608955	10.051584
pthread-wmm/mix039.oepc.yml	false	ABORTED	0.03621367	0.3089062999933958	10.469376	ABORTED	0.063265061	0.27396584197413176	24.535040	ABORTED	0.064131977	0.24359711504075676	24.645632	ABORTED	0.031489615	0.12549349799519405	10.006528
pthread-wmm/mix043.oepc.yml	false	ABORTED	0.033695303	0.1730302760261111	10.616832	ABORTED	0.063070352	0.35742360702715814	24.547328	ABORTED	0.061664044	0.23320235597202554	24.547328	ABORTED	0.03752306	0.133772345026955	10.006528
pthread-wmm/mix008_power.oepc_pso.oepc_rmo.oepc.yml	false	ABORTED	0.033714703	0.2062494790297933	10.412032	ABORTED	0.062511344	0.32561671099392697	24.563712	ABORTED	0.062977352	0.26570183999137953	24.592384	ABORTED	0.031489393	0.12136571697192267	10.014720
pthread-wmm/mix023_power.oepc_pso.oepc_rmo.oepc.yml	false	ABORTED	0.03205656	0.26417819695780054	10.518528	ABORTED	0.066986989	0.3800997110083699	24.498176	ABORTED	0.066315296	0.44660245400154963	24.649728	ABORTED	0.039544503	0.1547998780151829	10.006528
pthread-wmm/mix021.opt.yml	false	ABORTED	0.034950599	0.22164978797081858	10.526720	ABORTED	0.067473434	0.5023251019883901	24.616960	ABORTED	0.065708772	0.26908150705276057	24.641536	ABORTED	0.033768725	0.12618550303159282	10.006528
pthread-wmm/mix037_power.oepc_pso.oepc_rmo.oepc.yml	false	ABORTED	0.034209611	0.16443935601273552	10.563584	ABORTED	0.062741856	0.2585712840082124	24.657920	ABORTED	0.064791447	0.3178783470066264	24.629248	ABORTED	0.031579251	0.14947599498555064	10.002432
pthread-wmm/safe012_power.opt.yml	false	ABORTED	0.033632464	0.26481163600692526	10.555392	ABORTED	0.0667352	0.36959189700428396	24.539136	ABORTED	0.062756826	0.21571068197954446	24.563712	ABORTED	0.031429388	0.17937104497104883	9.986048
pthread-wmm/rfi006_rmo.yml	false	ABORTED	0.034188558	0.2157343800063245	10.604544	ABORTED	0.061922391	0.24252053297823295	24.641536	ABORTED	0.062190756	0.2798274609958753	24.580096	ABORTED	0.028778027	0.15209915197920054	10.006528
pthread-wmm/mix007.oepc.yml	false	ABORTED	0.035026866	0.258848415047396	10.571776	ABORTED	0.065135032	0.3940829880302772	24.629248	ABORTED	0.065364691	0.3017278900370002	24.518656	ABORTED	0.033572844	0.12995202298043296	10.006528
pthread-wmm/safe007_power.opt-thin001_power.opt.yml	false	ABORTED	0.037120831	0.24920123600168154	10.645504	ABORTED	0.067349229	0.383310918987263	24.604672	ABORTED	0.063747669	0.2781161279999651	24.612864	ABORTED	0.031175128	0.1278584289830178	10.137600
pthread-wmm/mix005_tso.oepc.yml	false	ABORTED	0.035461124	0.2482747249887325	10.547200	ABORTED	0.06193243	0.2512242650263943	24.539136	ABORTED	0.065973049	0.3825542109552771	24.588288	ABORTED	0.035488159	0.16718969296198338	10.137600
pthread-wmm/mix036.oepc.yml	false	ABORTED	0.032441373	0.1750490990234539	10.600448	ABORTED	0.068142452	0.48604053200688213	24.547328	ABORTED	0.066378064	0.2981280109961517	24.567808	ABORTED	0.037430929	0.13627025001915172	10.133504
pthread-wmm/rfi009_power.opt_pso.oepc_pso.opt_rmo.opt_tso.oepc_tso.opt.yml	false	ABORTED	0.035953561	0.24011314095696434	10.534912	ABORTED	0.066052355	0.354422339994926	24.682496	ABORTED	0.064977927	0.27098826301516965	24.625152	ABORTED	0.026699038	0.149217800993938	10.145792
pthread-wmm/mix005_power.oepc_pso.oepc_rmo.oepc.yml	false	ABORTED	0.032400652	0.20172164001269266	10.457088	ABORTED	0.064146739	0.2504965969710611	24.600576	ABORTED	0.065333723	0.254118712968193	24.604672	ABORTED	0.029210747	0.14587931399000809	10.121216
pthread-wmm/mix014_power.oepc_pso.oepc_rmo.oepc.yml	false	ABORTED	0.037560421	0.2078717359690927	10.485760	ABORTED	0.063455804	0.2616367840091698	24.588288	ABORTED	0.067131988	0.3309274389757775	24.588288	ABORTED	0.02972466	0.1893941360176541	10.002432
pthread-wmm/mix018.opt.yml	false	ABORTED	0.032396246	0.22915113996714354	10.629120	ABORTED	0.06427709	0.3903688110294752	24.621056	ABORTED	0.065382082	0.31533005594974384	24.543232	ABORTED	0.035848778	0.13596486300230026	10.006528
pthread-wmm/mix020.opt.yml	false	ABORTED	0.035287099	0.20471896103117615	10.567680	ABORTED	0.066829061	0.3967741289525293	24.662016	ABORTED	0.064142137	0.3010545330471359	24.612864	ABORTED	0.032170353	0.14927078603068367	10.137600
pthread-wmm/mix004.oepc.yml	false	ABORTED	0.033384823	0.240229087008629	10.530816	ABORTED	0.0648631	0.27074961498146877	24.629248	ABORTED	0.063510503	0.3297094610170461	24.596480	ABORTED	0.03204422	0.1305139710311778	10.002432
pthread-wmm/mix013.oepc.yml	false	ABORTED	0.035113653	0.2942308799829334	10.473472	ABORTED	0.062884856	0.2515108200022951	24.571904	ABORTED	0.065798924	0.3999958140193485	24.580096	ABORTED	0.035034834	0.13351456401869655	10.264576
pthread-wmm/rfi009_rmo.oepc.yml	false	ABORTED	0.037015778	0.21344421798130497	10.629120	ABORTED	0.069560986	0.5087157930247486	24.608768	ABORTED	0.067147697	0.42953711800510064	24.543232	ABORTED	0.030666521	0.1425750070484355	10.022912
pthread-wmm/mix008.opt.yml	false	ABORTED	0.033714938	0.19168328400701284	10.502144	ABORTED	0.066472346	0.37591402197722346	24.682496	ABORTED	0.064161926	0.2735329230199568	24.662016	ABORTED	0.029145458	0.1689223520224914	9.957376
pthread-wmm/mix017_pso.opt_tso.opt.yml	false	ABORTED	0.034722087	0.23481627204455435	10.485760	ABORTED	0.064183476	0.4278481979854405	24.559616	ABORTED	0.063863524	0.25849262095289305	24.690688	ABORTED	0.034915603	0.13382210698910058	10.031104
pthread-wmm/mix005.opt.yml	false	ABORTED	0.033433818	0.18712723499629647	10.530816	ABORTED	0.068678327	0.36811119300546125	24.670208	ABORTED	0.065067915	0.2817192429793067	24.592384	ABORTED	0.031760899	0.19514705403707922	9.973760
pthread-wmm/mix007.opt.yml	false	ABORTED	0.030148053	0.1934261790011078	10.469376	ABORTED	0.064683798	0.2817041599773802	24.621056	ABORTED	0.063814933	0.2816565799876116	24.629248	ABORTED	0.030388485	0.15480658900924027	10.014720
pthread-wmm/mix014.opt.yml	false	ABORTED	0.037500646	0.2092802580446005	10.551296	ABORTED	0.064280219	0.2845575819956139	24.653824	ABORTED	0.066260239	0.3705349959782325	24.690688	ABORTED	0.034607486	0.12646920699626207	10.133504
pthread-wmm/mix004.opt.yml	false	ABORTED	0.033479021	0.18415249098325148	10.653696	ABORTED	0.066472838	0.3438262290437706	24.682496	ABORTED	0.066891082	0.2855278549832292	24.576000	ABORTED	0.0350514	0.1350739750196226	10.031104
pthread-wmm/mix013.opt.yml	false	ABORTED	0.034486344	0.3155860130209476	10.514432	ABORTED	0.069564802	0.499596540001221	24.670208	ABORTED	0.067819767	0.4296168760047294	24.625152	ABORTED	0.029370407	0.1500542460125871	10.002432
pthread-wmm/safe009_power.opt.yml	false	ABORTED	0.035290897	0.22336091403849423	10.649600	ABORTED	0.06562109	0.2710049010347575	24.629248	ABORTED	0.065740831	0.24268501898040995	24.674304	ABORTED	0.035090536	0.12911629199516028	10.137600
pthread-wmm/safe009_rmo.oepc.yml	false	ABORTED	0.03327978	0.1962823619833216	10.702848	ABORTED	0.062179978	0.28516359999775887	24.694784	ABORTED	0.068171043	0.4342076670145616	24.596480	ABORTED	0.029603303	0.17983134899986908	9.981952
pthread-wmm/mix030_tso.yml	false	ABORTED	0.035119904	0.21691887901397422	10.657792	ABORTED	0.065276043	0.28300285997102037	24.756224	ABORTED	0.065882685	0.28946052998071536	24.612864	ABORTED	0.0308352	0.1284508559620008	10.137600
pthread-wmm/rfi006_pso.oepc_pso.opt_tso.oepc_tso.opt.yml	false	ABORTED	0.034511724	0.15910973999416456	10.747904	ABORTED	0.064592358	0.252010544994846	24.731648	ABORTED	0.063383909	0.2939644859870896	24.666112	ABORTED	0.030550909	0.1280284320237115	10.166272
pthread-wmm/safe020_rmo.yml	false	ABORTED	0.035527768	0.16797189600765705	10.678272	ABORTED	0.066137979	0.39341213001171127	24.670208	ABORTED	0.06754104	0.27498380397446454	24.633344	ABORTED	0.031083852	0.15610506798839197	10.092544
pthread-wmm/safe008_power.opt.yml	false	ABORTED	0.034649514	0.19976709998445585	10.665984	ABORTED	0.0661455	0.30821645696414635	24.662016	ABORTED	0.067400978	0.33827381004812196	24.690688	ABORTED	0.030148163	0.12331321300007403	10.133504
pthread-wmm/safe018_rmo.opt.yml	false	ABORTED	0.034293703	0.2699667389970273	10.543104	ABORTED	0.067233027	0.3814486589981243	24.637440	ABORTED	0.063960628	0.2806026629987173	24.637440	ABORTED	0.031600304	0.12910251499852166	10.059776
pthread-wmm/safe000_power.opt.yml	false	ABORTED	0.034415544	0.18743359600193799	10.653696	ABORTED	0.06371384	0.2856529760174453	24.616960	ABORTED	0.064171231	0.283230243017897	24.580096	ABORTED	0.028481496	0.13638486101990566	10.133504
pthread-wmm/safe003_power.opt.yml	false	ABORTED	0.037594489	0.20665721298428252	10.653696	ABORTED	0.066545729	0.3711006969679147	24.682496	ABORTED	0.06293021	0.320923182007391	24.686592	ABORTED	0.029612129	0.15098152199061587	10.137600
pthread-wmm/safe028_rmo.yml	false	ABORTED	0.035285204	0.18936377100180835	10.661888	ABORTED	0.066047737	0.3356902889790945	24.702976	ABORTED	0.060902886	0.35161741805495694	24.657920	ABORTED	0.035502929	0.13163397699827328	10.162176
pthread-wmm/safe027_rmo.yml	false	ABORTED	0.033227986	0.13937583100050688	10.612736	ABORTED	0.065354969	0.3693380390177481	24.637440	ABORTED	0.065220208	0.3039033429813571	24.645632	ABORTED	0.026974519	0.13921132899122313	10.055680
pthread-wmm/thin002_power.opt.yml	false	ABORTED	0.036460902	0.2588738599442877	10.539008	ABORTED	0.065228178	0.2925423280103132	24.584192	ABORTED	0.069619805	0.3883461040095426	24.592384	ABORTED	0.033184628	0.1526712939958088	10.137600
pthread-wmm/safe016_rmo.oepc.yml	false	ABORTED	0.033917056	0.29481079103425145	10.600448	ABORTED	0.067975974	0.43972325598588213	24.752128	ABORTED	0.067928492	0.3897398649714887	24.727552	ABORTED	0.032905291	0.15178291400661692	10.137600
pthread-wmm/mix001.oepc.yml	false	ABORTED	0.034883033	0.16604142700089142	10.731520	ABORTED	0.067353947	0.317051708989311	24.731648	ABORTED	0.067528666	0.38266157801263034	24.625152	ABORTED	0.032275828	0.11926363199017942	10.133504
pthread-wmm/rfi006_power.oepc.yml	false	ABORTED	0.036962647	0.2630536220385693	10.616832	ABORTED	0.067480143	0.34614414296811447	24.788992	ABORTED	0.06489272	0.22865164099493995	24.702976	ABORTED	0.03413246	0.13174704695120454	10.149888
pthread-wmm/safe019_rmo.oepc.yml	false	ABORTED	0.036970137	0.2115909600397572	10.723328	ABORTED	0.064866287	0.27954113302985206	24.678400	ABORTED	0.064774575	0.29288929398171604	24.715264	ABORTED	0.029939219	0.1487837449531071	10.133504
pthread-wmm/rfi009_power.oepc.yml	false	ABORTED	0.035155442	0.2038639630191028	10.743808	ABORTED	0.070210008	0.39530142198782414	24.711168	ABORTED	0.064313294	0.39721358101814985	24.711168	ABORTED	0.033779545	0.1298329719575122	10.133504
pthread-wmm/rfi005.yml	false	ABORTED	0.035553663	0.17247985902940854	10.764288	ABORTED	0.06476975	0.24981239897897467	24.735744	ABORTED	0.067083389	0.31630062096519396	24.674304	ABORTED	0.030638616	0.15885522600729018	10.166272
pthread-wmm/rfi000_tso.yml	true	ABORTED	0.037905132	0.25154209800530225	10.694656	ABORTED	0.067171669	0.26109623099910095	24.784896	ABORTED	0.069926239	0.34470875503029674	24.662016	ABORTED	0.034169049	0.12591989402426407	10.280960
pthread-wmm/rfi000_power.oepc_pso.oepc_rmo.oepc.yml	false	ABORTED	0.033055534	0.18757107300916687	10.665984	ABORTED	0.066097726	0.39194967300863937	24.662016	ABORTED	0.071455425	0.38869518402498215	24.657920	ABORTED	0.032969852	0.1245927150011994	10.264576
pthread-deagle/arithmetic_prog_bad.yml	false	ERROR (compilation)	0.025962415	0.04837506701005623	10.002432	ERROR (compilation)	0.047341891	0.11859284300589934	23.846912	ERROR (compilation)	0.051202361	0.20015715900808573	23.846912	ERROR (compilation)	0.025127006	0.028028441010974348	9.752576
pthread-deagle/arithmetic_prog_ok.yml	true	ERROR (compilation)	0.02446174	0.06851442897459492	10.129408	ERROR (compilation)	0.048604508	0.14126412098994479	23.896064	ERROR (compilation)	0.04900213	0.12647308502346277	23.863296	ERROR (compilation)	0.022172281	0.02691929298453033	9.744384
pthread-wmm/rfi006_power.opt.yml	false	ABORTED	0.03383187	0.17479374795220792	10.711040	ABORTED	0.06644686	0.2966798059642315	24.641536	ABORTED	0.064564816	0.26778427098179236	24.780800	ABORTED	0.030170399	0.12154552497668192	10.104832
pthread-wmm/safe009_power.oepc.yml	false	ABORTED	0.035262403	0.22725230403011665	10.616832	ABORTED	0.065198318	0.3802796700038016	24.756224	ABORTED	0.068642192	0.3328081759973429	24.764416	ABORTED	0.029344988	0.12444315000902861	10.133504
pthread-wmm/safe027_power.oepc.yml	false	ABORTED	0.03595723	0.25139046099502593	10.637312	ABORTED	0.06664274	0.28491362498607486	24.743936	ABORTED	0.069073652	0.436278110020794	24.662016	ABORTED	0.028889881	0.17979282198939472	10.149888
pthread-wmm/safe019_rmo.opt.yml	false	ABORTED	0.036788917	0.2726126810302958	10.547200	ABORTED	0.066648014	0.3409375740448013	24.690688	ABORTED	0.066077518	0.28163214499363676	24.690688	ABORTED	0.031326631	0.1517247490119189	10.133504
pthread-wmm/safe020_power.yml	false	ABORTED	0.0378479	0.3078827039571479	10.678272	ABORTED	0.067209805	0.28178116399794817	24.711168	ABORTED	0.064167843	0.31619840196799487	24.797184	ABORTED	0.029026586	0.14765488798730075	10.264576
pthread-wmm/safe018_power.opt.yml	false	ABORTED	0.034703544	0.19723570701899007	10.743808	ABORTED	0.069598373	0.3972040339722298	24.743936	ABORTED	0.066536835	0.2969040149473585	24.801280	ABORTED	0.034295059	0.12530443799914792	10.272768
pthread-wmm/safe028_power.yml	false	ABORTED	0.035493548	0.1825558029813692	10.805248	ABORTED	0.06636756	0.30816508299903944	24.797184	ABORTED	0.068747611	0.2975610049907118	24.817664	ABORTED	0.032378363	0.1454049629974179	10.268672
pthread-wmm/safe016_power.oepc.yml	false	ABORTED	0.035807062	0.1915794140077196	10.776576	ABORTED	0.067098512	0.31461419799597934	24.776704	ABORTED	0.066442492	0.2381705850129947	24.764416	ABORTED	0.034339552	0.15518241398967803	10.231808
pthread-wmm/rfi003_tso.yml	true	ABORTED	0.038442509	0.2447563309688121	10.805248	ABORTED	0.069627717	0.4030319169978611	24.731648	ABORTED	0.070465317	0.319179167971015	24.760320	ABORTED	0.030114845	0.13055109197739512	10.276864
pthread-wmm/safe016_rmo.opt.yml	false	ABORTED	0.03617434	0.20500163797987625	10.719232	ABORTED	0.072542849	0.5092873509856872	24.715264	ABORTED	0.069397171	0.2865433730185032	24.719360	ABORTED	0.030268059	0.16394813597435132	10.194944
pthread-wmm/safe019_power.oepc.yml	false	ABORTED	0.0355694	0.28519390302244574	10.678272	ABORTED	0.067438304	0.28152851603226736	24.793088	ABORTED	0.067023536	0.29774957697372884	24.723456	ABORTED	0.031844683	0.15306479600258172	10.141696
pthread-wmm/rfi002_power.oepc_power.opt_pso.oepc_pso.opt_rmo.oepc_rmo.opt.yml	true	ABORTED	0.036254835	0.19332923198817298	10.788864	ABORTED	0.06684757	0.4393402080168016	24.731648	ABORTED	0.067449006	0.2751131940167397	24.760320	ABORTED	0.032401978	0.129052700009197	10.252288
pthread-wmm/safe004_power.oepc_pso.oepc_rmo.oepc.yml	false	ABORTED	0.036625812	0.32456428301520646	10.719232	ABORTED	0.067054631	0.38806744798785076	24.760320	ABORTED	0.070931166	0.3268093509832397	24.764416	ABORTED	0.033784201	0.13296296098269522	10.272768
pthread-wmm/safe003_power.oepc_pso.oepc_pso.opt_rmo.oepc_rmo.opt.yml	false	ABORTED	0.036416369	0.18999464198714122	10.878976	ABORTED	0.067606363	0.27864536602282897	24.862720	ABORTED	0.070261791	0.3211358769913204	24.764416	ABORTED	0.029700921	0.1252645009662956	10.321920
pthread-wmm/safe001_rmo.oepc.yml	false	ABORTED	0.035995352	0.23767169599886984	10.678272	ABORTED	0.071366192	0.4044476439594291	24.711168	ABORTED	0.066286341	0.2306864489801228	24.702976	ABORTED	0.032030086	0.12251204898348078	10.264576
pthread-wmm/safe032_power.oepc_power.opt_pso.oepc_pso.opt_rmo.oepc_rmo.opt.yml	false	ABORTED	0.036376194	0.2219241409911774	10.706944	ABORTED	0.06709507	0.29614339396357536	24.801280	ABORTED	0.071314138	0.4460510649951175	24.739840	ABORTED	0.031939715	0.1498968950472772	10.268672
pthread-wmm/safe015_rmo.yml	false	ABORTED	0.039478326	0.1995736850076355	10.706944	ABORTED	0.069181588	0.3226480209850706	24.809472	ABORTED	0.070045808	0.36041295202448964	24.752128	ABORTED	0.032105325	0.15882918797433376	10.215424
pthread-wmm/safe000_rmo.yml	false	ABORTED	0.035136247	0.20237744395853952	10.747904	ABORTED	0.070891696	0.3866365239955485	24.776704	ABORTED	0.066382547	0.30592875101137906	24.768512	ABORTED	0.036709285	0.1334643269656226	10.268672
pthread-wmm/safe014_rmo.opt.yml	false	ABORTED	0.034955158	0.22556718700798228	10.682368	ABORTED	0.064179697	0.2620266160229221	24.727552	ABORTED	0.066794755	0.3279994619661011	24.727552	ABORTED	0.037907561	0.15745472896378487	10.264576
pthread-wmm/safe002_rmo.oepc.yml	false	ABORTED	0.03776043	0.17087746295146644	10.805248	ABORTED	0.070810265	0.4499218720011413	24.739840	ABORTED	0.066758725	0.3246894519543275	24.731648	ABORTED	0.032498743	0.15462344198022038	10.264576
pthread-wmm/safe025_rmo.yml	false	ABORTED	0.037941135	0.2478524370235391	10.735616	ABORTED	0.065855733	0.2741218290175311	24.801280	ABORTED	0.067861473	0.26987058395752683	24.776704	ABORTED	0.028071821	0.12365573499118909	10.330112
pthread-wmm/safe019_power.opt.yml	false	ABORTED	0.039024374	0.2798995490302332	10.735616	ABORTED	0.069806262	0.29511297098360956	24.797184	ABORTED	0.071987146	0.418634976958856	24.854528	ABORTED	0.035031285	0.12683265999658033	10.268672
pthread-wmm/safe016_power.opt.yml	false	ABORTED	0.037648942	0.2509324530255981	10.809344	ABORTED	0.070253032	0.3516623090254143	24.850432	ABORTED	0.069946945	0.43754529900616035	24.879104	ABORTED	0.032546192	0.12826253398088738	10.252288
goblint-regression/28-race_reach_27-funptr_racing.yml	false	TIMEOUT	7.877622926	40.6770882679848	435.335168	TIMEOUT	9.805534931	40.78636587201618	39.706624	TIMEOUT	10.209923128	27.037395249994006	27.459584	TIMEOUT	10.996429214	11.041433730977587	444.936192
goblint-regression/28-race_reach_28-funptr_racefree.yml	true	TIMEOUT	10.04469754	24.399519314989448	437.985280	TIMEOUT	10.043492907	30.12037614901783	40.144896	TIMEOUT	10.289236796	32.765763088013045	26.992640	TIMEOUT	11.034685804	11.037781952007208	446.341120
pthread-wmm/safe023_power.oepc_power.opt_pso.oepc_pso.opt_rmo.oepc_rmo.opt.yml	false	ABORTED	0.035571867	0.2116796740447171	10.727424	ABORTED	0.070459681	0.38081594998948276	24.793088	ABORTED	0.068927271	0.38865397399058565	24.911872	ABORTED	0.034548979	0.13308801100356504	10.264576
pthread-wmm/safe027_power.opt.yml	false	ABORTED	0.039935852	0.23385792900808156	10.739712	ABORTED	0.070897525	0.44726285099750385	24.739840	ABORTED	0.066399064	0.251853846013546	24.809472	ABORTED	0.036352047	0.1529391289805062	10.268672
pthread-wmm/safe001_power.oepc.yml	false	ABORTED	0.0362609	0.2014149469905533	10.858496	ABORTED	0.074362779	0.3912494539981708	24.817664	ABORTED	0.072276497	0.3565318019827828	24.924160	ABORTED	0.033541728	0.15761257702251896	10.268672
pthread-wmm/safe015_power.opt.yml	false	ABORTED	0.037696635	0.21809100703103468	10.780672	ABORTED	0.073483807	0.5220966599881649	24.870912	ABORTED	0.076992786	0.4152450240217149	24.858624	ABORTED	0.038049426	0.1532421059673652	10.293248
pthread-wmm/safe000_power.oepc.yml	false	ABORTED	0.035664578	0.20520252303685993	10.756096	ABORTED	0.071482721	0.3841754500172101	24.866816	ABORTED	0.066654142	0.2617706469609402	24.793088	ABORTED	0.037614743	0.15030271100113168	10.293248
pthread-wmm/safe002_power.oepc.yml	false	ABORTED	0.036431347	0.14536353800212964	10.903552	ABORTED	0.072818355	0.4200208419933915	24.805376	ABORTED	0.068678942	0.30880968796554953	24.834048	ABORTED	0.032735874	0.14593359001446515	10.399744
pthread/sync01.yml	true	ERROR (compilation)	0.026228292	0.0599003600073047	10.059776	ERROR (compilation)	0.04957711	0.1362719020107761	23.838720	ERROR (compilation)	0.050925293	0.16788925603032112	23.891968	ERROR (compilation)	0.025117058	0.029877102002501488	9.744384
pthread-wmm/safe015_power.oepc.yml	false	ABORTED	0.037376355	0.19364510697778314	10.858496	ABORTED	0.074567844	0.53579171304591	24.834048	ABORTED	0.070907715	0.2958070089807734	24.936448	ABORTED	0.036627704	0.1552854889887385	10.395648
pthread-wmm/safe025_power.yml	false	ABORTED	0.039579637	0.29339389997767285	10.801152	ABORTED	0.070608954	0.3140409140032716	24.883200	ABORTED	0.070004159	0.3399369070539251	24.825856	ABORTED	0.031433851	0.14833063603146002	10.424320
goblint-regression/28-race_reach_06-cond_racing1.yml	false	TIMEOUT	10.257814894	30.483594418969005	439.136256	TIMEOUT	10.07838315	30.045097169990186	40.722432	TIMEOUT	10.233581956	31.258460854005534	26.894336	TIMEOUT	11.033181536	11.040997995005455	447.574016
goblint-regression/28-race_reach_08-cond_racefree.yml	true	TIMEOUT	9.318810192	40.80550262302859	437.391360	TIMEOUT	10.159241202	28.901051563967485	41.054208	TIMEOUT	9.357340962	40.900846471020486	25.649152	TIMEOUT	11.035062826	11.040296234947164	447.307776
goblint-regression/28-race_reach_07-cond_racing2.yml	false	TIMEOUT	8.192652733	41.181424884009175	436.101120	TIMEOUT	10.156640626	36.04727009899216	40.157184	TIMEOUT	7.50207349	41.017872154014185	24.293376	TIMEOUT	11.002170938	11.034600616956595	447.053824
goblint-regression/28-race_reach_70-funloop_racefree.yml	true	TIMEOUT	7.61818231	41.118838705995586	263.700480	TIMEOUT	8.427292726	41.025099835998844	36.962304	TIMEOUT	10.029804929	27.589907124987803	26.763264	TIMEOUT	11.034049619	11.036979804979637	450.424832
pthread/stack-1.yml	true	ERROR (unsupported external)	0.030636263	0.18316587002482265	10.264576	ERROR (unsupported external)	0.062397963	0.279600621026475	24.363008	ERROR (unsupported external)	0.058400932	0.18446663598297164	24.350720	ERROR (unsupported external)	0.027098956	0.14753494202159345	9.875456
pthread/stack_longer-2.yml	true	ERROR (unsupported external)	0.033543914	0.21882467495743185	10.248192	ERROR (unsupported external)	0.060891546	0.21914310700958595	24.289280	ERROR (unsupported external)	0.058092129	0.21442187303910032	24.358912	ERROR (unsupported external)	0.029238042	0.1487114480114542	9.879552
pthread/stack_longest-2.yml	true	ERROR (unsupported external)	0.038424013	0.2629818490240723	10.264576	ERROR (unsupported external)	0.068057562	0.21889165497850627	24.317952	ERROR (unsupported external)	0.064570359	0.21540882403496653	24.354816	ERROR (unsupported external)	0.027340219	0.14338022604351863	10.006528
pthread/stack-2.yml	false	ERROR (unsupported external)	0.031791459	0.1687408480211161	10.170368	ERROR (unsupported external)	0.058648145	0.19946250901557505	24.297472	ERROR (unsupported external)	0.055887664	0.12757650500861928	24.313856	ERROR (unsupported external)	0.033861069	0.12896668701432645	9.768960
pthread/stack_longer-1.yml	false	ERROR (unsupported external)	0.03046352	0.12760516203707084	10.391552	ERROR (unsupported external)	0.063315826	0.30900002300040796	24.375296	ERROR (unsupported external)	0.061385679	0.17950060102157295	24.334336	ERROR (unsupported external)	0.031748462	0.12893261399585754	10.051584
pthread/stack_longest-1.yml	false	ERROR (unsupported external)	0.036702238	0.16737549501704052	10.301440	ERROR (unsupported external)	0.067119264	0.2448048639926128	24.289280	ERROR (unsupported external)	0.064633873	0.2504505360266194	24.322048	ERROR (unsupported external)	0.029267624	0.1496515900362283	10.010624
goblint-regression/28-race_reach_74-tricky_address1_racefree.yml	true	ABORTED	1.425894971	4.07602160301758	10.846208	ABORTED	1.48516706	5.285197062999941	24.371200	ABORTED	1.502531812	6.92966709000757	24.354816	ABORTED	0.045850041	0.14213099796324968	19.222528
goblint-regression/28-race_reach_71-funloop_racing.yml	false	TIMEOUT	7.973096657	40.820199738955125	281.608192	TIMEOUT	10.21341951	34.511555430013686	39.825408	TIMEOUT	7.099482854	41.02984904602636	24.395776	TIMEOUT	11.030141437	11.036451479943935	450.584576
goblint-regression/28-race_reach_75-tricky_address2_racefree.yml	true	ABORTED	1.423843616	4.691795527993236	10.862592	ABORTED	1.468277279	5.2244644109741785	24.387584	ABORTED	1.492898609	4.645201481005643	24.322048	ABORTED	0.049889741	0.1679490989772603	19.267584
goblint-regression/28-race_reach_76-tricky_address3_racefree.yml	true	ABORTED	1.433250475	6.438469902030192	10.788864	ABORTED	1.488476576	7.749540921999142	24.346624	ABORTED	1.50123979	5.324620824016165	24.428544	ABORTED	0.042104675	0.14255435700761154	19.267584
goblint-regression/28-race_reach_77-tricky_address4_racing.yml	false	ABORTED	1.414145113	4.114221437019296	10.833920	ABORTED	1.469499551	4.509260707010981	24.424448	ABORTED	1.501616099	9.503538358025253	24.338432	ABORTED	0.046059881	0.17440477100899443	19.247104
goblint-regression/28-race_reach_72-funloop_hard_racing.yml	false	TIMEOUT	10.25029881	31.94569838704774	370.843648	TIMEOUT	10.277800112	35.56713604595279	40.292352	TIMEOUT	6.545657666	41.046717351011466	24.322048	TIMEOUT	11.030088147	11.036401081015356	450.457600
goblint-regression/28-race_reach_73-funloop_hard_racefree.yml	true	TIMEOUT	9.875762967	41.10000848403433	353.411072	TIMEOUT	6.957168726	41.03279129299335	34.066432	TIMEOUT	6.282660204	41.044528277998324	24.383488	TIMEOUT	10.988875444	11.037227405991871	449.277952
pthread-wmm/safe035_power.yml	true	ABORTED	0.040952928	0.29888965003192425	10.903552	ABORTED	0.079036221	0.44034177501453087	24.973312	ABORTED	0.074723689	0.37474416999612004	25.042944	ABORTED	0.034290305	0.15451579896034673	10.436608
pthread-wmm/rfi002_tso.yml	true	ABORTED	0.04023769	0.301160900038667	10.924032	ABORTED	0.079610407	0.4329511800315231	24.899584	ABORTED	0.074703245	0.36980672902427614	24.952832	ABORTED	0.034873041	0.13165270001627505	10.395648
pthread/queue_ok.yml	true	true	0.032185673	0.08125368400942534	10.473472	true	0.070833269	0.28323184500914067	24.395776	true	0.069800024	0.39458661596290767	24.408064	true	0.030732643	0.038519321009516716	9.949184
pthread/queue_ok_longer.yml	true	true	0.082346893	0.2760902760201134	14.790656	true	6.012748501	28.871786234958563	24.432640	true	3.563621837	14.196011773019563	24.375296	true	0.044271838	0.052093380014412105	14.024704
pthread/queue_ok_longest.yml	true	true	0.199889216	1.1507178770261817	19.419136	TIMEOUT	7.605061739	41.02701021102257	24.317952	TIMEOUT	10.079449984	26.70341344800545	24.367104	true	0.062753927	0.0688210700172931	18.214912
pthread/queue_longer.yml	false	false(unreach-call)	0.954008515	3.2957409259979613	14.884864	TIMEOUT	8.663654636	40.457322642963845	29.560832	false(unreach-call)	1.297331756	5.473117440007627	24.338432	false(unreach-call)	0.132894355	0.1380188050097786	13.115392
pthread/queue_longest.yml	false	false(unreach-call)	6.543637396	30.466429342981428	20.303872	TIMEOUT	10.143053387	33.569901245995425	62.959616	TIMEOUT	8.646537711	40.62265691696666	24.391680	false(unreach-call)	0.335625462	0.34343338501639664	17.285120
pthread/queue.yml	false	false(unreach-call)	0.032481787	0.08801633404800668	10.616832	false(unreach-call)	0.076734395	0.29050210904097185	24.395776	false(unreach-call)	0.063559874	0.13286737498128787	24.367104	false(unreach-call)	0.030638607	0.03481468796962872	9.953280
pthread-wmm/mix014_tso.oepc.yml	false	ABORTED	0.038925287	0.31449195597087964	10.903552	ABORTED	0.079193766	0.3532139839953743	25.100288	ABORTED	0.078816409	0.49872483004583046	25.059328	ABORTED	0.038141105	0.15331128699472174	10.416128
pthread-wmm/mix006_tso.oepc.yml	false	ABORTED	0.040242011	0.3214202260132879	10.907648	ABORTED	0.076731704	0.2387407899950631	25.092096	ABORTED	0.078310653	0.35720916697755456	25.034752	ABORTED	0.034742426	0.14680803596274927	10.399744
pthread-wmm/mix008_tso.oepc.yml	false	ABORTED	0.039503909	0.21946051297709346	10.948608	ABORTED	0.080347313	0.39665641298051924	25.042944	ABORTED	0.075079695	0.32585934398230165	25.047040	ABORTED	0.040606352	0.13484827696811408	10.399744
pthread-wmm/mix023_tso.yml	false	ABORTED	0.039726214	0.20927315001608804	11.083776	ABORTED	0.083914242	0.40132971899583936	25.096192	ABORTED	0.077455614	0.3416629530256614	25.149440	ABORTED	0.034928262	0.1522717080079019	10.530816
pthread-lit/sssc12.yml	true	ABORTED	0.028667	0.16919978702208027	10.203136	ABORTED	0.060534588	0.27107819000957534	24.227840	ABORTED	0.058117277	0.2537892439868301	24.260608	ABORTED	0.02804265	0.12370930303586647	9.740288
pthread-lit/sssc12_variant.yml	true	ABORTED	0.027713276	0.19298157800221816	10.121216	ABORTED	0.058654721	0.2960509500117041	24.150016	ABORTED	0.056023106	0.2929007360362448	24.240128	ABORTED	0.024350942	0.14426372002344579	9.723904
goblint-regression/28-race_reach_78-equ_racing.yml	false	TIMEOUT	7.559386469	41.15603903104784	435.339264	TIMEOUT	10.31864597	30.749089338991325	40.435712	TIMEOUT	7.022933839	41.03596040100092	24.424448	TIMEOUT	11.03323875	11.040593799960334	447.107072
goblint-regression/28-race_reach_79-equ_racefree.yml	true	TIMEOUT	6.92098291	41.19927106803516	434.933760	TIMEOUT	10.142777121	33.70114246796584	39.755776	TIMEOUT	10.048340311	30.03238196502207	26.619904	TIMEOUT	11.032160825	11.040026419970673	447.291392
goblint-regression/28-race_reach_81-list_racing.yml	false	TIMEOUT	10.198494154	34.81400408700574	652.468224	TIMEOUT	10.123221021	20.951352878008038	39.223296	TIMEOUT	8.430303283	41.01325762900524	24.309760	TIMEOUT	11.089255702	11.09389151603682	1510.260736
goblint-regression/28-race_reach_82-list_racefree.yml	false	TIMEOUT	10.198845791	35.431571262015495	701.112320	TIMEOUT	10.30440792	31.002450759988278	40.054784	TIMEOUT	9.262060538	41.035191054979805	25.079808	TIMEOUT	11.090383539	11.095770727028139	1492.692992
goblint-regression/28-race_reach_87-lists_racefree.yml	true	TIMEOUT	10.063040236	33.53264169499744	652.247040	TIMEOUT	10.900531565	38.55753527802881	41.295872	TIMEOUT	10.330354176	29.021697821037378	26.988544	TIMEOUT	11.053759413	11.09366825496545	1417.728000
goblint-regression/28-race_reach_91-arrayloop2_racefree.yml	true	ABORTED	6.70925012	35.49472179397708	435.908608	TIMEOUT	10.324353144	29.970780517964158	38.883328	TIMEOUT	10.228440776	33.9346384970122	27.725824	ABORTED	2.645181807	2.7538183910073712	444.297216
goblint-regression/28-race_reach_86-lists_racing.yml	false	TIMEOUT	10.079894637	33.12223573302617	651.972608	TIMEOUT	10.248005437	30.794359046034515	40.660992	TIMEOUT	10.151119962	32.25390312698437	27.258880	TIMEOUT	11.090791318	11.099091074021999	1486.909440
pthread-race-challenges/thread-local-value.yml	true	ABORTED	0.031350225	0.20785433397395536	10.133504	ABORTED	0.059706134	0.3401607050327584	24.104960	ABORTED	0.05845748	0.30239935498684645	24.104960	ABORTED	0.027981751	0.1565930109936744	9.879552
goblint-regression/28-race_reach_92-evilcollapse_racing.yml	false	ABORTED	1.447905244	3.6935019160155207	12.279808	ABORTED	1.590157549	4.405729258956853	24.371200	ABORTED	1.598425782	4.892694468959235	24.399872	ABORTED	0.048761213	0.1545816789730452	21.245952
pthread-race-challenges/thread-local-value-dynamic.yml	true	ABORTED	0.030857028	0.22121038800105453	10.141696	ABORTED	0.056764253	0.2796464270213619	24.190976	ABORTED	0.058245718	0.2875515869818628	24.227840	ABORTED	0.034774512	0.13579806900816038	10.010624
pthread-race-challenges/thread-local-pthread-value.yml	true	ERROR (compilation)	0.027534589	0.06319561001146212	9.912320	ERROR (compilation)	0.053110696	0.16065390198491514	23.601152	ERROR (compilation)	0.05130028	0.1979247229755856	23.638016	ERROR (compilation)	0.031331972	0.034181697003077716	9.875456
goblint-regression/28-race_reach_93-evilcollapse_racefree.yml	true	ABORTED	1.449827471	6.286128587962594	12.296192	ABORTED	1.570885891	3.9928218640270643	24.453120	ABORTED	1.627661991	5.77512356598163	24.473600	ABORTED	0.046953449	0.14571528800297529	21.098496
goblint-regression/28-race_reach_83-list2_racing1.yml	false	TIMEOUT	10.056228911	33.593051600968465	538.529792	TIMEOUT	10.169034144	26.27139998500934	38.019072	TIMEOUT	10.201787739	29.54814194102073	26.202112	TIMEOUT	11.087541316	11.09098214097321	1507.368960
goblint-regression/28-race_reach_85-list2_racefree.yml	true	TIMEOUT	9.155686211	40.55613094300497	486.350848	TIMEOUT	10.013466799	21.845757528033573	38.006784	TIMEOUT	10.045234952	29.97438242303906	26.238976	TIMEOUT	11.049866992	11.099489825952332	1499.774976
goblint-regression/28-race_reach_84-list2_racing2.yml	false	TIMEOUT	10.057841044	30.61624161200598	571.113472	TIMEOUT	10.13882917	19.54974912502803	37.797888	TIMEOUT	10.181924929	33.19823962403461	25.817088	TIMEOUT	11.10010952	11.107418286032043	1544.351744
goblint-regression/13-privatized_04-priv_multi_true.yml	true	ABORTED	0.029131201	0.15544531599152833	10.285056	ABORTED	0.05577871	0.2585407360456884	24.313856	ABORTED	0.058003771	0.27999049302889034	24.338432	ABORTED	0.031603875	0.15449050796451047	9.871360
goblint-regression/28-race_reach_90-arrayloop2_racing.yml	false	TIMEOUT	7.082778053	41.174056663003284	403.120128	TIMEOUT	10.099487962	28.491796238988172	36.433920	TIMEOUT	10.199749868	40.50813301996095	28.008448	TIMEOUT	11.103158685	11.108788264973555	1573.433344
pthread/bigshot_s2.yml	true	SEGMENTATION FAULT	0.034101033	0.23928020900348201	10.149888	SEGMENTATION FAULT	0.056517943	0.2870807080180384	24.215552	SEGMENTATION FAULT	0.057030454	0.2554400480003096	24.174592	SEGMENTATION FAULT	0.032154291	0.15932519099442288	9.875456
pthread/bigshot_s.yml	true	SEGMENTATION FAULT	0.030823919	0.1603402320179157	10.297344	SEGMENTATION FAULT	0.053775952	0.20093651104252785	24.203264	SEGMENTATION FAULT	0.057322465	0.24240016902331263	24.199168	SEGMENTATION FAULT	0.028775328	0.14894509798614308	9.891840
pthread/singleton.yml	false	false(unreach-call)	0.031915427	0.07658219302538782	10.194944	false(unreach-call)	0.060818714	0.1643239199765958	24.317952	false(unreach-call)	0.063337551	0.10490742401452735	24.391680	false(unreach-call)	0.036890339	0.04069758299738169	9.891840
pthread/singleton_with-uninit-problems.yml	true	true	0.033641425	0.07035529299173504	10.293248	true	0.066314586	0.1575756279635243	24.395776	true	0.062715086	0.1043664239696227	24.346624	true	0.036868439	0.04126091196667403	9.871360
pthread-C-DAC/pthread-demo-datarace-1.yml	true	SEGMENTATION FAULT	0.033235463	0.23103806702420115	10.170368	SEGMENTATION FAULT	0.05967327	0.21395900199422613	24.272896	SEGMENTATION FAULT	0.062022893	0.23979133303510025	24.305664	ERROR	0.027156412	0.035448173992335796	9.748480
goblint-regression/13-privatized_67-pthread_cond_wait_true.yml	false	ERROR (compilation)	0.031738592	0.10529454803327098	10.039296	ERROR (compilation)	0.052029039	0.09324911696603522	23.916544	ERROR (compilation)	0.054817426	0.09747235098620877	23.949312	ERROR (compilation)	0.02752326	0.035003049997612834	9.760768
goblint-regression/13-privatized_67-pthread_cond_wait_unknown_1_pos.yml	false	ERROR (compilation)	0.033764356	0.13365388597594574	10.166272	ERROR (compilation)	0.053740279	0.09539596899412572	23.900160	ERROR (compilation)	0.058562942	0.10964555398095399	23.879680	ERROR (compilation)	0.029226764	0.03850711905397475	9.744384
goblint-regression/13-privatized_67-pthread_cond_wait_unknown_1_neg.yml	false	ERROR (compilation)	0.029069186	0.07729686296079308	10.182656	ERROR (compilation)	0.051580285	0.09717459901003167	23.928832	ERROR (compilation)	0.053078671	0.08210059202974662	23.908352	ERROR (compilation)	0.027409208	0.03139759396435693	9.838592
pthread-C-DAC/pthread-demo-datarace-3.yml	false	false(unreach-call)	0.030439956	0.06827287102350965	10.477568	false(unreach-call)	0.060933995	0.10646200797054917	24.346624	false(unreach-call)	0.062440623	0.13540389999980107	24.330240	false(unreach-call)	0.032837137	0.0373845900176093	10.027008
pthread/reorder_5.yml	false	ABORTED	0.029799193	0.15765633096452802	10.362880	ABORTED	0.497158443	1.0980401849956252	24.322048	ABORTED	0.181676314	0.4182429410284385	24.326144	ABORTED	0.410540357	0.5360327800153755	10.530816
goblint-regression/28-race_reach_94-alloc_region_racing.yml	false	TIMEOUT	6.706765843	40.93021426204359	434.855936	TIMEOUT	10.879680863	15.912349168967921	45.907968	TIMEOUT	10.448490682	30.528956360998563	27.996160	TIMEOUT	11.002343795	11.036696479015518	446.599168
pthread/reorder_2.yml	false	ABORTED	0.032715317	0.19948551402194425	10.248192	false(unreach-call)	0.074899737	0.11878242797683924	24.317952	false(unreach-call)	0.065868579	0.1921765690203756	24.342528	false(unreach-call)	0.040228103	0.048807583982124925	10.006528
pthread-C-DAC/pthread-finding-k-matches.yml	true	ABORTED	0.051528226	0.333084448997397	10.969088	ABORTED	0.090945925	0.2566939059761353	24.449024	ABORTED	0.09687055	0.36996470199665055	24.428544	ABORTED	0.037533332	0.13952729798620567	11.059200
pthread-C-DAC/pthread-numerical-integration.yml	true	ABORTED	0.034105224	0.2364627909846604	10.342400	ABORTED	0.056646137	0.2058627869701013	24.403968	ABORTED	0.061021986	0.3484498370089568	24.461312	ABORTED	0.030033809	0.13685892400098965	9.879552
pthread/twostage_3.yml	false	ABORTED	0.031370575	0.1919018590124324	10.375168	false(unreach-call)	0.059729759	0.08949725702404976	24.461312	false(unreach-call)	0.061937984	0.1757393010193482	24.440832	false(unreach-call)	0.0335568	0.03968175494810566	9.900032
pthread-complex/elimination_backoff_stack.yml	false	ABORTED	0.039600469	0.21663534396793693	10.604544	ABORTED	0.068459222	0.23147332097869366	24.727552	ABORTED	0.071311621	0.3958992499974556	24.694784	ABORTED	0.037401328	0.13482320500770584	10.141696
pthread-complex/bounded_buffer.yml	false	ERROR (compilation)	0.033973383	0.1415563229820691	10.190848	ERROR (compilation)	0.052887037	0.0890965840080753	24.051712	ERROR (compilation)	0.060355502	0.21943174698390067	24.055808	ERROR (compilation)	0.027530067	0.035324315016623586	9.953280
ldv-races/race-1_1-join.yml	true	true	0.029941947	0.13155905704479665	10.133504	true	0.052666947	0.1091734140063636	24.264704	true	0.060519015	0.21308221900835633	24.281088	true	0.025606774	0.031449287955183536	9.838592
pthread-complex/safestack_relacy.yml	false	ERROR (17)	0.19073826	0.9295945190242492	11.153408	TIMEOUT	10.712086631	14.198381439957302	43.065344	TIMEOUT	10.356201432	29.745620339992456	24.268800	TIMEOUT	11.008024004	11.013966655998956	38.436864
ldv-races/race-1_3-join.yml	false	false(unreach-call)	0.029475144	0.04499122401466593	10.170368	false(unreach-call)	0.057081581	0.12720948603237048	24.309760	false(unreach-call)	0.060785359	0.20122841699048877	24.301568	false(unreach-call)	0.032890813	0.03585899801691994	9.752576
ldv-races/race-1_2-join.yml	false	false(unreach-call)	0.029870533	0.05469232203904539	10.190848	false(unreach-call)	0.053901167	0.1129985119914636	24.260608	false(unreach-call)	0.058064949	0.2277193660265766	24.330240	false(unreach-call)	0.02460955	0.030862244020681828	9.744384
ldv-races/race-4_1-thread_local_vars.yml	true	true	0.033492362	0.14077264600200579	10.182656	true	0.054326868	0.12882879003882408	24.436736	true	0.060243603	0.1831677530426532	24.358912	TIMEOUT	11.004253599	11.011238769977354	9.875456
pthread-complex/workstealqueue_mutex-2.yml	true	ABORTED	0.045031656	0.30550985102308914	11.948032	ABORTED	0.069549913	0.2825998750049621	24.649728	ABORTED	0.074740722	0.42507053504232317	24.612864	false(unreach-call)	0.034668977	0.03968671499751508	10.137600
ldv-linux-3.14-races/linux-3.14--drivers--spi--spi-tegra20-slink.ko.cil.yml	false	ERROR (compilation)	0.072308409	0.3278292050235905	12.865536	ERROR (compilation)	0.077926864	0.1986008319654502	26.873856	ERROR (compilation)	0.080434523	0.19140094995964319	26.746880	ABORTED	0.089807205	0.2153085820027627	15.507456
ldv-races/race-2_1-container_of.yml	true	true	0.031383363	0.11505228496389464	10.137600	true	0.053872404	0.09967965399846435	24.403968	true	0.057722942	0.2257448179880157	24.375296	true	0.029204717	0.035610457009170204	9.875456
ldv-races/race-3_1-container_of-global.yml	true	true	0.033226669	0.13959554600296542	10.231808	true	0.053327198	0.11508624197449535	24.399872	true	0.057770358	0.12255793903023005	24.432640	true	0.028493003	0.036848970979917794	9.875456
ldv-races/race-2_2-container_of.yml	false	true	0.032858114	0.13642156700370833	10.170368	true	0.054052149	0.10836340399691835	24.399872	true	0.058788766	0.1401556829805486	24.420352	true	0.034378099	0.038115612987894565	9.895936
ldv-races/race-3_2-container_of-global.yml	false	true	0.03014708	0.06836062896763906	10.268672	true	0.056273124	0.19327757402788848	24.399872	true	0.057163175	0.14858541102148592	24.412160	true	0.026497651	0.03495593403931707	9.875456
ldv-races/race-2_5-container_of.yml	false	true	0.030792333	0.07618534000357613	10.338304	true	0.054664628	0.11262649402488023	24.403968	true	0.060927671	0.19010654499288648	24.412160	true	0.030171328	0.03838055796222761	9.875456
ldv-races/race-2_4-container_of.yml	false	true	0.032254929	0.13109888305189088	10.366976	true	0.055330101	0.13789571198867634	24.371200	true	0.062029037	0.22484454000368714	24.379392	true	0.031865298	0.03564557200297713	9.883648
ldv-races/race-2_3-container_of.yml	false	true	0.030538065	0.07216844602953643	10.334208	true	0.053712198	0.1038576919818297	24.403968	true	0.059254628	0.16250490001402795	24.379392	true	0.027045794	0.03495619003660977	9.957376
libvsync/ttaslock.yml	true	SEGMENTATION FAULT	0.067234677	0.4007468149648048	11.329536	SEGMENTATION FAULT	0.076569646	0.27721573202870786	25.047040	SEGMENTATION FAULT	0.078449021	0.3222613100078888	25.079808	SEGMENTATION FAULT	0.063321353	0.17912385298404843	11.317248
libvsync/ticketlock.yml	true	SEGMENTATION FAULT	0.06097663	0.41903340397402644	11.374592	SEGMENTATION FAULT	0.076217906	0.24729263200424612	25.063424	SEGMENTATION FAULT	0.082500898	0.30828061199281365	25.079808	SEGMENTATION FAULT	0.05905213	0.18539132899604738	11.321344
libvsync/semaphore.yml	true	SEGMENTATION FAULT	0.066744879	0.3228079659747891	11.354112	SEGMENTATION FAULT	0.082683553	0.24497036705724895	25.116672	SEGMENTATION FAULT	0.081586138	0.3468829949852079	25.124864	SEGMENTATION FAULT	0.05794936	0.17974921298446134	11.190272
libvsync/mcslock.yml	true	SEGMENTATION FAULT	0.059030423	0.3026358649949543	11.448320	SEGMENTATION FAULT	0.080111852	0.2754718500073068	25.161728	SEGMENTATION FAULT	0.084979572	0.311957179044839	25.182208	SEGMENTATION FAULT	0.058430567	0.17730310797924176	11.448320
libvsync/bounded_mpmc_check_full.yml	true	SEGMENTATION FAULT	0.065887376	0.2933833159622736	11.395072	SEGMENTATION FAULT	0.075982818	0.23275652102893218	25.190400	SEGMENTATION FAULT	0.083300572	0.334709363989532	25.092096	SEGMENTATION FAULT	0.058163	0.16220798902213573	11.341824
libvsync/arraylock.yml	true	SEGMENTATION FAULT	0.060609942	0.4270791690214537	11.370496	SEGMENTATION FAULT	0.083562743	0.257156556006521	25.055232	SEGMENTATION FAULT	0.084904273	0.39908734802156687	25.067520	SEGMENTATION FAULT	0.062223555	0.18901166104478762	11.354112
libvsync/rec_ticketlock.yml	true	SEGMENTATION FAULT	0.072849977	0.4689135850057937	11.501568	SEGMENTATION FAULT	0.079623861	0.29240295401541516	25.227264	SEGMENTATION FAULT	0.08283465	0.31154622603207827	25.190400	SEGMENTATION FAULT	0.05824608	0.1593763530254364	11.464704
libvsync/rwlock.yml	true	SEGMENTATION FAULT	0.061643749	0.4082099010120146	11.501568	SEGMENTATION FAULT	0.080506705	0.31184920598752797	25.202688	SEGMENTATION FAULT	0.087354694	0.4058580010314472	25.305088	SEGMENTATION FAULT	0.060833551	0.1851290490012616	11.448320
libvsync/cnalock.yml	true	SEGMENTATION FAULT	0.074075007	0.4757682989584282	11.530240	SEGMENTATION FAULT	0.087597123	0.2772375210188329	25.313280	SEGMENTATION FAULT	0.090107249	0.4504481280455366	25.358336	SEGMENTATION FAULT	0.060609227	0.18718707602238283	11.567104
libvsync/rec_mcslock.yml	true	SEGMENTATION FAULT	0.06191638	0.42745706997811794	11.530240	SEGMENTATION FAULT	0.081261925	0.37756755197187886	25.235456	SEGMENTATION FAULT	0.085914294	0.3103713750024326	25.243648	SEGMENTATION FAULT	0.064573869	0.18090699997264892	11.456512
libvsync/hclhlock.yml	true	SEGMENTATION FAULT	0.068695315	0.29550318303518	11.599872	SEGMENTATION FAULT	0.083989953	0.31069134903373197	25.325568	SEGMENTATION FAULT	0.08929178	0.3478551530279219	25.403392	SEGMENTATION FAULT	0.064541887	0.1829582949867472	11.444224
libvsync/hmcslock.yml	true	SEGMENTATION FAULT	0.065764304	0.4456867999979295	11.759616	SEGMENTATION FAULT	0.09637163	0.2759466819697991	25.538560	SEGMENTATION FAULT	0.099745036	0.34885741799371317	25.575424	SEGMENTATION FAULT	0.062442072	0.18701803794829175	11.579392
ldv-linux-3.14-races/linux-3.14--drivers--usb--misc--adutux.ko.cil.yml	false	ERROR (compilation)	0.069108535	0.20318393799243495	13.504512	ERROR (compilation)	0.08559134	0.09157159097958356	27.459584	ERROR (compilation)	0.085022995	0.227599746955093	27.451392	ABORTED	0.091435062	0.1937624670099467	16.166912
pthread-driver-races/char_generic_nvram_read_nvram_nvram_unlocked_ioctl.yml	true	ERROR (compilation)	0.028561339	0.14433272799942642	10.240000	ERROR (compilation)	0.049559614	0.07739159103948623	24.031232	ERROR (compilation)	0.051379849	0.11433861602563411	24.010752	ERROR (compilation)	0.0323333	0.03829504601890221	10.006528
pthread-driver-races/char_generic_nvram_nvram_unlocked_ioctl_write_nvram.yml	true	ERROR (compilation)	0.027603227	0.08128916198620573	10.252288	ERROR (compilation)	0.048746552	0.09992480394430459	24.043520	ERROR (compilation)	0.051487261	0.19176247797440737	23.998464	ERROR (compilation)	0.02968841	0.03269811696372926	9.875456
pthread-driver-races/char_generic_nvram_read_nvram_write_nvram.yml	false	ERROR (compilation)	0.027185064	0.06850746599957347	10.326016	ERROR (compilation)	0.05188537	0.11229568300768733	24.121344	ERROR (compilation)	0.051327504	0.10421652399236336	24.076288	ERROR (compilation)	0.033265764	0.03690642997389659	9.879552
pthread-driver-races/char_pc8736x_gpio_pc8736x_gpio_open_pc8736x_gpio_set.yml	true	ERROR (compilation)	0.027816972	0.04870615404797718	10.301440	ERROR (compilation)	0.0475579	0.05500850698444992	24.006656	ERROR (compilation)	0.050709984	0.1139906559837982	24.055808	ERROR (compilation)	0.030503359	0.037663170020096004	9.875456
pthread-driver-races/char_pc8736x_gpio_pc8736x_gpio_open_pc8736x_gpio_change.yml	true	ERROR (compilation)	0.029636604	0.12865949398837984	10.137600	ERROR (compilation)	0.051212836	0.08399961004033685	23.961600	ERROR (compilation)	0.050890945	0.11217058403417468	23.957504	ERROR (compilation)	0.029653152	0.03325616696383804	9.879552
pthread-driver-races/char_pc8736x_gpio_pc8736x_gpio_get_pc8736x_gpio_set.yml	true	ERROR (compilation)	0.030480221	0.13921290304278955	10.199040	ERROR (compilation)	0.050803739	0.12275964498985559	23.949312	ERROR (compilation)	0.051306919	0.12603899696841836	24.043520	ERROR (compilation)	0.027484475	0.03348859999096021	10.006528
pthread-driver-races/char_pc8736x_gpio_pc8736x_gpio_open_pc8736x_gpio_current.yml	true	ERROR (compilation)	0.027030793	0.07144832704216242	10.293248	ERROR (compilation)	0.050593035	0.05868313100654632	24.080384	ERROR (compilation)	0.051616316	0.12090808199718595	23.949312	ERROR (compilation)	0.02666738	0.03171883599134162	9.879552
pthread-driver-races/char_pc8736x_gpio_pc8736x_gpio_open_pc8736x_gpio_get.yml	true	ERROR (compilation)	0.028230118	0.05892980098724365	10.256384	ERROR (compilation)	0.051093475	0.08146718901116401	24.002560	ERROR (compilation)	0.051635268	0.199568274023477	24.039424	ERROR (compilation)	0.028368469	0.034423356992192566	9.875456
pthread-driver-races/char_pc8736x_gpio_pc8736x_gpio_change_pc8736x_gpio_get.yml	true	ERROR (compilation)	0.031250239	0.1374788319808431	10.244096	ERROR (compilation)	0.04779542	0.054943431983701885	23.957504	ERROR (compilation)	0.050607774	0.17318742902716622	23.986176	ERROR (compilation)	0.036615532	0.041354303015396	9.879552
pthread-driver-races/char_pc8736x_gpio_pc8736x_gpio_configure_pc8736x_gpio_set.yml	true	ERROR (compilation)	0.030794096	0.1522745260153897	10.145792	ERROR (compilation)	0.049641672	0.10728727496461943	23.973888	ERROR (compilation)	0.052735575	0.15190952003467828	24.068096	ERROR (compilation)	0.029902661	0.03940378100378439	9.875456
pthread-driver-races/char_pc8736x_gpio_pc8736x_gpio_open_pc8736x_gpio_configure.yml	true	ERROR (compilation)	0.029206398	0.12902029004180804	10.137600	ERROR (compilation)	0.049159355	0.058683320006821305	24.068096	ERROR (compilation)	0.049791086	0.11980336997658014	23.990272	ERROR (compilation)	0.033143563	0.036688836000394076	9.875456
pthread-driver-races/char_pc8736x_gpio_pc8736x_gpio_current_pc8736x_gpio_get.yml	true	ERROR (compilation)	0.027946781	0.08162575995083898	10.240000	ERROR (compilation)	0.050169216	0.09102403902215883	24.080384	ERROR (compilation)	0.051128754	0.13070595398312435	24.047616	ERROR (compilation)	0.03436221	0.038702667981851846	9.875456
pthread-driver-races/char_pc8736x_gpio_pc8736x_gpio_change_pc8736x_gpio_configure.yml	true	ERROR (compilation)	0.02768256	0.06177846499485895	10.182656	ERROR (compilation)	0.054812986	0.06197575601981953	24.018944	ERROR (compilation)	0.053940718	0.1780867410125211	24.109056	ERROR (compilation)	0.033301056	0.03708682203432545	9.748480
pthread-driver-races/char_pc8736x_gpio_pc8736x_gpio_configure_pc8736x_gpio_current.yml	true	ERROR (compilation)	0.029714462	0.1438838680041954	10.104832	ERROR (compilation)	0.048824423	0.16355438699247316	24.035328	ERROR (compilation)	0.053000706	0.1471188750001602	24.023040	ERROR (compilation)	0.033370607	0.03530540899373591	9.891840
pthread-driver-races/char_pc8736x_gpio_pc8736x_gpio_configure_pc8736x_gpio_get.yml	true	ERROR (compilation)	0.027105981	0.07450571696972474	10.272768	ERROR (compilation)	0.047326098	0.053087804990354925	24.023040	ERROR (compilation)	0.055030186	0.12287123000714928	24.027136	ERROR (compilation)	0.029875163	0.03860471898224205	9.879552
pthread-driver-races/char_pc8736x_gpio_pc8736x_gpio_change_pc8736x_gpio_set.yml	false	ERROR (compilation)	0.031318982	0.1519035510136746	10.166272	ERROR (compilation)	0.05044967	0.10913635801989585	24.072192	ERROR (compilation)	0.050530445	0.1093868890311569	24.084480	ERROR (compilation)	0.028836546	0.03643865999765694	9.879552
pthread-driver-races/char_pc8736x_gpio_pc8736x_gpio_current_pc8736x_gpio_set.yml	false	ERROR (compilation)	0.029481213	0.134212862001732	10.317824	ERROR (compilation)	0.053874402	0.07587069901637733	24.080384	ERROR (compilation)	0.05358939	0.16586385003756732	24.027136	ERROR (compilation)	0.030934842	0.038478533970192075	9.879552
pthread-driver-races/char_pc8736x_gpio_pc8736x_gpio_change_pc8736x_gpio_current.yml	false	ERROR (compilation)	0.028214256	0.06041086500044912	10.203136	ERROR (compilation)	0.050617981	0.061063751054462045	24.068096	ERROR (compilation)	0.052610585	0.0981111410073936	24.039424	ERROR (compilation)	0.028297793	0.0344988540164195	9.879552
ldv-linux-3.14-races/linux-3.14--drivers--net--irda--w83977af_ir.ko.cil.yml	false	ERROR (compilation)	0.068944958	0.2133315009996295	15.147008	ERROR (compilation)	0.092475654	0.32145575602771714	29.036544	ERROR (compilation)	0.093737393	0.3259859390091151	29.077504	ABORTED	0.103556139	0.23380858200835064	17.367040
ldv-linux-3.14-races/linux-3.14--drivers--net--irda--nsc-ircc.ko.cil.yml	false	ERROR (compilation)	0.096019994	0.5468613789998926	15.724544	ERROR (compilation)	0.10269833	0.13752518501132727	29.679616	ERROR (compilation)	0.10461524	0.2558709429576993	29.720576	ABORTED	0.131295435	0.2614054519799538	19.599360
ldv-linux-3.14-races/linux-3.14--drivers--media--platform--marvell-ccic--cafe_ccic.ko.cil-1.yml	true	SEGMENTATION FAULT	0.205510925	1.2966913080308586	21.508096	SEGMENTATION FAULT	0.296929009	0.47762069501914084	36.491264	SEGMENTATION FAULT	0.318776979	0.9064050170127302	36.409344	SEGMENTATION FAULT	0.123582553	0.2474121760460548	19.333120
ldv-linux-3.14-races/linux-3.14--drivers--media--platform--marvell-ccic--cafe_ccic.ko.cil-2.yml	false	ERROR (compilation)	0.105104815	0.5920315959956497	15.671296	ERROR (compilation)	0.102745245	0.13019374501891434	29.687808	ERROR (compilation)	0.111403182	0.2568446579971351	29.675520	SEGMENTATION FAULT	0.123534707	0.22815835499204695	19.333120
