variant	model	repetition	task	status	category	cpu_s	wall_s	memory_bytes	executions	snapshot_bytes	base_bytes	lazy_checks	lazy_candidates
before	sc	r01	c/goblint-regression/13-privatized_66-mine-W-init_true.yml	true	correct	0.068285896	0.07280467497184873	25792512.0	1	0	0	0	0
before	sc	r01	c/goblint-regression/36-apron_41-threadenter-no-locals_unknown_1_pos.yml	false(unreach-call)	correct	0.064277525	0.07074187102261931	25784320.0	0	0	0	0	0
before	sc	r01	c/goblint-regression/36-apron_16-traces-unprot2_true.yml	true	correct	0.06793181	0.07242019299883395	25800704.0	1	0	0	0	0
before	sc	r01	c/goblint-regression/13-privatized_57-singlethreaded-unlock_true.yml	true	correct	0.071597334	0.07319624908268452	25747456.0	1	0	0	0	0
before	sc	r01	c/goblint-regression/13-privatized_47-refine-protected2_true.yml	true	correct	0.062955525	0.06914477003738284	25796608.0	2	2536	768	0	0
before	sc	r01	c/goblint-regression/13-privatized_46-refine-protected1_true.yml	true	correct	0.065973851	0.07225344807375222	25849856.0	1	0	0	0	0
before	sc	r01	c/goblint-regression/36-apron_11-traces-max-simple_true.yml	true	correct	0.065711327	0.07962274109013379	25825280.0	2	2536	768	0	0
before	sc	r01	c/goblint-regression/13-privatized_41-traces-ex-7_unknown_1_pos.yml	false(unreach-call)	correct	0.057891741	0.06547259399667382	25812992.0	0	2736	832	0	0
before	sc	r01	c/goblint-regression/13-privatized_41-traces-ex-7_unknown_1_neg.yml	false(unreach-call)	correct	0.069280192	0.07675671798642725	25804800.0	0	0	0	0	0
before	sc	r01	c/goblint-regression/13-privatized_40-traces-ex-6_true.yml	true	correct	0.06272058	0.06745210592634976	25772032.0	1	2936	896	0	0
before	sc	r01	c/goblint-regression/13-privatized_58-singlethreaded-lock_true.yml	true	correct	0.070356982	0.07796895201317966	25780224.0	1	0	0	0	0
before	sc	r01	c/goblint-regression/13-privatized_44-traces-mine2_true.yml	true	correct	0.063654215	0.07068910100497305	25800704.0	1	2736	832	0	0
before	sc	r01	c/goblint-regression/13-privatized_18-first-reads_unknown_2_pos.yml	false(unreach-call)	correct	0.068954896	0.07436865998897702	25862144.0	0	1736	512	0	0
before	sc	r01	c/goblint-regression/13-privatized_18-first-reads_unknown_1_neg.yml	false(unreach-call)	correct	0.067334987	0.06975570297800004	25845760.0	0	1736	512	0	0
before	sc	r01	c/goblint-regression/13-privatized_36-traces-ex-3_true.yml	true	correct	0.057332264	0.06393850001040846	25825280.0	3	3736	1152	0	0
before	sc	r01	c/goblint-regression/13-privatized_18-first-reads_true.yml	true	correct	0.06754173	0.07251314097084105	25833472.0	2	2536	768	0	0
before	sc	r01	c/goblint-regression/13-privatized_35-traces-ex-2_true.yml	true	correct	0.068015311	0.07456284400541335	25755648.0	2	4136	1280	0	0
before	sc	r01	c/goblint-regression/13-privatized_37-traces-ex-4_true.yml	true	correct	0.065022724	0.0694456750061363	25812992.0	2	3136	960	0	0
before	sc	r01	c/goblint-regression/13-privatized_38-traces-ex-4-switch_true.yml	true	correct	0.073934407	0.07797835010569543	25829376.0	2	4136	1280	0	0
before	sc	r01	c/goblint-regression/13-privatized_19-publish-precision_unknown_1_pos.yml	false(unreach-call)	correct	0.064242764	0.07024447398725897	25858048.0	0	2736	832	0	0
before	sc	r01	c/goblint-regression/13-privatized_19-publish-precision_unknown_2_pos.yml	false(unreach-call)	correct	0.068696734	0.07218835002277046	25882624.0	0	0	0	0	0
before	sc	r01	c/goblint-regression/13-privatized_19-publish-precision_unknown_1_neg.yml	false(unreach-call)	correct	0.065712531	0.07366907398682088	25829376.0	0	0	0	0	0
before	sc	r01	c/goblint-regression/13-privatized_19-publish-precision_unknown_2_neg.yml	false(unreach-call)	correct	0.059291603	0.06799840496387333	25788416.0	0	2736	832	0	0
before	sc	r01	c/goblint-regression/13-privatized_45-traces-per-global-and-current-lock-mine-incomparable_true.yml	true	correct	0.067979062	0.07445531606208533	25726976.0	2	4136	1280	0	0
before	sc	r01	c/goblint-regression/13-privatized_01-priv_nr_true.yml	true	correct	0.067088064	0.0713747589616105	25849856.0	2	3336	1024	0	0
before	sc	r01	c/goblint-regression/13-privatized_19-publish-precision_true.yml	true	correct	0.063855728	0.07037971296813339	25755648.0	3	3736	1152	0	0
before	sc	r01	c/goblint-regression/13-privatized_42-traces-ex-mini_true.yml	true	correct	0.064736541	0.06944857002235949	25870336.0	2	3936	1216	0	0
before	sc	r01	c/goblint-regression/13-privatized_33-traces-v-matters_true.yml	true	correct	0.068528693	0.07284782000351697	25825280.0	1	3936	1216	0	0
before	sc	r01	c/goblint-regression/13-privatized_25-struct_nr_true.yml	true	correct	0.06938221	0.07353334699291736	25907200.0	2	3336	1024	0	0
before	sc	r01	c/goblint-regression/13-privatized_69-refine-protected-loop-interval_true.yml	true	correct	0.069752389	0.07597906596492976	25853952.0	0	0	0	0	0
before	sc	r01	c/goblint-regression/36-apron_17-traces-rpb-litmus_unknown_1_neg.yml	false(unreach-call)	correct	0.057886512	0.06480996299069375	25800704.0	0	0	0	0	0
before	sc	r01	c/goblint-regression/13-privatized_31-traces-mine-vs-mutex_true.yml	true	correct	0.067747123	0.07607803493738174	25780224.0	4	5136	1600	0	0
before	sc	r01	c/goblint-regression/13-privatized_20-publish-regression_true.yml	true	correct	0.066706549	0.0733607659349218	25804800.0	2	2536	768	0	0
before	sc	r01	c/goblint-regression/13-privatized_30-traces-oplus-vs-meet_true.yml	true	correct	0.071696546	0.0756486461032182	25792512.0	2	4336	1344	0	0
before	sc	r01	c/goblint-regression/13-privatized_32-traces-mine-vs-oplus-vs-meet_true.yml	true	correct	0.069204151	0.07576442894060165	25849856.0	3	6136	1920	0	0
before	sc	r01	c/goblint-regression/13-privatized_34-traces-minepp-L-needs-to-be-um_true.yml	true	correct	0.071961728	0.07748163200449198	25784320.0	1	2936	896	0	0
before	sc	r01	c/goblint-regression/13-privatized_68-pfscan_protected_loop_minimal_interval_true.yml	true	correct	0.067518241	0.07374937599524856	25853952.0	0	0	0	0	0
before	sc	r01	c/goblint-regression/13-privatized_29-multiple-protecting2-vesal_true.yml	true	correct	0.063557055	0.06777593307197094	25870336.0	4	6336	1984	0	0
before	sc	r01	c/goblint-regression/13-privatized_24-multiple-protecting_true.yml	true	correct	0.068177282	0.0721358209848404	25866240.0	7	10536	3328	0	0
before	sc	r01	c/goblint-regression/36-apron_21-traces-cluster-based_true.yml	true	correct	0.071318265	0.07676646299660206	25956352.0	6	7136	2240	0	0
before	sc	r01	c/goblint-regression/36-apron_22-traces-write-centered-vs-meet-mutex_true_no-overflow.yml	true	correct	0.071371011	0.07497202896047384	25829376.0	1	0	0	0	0
before	sc	r01	c/goblint-regression/13-privatized_27-multiple-protecting2_true.yml	true	correct	0.076907572	0.08500122593250126	25858048.0	26	12336	3904	0	0
before	sc	r01	c/pthread-ext/14_spin2003.yml	true	correct	0.070275948	0.07304562500212342	25833472.0	0	0	0	0	0
before	sc	r01	c/pthread-ext/29_conditionals_vs.yml	true	correct	0.071654596	0.07543605496175587	25829376.0	0	0	0	0	0
before	sc	r01	c/pthread-ext/48_ticket_lock_low_contention_vs-pthread.yml	true	correct	0.062333839	0.07337927108164877	25858048.0	0	0	0	0	0
before	sc	r01	c/pthread-ext/46_monabsex2_vs.yml	true	correct	0.054756147	0.05896472302265465	25812992.0	0	0	0	0	0
before	sc	r01	c/pthread-ext/45_monabsex1_vs.yml	true	correct	0.066171144	0.07224460295401514	25862144.0	0	0	0	0	0
before	sc	r01	c/pthread/stateful01-1.yml	false(unreach-call)	correct	0.071695506	0.07682966603897512	25817088.0	0	6336	1984	0	0
before	sc	r01	c/pthread/stateful01-2.yml	true	correct	0.069084983	0.08043901307974011	25894912.0	6	6536	2048	0	0
before	sc	r01	c/pthread-atomic/time_var_mutex.yml	true	correct	0.073541707	0.0819315769476816	25866240.0	2	5736	1792	0	0
before	sc	r01	c/pthread-ext/01b_inc.yml	true	correct	0.070092918	0.07170147600118071	25862144.0	0	0	0	0	0
before	sc	r01	c/pthread/triangular-1.yml	true	correct	6.194426586	6.208170422934927	25837568.0	16632	27336	8704	0	0
before	sc	r01	c/pthread/triangular-2.yml	false(unreach-call)	correct	1.472328933	1.4833321559708565	25923584.0	3638	27336	8704	0	0
before	sc	r01	c/pthread-ext/02_inc_cas.yml	true	correct	0.072596296	0.07533750601578504	25878528.0	0	0	0	0	0
before	sc	r01	c/goblint-regression/28-race_reach_21-deref_read_racing.yml	false(unreach-call)	correct	3.570498264	3.587845501024276	56512512.0	0	0	0	0	0
before	sc	r01	c/pthread-ext/48_ticket_lock_low_contention_vs.yml	true	correct	0.068799353	0.07696944498457015	25837568.0	0	0	0	0	0
before	sc	r01	c/goblint-regression/28-race_reach_37-indirect_racing.yml	false(unreach-call)	correct	12.82738073	12.85484580998309	2061103104.0	0	1807053072	1680820	0	0
before	sc	r01	c/goblint-regression/28-race_reach_45-escape_racing.yml	false(unreach-call)	correct	0.067946441	0.07350544701330364	25853952.0	0	3936	1216	0	0
before	sc	r01	c/goblint-regression/28-race_reach_46-escape_racefree.yml	true	correct	0.067924128	0.07131773896981031	25903104.0	2	3536	1088	0	0
before	sc	r01	c/goblint-regression/28-race_reach_01-simple_racing.yml	false(unreach-call)	correct	12.705341684	12.733859303058125	2061058048.0	0	1807007952	1680796	0	0
before	sc	r01	c/goblint-regression/28-race_reach_11-ptr_racing.yml	false(unreach-call)	correct	12.795975087	12.87297380703967	2061029376.0	0	1807007952	1680796	0	0
before	sc	r01	c/pthread-deagle/circular_buffer_bad.yml	false(unreach-call)	correct	0.071250975	0.07895387604366988	25968640.0	1	34136	10880	0	0
before	sc	r01	c/pthread/fib_safe-5.yml	true	correct	3.759804412	3.8162796249380335	25915392.0	2772	194536	62208	0	0
before	sc	r01	c/pthread/fib_safe-6.yml	true	correct	18.685399944	18.754956046002917	25825280.0	12012	281136	89920	0	0
before	sc	r01	c/pthread/fib_unsafe-5.yml	false(unreach-call)	correct	1.02639575	1.0361999520100653	25894912.0	632	194536	62208	0	0
before	sc	r01	c/pthread/fib_unsafe-6.yml	false(unreach-call)	correct	5.226376539	5.236268195905723	25821184.0	2942	281136	89920	0	0
before	sc	r01	c/pthread/fib_unsafe-7.yml	false(unreach-call)	correct	24.952769437	24.982530231936835	25829376.0	13238	319136	102080	0	0
before	sc	r01	c/goblint-regression/28-race_reach_24-sound_lock_racing.yml	false(unreach-call)	correct	12.325083805	12.384866765001789	2060988416.0	0	1807007952	1680796	0	0
before	sc	r01	c/pthread/lazy01.yml	false(unreach-call)	correct	0.068590877	0.07435908098705113	25948160.0	1	5336	1664	0	0
before	sc	r01	c/pthread-deagle/circular_buffer_ok.yml	true	correct	3.051752403	3.059452015091665	25989120.0	3432	185736	59392	0	0
before	sc	r01	c/pthread-atomic/szymanski.yml	true	correct	0.06512343	0.07252540998160839	25808896.0	6	5936	1856	0	0
before	sc	r01	c/pthread-atomic/dekker.yml	true	correct	0.064398379	0.07182990806177258	25829376.0	4	6336	1984	0	0
before	sc	r01	c/pthread-atomic/dekker-unfair.yml	true	correct	0.066368461	0.0723319889511913	25821184.0	4	6336	1984	0	0
before	sc	r01	c/pthread-theta/unwind3-1.yml	false(unreach-call)	correct	0.070969279	0.07482003490440547	25960448.0	1	3736	1152	0	0
before	sc	r01	c/pthread-theta/exponential-nondet.yml	true	correct	0.061640833	0.07014127203729004	25972736.0	1	0	0	0	0
before	sc	r01	c/pthread-theta/unwind2-1.yml	false(unreach-call)	correct	0.065261373	0.07329146796837449	25972736.0	1	0	0	0	0
before	sc	r01	c/pthread-theta/unwind2-100.yml	false(unreach-call)	correct	0.067298918	0.07291185099165887	25960448.0	1	0	0	0	0
before	sc	r01	c/pthread/butterfly.yml	true	correct	13.382843963	13.431622624048032	25956352.0	64560	12136	3840	0	0
before	sc	r01	c/pthread-ext/43_NetBSD_sysmon_power_sliced.yml	true	correct	0.061790456	0.06498511100653559	25739264.0	0	0	0	0	0
before	sc	r01	c/goblint-regression/28-race_reach_06-cond_racing1.yml	false(unreach-call)	correct	12.039499586	12.06154529307969	2060976128.0	0	1807007952	1680796	0	0
before	sc	r01	c/pthread/queue_ok.yml	true	correct	0.064858597	0.06897209899034351	26046464.0	2	183336	58624	0	0
before	sc	r01	c/pthread/queue_ok_longer.yml	true	correct	0.444037214	0.4519637080375105	79421440.0	2	23936072	2830196	0	0
before	sc	r01	c/pthread/queue_ok_longest.yml	true	correct	1.572831497	1.601324084913358	276971520.0	2	94781648	10971212	0	0
before	sc	r01	c/pthread/queue_longer.yml	TIMEOUT	error	61.038682206	61.07636800408363	1139924992.0					
before	sc	r01	c/pthread/queue.yml	false(unreach-call)	correct	0.085807479	0.09307866601739079	26017792.0	2	160936	51456	0	0
before	sc	r01	c/pthread/singleton.yml	false(unreach-call)	correct	0.066281865	0.07390254898928106	26058752.0	1	8736	2752	0	0
before	sc	r01	c/pthread/singleton_with-uninit-problems.yml	true	correct	0.072540939	0.07867903495207429	26083328.0	4	8936	2816	0	0
before	sc	r01	c/pthread-C-DAC/pthread-demo-datarace-3.yml	false(unreach-call)	correct	0.121493475	0.1279554470675066	25866240.0	0	262136	83840	0	0
before	sc	r01	c/pthread/reorder_2.yml	false(unreach-call)	correct	0.142945541	0.15043375408276916	25960448.0	162	32936	10496	0	0
before	sc	r01	c/pthread/twostage_3.yml	false(unreach-call)	correct	0.076914543	0.09050275001209229	26222592.0	4	40136	12800	0	0
before	sc	r01	c/ldv-races/race-1_1-join.yml	true	correct	0.065070758	0.06989997602067888	26013696.0	1	0	0	0	0
before	sc	r01	c/ldv-races/race-1_3-join.yml	false(unreach-call)	correct	0.066396193	0.07401111896615475	26087424.0	1	4736	1472	0	0
before	sc	r01	c/ldv-races/race-1_2-join.yml	false(unreach-call)	correct	0.063149226	0.07461259700357914	26091520.0	1	4736	1472	0	0
before	sc	r01	c/ldv-races/race-4_1-thread_local_vars.yml	true	correct	0.06514089	0.07583256298676133	26181632.0	0	0	0	0	0
before	sc	r01	c/ldv-races/race-2_1-container_of.yml	true	correct	0.067154375	0.0742647829465568	26087424.0	1	0	0	0	0
before	sc	r01	c/ldv-races/race-3_1-container_of-global.yml	true	correct	0.065142647	0.07535403303336352	26099712.0	1	0	0	0	0
before	sc	r02	c/goblint-regression/13-privatized_66-mine-W-init_true.yml	true	correct	0.060000718	0.06538513698615134	25808896.0	1	0	0	0	0
before	sc	r02	c/goblint-regression/36-apron_41-threadenter-no-locals_unknown_1_pos.yml	false(unreach-call)	correct	0.068494397	0.07581144594587386	25804800.0	0	0	0	0	0
before	sc	r02	c/goblint-regression/36-apron_16-traces-unprot2_true.yml	true	correct	0.06520153	0.06955855491105467	25694208.0	1	0	0	0	0
before	sc	r02	c/goblint-regression/13-privatized_57-singlethreaded-unlock_true.yml	true	correct	0.070396451	0.07269532908685505	25776128.0	1	0	0	0	0
before	sc	r02	c/goblint-regression/13-privatized_47-refine-protected2_true.yml	true	correct	0.069158087	0.07747596898116171	25767936.0	2	2536	768	0	0
before	sc	r02	c/goblint-regression/13-privatized_46-refine-protected1_true.yml	true	correct	0.066974491	0.0704410650068894	25817088.0	1	0	0	0	0
before	sc	r02	c/goblint-regression/36-apron_11-traces-max-simple_true.yml	true	correct	0.069141425	0.07330310600809753	25808896.0	2	2536	768	0	0
before	sc	r02	c/goblint-regression/13-privatized_41-traces-ex-7_unknown_1_pos.yml	false(unreach-call)	correct	0.06386017	0.068831728072837	25722880.0	0	2736	832	0	0
before	sc	r02	c/goblint-regression/13-privatized_41-traces-ex-7_unknown_1_neg.yml	false(unreach-call)	correct	0.066338971	0.0804083450930193	25821184.0	0	0	0	0	0
before	sc	r02	c/goblint-regression/13-privatized_40-traces-ex-6_true.yml	true	correct	0.060989042	0.07690678699873388	25751552.0	1	2936	896	0	0
before	sc	r02	c/goblint-regression/13-privatized_58-singlethreaded-lock_true.yml	true	correct	0.06491269	0.07372808002401143	25833472.0	1	0	0	0	0
before	sc	r02	c/goblint-regression/13-privatized_44-traces-mine2_true.yml	true	correct	0.073678948	0.08502038195729256	25751552.0	1	2736	832	0	0
before	sc	r02	c/goblint-regression/13-privatized_18-first-reads_unknown_2_pos.yml	false(unreach-call)	correct	0.065566643	0.07174256897997111	25903104.0	0	1736	512	0	0
before	sc	r02	c/goblint-regression/13-privatized_18-first-reads_unknown_1_neg.yml	false(unreach-call)	correct	0.065693261	0.07084426493383944	25841664.0	0	1736	512	0	0
before	sc	r02	c/goblint-regression/13-privatized_36-traces-ex-3_true.yml	true	correct	0.069681731	0.07492506795097142	25735168.0	3	3736	1152	0	0
before	sc	r02	c/goblint-regression/13-privatized_18-first-reads_true.yml	true	correct	0.066496472	0.06839442404452711	25772032.0	2	2536	768	0	0
before	sc	r02	c/goblint-regression/13-privatized_35-traces-ex-2_true.yml	true	correct	0.055214395	0.06395632599014789	25825280.0	2	4136	1280	0	0
before	sc	r02	c/goblint-regression/13-privatized_37-traces-ex-4_true.yml	true	correct	0.072534976	0.08188515098299831	25882624.0	2	3136	960	0	0
before	sc	r02	c/goblint-regression/13-privatized_38-traces-ex-4-switch_true.yml	true	correct	0.067558068	0.07344588194973767	25821184.0	2	4136	1280	0	0
before	sc	r02	c/goblint-regression/13-privatized_19-publish-precision_unknown_1_pos.yml	false(unreach-call)	correct	0.071703273	0.0751906119985506	25845760.0	0	2736	832	0	0
before	sc	r02	c/goblint-regression/13-privatized_19-publish-precision_unknown_2_pos.yml	false(unreach-call)	correct	0.073061173	0.07553547597490251	25817088.0	0	0	0	0	0
before	sc	r02	c/goblint-regression/13-privatized_19-publish-precision_unknown_1_neg.yml	false(unreach-call)	correct	0.067623808	0.07142558798659593	25796608.0	0	0	0	0	0
before	sc	r02	c/goblint-regression/13-privatized_19-publish-precision_unknown_2_neg.yml	false(unreach-call)	correct	0.069527004	0.07478131505195051	25804800.0	0	2736	832	0	0
before	sc	r02	c/goblint-regression/13-privatized_45-traces-per-global-and-current-lock-mine-incomparable_true.yml	true	correct	0.067422998	0.07237258704844862	25878528.0	2	4136	1280	0	0
before	sc	r02	c/goblint-regression/13-privatized_01-priv_nr_true.yml	true	correct	0.064509364	0.06724511994980276	25825280.0	2	3336	1024	0	0
before	sc	r02	c/goblint-regression/13-privatized_19-publish-precision_true.yml	true	correct	0.065987028	0.07599422603379935	25858048.0	3	3736	1152	0	0
before	sc	r02	c/goblint-regression/13-privatized_42-traces-ex-mini_true.yml	true	correct	0.066112305	0.07300811097957194	25829376.0	2	3936	1216	0	0
before	sc	r02	c/goblint-regression/13-privatized_33-traces-v-matters_true.yml	true	correct	0.073354475	0.0762901670532301	25747456.0	1	3936	1216	0	0
before	sc	r02	c/goblint-regression/13-privatized_25-struct_nr_true.yml	true	correct	0.064396885	0.06876512500457466	25853952.0	2	3336	1024	0	0
before	sc	r02	c/goblint-regression/13-privatized_69-refine-protected-loop-interval_true.yml	true	correct	0.071167309	0.07517697394359857	25853952.0	0	0	0	0	0
before	sc	r02	c/goblint-regression/36-apron_17-traces-rpb-litmus_unknown_1_neg.yml	false(unreach-call)	correct	0.069206596	0.07388197793625295	25755648.0	0	0	0	0	0
before	sc	r02	c/goblint-regression/13-privatized_31-traces-mine-vs-mutex_true.yml	true	correct	0.064686882	0.06799795490223914	25841664.0	4	5136	1600	0	0
before	sc	r02	c/goblint-regression/13-privatized_20-publish-regression_true.yml	true	correct	0.063786338	0.06932986807078123	25812992.0	2	2536	768	0	0
before	sc	r02	c/goblint-regression/13-privatized_30-traces-oplus-vs-meet_true.yml	true	correct	0.068094386	0.07600461994297802	25882624.0	2	4336	1344	0	0
before	sc	r02	c/goblint-regression/13-privatized_32-traces-mine-vs-oplus-vs-meet_true.yml	true	correct	0.07034432	0.07400124799460173	25845760.0	3	6136	1920	0	0
before	sc	r02	c/goblint-regression/13-privatized_34-traces-minepp-L-needs-to-be-um_true.yml	true	correct	0.067468455	0.07515102904289961	25878528.0	1	2936	896	0	0
before	sc	r02	c/goblint-regression/13-privatized_68-pfscan_protected_loop_minimal_interval_true.yml	true	correct	0.071460298	0.07915275706909597	25866240.0	0	0	0	0	0
before	sc	r02	c/goblint-regression/13-privatized_29-multiple-protecting2-vesal_true.yml	true	correct	0.069764646	0.07432055403478444	25812992.0	4	6336	1984	0	0
before	sc	r02	c/goblint-regression/13-privatized_24-multiple-protecting_true.yml	true	correct	0.069785777	0.07457773992791772	25845760.0	7	10536	3328	0	0
before	sc	r02	c/goblint-regression/36-apron_21-traces-cluster-based_true.yml	true	correct	0.067880761	0.07270213798619807	25903104.0	6	7136	2240	0	0
before	sc	r02	c/goblint-regression/36-apron_22-traces-write-centered-vs-meet-mutex_true_no-overflow.yml	true	correct	0.072311894	0.07695361005607992	25825280.0	1	0	0	0	0
before	sc	r02	c/goblint-regression/13-privatized_27-multiple-protecting2_true.yml	true	correct	0.081542936	0.08659727801568806	25948160.0	26	12336	3904	0	0
before	sc	r02	c/pthread-ext/14_spin2003.yml	true	correct	0.069045969	0.07395527709741145	25747456.0	0	0	0	0	0
before	sc	r02	c/pthread-ext/29_conditionals_vs.yml	true	correct	0.065574482	0.07108482194598764	25829376.0	0	0	0	0	0
before	sc	r02	c/pthread-ext/48_ticket_lock_low_contention_vs-pthread.yml	true	correct	0.070830257	0.07313748495653272	25800704.0	0	0	0	0	0
before	sc	r02	c/pthread-ext/46_monabsex2_vs.yml	true	correct	0.068890447	0.07640425197314471	25808896.0	0	0	0	0	0
before	sc	r02	c/pthread-ext/45_monabsex1_vs.yml	true	correct	0.065919507	0.07464636594522744	25849856.0	0	0	0	0	0
before	sc	r02	c/pthread/stateful01-1.yml	false(unreach-call)	correct	0.063846578	0.06955195497721434	25919488.0	0	6336	1984	0	0
before	sc	r02	c/pthread/stateful01-2.yml	true	correct	0.069950585	0.07607083092443645	25837568.0	6	6536	2048	0	0
before	sc	r02	c/pthread-atomic/time_var_mutex.yml	true	correct	0.068758752	0.07105586200486869	25952256.0	2	5736	1792	0	0
before	sc	r02	c/pthread-ext/01b_inc.yml	true	correct	0.067545784	0.07445581199135631	25890816.0	0	0	0	0	0
before	sc	r02	c/pthread/triangular-1.yml	true	correct	6.265584308	6.277370886062272	25952256.0	16632	27336	8704	0	0
before	sc	r02	c/pthread/triangular-2.yml	false(unreach-call)	correct	1.471765515	1.4794584339251742	25886720.0	3638	27336	8704	0	0
before	sc	r02	c/pthread-ext/02_inc_cas.yml	true	correct	0.067313744	0.07178508001379669	25767936.0	0	0	0	0	0
before	sc	r02	c/goblint-regression/28-race_reach_21-deref_read_racing.yml	false(unreach-call)	correct	3.732799629	3.7450215299613774	56328192.0	0	0	0	0	0
before	sc	r02	c/pthread-ext/48_ticket_lock_low_contention_vs.yml	true	correct	0.063289764	0.06823810201603919	25792512.0	0	0	0	0	0
before	sc	r02	c/goblint-regression/28-race_reach_37-indirect_racing.yml	false(unreach-call)	correct	12.715213062	12.744757791981101	2060984320.0	0	1807053072	1680820	0	0
before	sc	r02	c/goblint-regression/28-race_reach_45-escape_racing.yml	false(unreach-call)	correct	0.066401037	0.0733536520274356	25841664.0	0	3936	1216	0	0
before	sc	r02	c/goblint-regression/28-race_reach_46-escape_racefree.yml	true	correct	0.074205181	0.0769339210819453	25825280.0	2	3536	1088	0	0
before	sc	r02	c/goblint-regression/28-race_reach_01-simple_racing.yml	false(unreach-call)	correct	12.720056765	12.794555761036463	2061053952.0	0	1807007952	1680796	0	0
before	sc	r02	c/goblint-regression/28-race_reach_11-ptr_racing.yml	false(unreach-call)	correct	12.709694664	12.76450869103428	2061049856.0	0	1807007952	1680796	0	0
before	sc	r02	c/pthread-deagle/circular_buffer_bad.yml	false(unreach-call)	correct	0.071356517	0.07762267801444978	25927680.0	1	34136	10880	0	0
before	sc	r02	c/pthread/fib_safe-5.yml	true	correct	3.753921368	3.7774466309929267	25825280.0	2772	194536	62208	0	0
before	sc	r02	c/pthread/fib_safe-6.yml	true	correct	18.624367239	18.8883599920664	25817088.0	12012	281136	89920	0	0
before	sc	r02	c/pthread/fib_unsafe-5.yml	false(unreach-call)	correct	1.033108537	1.0394513020291924	25833472.0	632	194536	62208	0	0
before	sc	r02	c/pthread/fib_unsafe-6.yml	false(unreach-call)	correct	5.221985058	5.236016131006181	25829376.0	2942	281136	89920	0	0
before	sc	r02	c/pthread/fib_unsafe-7.yml	false(unreach-call)	correct	24.985001854	25.00597870303318	25829376.0	13238	319136	102080	0	0
before	sc	r02	c/goblint-regression/28-race_reach_24-sound_lock_racing.yml	false(unreach-call)	correct	12.348509171	12.389079609070905	2061053952.0	0	1807007952	1680796	0	0
before	sc	r02	c/pthread/lazy01.yml	false(unreach-call)	correct	0.064974836	0.06685329403262585	25874432.0	1	5336	1664	0	0
before	sc	r02	c/pthread-deagle/circular_buffer_ok.yml	true	correct	3.029608115	3.0389388649491593	25956352.0	3432	185736	59392	0	0
before	sc	r02	c/pthread-atomic/szymanski.yml	true	correct	0.066350197	0.07249738497193903	25870336.0	6	5936	1856	0	0
before	sc	r02	c/pthread-atomic/dekker.yml	true	correct	0.064097924	0.06732053298037499	25870336.0	4	6336	1984	0	0
before	sc	r02	c/pthread-atomic/dekker-unfair.yml	true	correct	0.067851073	0.07532748195808381	25825280.0	4	6336	1984	0	0
before	sc	r02	c/pthread-theta/unwind3-1.yml	false(unreach-call)	correct	0.06777284	0.07447307999245822	25886720.0	1	3736	1152	0	0
before	sc	r02	c/pthread-theta/exponential-nondet.yml	true	correct	0.065402342	0.07424968190025538	25952256.0	1	0	0	0	0
before	sc	r02	c/pthread-theta/unwind2-1.yml	false(unreach-call)	correct	0.064942832	0.07267215102910995	25862144.0	1	0	0	0	0
before	sc	r02	c/pthread-theta/unwind2-100.yml	false(unreach-call)	correct	0.068896918	0.07251823204569519	25952256.0	1	0	0	0	0
before	sc	r02	c/pthread/butterfly.yml	true	correct	13.365753104	13.496528048068285	25976832.0	64560	12136	3840	0	0
before	sc	r02	c/pthread-ext/43_NetBSD_sysmon_power_sliced.yml	true	correct	0.065377225	0.07066096097696573	25833472.0	0	0	0	0	0
before	sc	r02	c/goblint-regression/28-race_reach_06-cond_racing1.yml	false(unreach-call)	correct	11.936616273	11.965668102027848	2061029376.0	0	1807007952	1680796	0	0
before	sc	r02	c/pthread/queue_ok.yml	true	correct	0.066720233	0.07525186298880726	25964544.0	2	183336	58624	0	0
before	sc	r02	c/pthread/queue_ok_longer.yml	true	correct	0.450044514	0.45614622300490737	79441920.0	2	23936072	2830196	0	0
before	sc	r02	c/pthread/queue_ok_longest.yml	true	correct	1.561100786	1.5722593769896775	276971520.0	2	94781648	10971212	0	0
before	sc	r02	c/pthread/queue_longer.yml	TIMEOUT	error	60.976283113	61.07746154000051	1142296576.0					
before	sc	r02	c/pthread/queue.yml	false(unreach-call)	correct	0.091642564	0.0975001270417124	26042368.0	2	160936	51456	0	0
before	sc	r02	c/pthread/singleton.yml	false(unreach-call)	correct	0.066889552	0.07531117706093937	26071040.0	1	8736	2752	0	0
before	sc	r02	c/pthread/singleton_with-uninit-problems.yml	true	correct	0.073480683	0.07768976199440658	26083328.0	4	8936	2816	0	0
before	sc	r02	c/pthread-C-DAC/pthread-demo-datarace-3.yml	false(unreach-call)	correct	0.119014588	0.12531391705852002	25960448.0	0	262136	83840	0	0
before	sc	r02	c/pthread/reorder_2.yml	false(unreach-call)	correct	0.13704147	0.14539700897876173	25956352.0	162	32936	10496	0	0
before	sc	r02	c/pthread/twostage_3.yml	false(unreach-call)	correct	0.077843947	0.08487793197855353	26083328.0	4	40136	12800	0	0
before	sc	r02	c/ldv-races/race-1_1-join.yml	true	correct	0.06679371	0.07348745199851692	26091520.0	1	0	0	0	0
before	sc	r02	c/ldv-races/race-1_3-join.yml	false(unreach-call)	correct	0.066853928	0.07336426002439111	26087424.0	1	4736	1472	0	0
before	sc	r02	c/ldv-races/race-1_2-join.yml	false(unreach-call)	correct	0.063991638	0.07108305604197085	26030080.0	1	4736	1472	0	0
before	sc	r02	c/ldv-races/race-4_1-thread_local_vars.yml	true	correct	0.064433748	0.080518834060058	26112000.0	0	0	0	0	0
before	sc	r02	c/ldv-races/race-2_1-container_of.yml	true	correct	0.066200444	0.07725744904018939	26083328.0	1	0	0	0	0
before	sc	r02	c/ldv-races/race-3_1-container_of-global.yml	true	correct	0.06617325	0.07221797993406653	26091520.0	1	0	0	0	0
before	sc	r03	c/goblint-regression/13-privatized_66-mine-W-init_true.yml	true	correct	0.067193368	0.0720778190298006	25735168.0	1	0	0	0	0
before	sc	r03	c/goblint-regression/36-apron_41-threadenter-no-locals_unknown_1_pos.yml	false(unreach-call)	correct	0.069408646	0.07256551505997777	25722880.0	0	0	0	0	0
before	sc	r03	c/goblint-regression/36-apron_16-traces-unprot2_true.yml	true	correct	0.054742905	0.06822721497155726	25743360.0	1	0	0	0	0
before	sc	r03	c/goblint-regression/13-privatized_57-singlethreaded-unlock_true.yml	true	correct	0.066551669	0.07341916591394693	25808896.0	1	0	0	0	0
before	sc	r03	c/goblint-regression/13-privatized_47-refine-protected2_true.yml	true	correct	0.066604109	0.06890880293212831	25739264.0	2	2536	768	0	0
before	sc	r03	c/goblint-regression/13-privatized_46-refine-protected1_true.yml	true	correct	0.070340084	0.07426603697240353	25759744.0	1	0	0	0	0
before	sc	r03	c/goblint-regression/36-apron_11-traces-max-simple_true.yml	true	correct	0.065199318	0.06756696500815451	25739264.0	2	2536	768	0	0
before	sc	r03	c/goblint-regression/13-privatized_41-traces-ex-7_unknown_1_pos.yml	false(unreach-call)	correct	0.065130499	0.07212359504774213	25841664.0	0	2736	832	0	0
before	sc	r03	c/goblint-regression/13-privatized_41-traces-ex-7_unknown_1_neg.yml	false(unreach-call)	correct	0.065404375	0.07065662206150591	25772032.0	0	0	0	0	0
before	sc	r03	c/goblint-regression/13-privatized_40-traces-ex-6_true.yml	true	correct	0.058945747	0.06174800405278802	25841664.0	1	2936	896	0	0
before	sc	r03	c/goblint-regression/13-privatized_58-singlethreaded-lock_true.yml	true	correct	0.069737031	0.07681210502050817	25780224.0	1	0	0	0	0
before	sc	r03	c/goblint-regression/13-privatized_44-traces-mine2_true.yml	true	correct	0.068388772	0.07152286800555885	25796608.0	1	2736	832	0	0
before	sc	r03	c/goblint-regression/13-privatized_18-first-reads_unknown_2_pos.yml	false(unreach-call)	correct	0.063304937	0.06918231607414782	25817088.0	0	1736	512	0	0
before	sc	r03	c/goblint-regression/13-privatized_18-first-reads_unknown_1_neg.yml	false(unreach-call)	correct	0.064534032	0.07047304406296462	25878528.0	0	1736	512	0	0
before	sc	r03	c/goblint-regression/13-privatized_36-traces-ex-3_true.yml	true	correct	0.070800663	0.07307172403670847	25833472.0	3	3736	1152	0	0
before	sc	r03	c/goblint-regression/13-privatized_18-first-reads_true.yml	true	correct	0.063432591	0.06758581497706473	25837568.0	2	2536	768	0	0
before	sc	r03	c/goblint-regression/13-privatized_35-traces-ex-2_true.yml	true	correct	0.071350337	0.07782313693314791	25747456.0	2	4136	1280	0	0
before	sc	r03	c/goblint-regression/13-privatized_37-traces-ex-4_true.yml	true	correct	0.058117426	0.06600773904938251	25825280.0	2	3136	960	0	0
before	sc	r03	c/goblint-regression/13-privatized_38-traces-ex-4-switch_true.yml	true	correct	0.069472558	0.0728423660621047	25780224.0	2	4136	1280	0	0
before	sc	r03	c/goblint-regression/13-privatized_19-publish-precision_unknown_1_pos.yml	false(unreach-call)	correct	0.068158717	0.07762463507242501	25878528.0	0	2736	832	0	0
before	sc	r03	c/goblint-regression/13-privatized_19-publish-precision_unknown_2_pos.yml	false(unreach-call)	correct	0.063743103	0.0687759070424363	25784320.0	0	0	0	0	0
before	sc	r03	c/goblint-regression/13-privatized_19-publish-precision_unknown_1_neg.yml	false(unreach-call)	correct	0.065417629	0.07149479794315994	25763840.0	0	0	0	0	0
before	sc	r03	c/goblint-regression/13-privatized_19-publish-precision_unknown_2_neg.yml	false(unreach-call)	correct	0.067070651	0.0724019700428471	25862144.0	0	2736	832	0	0
before	sc	r03	c/goblint-regression/13-privatized_45-traces-per-global-and-current-lock-mine-incomparable_true.yml	true	correct	0.069138663	0.07498823897913098	25759744.0	2	4136	1280	0	0
before	sc	r03	c/goblint-regression/13-privatized_01-priv_nr_true.yml	true	correct	0.067259739	0.07868312590289861	25817088.0	2	3336	1024	0	0
before	sc	r03	c/goblint-regression/13-privatized_19-publish-precision_true.yml	true	correct	0.064957843	0.07456998794805259	25821184.0	3	3736	1152	0	0
before	sc	r03	c/goblint-regression/13-privatized_42-traces-ex-mini_true.yml	true	correct	0.068174878	0.07544845691882074	25833472.0	2	3936	1216	0	0
before	sc	r03	c/goblint-regression/13-privatized_33-traces-v-matters_true.yml	true	correct	0.066279107	0.07306406204588711	25833472.0	1	3936	1216	0	0
before	sc	r03	c/goblint-regression/13-privatized_25-struct_nr_true.yml	true	correct	0.071406163	0.07311564299743623	25780224.0	2	3336	1024	0	0
before	sc	r03	c/goblint-regression/13-privatized_69-refine-protected-loop-interval_true.yml	true	correct	0.064966865	0.0705959330080077	25882624.0	0	0	0	0	0
before	sc	r03	c/goblint-regression/36-apron_17-traces-rpb-litmus_unknown_1_neg.yml	false(unreach-call)	correct	0.062308576	0.06724816397763789	25882624.0	0	0	0	0	0
before	sc	r03	c/goblint-regression/13-privatized_31-traces-mine-vs-mutex_true.yml	true	correct	0.068590172	0.07442008203361183	25878528.0	4	5136	1600	0	0
before	sc	r03	c/goblint-regression/13-privatized_20-publish-regression_true.yml	true	correct	0.069912115	0.07639836799353361	25825280.0	2	2536	768	0	0
before	sc	r03	c/goblint-regression/13-privatized_30-traces-oplus-vs-meet_true.yml	true	correct	0.064683412	0.06845618900842965	25825280.0	2	4336	1344	0	0
before	sc	r03	c/goblint-regression/13-privatized_32-traces-mine-vs-oplus-vs-meet_true.yml	true	correct	0.069927336	0.07379743899218738	25800704.0	3	6136	1920	0	0
before	sc	r03	c/goblint-regression/13-privatized_34-traces-minepp-L-needs-to-be-um_true.yml	true	correct	0.067965317	0.0745387029601261	25841664.0	1	2936	896	0	0
before	sc	r03	c/goblint-regression/13-privatized_68-pfscan_protected_loop_minimal_interval_true.yml	true	correct	0.070196422	0.080108602065593	25853952.0	0	0	0	0	0
before	sc	r03	c/goblint-regression/13-privatized_29-multiple-protecting2-vesal_true.yml	true	correct	0.072215107	0.07479645300190896	25837568.0	4	6336	1984	0	0
before	sc	r03	c/goblint-regression/13-privatized_24-multiple-protecting_true.yml	true	correct	0.071077219	0.0753650589613244	25841664.0	7	10536	3328	0	0
before	sc	r03	c/goblint-regression/36-apron_21-traces-cluster-based_true.yml	true	correct	0.071602632	0.07989768101833761	25841664.0	6	7136	2240	0	0
before	sc	r03	c/goblint-regression/36-apron_22-traces-write-centered-vs-meet-mutex_true_no-overflow.yml	true	correct	0.075792474	0.08065739995799959	25858048.0	1	0	0	0	0
before	sc	r03	c/goblint-regression/13-privatized_27-multiple-protecting2_true.yml	true	correct	0.067970813	0.07817192492075264	25915392.0	26	12336	3904	0	0
before	sc	r03	c/pthread-ext/14_spin2003.yml	true	correct	0.063420447	0.07046091801021248	25821184.0	0	0	0	0	0
before	sc	r03	c/pthread-ext/29_conditionals_vs.yml	true	correct	0.065704045	0.07172767294105142	25710592.0	0	0	0	0	0
before	sc	r03	c/pthread-ext/48_ticket_lock_low_contention_vs-pthread.yml	true	correct	0.084291679	0.09343812800943851	25825280.0	0	0	0	0	0
before	sc	r03	c/pthread-ext/46_monabsex2_vs.yml	true	correct	0.06782602	0.07348067499697208	25825280.0	0	0	0	0	0
before	sc	r03	c/pthread-ext/45_monabsex1_vs.yml	true	correct	0.067562546	0.07199592993129045	25735168.0	0	0	0	0	0
before	sc	r03	c/pthread/stateful01-1.yml	false(unreach-call)	correct	0.070489006	0.07384977396577597	25890816.0	0	6336	1984	0	0
before	sc	r03	c/pthread/stateful01-2.yml	true	correct	0.072263809	0.07639390195254236	25862144.0	6	6536	2048	0	0
before	sc	r03	c/pthread-atomic/time_var_mutex.yml	true	correct	0.059205102	0.06194130191579461	25960448.0	2	5736	1792	0	0
before	sc	r03	c/pthread-ext/01b_inc.yml	true	correct	0.062939669	0.07564233196899295	25817088.0	0	0	0	0	0
before	sc	r03	c/pthread/triangular-1.yml	true	correct	6.205920399	6.22027682303451	25866240.0	16632	27336	8704	0	0
before	sc	r03	c/pthread/triangular-2.yml	false(unreach-call)	correct	1.496376651	1.5096011430723593	25972736.0	3638	27336	8704	0	0
before	sc	r03	c/pthread-ext/02_inc_cas.yml	true	correct	0.069157791	0.07217707892414182	25874432.0	0	0	0	0	0
before	sc	r03	c/goblint-regression/28-race_reach_21-deref_read_racing.yml	false(unreach-call)	correct	3.533591084	3.5504145929589868	56479744.0	0	0	0	0	0
before	sc	r03	c/pthread-ext/48_ticket_lock_low_contention_vs.yml	true	correct	0.06381164	0.0808640670729801	25780224.0	0	0	0	0	0
before	sc	r03	c/goblint-regression/28-race_reach_37-indirect_racing.yml	false(unreach-call)	correct	12.714222963	12.77306833700277	2061017088.0	0	1807053072	1680820	0	0
before	sc	r03	c/goblint-regression/28-race_reach_45-escape_racing.yml	false(unreach-call)	correct	0.07444826	0.08025426999665797	25927680.0	0	3936	1216	0	0
before	sc	r03	c/goblint-regression/28-race_reach_46-escape_racefree.yml	true	correct	0.063708474	0.07666227896697819	25841664.0	2	3536	1088	0	0
before	sc	r03	c/goblint-regression/28-race_reach_01-simple_racing.yml	false(unreach-call)	correct	12.753507702	12.880954756983556	2061049856.0	0	1807007952	1680796	0	0
before	sc	r03	c/goblint-regression/28-race_reach_11-ptr_racing.yml	false(unreach-call)	correct	12.659786817	12.696748618036509	2061053952.0	0	1807007952	1680796	0	0
before	sc	r03	c/pthread-deagle/circular_buffer_bad.yml	false(unreach-call)	correct	0.074556826	0.08154738694429398	25939968.0	1	34136	10880	0	0
before	sc	r03	c/pthread/fib_safe-5.yml	true	correct	3.701936005	3.7357879449846223	25870336.0	2772	194536	62208	0	0
before	sc	r03	c/pthread/fib_safe-6.yml	true	correct	18.7981343	18.8354245290393	25862144.0	12012	281136	89920	0	0
before	sc	r03	c/pthread/fib_unsafe-5.yml	false(unreach-call)	correct	1.036636141	1.046133449068293	25866240.0	632	194536	62208	0	0
before	sc	r03	c/pthread/fib_unsafe-6.yml	false(unreach-call)	correct	5.2130585	5.232795133953914	25821184.0	2942	281136	89920	0	0
before	sc	r03	c/pthread/fib_unsafe-7.yml	false(unreach-call)	correct	24.977849686	25.002228218945675	25837568.0	13238	319136	102080	0	0
before	sc	r03	c/goblint-regression/28-race_reach_24-sound_lock_racing.yml	false(unreach-call)	correct	12.333752736	12.38512346195057	2061074432.0	0	1807007952	1680796	0	0
before	sc	r03	c/pthread/lazy01.yml	false(unreach-call)	correct	0.0621868	0.06789933901745826	25858048.0	1	5336	1664	0	0
before	sc	r03	c/pthread-deagle/circular_buffer_ok.yml	true	correct	3.028975902	3.0447405430022627	25956352.0	3432	185736	59392	0	0
before	sc	r03	c/pthread-atomic/szymanski.yml	true	correct	0.068585438	0.07475803198758513	25825280.0	6	5936	1856	0	0
before	sc	r03	c/pthread-atomic/dekker.yml	true	correct	0.064925292	0.07015151402447373	25911296.0	4	6336	1984	0	0
before	sc	r03	c/pthread-atomic/dekker-unfair.yml	true	correct	0.067093794	0.07163678400684148	25849856.0	4	6336	1984	0	0
before	sc	r03	c/pthread-theta/unwind3-1.yml	false(unreach-call)	correct	0.066727359	0.07184464100282639	25825280.0	1	3736	1152	0	0
before	sc	r03	c/pthread-theta/exponential-nondet.yml	true	correct	0.064858842	0.07167932100128382	25927680.0	1	0	0	0	0
before	sc	r03	c/pthread-theta/unwind2-1.yml	false(unreach-call)	correct	0.068159776	0.07461595407221466	25964544.0	1	0	0	0	0
before	sc	r03	c/pthread-theta/unwind2-100.yml	false(unreach-call)	correct	0.065693866	0.07397325709462166	25952256.0	1	0	0	0	0
before	sc	r03	c/pthread/butterfly.yml	true	correct	13.470067667	13.485339006991126	26087424.0	64560	12136	3840	0	0
before	sc	r03	c/pthread-ext/43_NetBSD_sysmon_power_sliced.yml	true	correct	0.064379088	0.06844495190307498	25825280.0	0	0	0	0	0
before	sc	r03	c/goblint-regression/28-race_reach_06-cond_racing1.yml	false(unreach-call)	correct	11.991494033	12.133939897990786	2061070336.0	0	1807007952	1680796	0	0
before	sc	r03	c/pthread/queue_ok.yml	true	correct	0.074616811	0.07713105995208025	25980928.0	2	183336	58624	0	0
before	sc	r03	c/pthread/queue_ok_longer.yml	true	correct	0.438618431	0.4452332300134003	79376384.0	2	23936072	2830196	0	0
before	sc	r03	c/pthread/queue_ok_longest.yml	true	correct	1.571629341	1.584055056096986	276848640.0	2	94781648	10971212	0	0
before	sc	r03	c/pthread/queue_longer.yml	TIMEOUT	error	60.974005043	61.07819644396659	1128943616.0					
before	sc	r03	c/pthread/queue.yml	false(unreach-call)	correct	0.086928892	0.09096078004222363	26050560.0	2	160936	51456	0	0
before	sc	r03	c/pthread/singleton.yml	false(unreach-call)	correct	0.069889409	0.07480402092915028	26087424.0	1	8736	2752	0	0
before	sc	r03	c/pthread/singleton_with-uninit-problems.yml	true	correct	0.06951606	0.07576214999426156	26013696.0	4	8936	2816	0	0
before	sc	r03	c/pthread-C-DAC/pthread-demo-datarace-3.yml	false(unreach-call)	correct	0.116698514	0.12582644599024206	25845760.0	0	262136	83840	0	0
before	sc	r03	c/pthread/reorder_2.yml	false(unreach-call)	correct	0.13914329	0.14889008004684	26087424.0	162	32936	10496	0	0
before	sc	r03	c/pthread/twostage_3.yml	false(unreach-call)	correct	0.076580936	0.08375867793802172	26140672.0	4	40136	12800	0	0
before	sc	r03	c/ldv-races/race-1_1-join.yml	true	correct	0.064913529	0.07185463304631412	26099712.0	1	0	0	0	0
before	sc	r03	c/ldv-races/race-1_3-join.yml	false(unreach-call)	correct	0.062313675	0.06820436904672533	26013696.0	1	4736	1472	0	0
before	sc	r03	c/ldv-races/race-1_2-join.yml	false(unreach-call)	correct	0.068397397	0.07463040202856064	26087424.0	1	4736	1472	0	0
before	sc	r03	c/ldv-races/race-4_1-thread_local_vars.yml	true	correct	0.067351899	0.07458957296330482	26218496.0	0	0	0	0	0
before	sc	r03	c/ldv-races/race-2_1-container_of.yml	true	correct	0.068270404	0.07190787000581622	26112000.0	1	0	0	0	0
before	sc	r03	c/ldv-races/race-3_1-container_of-global.yml	true	correct	0.067340131	0.07573627994861454	26083328.0	1	0	0	0	0
before	sc	r04	c/goblint-regression/13-privatized_66-mine-W-init_true.yml	true	correct	0.071860596	0.0762714120792225	25690112.0	1	0	0	0	0
before	sc	r04	c/goblint-regression/36-apron_41-threadenter-no-locals_unknown_1_pos.yml	false(unreach-call)	correct	0.073297764	0.07763304398395121	25698304.0	0	0	0	0	0
before	sc	r04	c/goblint-regression/36-apron_16-traces-unprot2_true.yml	true	correct	0.078495111	0.08826030301861465	25767936.0	1	0	0	0	0
before	sc	r04	c/goblint-regression/13-privatized_57-singlethreaded-unlock_true.yml	true	correct	0.062327378	0.06720882002264261	25772032.0	1	0	0	0	0
before	sc	r04	c/goblint-regression/13-privatized_47-refine-protected2_true.yml	true	correct	0.065096267	0.07325640798080713	25821184.0	2	2536	768	0	0
before	sc	r04	c/goblint-regression/13-privatized_46-refine-protected1_true.yml	true	correct	0.067100621	0.07356795505620539	25776128.0	1	0	0	0	0
before	sc	r04	c/goblint-regression/36-apron_11-traces-max-simple_true.yml	true	correct	0.065211731	0.07374230201821774	25743360.0	2	2536	768	0	0
before	sc	r04	c/goblint-regression/13-privatized_41-traces-ex-7_unknown_1_pos.yml	false(unreach-call)	correct	0.065394839	0.07114413694944233	25767936.0	0	2736	832	0	0
before	sc	r04	c/goblint-regression/13-privatized_41-traces-ex-7_unknown_1_neg.yml	false(unreach-call)	correct	0.071141807	0.07839486305601895	25825280.0	0	0	0	0	0
before	sc	r04	c/goblint-regression/13-privatized_40-traces-ex-6_true.yml	true	correct	0.070994968	0.07443024509120733	25821184.0	1	2936	896	0	0
before	sc	r04	c/goblint-regression/13-privatized_58-singlethreaded-lock_true.yml	true	correct	0.068375764	0.07707658503204584	25763840.0	1	0	0	0	0
before	sc	r04	c/goblint-regression/13-privatized_44-traces-mine2_true.yml	true	correct	0.063923528	0.06940654607024044	25845760.0	1	2736	832	0	0
before	sc	r04	c/goblint-regression/13-privatized_18-first-reads_unknown_2_pos.yml	false(unreach-call)	correct	0.068792733	0.07357143296394497	25899008.0	0	1736	512	0	0
before	sc	r04	c/goblint-regression/13-privatized_18-first-reads_unknown_1_neg.yml	false(unreach-call)	correct	0.067489905	0.07142939406912774	25780224.0	0	1736	512	0	0
before	sc	r04	c/goblint-regression/13-privatized_36-traces-ex-3_true.yml	true	correct	0.064782746	0.06910507706925273	25858048.0	3	3736	1152	0	0
before	sc	r04	c/goblint-regression/13-privatized_18-first-reads_true.yml	true	correct	0.068408661	0.07113770500291139	25878528.0	2	2536	768	0	0
before	sc	r04	c/goblint-regression/13-privatized_35-traces-ex-2_true.yml	true	correct	0.068604562	0.07487385801505297	25800704.0	2	4136	1280	0	0
before	sc	r04	c/goblint-regression/13-privatized_37-traces-ex-4_true.yml	true	correct	0.069793552	0.07387805602047592	25763840.0	2	3136	960	0	0
before	sc	r04	c/goblint-regression/13-privatized_38-traces-ex-4-switch_true.yml	true	correct	0.063393712	0.07165526307653636	25772032.0	2	4136	1280	0	0
before	sc	r04	c/goblint-regression/13-privatized_19-publish-precision_unknown_1_pos.yml	false(unreach-call)	correct	0.067432314	0.07555366109590977	25817088.0	0	2736	832	0	0
before	sc	r04	c/goblint-regression/13-privatized_19-publish-precision_unknown_2_pos.yml	false(unreach-call)	correct	0.064788162	0.0703754280693829	25792512.0	0	0	0	0	0
before	sc	r04	c/goblint-regression/13-privatized_19-publish-precision_unknown_1_neg.yml	false(unreach-call)	correct	0.073480851	0.07748896803241223	25796608.0	0	0	0	0	0
before	sc	r04	c/goblint-regression/13-privatized_19-publish-precision_unknown_2_neg.yml	false(unreach-call)	correct	0.069661479	0.07182098494376987	25874432.0	0	2736	832	0	0
before	sc	r04	c/goblint-regression/13-privatized_45-traces-per-global-and-current-lock-mine-incomparable_true.yml	true	correct	0.066302648	0.07324171904474497	25792512.0	2	4136	1280	0	0
before	sc	r04	c/goblint-regression/13-privatized_01-priv_nr_true.yml	true	correct	0.071075192	0.07583436695858836	25853952.0	2	3336	1024	0	0
before	sc	r04	c/goblint-regression/13-privatized_19-publish-precision_true.yml	true	correct	0.070573535	0.08606154902372509	25874432.0	3	3736	1152	0	0
before	sc	r04	c/goblint-regression/13-privatized_42-traces-ex-mini_true.yml	true	correct	0.06586877	0.07256708899512887	25751552.0	2	3936	1216	0	0
before	sc	r04	c/goblint-regression/13-privatized_33-traces-v-matters_true.yml	true	correct	0.067778743	0.07630489394068718	25874432.0	1	3936	1216	0	0
before	sc	r04	c/goblint-regression/13-privatized_25-struct_nr_true.yml	true	correct	0.068118718	0.0719467259477824	25886720.0	2	3336	1024	0	0
before	sc	r04	c/goblint-regression/13-privatized_69-refine-protected-loop-interval_true.yml	true	correct	0.06989824	0.07805419806391001	25911296.0	0	0	0	0	0
before	sc	r04	c/goblint-regression/36-apron_17-traces-rpb-litmus_unknown_1_neg.yml	false(unreach-call)	correct	0.064773915	0.07319188897963613	25817088.0	0	0	0	0	0
before	sc	r04	c/goblint-regression/13-privatized_31-traces-mine-vs-mutex_true.yml	true	correct	0.068081442	0.0726088989758864	25907200.0	4	5136	1600	0	0
before	sc	r04	c/goblint-regression/13-privatized_20-publish-regression_true.yml	true	correct	0.064285354	0.07195129699539393	25886720.0	2	2536	768	0	0
before	sc	r04	c/goblint-regression/13-privatized_30-traces-oplus-vs-meet_true.yml	true	correct	0.068105726	0.07618575391825289	25841664.0	2	4336	1344	0	0
before	sc	r04	c/goblint-regression/13-privatized_32-traces-mine-vs-oplus-vs-meet_true.yml	true	correct	0.064777044	0.06942669895943254	25841664.0	3	6136	1920	0	0
before	sc	r04	c/goblint-regression/13-privatized_34-traces-minepp-L-needs-to-be-um_true.yml	true	correct	0.06357584	0.0784174440195784	25817088.0	1	2936	896	0	0
before	sc	r04	c/goblint-regression/13-privatized_68-pfscan_protected_loop_minimal_interval_true.yml	true	correct	0.072171801	0.0761923809768632	25853952.0	0	0	0	0	0
before	sc	r04	c/goblint-regression/13-privatized_29-multiple-protecting2-vesal_true.yml	true	correct	0.072633659	0.07544673094525933	25808896.0	4	6336	1984	0	0
before	sc	r04	c/goblint-regression/13-privatized_24-multiple-protecting_true.yml	true	correct	0.072122549	0.07954356900881976	25817088.0	7	10536	3328	0	0
before	sc	r04	c/goblint-regression/36-apron_21-traces-cluster-based_true.yml	true	correct	0.07087446	0.07557826593983918	25858048.0	6	7136	2240	0	0
before	sc	r04	c/goblint-regression/36-apron_22-traces-write-centered-vs-meet-mutex_true_no-overflow.yml	true	correct	0.067516081	0.07245895406231284	25882624.0	1	0	0	0	0
before	sc	r04	c/goblint-regression/13-privatized_27-multiple-protecting2_true.yml	true	correct	0.079742803	0.08981259900610894	25894912.0	26	12336	3904	0	0
before	sc	r04	c/pthread-ext/14_spin2003.yml	true	correct	0.061092924	0.07106926094274968	25767936.0	0	0	0	0	0
before	sc	r04	c/pthread-ext/29_conditionals_vs.yml	true	correct	0.067302759	0.07353247597347945	25800704.0	0	0	0	0	0
before	sc	r04	c/pthread-ext/48_ticket_lock_low_contention_vs-pthread.yml	true	correct	0.070990281	0.07727880100719631	25763840.0	0	0	0	0	0
before	sc	r04	c/pthread-ext/46_monabsex2_vs.yml	true	correct	0.065367881	0.06990539201069623	25829376.0	0	0	0	0	0
before	sc	r04	c/pthread-ext/45_monabsex1_vs.yml	true	correct	0.066891476	0.07281712302938104	25759744.0	0	0	0	0	0
before	sc	r04	c/pthread/stateful01-1.yml	false(unreach-call)	correct	0.066601721	0.07240538799669594	25960448.0	0	6336	1984	0	0
before	sc	r04	c/pthread/stateful01-2.yml	true	correct	0.072072096	0.07609184493776411	25911296.0	6	6536	2048	0	0
before	sc	r04	c/pthread-atomic/time_var_mutex.yml	true	correct	0.07010029	0.0754991420544684	25903104.0	2	5736	1792	0	0
before	sc	r04	c/pthread-ext/01b_inc.yml	true	correct	0.071504305	0.07590344396885484	25845760.0	0	0	0	0	0
before	sc	r04	c/pthread/triangular-1.yml	true	correct	6.244194446	6.2526975920191035	25890816.0	16632	27336	8704	0	0
before	sc	r04	c/pthread/triangular-2.yml	false(unreach-call)	correct	1.491783851	1.4976343569578603	25907200.0	3638	27336	8704	0	0
before	sc	r04	c/pthread-ext/02_inc_cas.yml	true	correct	0.067693586	0.06947137892711908	25812992.0	0	0	0	0	0
before	sc	r04	c/goblint-regression/28-race_reach_21-deref_read_racing.yml	false(unreach-call)	correct	3.733684037	3.7545936700189486	56336384.0	0	0	0	0	0
before	sc	r04	c/pthread-ext/48_ticket_lock_low_contention_vs.yml	true	correct	0.064583832	0.07074823207221925	25821184.0	0	0	0	0	0
before	sc	r04	c/goblint-regression/28-race_reach_37-indirect_racing.yml	false(unreach-call)	correct	12.772126042	12.837203457951546	2061008896.0	0	1807053072	1680820	0	0
before	sc	r04	c/goblint-regression/28-race_reach_45-escape_racing.yml	false(unreach-call)	correct	0.06828356	0.07441052002832294	25825280.0	0	3936	1216	0	0
before	sc	r04	c/goblint-regression/28-race_reach_46-escape_racefree.yml	true	correct	0.067408938	0.07482221897225827	25919488.0	2	3536	1088	0	0
before	sc	r04	c/goblint-regression/28-race_reach_01-simple_racing.yml	false(unreach-call)	correct	12.723167926	12.835771071957424	2060959744.0	0	1807007952	1680796	0	0
before	sc	r04	c/goblint-regression/28-race_reach_11-ptr_racing.yml	false(unreach-call)	correct	12.706664807	12.739392013056204	2061058048.0	0	1807007952	1680796	0	0
before	sc	r04	c/pthread-deagle/circular_buffer_bad.yml	false(unreach-call)	correct	0.071969576	0.0799396299989894	25956352.0	1	34136	10880	0	0
before	sc	r04	c/pthread/fib_safe-5.yml	true	correct	3.722935108	3.7616281000664458	25845760.0	2772	194536	62208	0	0
before	sc	r04	c/pthread/fib_safe-6.yml	true	correct	18.63571869	18.995930109056644	25825280.0	12012	281136	89920	0	0
before	sc	r04	c/pthread/fib_unsafe-5.yml	false(unreach-call)	correct	1.039676482	1.0456898560514674	25833472.0	632	194536	62208	0	0
before	sc	r04	c/pthread/fib_unsafe-6.yml	false(unreach-call)	correct	5.228800646	5.276075113913976	25837568.0	2942	281136	89920	0	0
before	sc	r04	c/pthread/fib_unsafe-7.yml	false(unreach-call)	correct	25.125848789	25.200573952053674	25829376.0	13238	319136	102080	0	0
before	sc	r04	c/goblint-regression/28-race_reach_24-sound_lock_racing.yml	false(unreach-call)	correct	12.23937942	12.51462414197158	2061037568.0	0	1807007952	1680796	0	0
before	sc	r04	c/pthread/lazy01.yml	false(unreach-call)	correct	0.069670286	0.07391763897612691	25886720.0	1	5336	1664	0	0
before	sc	r04	c/pthread-deagle/circular_buffer_ok.yml	true	correct	3.036480947	3.0508733210153878	25960448.0	3432	185736	59392	0	0
before	sc	r04	c/pthread-atomic/szymanski.yml	true	correct	0.065941809	0.07236456801183522	25821184.0	6	5936	1856	0	0
before	sc	r04	c/pthread-atomic/dekker.yml	true	correct	0.065322595	0.0733541549416259	25825280.0	4	6336	1984	0	0
before	sc	r04	c/pthread-atomic/dekker-unfair.yml	true	correct	0.069171304	0.07554786198306829	25821184.0	4	6336	1984	0	0
before	sc	r04	c/pthread-theta/unwind3-1.yml	false(unreach-call)	correct	0.065757269	0.07472904399037361	25956352.0	1	3736	1152	0	0
before	sc	r04	c/pthread-theta/exponential-nondet.yml	true	correct	0.066537265	0.0761201559798792	25890816.0	1	0	0	0	0
before	sc	r04	c/pthread-theta/unwind2-1.yml	false(unreach-call)	correct	0.066202554	0.07440775504801422	25952256.0	1	0	0	0	0
before	sc	r04	c/pthread-theta/unwind2-100.yml	false(unreach-call)	correct	0.063176195	0.07351168198511004	25952256.0	1	0	0	0	0
before	sc	r04	c/pthread/butterfly.yml	true	correct	13.449069851	13.483827937976457	25956352.0	64560	12136	3840	0	0
before	sc	r04	c/pthread-ext/43_NetBSD_sysmon_power_sliced.yml	true	correct	0.060188517	0.07114450202789158	25837568.0	0	0	0	0	0
before	sc	r04	c/goblint-regression/28-race_reach_06-cond_racing1.yml	false(unreach-call)	correct	11.974729188	12.106471086968668	2061041664.0	0	1807007952	1680796	0	0
before	sc	r04	c/pthread/queue_ok.yml	true	correct	0.071074373	0.07722168101463467	26034176.0	2	183336	58624	0	0
before	sc	r04	c/pthread/queue_ok_longer.yml	true	correct	0.436455666	0.4478088989853859	79384576.0	2	23936072	2830196	0	0
before	sc	r04	c/pthread/queue_ok_longest.yml	true	correct	1.585655643	1.591078429017216	276955136.0	2	94781648	10971212	0	0
before	sc	r04	c/pthread/queue_longer.yml	TIMEOUT	error	61.010203568	61.077018012991175	1138110464.0					
before	sc	r04	c/pthread/queue.yml	false(unreach-call)	correct	0.086131008	0.09536408993881196	26030080.0	2	160936	51456	0	0
before	sc	r04	c/pthread/singleton.yml	false(unreach-call)	correct	0.072314363	0.0796162229962647	26083328.0	1	8736	2752	0	0
before	sc	r04	c/pthread/singleton_with-uninit-problems.yml	true	correct	0.069985632	0.08075789106078446	26091520.0	4	8936	2816	0	0
before	sc	r04	c/pthread-C-DAC/pthread-demo-datarace-3.yml	false(unreach-call)	correct	0.12066221	0.12639735196717083	25825280.0	0	262136	83840	0	0
before	sc	r04	c/pthread/reorder_2.yml	false(unreach-call)	correct	0.140788074	0.15041230397764593	25972736.0	162	32936	10496	0	0
before	sc	r04	c/pthread/twostage_3.yml	false(unreach-call)	correct	0.079347143	0.08625024801585823	26214400.0	4	40136	12800	0	0
before	sc	r04	c/ldv-races/race-1_1-join.yml	true	correct	0.063255975	0.07354056998156011	26083328.0	1	0	0	0	0
before	sc	r04	c/ldv-races/race-1_3-join.yml	false(unreach-call)	correct	0.074512453	0.07850578101351857	26087424.0	1	4736	1472	0	0
before	sc	r04	c/ldv-races/race-1_2-join.yml	false(unreach-call)	correct	0.066859486	0.07693854498211294	26013696.0	1	4736	1472	0	0
before	sc	r04	c/ldv-races/race-4_1-thread_local_vars.yml	true	correct	0.073239041	0.07746060495264828	26087424.0	0	0	0	0	0
before	sc	r04	c/ldv-races/race-2_1-container_of.yml	true	correct	0.067831511	0.0857559279538691	26136576.0	1	0	0	0	0
before	sc	r04	c/ldv-races/race-3_1-container_of-global.yml	true	correct	0.070978988	0.07256945699919015	26091520.0	1	0	0	0	0
before	tso	r01	c/goblint-regression/13-privatized_66-mine-W-init_true.yml	true	correct	0.064201853	0.07740621303673834	25919488.0	1	0	0	0	0
before	tso	r01	c/goblint-regression/36-apron_41-threadenter-no-locals_unknown_1_pos.yml	false(unreach-call)	correct	0.06783636	0.0719920159317553	25870336.0	0	0	0	0	0
before	tso	r01	c/goblint-regression/36-apron_16-traces-unprot2_true.yml	true	correct	0.054790538	0.061908228090032935	25944064.0	1	0	0	0	0
before	tso	r01	c/goblint-regression/13-privatized_57-singlethreaded-unlock_true.yml	true	correct	0.063679967	0.07186129898764193	25915392.0	1	0	0	0	0
before	tso	r01	c/goblint-regression/13-privatized_47-refine-protected2_true.yml	true	correct	0.064624999	0.06983148597646505	26009600.0	2	2584	896	4	101
before	tso	r01	c/goblint-regression/13-privatized_46-refine-protected1_true.yml	true	correct	0.06480487	0.07237020891625434	26009600.0	1	0	0	0	0
before	tso	r01	c/goblint-regression/36-apron_11-traces-max-simple_true.yml	true	correct	0.063696407	0.06968957709614187	25935872.0	2	2584	896	4	101
before	tso	r01	c/goblint-regression/13-privatized_41-traces-ex-7_unknown_1_pos.yml	false(unreach-call)	correct	0.065583517	0.0769061220344156	25948160.0	0	2760	968	2	54
before	tso	r01	c/goblint-regression/13-privatized_41-traces-ex-7_unknown_1_neg.yml	false(unreach-call)	correct	0.066061574	0.06715343904215842	25948160.0	0	0	0	0	0
before	tso	r01	c/goblint-regression/13-privatized_40-traces-ex-6_true.yml	true	correct	0.064400823	0.0706050859298557	25985024.0	1	2936	1040	4	119
before	tso	r01	c/goblint-regression/13-privatized_58-singlethreaded-lock_true.yml	true	correct	0.053361416	0.05972758599091321	25968640.0	1	0	0	0	0
before	tso	r01	c/goblint-regression/13-privatized_44-traces-mine2_true.yml	true	correct	0.071209907	0.07720085990149528	25944064.0	1	2760	968	2	46
before	tso	r01	c/goblint-regression/13-privatized_18-first-reads_unknown_2_pos.yml	false(unreach-call)	correct	0.067668176	0.07063439395278692	26062848.0	0	1880	608	2	31
before	tso	r01	c/goblint-regression/13-privatized_18-first-reads_unknown_1_neg.yml	false(unreach-call)	correct	0.070903337	0.07266181497834623	25952256.0	0	1880	608	2	31
before	tso	r01	c/goblint-regression/13-privatized_36-traces-ex-3_true.yml	true	correct	0.064788635	0.07091416500043124	26025984.0	3	3640	1328	8	268
before	tso	r01	c/goblint-regression/13-privatized_18-first-reads_true.yml	true	correct	0.068216948	0.07252595399040729	26038272.0	2	2584	896	4	112
before	tso	r01	c/goblint-regression/13-privatized_35-traces-ex-2_true.yml	true	correct	0.062411987	0.06853212404530495	25952256.0	2	3992	1472	8	279
before	tso	r01	c/goblint-regression/13-privatized_37-traces-ex-4_true.yml	true	correct	0.053350754	0.05820350197609514	26001408.0	2	3112	1112	4	159
before	tso	r01	c/goblint-regression/13-privatized_38-traces-ex-4-switch_true.yml	true	correct	0.070872408	0.07679206400644034	25956352.0	2	3992	1472	8	279
before	tso	r01	c/goblint-regression/13-privatized_19-publish-precision_unknown_1_pos.yml	false(unreach-call)	correct	0.070582432	0.07786303106695414	25968640.0	0	2760	968	2	50
before	tso	r01	c/goblint-regression/13-privatized_19-publish-precision_unknown_2_pos.yml	false(unreach-call)	correct	0.068258777	0.07411140797194093	26005504.0	0	0	0	0	0
before	tso	r01	c/goblint-regression/13-privatized_19-publish-precision_unknown_1_neg.yml	false(unreach-call)	correct	0.069713993	0.0756222620839253	26046464.0	0	0	0	0	0
before	tso	r01	c/goblint-regression/13-privatized_19-publish-precision_unknown_2_neg.yml	false(unreach-call)	correct	0.06676558	0.06918208801653236	25997312.0	0	2760	968	2	50
before	tso	r01	c/goblint-regression/13-privatized_45-traces-per-global-and-current-lock-mine-incomparable_true.yml	true	correct	0.063825566	0.06967377196997404	25960448.0	2	3992	1472	6	357
before	tso	r01	c/goblint-regression/13-privatized_01-priv_nr_true.yml	true	correct	0.066897674	0.07320720294956118	25989120.0	2	3288	1184	4	252
before	tso	r01	c/goblint-regression/13-privatized_19-publish-precision_true.yml	true	correct	0.055547293	0.06125972291920334	26034176.0	3	3640	1328	8	401
before	tso	r01	c/goblint-regression/13-privatized_42-traces-ex-mini_true.yml	true	correct	0.068904756	0.0728706669760868	26046464.0	2	3816	1400	4	255
before	tso	r01	c/goblint-regression/13-privatized_33-traces-v-matters_true.yml	true	correct	0.06887436	0.07402945996727794	26054656.0	1	3816	1400	6	286
before	tso	r01	c/goblint-regression/13-privatized_25-struct_nr_true.yml	true	correct	0.068369358	0.07525278104003519	25985024.0	2	3288	1184	4	252
before	tso	r01	c/goblint-regression/13-privatized_69-refine-protected-loop-interval_true.yml	true	correct	0.068672307	0.0736575280316174	26099712.0	0	0	0	0	0
before	tso	r01	c/goblint-regression/36-apron_17-traces-rpb-litmus_unknown_1_neg.yml	false(unreach-call)	correct	0.069672264	0.07560024701524526	25964544.0	0	0	0	0	0
before	tso	r01	c/goblint-regression/13-privatized_31-traces-mine-vs-mutex_true.yml	true	correct	0.066817141	0.07205925101879984	26050560.0	4	4872	1832	12	646
before	tso	r01	c/goblint-regression/13-privatized_20-publish-regression_true.yml	true	correct	0.068514738	0.0748984789242968	25993216.0	2	2584	896	4	112
before	tso	r01	c/goblint-regression/13-privatized_30-traces-oplus-vs-meet_true.yml	true	correct	0.071175085	0.0766472980612889	25960448.0	2	4168	1544	8	346
before	tso	r01	c/goblint-regression/13-privatized_32-traces-mine-vs-oplus-vs-meet_true.yml	true	correct	0.065015718	0.07356869895011187	26071040.0	3	5752	2192	12	783
before	tso	r01	c/goblint-regression/13-privatized_34-traces-minepp-L-needs-to-be-um_true.yml	true	correct	0.06955108	0.07827495504170656	25976832.0	1	2936	1040	4	119
before	tso	r01	c/goblint-regression/13-privatized_68-pfscan_protected_loop_minimal_interval_true.yml	true	correct	0.069371046	0.0750315060140565	26009600.0	0	0	0	0	0
before	tso	r01	c/goblint-regression/13-privatized_29-multiple-protecting2-vesal_true.yml	true	correct	0.069882461	0.07406645209994167	25989120.0	4	5928	2264	12	988
before	tso	r01	c/goblint-regression/13-privatized_24-multiple-protecting_true.yml	true	correct	0.073651278	0.0780281979823485	25997312.0	7	9624	3776	24	8593
before	tso	r01	c/goblint-regression/36-apron_21-traces-cluster-based_true.yml	true	correct	0.068063339	0.07333699404262006	26128384.0	6	6632	2552	26	2014
before	tso	r01	c/goblint-regression/36-apron_22-traces-write-centered-vs-meet-mutex_true_no-overflow.yml	true	correct	0.0714483	0.07774744799826294	26091520.0	1	0	0	0	0
before	tso	r01	c/goblint-regression/13-privatized_27-multiple-protecting2_true.yml	true	correct	0.08356731	0.09246013907250017	26062848.0	26	11208	4424	72	25988
before	tso	r01	c/pthread-ext/14_spin2003.yml	true	correct	0.068882438	0.07681025099009275	25964544.0	0	0	0	0	0
before	tso	r01	c/pthread-ext/29_conditionals_vs.yml	true	correct	0.066603393	0.07253456499893218	25923584.0	0	0	0	0	0
before	tso	r01	c/pthread-ext/48_ticket_lock_low_contention_vs-pthread.yml	true	correct	0.064183497	0.07118373003322631	26030080.0	0	0	0	0	0
before	tso	r01	c/pthread-ext/46_monabsex2_vs.yml	true	correct	0.069216983	0.07624542305711657	25935872.0	0	0	0	0	0
before	tso	r01	c/pthread-ext/45_monabsex1_vs.yml	true	correct	0.0686086	0.07444859703537077	25972736.0	0	0	0	0	0
before	tso	r01	c/pthread/stateful01-1.yml	false(unreach-call)	correct	0.071423148	0.07489052205346525	26079232.0	0	5928	2264	4	625
before	tso	r01	c/pthread/stateful01-2.yml	true	correct	0.076519043	0.07921862893272191	26087424.0	6	6104	2336	12	2074
before	tso	r01	c/pthread-atomic/time_var_mutex.yml	true	correct	0.068459526	0.07894811395090073	26144768.0	2	5400	2048	4	524
before	tso	r01	c/pthread-ext/01b_inc.yml	true	correct	0.070621952	0.07765869097784162	26005504.0	0	0	0	0	0
before	tso	r01	c/pthread/triangular-1.yml	true	correct	8.12191467	8.143549364060163	26112000.0	16632	24472	9856	43036	35610116
before	tso	r01	c/pthread/triangular-2.yml	false(unreach-call)	correct	1.912808614	1.9285288129467517	26071040.0	3638	24472	9856	10316	8402826
before	tso	r01	c/pthread-ext/02_inc_cas.yml	true	correct	0.065558965	0.07077180803753436	25935872.0	0	0	0	0	0
before	tso	r01	c/goblint-regression/28-race_reach_21-deref_read_racing.yml	false(unreach-call)	correct	3.67184078	3.6905019390396774	56422400.0	0	0	0	0	0
before	tso	r01	c/pthread-ext/48_ticket_lock_low_contention_vs.yml	true	correct	0.065810274	0.07093661394901574	26005504.0	0	0	0	0	0
before	tso	r01	c/goblint-regression/28-race_reach_37-indirect_racing.yml	TIMEOUT	error	60.981803694	61.057079204008915	1057099776.0					
before	tso	r01	c/goblint-regression/28-race_reach_45-escape_racing.yml	false(unreach-call)	correct	0.067250754	0.07333581999409944	26021888.0	0	3816	1400	2	106
before	tso	r01	c/goblint-regression/28-race_reach_46-escape_racefree.yml	true	correct	0.065539106	0.06988079799339175	25985024.0	2	3464	1256	4	191
before	tso	r01	c/goblint-regression/28-race_reach_01-simple_racing.yml	TIMEOUT	error	61.02575685	61.059703698032536	1057157120.0					
before	tso	r01	c/goblint-regression/28-race_reach_11-ptr_racing.yml	TIMEOUT	error	61.007713073	61.055871200049296	1057185792.0					
before	tso	r01	c/pthread-deagle/circular_buffer_bad.yml	false(unreach-call)	correct	0.074977106	0.08020955289248377	26107904.0	1	30456	12304	14	18669
before	tso	r01	c/pthread/fib_safe-5.yml	true	correct	6.652986556	6.677976937033236	26025984.0	2772	171736	70112	6884	50861919
before	tso	r01	c/pthread/fib_safe-6.yml	true	correct	33.284677575	33.74328244198114	26091520.0	12012	248008	101320	29036	288430537
before	tso	r01	c/pthread/fib_unsafe-5.yml	false(unreach-call)	correct	1.850283929	1.85742420097813	26083328.0	632	171736	70112	1880	13786133
before	tso	r01	c/pthread/fib_unsafe-6.yml	false(unreach-call)	correct	9.765143744	9.77794726099819	26046464.0	2942	248008	101320	8244	81433459
before	tso	r01	c/pthread/fib_unsafe-7.yml	false(unreach-call)	correct	47.429761468	47.47799598996062	26083328.0	13238	281448	115000	35572	455400086
before	tso	r01	c/goblint-regression/28-race_reach_24-sound_lock_racing.yml	TIMEOUT	error	61.019344334	61.04756347707007	1057185792.0					
before	tso	r01	c/pthread/lazy01.yml	false(unreach-call)	correct	0.06391457	0.07005748094525188	26091520.0	1	5048	1904	6	497
before	tso	r01	c/pthread-deagle/circular_buffer_ok.yml	true	correct	4.340129204	4.521128942025825	26087424.0	3432	163992	66944	6864	28061574
before	tso	r01	c/pthread-atomic/szymanski.yml	true	correct	0.061934168	0.06603107997216284	26079232.0	6	5576	2120	62	2270
before	tso	r01	c/pthread-atomic/dekker.yml	true	correct	0.066422437	0.07924126007128507	26001408.0	4	5928	2264	14	937
before	tso	r01	c/pthread-atomic/dekker-unfair.yml	true	correct	0.069907637	0.07292069692630321	26087424.0	4	5928	2264	14	937
before	tso	r01	c/pthread-theta/unwind3-1.yml	false(unreach-call)	correct	0.063612123	0.07443788996897638	26083328.0	1	3640	1328	2	118
before	tso	r01	c/pthread-theta/exponential-nondet.yml	true	correct	0.065372097	0.07262174598872662	26079232.0	1	0	0	0	0
before	tso	r01	c/pthread-theta/unwind2-1.yml	false(unreach-call)	correct	0.06509033	0.07415941404178739	26148864.0	1	0	0	0	0
before	tso	r01	c/pthread-theta/unwind2-100.yml	false(unreach-call)	correct	0.065712333	0.07278725202195346	26091520.0	1	0	0	0	0
before	tso	r01	c/pthread/butterfly.yml	true	correct	18.359753323	18.437324943952262	26214400.0	64560	11032	4352	304114	44028054
before	tso	r01	c/pthread-ext/43_NetBSD_sysmon_power_sliced.yml	true	correct	0.065393213	0.07086449605412781	25968640.0	0	0	0	0	0
before	tso	r01	c/goblint-regression/28-race_reach_06-cond_racing1.yml	TIMEOUT	error	61.037809901	61.06008614297025	1057112064.0					
before	tso	r01	c/pthread/queue_ok.yml	true	correct	0.06902436	0.07605121098458767	26165248.0	2	161880	66080	4	46024
before	tso	r01	c/pthread/queue_ok_longer.yml	true	correct	1.077549685	1.0835595589596778	55447552.0	2	13851760	2864444	4	15503664
before	tso	r01	c/pthread/queue_ok_longest.yml	true	correct	4.727707718	4.737695200019516	241164288.0	2	54452288	11039476	4	61735070
before	tso	r01	c/pthread/queue_longer.yml	TIMEOUT	error	61.002370668	61.04894113098271	606199808.0					
before	tso	r01	c/pthread/queue.yml	false(unreach-call)	correct	0.094807584	0.09848782501649112	26198016.0	2	142168	58016	40	322450
before	tso	r01	c/pthread/singleton.yml	false(unreach-call)	correct	0.067323335	0.07419442792888731	26202112.0	1	8040	3128	8	1001
before	tso	r01	c/pthread/singleton_with-uninit-problems.yml	true	correct	0.066116569	0.07325292995665222	26275840.0	4	8216	3200	12	1722
before	tso	r01	c/pthread-C-DAC/pthread-demo-datarace-3.yml	false(unreach-call)	correct	0.14139773	0.14687487797345966	26087424.0	0	231288	94480	80	1076839
before	tso	r01	c/pthread/reorder_2.yml	false(unreach-call)	correct	0.150290218	0.15594553702976555	26181632.0	162	29400	11872	432	328668
before	tso	r01	c/pthread/twostage_3.yml	false(unreach-call)	correct	0.070546282	0.07815548195503652	26267648.0	4	35736	14464	30	29858
before	tso	r01	c/ldv-races/race-1_1-join.yml	true	correct	0.060857916	0.068195098079741	26189824.0	1	0	0	0	0
before	tso	r01	c/ldv-races/race-1_3-join.yml	false(unreach-call)	correct	0.06791836	0.07573522697202861	26222592.0	1	4520	1688	2	189
before	tso	r01	c/ldv-races/race-1_2-join.yml	false(unreach-call)	correct	0.062514699	0.06951875903178006	26161152.0	1	4520	1688	2	189
before	tso	r01	c/ldv-races/race-4_1-thread_local_vars.yml	true	correct	0.065766132	0.07327403803355992	26353664.0	0	0	0	0	0
before	tso	r01	c/ldv-races/race-2_1-container_of.yml	true	correct	0.064762106	0.06829227192793041	26292224.0	1	0	0	0	0
before	tso	r01	c/ldv-races/race-3_1-container_of-global.yml	true	correct	0.0666606	0.07344687404111028	26238976.0	1	0	0	0	0
before	tso	r02	c/goblint-regression/13-privatized_66-mine-W-init_true.yml	true	correct	0.077408418	0.08453295903746039	25894912.0	1	0	0	0	0
before	tso	r02	c/goblint-regression/36-apron_41-threadenter-no-locals_unknown_1_pos.yml	false(unreach-call)	correct	0.072226905	0.07926996203605086	25886720.0	0	0	0	0	0
before	tso	r02	c/goblint-regression/36-apron_16-traces-unprot2_true.yml	true	correct	0.061899793	0.06474513106513768	25985024.0	1	0	0	0	0
before	tso	r02	c/goblint-regression/13-privatized_57-singlethreaded-unlock_true.yml	true	correct	0.07082472	0.07527436700183898	25935872.0	1	0	0	0	0
before	tso	r02	c/goblint-regression/13-privatized_47-refine-protected2_true.yml	true	correct	0.060597585	0.07055595191195607	25960448.0	2	2584	896	4	101
before	tso	r02	c/goblint-regression/13-privatized_46-refine-protected1_true.yml	true	correct	0.057712294	0.06488352501764894	26021888.0	1	0	0	0	0
before	tso	r02	c/goblint-regression/36-apron_11-traces-max-simple_true.yml	true	correct	0.062971911	0.06865003798156977	25980928.0	2	2584	896	4	101
before	tso	r02	c/goblint-regression/13-privatized_41-traces-ex-7_unknown_1_pos.yml	false(unreach-call)	correct	0.069406725	0.07288713695015758	26013696.0	0	2760	968	2	54
before	tso	r02	c/goblint-regression/13-privatized_41-traces-ex-7_unknown_1_neg.yml	false(unreach-call)	correct	0.055245401	0.06167729990556836	25980928.0	0	0	0	0	0
before	tso	r02	c/goblint-regression/13-privatized_40-traces-ex-6_true.yml	true	correct	0.066818331	0.08003609301522374	25964544.0	1	2936	1040	4	119
before	tso	r02	c/goblint-regression/13-privatized_58-singlethreaded-lock_true.yml	true	correct	0.067629369	0.07395302795339376	25952256.0	1	0	0	0	0
before	tso	r02	c/goblint-regression/13-privatized_44-traces-mine2_true.yml	true	correct	0.066375523	0.08355207997374237	25989120.0	1	2760	968	2	46
before	tso	r02	c/goblint-regression/13-privatized_18-first-reads_unknown_2_pos.yml	false(unreach-call)	correct	0.063328406	0.06814986898098141	25993216.0	0	1880	608	2	31
before	tso	r02	c/goblint-regression/13-privatized_18-first-reads_unknown_1_neg.yml	false(unreach-call)	correct	0.064667117	0.06858661398291588	25972736.0	0	1880	608	2	31
before	tso	r02	c/goblint-regression/13-privatized_36-traces-ex-3_true.yml	true	correct	0.065597213	0.06712036801036447	25989120.0	3	3640	1328	8	268
before	tso	r02	c/goblint-regression/13-privatized_18-first-reads_true.yml	true	correct	0.066768643	0.07181766093708575	26066944.0	2	2584	896	4	112
before	tso	r02	c/goblint-regression/13-privatized_35-traces-ex-2_true.yml	true	correct	0.059641105	0.06810264498926699	26017792.0	2	3992	1472	8	279
before	tso	r02	c/goblint-regression/13-privatized_37-traces-ex-4_true.yml	true	correct	0.065887342	0.07685751200187951	25939968.0	2	3112	1112	4	159
before	tso	r02	c/goblint-regression/13-privatized_38-traces-ex-4-switch_true.yml	true	correct	0.069441678	0.07442287111189216	25976832.0	2	3992	1472	8	279
before	tso	r02	c/goblint-regression/13-privatized_19-publish-precision_unknown_1_pos.yml	false(unreach-call)	correct	0.068094419	0.07523017202038318	26058752.0	0	2760	968	2	50
before	tso	r02	c/goblint-regression/13-privatized_19-publish-precision_unknown_2_pos.yml	false(unreach-call)	correct	0.063424601	0.07050778600387275	26030080.0	0	0	0	0	0
before	tso	r02	c/goblint-regression/13-privatized_19-publish-precision_unknown_1_neg.yml	false(unreach-call)	correct	0.068367654	0.07386578992009163	26062848.0	0	0	0	0	0
before	tso	r02	c/goblint-regression/13-privatized_19-publish-precision_unknown_2_neg.yml	false(unreach-call)	correct	0.059627355	0.06457181996665895	26066944.0	0	2760	968	2	50
before	tso	r02	c/goblint-regression/13-privatized_45-traces-per-global-and-current-lock-mine-incomparable_true.yml	true	correct	0.070967211	0.07504099002107978	25964544.0	2	3992	1472	6	357
before	tso	r02	c/goblint-regression/13-privatized_01-priv_nr_true.yml	true	correct	0.056966465	0.0639503620332107	25944064.0	2	3288	1184	4	252
before	tso	r02	c/goblint-regression/13-privatized_19-publish-precision_true.yml	true	correct	0.069844354	0.08338594401720911	26042368.0	3	3640	1328	8	401
before	tso	r02	c/goblint-regression/13-privatized_42-traces-ex-mini_true.yml	true	correct	0.074022472	0.09149874397553504	25997312.0	2	3816	1400	4	255
before	tso	r02	c/goblint-regression/13-privatized_33-traces-v-matters_true.yml	true	correct	0.066329169	0.06966473301872611	26042368.0	1	3816	1400	6	286
before	tso	r02	c/goblint-regression/13-privatized_25-struct_nr_true.yml	true	correct	0.058265113	0.06408420007210225	25952256.0	2	3288	1184	4	252
before	tso	r02	c/goblint-regression/13-privatized_69-refine-protected-loop-interval_true.yml	true	correct	0.073392763	0.07806818699464202	25993216.0	0	0	0	0	0
before	tso	r02	c/goblint-regression/36-apron_17-traces-rpb-litmus_unknown_1_neg.yml	false(unreach-call)	correct	0.061582029	0.06794339290354401	25964544.0	0	0	0	0	0
before	tso	r02	c/goblint-regression/13-privatized_31-traces-mine-vs-mutex_true.yml	true	correct	0.068635933	0.07093068305402994	26017792.0	4	4872	1832	12	646
before	tso	r02	c/goblint-regression/13-privatized_20-publish-regression_true.yml	true	correct	0.061787443	0.06993932707700878	25952256.0	2	2584	896	4	112
before	tso	r02	c/goblint-regression/13-privatized_30-traces-oplus-vs-meet_true.yml	true	correct	0.070438989	0.07695282995700836	26034176.0	2	4168	1544	8	346
before	tso	r02	c/goblint-regression/13-privatized_32-traces-mine-vs-oplus-vs-meet_true.yml	true	correct	0.066902921	0.07467629993334413	26001408.0	3	5752	2192	12	783
before	tso	r02	c/goblint-regression/13-privatized_34-traces-minepp-L-needs-to-be-um_true.yml	true	correct	0.071299405	0.07659453002270311	25993216.0	1	2936	1040	4	119
before	tso	r02	c/goblint-regression/13-privatized_68-pfscan_protected_loop_minimal_interval_true.yml	true	correct	0.064979285	0.07025385904125869	26025984.0	0	0	0	0	0
before	tso	r02	c/goblint-regression/13-privatized_29-multiple-protecting2-vesal_true.yml	true	correct	0.059921101	0.06695261702407151	25980928.0	4	5928	2264	12	988
before	tso	r02	c/goblint-regression/13-privatized_24-multiple-protecting_true.yml	true	correct	0.075709485	0.0799560600426048	26091520.0	7	9624	3776	24	8593
before	tso	r02	c/goblint-regression/36-apron_21-traces-cluster-based_true.yml	true	correct	0.070906879	0.07540369499474764	26050560.0	6	6632	2552	26	2014
before	tso	r02	c/goblint-regression/36-apron_22-traces-write-centered-vs-meet-mutex_true_no-overflow.yml	true	correct	0.063899152	0.0691755369771272	26091520.0	1	0	0	0	0
before	tso	r02	c/goblint-regression/13-privatized_27-multiple-protecting2_true.yml	true	correct	0.080560492	0.08839436201378703	26140672.0	26	11208	4424	72	25988
before	tso	r02	c/pthread-ext/14_spin2003.yml	true	correct	0.071081999	0.07483521394897252	25952256.0	0	0	0	0	0
before	tso	r02	c/pthread-ext/29_conditionals_vs.yml	true	correct	0.069046794	0.07301698299124837	25964544.0	0	0	0	0	0
before	tso	r02	c/pthread-ext/48_ticket_lock_low_contention_vs-pthread.yml	true	correct	0.058344659	0.06577195494901389	25952256.0	0	0	0	0	0
before	tso	r02	c/pthread-ext/46_monabsex2_vs.yml	true	correct	0.066498955	0.07135253795422614	25927680.0	0	0	0	0	0
before	tso	r02	c/pthread-ext/45_monabsex1_vs.yml	true	correct	0.069060784	0.07693688094150275	26001408.0	0	0	0	0	0
before	tso	r02	c/pthread/stateful01-1.yml	false(unreach-call)	correct	0.070676927	0.07392860692925751	26042368.0	0	5928	2264	4	625
before	tso	r02	c/pthread/stateful01-2.yml	true	correct	0.0655507	0.07215385907329619	26062848.0	6	6104	2336	12	2074
before	tso	r02	c/pthread-atomic/time_var_mutex.yml	true	correct	0.068206671	0.07290292496327311	26079232.0	2	5400	2048	4	524
before	tso	r02	c/pthread-ext/01b_inc.yml	true	correct	0.070858351	0.07729138096328825	25956352.0	0	0	0	0	0
before	tso	r02	c/pthread/triangular-1.yml	true	correct	8.02296903	8.058427577954717	26017792.0	16632	24472	9856	43036	35610116
before	tso	r02	c/pthread/triangular-2.yml	false(unreach-call)	correct	1.877265315	1.88808380800765	26050560.0	3638	24472	9856	10316	8402826
before	tso	r02	c/pthread-ext/02_inc_cas.yml	true	correct	0.059508085	0.06752002297434956	25997312.0	0	0	0	0	0
before	tso	r02	c/goblint-regression/28-race_reach_21-deref_read_racing.yml	false(unreach-call)	correct	3.736852024	3.7526847280096263	56610816.0	0	0	0	0	0
before	tso	r02	c/pthread-ext/48_ticket_lock_low_contention_vs.yml	true	correct	0.071529675	0.0784392129862681	26013696.0	0	0	0	0	0
before	tso	r02	c/goblint-regression/28-race_reach_37-indirect_racing.yml	TIMEOUT	error	61.031667864	61.05527418095153	1057116160.0					
before	tso	r02	c/goblint-regression/28-race_reach_45-escape_racing.yml	false(unreach-call)	correct	0.066502696	0.07287804607767612	26083328.0	0	3816	1400	2	106
before	tso	r02	c/goblint-regression/28-race_reach_46-escape_racefree.yml	true	correct	0.064661426	0.06861842307262123	26103808.0	2	3464	1256	4	191
before	tso	r02	c/goblint-regression/28-race_reach_01-simple_racing.yml	TIMEOUT	error	61.032127467	61.0563254969893	1057054720.0					
before	tso	r02	c/goblint-regression/28-race_reach_11-ptr_racing.yml	TIMEOUT	error	61.039566286	61.062456569983624	1057189888.0					
before	tso	r02	c/pthread-deagle/circular_buffer_bad.yml	false(unreach-call)	correct	0.07109964	0.0782479589106515	26173440.0	1	30456	12304	14	18669
before	tso	r02	c/pthread/fib_safe-5.yml	true	correct	6.035259917	6.041117234970443	25956352.0	2772	171736	70112	6884	50861919
before	tso	r02	c/pthread/fib_safe-6.yml	true	correct	33.574640467	33.64939166104887	26099712.0	12012	248008	101320	29036	288430537
before	tso	r02	c/pthread/fib_unsafe-5.yml	false(unreach-call)	correct	1.674741031	1.687173748970963	26087424.0	632	171736	70112	1880	13786133
before	tso	r02	c/pthread/fib_unsafe-6.yml	false(unreach-call)	correct	8.927922519	8.95825100701768	26001408.0	2942	248008	101320	8244	81433459
before	tso	r02	c/pthread/fib_unsafe-7.yml	false(unreach-call)	correct	47.512206873	47.54803570499644	26062848.0	13238	281448	115000	35572	455400086
before	tso	r02	c/goblint-regression/28-race_reach_24-sound_lock_racing.yml	TIMEOUT	error	61.043936771	61.06535172695294	1057116160.0					
before	tso	r02	c/pthread/lazy01.yml	false(unreach-call)	correct	0.060821486	0.06528387404978275	26148864.0	1	5048	1904	6	497
before	tso	r02	c/pthread-deagle/circular_buffer_ok.yml	true	correct	4.299944422	4.335777830099687	26083328.0	3432	163992	66944	6864	28061574
before	tso	r02	c/pthread-atomic/szymanski.yml	true	correct	0.077352195	0.08258327306248248	26095616.0	6	5576	2120	62	2270
before	tso	r02	c/pthread-atomic/dekker.yml	true	correct	0.068870389	0.07683984597679228	26103808.0	4	5928	2264	14	937
before	tso	r02	c/pthread-atomic/dekker-unfair.yml	true	correct	0.060584609	0.0705438640434295	26087424.0	4	5928	2264	14	937
before	tso	r02	c/pthread-theta/unwind3-1.yml	false(unreach-call)	correct	0.065366762	0.06960937997791916	26013696.0	1	3640	1328	2	118
before	tso	r02	c/pthread-theta/exponential-nondet.yml	true	correct	0.064398329	0.07173086202237755	26058752.0	1	0	0	0	0
before	tso	r02	c/pthread-theta/unwind2-1.yml	false(unreach-call)	correct	0.071407147	0.07653967500664294	26075136.0	1	0	0	0	0
before	tso	r02	c/pthread-theta/unwind2-100.yml	false(unreach-call)	correct	0.067357227	0.07708228402771056	26075136.0	1	0	0	0	0
before	tso	r02	c/pthread/butterfly.yml	true	correct	18.220524014	18.26911391399335	26230784.0	64560	11032	4352	304114	44028054
before	tso	r02	c/pthread-ext/43_NetBSD_sysmon_power_sliced.yml	true	correct	0.063547694	0.07372425706125796	25915392.0	0	0	0	0	0
before	tso	r02	c/goblint-regression/28-race_reach_06-cond_racing1.yml	TIMEOUT	error	60.985449371	61.06054389907513	1057140736.0					
before	tso	r02	c/pthread/queue_ok.yml	true	correct	0.072833637	0.07997736195102334	26161152.0	2	161880	66080	4	46024
before	tso	r02	c/pthread/queue_ok_longer.yml	true	correct	1.073866054	1.0833385650767013	55570432.0	2	13851760	2864444	4	15503664
before	tso	r02	c/pthread/queue_ok_longest.yml	true	correct	4.661394431	4.679486813023686	243302400.0	2	54452288	11039476	4	61735070
before	tso	r02	c/pthread/queue_longer.yml	TIMEOUT	error	61.019051133	61.04652248194907	605937664.0					
before	tso	r02	c/pthread/queue.yml	false(unreach-call)	correct	0.097443008	0.10517302597872913	26173440.0	2	142168	58016	40	322450
before	tso	r02	c/pthread/singleton.yml	false(unreach-call)	correct	0.073253906	0.07797058403957635	26226688.0	1	8040	3128	8	1001
before	tso	r02	c/pthread/singleton_with-uninit-problems.yml	true	correct	0.070260787	0.0778470350196585	26218496.0	4	8216	3200	12	1722
before	tso	r02	c/pthread-C-DAC/pthread-demo-datarace-3.yml	false(unreach-call)	correct	0.142212774	0.15002441592514515	26091520.0	0	231288	94480	80	1076839
before	tso	r02	c/pthread/reorder_2.yml	false(unreach-call)	correct	0.154288908	0.161868633935228	26222592.0	162	29400	11872	432	328668
before	tso	r02	c/pthread/twostage_3.yml	false(unreach-call)	correct	0.082646675	0.08646239200606942	26349568.0	4	35736	14464	30	29858
before	tso	r02	c/ldv-races/race-1_1-join.yml	true	correct	0.068791696	0.07466550904791802	26222592.0	1	0	0	0	0
before	tso	r02	c/ldv-races/race-1_3-join.yml	false(unreach-call)	correct	0.068610657	0.07236255600582808	26202112.0	1	4520	1688	2	189
before	tso	r02	c/ldv-races/race-1_2-join.yml	false(unreach-call)	correct	0.069876434	0.07786001299973577	26222592.0	1	4520	1688	2	189
before	tso	r02	c/ldv-races/race-4_1-thread_local_vars.yml	true	correct	0.072393954	0.07997749897185713	26349568.0	0	0	0	0	0
before	tso	r02	c/ldv-races/race-2_1-container_of.yml	true	correct	0.069894155	0.07539983897004277	26349568.0	1	0	0	0	0
before	tso	r02	c/ldv-races/race-3_1-container_of-global.yml	true	correct	0.071339839	0.07887006306555122	26349568.0	1	0	0	0	0
before	tso	r03	c/goblint-regression/13-privatized_66-mine-W-init_true.yml	true	correct	0.072795427	0.07439041207544506	25935872.0	1	0	0	0	0
before	tso	r03	c/goblint-regression/36-apron_41-threadenter-no-locals_unknown_1_pos.yml	false(unreach-call)	correct	0.080803069	0.08606947306543589	25960448.0	0	0	0	0	0
before	tso	r03	c/goblint-regression/36-apron_16-traces-unprot2_true.yml	true	correct	0.073045826	0.07651584502309561	25927680.0	1	0	0	0	0
before	tso	r03	c/goblint-regression/13-privatized_57-singlethreaded-unlock_true.yml	true	correct	0.063041906	0.07277733797673136	26017792.0	1	0	0	0	0
before	tso	r03	c/goblint-regression/13-privatized_47-refine-protected2_true.yml	true	correct	0.071646769	0.07578533294145018	26013696.0	2	2584	896	4	101
before	tso	r03	c/goblint-regression/13-privatized_46-refine-protected1_true.yml	true	correct	0.061745331	0.06836396805010736	25939968.0	1	0	0	0	0
before	tso	r03	c/goblint-regression/36-apron_11-traces-max-simple_true.yml	true	correct	0.06378286	0.0777646250789985	26042368.0	2	2584	896	4	101
before	tso	r03	c/goblint-regression/13-privatized_41-traces-ex-7_unknown_1_pos.yml	false(unreach-call)	correct	0.060904797	0.06939728301949799	25894912.0	0	2760	968	2	54
before	tso	r03	c/goblint-regression/13-privatized_41-traces-ex-7_unknown_1_neg.yml	false(unreach-call)	correct	0.069380129	0.07680535304825753	26046464.0	0	0	0	0	0
before	tso	r03	c/goblint-regression/13-privatized_40-traces-ex-6_true.yml	true	correct	0.068808751	0.07398751308210194	26001408.0	1	2936	1040	4	119
before	tso	r03	c/goblint-regression/13-privatized_58-singlethreaded-lock_true.yml	true	correct	0.068149546	0.07215074903797358	26001408.0	1	0	0	0	0
before	tso	r03	c/goblint-regression/13-privatized_44-traces-mine2_true.yml	true	correct	0.068559018	0.07498988602310419	26038272.0	1	2760	968	2	46
before	tso	r03	c/goblint-regression/13-privatized_18-first-reads_unknown_2_pos.yml	false(unreach-call)	correct	0.062823496	0.06660343799740076	26050560.0	0	1880	608	2	31
before	tso	r03	c/goblint-regression/13-privatized_18-first-reads_unknown_1_neg.yml	false(unreach-call)	correct	0.06515515	0.07252305198926479	26005504.0	0	1880	608	2	31
before	tso	r03	c/goblint-regression/13-privatized_36-traces-ex-3_true.yml	true	correct	0.066198268	0.07243413908872753	25919488.0	3	3640	1328	8	268
before	tso	r03	c/goblint-regression/13-privatized_18-first-reads_true.yml	true	correct	0.063019779	0.06456398998852819	26091520.0	2	2584	896	4	112
before	tso	r03	c/goblint-regression/13-privatized_35-traces-ex-2_true.yml	true	correct	0.070847383	0.0789600289426744	25989120.0	2	3992	1472	8	279
before	tso	r03	c/goblint-regression/13-privatized_37-traces-ex-4_true.yml	true	correct	0.064759777	0.06914059689734131	25927680.0	2	3112	1112	4	159
before	tso	r03	c/goblint-regression/13-privatized_38-traces-ex-4-switch_true.yml	true	correct	0.068289146	0.07364159007556736	25964544.0	2	3992	1472	8	279
before	tso	r03	c/goblint-regression/13-privatized_19-publish-precision_unknown_1_pos.yml	false(unreach-call)	correct	0.060477626	0.06702181498985738	25956352.0	0	2760	968	2	50
before	tso	r03	c/goblint-regression/13-privatized_19-publish-precision_unknown_2_pos.yml	false(unreach-call)	correct	0.065950175	0.07145224197302014	26021888.0	0	0	0	0	0
before	tso	r03	c/goblint-regression/13-privatized_19-publish-precision_unknown_1_neg.yml	false(unreach-call)	correct	0.065140347	0.0739845170173794	26017792.0	0	0	0	0	0
before	tso	r03	c/goblint-regression/13-privatized_19-publish-precision_unknown_2_neg.yml	false(unreach-call)	correct	0.061225417	0.06599357700906694	25939968.0	0	2760	968	2	50
before	tso	r03	c/goblint-regression/13-privatized_45-traces-per-global-and-current-lock-mine-incomparable_true.yml	true	correct	0.06742441	0.07194758392870426	26038272.0	2	3992	1472	6	357
before	tso	r03	c/goblint-regression/13-privatized_01-priv_nr_true.yml	true	correct	0.071747749	0.0769565700320527	26013696.0	2	3288	1184	4	252
before	tso	r03	c/goblint-regression/13-privatized_19-publish-precision_true.yml	true	correct	0.070488776	0.07295027503278106	26021888.0	3	3640	1328	8	401
before	tso	r03	c/goblint-regression/13-privatized_42-traces-ex-mini_true.yml	true	correct	0.069388249	0.07684116007294506	25997312.0	2	3816	1400	4	255
before	tso	r03	c/goblint-regression/13-privatized_33-traces-v-matters_true.yml	true	correct	0.063986109	0.07327616005204618	26013696.0	1	3816	1400	6	286
before	tso	r03	c/goblint-regression/13-privatized_25-struct_nr_true.yml	true	correct	0.062688401	0.06863540993072093	26079232.0	2	3288	1184	4	252
before	tso	r03	c/goblint-regression/13-privatized_69-refine-protected-loop-interval_true.yml	true	correct	0.071105018	0.07560248498339206	26071040.0	0	0	0	0	0
before	tso	r03	c/goblint-regression/36-apron_17-traces-rpb-litmus_unknown_1_neg.yml	false(unreach-call)	correct	0.061775919	0.0677614730084315	25985024.0	0	0	0	0	0
before	tso	r03	c/goblint-regression/13-privatized_31-traces-mine-vs-mutex_true.yml	true	correct	0.066200317	0.07358005095738918	26079232.0	4	4872	1832	12	646
before	tso	r03	c/goblint-regression/13-privatized_20-publish-regression_true.yml	true	correct	0.069219676	0.08095302700530738	26013696.0	2	2584	896	4	112
before	tso	r03	c/goblint-regression/13-privatized_30-traces-oplus-vs-meet_true.yml	true	correct	0.067580439	0.07459647895302624	25976832.0	2	4168	1544	8	346
before	tso	r03	c/goblint-regression/13-privatized_32-traces-mine-vs-oplus-vs-meet_true.yml	true	correct	0.064575768	0.06844171602278948	25956352.0	3	5752	2192	12	783
before	tso	r03	c/goblint-regression/13-privatized_34-traces-minepp-L-needs-to-be-um_true.yml	true	correct	0.0665642	0.07103471003938466	26005504.0	1	2936	1040	4	119
before	tso	r03	c/goblint-regression/13-privatized_68-pfscan_protected_loop_minimal_interval_true.yml	true	correct	0.068892505	0.07204371597617865	26103808.0	0	0	0	0	0
before	tso	r03	c/goblint-regression/13-privatized_29-multiple-protecting2-vesal_true.yml	true	correct	0.06878026	0.07968745904508978	26079232.0	4	5928	2264	12	988
before	tso	r03	c/goblint-regression/13-privatized_24-multiple-protecting_true.yml	true	correct	0.067793909	0.07326146005652845	26009600.0	7	9624	3776	24	8593
before	tso	r03	c/goblint-regression/36-apron_21-traces-cluster-based_true.yml	true	correct	0.069569819	0.07413438404910266	26079232.0	6	6632	2552	26	2014
before	tso	r03	c/goblint-regression/36-apron_22-traces-write-centered-vs-meet-mutex_true_no-overflow.yml	true	correct	0.075635486	0.07736417301930487	26062848.0	1	0	0	0	0
before	tso	r03	c/goblint-regression/13-privatized_27-multiple-protecting2_true.yml	true	correct	0.07415876	0.07720848999451846	26005504.0	26	11208	4424	72	25988
before	tso	r03	c/pthread-ext/14_spin2003.yml	true	correct	0.071611244	0.08151970396284014	25972736.0	0	0	0	0	0
before	tso	r03	c/pthread-ext/29_conditionals_vs.yml	true	correct	0.068580939	0.07511863997206092	25927680.0	0	0	0	0	0
before	tso	r03	c/pthread-ext/48_ticket_lock_low_contention_vs-pthread.yml	true	correct	0.057783245	0.0636667349608615	25956352.0	0	0	0	0	0
before	tso	r03	c/pthread-ext/46_monabsex2_vs.yml	true	correct	0.066347047	0.07119300705380738	26013696.0	0	0	0	0	0
before	tso	r03	c/pthread-ext/45_monabsex1_vs.yml	true	correct	0.061303787	0.06849431106820703	25915392.0	0	0	0	0	0
before	tso	r03	c/pthread/stateful01-1.yml	false(unreach-call)	correct	0.068001093	0.07830463396385312	26099712.0	0	5928	2264	4	625
before	tso	r03	c/pthread/stateful01-2.yml	true	correct	0.068735955	0.07760915299877524	26079232.0	6	6104	2336	12	2074
before	tso	r03	c/pthread-atomic/time_var_mutex.yml	true	correct	0.057654684	0.0776001529302448	26030080.0	2	5400	2048	4	524
before	tso	r03	c/pthread-ext/01b_inc.yml	true	correct	0.060706092	0.07913307996932417	26075136.0	0	0	0	0	0
before	tso	r03	c/pthread/triangular-1.yml	true	correct	8.066077019	8.090136705082841	26116096.0	16632	24472	9856	43036	35610116
before	tso	r03	c/pthread/triangular-2.yml	false(unreach-call)	correct	1.906551334	1.9187575640389696	26075136.0	3638	24472	9856	10316	8402826
before	tso	r03	c/pthread-ext/02_inc_cas.yml	true	correct	0.062426886	0.07253376406151801	26009600.0	0	0	0	0	0
before	tso	r03	c/goblint-regression/28-race_reach_21-deref_read_racing.yml	false(unreach-call)	correct	3.62983796	3.647253763047047	56717312.0	0	0	0	0	0
before	tso	r03	c/pthread-ext/48_ticket_lock_low_contention_vs.yml	true	correct	0.067277298	0.07814719993621111	25956352.0	0	0	0	0	0
before	tso	r03	c/goblint-regression/28-race_reach_37-indirect_racing.yml	TIMEOUT	error	60.954996396	61.06425328704063	1057177600.0					
before	tso	r03	c/goblint-regression/28-race_reach_45-escape_racing.yml	false(unreach-call)	correct	0.067043147	0.07919547706842422	26095616.0	0	3816	1400	2	106
before	tso	r03	c/goblint-regression/28-race_reach_46-escape_racefree.yml	true	correct	0.056820109	0.06657395500224084	26058752.0	2	3464	1256	4	191
before	tso	r03	c/goblint-regression/28-race_reach_01-simple_racing.yml	TIMEOUT	error	61.025804924	61.05365622602403	1057177600.0					
before	tso	r03	c/goblint-regression/28-race_reach_11-ptr_racing.yml	TIMEOUT	error	61.036949195	61.05428593896795	1057087488.0					
before	tso	r03	c/pthread-deagle/circular_buffer_bad.yml	false(unreach-call)	correct	0.062324081	0.06830271705985069	26046464.0	1	30456	12304	14	18669
before	tso	r03	c/pthread/fib_safe-5.yml	true	correct	6.593081896	6.61591244104784	25976832.0	2772	171736	70112	6884	50861919
before	tso	r03	c/pthread/fib_safe-6.yml	true	correct	33.35185437	33.4807556780288	25993216.0	12012	248008	101320	29036	288430537
before	tso	r03	c/pthread/fib_unsafe-5.yml	false(unreach-call)	correct	1.847526681	1.875309327035211	26066944.0	632	171736	70112	1880	13786133
before	tso	r03	c/pthread/fib_unsafe-6.yml	false(unreach-call)	correct	9.848372784	9.939042767044157	26087424.0	2942	248008	101320	8244	81433459
before	tso	r03	c/pthread/fib_unsafe-7.yml	false(unreach-call)	correct	47.756761609	47.800715625984594	25960448.0	13238	281448	115000	35572	455400086
before	tso	r03	c/goblint-regression/28-race_reach_24-sound_lock_racing.yml	TIMEOUT	error	60.889763801	61.04945395991672	1057198080.0					
before	tso	r03	c/pthread/lazy01.yml	false(unreach-call)	correct	0.06215235	0.0656466749496758	26042368.0	1	5048	1904	6	497
before	tso	r03	c/pthread-deagle/circular_buffer_ok.yml	true	correct	4.259500864	4.270282395998947	26087424.0	3432	163992	66944	6864	28061574
before	tso	r03	c/pthread-atomic/szymanski.yml	true	correct	0.075663424	0.07978447410278022	26087424.0	6	5576	2120	62	2270
before	tso	r03	c/pthread-atomic/dekker.yml	true	correct	0.062629185	0.06849510292522609	26017792.0	4	5928	2264	14	937
before	tso	r03	c/pthread-atomic/dekker-unfair.yml	true	correct	0.06762989	0.07339755597058684	26083328.0	4	5928	2264	14	937
before	tso	r03	c/pthread-theta/unwind3-1.yml	false(unreach-call)	correct	0.067206131	0.07557696697767824	25997312.0	1	3640	1328	2	118
before	tso	r03	c/pthread-theta/exponential-nondet.yml	true	correct	0.068544075	0.08354470203630626	25993216.0	1	0	0	0	0
before	tso	r03	c/pthread-theta/unwind2-1.yml	false(unreach-call)	correct	0.06676834	0.07443780300673097	26054656.0	1	0	0	0	0
before	tso	r03	c/pthread-theta/unwind2-100.yml	false(unreach-call)	correct	0.063429524	0.07104371092282236	26087424.0	1	0	0	0	0
before	tso	r03	c/pthread/butterfly.yml	true	correct	18.323025145	18.499369066907093	26214400.0	64560	11032	4352	304114	44028054
before	tso	r03	c/pthread-ext/43_NetBSD_sysmon_power_sliced.yml	true	correct	0.06071288	0.06813391007017344	26009600.0	0	0	0	0	0
before	tso	r03	c/goblint-regression/28-race_reach_06-cond_racing1.yml	TIMEOUT	error	61.026019893	61.0597111339448	1057210368.0					
before	tso	r03	c/pthread/queue_ok.yml	true	correct	0.071328412	0.07880945806391537	26181632.0	2	161880	66080	4	46024
before	tso	r03	c/pthread/queue_ok_longer.yml	true	correct	1.078143067	1.0847357870079577	55558144.0	2	13851760	2864444	4	15503664
before	tso	r03	c/pthread/queue_ok_longest.yml	true	correct	4.708325726	4.716781647060998	243126272.0	2	54452288	11039476	4	61735070
before	tso	r03	c/pthread/queue_longer.yml	TIMEOUT	error	61.012387755	61.04676126095001	605302784.0					
before	tso	r03	c/pthread/queue.yml	false(unreach-call)	correct	0.097182668	0.10496920498553663	26169344.0	2	142168	58016	40	322450
before	tso	r03	c/pthread/singleton.yml	false(unreach-call)	correct	0.067291338	0.07349282002542168	26247168.0	1	8040	3128	8	1001
before	tso	r03	c/pthread/singleton_with-uninit-problems.yml	true	correct	0.069783006	0.07443868392147124	26214400.0	4	8216	3200	12	1722
before	tso	r03	c/pthread-C-DAC/pthread-demo-datarace-3.yml	false(unreach-call)	correct	0.140464605	0.14999415492638946	26124288.0	0	231288	94480	80	1076839
before	tso	r03	c/pthread/reorder_2.yml	false(unreach-call)	correct	0.152563386	0.16008154896553606	26206208.0	162	29400	11872	432	328668
before	tso	r03	c/pthread/twostage_3.yml	false(unreach-call)	correct	0.075623563	0.07955340598709881	26312704.0	4	35736	14464	30	29858
before	tso	r03	c/ldv-races/race-1_1-join.yml	true	correct	0.066323994	0.07308964000549167	26218496.0	1	0	0	0	0
before	tso	r03	c/ldv-races/race-1_3-join.yml	false(unreach-call)	correct	0.071202612	0.07540003105532378	26214400.0	1	4520	1688	2	189
before	tso	r03	c/ldv-races/race-1_2-join.yml	false(unreach-call)	correct	0.066154733	0.07402559497859329	26214400.0	1	4520	1688	2	189
before	tso	r03	c/ldv-races/race-4_1-thread_local_vars.yml	true	correct	0.068135532	0.07439450500532985	26357760.0	0	0	0	0	0
before	tso	r03	c/ldv-races/race-2_1-container_of.yml	true	correct	0.068036716	0.07437251799274236	26349568.0	1	0	0	0	0
before	tso	r03	c/ldv-races/race-3_1-container_of-global.yml	true	correct	0.066351089	0.0740493549965322	26218496.0	1	0	0	0	0
before	tso	r04	c/goblint-regression/13-privatized_66-mine-W-init_true.yml	true	correct	0.067667026	0.07213337102439255	25948160.0	1	0	0	0	0
before	tso	r04	c/goblint-regression/36-apron_41-threadenter-no-locals_unknown_1_pos.yml	false(unreach-call)	correct	0.067771678	0.07393803598824888	25952256.0	0	0	0	0	0
before	tso	r04	c/goblint-regression/36-apron_16-traces-unprot2_true.yml	true	correct	0.066604336	0.07107140799053013	25915392.0	1	0	0	0	0
before	tso	r04	c/goblint-regression/13-privatized_57-singlethreaded-unlock_true.yml	true	correct	0.066772141	0.07585704501252621	25907200.0	1	0	0	0	0
before	tso	r04	c/goblint-regression/13-privatized_47-refine-protected2_true.yml	true	correct	0.062790332	0.06862011505290866	25944064.0	2	2584	896	4	101
before	tso	r04	c/goblint-regression/13-privatized_46-refine-protected1_true.yml	true	correct	0.072614366	0.0814006410073489	25931776.0	1	0	0	0	0
before	tso	r04	c/goblint-regression/36-apron_11-traces-max-simple_true.yml	true	correct	0.065308698	0.06931521603837609	25923584.0	2	2584	896	4	101
before	tso	r04	c/goblint-regression/13-privatized_41-traces-ex-7_unknown_1_pos.yml	false(unreach-call)	correct	0.05510565	0.06350349599961191	25952256.0	0	2760	968	2	54
before	tso	r04	c/goblint-regression/13-privatized_41-traces-ex-7_unknown_1_neg.yml	false(unreach-call)	correct	0.074025083	0.07782686001155525	25944064.0	0	0	0	0	0
before	tso	r04	c/goblint-regression/13-privatized_40-traces-ex-6_true.yml	true	correct	0.066223096	0.0720869229407981	25993216.0	1	2936	1040	4	119
before	tso	r04	c/goblint-regression/13-privatized_58-singlethreaded-lock_true.yml	true	correct	0.06929031	0.07423667702823877	26013696.0	1	0	0	0	0
before	tso	r04	c/goblint-regression/13-privatized_44-traces-mine2_true.yml	true	correct	0.070105287	0.07663326396141201	25960448.0	1	2760	968	2	46
before	tso	r04	c/goblint-regression/13-privatized_18-first-reads_unknown_2_pos.yml	false(unreach-call)	correct	0.064655846	0.07423445396125317	26054656.0	0	1880	608	2	31
before	tso	r04	c/goblint-regression/13-privatized_18-first-reads_unknown_1_neg.yml	false(unreach-call)	correct	0.064920518	0.07080708700232208	26050560.0	0	1880	608	2	31
before	tso	r04	c/goblint-regression/13-privatized_36-traces-ex-3_true.yml	true	correct	0.069134966	0.0709531418979168	26030080.0	3	3640	1328	8	268
before	tso	r04	c/goblint-regression/13-privatized_18-first-reads_true.yml	true	correct	0.055486727	0.061130661983042955	26075136.0	2	2584	896	4	112
before	tso	r04	c/goblint-regression/13-privatized_35-traces-ex-2_true.yml	true	correct	0.071007491	0.08073832397349179	25948160.0	2	3992	1472	8	279
before	tso	r04	c/goblint-regression/13-privatized_37-traces-ex-4_true.yml	true	correct	0.066635085	0.07145339297130704	26013696.0	2	3112	1112	4	159
before	tso	r04	c/goblint-regression/13-privatized_38-traces-ex-4-switch_true.yml	true	correct	0.075117832	0.0783733680145815	25919488.0	2	3992	1472	8	279
before	tso	r04	c/goblint-regression/13-privatized_19-publish-precision_unknown_1_pos.yml	false(unreach-call)	correct	0.073348629	0.07696080498863012	25948160.0	0	2760	968	2	50
before	tso	r04	c/goblint-regression/13-privatized_19-publish-precision_unknown_2_pos.yml	false(unreach-call)	correct	0.070721539	0.07574673101771623	25972736.0	0	0	0	0	0
before	tso	r04	c/goblint-regression/13-privatized_19-publish-precision_unknown_1_neg.yml	false(unreach-call)	correct	0.062919354	0.06887499801814556	25972736.0	0	0	0	0	0
before	tso	r04	c/goblint-regression/13-privatized_19-publish-precision_unknown_2_neg.yml	false(unreach-call)	correct	0.06305643	0.06839225604198873	25993216.0	0	2760	968	2	50
before	tso	r04	c/goblint-regression/13-privatized_45-traces-per-global-and-current-lock-mine-incomparable_true.yml	true	correct	0.059087869	0.0655773039907217	26017792.0	2	3992	1472	6	357
before	tso	r04	c/goblint-regression/13-privatized_01-priv_nr_true.yml	true	correct	0.066257863	0.07369357498828322	25989120.0	2	3288	1184	4	252
before	tso	r04	c/goblint-regression/13-privatized_19-publish-precision_true.yml	true	correct	0.065953726	0.07322531891986728	25972736.0	3	3640	1328	8	401
before	tso	r04	c/goblint-regression/13-privatized_42-traces-ex-mini_true.yml	true	correct	0.072594643	0.0804474379401654	25993216.0	2	3816	1400	4	255
before	tso	r04	c/goblint-regression/13-privatized_33-traces-v-matters_true.yml	true	correct	0.069489721	0.07375316601246595	26001408.0	1	3816	1400	6	286
before	tso	r04	c/goblint-regression/13-privatized_25-struct_nr_true.yml	true	correct	0.067125978	0.07505891902837902	26005504.0	2	3288	1184	4	252
before	tso	r04	c/goblint-regression/13-privatized_69-refine-protected-loop-interval_true.yml	true	correct	0.06818614	0.0735194330336526	26054656.0	0	0	0	0	0
before	tso	r04	c/goblint-regression/36-apron_17-traces-rpb-litmus_unknown_1_neg.yml	false(unreach-call)	correct	0.066217654	0.07044423895422369	26017792.0	0	0	0	0	0
before	tso	r04	c/goblint-regression/13-privatized_31-traces-mine-vs-mutex_true.yml	true	correct	0.058147054	0.06297974695917219	26054656.0	4	4872	1832	12	646
before	tso	r04	c/goblint-regression/13-privatized_20-publish-regression_true.yml	true	correct	0.067082252	0.07390406797640026	26013696.0	2	2584	896	4	112
before	tso	r04	c/goblint-regression/13-privatized_30-traces-oplus-vs-meet_true.yml	true	correct	0.065669811	0.07274573505856097	25964544.0	2	4168	1544	8	346
before	tso	r04	c/goblint-regression/13-privatized_32-traces-mine-vs-oplus-vs-meet_true.yml	true	correct	0.069324714	0.07588630297686905	26075136.0	3	5752	2192	12	783
before	tso	r04	c/goblint-regression/13-privatized_34-traces-minepp-L-needs-to-be-um_true.yml	true	correct	0.066116268	0.07241468701977283	26062848.0	1	2936	1040	4	119
before	tso	r04	c/goblint-regression/13-privatized_68-pfscan_protected_loop_minimal_interval_true.yml	true	correct	0.067709189	0.07332543493248522	26046464.0	0	0	0	0	0
before	tso	r04	c/goblint-regression/13-privatized_29-multiple-protecting2-vesal_true.yml	true	correct	0.070139103	0.07502945302985609	26075136.0	4	5928	2264	12	988
before	tso	r04	c/goblint-regression/13-privatized_24-multiple-protecting_true.yml	true	correct	0.067498707	0.07322744303382933	26062848.0	7	9624	3776	24	8593
before	tso	r04	c/goblint-regression/36-apron_21-traces-cluster-based_true.yml	true	correct	0.071743604	0.07914395991247147	26075136.0	6	6632	2552	26	2014
before	tso	r04	c/goblint-regression/36-apron_22-traces-write-centered-vs-meet-mutex_true_no-overflow.yml	true	correct	0.069263761	0.0755630349740386	26083328.0	1	0	0	0	0
before	tso	r04	c/goblint-regression/13-privatized_27-multiple-protecting2_true.yml	true	correct	0.086673355	0.09334227396175265	26161152.0	26	11208	4424	72	25988
before	tso	r04	c/pthread-ext/14_spin2003.yml	true	correct	0.072990731	0.07450651295948774	25956352.0	0	0	0	0	0
before	tso	r04	c/pthread-ext/29_conditionals_vs.yml	true	correct	0.066771843	0.07286694901995361	25952256.0	0	0	0	0	0
before	tso	r04	c/pthread-ext/48_ticket_lock_low_contention_vs-pthread.yml	true	correct	0.069667305	0.07491381699219346	25956352.0	0	0	0	0	0
before	tso	r04	c/pthread-ext/46_monabsex2_vs.yml	true	correct	0.065724458	0.07339261402375996	25960448.0	0	0	0	0	0
before	tso	r04	c/pthread-ext/45_monabsex1_vs.yml	true	correct	0.066307819	0.07063359394669533	25935872.0	0	0	0	0	0
before	tso	r04	c/pthread/stateful01-1.yml	false(unreach-call)	correct	0.068590942	0.07301890302915126	26062848.0	0	5928	2264	4	625
before	tso	r04	c/pthread/stateful01-2.yml	true	correct	0.073018919	0.07610051706433296	26075136.0	6	6104	2336	12	2074
before	tso	r04	c/pthread-atomic/time_var_mutex.yml	true	correct	0.067039757	0.07514341804198921	26144768.0	2	5400	2048	4	524
before	tso	r04	c/pthread-ext/01b_inc.yml	true	correct	0.07060202	0.07846826897002757	25960448.0	0	0	0	0	0
before	tso	r04	c/pthread/triangular-1.yml	true	correct	8.058581349	8.0785738020204	26087424.0	16632	24472	9856	43036	35610116
before	tso	r04	c/pthread/triangular-2.yml	false(unreach-call)	correct	1.820955997	1.8291853959672153	26009600.0	3638	24472	9856	10316	8402826
before	tso	r04	c/pthread-ext/02_inc_cas.yml	true	correct	0.066324288	0.07192367292009294	25968640.0	0	0	0	0	0
before	tso	r04	c/goblint-regression/28-race_reach_21-deref_read_racing.yml	false(unreach-call)	correct	3.675828285	3.780486267991364	56426496.0	0	0	0	0	0
before	tso	r04	c/pthread-ext/48_ticket_lock_low_contention_vs.yml	true	correct	0.069971984	0.07357991393655539	25952256.0	0	0	0	0	0
before	tso	r04	c/goblint-regression/28-race_reach_37-indirect_racing.yml	TIMEOUT	error	61.029565384	61.06010306603275	1057116160.0					
before	tso	r04	c/goblint-regression/28-race_reach_45-escape_racing.yml	false(unreach-call)	correct	0.064800013	0.07013195496983826	26083328.0	0	3816	1400	2	106
before	tso	r04	c/goblint-regression/28-race_reach_46-escape_racefree.yml	true	correct	0.073904513	0.08103745896369219	26083328.0	2	3464	1256	4	191
before	tso	r04	c/goblint-regression/28-race_reach_01-simple_racing.yml	TIMEOUT	error	61.037554747	61.057999136974104	1057120256.0					
before	tso	r04	c/goblint-regression/28-race_reach_11-ptr_racing.yml	TIMEOUT	error	61.037659898	61.057519852067344	1057128448.0					
before	tso	r04	c/pthread-deagle/circular_buffer_bad.yml	false(unreach-call)	correct	0.076033633	0.08240896800998598	26087424.0	1	30456	12304	14	18669
before	tso	r04	c/pthread/fib_safe-5.yml	true	correct	6.109188419	6.294726405991241	26034176.0	2772	171736	70112	6884	50861919
before	tso	r04	c/pthread/fib_safe-6.yml	true	correct	33.429830501	33.516820486984216	26071040.0	12012	248008	101320	29036	288430537
before	tso	r04	c/pthread/fib_unsafe-5.yml	false(unreach-call)	correct	1.663618381	1.690768030937761	26083328.0	632	171736	70112	1880	13786133
before	tso	r04	c/pthread/fib_unsafe-6.yml	false(unreach-call)	correct	8.915720783	8.938348475960083	26021888.0	2942	248008	101320	8244	81433459
before	tso	r04	c/pthread/fib_unsafe-7.yml	false(unreach-call)	correct	47.546528877	47.59064953203779	26083328.0	13238	281448	115000	35572	455400086
before	tso	r04	c/goblint-regression/28-race_reach_24-sound_lock_racing.yml	TIMEOUT	error	60.835526153	61.05903289001435	1057144832.0					
before	tso	r04	c/pthread/lazy01.yml	false(unreach-call)	correct	0.065933634	0.07260506402235478	26087424.0	1	5048	1904	6	497
before	tso	r04	c/pthread-deagle/circular_buffer_ok.yml	true	correct	4.295731691	4.305963326012716	26157056.0	3432	163992	66944	6864	28061574
before	tso	r04	c/pthread-atomic/szymanski.yml	true	correct	0.073928561	0.07960764109157026	26087424.0	6	5576	2120	62	2270
before	tso	r04	c/pthread-atomic/dekker.yml	true	correct	0.067187431	0.07177908800076693	26091520.0	4	5928	2264	14	937
before	tso	r04	c/pthread-atomic/dekker-unfair.yml	true	correct	0.065057068	0.07126159803010523	25993216.0	4	5928	2264	14	937
before	tso	r04	c/pthread-theta/unwind3-1.yml	false(unreach-call)	correct	0.065039358	0.07030310202389956	26087424.0	1	3640	1328	2	118
before	tso	r04	c/pthread-theta/exponential-nondet.yml	true	correct	0.065169849	0.07159329194109887	26087424.0	1	0	0	0	0
before	tso	r04	c/pthread-theta/unwind2-1.yml	false(unreach-call)	correct	0.067704394	0.07355555600952357	26140672.0	1	0	0	0	0
before	tso	r04	c/pthread-theta/unwind2-100.yml	false(unreach-call)	correct	0.067378602	0.07523646508343518	26087424.0	1	0	0	0	0
before	tso	r04	c/pthread/butterfly.yml	true	correct	17.932643823	17.949874702026136	26144768.0	64560	11032	4352	304114	44028054
before	tso	r04	c/pthread-ext/43_NetBSD_sysmon_power_sliced.yml	true	correct	0.064976837	0.07167616800870746	25956352.0	0	0	0	0	0
before	tso	r04	c/goblint-regression/28-race_reach_06-cond_racing1.yml	TIMEOUT	error	61.03372202	61.06352304399479	1057124352.0					
before	tso	r04	c/pthread/queue_ok.yml	true	correct	0.071395197	0.07781451405026019	26173440.0	2	161880	66080	4	46024
before	tso	r04	c/pthread/queue_ok_longer.yml	true	correct	1.06986224	1.0740373560693115	55582720.0	2	13851760	2864444	4	15503664
before	tso	r04	c/pthread/queue_ok_longest.yml	true	correct	4.636733505	4.645671391976066	244989952.0	2	54452288	11039476	4	61735070
before	tso	r04	c/pthread/queue_longer.yml	TIMEOUT	error	61.018958081	61.04620043199975	605487104.0					
before	tso	r04	c/pthread/queue.yml	false(unreach-call)	correct	0.093992059	0.10160151799209416	26165248.0	2	142168	58016	40	322450
before	tso	r04	c/pthread/singleton.yml	false(unreach-call)	correct	0.069434665	0.07555541093461215	26226688.0	1	8040	3128	8	1001
before	tso	r04	c/pthread/singleton_with-uninit-problems.yml	true	correct	0.068288517	0.07466920604929328	26214400.0	4	8216	3200	12	1722
before	tso	r04	c/pthread-C-DAC/pthread-demo-datarace-3.yml	false(unreach-call)	correct	0.142509991	0.14774549996946007	26103808.0	0	231288	94480	80	1076839
before	tso	r04	c/pthread/reorder_2.yml	false(unreach-call)	correct	0.151142212	0.15837401594035327	26222592.0	162	29400	11872	432	328668
before	tso	r04	c/pthread/twostage_3.yml	false(unreach-call)	correct	0.075784468	0.08258821198251098	26353664.0	4	35736	14464	30	29858
before	tso	r04	c/ldv-races/race-1_1-join.yml	true	correct	0.064863981	0.0724368030205369	26226688.0	1	0	0	0	0
before	tso	r04	c/ldv-races/race-1_3-join.yml	false(unreach-call)	correct	0.067353299	0.07500722398981452	26271744.0	1	4520	1688	2	189
before	tso	r04	c/ldv-races/race-1_2-join.yml	false(unreach-call)	correct	0.070292422	0.07439919898752123	26226688.0	1	4520	1688	2	189
before	tso	r04	c/ldv-races/race-4_1-thread_local_vars.yml	true	correct	0.069066774	0.07578579091932625	26361856.0	0	0	0	0	0
before	tso	r04	c/ldv-races/race-2_1-container_of.yml	true	correct	0.070682476	0.07539344998076558	26345472.0	1	0	0	0	0
before	tso	r04	c/ldv-races/race-3_1-container_of-global.yml	true	correct	0.072022518	0.07441027590539306	26357760.0	1	0	0	0	0
before	pso	r01	c/goblint-regression/13-privatized_66-mine-W-init_true.yml	true	correct	0.071398952	0.07646190910600126	25976832.0	1	0	0	0	0
before	pso	r01	c/goblint-regression/36-apron_41-threadenter-no-locals_unknown_1_pos.yml	false(unreach-call)	correct	0.067595816	0.07360322203021497	25997312.0	0	0	0	0	0
before	pso	r01	c/goblint-regression/36-apron_16-traces-unprot2_true.yml	true	correct	0.065878557	0.06916665600147098	25976832.0	1	0	0	0	0
before	pso	r01	c/goblint-regression/13-privatized_57-singlethreaded-unlock_true.yml	true	correct	0.060060451	0.07295828696805984	25997312.0	1	1544	464	2	6
before	pso	r01	c/goblint-regression/13-privatized_47-refine-protected2_true.yml	true	correct	0.076297477	0.08267967205028981	26025984.0	2	3128	1112	20	171
before	pso	r01	c/goblint-regression/13-privatized_46-refine-protected1_true.yml	true	correct	0.072025761	0.07646766398102045	25976832.0	1	2952	1040	8	47
before	pso	r01	c/goblint-regression/36-apron_11-traces-max-simple_true.yml	true	correct	0.069929093	0.07245799200609326	25980928.0	2	3304	1184	20	171
before	pso	r01	c/goblint-regression/13-privatized_41-traces-ex-7_unknown_1_pos.yml	false(unreach-call)	correct	0.064956142	0.0713584020268172	25960448.0	0	2776	968	2	44
before	pso	r01	c/goblint-regression/13-privatized_41-traces-ex-7_unknown_1_neg.yml	false(unreach-call)	correct	0.073859732	0.07529530790634453	25964544.0	0	0	0	0	0
before	pso	r01	c/goblint-regression/13-privatized_40-traces-ex-6_true.yml	true	correct	0.069019646	0.07665411999914795	26021888.0	1	4184	1544	16	159
before	pso	r01	c/goblint-regression/13-privatized_58-singlethreaded-lock_true.yml	true	correct	0.06992703	0.07859889802057296	25907200.0	1	1544	464	2	6
before	pso	r01	c/goblint-regression/13-privatized_44-traces-mine2_true.yml	true	correct	0.071383394	0.07589253701735288	26013696.0	1	4184	1544	6	69
before	pso	r01	c/goblint-regression/13-privatized_18-first-reads_unknown_2_pos.yml	false(unreach-call)	correct	0.06952525	0.07469509390648454	25985024.0	0	1896	608	2	27
before	pso	r01	c/goblint-regression/13-privatized_18-first-reads_unknown_1_neg.yml	false(unreach-call)	correct	0.073164516	0.07525438803713769	25956352.0	0	1896	608	2	27
before	pso	r01	c/goblint-regression/13-privatized_36-traces-ex-3_true.yml	true	correct	0.066256188	0.07134422089438885	26009600.0	3	4360	1616	54	666
before	pso	r01	c/goblint-regression/13-privatized_18-first-reads_true.yml	true	correct	0.066905299	0.07207105401903391	26005504.0	2	3304	1184	20	209
before	pso	r01	c/goblint-regression/13-privatized_35-traces-ex-2_true.yml	true	correct	0.071329115	0.07683561404701322	25952256.0	2	4888	1832	60	766
before	pso	r01	c/goblint-regression/13-privatized_37-traces-ex-4_true.yml	true	correct	0.062277116	0.06800322304479778	25939968.0	2	4888	1832	56	604
before	pso	r01	c/goblint-regression/13-privatized_38-traces-ex-4-switch_true.yml	true	correct	0.071350362	0.0730714660603553	25948160.0	2	4888	1832	60	761
before	pso	r01	c/goblint-regression/13-privatized_19-publish-precision_unknown_1_pos.yml	false(unreach-call)	correct	0.069799266	0.0757069590035826	26071040.0	0	2776	968	2	43
before	pso	r01	c/goblint-regression/13-privatized_19-publish-precision_unknown_2_pos.yml	false(unreach-call)	correct	0.074749931	0.07798928895499557	26083328.0	0	0	0	0	0
before	pso	r01	c/goblint-regression/13-privatized_19-publish-precision_unknown_1_neg.yml	false(unreach-call)	correct	0.070394512	0.07719817105680704	26005504.0	0	0	0	0	0
before	pso	r01	c/goblint-regression/13-privatized_19-publish-precision_unknown_2_neg.yml	false(unreach-call)	correct	0.065793283	0.07120341702830046	26025984.0	0	2776	968	2	43
before	pso	r01	c/goblint-regression/13-privatized_45-traces-per-global-and-current-lock-mine-incomparable_true.yml	true	correct	0.062799123	0.06806203909218311	26005504.0	2	4888	1832	58	797
before	pso	r01	c/goblint-regression/13-privatized_01-priv_nr_true.yml	true	correct	0.075276633	0.08215740998275578	26054656.0	2	4360	1616	20	590
before	pso	r01	c/goblint-regression/13-privatized_19-publish-precision_true.yml	true	correct	0.069898468	0.08748041104990989	26017792.0	3	4536	1688	66	1041
before	pso	r01	c/goblint-regression/13-privatized_42-traces-ex-mini_true.yml	true	correct	0.060325908	0.0652374200290069	25964544.0	2	5064	1904	40	596
before	pso	r01	c/goblint-regression/13-privatized_33-traces-v-matters_true.yml	true	correct	0.07165973	0.07886599295306951	26030080.0	1	5240	1976	20	306
before	pso	r01	c/goblint-regression/13-privatized_25-struct_nr_true.yml	true	correct	0.067670634	0.0742791440570727	25993216.0	2	4360	1616	20	590
before	pso	r01	c/goblint-regression/13-privatized_69-refine-protected-loop-interval_true.yml	true	correct	0.066470681	0.07080842601135373	26017792.0	0	2248	752	2	13
before	pso	r01	c/goblint-regression/36-apron_17-traces-rpb-litmus_unknown_1_neg.yml	false(unreach-call)	correct	0.067079323	0.07014943100512028	26021888.0	0	0	0	0	0
before	pso	r01	c/goblint-regression/13-privatized_31-traces-mine-vs-mutex_true.yml	true	correct	0.073145654	0.0754089440451935	26021888.0	4	5768	2192	168	2572
before	pso	r01	c/goblint-regression/13-privatized_20-publish-regression_true.yml	true	correct	0.073264237	0.07517249998636544	26087424.0	2	4712	1760	36	597
before	pso	r01	c/goblint-regression/13-privatized_30-traces-oplus-vs-meet_true.yml	true	correct	0.062857886	0.06878214702010155	26009600.0	2	5064	1904	60	981
before	pso	r01	c/goblint-regression/13-privatized_32-traces-mine-vs-oplus-vs-meet_true.yml	true	correct	0.077125948	0.08053864201065153	26017792.0	3	6824	2624	152	3063
before	pso	r01	c/goblint-regression/13-privatized_34-traces-minepp-L-needs-to-be-um_true.yml	true	correct	0.070396537	0.07340393704362214	26050560.0	1	5416	2048	24	292
before	pso	r01	c/goblint-regression/13-privatized_68-pfscan_protected_loop_minimal_interval_true.yml	true	correct	0.076212336	0.08089378196746111	26079232.0	0	2248	752	2	13
before	pso	r01	c/goblint-regression/13-privatized_29-multiple-protecting2-vesal_true.yml	true	correct	0.069791988	0.07447719608899206	26091520.0	4	6824	2624	176	3243
before	pso	r01	c/goblint-regression/13-privatized_24-multiple-protecting_true.yml	true	correct	0.098773721	0.10215434106066823	26046464.0	7	10520	4136	852	23592
before	pso	r01	c/goblint-regression/36-apron_21-traces-cluster-based_true.yml	true	correct	0.078455181	0.08110907801892608	26091520.0	6	6648	2552	172	3116
before	pso	r01	c/goblint-regression/36-apron_22-traces-write-centered-vs-meet-mutex_true_no-overflow.yml	true	correct	0.07371809	0.0808271849527955	26148864.0	1	0	0	0	0
before	pso	r01	c/goblint-regression/13-privatized_27-multiple-protecting2_true.yml	true	correct	0.158151428	0.16460472799371928	26148864.0	26	11224	4424	3092	82273
before	pso	r01	c/pthread-ext/14_spin2003.yml	true	correct	0.070248415	0.07625582197215408	25964544.0	0	2600	896	2	8
before	pso	r01	c/pthread-ext/29_conditionals_vs.yml	true	correct	0.070016148	0.07293733407277614	25890816.0	0	0	0	0	0
before	pso	r01	c/pthread-ext/48_ticket_lock_low_contention_vs-pthread.yml	true	correct	0.068684525	0.07592627801932395	25956352.0	0	2600	896	2	8
before	pso	r01	c/pthread-ext/46_monabsex2_vs.yml	true	correct	0.066888001	0.07402434200048447	25939968.0	0	4184	1544	18	137
before	pso	r01	c/pthread-ext/45_monabsex1_vs.yml	true	correct	0.068547995	0.07332412793766707	25927680.0	0	3304	1184	8	57
before	pso	r01	c/pthread/stateful01-1.yml	false(unreach-call)	correct	0.075047736	0.07943097199313343	26066944.0	0	6824	2624	20	941
before	pso	r01	c/pthread/stateful01-2.yml	true	correct	0.084131818	0.0914128819713369	26079232.0	6	6824	2624	246	4314
before	pso	r01	c/pthread-atomic/time_var_mutex.yml	true	correct	0.071392833	0.07594423810951412	26112000.0	2	6296	2408	44	1007
before	pso	r01	c/pthread-ext/01b_inc.yml	true	correct	0.06866622	0.07309272105339915	26046464.0	0	4184	1544	10	129
before	pso	r01	c/pthread/triangular-1.yml	TIMEOUT	error	60.951242485	61.010337695945054	26120192.0					
before	pso	r01	c/pthread/triangular-2.yml	false(unreach-call)	correct	21.487604026	21.510229215957224	26058752.0	3638	24488	9856	493952	14750405
before	pso	r01	c/pthread-ext/02_inc_cas.yml	true	correct	0.070181254	0.07326093199662864	26034176.0	0	0	0	0	0
before	pso	r01	c/goblint-regression/28-race_reach_21-deref_read_racing.yml	false(unreach-call)	correct	3.162455123	3.181857315939851	56426496.0	0	0	0	0	0
before	pso	r01	c/pthread-ext/48_ticket_lock_low_contention_vs.yml	true	correct	0.068359318	0.07325017196126282	26038272.0	0	4888	1832	8	99
before	pso	r01	c/goblint-regression/28-race_reach_37-indirect_racing.yml	TIMEOUT	error	61.03022817	61.05364939500578	1057214464.0					
before	pso	r01	c/goblint-regression/28-race_reach_45-escape_racing.yml	false(unreach-call)	correct	0.070065119	0.0729362249840051	26091520.0	0	3832	1400	2	78
before	pso	r01	c/goblint-regression/28-race_reach_46-escape_racefree.yml	true	correct	0.072287388	0.07885403500404209	26083328.0	2	5592	2120	56	977
before	pso	r01	c/goblint-regression/28-race_reach_01-simple_racing.yml	TIMEOUT	error	61.034493901	61.05663164809812	1057157120.0					
before	pso	r01	c/goblint-regression/28-race_reach_11-ptr_racing.yml	TIMEOUT	error	60.947316328	61.056350491940975	1057058816.0					
before	pso	r01	c/pthread-deagle/circular_buffer_bad.yml	false(unreach-call)	correct	0.101678597	0.10770223394501954	26091520.0	1	31880	12880	476	37904
before	pso	r01	c/pthread/fib_safe-5.yml	TIMEOUT	error	60.958500797	61.00872201099992	26075136.0					
before	pso	r01	c/pthread/fib_safe-6.yml	TIMEOUT	error	60.970062705	61.00858934293501	26038272.0					
before	pso	r01	c/pthread/fib_unsafe-5.yml	false(unreach-call)	correct	14.875922759	14.892775875981897	26091520.0	632	171752	70112	96526	11518678
before	pso	r01	c/pthread/fib_unsafe-6.yml	TIMEOUT	error	60.977773221	61.012702215928584	26021888.0					
before	pso	r01	c/pthread/fib_unsafe-7.yml	TIMEOUT	error	60.975238737	61.006439910968766	26046464.0					
before	pso	r01	c/goblint-regression/28-race_reach_24-sound_lock_racing.yml	TIMEOUT	error	61.043453548	61.06044666701928	1057173504.0					
before	pso	r01	c/pthread/lazy01.yml	false(unreach-call)	correct	0.065636584	0.07199673296418041	26083328.0	1	5592	2120	36	861
before	pso	r01	c/pthread-deagle/circular_buffer_ok.yml	TIMEOUT	error	60.977612616	61.008006853982806	26218496.0					
before	pso	r01	c/pthread-atomic/szymanski.yml	true	correct	0.072982587	0.07976393098942935	26087424.0	6	5944	2264	756	9033
before	pso	r01	c/pthread-atomic/dekker.yml	true	correct	0.063100006	0.06729694898240268	26083328.0	4	6648	2552	70	1568
before	pso	r01	c/pthread-atomic/dekker-unfair.yml	true	correct	0.065742181	0.06980442791245878	26099712.0	4	6648	2552	74	1600
before	pso	r01	c/pthread-theta/unwind3-1.yml	false(unreach-call)	correct	0.065564242	0.06938348605763167	26091520.0	1	3656	1328	6	187
before	pso	r01	c/pthread-theta/exponential-nondet.yml	true	correct	0.06661067	0.0692514389520511	26095616.0	1	0	0	0	0
before	pso	r01	c/pthread-theta/unwind2-1.yml	false(unreach-call)	correct	0.056971948	0.06306586705613881	26095616.0	1	3656	1328	6	63
before	pso	r01	c/pthread-theta/unwind2-100.yml	false(unreach-call)	correct	0.056557677	0.061068001901730895	26152960.0	1	3656	1328	6	63
before	pso	r01	c/pthread/butterfly.yml	true	correct	26.586256574	26.637017778935842	26218496.0	64560	11224	4424	694890	54985280
before	pso	r01	c/pthread-ext/43_NetBSD_sysmon_power_sliced.yml	true	correct	0.060792188	0.06848021107725799	25935872.0	0	0	0	0	0
before	pso	r01	c/goblint-regression/28-race_reach_06-cond_racing1.yml	TIMEOUT	error	61.038037691	61.05665418796707	1057173504.0					
before	pso	r01	c/pthread/queue_ok.yml	true	correct	0.077061367	0.08193548896815628	26169344.0	2	534328	218456	34	133711
before	pso	r01	c/pthread/queue_ok_longer.yml	true	correct	3.984426259	3.9895881629781798	120909824.0	2	44133960	5872240	34	49930431
before	pso	r01	c/pthread/queue_ok_longest.yml	true	correct	19.896864487	19.912777907098643	472457216.0	2	174022760	22622640	34	203270106
before	pso	r01	c/pthread/queue_longer.yml	TIMEOUT	error	60.987314979	61.01674093399197	81813504.0					
before	pso	r01	c/pthread/queue.yml	false(unreach-call)	correct	1.106432483	1.1144984809216112	26296320.0	2	145000	59168	5918	2074810
before	pso	r01	c/pthread/singleton.yml	false(unreach-call)	correct	0.06858117	0.07589840097352862	26198016.0	1	8760	3416	40	1331
before	pso	r01	c/pthread/singleton_with-uninit-problems.yml	true	correct	0.071376828	0.07699828199110925	26288128.0	4	8936	3488	130	3400
before	pso	r01	c/pthread-C-DAC/pthread-demo-datarace-3.yml	false(unreach-call)	correct	0.140360342	0.14775447500869632	26087424.0	0	231304	94480	80	930799
before	pso	r01	c/pthread/reorder_2.yml	false(unreach-call)	correct	0.622670845	0.626168753951788	26222592.0	162	29416	11872	12692	778472
before	pso	r01	c/pthread/twostage_3.yml	false(unreach-call)	correct	0.08138794	0.08703831501770765	26345472.0	4	36104	14608	138	38625
before	pso	r01	c/ldv-races/race-1_1-join.yml	true	correct	0.065844514	0.06905175698921084	26218496.0	1	3304	1184	6	30
before	pso	r01	c/ldv-races/race-1_3-join.yml	false(unreach-call)	correct	0.070257005	0.07498129899613559	26312704.0	1	5416	2048	26	546
before	pso	r01	c/ldv-races/race-1_2-join.yml	false(unreach-call)	correct	0.061993144	0.06934923795051873	26238976.0	1	5416	2048	26	546
before	pso	r01	c/ldv-races/race-4_1-thread_local_vars.yml	true	correct	0.070702734	0.0728323160437867	26292224.0	0	0	0	0	0
before	pso	r01	c/ldv-races/race-2_1-container_of.yml	true	correct	0.069234326	0.07329878502059728	26296320.0	1	0	0	0	0
before	pso	r01	c/ldv-races/race-3_1-container_of-global.yml	true	correct	0.066898964	0.07448017701972276	26357760.0	1	0	0	0	0
before	pso	r02	c/goblint-regression/13-privatized_66-mine-W-init_true.yml	true	correct	0.072112636	0.07987311598844826	25985024.0	1	0	0	0	0
before	pso	r02	c/goblint-regression/36-apron_41-threadenter-no-locals_unknown_1_pos.yml	false(unreach-call)	correct	0.062461898	0.07194034801796079	26001408.0	0	0	0	0	0
before	pso	r02	c/goblint-regression/36-apron_16-traces-unprot2_true.yml	true	correct	0.073295005	0.07689706305973232	25956352.0	1	0	0	0	0
before	pso	r02	c/goblint-regression/13-privatized_57-singlethreaded-unlock_true.yml	true	correct	0.068064312	0.08045590994879603	25915392.0	1	1544	464	2	6
before	pso	r02	c/goblint-regression/13-privatized_47-refine-protected2_true.yml	true	correct	0.069913805	0.07603542401921004	25948160.0	2	3128	1112	20	171
before	pso	r02	c/goblint-regression/13-privatized_46-refine-protected1_true.yml	true	correct	0.065178941	0.06946904701180756	25935872.0	1	2952	1040	8	47
before	pso	r02	c/goblint-regression/36-apron_11-traces-max-simple_true.yml	true	correct	0.068460197	0.07288300094660372	25976832.0	2	3304	1184	20	171
before	pso	r02	c/goblint-regression/13-privatized_41-traces-ex-7_unknown_1_pos.yml	false(unreach-call)	correct	0.066269498	0.07190671598073095	26058752.0	0	2776	968	2	44
before	pso	r02	c/goblint-regression/13-privatized_41-traces-ex-7_unknown_1_neg.yml	false(unreach-call)	correct	0.07061659	0.08653874800074846	25923584.0	0	0	0	0	0
before	pso	r02	c/goblint-regression/13-privatized_40-traces-ex-6_true.yml	true	correct	0.070738594	0.08274209697265178	26038272.0	1	4184	1544	16	159
before	pso	r02	c/goblint-regression/13-privatized_58-singlethreaded-lock_true.yml	true	correct	0.067178751	0.08738294604700059	25989120.0	1	1544	464	2	6
before	pso	r02	c/goblint-regression/13-privatized_44-traces-mine2_true.yml	true	correct	0.073589218	0.07683426502626389	25952256.0	1	4184	1544	6	69
before	pso	r02	c/goblint-regression/13-privatized_18-first-reads_unknown_2_pos.yml	false(unreach-call)	correct	0.065365718	0.07029408600647002	26071040.0	0	1896	608	2	27
before	pso	r02	c/goblint-regression/13-privatized_18-first-reads_unknown_1_neg.yml	false(unreach-call)	correct	0.06922375	0.08457812597043812	25968640.0	0	1896	608	2	27
before	pso	r02	c/goblint-regression/13-privatized_36-traces-ex-3_true.yml	true	correct	0.070559924	0.0742958749178797	26034176.0	3	4360	1616	54	666
before	pso	r02	c/goblint-regression/13-privatized_18-first-reads_true.yml	true	correct	0.064960413	0.06993590400088578	25968640.0	2	3304	1184	20	209
before	pso	r02	c/goblint-regression/13-privatized_35-traces-ex-2_true.yml	true	correct	0.071664411	0.07410873798653483	25960448.0	2	4888	1832	60	766
before	pso	r02	c/goblint-regression/13-privatized_37-traces-ex-4_true.yml	true	correct	0.077934414	0.08589152607601136	25980928.0	2	4888	1832	56	604
before	pso	r02	c/goblint-regression/13-privatized_38-traces-ex-4-switch_true.yml	true	correct	0.068289693	0.07268592400941998	26017792.0	2	4888	1832	60	761
before	pso	r02	c/goblint-regression/13-privatized_19-publish-precision_unknown_1_pos.yml	false(unreach-call)	correct	0.07370654	0.07876786589622498	26058752.0	0	2776	968	2	43
before	pso	r02	c/goblint-regression/13-privatized_19-publish-precision_unknown_2_pos.yml	false(unreach-call)	correct	0.067762302	0.07487202598713338	26034176.0	0	0	0	0	0
before	pso	r02	c/goblint-regression/13-privatized_19-publish-precision_unknown_1_neg.yml	false(unreach-call)	correct	0.068969886	0.07329144096001983	26038272.0	0	0	0	0	0
before	pso	r02	c/goblint-regression/13-privatized_19-publish-precision_unknown_2_neg.yml	false(unreach-call)	correct	0.070431105	0.07241292402613908	26017792.0	0	2776	968	2	43
before	pso	r02	c/goblint-regression/13-privatized_45-traces-per-global-and-current-lock-mine-incomparable_true.yml	true	correct	0.066153655	0.071372726932168	25997312.0	2	4888	1832	58	797
before	pso	r02	c/goblint-regression/13-privatized_01-priv_nr_true.yml	true	correct	0.062986583	0.07201077102217823	26091520.0	2	4360	1616	20	590
before	pso	r02	c/goblint-regression/13-privatized_19-publish-precision_true.yml	true	correct	0.073963766	0.07550834608264267	25952256.0	3	4536	1688	66	1041
before	pso	r02	c/goblint-regression/13-privatized_42-traces-ex-mini_true.yml	true	correct	0.073076947	0.07701056904625148	26046464.0	2	5064	1904	40	596
before	pso	r02	c/goblint-regression/13-privatized_33-traces-v-matters_true.yml	true	correct	0.069638678	0.07540435600094497	26021888.0	1	5240	1976	20	306
before	pso	r02	c/goblint-regression/13-privatized_25-struct_nr_true.yml	true	correct	0.070168542	0.08143302297685295	26038272.0	2	4360	1616	20	590
before	pso	r02	c/goblint-regression/13-privatized_69-refine-protected-loop-interval_true.yml	true	correct	0.066924602	0.06894335499964654	26079232.0	0	2248	752	2	13
before	pso	r02	c/goblint-regression/36-apron_17-traces-rpb-litmus_unknown_1_neg.yml	false(unreach-call)	correct	0.066106374	0.06983570393640548	25948160.0	0	0	0	0	0
before	pso	r02	c/goblint-regression/13-privatized_31-traces-mine-vs-mutex_true.yml	true	correct	0.069401	0.07602246094029397	25989120.0	4	5768	2192	168	2572
before	pso	r02	c/goblint-regression/13-privatized_20-publish-regression_true.yml	true	correct	0.060473337	0.07124255795497447	26046464.0	2	4712	1760	36	597
before	pso	r02	c/goblint-regression/13-privatized_30-traces-oplus-vs-meet_true.yml	true	correct	0.072748724	0.07842101994901896	25989120.0	2	5064	1904	60	981
before	pso	r02	c/goblint-regression/13-privatized_32-traces-mine-vs-oplus-vs-meet_true.yml	true	correct	0.071744973	0.07728521106764674	26050560.0	3	6824	2624	152	3063
before	pso	r02	c/goblint-regression/13-privatized_34-traces-minepp-L-needs-to-be-um_true.yml	true	correct	0.071557426	0.07415417802985758	26042368.0	1	5416	2048	24	292
before	pso	r02	c/goblint-regression/13-privatized_68-pfscan_protected_loop_minimal_interval_true.yml	true	correct	0.069164781	0.07344650093000382	26087424.0	0	2248	752	2	13
before	pso	r02	c/goblint-regression/13-privatized_29-multiple-protecting2-vesal_true.yml	true	correct	0.073777819	0.07945572398602962	26066944.0	4	6824	2624	176	3243
before	pso	r02	c/goblint-regression/13-privatized_24-multiple-protecting_true.yml	true	correct	0.105341715	0.1106687190476805	26058752.0	7	10520	4136	852	23592
before	pso	r02	c/goblint-regression/36-apron_21-traces-cluster-based_true.yml	true	correct	0.070713093	0.07585266197565943	26038272.0	6	6648	2552	172	3116
before	pso	r02	c/goblint-regression/36-apron_22-traces-write-centered-vs-meet-mutex_true_no-overflow.yml	true	correct	0.064860119	0.07113717403262854	26075136.0	1	0	0	0	0
before	pso	r02	c/goblint-regression/13-privatized_27-multiple-protecting2_true.yml	true	correct	0.19744272	0.20277020696084946	26161152.0	26	11224	4424	3092	82273
before	pso	r02	c/pthread-ext/14_spin2003.yml	true	correct	0.065593103	0.07386449701152742	26025984.0	0	2600	896	2	8
before	pso	r02	c/pthread-ext/29_conditionals_vs.yml	true	correct	0.067625763	0.07793166302144527	26030080.0	0	0	0	0	0
before	pso	r02	c/pthread-ext/48_ticket_lock_low_contention_vs-pthread.yml	true	correct	0.066093241	0.07377338700462133	26030080.0	0	2600	896	2	8
before	pso	r02	c/pthread-ext/46_monabsex2_vs.yml	true	correct	0.067527375	0.07398859795648605	25944064.0	0	4184	1544	18	137
before	pso	r02	c/pthread-ext/45_monabsex1_vs.yml	true	correct	0.067646131	0.07325566292274743	25935872.0	0	3304	1184	8	57
before	pso	r02	c/pthread/stateful01-1.yml	false(unreach-call)	correct	0.071217632	0.07739688304718584	26071040.0	0	6824	2624	20	941
before	pso	r02	c/pthread/stateful01-2.yml	true	correct	0.078704365	0.08065738994628191	26140672.0	6	6824	2624	246	4314
before	pso	r02	c/pthread-atomic/time_var_mutex.yml	true	correct	0.073177757	0.08038656192366034	26107904.0	2	6296	2408	44	1007
before	pso	r02	c/pthread-ext/01b_inc.yml	true	correct	0.069116568	0.07353200495708734	26034176.0	0	4184	1544	10	129
before	pso	r02	c/pthread/triangular-1.yml	TIMEOUT	error	60.977820083	61.010566734941676	26124288.0					
before	pso	r02	c/pthread/triangular-2.yml	false(unreach-call)	correct	21.434072347	21.448499287012964	26017792.0	3638	24488	9856	493952	14750405
before	pso	r02	c/pthread-ext/02_inc_cas.yml	true	correct	0.071638079	0.07455820997711271	25989120.0	0	0	0	0	0
before	pso	r02	c/goblint-regression/28-race_reach_21-deref_read_racing.yml	false(unreach-call)	correct	3.135767004	3.14544592006132	56729600.0	0	0	0	0	0
before	pso	r02	c/pthread-ext/48_ticket_lock_low_contention_vs.yml	true	correct	0.070427113	0.0778961629839614	26087424.0	0	4888	1832	8	99
before	pso	r02	c/goblint-regression/28-race_reach_37-indirect_racing.yml	TIMEOUT	error	61.034785375	61.05772164906375	1057181696.0					
before	pso	r02	c/goblint-regression/28-race_reach_45-escape_racing.yml	false(unreach-call)	correct	0.069757859	0.07628915703389794	26087424.0	0	3832	1400	2	78
before	pso	r02	c/goblint-regression/28-race_reach_46-escape_racefree.yml	true	correct	0.069356954	0.0750744059914723	26091520.0	2	5592	2120	56	977
before	pso	r02	c/goblint-regression/28-race_reach_01-simple_racing.yml	TIMEOUT	error	60.953906213	61.06137856794521	1057058816.0					
before	pso	r02	c/goblint-regression/28-race_reach_11-ptr_racing.yml	TIMEOUT	error	61.035983922	61.060521261999384	1057185792.0					
before	pso	r02	c/pthread-deagle/circular_buffer_bad.yml	false(unreach-call)	correct	0.101876341	0.10524252604227513	26099712.0	1	31880	12880	476	37904
before	pso	r02	c/pthread/fib_safe-5.yml	TIMEOUT	error	60.973114395	61.01037263602484	26116096.0					
before	pso	r02	c/pthread/fib_safe-6.yml	TIMEOUT	error	60.975332435	61.00696789100766	26071040.0					
before	pso	r02	c/pthread/fib_unsafe-5.yml	false(unreach-call)	correct	14.791668101	14.804766532033682	26099712.0	632	171752	70112	96526	11518678
before	pso	r02	c/pthread/fib_unsafe-6.yml	TIMEOUT	error	60.979078909	61.01406510104425	26083328.0					
before	pso	r02	c/pthread/fib_unsafe-7.yml	TIMEOUT	error	60.975300951	61.00910063297488	26087424.0					
before	pso	r02	c/goblint-regression/28-race_reach_24-sound_lock_racing.yml	TIMEOUT	error	61.042520517	61.062806844944134	1057095680.0					
before	pso	r02	c/pthread/lazy01.yml	false(unreach-call)	correct	0.060898754	0.06913171091582626	26099712.0	1	5592	2120	36	861
before	pso	r02	c/pthread-deagle/circular_buffer_ok.yml	TIMEOUT	error	60.872522487	61.01058999099769	26173440.0					
before	pso	r02	c/pthread-atomic/szymanski.yml	true	correct	0.076481305	0.08385086199268699	26099712.0	6	5944	2264	756	9033
before	pso	r02	c/pthread-atomic/dekker.yml	true	correct	0.06568112	0.07021137094125152	26120192.0	4	6648	2552	70	1568
before	pso	r02	c/pthread-atomic/dekker-unfair.yml	true	correct	0.063069878	0.06806142907589674	26107904.0	4	6648	2552	74	1600
before	pso	r02	c/pthread-theta/unwind3-1.yml	false(unreach-call)	correct	0.062857874	0.06966579798609018	26034176.0	1	3656	1328	6	187
before	pso	r02	c/pthread-theta/exponential-nondet.yml	true	correct	0.06512996	0.06791153294034302	26091520.0	1	0	0	0	0
before	pso	r02	c/pthread-theta/unwind2-1.yml	false(unreach-call)	correct	0.057422013	0.06346783693879843	26124288.0	1	3656	1328	6	63
before	pso	r02	c/pthread-theta/unwind2-100.yml	false(unreach-call)	correct	0.062162968	0.06960738904308528	26144768.0	1	3656	1328	6	63
before	pso	r02	c/pthread/butterfly.yml	true	correct	26.63960971	26.65401151194237	26226688.0	64560	11224	4424	694890	54985280
before	pso	r02	c/pthread-ext/43_NetBSD_sysmon_power_sliced.yml	true	correct	0.06012494	0.06803241500165313	25956352.0	0	0	0	0	0
before	pso	r02	c/goblint-regression/28-race_reach_06-cond_racing1.yml	TIMEOUT	error	61.037622946	61.060647174948826	1057140736.0					
before	pso	r02	c/pthread/queue_ok.yml	true	correct	0.076107454	0.08089684299193323	26165248.0	2	534328	218456	34	133711
before	pso	r02	c/pthread/queue_ok_longer.yml	true	correct	3.978761472	3.9847158120246604	120868864.0	2	44133960	5872240	34	49930431
before	pso	r02	c/pthread/queue_ok_longest.yml	true	correct	19.566740469	19.582250984036364	477204480.0	2	174022760	22622640	34	203270106
before	pso	r02	c/pthread/queue_longer.yml	TIMEOUT	error	60.989539102	61.017627232009545	81125376.0					
before	pso	r02	c/pthread/queue.yml	false(unreach-call)	correct	1.101222518	1.1097625880502164	26296320.0	2	145000	59168	5918	2074810
before	pso	r02	c/pthread/singleton.yml	false(unreach-call)	correct	0.06728073	0.07391636993270367	26218496.0	1	8760	3416	40	1331
before	pso	r02	c/pthread/singleton_with-uninit-problems.yml	true	correct	0.070509819	0.07806428801268339	26226688.0	4	8936	3488	130	3400
before	pso	r02	c/pthread-C-DAC/pthread-demo-datarace-3.yml	false(unreach-call)	correct	0.145393736	0.15286004007793963	26087424.0	0	231304	94480	80	930799
before	pso	r02	c/pthread/reorder_2.yml	false(unreach-call)	correct	0.627816388	0.6309461829951033	26218496.0	162	29416	11872	12692	778472
before	pso	r02	c/pthread/twostage_3.yml	false(unreach-call)	correct	0.081974034	0.08946828509215266	26402816.0	4	36104	14608	138	38625
before	pso	r02	c/ldv-races/race-1_1-join.yml	true	correct	0.06341146	0.07072199892718345	26214400.0	1	3304	1184	6	30
before	pso	r02	c/ldv-races/race-1_3-join.yml	false(unreach-call)	correct	0.066768685	0.07411298691295087	26308608.0	1	5416	2048	26	546
before	pso	r02	c/ldv-races/race-1_2-join.yml	false(unreach-call)	correct	0.066972206	0.07468789396807551	26226688.0	1	5416	2048	26	546
before	pso	r02	c/ldv-races/race-4_1-thread_local_vars.yml	true	correct	0.067295829	0.07499967503827065	26341376.0	0	0	0	0	0
before	pso	r02	c/ldv-races/race-2_1-container_of.yml	true	correct	0.068860868	0.07083742402028292	26345472.0	1	0	0	0	0
before	pso	r02	c/ldv-races/race-3_1-container_of-global.yml	true	correct	0.063864557	0.07071454694960266	26349568.0	1	0	0	0	0
before	pso	r03	c/goblint-regression/13-privatized_66-mine-W-init_true.yml	true	correct	0.066853363	0.07162296096794307	25952256.0	1	0	0	0	0
before	pso	r03	c/goblint-regression/36-apron_41-threadenter-no-locals_unknown_1_pos.yml	false(unreach-call)	correct	0.061153539	0.06874994095414877	25972736.0	0	0	0	0	0
before	pso	r03	c/goblint-regression/36-apron_16-traces-unprot2_true.yml	true	correct	0.069770574	0.07636540790554136	25968640.0	1	0	0	0	0
before	pso	r03	c/goblint-regression/13-privatized_57-singlethreaded-unlock_true.yml	true	correct	0.066832438	0.07243355899117887	26017792.0	1	1544	464	2	6
before	pso	r03	c/goblint-regression/13-privatized_47-refine-protected2_true.yml	true	correct	0.067853828	0.07040698698256165	26013696.0	2	3128	1112	20	171
before	pso	r03	c/goblint-regression/13-privatized_46-refine-protected1_true.yml	true	correct	0.075019328	0.07648820907343179	25935872.0	1	2952	1040	8	47
before	pso	r03	c/goblint-regression/36-apron_11-traces-max-simple_true.yml	true	correct	0.070027808	0.07251357799395919	25956352.0	2	3304	1184	20	171
before	pso	r03	c/goblint-regression/13-privatized_41-traces-ex-7_unknown_1_pos.yml	false(unreach-call)	correct	0.068217083	0.0701883650617674	26025984.0	0	2776	968	2	44
before	pso	r03	c/goblint-regression/13-privatized_41-traces-ex-7_unknown_1_neg.yml	false(unreach-call)	correct	0.058447863	0.06629656301811337	26054656.0	0	0	0	0	0
before	pso	r03	c/goblint-regression/13-privatized_40-traces-ex-6_true.yml	true	correct	0.068504479	0.07751993706915528	25997312.0	1	4184	1544	16	159
before	pso	r03	c/goblint-regression/13-privatized_58-singlethreaded-lock_true.yml	true	correct	0.065855505	0.07417770603206009	25952256.0	1	1544	464	2	6
before	pso	r03	c/goblint-regression/13-privatized_44-traces-mine2_true.yml	true	correct	0.068487433	0.07561573595739901	25980928.0	1	4184	1544	6	69
before	pso	r03	c/goblint-regression/13-privatized_18-first-reads_unknown_2_pos.yml	false(unreach-call)	correct	0.067203826	0.07403078000061214	26062848.0	0	1896	608	2	27
before	pso	r03	c/goblint-regression/13-privatized_18-first-reads_unknown_1_neg.yml	false(unreach-call)	correct	0.065726356	0.06935325101949275	26095616.0	0	1896	608	2	27
before	pso	r03	c/goblint-regression/13-privatized_36-traces-ex-3_true.yml	true	correct	0.064842413	0.07044997997581959	26005504.0	3	4360	1616	54	666
before	pso	r03	c/goblint-regression/13-privatized_18-first-reads_true.yml	true	correct	0.067074923	0.0707805339479819	26071040.0	2	3304	1184	20	209
before	pso	r03	c/goblint-regression/13-privatized_35-traces-ex-2_true.yml	true	correct	0.062857043	0.06947748200036585	26042368.0	2	4888	1832	60	766
before	pso	r03	c/goblint-regression/13-privatized_37-traces-ex-4_true.yml	true	correct	0.067687503	0.07458957494236529	25960448.0	2	4888	1832	56	604
before	pso	r03	c/goblint-regression/13-privatized_38-traces-ex-4-switch_true.yml	true	correct	0.065458845	0.07090261403936893	26058752.0	2	4888	1832	60	761
before	pso	r03	c/goblint-regression/13-privatized_19-publish-precision_unknown_1_pos.yml	false(unreach-call)	correct	0.074871231	0.07981895003467798	25980928.0	0	2776	968	2	43
before	pso	r03	c/goblint-regression/13-privatized_19-publish-precision_unknown_2_pos.yml	false(unreach-call)	correct	0.06611898	0.07063452003058046	26013696.0	0	0	0	0	0
before	pso	r03	c/goblint-regression/13-privatized_19-publish-precision_unknown_1_neg.yml	false(unreach-call)	correct	0.070997882	0.07467598293442279	26042368.0	0	0	0	0	0
before	pso	r03	c/goblint-regression/13-privatized_19-publish-precision_unknown_2_neg.yml	false(unreach-call)	correct	0.067969864	0.07041875110007823	25972736.0	0	2776	968	2	43
before	pso	r03	c/goblint-regression/13-privatized_45-traces-per-global-and-current-lock-mine-incomparable_true.yml	true	correct	0.067669333	0.07145153393503278	26013696.0	2	4888	1832	58	797
before	pso	r03	c/goblint-regression/13-privatized_01-priv_nr_true.yml	true	correct	0.064663829	0.06958536989986897	26075136.0	2	4360	1616	20	590
before	pso	r03	c/goblint-regression/13-privatized_19-publish-precision_true.yml	true	correct	0.069605995	0.07515601394698024	26034176.0	3	4536	1688	66	1041
before	pso	r03	c/goblint-regression/13-privatized_42-traces-ex-mini_true.yml	true	correct	0.068342389	0.07203442300669849	26001408.0	2	5064	1904	40	596
before	pso	r03	c/goblint-regression/13-privatized_33-traces-v-matters_true.yml	true	correct	0.070384673	0.07508059800602496	26054656.0	1	5240	1976	20	306
before	pso	r03	c/goblint-regression/13-privatized_25-struct_nr_true.yml	true	correct	0.069263751	0.07418734894599766	26075136.0	2	4360	1616	20	590
before	pso	r03	c/goblint-regression/13-privatized_69-refine-protected-loop-interval_true.yml	true	correct	0.06918592	0.07316004496533424	26148864.0	0	2248	752	2	13
before	pso	r03	c/goblint-regression/36-apron_17-traces-rpb-litmus_unknown_1_neg.yml	false(unreach-call)	correct	0.068961974	0.07248135795816779	26005504.0	0	0	0	0	0
before	pso	r03	c/goblint-regression/13-privatized_31-traces-mine-vs-mutex_true.yml	true	correct	0.067603246	0.07379683398175985	26083328.0	4	5768	2192	168	2572
before	pso	r03	c/goblint-regression/13-privatized_20-publish-regression_true.yml	true	correct	0.064968802	0.0717892280081287	26021888.0	2	4712	1760	36	597
before	pso	r03	c/goblint-regression/13-privatized_30-traces-oplus-vs-meet_true.yml	true	correct	0.071119909	0.07697152101900429	26034176.0	2	5064	1904	60	981
before	pso	r03	c/goblint-regression/13-privatized_32-traces-mine-vs-oplus-vs-meet_true.yml	true	correct	0.074696639	0.07899167202413082	25980928.0	3	6824	2624	152	3063
before	pso	r03	c/goblint-regression/13-privatized_34-traces-minepp-L-needs-to-be-um_true.yml	true	correct	0.068280153	0.07564653095323592	26042368.0	1	5416	2048	24	292
before	pso	r03	c/goblint-regression/13-privatized_68-pfscan_protected_loop_minimal_interval_true.yml	true	correct	0.071304049	0.07782378001138568	26058752.0	0	2248	752	2	13
before	pso	r03	c/goblint-regression/13-privatized_29-multiple-protecting2-vesal_true.yml	true	correct	0.075120321	0.08171740698162466	26017792.0	4	6824	2624	176	3243
before	pso	r03	c/goblint-regression/13-privatized_24-multiple-protecting_true.yml	true	correct	0.101907496	0.11141146090812981	26140672.0	7	10520	4136	852	23592
before	pso	r03	c/goblint-regression/36-apron_21-traces-cluster-based_true.yml	true	correct	0.072248783	0.07726669893600047	26058752.0	6	6648	2552	172	3116
before	pso	r03	c/goblint-regression/36-apron_22-traces-write-centered-vs-meet-mutex_true_no-overflow.yml	true	correct	0.067762614	0.07591525302268565	26087424.0	1	0	0	0	0
before	pso	r03	c/goblint-regression/13-privatized_27-multiple-protecting2_true.yml	true	correct	0.195589236	0.20188488496933132	26083328.0	26	11224	4424	3092	82273
before	pso	r03	c/pthread-ext/14_spin2003.yml	true	correct	0.071288985	0.0729037799173966	26009600.0	0	2600	896	2	8
before	pso	r03	c/pthread-ext/29_conditionals_vs.yml	true	correct	0.065277861	0.07230874197557569	26009600.0	0	0	0	0	0
before	pso	r03	c/pthread-ext/48_ticket_lock_low_contention_vs-pthread.yml	true	correct	0.068191303	0.07510082505177706	25972736.0	0	2600	896	2	8
before	pso	r03	c/pthread-ext/46_monabsex2_vs.yml	true	correct	0.065217385	0.0698338330257684	26034176.0	0	4184	1544	18	137
before	pso	r03	c/pthread-ext/45_monabsex1_vs.yml	true	correct	0.067796016	0.07387696800287813	26058752.0	0	3304	1184	8	57
before	pso	r03	c/pthread/stateful01-1.yml	false(unreach-call)	correct	0.071149104	0.07617057103198022	26087424.0	0	6824	2624	20	941
before	pso	r03	c/pthread/stateful01-2.yml	true	correct	0.068581163	0.07585089199710637	26066944.0	6	6824	2624	246	4314
before	pso	r03	c/pthread-atomic/time_var_mutex.yml	true	correct	0.076100165	0.08287293300963938	26075136.0	2	6296	2408	44	1007
before	pso	r03	c/pthread-ext/01b_inc.yml	true	correct	0.070094475	0.07580044690985233	26013696.0	0	4184	1544	10	129
before	pso	r03	c/pthread/triangular-1.yml	TIMEOUT	error	60.978218912	61.01086324604694	26050560.0					
before	pso	r03	c/pthread/triangular-2.yml	false(unreach-call)	correct	21.626024162	21.641886069905013	26112000.0	3638	24488	9856	493952	14750405
before	pso	r03	c/pthread-ext/02_inc_cas.yml	true	correct	0.07173832	0.07966022996697575	26030080.0	0	0	0	0	0
before	pso	r03	c/goblint-regression/28-race_reach_21-deref_read_racing.yml	false(unreach-call)	correct	3.199165969	3.255646114004776	56545280.0	0	0	0	0	0
before	pso	r03	c/pthread-ext/48_ticket_lock_low_contention_vs.yml	true	correct	0.069526226	0.07625254697632045	26062848.0	0	4888	1832	8	99
before	pso	r03	c/goblint-regression/28-race_reach_37-indirect_racing.yml	TIMEOUT	error	61.039632317	61.05734409100842	1057222656.0					
before	pso	r03	c/goblint-regression/28-race_reach_45-escape_racing.yml	false(unreach-call)	correct	0.070951946	0.07530237303581089	26042368.0	0	3832	1400	2	78
before	pso	r03	c/goblint-regression/28-race_reach_46-escape_racefree.yml	true	correct	0.070228435	0.0748164689866826	26021888.0	2	5592	2120	56	977
before	pso	r03	c/goblint-regression/28-race_reach_01-simple_racing.yml	TIMEOUT	error	61.036146414	61.054427647963166	1057030144.0					
before	pso	r03	c/goblint-regression/28-race_reach_11-ptr_racing.yml	TIMEOUT	error	61.038145876	61.05874972802121	1057095680.0					
before	pso	r03	c/pthread-deagle/circular_buffer_bad.yml	false(unreach-call)	correct	0.112100202	0.117989368038252	26202112.0	1	31880	12880	476	37904
before	pso	r03	c/pthread/fib_safe-5.yml	TIMEOUT	error	60.966924324	61.00905266602058	26079232.0					
before	pso	r03	c/pthread/fib_safe-6.yml	TIMEOUT	error	60.865513092	61.010200647986494	26087424.0					
before	pso	r03	c/pthread/fib_unsafe-5.yml	false(unreach-call)	correct	14.877300723	15.134752116980962	26038272.0	632	171752	70112	96526	11518678
before	pso	r03	c/pthread/fib_unsafe-6.yml	TIMEOUT	error	60.89565452	61.01277181995101	26042368.0					
before	pso	r03	c/pthread/fib_unsafe-7.yml	TIMEOUT	error	60.977573931	61.01004618301522	26079232.0					
before	pso	r03	c/goblint-regression/28-race_reach_24-sound_lock_racing.yml	TIMEOUT	error	61.0406508	61.06200695002917	1057165312.0					
before	pso	r03	c/pthread/lazy01.yml	false(unreach-call)	correct	0.068237149	0.07448500208556652	26083328.0	1	5592	2120	36	861
before	pso	r03	c/pthread-deagle/circular_buffer_ok.yml	TIMEOUT	error	60.97764447	61.009155615000054	26218496.0					
before	pso	r03	c/pthread-atomic/szymanski.yml	true	correct	0.071003952	0.07633951003663242	26075136.0	6	5944	2264	756	9033
before	pso	r03	c/pthread-atomic/dekker.yml	true	correct	0.062509767	0.0674006809713319	26095616.0	4	6648	2552	70	1568
before	pso	r03	c/pthread-atomic/dekker-unfair.yml	true	correct	0.06368084	0.07134374708402902	26103808.0	4	6648	2552	74	1600
before	pso	r03	c/pthread-theta/unwind3-1.yml	false(unreach-call)	correct	0.058305927	0.06503590801730752	26091520.0	1	3656	1328	6	187
before	pso	r03	c/pthread-theta/exponential-nondet.yml	true	correct	0.061163409	0.06715424195863307	26173440.0	1	0	0	0	0
before	pso	r03	c/pthread-theta/unwind2-1.yml	false(unreach-call)	correct	0.06284403	0.07080836803652346	26087424.0	1	3656	1328	6	63
before	pso	r03	c/pthread-theta/unwind2-100.yml	false(unreach-call)	correct	0.059771638	0.06665425596293062	26161152.0	1	3656	1328	6	63
before	pso	r03	c/pthread/butterfly.yml	true	correct	26.581749095	26.600777335930616	26230784.0	64560	11224	4424	694890	54985280
before	pso	r03	c/pthread-ext/43_NetBSD_sysmon_power_sliced.yml	true	correct	0.060273875	0.06658229709137231	25919488.0	0	0	0	0	0
before	pso	r03	c/goblint-regression/28-race_reach_06-cond_racing1.yml	TIMEOUT	error	61.037787312	61.055268452037126	1057181696.0					
before	pso	r03	c/pthread/queue_ok.yml	true	correct	0.0811386	0.08602016989607364	26292224.0	2	534328	218456	34	133711
before	pso	r03	c/pthread/queue_ok_longer.yml	true	correct	4.014216127	4.0239407629705966	125448192.0	2	44133960	5872240	34	49930431
before	pso	r03	c/pthread/queue_ok_longest.yml	true	correct	19.794518781	19.806633468018845	471478272.0	2	174022760	22622640	34	203270106
before	pso	r03	c/pthread/queue_longer.yml	TIMEOUT	error	60.987152294	61.01882232003845	81334272.0					
before	pso	r03	c/pthread/queue.yml	false(unreach-call)	correct	1.101036953	1.1081558469450101	26165248.0	2	145000	59168	5918	2074810
before	pso	r03	c/pthread/singleton.yml	false(unreach-call)	correct	0.073938375	0.08108292100951076	26222592.0	1	8760	3416	40	1331
before	pso	r03	c/pthread/singleton_with-uninit-problems.yml	true	correct	0.076491814	0.08105715201236308	26218496.0	4	8936	3488	130	3400
before	pso	r03	c/pthread-C-DAC/pthread-demo-datarace-3.yml	false(unreach-call)	correct	0.142553204	0.15124400600325316	26087424.0	0	231304	94480	80	930799
before	pso	r03	c/pthread/reorder_2.yml	false(unreach-call)	correct	0.623942651	0.6320362460101023	26214400.0	162	29416	11872	12692	778472
before	pso	r03	c/pthread/twostage_3.yml	false(unreach-call)	correct	0.081407968	0.08606187801342458	26345472.0	4	36104	14608	138	38625
before	pso	r03	c/ldv-races/race-1_1-join.yml	true	correct	0.066106125	0.07256826793309301	26222592.0	1	3304	1184	6	30
before	pso	r03	c/ldv-races/race-1_3-join.yml	false(unreach-call)	correct	0.068094046	0.07583775499369949	26214400.0	1	5416	2048	26	546
before	pso	r03	c/ldv-races/race-1_2-join.yml	false(unreach-call)	correct	0.065991865	0.07281511707697064	26284032.0	1	5416	2048	26	546
before	pso	r03	c/ldv-races/race-4_1-thread_local_vars.yml	true	correct	0.070173728	0.07734002289362252	26357760.0	0	0	0	0	0
before	pso	r03	c/ldv-races/race-2_1-container_of.yml	true	correct	0.065026233	0.07176555704791099	26374144.0	1	0	0	0	0
before	pso	r03	c/ldv-races/race-3_1-container_of-global.yml	true	correct	0.063238185	0.06940581102389842	26271744.0	1	0	0	0	0
before	pso	r04	c/goblint-regression/13-privatized_66-mine-W-init_true.yml	true	correct	0.062432849	0.06583939609117806	25956352.0	1	0	0	0	0
before	pso	r04	c/goblint-regression/36-apron_41-threadenter-no-locals_unknown_1_pos.yml	false(unreach-call)	correct	0.064836994	0.07160637807101011	25952256.0	0	0	0	0	0
before	pso	r04	c/goblint-regression/36-apron_16-traces-unprot2_true.yml	true	correct	0.066035437	0.06876530696172267	25907200.0	1	0	0	0	0
before	pso	r04	c/goblint-regression/13-privatized_57-singlethreaded-unlock_true.yml	true	correct	0.076647971	0.08289598801638931	26025984.0	1	1544	464	2	6
before	pso	r04	c/goblint-regression/13-privatized_47-refine-protected2_true.yml	true	correct	0.071435714	0.07919596799183637	26025984.0	2	3128	1112	20	171
before	pso	r04	c/goblint-regression/13-privatized_46-refine-protected1_true.yml	true	correct	0.065856089	0.07176417403388768	25993216.0	1	2952	1040	8	47
before	pso	r04	c/goblint-regression/36-apron_11-traces-max-simple_true.yml	true	correct	0.065735231	0.07167899701744318	25935872.0	2	3304	1184	20	171
before	pso	r04	c/goblint-regression/13-privatized_41-traces-ex-7_unknown_1_pos.yml	false(unreach-call)	correct	0.068212822	0.07208547298796475	26034176.0	0	2776	968	2	44
before	pso	r04	c/goblint-regression/13-privatized_41-traces-ex-7_unknown_1_neg.yml	false(unreach-call)	correct	0.061410374	0.06906314101070166	25976832.0	0	0	0	0	0
before	pso	r04	c/goblint-regression/13-privatized_40-traces-ex-6_true.yml	true	correct	0.059990683	0.0645996150560677	26001408.0	1	4184	1544	16	159
before	pso	r04	c/goblint-regression/13-privatized_58-singlethreaded-lock_true.yml	true	correct	0.065062187	0.067761161015369	26009600.0	1	1544	464	2	6
before	pso	r04	c/goblint-regression/13-privatized_44-traces-mine2_true.yml	true	correct	0.069373747	0.07428538403473794	26009600.0	1	4184	1544	6	69
before	pso	r04	c/goblint-regression/13-privatized_18-first-reads_unknown_2_pos.yml	false(unreach-call)	correct	0.067175722	0.0729504480259493	26054656.0	0	1896	608	2	27
before	pso	r04	c/goblint-regression/13-privatized_18-first-reads_unknown_1_neg.yml	false(unreach-call)	correct	0.068787929	0.07408468995708972	26079232.0	0	1896	608	2	27
before	pso	r04	c/goblint-regression/13-privatized_36-traces-ex-3_true.yml	true	correct	0.071859896	0.0781138320453465	26025984.0	3	4360	1616	54	666
before	pso	r04	c/goblint-regression/13-privatized_18-first-reads_true.yml	true	correct	0.074518131	0.07743512303568423	26079232.0	2	3304	1184	20	209
before	pso	r04	c/goblint-regression/13-privatized_35-traces-ex-2_true.yml	true	correct	0.060378457	0.0681224949657917	25935872.0	2	4888	1832	60	766
before	pso	r04	c/goblint-regression/13-privatized_37-traces-ex-4_true.yml	true	correct	0.058503725	0.07164737104903907	25960448.0	2	4888	1832	56	604
before	pso	r04	c/goblint-regression/13-privatized_38-traces-ex-4-switch_true.yml	true	correct	0.061514331	0.06648584303911775	25944064.0	2	4888	1832	60	761
before	pso	r04	c/goblint-regression/13-privatized_19-publish-precision_unknown_1_pos.yml	false(unreach-call)	correct	0.070255405	0.07651790499221534	25997312.0	0	2776	968	2	43
before	pso	r04	c/goblint-regression/13-privatized_19-publish-precision_unknown_2_pos.yml	false(unreach-call)	correct	0.071726585	0.07622161193285137	25976832.0	0	0	0	0	0
before	pso	r04	c/goblint-regression/13-privatized_19-publish-precision_unknown_1_neg.yml	false(unreach-call)	correct	0.065752899	0.07363272900693119	25985024.0	0	0	0	0	0
before	pso	r04	c/goblint-regression/13-privatized_19-publish-precision_unknown_2_neg.yml	false(unreach-call)	correct	0.069161792	0.07457594794686884	25980928.0	0	2776	968	2	43
before	pso	r04	c/goblint-regression/13-privatized_45-traces-per-global-and-current-lock-mine-incomparable_true.yml	true	correct	0.069053627	0.07195744500495493	25964544.0	2	4888	1832	58	797
before	pso	r04	c/goblint-regression/13-privatized_01-priv_nr_true.yml	true	correct	0.065570988	0.07158171304035932	26054656.0	2	4360	1616	20	590
before	pso	r04	c/goblint-regression/13-privatized_19-publish-precision_true.yml	true	correct	0.073530303	0.07627441000659019	26050560.0	3	4536	1688	66	1041
before	pso	r04	c/goblint-regression/13-privatized_42-traces-ex-mini_true.yml	true	correct	0.077019268	0.08625595306511968	25952256.0	2	5064	1904	40	596
before	pso	r04	c/goblint-regression/13-privatized_33-traces-v-matters_true.yml	true	correct	0.06787047	0.07489747798535973	26042368.0	1	5240	1976	20	306
before	pso	r04	c/goblint-regression/13-privatized_25-struct_nr_true.yml	true	correct	0.067665474	0.0754586859839037	26030080.0	2	4360	1616	20	590
before	pso	r04	c/goblint-regression/13-privatized_69-refine-protected-loop-interval_true.yml	true	correct	0.070872578	0.07613987801596522	26005504.0	0	2248	752	2	13
before	pso	r04	c/goblint-regression/36-apron_17-traces-rpb-litmus_unknown_1_neg.yml	false(unreach-call)	correct	0.070139849	0.08074560400564224	25993216.0	0	0	0	0	0
before	pso	r04	c/goblint-regression/13-privatized_31-traces-mine-vs-mutex_true.yml	true	correct	0.074828443	0.07993562403135002	25993216.0	4	5768	2192	168	2572
before	pso	r04	c/goblint-regression/13-privatized_20-publish-regression_true.yml	true	correct	0.06228906	0.06898441503290087	26066944.0	2	4712	1760	36	597
before	pso	r04	c/goblint-regression/13-privatized_30-traces-oplus-vs-meet_true.yml	true	correct	0.066497796	0.0744454771047458	26025984.0	2	5064	1904	60	981
before	pso	r04	c/goblint-regression/13-privatized_32-traces-mine-vs-oplus-vs-meet_true.yml	true	correct	0.078342557	0.08578135701827705	26058752.0	3	6824	2624	152	3063
before	pso	r04	c/goblint-regression/13-privatized_34-traces-minepp-L-needs-to-be-um_true.yml	true	correct	0.073701179	0.08294018392916769	26075136.0	1	5416	2048	24	292
before	pso	r04	c/goblint-regression/13-privatized_68-pfscan_protected_loop_minimal_interval_true.yml	true	correct	0.070710971	0.07832918595522642	26157056.0	0	2248	752	2	13
before	pso	r04	c/goblint-regression/13-privatized_29-multiple-protecting2-vesal_true.yml	true	correct	0.075640116	0.08243799593765289	26038272.0	4	6824	2624	176	3243
before	pso	r04	c/goblint-regression/13-privatized_24-multiple-protecting_true.yml	true	correct	0.101845353	0.10960491804871708	26095616.0	7	10520	4136	852	23592
before	pso	r04	c/goblint-regression/36-apron_21-traces-cluster-based_true.yml	true	correct	0.076067461	0.08247678901534528	26079232.0	6	6648	2552	172	3116
before	pso	r04	c/goblint-regression/36-apron_22-traces-write-centered-vs-meet-mutex_true_no-overflow.yml	true	correct	0.065885951	0.0679236400173977	26001408.0	1	0	0	0	0
before	pso	r04	c/goblint-regression/13-privatized_27-multiple-protecting2_true.yml	true	correct	0.15889087	0.16544459003489465	26087424.0	26	11224	4424	3092	82273
before	pso	r04	c/pthread-ext/14_spin2003.yml	true	correct	0.070656826	0.07704962405841798	26001408.0	0	2600	896	2	8
before	pso	r04	c/pthread-ext/29_conditionals_vs.yml	true	correct	0.077839669	0.07967866200488061	25993216.0	0	0	0	0	0
before	pso	r04	c/pthread-ext/48_ticket_lock_low_contention_vs-pthread.yml	true	correct	0.069228019	0.07536951301153749	25985024.0	0	2600	896	2	8
before	pso	r04	c/pthread-ext/46_monabsex2_vs.yml	true	correct	0.075828584	0.07951628509908915	26054656.0	0	4184	1544	18	137
before	pso	r04	c/pthread-ext/45_monabsex1_vs.yml	true	correct	0.070513663	0.07461916806641966	25952256.0	0	3304	1184	8	57
before	pso	r04	c/pthread/stateful01-1.yml	false(unreach-call)	correct	0.066105986	0.069721600972116	26046464.0	0	6824	2624	20	941
before	pso	r04	c/pthread/stateful01-2.yml	true	correct	0.066114872	0.07035835704300553	26140672.0	6	6824	2624	246	4314
before	pso	r04	c/pthread-atomic/time_var_mutex.yml	true	correct	0.070909693	0.07783196598757058	26058752.0	2	6296	2408	44	1007
before	pso	r04	c/pthread-ext/01b_inc.yml	true	correct	0.072622739	0.07409150002058595	26083328.0	0	4184	1544	10	129
before	pso	r04	c/pthread/triangular-1.yml	TIMEOUT	error	60.978107675	61.01230778195895	26099712.0					
before	pso	r04	c/pthread/triangular-2.yml	false(unreach-call)	correct	21.435694475	21.48896308406256	26046464.0	3638	24488	9856	493952	14750405
before	pso	r04	c/pthread-ext/02_inc_cas.yml	true	correct	0.058912573	0.06398213608190417	26079232.0	0	0	0	0	0
before	pso	r04	c/goblint-regression/28-race_reach_21-deref_read_racing.yml	false(unreach-call)	correct	3.116327553	3.1233909459551796	57008128.0	0	0	0	0	0
before	pso	r04	c/pthread-ext/48_ticket_lock_low_contention_vs.yml	true	correct	0.063929804	0.0697619590209797	25972736.0	0	4888	1832	8	99
before	pso	r04	c/goblint-regression/28-race_reach_37-indirect_racing.yml	TIMEOUT	error	61.038868734	61.06073797901627	1057173504.0					
before	pso	r04	c/goblint-regression/28-race_reach_45-escape_racing.yml	false(unreach-call)	correct	0.068300973	0.07369560492224991	26116096.0	0	3832	1400	2	78
before	pso	r04	c/goblint-regression/28-race_reach_46-escape_racefree.yml	true	correct	0.074940119	0.08232467796187848	26030080.0	2	5592	2120	56	977
before	pso	r04	c/goblint-regression/28-race_reach_01-simple_racing.yml	TIMEOUT	error	61.038452076	61.054855324095115	1057181696.0					
before	pso	r04	c/goblint-regression/28-race_reach_11-ptr_racing.yml	TIMEOUT	error	61.042691263	61.06187166599557	1057144832.0					
before	pso	r04	c/pthread-deagle/circular_buffer_bad.yml	false(unreach-call)	correct	0.108463381	0.11568351997993886	26210304.0	1	31880	12880	476	37904
before	pso	r04	c/pthread/fib_safe-5.yml	TIMEOUT	error	60.975666671	61.00960681901779	26095616.0					
before	pso	r04	c/pthread/fib_safe-6.yml	TIMEOUT	error	60.969395024	61.007831690018065	26087424.0					
before	pso	r04	c/pthread/fib_unsafe-5.yml	false(unreach-call)	correct	15.063382756	15.077556903008372	26013696.0	632	171752	70112	96526	11518678
before	pso	r04	c/pthread/fib_unsafe-6.yml	TIMEOUT	error	60.977963433	61.01202544698026	26017792.0					
before	pso	r04	c/pthread/fib_unsafe-7.yml	TIMEOUT	error	60.85771124	61.00865530397277	26083328.0					
before	pso	r04	c/goblint-regression/28-race_reach_24-sound_lock_racing.yml	TIMEOUT	error	61.042311483	61.06228735204786	1057153024.0					
before	pso	r04	c/pthread/lazy01.yml	false(unreach-call)	correct	0.070545983	0.07437720999587327	26087424.0	1	5592	2120	36	861
before	pso	r04	c/pthread-deagle/circular_buffer_ok.yml	TIMEOUT	error	60.975101521	61.00787624006625	26165248.0					
before	pso	r04	c/pthread-atomic/szymanski.yml	true	correct	0.078405937	0.0818276290083304	26009600.0	6	5944	2264	756	9033
before	pso	r04	c/pthread-atomic/dekker.yml	true	correct	0.058682052	0.06556949904188514	26034176.0	4	6648	2552	70	1568
before	pso	r04	c/pthread-atomic/dekker-unfair.yml	true	correct	0.06375442	0.07076806598342955	26099712.0	4	6648	2552	74	1600
before	pso	r04	c/pthread-theta/unwind3-1.yml	false(unreach-call)	correct	0.06306211	0.06808427697978914	26087424.0	1	3656	1328	6	187
before	pso	r04	c/pthread-theta/exponential-nondet.yml	true	correct	0.061194082	0.0672990099992603	26140672.0	1	0	0	0	0
before	pso	r04	c/pthread-theta/unwind2-1.yml	false(unreach-call)	correct	0.067825075	0.07024316699244082	26062848.0	1	3656	1328	6	63
before	pso	r04	c/pthread-theta/unwind2-100.yml	false(unreach-call)	correct	0.060085688	0.06618235202040523	26066944.0	1	3656	1328	6	63
before	pso	r04	c/pthread/butterfly.yml	true	correct	26.785636397	26.799819912062958	26218496.0	64560	11224	4424	694890	54985280
before	pso	r04	c/pthread-ext/43_NetBSD_sysmon_power_sliced.yml	true	correct	0.055812982	0.06245182501152158	25956352.0	0	0	0	0	0
before	pso	r04	c/goblint-regression/28-race_reach_06-cond_racing1.yml	TIMEOUT	error	61.040499109	61.06028907792643	1057087488.0					
before	pso	r04	c/pthread/queue_ok.yml	true	correct	0.075841625	0.08209949801675975	26243072.0	2	534328	218456	34	133711
before	pso	r04	c/pthread/queue_ok_longer.yml	true	correct	3.972328675	3.976686981972307	120872960.0	2	44133960	5872240	34	49930431
before	pso	r04	c/pthread/queue_ok_longest.yml	true	correct	19.83720313	19.854024836909957	486318080.0	2	174022760	22622640	34	203270106
before	pso	r04	c/pthread/queue_longer.yml	TIMEOUT	error	60.988354567	61.01680059498176	79663104.0					
before	pso	r04	c/pthread/queue.yml	false(unreach-call)	correct	1.108604384	1.1135562680428848	26296320.0	2	145000	59168	5918	2074810
before	pso	r04	c/pthread/singleton.yml	false(unreach-call)	correct	0.07557353	0.08195277501363307	26218496.0	1	8760	3416	40	1331
before	pso	r04	c/pthread/singleton_with-uninit-problems.yml	true	correct	0.072547878	0.07996827992610633	26226688.0	4	8936	3488	130	3400
before	pso	r04	c/pthread-C-DAC/pthread-demo-datarace-3.yml	false(unreach-call)	correct	0.146379286	0.1523404250619933	26087424.0	0	231304	94480	80	930799
before	pso	r04	c/pthread/reorder_2.yml	false(unreach-call)	correct	0.626975271	0.6320052919909358	26214400.0	162	29416	11872	12692	778472
before	pso	r04	c/pthread/twostage_3.yml	false(unreach-call)	correct	0.083498402	0.09009501698892564	26365952.0	4	36104	14608	138	38625
before	pso	r04	c/ldv-races/race-1_1-join.yml	true	correct	0.065915249	0.0727196759544313	26214400.0	1	3304	1184	6	30
before	pso	r04	c/ldv-races/race-1_3-join.yml	false(unreach-call)	correct	0.070073718	0.07323396007996053	26214400.0	1	5416	2048	26	546
before	pso	r04	c/ldv-races/race-1_2-join.yml	false(unreach-call)	correct	0.065819308	0.07303752098232508	26214400.0	1	5416	2048	26	546
before	pso	r04	c/ldv-races/race-4_1-thread_local_vars.yml	true	correct	0.070618306	0.07683889206964523	26365952.0	0	0	0	0	0
before	pso	r04	c/ldv-races/race-2_1-container_of.yml	true	correct	0.06620462	0.07245965604670346	26345472.0	1	0	0	0	0
before	pso	r04	c/ldv-races/race-3_1-container_of-global.yml	true	correct	0.069758078	0.07484958006534725	26345472.0	1	0	0	0	0
after	sc	r01	c/goblint-regression/13-privatized_66-mine-W-init_true.yml	true	correct	0.061935259	0.07151682104449719	25767936.0	1	0	0	0	0
after	sc	r01	c/goblint-regression/36-apron_41-threadenter-no-locals_unknown_1_pos.yml	false(unreach-call)	correct	0.063075685	0.0693852020194754	25755648.0	0	0	0	0	0
after	sc	r01	c/goblint-regression/36-apron_16-traces-unprot2_true.yml	true	correct	0.068340521	0.0735584779176861	25747456.0	1	0	0	0	0
after	sc	r01	c/goblint-regression/13-privatized_57-singlethreaded-unlock_true.yml	true	correct	0.066199507	0.07464004296343774	25853952.0	1	0	0	0	0
after	sc	r01	c/goblint-regression/13-privatized_47-refine-protected2_true.yml	true	correct	0.068699144	0.07311498397029936	25821184.0	2	2536	768	0	0
after	sc	r01	c/goblint-regression/13-privatized_46-refine-protected1_true.yml	true	correct	0.062694421	0.06752942490857095	25776128.0	1	0	0	0	0
after	sc	r01	c/goblint-regression/36-apron_11-traces-max-simple_true.yml	true	correct	0.064539206	0.07415358407888561	25808896.0	2	2536	768	0	0
after	sc	r01	c/goblint-regression/13-privatized_41-traces-ex-7_unknown_1_pos.yml	false(unreach-call)	correct	0.065463345	0.07422566192690283	25817088.0	0	2736	832	0	0
after	sc	r01	c/goblint-regression/13-privatized_41-traces-ex-7_unknown_1_neg.yml	false(unreach-call)	correct	0.063008307	0.06987333402503282	25792512.0	0	0	0	0	0
after	sc	r01	c/goblint-regression/13-privatized_40-traces-ex-6_true.yml	true	correct	0.06614948	0.07272099598776549	25804800.0	1	2936	896	0	0
after	sc	r01	c/goblint-regression/13-privatized_58-singlethreaded-lock_true.yml	true	correct	0.072707417	0.08060702797956765	25772032.0	1	0	0	0	0
after	sc	r01	c/goblint-regression/13-privatized_44-traces-mine2_true.yml	true	correct	0.067136157	0.0731947070453316	25845760.0	1	2736	832	0	0
after	sc	r01	c/goblint-regression/13-privatized_18-first-reads_unknown_2_pos.yml	false(unreach-call)	correct	0.067944108	0.0752667059423402	25849856.0	0	1736	512	0	0
after	sc	r01	c/goblint-regression/13-privatized_18-first-reads_unknown_1_neg.yml	false(unreach-call)	correct	0.066424261	0.07308716792613268	25833472.0	0	1736	512	0	0
after	sc	r01	c/goblint-regression/13-privatized_36-traces-ex-3_true.yml	true	correct	0.065059411	0.0692742558894679	25780224.0	3	3736	1152	0	0
after	sc	r01	c/goblint-regression/13-privatized_18-first-reads_true.yml	true	correct	0.064363762	0.07359837205149233	25772032.0	2	2536	768	0	0
after	sc	r01	c/goblint-regression/13-privatized_35-traces-ex-2_true.yml	true	correct	0.061820237	0.06741286907345057	25772032.0	2	4136	1280	0	0
after	sc	r01	c/goblint-regression/13-privatized_37-traces-ex-4_true.yml	true	correct	0.064556675	0.07125850301235914	25804800.0	2	3136	960	0	0
after	sc	r01	c/goblint-regression/13-privatized_38-traces-ex-4-switch_true.yml	true	correct	0.076276739	0.08004404790699482	25772032.0	2	4136	1280	0	0
after	sc	r01	c/goblint-regression/13-privatized_19-publish-precision_unknown_1_pos.yml	false(unreach-call)	correct	0.068055208	0.07570286805275828	25829376.0	0	2736	832	0	0
after	sc	r01	c/goblint-regression/13-privatized_19-publish-precision_unknown_2_pos.yml	false(unreach-call)	correct	0.064402573	0.06972426699940115	25837568.0	0	0	0	0	0
after	sc	r01	c/goblint-regression/13-privatized_19-publish-precision_unknown_1_neg.yml	false(unreach-call)	correct	0.065661081	0.07321872108150274	25833472.0	0	0	0	0	0
after	sc	r01	c/goblint-regression/13-privatized_19-publish-precision_unknown_2_neg.yml	false(unreach-call)	correct	0.067355627	0.06996076693758368	25821184.0	0	2736	832	0	0
after	sc	r01	c/goblint-regression/13-privatized_45-traces-per-global-and-current-lock-mine-incomparable_true.yml	true	correct	0.066516725	0.06943655200302601	25780224.0	2	4136	1280	0	0
after	sc	r01	c/goblint-regression/13-privatized_01-priv_nr_true.yml	true	correct	0.065839098	0.06798931490629911	25829376.0	2	3336	1024	0	0
after	sc	r01	c/goblint-regression/13-privatized_19-publish-precision_true.yml	true	correct	0.06279494	0.07053277490194887	25841664.0	3	3736	1152	0	0
after	sc	r01	c/goblint-regression/13-privatized_42-traces-ex-mini_true.yml	true	correct	0.067394961	0.07283519604243338	25796608.0	2	3936	1216	0	0
after	sc	r01	c/goblint-regression/13-privatized_33-traces-v-matters_true.yml	true	correct	0.065282489	0.07336893398314714	25845760.0	1	3936	1216	0	0
after	sc	r01	c/goblint-regression/13-privatized_25-struct_nr_true.yml	true	correct	0.066272266	0.07446806994266808	25829376.0	2	3336	1024	0	0
after	sc	r01	c/goblint-regression/13-privatized_69-refine-protected-loop-interval_true.yml	true	correct	0.07194706	0.07544590695761144	25870336.0	0	0	0	0	0
after	sc	r01	c/goblint-regression/36-apron_17-traces-rpb-litmus_unknown_1_neg.yml	false(unreach-call)	correct	0.067051804	0.07268388196825981	25812992.0	0	0	0	0	0
after	sc	r01	c/goblint-regression/13-privatized_31-traces-mine-vs-mutex_true.yml	true	correct	0.06556798	0.07066434610169381	25788416.0	4	5136	1600	0	0
after	sc	r01	c/goblint-regression/13-privatized_20-publish-regression_true.yml	true	correct	0.066470914	0.07176965288817883	25829376.0	2	2536	768	0	0
after	sc	r01	c/goblint-regression/13-privatized_30-traces-oplus-vs-meet_true.yml	true	correct	0.066889579	0.07592469407245517	25866240.0	2	4336	1344	0	0
after	sc	r01	c/goblint-regression/13-privatized_32-traces-mine-vs-oplus-vs-meet_true.yml	true	correct	0.069340554	0.07685122103430331	25858048.0	3	6136	1920	0	0
after	sc	r01	c/goblint-regression/13-privatized_34-traces-minepp-L-needs-to-be-um_true.yml	true	correct	0.06754606	0.07326785090845078	25878528.0	1	2936	896	0	0
after	sc	r01	c/goblint-regression/13-privatized_68-pfscan_protected_loop_minimal_interval_true.yml	true	correct	0.068968644	0.07419380603823811	25919488.0	0	0	0	0	0
after	sc	r01	c/goblint-regression/13-privatized_29-multiple-protecting2-vesal_true.yml	true	correct	0.069148974	0.07363680994603783	25825280.0	4	6336	1984	0	0
after	sc	r01	c/goblint-regression/13-privatized_24-multiple-protecting_true.yml	true	correct	0.07365895	0.07840394496452063	25862144.0	7	10536	3328	0	0
after	sc	r01	c/goblint-regression/36-apron_21-traces-cluster-based_true.yml	true	correct	0.070313512	0.0774188720388338	25903104.0	6	7136	2240	0	0
after	sc	r01	c/goblint-regression/36-apron_22-traces-write-centered-vs-meet-mutex_true_no-overflow.yml	true	correct	0.071086143	0.07436028798110783	25825280.0	1	0	0	0	0
after	sc	r01	c/goblint-regression/13-privatized_27-multiple-protecting2_true.yml	true	correct	0.084745439	0.09212668996769935	25935872.0	26	12336	3904	0	0
after	sc	r01	c/pthread-ext/14_spin2003.yml	true	correct	0.065112924	0.07720822200644761	25821184.0	0	0	0	0	0
after	sc	r01	c/pthread-ext/29_conditionals_vs.yml	true	correct	0.069555727	0.0787740939995274	25804800.0	0	0	0	0	0
after	sc	r01	c/pthread-ext/48_ticket_lock_low_contention_vs-pthread.yml	true	correct	0.068207903	0.0737388520501554	25780224.0	0	0	0	0	0
after	sc	r01	c/pthread-ext/46_monabsex2_vs.yml	true	correct	0.069706763	0.07733776199165732	25796608.0	0	0	0	0	0
after	sc	r01	c/pthread-ext/45_monabsex1_vs.yml	true	correct	0.065910182	0.07317919202614576	25735168.0	0	0	0	0	0
after	sc	r01	c/pthread/stateful01-1.yml	false(unreach-call)	correct	0.066328043	0.072828175034374	25915392.0	0	6336	1984	0	0
after	sc	r01	c/pthread/stateful01-2.yml	true	correct	0.066370817	0.07289591804146767	25845760.0	6	6536	2048	0	0
after	sc	r01	c/pthread-atomic/time_var_mutex.yml	true	correct	0.069648791	0.07977271196432412	25927680.0	2	5736	1792	0	0
after	sc	r01	c/pthread-ext/01b_inc.yml	true	correct	0.06658836	0.07096704002469778	25853952.0	0	0	0	0	0
after	sc	r01	c/pthread/triangular-1.yml	true	correct	6.299171554	6.3157832600409165	25841664.0	16632	27336	8704	0	0
after	sc	r01	c/pthread/triangular-2.yml	false(unreach-call)	correct	1.482944851	1.5108819529414177	25858048.0	3638	27336	8704	0	0
after	sc	r01	c/pthread-ext/02_inc_cas.yml	true	correct	0.064027213	0.07071773707866669	25837568.0	0	0	0	0	0
after	sc	r01	c/goblint-regression/28-race_reach_21-deref_read_racing.yml	false(unreach-call)	correct	3.650049379	3.678181321010925	56668160.0	0	0	0	0	0
after	sc	r01	c/pthread-ext/48_ticket_lock_low_contention_vs.yml	true	correct	0.068260897	0.07561694807372987	25837568.0	0	0	0	0	0
after	sc	r01	c/goblint-regression/28-race_reach_37-indirect_racing.yml	false(unreach-call)	correct	12.754778499	12.78071484703105	2061107200.0	0	1807053072	1680820	0	0
after	sc	r01	c/goblint-regression/28-race_reach_45-escape_racing.yml	false(unreach-call)	correct	0.061261711	0.06998920801561326	25841664.0	0	3936	1216	0	0
after	sc	r01	c/goblint-regression/28-race_reach_46-escape_racefree.yml	true	correct	0.062829039	0.06782095390371978	25862144.0	2	3536	1088	0	0
after	sc	r01	c/goblint-regression/28-race_reach_01-simple_racing.yml	false(unreach-call)	correct	12.735567419	12.763000581995584	2061017088.0	0	1807007952	1680796	0	0
after	sc	r01	c/goblint-regression/28-race_reach_11-ptr_racing.yml	false(unreach-call)	correct	12.688959374	12.709802747005597	2060988416.0	0	1807007952	1680796	0	0
after	sc	r01	c/pthread-deagle/circular_buffer_bad.yml	false(unreach-call)	correct	0.072299233	0.0895591740263626	26005504.0	1	34136	10880	0	0
after	sc	r01	c/pthread/fib_safe-5.yml	true	correct	3.699024093	3.724467786960304	25833472.0	2772	194536	62208	0	0
after	sc	r01	c/pthread/fib_safe-6.yml	true	correct	18.57739688	18.828927449067123	25890816.0	12012	281136	89920	0	0
after	sc	r01	c/pthread/fib_unsafe-5.yml	false(unreach-call)	correct	1.03787657	1.0562720029847696	25829376.0	632	194536	62208	0	0
after	sc	r01	c/pthread/fib_unsafe-6.yml	false(unreach-call)	correct	5.200760893	5.2258695350028574	25821184.0	2942	281136	89920	0	0
after	sc	r01	c/pthread/fib_unsafe-7.yml	false(unreach-call)	correct	24.932441756	25.04244953999296	25829376.0	13238	319136	102080	0	0
after	sc	r01	c/goblint-regression/28-race_reach_24-sound_lock_racing.yml	false(unreach-call)	correct	12.217760237	12.257128768018447	2060976128.0	0	1807007952	1680796	0	0
after	sc	r01	c/pthread/lazy01.yml	false(unreach-call)	correct	0.06709794	0.07346191792748868	25960448.0	1	5336	1664	0	0
after	sc	r01	c/pthread-deagle/circular_buffer_ok.yml	true	correct	3.048896857	3.056942482944578	25960448.0	3432	185736	59392	0	0
after	sc	r01	c/pthread-atomic/szymanski.yml	true	correct	0.065737149	0.07322009606286883	25968640.0	6	5936	1856	0	0
after	sc	r01	c/pthread-atomic/dekker.yml	true	correct	0.065118715	0.07285347895231098	25841664.0	4	6336	1984	0	0
after	sc	r01	c/pthread-atomic/dekker-unfair.yml	true	correct	0.06755219	0.07445647206623107	25821184.0	4	6336	1984	0	0
after	sc	r01	c/pthread-theta/unwind3-1.yml	false(unreach-call)	correct	0.069732952	0.07413115701638162	25956352.0	1	3736	1152	0	0
after	sc	r01	c/pthread-theta/exponential-nondet.yml	true	correct	0.066335532	0.07167037599720061	25886720.0	1	0	0	0	0
after	sc	r01	c/pthread-theta/unwind2-1.yml	false(unreach-call)	correct	0.066638528	0.0743438380304724	25956352.0	1	0	0	0	0
after	sc	r01	c/pthread-theta/unwind2-100.yml	false(unreach-call)	correct	0.0634279	0.0719824880361557	25972736.0	1	0	0	0	0
after	sc	r01	c/pthread/butterfly.yml	true	correct	13.488714543	13.518777212011628	25960448.0	64560	12136	3840	0	0
after	sc	r01	c/pthread-ext/43_NetBSD_sysmon_power_sliced.yml	true	correct	0.065236773	0.07200061506591737	25829376.0	0	0	0	0	0
after	sc	r01	c/goblint-regression/28-race_reach_06-cond_racing1.yml	false(unreach-call)	correct	11.955862555	11.984222181024961	2061058048.0	0	1807007952	1680796	0	0
after	sc	r01	c/pthread/queue_ok.yml	true	correct	0.065685875	0.06837856501806527	25985024.0	2	183336	58624	0	0
after	sc	r01	c/pthread/queue_ok_longer.yml	true	correct	0.441421188	0.44813103904016316	79441920.0	2	23936072	2830196	0	0
after	sc	r01	c/pthread/queue_ok_longest.yml	true	correct	1.553883532	1.5674387679900974	276926464.0	2	94781648	10971212	0	0
after	sc	r01	c/pthread/queue_longer.yml	TIMEOUT	error	61.005759892	61.07500352698844	1129435136.0					
after	sc	r01	c/pthread/queue.yml	false(unreach-call)	correct	0.090796684	0.0944668009178713	26042368.0	2	160936	51456	0	0
after	sc	r01	c/pthread/singleton.yml	false(unreach-call)	correct	0.07215379	0.07612291793338954	26087424.0	1	8736	2752	0	0
after	sc	r01	c/pthread/singleton_with-uninit-problems.yml	true	correct	0.070070859	0.077458726009354	26075136.0	4	8936	2816	0	0
after	sc	r01	c/pthread-C-DAC/pthread-demo-datarace-3.yml	false(unreach-call)	correct	0.122631455	0.12744750699494034	25952256.0	0	262136	83840	0	0
after	sc	r01	c/pthread/reorder_2.yml	false(unreach-call)	correct	0.141294965	0.1484960849629715	25956352.0	162	32936	10496	0	0
after	sc	r01	c/pthread/twostage_3.yml	false(unreach-call)	correct	0.07909056	0.0858119719196111	26095616.0	4	40136	12800	0	0
after	sc	r01	c/ldv-races/race-1_1-join.yml	true	correct	0.066030866	0.07229202694725245	26075136.0	1	0	0	0	0
after	sc	r01	c/ldv-races/race-1_3-join.yml	false(unreach-call)	correct	0.073265558	0.07708315690979362	26103808.0	1	4736	1472	0	0
after	sc	r01	c/ldv-races/race-1_2-join.yml	false(unreach-call)	correct	0.064723359	0.07113019295502454	26091520.0	1	4736	1472	0	0
after	sc	r01	c/ldv-races/race-4_1-thread_local_vars.yml	true	correct	0.069702373	0.07616060099098831	26095616.0	0	0	0	0	0
after	sc	r01	c/ldv-races/race-2_1-container_of.yml	true	correct	0.066988031	0.07302035507746041	26087424.0	1	0	0	0	0
after	sc	r01	c/ldv-races/race-3_1-container_of-global.yml	true	correct	0.070203538	0.07786131801549345	26116096.0	1	0	0	0	0
after	sc	r02	c/goblint-regression/13-privatized_66-mine-W-init_true.yml	true	correct	0.068477369	0.07148394302930683	25690112.0	1	0	0	0	0
after	sc	r02	c/goblint-regression/36-apron_41-threadenter-no-locals_unknown_1_pos.yml	false(unreach-call)	correct	0.069998525	0.07526823692023754	25751552.0	0	0	0	0	0
after	sc	r02	c/goblint-regression/36-apron_16-traces-unprot2_true.yml	true	correct	0.074828108	0.07686587306670845	25690112.0	1	0	0	0	0
after	sc	r02	c/goblint-regression/13-privatized_57-singlethreaded-unlock_true.yml	true	correct	0.066644997	0.06948463409207761	25825280.0	1	0	0	0	0
after	sc	r02	c/goblint-regression/13-privatized_47-refine-protected2_true.yml	true	correct	0.057355113	0.06519011792261153	25821184.0	2	2536	768	0	0
after	sc	r02	c/goblint-regression/13-privatized_46-refine-protected1_true.yml	true	correct	0.07120465	0.07637392403557897	25817088.0	1	0	0	0	0
after	sc	r02	c/goblint-regression/36-apron_11-traces-max-simple_true.yml	true	correct	0.066740585	0.07651604793500155	25796608.0	2	2536	768	0	0
after	sc	r02	c/goblint-regression/13-privatized_41-traces-ex-7_unknown_1_pos.yml	false(unreach-call)	correct	0.067810324	0.0719494589138776	25874432.0	0	2736	832	0	0
after	sc	r02	c/goblint-regression/13-privatized_41-traces-ex-7_unknown_1_neg.yml	false(unreach-call)	correct	0.070738354	0.07380269898567349	25825280.0	0	0	0	0	0
after	sc	r02	c/goblint-regression/13-privatized_40-traces-ex-6_true.yml	true	correct	0.070563399	0.08617117605172098	25825280.0	1	2936	896	0	0
after	sc	r02	c/goblint-regression/13-privatized_58-singlethreaded-lock_true.yml	true	correct	0.061813436	0.06833907403051853	25784320.0	1	0	0	0	0
after	sc	r02	c/goblint-regression/13-privatized_44-traces-mine2_true.yml	true	correct	0.065010089	0.07107120391447097	25755648.0	1	2736	832	0	0
after	sc	r02	c/goblint-regression/13-privatized_18-first-reads_unknown_2_pos.yml	false(unreach-call)	correct	0.058581698	0.06366250803694129	25882624.0	0	1736	512	0	0
after	sc	r02	c/goblint-regression/13-privatized_18-first-reads_unknown_1_neg.yml	false(unreach-call)	correct	0.069133669	0.07786313293036073	25763840.0	0	1736	512	0	0
after	sc	r02	c/goblint-regression/13-privatized_36-traces-ex-3_true.yml	true	correct	0.066627363	0.08334960299544036	25870336.0	3	3736	1152	0	0
after	sc	r02	c/goblint-regression/13-privatized_18-first-reads_true.yml	true	correct	0.067959024	0.08316708297934383	25907200.0	2	2536	768	0	0
after	sc	r02	c/goblint-regression/13-privatized_35-traces-ex-2_true.yml	true	correct	0.069912969	0.07603881496470422	25743360.0	2	4136	1280	0	0
after	sc	r02	c/goblint-regression/13-privatized_37-traces-ex-4_true.yml	true	correct	0.069044909	0.07495233695954084	25755648.0	2	3136	960	0	0
after	sc	r02	c/goblint-regression/13-privatized_38-traces-ex-4-switch_true.yml	true	correct	0.069832083	0.07484494603704661	25874432.0	2	4136	1280	0	0
after	sc	r02	c/goblint-regression/13-privatized_19-publish-precision_unknown_1_pos.yml	false(unreach-call)	correct	0.069168662	0.08046504901722074	25772032.0	0	2736	832	0	0
after	sc	r02	c/goblint-regression/13-privatized_19-publish-precision_unknown_2_pos.yml	false(unreach-call)	correct	0.056532852	0.06264211202505976	25796608.0	0	0	0	0	0
after	sc	r02	c/goblint-regression/13-privatized_19-publish-precision_unknown_1_neg.yml	false(unreach-call)	correct	0.063746746	0.07253850309643894	25784320.0	0	0	0	0	0
after	sc	r02	c/goblint-regression/13-privatized_19-publish-precision_unknown_2_neg.yml	false(unreach-call)	correct	0.069952313	0.0741350200260058	25841664.0	0	2736	832	0	0
after	sc	r02	c/goblint-regression/13-privatized_45-traces-per-global-and-current-lock-mine-incomparable_true.yml	true	correct	0.064441823	0.07081924099475145	25821184.0	2	4136	1280	0	0
after	sc	r02	c/goblint-regression/13-privatized_01-priv_nr_true.yml	true	correct	0.065567388	0.06991191196721047	25796608.0	2	3336	1024	0	0
after	sc	r02	c/goblint-regression/13-privatized_19-publish-precision_true.yml	true	correct	0.064561229	0.07022082700859755	25894912.0	3	3736	1152	0	0
after	sc	r02	c/goblint-regression/13-privatized_42-traces-ex-mini_true.yml	true	correct	0.076021139	0.08096259494777769	25755648.0	2	3936	1216	0	0
after	sc	r02	c/goblint-regression/13-privatized_33-traces-v-matters_true.yml	true	correct	0.062640345	0.06698659807443619	25735168.0	1	3936	1216	0	0
after	sc	r02	c/goblint-regression/13-privatized_25-struct_nr_true.yml	true	correct	0.071919765	0.07740842492785305	25845760.0	2	3336	1024	0	0
after	sc	r02	c/goblint-regression/13-privatized_69-refine-protected-loop-interval_true.yml	true	correct	0.073061782	0.0753241250058636	25849856.0	0	0	0	0	0
after	sc	r02	c/goblint-regression/36-apron_17-traces-rpb-litmus_unknown_1_neg.yml	false(unreach-call)	correct	0.071594556	0.07404215703718364	25845760.0	0	0	0	0	0
after	sc	r02	c/goblint-regression/13-privatized_31-traces-mine-vs-mutex_true.yml	true	correct	0.06895847	0.07382739603053778	25866240.0	4	5136	1600	0	0
after	sc	r02	c/goblint-regression/13-privatized_20-publish-regression_true.yml	true	correct	0.065770519	0.07171772606670856	25829376.0	2	2536	768	0	0
after	sc	r02	c/goblint-regression/13-privatized_30-traces-oplus-vs-meet_true.yml	true	correct	0.066505755	0.07142140902578831	25821184.0	2	4336	1344	0	0
after	sc	r02	c/goblint-regression/13-privatized_32-traces-mine-vs-oplus-vs-meet_true.yml	true	correct	0.065723805	0.07123388594482094	25825280.0	3	6136	1920	0	0
after	sc	r02	c/goblint-regression/13-privatized_34-traces-minepp-L-needs-to-be-um_true.yml	true	correct	0.054819367	0.06051942007616162	25886720.0	1	2936	896	0	0
after	sc	r02	c/goblint-regression/13-privatized_68-pfscan_protected_loop_minimal_interval_true.yml	true	correct	0.067691122	0.07406772300601006	25882624.0	0	0	0	0	0
after	sc	r02	c/goblint-regression/13-privatized_29-multiple-protecting2-vesal_true.yml	true	correct	0.069054861	0.07436653203330934	25890816.0	4	6336	1984	0	0
after	sc	r02	c/goblint-regression/13-privatized_24-multiple-protecting_true.yml	true	correct	0.073275426	0.07861631398554891	25862144.0	7	10536	3328	0	0
after	sc	r02	c/goblint-regression/36-apron_21-traces-cluster-based_true.yml	true	correct	0.073591264	0.07887931307777762	25935872.0	6	7136	2240	0	0
after	sc	r02	c/goblint-regression/36-apron_22-traces-write-centered-vs-meet-mutex_true_no-overflow.yml	true	correct	0.068443152	0.07539974397514015	25825280.0	1	0	0	0	0
after	sc	r02	c/goblint-regression/13-privatized_27-multiple-protecting2_true.yml	true	correct	0.079262656	0.08123998204246163	25952256.0	26	12336	3904	0	0
after	sc	r02	c/pthread-ext/14_spin2003.yml	true	correct	0.063503825	0.06564739299938083	25812992.0	0	0	0	0	0
after	sc	r02	c/pthread-ext/29_conditionals_vs.yml	true	correct	0.06572599	0.072603270993568	25784320.0	0	0	0	0	0
after	sc	r02	c/pthread-ext/48_ticket_lock_low_contention_vs-pthread.yml	true	correct	0.068537898	0.07281660404987633	25772032.0	0	0	0	0	0
after	sc	r02	c/pthread-ext/46_monabsex2_vs.yml	true	correct	0.064791524	0.07192742708139122	25767936.0	0	0	0	0	0
after	sc	r02	c/pthread-ext/45_monabsex1_vs.yml	true	correct	0.070081316	0.07515709707513452	25747456.0	0	0	0	0	0
after	sc	r02	c/pthread/stateful01-1.yml	false(unreach-call)	correct	0.065244644	0.06994753505568951	25903104.0	0	6336	1984	0	0
after	sc	r02	c/pthread/stateful01-2.yml	true	correct	0.068442797	0.07489347492810339	25944064.0	6	6536	2048	0	0
after	sc	r02	c/pthread-atomic/time_var_mutex.yml	true	correct	0.072456296	0.07704109908081591	25927680.0	2	5736	1792	0	0
after	sc	r02	c/pthread-ext/01b_inc.yml	true	correct	0.055135903	0.0641241769772023	25792512.0	0	0	0	0	0
after	sc	r02	c/pthread/triangular-1.yml	true	correct	6.229494087	6.254400030942634	25833472.0	16632	27336	8704	0	0
after	sc	r02	c/pthread/triangular-2.yml	false(unreach-call)	correct	1.482160269	1.4866898759501055	25853952.0	3638	27336	8704	0	0
after	sc	r02	c/pthread-ext/02_inc_cas.yml	true	correct	0.066560971	0.0691718989983201	25804800.0	0	0	0	0	0
after	sc	r02	c/goblint-regression/28-race_reach_21-deref_read_racing.yml	false(unreach-call)	correct	3.716873974	3.737631510011852	56508416.0	0	0	0	0	0
after	sc	r02	c/pthread-ext/48_ticket_lock_low_contention_vs.yml	true	correct	0.069719103	0.07356427307240665	25776128.0	0	0	0	0	0
after	sc	r02	c/goblint-regression/28-race_reach_37-indirect_racing.yml	false(unreach-call)	correct	12.694526715	12.775292075006291	2061111296.0	0	1807053072	1680820	0	0
after	sc	r02	c/goblint-regression/28-race_reach_45-escape_racing.yml	false(unreach-call)	correct	0.071894809	0.07570146897342056	25923584.0	0	3936	1216	0	0
after	sc	r02	c/goblint-regression/28-race_reach_46-escape_racefree.yml	true	correct	0.063525876	0.06869039894081652	25923584.0	2	3536	1088	0	0
after	sc	r02	c/goblint-regression/28-race_reach_01-simple_racing.yml	false(unreach-call)	correct	12.723080809	12.754627573071048	2061037568.0	0	1807007952	1680796	0	0
after	sc	r02	c/goblint-regression/28-race_reach_11-ptr_racing.yml	false(unreach-call)	correct	12.755497249	12.777487367973663	2061037568.0	0	1807007952	1680796	0	0
after	sc	r02	c/pthread-deagle/circular_buffer_bad.yml	false(unreach-call)	correct	0.067944693	0.07689667504746467	25993216.0	1	34136	10880	0	0
after	sc	r02	c/pthread/fib_safe-5.yml	true	correct	3.762974313	3.9288867419818416	25825280.0	2772	194536	62208	0	0
after	sc	r02	c/pthread/fib_safe-6.yml	true	correct	18.715238793	18.789792116032913	25821184.0	12012	281136	89920	0	0
after	sc	r02	c/pthread/fib_unsafe-5.yml	false(unreach-call)	correct	1.026150641	1.0326205450110137	25821184.0	632	194536	62208	0	0
after	sc	r02	c/pthread/fib_unsafe-6.yml	false(unreach-call)	correct	5.182281276	5.193058744072914	25825280.0	2942	281136	89920	0	0
after	sc	r02	c/pthread/fib_unsafe-7.yml	false(unreach-call)	correct	25.020893346	25.199043038999662	25829376.0	13238	319136	102080	0	0
after	sc	r02	c/goblint-regression/28-race_reach_24-sound_lock_racing.yml	false(unreach-call)	correct	12.268684293	12.506984132924117	2061070336.0	0	1807007952	1680796	0	0
after	sc	r02	c/pthread/lazy01.yml	false(unreach-call)	correct	0.067832142	0.0748939870391041	25956352.0	1	5336	1664	0	0
after	sc	r02	c/pthread-deagle/circular_buffer_ok.yml	true	correct	3.05198255	3.076912922086194	25956352.0	3432	185736	59392	0	0
after	sc	r02	c/pthread-atomic/szymanski.yml	true	correct	0.070252009	0.0754292180063203	25821184.0	6	5936	1856	0	0
after	sc	r02	c/pthread-atomic/dekker.yml	true	correct	0.06721528	0.07203511206898838	25923584.0	4	6336	1984	0	0
after	sc	r02	c/pthread-atomic/dekker-unfair.yml	true	correct	0.067936301	0.0754625789122656	25821184.0	4	6336	1984	0	0
after	sc	r02	c/pthread-theta/unwind3-1.yml	false(unreach-call)	correct	0.061551971	0.06935481796972454	25874432.0	1	3736	1152	0	0
after	sc	r02	c/pthread-theta/exponential-nondet.yml	true	correct	0.061695975	0.06968229101039469	25952256.0	1	0	0	0	0
after	sc	r02	c/pthread-theta/unwind2-1.yml	false(unreach-call)	correct	0.065932892	0.09565130900591612	25899008.0	1	0	0	0	0
after	sc	r02	c/pthread-theta/unwind2-100.yml	false(unreach-call)	correct	0.066174576	0.08531914802733809	25980928.0	1	0	0	0	0
after	sc	r02	c/pthread/butterfly.yml	true	correct	13.447152424	13.547463166061789	26021888.0	64560	12136	3840	0	0
after	sc	r02	c/pthread-ext/43_NetBSD_sysmon_power_sliced.yml	true	correct	0.065743204	0.07098472001962364	25837568.0	0	0	0	0	0
after	sc	r02	c/goblint-regression/28-race_reach_06-cond_racing1.yml	false(unreach-call)	correct	11.938985687	11.971078761969693	2061062144.0	0	1807007952	1680796	0	0
after	sc	r02	c/pthread/queue_ok.yml	true	correct	0.066024498	0.07315350405406207	26034176.0	2	183336	58624	0	0
after	sc	r02	c/pthread/queue_ok_longer.yml	true	correct	0.43689946	0.4439932929817587	79388672.0	2	23936072	2830196	0	0
after	sc	r02	c/pthread/queue_ok_longest.yml	true	correct	1.561386529	1.577494947006926	276979712.0	2	94781648	10971212	0	0
after	sc	r02	c/pthread/queue_longer.yml	TIMEOUT	error	61.041445854	61.078628799994476	1137786880.0					
after	sc	r02	c/pthread/queue.yml	false(unreach-call)	correct	0.085228191	0.09312465495895594	26005504.0	2	160936	51456	0	0
after	sc	r02	c/pthread/singleton.yml	false(unreach-call)	correct	0.073253924	0.08046496391762048	26083328.0	1	8736	2752	0	0
after	sc	r02	c/pthread/singleton_with-uninit-problems.yml	true	correct	0.067192308	0.07531434495467693	26005504.0	4	8936	2816	0	0
after	sc	r02	c/pthread-C-DAC/pthread-demo-datarace-3.yml	false(unreach-call)	correct	0.117619536	0.1255007809959352	25862144.0	0	262136	83840	0	0
after	sc	r02	c/pthread/reorder_2.yml	false(unreach-call)	correct	0.143755	0.15044721402227879	25968640.0	162	32936	10496	0	0
after	sc	r02	c/pthread/twostage_3.yml	false(unreach-call)	correct	0.078408001	0.08237426297273487	26181632.0	4	40136	12800	0	0
after	sc	r02	c/ldv-races/race-1_1-join.yml	true	correct	0.068101998	0.07434499997179955	26099712.0	1	0	0	0	0
after	sc	r02	c/ldv-races/race-1_3-join.yml	false(unreach-call)	correct	0.068316128	0.07415159896481782	26083328.0	1	4736	1472	0	0
after	sc	r02	c/ldv-races/race-1_2-join.yml	false(unreach-call)	correct	0.063892812	0.06965382990892977	26091520.0	1	4736	1472	0	0
after	sc	r02	c/ldv-races/race-4_1-thread_local_vars.yml	true	correct	0.066749515	0.10137823398690671	26206208.0	0	0	0	0	0
after	sc	r02	c/ldv-races/race-2_1-container_of.yml	true	correct	0.066260085	0.07117630494758487	26140672.0	1	0	0	0	0
after	sc	r02	c/ldv-races/race-3_1-container_of-global.yml	true	correct	0.067211599	0.07522335695102811	26136576.0	1	0	0	0	0
after	sc	r03	c/goblint-regression/13-privatized_66-mine-W-init_true.yml	true	correct	0.063630573	0.07028643297962844	25702400.0	1	0	0	0	0
after	sc	r03	c/goblint-regression/36-apron_41-threadenter-no-locals_unknown_1_pos.yml	false(unreach-call)	correct	0.068125536	0.07380293600726873	25694208.0	0	0	0	0	0
after	sc	r03	c/goblint-regression/36-apron_16-traces-unprot2_true.yml	true	correct	0.072421619	0.07662509696092457	25817088.0	1	0	0	0	0
after	sc	r03	c/goblint-regression/13-privatized_57-singlethreaded-unlock_true.yml	true	correct	0.069178496	0.07408938999287784	25726976.0	1	0	0	0	0
after	sc	r03	c/goblint-regression/13-privatized_47-refine-protected2_true.yml	true	correct	0.068677955	0.0708237390499562	25776128.0	2	2536	768	0	0
after	sc	r03	c/goblint-regression/13-privatized_46-refine-protected1_true.yml	true	correct	0.066503124	0.07385611708741635	25837568.0	1	0	0	0	0
after	sc	r03	c/goblint-regression/36-apron_11-traces-max-simple_true.yml	true	correct	0.06800627	0.0739964070962742	25751552.0	2	2536	768	0	0
after	sc	r03	c/goblint-regression/13-privatized_41-traces-ex-7_unknown_1_pos.yml	false(unreach-call)	correct	0.06523611	0.06944781704805791	25808896.0	0	2736	832	0	0
after	sc	r03	c/goblint-regression/13-privatized_41-traces-ex-7_unknown_1_neg.yml	false(unreach-call)	correct	0.070740342	0.07693506497889757	25800704.0	0	0	0	0	0
after	sc	r03	c/goblint-regression/13-privatized_40-traces-ex-6_true.yml	true	correct	0.064728047	0.07019131409469992	25849856.0	1	2936	896	0	0
after	sc	r03	c/goblint-regression/13-privatized_58-singlethreaded-lock_true.yml	true	correct	0.068170305	0.07112109591253102	25841664.0	1	0	0	0	0
after	sc	r03	c/goblint-regression/13-privatized_44-traces-mine2_true.yml	true	correct	0.070789179	0.07448641594965011	25800704.0	1	2736	832	0	0
after	sc	r03	c/goblint-regression/13-privatized_18-first-reads_unknown_2_pos.yml	false(unreach-call)	correct	0.066135062	0.07009433803614229	25755648.0	0	1736	512	0	0
after	sc	r03	c/goblint-regression/13-privatized_18-first-reads_unknown_1_neg.yml	false(unreach-call)	correct	0.068588607	0.07448538998141885	25796608.0	0	1736	512	0	0
after	sc	r03	c/goblint-regression/13-privatized_36-traces-ex-3_true.yml	true	correct	0.066939432	0.07149488397408277	25849856.0	3	3736	1152	0	0
after	sc	r03	c/goblint-regression/13-privatized_18-first-reads_true.yml	true	correct	0.065391108	0.06781919300556183	25890816.0	2	2536	768	0	0
after	sc	r03	c/goblint-regression/13-privatized_35-traces-ex-2_true.yml	true	correct	0.0693197	0.07584031496662647	25808896.0	2	4136	1280	0	0
after	sc	r03	c/goblint-regression/13-privatized_37-traces-ex-4_true.yml	true	correct	0.065899212	0.0721319200238213	25780224.0	2	3136	960	0	0
after	sc	r03	c/goblint-regression/13-privatized_38-traces-ex-4-switch_true.yml	true	correct	0.06819453	0.07387706404551864	25796608.0	2	4136	1280	0	0
after	sc	r03	c/goblint-regression/13-privatized_19-publish-precision_unknown_1_pos.yml	false(unreach-call)	correct	0.064783212	0.0708917259471491	25849856.0	0	2736	832	0	0
after	sc	r03	c/goblint-regression/13-privatized_19-publish-precision_unknown_2_pos.yml	false(unreach-call)	correct	0.064673848	0.07280087296385318	25772032.0	0	0	0	0	0
after	sc	r03	c/goblint-regression/13-privatized_19-publish-precision_unknown_1_neg.yml	false(unreach-call)	correct	0.066452141	0.06926400191150606	25804800.0	0	0	0	0	0
after	sc	r03	c/goblint-regression/13-privatized_19-publish-precision_unknown_2_neg.yml	false(unreach-call)	correct	0.065878881	0.07404623308684677	25845760.0	0	2736	832	0	0
after	sc	r03	c/goblint-regression/13-privatized_45-traces-per-global-and-current-lock-mine-incomparable_true.yml	true	correct	0.064262101	0.06910224806051701	25870336.0	2	4136	1280	0	0
after	sc	r03	c/goblint-regression/13-privatized_01-priv_nr_true.yml	true	correct	0.067029042	0.07445216795895249	25825280.0	2	3336	1024	0	0
after	sc	r03	c/goblint-regression/13-privatized_19-publish-precision_true.yml	true	correct	0.064463815	0.07189581100828946	25841664.0	3	3736	1152	0	0
after	sc	r03	c/goblint-regression/13-privatized_42-traces-ex-mini_true.yml	true	correct	0.069538329	0.07532174396328628	25821184.0	2	3936	1216	0	0
after	sc	r03	c/goblint-regression/13-privatized_33-traces-v-matters_true.yml	true	correct	0.066787465	0.07493704906664789	25763840.0	1	3936	1216	0	0
after	sc	r03	c/goblint-regression/13-privatized_25-struct_nr_true.yml	true	correct	0.068407934	0.07052610896062106	25841664.0	2	3336	1024	0	0
after	sc	r03	c/goblint-regression/13-privatized_69-refine-protected-loop-interval_true.yml	true	correct	0.071898785	0.07459122000727803	25829376.0	0	0	0	0	0
after	sc	r03	c/goblint-regression/36-apron_17-traces-rpb-litmus_unknown_1_neg.yml	false(unreach-call)	correct	0.064393335	0.07055363908875734	25788416.0	0	0	0	0	0
after	sc	r03	c/goblint-regression/13-privatized_31-traces-mine-vs-mutex_true.yml	true	correct	0.065295047	0.07259116298519075	25841664.0	4	5136	1600	0	0
after	sc	r03	c/goblint-regression/13-privatized_20-publish-regression_true.yml	true	correct	0.067417617	0.07162667706143111	25817088.0	2	2536	768	0	0
after	sc	r03	c/goblint-regression/13-privatized_30-traces-oplus-vs-meet_true.yml	true	correct	0.067244778	0.07607956696301699	25841664.0	2	4336	1344	0	0
after	sc	r03	c/goblint-regression/13-privatized_32-traces-mine-vs-oplus-vs-meet_true.yml	true	correct	0.069702307	0.07737928698770702	25800704.0	3	6136	1920	0	0
after	sc	r03	c/goblint-regression/13-privatized_34-traces-minepp-L-needs-to-be-um_true.yml	true	correct	0.067075784	0.07326277892570943	25780224.0	1	2936	896	0	0
after	sc	r03	c/goblint-regression/13-privatized_68-pfscan_protected_loop_minimal_interval_true.yml	true	correct	0.069978019	0.08078928501345217	25899008.0	0	0	0	0	0
after	sc	r03	c/goblint-regression/13-privatized_29-multiple-protecting2-vesal_true.yml	true	correct	0.066005225	0.0712305320193991	25841664.0	4	6336	1984	0	0
after	sc	r03	c/goblint-regression/13-privatized_24-multiple-protecting_true.yml	true	correct	0.071617735	0.07590272498782724	25952256.0	7	10536	3328	0	0
after	sc	r03	c/goblint-regression/36-apron_21-traces-cluster-based_true.yml	true	correct	0.068486227	0.07294995000120252	25886720.0	6	7136	2240	0	0
after	sc	r03	c/goblint-regression/36-apron_22-traces-write-centered-vs-meet-mutex_true_no-overflow.yml	true	correct	0.067050872	0.07190629094839096	25858048.0	1	0	0	0	0
after	sc	r03	c/goblint-regression/13-privatized_27-multiple-protecting2_true.yml	true	correct	0.076249479	0.08401083596982062	25845760.0	26	12336	3904	0	0
after	sc	r03	c/pthread-ext/14_spin2003.yml	true	correct	0.070916468	0.07255911105312407	25833472.0	0	0	0	0	0
after	sc	r03	c/pthread-ext/29_conditionals_vs.yml	true	correct	0.07680439	0.07851301494520158	25800704.0	0	0	0	0	0
after	sc	r03	c/pthread-ext/48_ticket_lock_low_contention_vs-pthread.yml	true	correct	0.071630566	0.07480545295402408	25866240.0	0	0	0	0	0
after	sc	r03	c/pthread-ext/46_monabsex2_vs.yml	true	correct	0.066553203	0.06972320494242013	25817088.0	0	0	0	0	0
after	sc	r03	c/pthread-ext/45_monabsex1_vs.yml	true	correct	0.067894679	0.0716901229461655	25845760.0	0	0	0	0	0
after	sc	r03	c/pthread/stateful01-1.yml	false(unreach-call)	correct	0.069261918	0.07140052004251629	25944064.0	0	6336	1984	0	0
after	sc	r03	c/pthread/stateful01-2.yml	true	correct	0.072149949	0.08038989407941699	25931776.0	6	6536	2048	0	0
after	sc	r03	c/pthread-atomic/time_var_mutex.yml	true	correct	0.066769067	0.08211362105794251	25853952.0	2	5736	1792	0	0
after	sc	r03	c/pthread-ext/01b_inc.yml	true	correct	0.069160415	0.07711572805419564	25849856.0	0	0	0	0	0
after	sc	r03	c/pthread/triangular-1.yml	true	correct	6.288998366	6.297958896029741	25931776.0	16632	27336	8704	0	0
after	sc	r03	c/pthread/triangular-2.yml	false(unreach-call)	correct	1.479164541	1.491890026954934	25915392.0	3638	27336	8704	0	0
after	sc	r03	c/pthread-ext/02_inc_cas.yml	true	correct	0.070190225	0.08260958292521536	25763840.0	0	0	0	0	0
after	sc	r03	c/goblint-regression/28-race_reach_21-deref_read_racing.yml	false(unreach-call)	correct	3.563924101	3.5901029290398583	56352768.0	0	0	0	0	0
after	sc	r03	c/pthread-ext/48_ticket_lock_low_contention_vs.yml	true	correct	0.063618339	0.08134776295628399	25841664.0	0	0	0	0	0
after	sc	r03	c/goblint-regression/28-race_reach_37-indirect_racing.yml	false(unreach-call)	correct	12.570648128	12.607142471009865	2061029376.0	0	1807053072	1680820	0	0
after	sc	r03	c/goblint-regression/28-race_reach_45-escape_racing.yml	false(unreach-call)	correct	0.06452246	0.07347485003992915	25817088.0	0	3936	1216	0	0
after	sc	r03	c/goblint-regression/28-race_reach_46-escape_racefree.yml	true	correct	0.064370039	0.07170518394559622	25919488.0	2	3536	1088	0	0
after	sc	r03	c/goblint-regression/28-race_reach_01-simple_racing.yml	false(unreach-call)	correct	12.646948238	12.728146594017744	2061070336.0	0	1807007952	1680796	0	0
after	sc	r03	c/goblint-regression/28-race_reach_11-ptr_racing.yml	false(unreach-call)	correct	12.663131096	12.699866587063298	2061049856.0	0	1807007952	1680796	0	0
after	sc	r03	c/pthread-deagle/circular_buffer_bad.yml	false(unreach-call)	correct	0.074200353	0.08192616002634168	25960448.0	1	34136	10880	0	0
after	sc	r03	c/pthread/fib_safe-5.yml	true	correct	3.691477365	3.7280514599988237	25837568.0	2772	194536	62208	0	0
after	sc	r03	c/pthread/fib_safe-6.yml	true	correct	18.53495668	18.964458671049215	25874432.0	12012	281136	89920	0	0
after	sc	r03	c/pthread/fib_unsafe-5.yml	false(unreach-call)	correct	1.025308384	1.0329009529668838	25796608.0	632	194536	62208	0	0
after	sc	r03	c/pthread/fib_unsafe-6.yml	false(unreach-call)	correct	5.210283901	5.225238132989034	25825280.0	2942	281136	89920	0	0
after	sc	r03	c/pthread/fib_unsafe-7.yml	false(unreach-call)	correct	24.980194898	25.009275050950237	25829376.0	13238	319136	102080	0	0
after	sc	r03	c/goblint-regression/28-race_reach_24-sound_lock_racing.yml	false(unreach-call)	correct	12.252011714	12.37917175295297	2061070336.0	0	1807007952	1680796	0	0
after	sc	r03	c/pthread/lazy01.yml	false(unreach-call)	correct	0.063941894	0.07032555202022195	25972736.0	1	5336	1664	0	0
after	sc	r03	c/pthread-deagle/circular_buffer_ok.yml	true	correct	3.055489409	3.082904737093486	25956352.0	3432	185736	59392	0	0
after	sc	r03	c/pthread-atomic/szymanski.yml	true	correct	0.064109863	0.07169830205384642	25878528.0	6	5936	1856	0	0
after	sc	r03	c/pthread-atomic/dekker.yml	true	correct	0.065484791	0.0692899749847129	25825280.0	4	6336	1984	0	0
after	sc	r03	c/pthread-atomic/dekker-unfair.yml	true	correct	0.070844464	0.08578445389866829	25923584.0	4	6336	1984	0	0
after	sc	r03	c/pthread-theta/unwind3-1.yml	false(unreach-call)	correct	0.069471584	0.0743586840108037	25829376.0	1	3736	1152	0	0
after	sc	r03	c/pthread-theta/exponential-nondet.yml	true	correct	0.069335937	0.07445666403509676	25894912.0	1	0	0	0	0
after	sc	r03	c/pthread-theta/unwind2-1.yml	false(unreach-call)	correct	0.067486105	0.07548971800133586	25960448.0	1	0	0	0	0
after	sc	r03	c/pthread-theta/unwind2-100.yml	false(unreach-call)	correct	0.066136404	0.0741921269800514	25874432.0	1	0	0	0	0
after	sc	r03	c/pthread/butterfly.yml	true	correct	13.488973414	13.568121204036288	25960448.0	64560	12136	3840	0	0
after	sc	r03	c/pthread-ext/43_NetBSD_sysmon_power_sliced.yml	true	correct	0.065309153	0.0721321520395577	25821184.0	0	0	0	0	0
after	sc	r03	c/goblint-regression/28-race_reach_06-cond_racing1.yml	false(unreach-call)	correct	11.944934337	12.046081264968961	2061082624.0	0	1807007952	1680796	0	0
after	sc	r03	c/pthread/queue_ok.yml	true	correct	0.067349511	0.07271287101320922	26025984.0	2	183336	58624	0	0
after	sc	r03	c/pthread/queue_ok_longer.yml	true	correct	0.43717154	0.44411883607972413	79409152.0	2	23936072	2830196	0	0
after	sc	r03	c/pthread/queue_ok_longest.yml	true	correct	1.561187701	1.5777628410141915	276873216.0	2	94781648	10971212	0	0
after	sc	r03	c/pthread/queue_longer.yml	TIMEOUT	error	61.041777285	61.077649542014115	1136836608.0					
after	sc	r03	c/pthread/queue.yml	false(unreach-call)	correct	0.088700103	0.09789726696908474	25993216.0	2	160936	51456	0	0
after	sc	r03	c/pthread/singleton.yml	false(unreach-call)	correct	0.069294171	0.07477830105926841	26091520.0	1	8736	2752	0	0
after	sc	r03	c/pthread/singleton_with-uninit-problems.yml	true	correct	0.068674331	0.07760419906117022	26009600.0	4	8936	2816	0	0
after	sc	r03	c/pthread-C-DAC/pthread-demo-datarace-3.yml	false(unreach-call)	correct	0.114816358	0.12783180200494826	25853952.0	0	262136	83840	0	0
after	sc	r03	c/pthread/reorder_2.yml	false(unreach-call)	correct	0.143309649	0.15479834796860814	25952256.0	162	32936	10496	0	0
after	sc	r03	c/pthread/twostage_3.yml	false(unreach-call)	correct	0.076746738	0.08391052996739745	26226688.0	4	40136	12800	0	0
after	sc	r03	c/ldv-races/race-1_1-join.yml	true	correct	0.064146277	0.07371678098570555	26124288.0	1	0	0	0	0
after	sc	r03	c/ldv-races/race-1_3-join.yml	false(unreach-call)	correct	0.068817078	0.07404939201660454	26087424.0	1	4736	1472	0	0
after	sc	r03	c/ldv-races/race-1_2-join.yml	false(unreach-call)	correct	0.067628173	0.07734594494104385	26083328.0	1	4736	1472	0	0
after	sc	r03	c/ldv-races/race-4_1-thread_local_vars.yml	true	correct	0.069539425	0.07597511203493923	26087424.0	0	0	0	0	0
after	sc	r03	c/ldv-races/race-2_1-container_of.yml	true	correct	0.071558202	0.07719005597755313	26083328.0	1	0	0	0	0
after	sc	r03	c/ldv-races/race-3_1-container_of-global.yml	true	correct	0.06717346	0.0742294869851321	26107904.0	1	0	0	0	0
after	sc	r04	c/goblint-regression/13-privatized_66-mine-W-init_true.yml	true	correct	0.063099468	0.07025574299041182	25792512.0	1	0	0	0	0
after	sc	r04	c/goblint-regression/36-apron_41-threadenter-no-locals_unknown_1_pos.yml	false(unreach-call)	correct	0.064730968	0.07085896795615554	25772032.0	0	0	0	0	0
after	sc	r04	c/goblint-regression/36-apron_16-traces-unprot2_true.yml	true	correct	0.054215772	0.059660320985130966	25735168.0	1	0	0	0	0
after	sc	r04	c/goblint-regression/13-privatized_57-singlethreaded-unlock_true.yml	true	correct	0.063129583	0.06858503096736968	25755648.0	1	0	0	0	0
after	sc	r04	c/goblint-regression/13-privatized_47-refine-protected2_true.yml	true	correct	0.064828397	0.06852889293804765	25804800.0	2	2536	768	0	0
after	sc	r04	c/goblint-regression/13-privatized_46-refine-protected1_true.yml	true	correct	0.063049082	0.06781879893969744	25812992.0	1	0	0	0	0
after	sc	r04	c/goblint-regression/36-apron_11-traces-max-simple_true.yml	true	correct	0.066259896	0.07030557899270207	25755648.0	2	2536	768	0	0
after	sc	r04	c/goblint-regression/13-privatized_41-traces-ex-7_unknown_1_pos.yml	false(unreach-call)	correct	0.055160313	0.06286383501719683	25784320.0	0	2736	832	0	0
after	sc	r04	c/goblint-regression/13-privatized_41-traces-ex-7_unknown_1_neg.yml	false(unreach-call)	correct	0.074452349	0.08056131098419428	25829376.0	0	0	0	0	0
after	sc	r04	c/goblint-regression/13-privatized_40-traces-ex-6_true.yml	true	correct	0.058726543	0.0623790790559724	25792512.0	1	2936	896	0	0
after	sc	r04	c/goblint-regression/13-privatized_58-singlethreaded-lock_true.yml	true	correct	0.064301089	0.07116551394574344	25829376.0	1	0	0	0	0
after	sc	r04	c/goblint-regression/13-privatized_44-traces-mine2_true.yml	true	correct	0.064028063	0.0715553059708327	25755648.0	1	2736	832	0	0
after	sc	r04	c/goblint-regression/13-privatized_18-first-reads_unknown_2_pos.yml	false(unreach-call)	correct	0.068373944	0.07348972000181675	25804800.0	0	1736	512	0	0
after	sc	r04	c/goblint-regression/13-privatized_18-first-reads_unknown_1_neg.yml	false(unreach-call)	correct	0.068434965	0.07280878094024956	25874432.0	0	1736	512	0	0
after	sc	r04	c/goblint-regression/13-privatized_36-traces-ex-3_true.yml	true	correct	0.068224111	0.0720244930125773	25812992.0	3	3736	1152	0	0
after	sc	r04	c/goblint-regression/13-privatized_18-first-reads_true.yml	true	correct	0.057985679	0.060088642057962716	25747456.0	2	2536	768	0	0
after	sc	r04	c/goblint-regression/13-privatized_35-traces-ex-2_true.yml	true	correct	0.06450023	0.07125848392024636	25743360.0	2	4136	1280	0	0
after	sc	r04	c/goblint-regression/13-privatized_37-traces-ex-4_true.yml	true	correct	0.069711034	0.07566924695856869	25755648.0	2	3136	960	0	0
after	sc	r04	c/goblint-regression/13-privatized_38-traces-ex-4-switch_true.yml	true	correct	0.059526438	0.06841871503274888	25784320.0	2	4136	1280	0	0
after	sc	r04	c/goblint-regression/13-privatized_19-publish-precision_unknown_1_pos.yml	false(unreach-call)	correct	0.066386807	0.07234331406652927	25853952.0	0	2736	832	0	0
after	sc	r04	c/goblint-regression/13-privatized_19-publish-precision_unknown_2_pos.yml	false(unreach-call)	correct	0.070406434	0.07415359700098634	25780224.0	0	0	0	0	0
after	sc	r04	c/goblint-regression/13-privatized_19-publish-precision_unknown_1_neg.yml	false(unreach-call)	correct	0.064809079	0.07114891498349607	25866240.0	0	0	0	0	0
after	sc	r04	c/goblint-regression/13-privatized_19-publish-precision_unknown_2_neg.yml	false(unreach-call)	correct	0.063336976	0.06753336603287607	25837568.0	0	2736	832	0	0
after	sc	r04	c/goblint-regression/13-privatized_45-traces-per-global-and-current-lock-mine-incomparable_true.yml	true	correct	0.057417151	0.05985248903743923	25767936.0	2	4136	1280	0	0
after	sc	r04	c/goblint-regression/13-privatized_01-priv_nr_true.yml	true	correct	0.062792792	0.06787114101462066	25825280.0	2	3336	1024	0	0
after	sc	r04	c/goblint-regression/13-privatized_19-publish-precision_true.yml	true	correct	0.065687954	0.07089424610603601	25825280.0	3	3736	1152	0	0
after	sc	r04	c/goblint-regression/13-privatized_42-traces-ex-mini_true.yml	true	correct	0.067304378	0.07358169299550354	25878528.0	2	3936	1216	0	0
after	sc	r04	c/goblint-regression/13-privatized_33-traces-v-matters_true.yml	true	correct	0.064727033	0.07193773798644543	25837568.0	1	3936	1216	0	0
after	sc	r04	c/goblint-regression/13-privatized_25-struct_nr_true.yml	true	correct	0.065949618	0.073101039044559	25833472.0	2	3336	1024	0	0
after	sc	r04	c/goblint-regression/13-privatized_69-refine-protected-loop-interval_true.yml	true	correct	0.069044924	0.07399646600242704	25870336.0	0	0	0	0	0
after	sc	r04	c/goblint-regression/36-apron_17-traces-rpb-litmus_unknown_1_neg.yml	false(unreach-call)	correct	0.061813577	0.06788702006451786	25821184.0	0	0	0	0	0
after	sc	r04	c/goblint-regression/13-privatized_31-traces-mine-vs-mutex_true.yml	true	correct	0.069803585	0.07568801799789071	25796608.0	4	5136	1600	0	0
after	sc	r04	c/goblint-regression/13-privatized_20-publish-regression_true.yml	true	correct	0.060589698	0.067275000968948	25812992.0	2	2536	768	0	0
after	sc	r04	c/goblint-regression/13-privatized_30-traces-oplus-vs-meet_true.yml	true	correct	0.063767522	0.07526236493140459	25845760.0	2	4336	1344	0	0
after	sc	r04	c/goblint-regression/13-privatized_32-traces-mine-vs-oplus-vs-meet_true.yml	true	correct	0.068857405	0.07411469600629061	25817088.0	3	6136	1920	0	0
after	sc	r04	c/goblint-regression/13-privatized_34-traces-minepp-L-needs-to-be-um_true.yml	true	correct	0.068355667	0.07474380789790303	25817088.0	1	2936	896	0	0
after	sc	r04	c/goblint-regression/13-privatized_68-pfscan_protected_loop_minimal_interval_true.yml	true	correct	0.0714044	0.07390153093729168	25935872.0	0	0	0	0	0
after	sc	r04	c/goblint-regression/13-privatized_29-multiple-protecting2-vesal_true.yml	true	correct	0.06429671	0.07105217303615063	25853952.0	4	6336	1984	0	0
after	sc	r04	c/goblint-regression/13-privatized_24-multiple-protecting_true.yml	true	correct	0.056664162	0.0626822030171752	25878528.0	7	10536	3328	0	0
after	sc	r04	c/goblint-regression/36-apron_21-traces-cluster-based_true.yml	true	correct	0.07176817	0.07351413799915463	25890816.0	6	7136	2240	0	0
after	sc	r04	c/goblint-regression/36-apron_22-traces-write-centered-vs-meet-mutex_true_no-overflow.yml	true	correct	0.058454115	0.0679892220068723	25923584.0	1	0	0	0	0
after	sc	r04	c/goblint-regression/13-privatized_27-multiple-protecting2_true.yml	true	correct	0.086533816	0.09403119899798185	25964544.0	26	12336	3904	0	0
after	sc	r04	c/pthread-ext/14_spin2003.yml	true	correct	0.065735802	0.06976082304026932	25800704.0	0	0	0	0	0
after	sc	r04	c/pthread-ext/29_conditionals_vs.yml	true	correct	0.071258814	0.07797534903511405	25780224.0	0	0	0	0	0
after	sc	r04	c/pthread-ext/48_ticket_lock_low_contention_vs-pthread.yml	true	correct	0.05833996	0.06581415003165603	25763840.0	0	0	0	0	0
after	sc	r04	c/pthread-ext/46_monabsex2_vs.yml	true	correct	0.066581905	0.0759664709912613	25759744.0	0	0	0	0	0
after	sc	r04	c/pthread-ext/45_monabsex1_vs.yml	true	correct	0.064627355	0.07002649398054928	25796608.0	0	0	0	0	0
after	sc	r04	c/pthread/stateful01-1.yml	false(unreach-call)	correct	0.067128457	0.06915702193509787	25931776.0	0	6336	1984	0	0
after	sc	r04	c/pthread/stateful01-2.yml	true	correct	0.065740384	0.07217907696031034	25890816.0	6	6536	2048	0	0
after	sc	r04	c/pthread-atomic/time_var_mutex.yml	true	correct	0.070926113	0.07601112395059317	25956352.0	2	5736	1792	0	0
after	sc	r04	c/pthread-ext/01b_inc.yml	true	correct	0.067086446	0.07390197308268398	25796608.0	0	0	0	0	0
after	sc	r04	c/pthread/triangular-1.yml	true	correct	6.239964809	6.255859521916136	25853952.0	16632	27336	8704	0	0
after	sc	r04	c/pthread/triangular-2.yml	false(unreach-call)	correct	1.408709348	1.4138516179518774	25899008.0	3638	27336	8704	0	0
after	sc	r04	c/pthread-ext/02_inc_cas.yml	true	correct	0.063573912	0.07002207904588431	25800704.0	0	0	0	0	0
after	sc	r04	c/goblint-regression/28-race_reach_21-deref_read_racing.yml	false(unreach-call)	correct	3.602190504	3.6161839090054855	56369152.0	0	0	0	0	0
after	sc	r04	c/pthread-ext/48_ticket_lock_low_contention_vs.yml	true	correct	0.067586316	0.07527782104443759	25776128.0	0	0	0	0	0
after	sc	r04	c/goblint-regression/28-race_reach_37-indirect_racing.yml	false(unreach-call)	correct	12.69346476	12.736060808994807	2061045760.0	0	1807053072	1680820	0	0
after	sc	r04	c/goblint-regression/28-race_reach_45-escape_racing.yml	false(unreach-call)	correct	0.067982665	0.07269087503664196	25870336.0	0	3936	1216	0	0
after	sc	r04	c/goblint-regression/28-race_reach_46-escape_racefree.yml	true	correct	0.063735747	0.06973367393948138	25870336.0	2	3536	1088	0	0
after	sc	r04	c/goblint-regression/28-race_reach_01-simple_racing.yml	false(unreach-call)	correct	12.624241295	12.6468708969187	2061053952.0	0	1807007952	1680796	0	0
after	sc	r04	c/goblint-regression/28-race_reach_11-ptr_racing.yml	false(unreach-call)	correct	12.692638945	12.806844374979846	2061041664.0	0	1807007952	1680796	0	0
after	sc	r04	c/pthread-deagle/circular_buffer_bad.yml	false(unreach-call)	correct	0.077581228	0.08356372395064682	25980928.0	1	34136	10880	0	0
after	sc	r04	c/pthread/fib_safe-5.yml	true	correct	3.723567934	3.777290915022604	25903104.0	2772	194536	62208	0	0
after	sc	r04	c/pthread/fib_safe-6.yml	true	correct	18.676430413	18.856227282085456	25866240.0	12012	281136	89920	0	0
after	sc	r04	c/pthread/fib_unsafe-5.yml	false(unreach-call)	correct	1.019412337	1.0267931430134922	25886720.0	632	194536	62208	0	0
after	sc	r04	c/pthread/fib_unsafe-6.yml	false(unreach-call)	correct	5.213406191	5.255923838005401	25825280.0	2942	281136	89920	0	0
after	sc	r04	c/pthread/fib_unsafe-7.yml	false(unreach-call)	correct	25.034444336	25.230353189981543	25866240.0	13238	319136	102080	0	0
after	sc	r04	c/goblint-regression/28-race_reach_24-sound_lock_racing.yml	false(unreach-call)	correct	12.188182395	12.250684024067596	2061000704.0	0	1807007952	1680796	0	0
after	sc	r04	c/pthread/lazy01.yml	false(unreach-call)	correct	0.064803882	0.06865917204413563	25882624.0	1	5336	1664	0	0
after	sc	r04	c/pthread-deagle/circular_buffer_ok.yml	true	correct	3.051887917	3.0698326689889655	25882624.0	3432	185736	59392	0	0
after	sc	r04	c/pthread-atomic/szymanski.yml	true	correct	0.070405806	0.07633502001408488	25821184.0	6	5936	1856	0	0
after	sc	r04	c/pthread-atomic/dekker.yml	true	correct	0.06603809	0.06966470705810934	25886720.0	4	6336	1984	0	0
after	sc	r04	c/pthread-atomic/dekker-unfair.yml	true	correct	0.066699717	0.07348582206759602	25853952.0	4	6336	1984	0	0
after	sc	r04	c/pthread-theta/unwind3-1.yml	false(unreach-call)	correct	0.066918291	0.07243513606954366	25886720.0	1	3736	1152	0	0
after	sc	r04	c/pthread-theta/exponential-nondet.yml	true	correct	0.067584155	0.072007781942375	25956352.0	1	0	0	0	0
after	sc	r04	c/pthread-theta/unwind2-1.yml	false(unreach-call)	correct	0.063359951	0.0707224749494344	25874432.0	1	0	0	0	0
after	sc	r04	c/pthread-theta/unwind2-100.yml	false(unreach-call)	correct	0.066404996	0.0854754219762981	25956352.0	1	0	0	0	0
after	sc	r04	c/pthread/butterfly.yml	true	correct	13.472201118	13.524744338006712	25956352.0	64560	12136	3840	0	0
after	sc	r04	c/pthread-ext/43_NetBSD_sysmon_power_sliced.yml	true	correct	0.059700793	0.07244369701948017	25763840.0	0	0	0	0	0
after	sc	r04	c/goblint-regression/28-race_reach_06-cond_racing1.yml	false(unreach-call)	correct	11.967376801	11.986880633980036	2061045760.0	0	1807007952	1680796	0	0
after	sc	r04	c/pthread/queue_ok.yml	true	correct	0.069433204	0.07804594305343926	26030080.0	2	183336	58624	0	0
after	sc	r04	c/pthread/queue_ok_longer.yml	true	correct	0.433062614	0.43785400805063546	79384576.0	2	23936072	2830196	0	0
after	sc	r04	c/pthread/queue_ok_longest.yml	true	correct	1.556900129	1.5633476589573547	276959232.0	2	94781648	10971212	0	0
after	sc	r04	c/pthread/queue_longer.yml	TIMEOUT	error	61.03010582	61.071798471035436	1136467968.0					
after	sc	r04	c/pthread/queue.yml	false(unreach-call)	correct	0.086834748	0.09408463106956333	26079232.0	2	160936	51456	0	0
after	sc	r04	c/pthread/singleton.yml	false(unreach-call)	correct	0.071348504	0.0769260770175606	26083328.0	1	8736	2752	0	0
after	sc	r04	c/pthread/singleton_with-uninit-problems.yml	true	correct	0.068954566	0.07623860391322523	26009600.0	4	8936	2816	0	0
after	sc	r04	c/pthread-C-DAC/pthread-demo-datarace-3.yml	false(unreach-call)	correct	0.117334633	0.12499657890293747	25935872.0	0	262136	83840	0	0
after	sc	r04	c/pthread/reorder_2.yml	false(unreach-call)	correct	0.139729452	0.14494194102007896	25997312.0	162	32936	10496	0	0
after	sc	r04	c/pthread/twostage_3.yml	false(unreach-call)	correct	0.08208145	0.08478918392211199	26222592.0	4	40136	12800	0	0
after	sc	r04	c/ldv-races/race-1_1-join.yml	true	correct	0.070854966	0.07515751000028104	26083328.0	1	0	0	0	0
after	sc	r04	c/ldv-races/race-1_3-join.yml	false(unreach-call)	correct	0.069386005	0.07647770398762077	26095616.0	1	4736	1472	0	0
after	sc	r04	c/ldv-races/race-1_2-join.yml	false(unreach-call)	correct	0.064752351	0.07129989808890969	26083328.0	1	4736	1472	0	0
after	sc	r04	c/ldv-races/race-4_1-thread_local_vars.yml	true	correct	0.071334277	0.083747174940072	26087424.0	0	0	0	0	0
after	sc	r04	c/ldv-races/race-2_1-container_of.yml	true	correct	0.069960911	0.07337285100948066	26087424.0	1	0	0	0	0
after	sc	r04	c/ldv-races/race-3_1-container_of-global.yml	true	correct	0.068046212	0.07495129900053144	26083328.0	1	0	0	0	0
after	tso	r01	c/goblint-regression/13-privatized_66-mine-W-init_true.yml	true	correct	0.055847961	0.06971010204870254	25886720.0	1	0	0	0	0
after	tso	r01	c/goblint-regression/36-apron_41-threadenter-no-locals_unknown_1_pos.yml	false(unreach-call)	correct	0.074757298	0.07809613295830786	25948160.0	0	0	0	0	0
after	tso	r01	c/goblint-regression/36-apron_16-traces-unprot2_true.yml	true	correct	0.066771926	0.07162549300119281	25927680.0	1	0	0	0	0
after	tso	r01	c/goblint-regression/13-privatized_57-singlethreaded-unlock_true.yml	true	correct	0.076842611	0.0811118270503357	25944064.0	1	0	0	0	0
after	tso	r01	c/goblint-regression/13-privatized_47-refine-protected2_true.yml	true	correct	0.066199998	0.07216228393372148	25993216.0	2	2584	896	4	101
after	tso	r01	c/goblint-regression/13-privatized_46-refine-protected1_true.yml	true	correct	0.06760538	0.07063162606209517	25919488.0	1	0	0	0	0
after	tso	r01	c/goblint-regression/36-apron_11-traces-max-simple_true.yml	true	correct	0.067759601	0.07098914100788534	25960448.0	2	2584	896	4	101
after	tso	r01	c/goblint-regression/13-privatized_41-traces-ex-7_unknown_1_pos.yml	false(unreach-call)	correct	0.058889121	0.06311315100174397	26009600.0	0	2760	968	2	54
after	tso	r01	c/goblint-regression/13-privatized_41-traces-ex-7_unknown_1_neg.yml	false(unreach-call)	correct	0.064144095	0.07008339499589056	25968640.0	0	0	0	0	0
after	tso	r01	c/goblint-regression/13-privatized_40-traces-ex-6_true.yml	true	correct	0.07335211	0.07764716004021466	25952256.0	1	2936	1040	4	119
after	tso	r01	c/goblint-regression/13-privatized_58-singlethreaded-lock_true.yml	true	correct	0.061195922	0.06916594004724175	25964544.0	1	0	0	0	0
after	tso	r01	c/goblint-regression/13-privatized_44-traces-mine2_true.yml	true	correct	0.070981246	0.07374193996656686	25878528.0	1	2760	968	2	46
after	tso	r01	c/goblint-regression/13-privatized_18-first-reads_unknown_2_pos.yml	false(unreach-call)	correct	0.069846839	0.0741026810137555	26009600.0	0	1880	608	2	31
after	tso	r01	c/goblint-regression/13-privatized_18-first-reads_unknown_1_neg.yml	false(unreach-call)	correct	0.070309015	0.07563785591628402	25968640.0	0	1880	608	2	31
after	tso	r01	c/goblint-regression/13-privatized_36-traces-ex-3_true.yml	true	correct	0.068341062	0.0728824739344418	25935872.0	3	3640	1328	8	268
after	tso	r01	c/goblint-regression/13-privatized_18-first-reads_true.yml	true	correct	0.057237753	0.06199329497758299	26075136.0	2	2584	896	4	112
after	tso	r01	c/goblint-regression/13-privatized_35-traces-ex-2_true.yml	true	correct	0.060473736	0.0693031350383535	26001408.0	2	3992	1472	8	279
after	tso	r01	c/goblint-regression/13-privatized_37-traces-ex-4_true.yml	true	correct	0.072244168	0.07732315210159868	25911296.0	2	3112	1112	4	159
after	tso	r01	c/goblint-regression/13-privatized_38-traces-ex-4-switch_true.yml	true	correct	0.06949756	0.07868251600302756	26001408.0	2	3992	1472	8	279
after	tso	r01	c/goblint-regression/13-privatized_19-publish-precision_unknown_1_pos.yml	false(unreach-call)	correct	0.068919131	0.07586142001673579	26030080.0	0	2760	968	2	50
after	tso	r01	c/goblint-regression/13-privatized_19-publish-precision_unknown_2_pos.yml	false(unreach-call)	correct	0.065775487	0.0722674640128389	25948160.0	0	0	0	0	0
after	tso	r01	c/goblint-regression/13-privatized_19-publish-precision_unknown_1_neg.yml	false(unreach-call)	correct	0.06400329	0.07226544804871082	26005504.0	0	0	0	0	0
after	tso	r01	c/goblint-regression/13-privatized_19-publish-precision_unknown_2_neg.yml	false(unreach-call)	correct	0.057462987	0.06202366994693875	26062848.0	0	2760	968	2	50
after	tso	r01	c/goblint-regression/13-privatized_45-traces-per-global-and-current-lock-mine-incomparable_true.yml	true	correct	0.063251657	0.06941547605674714	25915392.0	2	3992	1472	6	357
after	tso	r01	c/goblint-regression/13-privatized_01-priv_nr_true.yml	true	correct	0.062183653	0.06806665589101613	26021888.0	2	3288	1184	4	252
after	tso	r01	c/goblint-regression/13-privatized_19-publish-precision_true.yml	true	correct	0.069713448	0.07706721604336053	26066944.0	3	3640	1328	8	401
after	tso	r01	c/goblint-regression/13-privatized_42-traces-ex-mini_true.yml	true	correct	0.066281424	0.0716444649733603	25960448.0	2	3816	1400	4	255
after	tso	r01	c/goblint-regression/13-privatized_33-traces-v-matters_true.yml	true	correct	0.06427539	0.069469309062697	25927680.0	1	3816	1400	6	286
after	tso	r01	c/goblint-regression/13-privatized_25-struct_nr_true.yml	true	correct	0.071997809	0.07632831099908799	25976832.0	2	3288	1184	4	252
after	tso	r01	c/goblint-regression/13-privatized_69-refine-protected-loop-interval_true.yml	true	correct	0.058563944	0.06233890203293413	26025984.0	0	0	0	0	0
after	tso	r01	c/goblint-regression/36-apron_17-traces-rpb-litmus_unknown_1_neg.yml	false(unreach-call)	correct	0.078650223	0.08107014605775476	25960448.0	0	0	0	0	0
after	tso	r01	c/goblint-regression/13-privatized_31-traces-mine-vs-mutex_true.yml	true	correct	0.073175813	0.07738921698182821	26021888.0	4	4872	1832	12	646
after	tso	r01	c/goblint-regression/13-privatized_20-publish-regression_true.yml	true	correct	0.059771613	0.06307858298532665	25935872.0	2	2584	896	4	112
after	tso	r01	c/goblint-regression/13-privatized_30-traces-oplus-vs-meet_true.yml	true	correct	0.074596073	0.0804921219823882	25948160.0	2	4168	1544	8	346
after	tso	r01	c/goblint-regression/13-privatized_32-traces-mine-vs-oplus-vs-meet_true.yml	true	correct	0.072854902	0.07734014303423464	26062848.0	3	5752	2192	12	783
after	tso	r01	c/goblint-regression/13-privatized_34-traces-minepp-L-needs-to-be-um_true.yml	true	correct	0.059605075	0.06437887588981539	25948160.0	1	2936	1040	4	119
after	tso	r01	c/goblint-regression/13-privatized_68-pfscan_protected_loop_minimal_interval_true.yml	true	correct	0.071845759	0.07588642800692469	26021888.0	0	0	0	0	0
after	tso	r01	c/goblint-regression/13-privatized_29-multiple-protecting2-vesal_true.yml	true	correct	0.074836001	0.07866773207206279	26017792.0	4	5928	2264	12	988
after	tso	r01	c/goblint-regression/13-privatized_24-multiple-protecting_true.yml	true	correct	0.07356421	0.07903334591537714	26034176.0	7	9624	3776	24	8593
after	tso	r01	c/goblint-regression/36-apron_21-traces-cluster-based_true.yml	true	correct	0.073449832	0.07475735305342823	26140672.0	6	6632	2552	26	2014
after	tso	r01	c/goblint-regression/36-apron_22-traces-write-centered-vs-meet-mutex_true_no-overflow.yml	true	correct	0.069561642	0.07574186392594129	25980928.0	1	0	0	0	0
after	tso	r01	c/goblint-regression/13-privatized_27-multiple-protecting2_true.yml	true	correct	0.087279987	0.09553188004065305	26083328.0	26	11208	4424	72	25988
after	tso	r01	c/pthread-ext/14_spin2003.yml	true	correct	0.069089044	0.07382259296718985	25919488.0	0	0	0	0	0
after	tso	r01	c/pthread-ext/29_conditionals_vs.yml	true	correct	0.067041475	0.0724790949607268	25956352.0	0	0	0	0	0
after	tso	r01	c/pthread-ext/48_ticket_lock_low_contention_vs-pthread.yml	true	correct	0.072551521	0.07630951993633062	25960448.0	0	0	0	0	0
after	tso	r01	c/pthread-ext/46_monabsex2_vs.yml	true	correct	0.067720701	0.07212609890848398	25911296.0	0	0	0	0	0
after	tso	r01	c/pthread-ext/45_monabsex1_vs.yml	true	correct	0.064341086	0.07120933895930648	25944064.0	0	0	0	0	0
after	tso	r01	c/pthread/stateful01-1.yml	false(unreach-call)	correct	0.067834976	0.0756795440101996	26034176.0	0	5928	2264	4	625
after	tso	r01	c/pthread/stateful01-2.yml	true	correct	0.069807858	0.07314515800680965	26050560.0	6	6104	2336	12	2074
after	tso	r01	c/pthread-atomic/time_var_mutex.yml	true	correct	0.073608726	0.07569033501204103	26034176.0	2	5400	2048	4	524
after	tso	r01	c/pthread-ext/01b_inc.yml	true	correct	0.071360299	0.07714377297088504	26058752.0	0	0	0	0	0
after	tso	r01	c/pthread/triangular-1.yml	true	correct	8.131463573	8.140464479918592	26013696.0	16632	24472	9856	43036	35610116
after	tso	r01	c/pthread/triangular-2.yml	false(unreach-call)	correct	1.772605511	1.7863387719262391	26083328.0	3638	24472	9856	10316	8402826
after	tso	r01	c/pthread-ext/02_inc_cas.yml	true	correct	0.067382755	0.07179559289943427	26005504.0	0	0	0	0	0
after	tso	r01	c/goblint-regression/28-race_reach_21-deref_read_racing.yml	false(unreach-call)	correct	3.707856017	3.7225453900173306	56549376.0	0	0	0	0	0
after	tso	r01	c/pthread-ext/48_ticket_lock_low_contention_vs.yml	true	correct	0.066863889	0.07476244796998799	25964544.0	0	0	0	0	0
after	tso	r01	c/goblint-regression/28-race_reach_37-indirect_racing.yml	TIMEOUT	error	61.019184247	61.06089713808615	1057140736.0					
after	tso	r01	c/goblint-regression/28-race_reach_45-escape_racing.yml	false(unreach-call)	correct	0.071404499	0.07498868100810796	26038272.0	0	3816	1400	2	106
after	tso	r01	c/goblint-regression/28-race_reach_46-escape_racefree.yml	true	correct	0.07669859	0.08159031497780234	26091520.0	2	3464	1256	4	191
after	tso	r01	c/goblint-regression/28-race_reach_01-simple_racing.yml	TIMEOUT	error	60.946945793	61.057318454026245	1057079296.0					
after	tso	r01	c/goblint-regression/28-race_reach_11-ptr_racing.yml	TIMEOUT	error	61.03445868	61.06372452399228	1057169408.0					
after	tso	r01	c/pthread-deagle/circular_buffer_bad.yml	false(unreach-call)	correct	0.075721451	0.08260641200467944	26087424.0	1	30456	12304	14	18669
after	tso	r01	c/pthread/fib_safe-5.yml	true	correct	6.310586011	6.340453169075772	26075136.0	2772	171736	70112	6884	50861919
after	tso	r01	c/pthread/fib_safe-6.yml	true	correct	34.056914131	34.10401022201404	26087424.0	12012	248008	101320	29036	288430537
after	tso	r01	c/pthread/fib_unsafe-5.yml	false(unreach-call)	correct	1.715892818	1.7200351980281994	25968640.0	632	171736	70112	1880	13786133
after	tso	r01	c/pthread/fib_unsafe-6.yml	false(unreach-call)	correct	9.105664077	9.133415307966061	25985024.0	2942	248008	101320	8244	81433459
after	tso	r01	c/pthread/fib_unsafe-7.yml	false(unreach-call)	correct	48.706708064	48.741357128019445	26058752.0	13238	281448	115000	35572	455400086
after	tso	r01	c/goblint-regression/28-race_reach_24-sound_lock_racing.yml	TIMEOUT	error	60.868350056	61.05595735704992	1057132544.0					
after	tso	r01	c/pthread/lazy01.yml	false(unreach-call)	correct	0.065326295	0.06826331792399287	26050560.0	1	5048	1904	6	497
after	tso	r01	c/pthread-deagle/circular_buffer_ok.yml	true	correct	4.354053601	4.378622559946962	26161152.0	3432	163992	66944	6864	28061574
after	tso	r01	c/pthread-atomic/szymanski.yml	true	correct	0.067133601	0.07416131999343634	26091520.0	6	5576	2120	62	2270
after	tso	r01	c/pthread-atomic/dekker.yml	true	correct	0.065698791	0.0782875680597499	26062848.0	4	5928	2264	14	937
after	tso	r01	c/pthread-atomic/dekker-unfair.yml	true	correct	0.064005745	0.07421095308382064	26091520.0	4	5928	2264	14	937
after	tso	r01	c/pthread-theta/unwind3-1.yml	false(unreach-call)	correct	0.062408841	0.12420384003780782	26107904.0	1	3640	1328	2	118
after	tso	r01	c/pthread-theta/exponential-nondet.yml	true	correct	0.068097794	0.07671562698669732	26087424.0	1	0	0	0	0
after	tso	r01	c/pthread-theta/unwind2-1.yml	false(unreach-call)	correct	0.062572044	0.06909840903244913	26099712.0	1	0	0	0	0
after	tso	r01	c/pthread-theta/unwind2-100.yml	false(unreach-call)	correct	0.066263438	0.07637455000076443	26087424.0	1	0	0	0	0
after	tso	r01	c/pthread/butterfly.yml	true	correct	18.132277314	18.154505048063584	26169344.0	64560	11032	4352	304114	44028054
after	tso	r01	c/pthread-ext/43_NetBSD_sysmon_power_sliced.yml	true	correct	0.06569938	0.07424379501026124	25960448.0	0	0	0	0	0
after	tso	r01	c/goblint-regression/28-race_reach_06-cond_racing1.yml	TIMEOUT	error	60.971274618	61.06462164898403	1057161216.0					
after	tso	r01	c/pthread/queue_ok.yml	true	correct	0.070589983	0.0782225780421868	26161152.0	2	161880	66080	4	46024
after	tso	r01	c/pthread/queue_ok_longer.yml	true	correct	1.059362622	1.066291296039708	55517184.0	2	13851760	2864444	4	15503664
after	tso	r01	c/pthread/queue_ok_longest.yml	true	correct	4.588981152	4.597254108986817	242098176.0	2	54452288	11039476	4	61735070
after	tso	r01	c/pthread/queue_longer.yml	TIMEOUT	error	61.018206846	61.04901524505112	605147136.0					
after	tso	r01	c/pthread/queue.yml	false(unreach-call)	correct	0.097978479	0.10315332200843841	26165248.0	2	142168	58016	40	322450
after	tso	r01	c/pthread/singleton.yml	false(unreach-call)	correct	0.070785739	0.07657756691332906	26218496.0	1	8040	3128	8	1001
after	tso	r01	c/pthread/singleton_with-uninit-problems.yml	true	correct	0.069342325	0.0769228789722547	26222592.0	4	8216	3200	12	1722
after	tso	r01	c/pthread-C-DAC/pthread-demo-datarace-3.yml	false(unreach-call)	correct	0.139107765	0.1456435730215162	26087424.0	0	231288	94480	80	1076839
after	tso	r01	c/pthread/reorder_2.yml	false(unreach-call)	correct	0.149636275	0.15600554400589317	26140672.0	162	29400	11872	432	328668
after	tso	r01	c/pthread/twostage_3.yml	false(unreach-call)	correct	0.084367901	0.08808403508737683	26345472.0	4	35736	14464	30	29858
after	tso	r01	c/ldv-races/race-1_1-join.yml	true	correct	0.066578374	0.07229216699488461	26214400.0	1	0	0	0	0
after	tso	r01	c/ldv-races/race-1_3-join.yml	false(unreach-call)	correct	0.070238053	0.0775692060124129	26214400.0	1	4520	1688	2	189
after	tso	r01	c/ldv-races/race-1_2-join.yml	false(unreach-call)	correct	0.067717978	0.07313388492912054	26222592.0	1	4520	1688	2	189
after	tso	r01	c/ldv-races/race-4_1-thread_local_vars.yml	true	correct	0.067623248	0.07538656098768115	26370048.0	0	0	0	0	0
after	tso	r01	c/ldv-races/race-2_1-container_of.yml	true	correct	0.067381041	0.07390769105404615	26357760.0	1	0	0	0	0
after	tso	r01	c/ldv-races/race-3_1-container_of-global.yml	true	correct	0.069467499	0.0769059699960053	26288128.0	1	0	0	0	0
after	tso	r02	c/goblint-regression/13-privatized_66-mine-W-init_true.yml	true	correct	0.069794261	0.0749200819991529	25956352.0	1	0	0	0	0
after	tso	r02	c/goblint-regression/36-apron_41-threadenter-no-locals_unknown_1_pos.yml	false(unreach-call)	correct	0.064948766	0.07146105996798724	25923584.0	0	0	0	0	0
after	tso	r02	c/goblint-regression/36-apron_16-traces-unprot2_true.yml	true	correct	0.062918019	0.06685665890108794	25890816.0	1	0	0	0	0
after	tso	r02	c/goblint-regression/13-privatized_57-singlethreaded-unlock_true.yml	true	correct	0.066857553	0.07877278490923345	25960448.0	1	0	0	0	0
after	tso	r02	c/goblint-regression/13-privatized_47-refine-protected2_true.yml	true	correct	0.078370753	0.08036496501881629	25960448.0	2	2584	896	4	101
after	tso	r02	c/goblint-regression/13-privatized_46-refine-protected1_true.yml	true	correct	0.062593332	0.06926546909380704	25939968.0	1	0	0	0	0
after	tso	r02	c/goblint-regression/36-apron_11-traces-max-simple_true.yml	true	correct	0.057443215	0.06483719300013036	25935872.0	2	2584	896	4	101
after	tso	r02	c/goblint-regression/13-privatized_41-traces-ex-7_unknown_1_pos.yml	false(unreach-call)	correct	0.067894366	0.0717230960726738	26017792.0	0	2760	968	2	54
after	tso	r02	c/goblint-regression/13-privatized_41-traces-ex-7_unknown_1_neg.yml	false(unreach-call)	correct	0.069583089	0.0820560489082709	25948160.0	0	0	0	0	0
after	tso	r02	c/goblint-regression/13-privatized_40-traces-ex-6_true.yml	true	correct	0.065985592	0.07475764199625701	25968640.0	1	2936	1040	4	119
after	tso	r02	c/goblint-regression/13-privatized_58-singlethreaded-lock_true.yml	true	correct	0.066592302	0.07063711003866047	26017792.0	1	0	0	0	0
after	tso	r02	c/goblint-regression/13-privatized_44-traces-mine2_true.yml	true	correct	0.062851389	0.06714954203926027	25927680.0	1	2760	968	2	46
after	tso	r02	c/goblint-regression/13-privatized_18-first-reads_unknown_2_pos.yml	false(unreach-call)	correct	0.064351021	0.07018038199748844	26013696.0	0	1880	608	2	31
after	tso	r02	c/goblint-regression/13-privatized_18-first-reads_unknown_1_neg.yml	false(unreach-call)	correct	0.069452529	0.07280127692501992	25989120.0	0	1880	608	2	31
after	tso	r02	c/goblint-regression/13-privatized_36-traces-ex-3_true.yml	true	correct	0.060745097	0.06283314106985927	26021888.0	3	3640	1328	8	268
after	tso	r02	c/goblint-regression/13-privatized_18-first-reads_true.yml	true	correct	0.067596481	0.06976232503075153	26025984.0	2	2584	896	4	112
after	tso	r02	c/goblint-regression/13-privatized_35-traces-ex-2_true.yml	true	correct	0.071008413	0.07674146699719131	26025984.0	2	3992	1472	8	279
after	tso	r02	c/goblint-regression/13-privatized_37-traces-ex-4_true.yml	true	correct	0.077827505	0.08504261809866875	26021888.0	2	3112	1112	4	159
after	tso	r02	c/goblint-regression/13-privatized_38-traces-ex-4-switch_true.yml	true	correct	0.06590303	0.07245732902083546	26001408.0	2	3992	1472	8	279
after	tso	r02	c/goblint-regression/13-privatized_19-publish-precision_unknown_1_pos.yml	false(unreach-call)	correct	0.067411242	0.07562636502552778	26034176.0	0	2760	968	2	50
after	tso	r02	c/goblint-regression/13-privatized_19-publish-precision_unknown_2_pos.yml	false(unreach-call)	correct	0.058241019	0.06332256994210184	26013696.0	0	0	0	0	0
after	tso	r02	c/goblint-regression/13-privatized_19-publish-precision_unknown_1_neg.yml	false(unreach-call)	correct	0.066589968	0.06818889791611582	25952256.0	0	0	0	0	0
after	tso	r02	c/goblint-regression/13-privatized_19-publish-precision_unknown_2_neg.yml	false(unreach-call)	correct	0.065135189	0.07130948803387582	26038272.0	0	2760	968	2	50
after	tso	r02	c/goblint-regression/13-privatized_45-traces-per-global-and-current-lock-mine-incomparable_true.yml	true	correct	0.063895668	0.0683224550448358	25980928.0	2	3992	1472	6	357
after	tso	r02	c/goblint-regression/13-privatized_01-priv_nr_true.yml	true	correct	0.067504852	0.07228362502064556	26058752.0	2	3288	1184	4	252
after	tso	r02	c/goblint-regression/13-privatized_19-publish-precision_true.yml	true	correct	0.069515368	0.07332349591888487	25960448.0	3	3640	1328	8	401
after	tso	r02	c/goblint-regression/13-privatized_42-traces-ex-mini_true.yml	true	correct	0.06646163	0.07123371807392687	26009600.0	2	3816	1400	4	255
after	tso	r02	c/goblint-regression/13-privatized_33-traces-v-matters_true.yml	true	correct	0.05949514	0.06536682799924165	25907200.0	1	3816	1400	6	286
after	tso	r02	c/goblint-regression/13-privatized_25-struct_nr_true.yml	true	correct	0.066838908	0.07242553308606148	26042368.0	2	3288	1184	4	252
after	tso	r02	c/goblint-regression/13-privatized_69-refine-protected-loop-interval_true.yml	true	correct	0.06669948	0.07340518792625517	26107904.0	0	0	0	0	0
after	tso	r02	c/goblint-regression/36-apron_17-traces-rpb-litmus_unknown_1_neg.yml	false(unreach-call)	correct	0.064811865	0.06967390095815063	25964544.0	0	0	0	0	0
after	tso	r02	c/goblint-regression/13-privatized_31-traces-mine-vs-mutex_true.yml	true	correct	0.064187891	0.0684699050616473	26030080.0	4	4872	1832	12	646
after	tso	r02	c/goblint-regression/13-privatized_20-publish-regression_true.yml	true	correct	0.070969971	0.07695831393357366	26083328.0	2	2584	896	4	112
after	tso	r02	c/goblint-regression/13-privatized_30-traces-oplus-vs-meet_true.yml	true	correct	0.064692742	0.07047062402125448	26062848.0	2	4168	1544	8	346
after	tso	r02	c/goblint-regression/13-privatized_32-traces-mine-vs-oplus-vs-meet_true.yml	true	correct	0.066568879	0.07353162905201316	25976832.0	3	5752	2192	12	783
after	tso	r02	c/goblint-regression/13-privatized_34-traces-minepp-L-needs-to-be-um_true.yml	true	correct	0.068541134	0.0714390310458839	26062848.0	1	2936	1040	4	119
after	tso	r02	c/goblint-regression/13-privatized_68-pfscan_protected_loop_minimal_interval_true.yml	true	correct	0.066832903	0.07125403592363	26013696.0	0	0	0	0	0
after	tso	r02	c/goblint-regression/13-privatized_29-multiple-protecting2-vesal_true.yml	true	correct	0.065858721	0.07035909395199269	26079232.0	4	5928	2264	12	988
after	tso	r02	c/goblint-regression/13-privatized_24-multiple-protecting_true.yml	true	correct	0.071742973	0.07756487000733614	26124288.0	7	9624	3776	24	8593
after	tso	r02	c/goblint-regression/36-apron_21-traces-cluster-based_true.yml	true	correct	0.071740496	0.07409495895262808	26148864.0	6	6632	2552	26	2014
after	tso	r02	c/goblint-regression/36-apron_22-traces-write-centered-vs-meet-mutex_true_no-overflow.yml	true	correct	0.069991266	0.07737096003256738	26091520.0	1	0	0	0	0
after	tso	r02	c/goblint-regression/13-privatized_27-multiple-protecting2_true.yml	true	correct	0.079450399	0.08552414609584957	26087424.0	26	11208	4424	72	25988
after	tso	r02	c/pthread-ext/14_spin2003.yml	true	correct	0.066408024	0.07143199595157057	25948160.0	0	0	0	0	0
after	tso	r02	c/pthread-ext/29_conditionals_vs.yml	true	correct	0.069690727	0.07623054797295481	25874432.0	0	0	0	0	0
after	tso	r02	c/pthread-ext/48_ticket_lock_low_contention_vs-pthread.yml	true	correct	0.067643694	0.07333074405323714	25931776.0	0	0	0	0	0
after	tso	r02	c/pthread-ext/46_monabsex2_vs.yml	true	correct	0.064414055	0.06740212207660079	25960448.0	0	0	0	0	0
after	tso	r02	c/pthread-ext/45_monabsex1_vs.yml	true	correct	0.062629247	0.06741607305593789	26009600.0	0	0	0	0	0
after	tso	r02	c/pthread/stateful01-1.yml	false(unreach-call)	correct	0.06679026	0.07099905889481306	26079232.0	0	5928	2264	4	625
after	tso	r02	c/pthread/stateful01-2.yml	true	correct	0.071187665	0.07640705397352576	26050560.0	6	6104	2336	12	2074
after	tso	r02	c/pthread-atomic/time_var_mutex.yml	true	correct	0.069583165	0.07464345498010516	26050560.0	2	5400	2048	4	524
after	tso	r02	c/pthread-ext/01b_inc.yml	true	correct	0.070162807	0.0764744570478797	26001408.0	0	0	0	0	0
after	tso	r02	c/pthread/triangular-1.yml	true	correct	8.167116898	8.178224347997457	26132480.0	16632	24472	9856	43036	35610116
after	tso	r02	c/pthread/triangular-2.yml	false(unreach-call)	correct	1.898847119	1.9042008160613477	26042368.0	3638	24472	9856	10316	8402826
after	tso	r02	c/pthread-ext/02_inc_cas.yml	true	correct	0.071117401	0.07432936294935644	25993216.0	0	0	0	0	0
after	tso	r02	c/goblint-regression/28-race_reach_21-deref_read_racing.yml	false(unreach-call)	correct	3.707184172	3.7236253740265965	56717312.0	0	0	0	0	0
after	tso	r02	c/pthread-ext/48_ticket_lock_low_contention_vs.yml	true	correct	0.066907144	0.07372956001199782	25993216.0	0	0	0	0	0
after	tso	r02	c/goblint-regression/28-race_reach_37-indirect_racing.yml	TIMEOUT	error	61.013753807	61.062130755977705	1057189888.0					
after	tso	r02	c/goblint-regression/28-race_reach_45-escape_racing.yml	false(unreach-call)	correct	0.067015296	0.07460389495827258	26034176.0	0	3816	1400	2	106
after	tso	r02	c/goblint-regression/28-race_reach_46-escape_racefree.yml	true	correct	0.06899237	0.07398090197239071	26005504.0	2	3464	1256	4	191
after	tso	r02	c/goblint-regression/28-race_reach_01-simple_racing.yml	TIMEOUT	error	61.0243598	61.05712625395972	1057177600.0					
after	tso	r02	c/goblint-regression/28-race_reach_11-ptr_racing.yml	TIMEOUT	error	61.030503082	61.05860892101191	1057181696.0					
after	tso	r02	c/pthread-deagle/circular_buffer_bad.yml	false(unreach-call)	correct	0.0744488	0.08354573207907379	26173440.0	1	30456	12304	14	18669
after	tso	r02	c/pthread/fib_safe-5.yml	true	correct	6.804390148	6.956694980035536	26099712.0	2772	171736	70112	6884	50861919
after	tso	r02	c/pthread/fib_safe-6.yml	true	correct	33.98076355	34.203359623090364	26038272.0	12012	248008	101320	29036	288430537
after	tso	r02	c/pthread/fib_unsafe-5.yml	false(unreach-call)	correct	1.889848175	1.8987392330309376	26083328.0	632	171736	70112	1880	13786133
after	tso	r02	c/pthread/fib_unsafe-6.yml	false(unreach-call)	correct	10.027347039	10.094600376905873	26046464.0	2942	248008	101320	8244	81433459
after	tso	r02	c/pthread/fib_unsafe-7.yml	false(unreach-call)	correct	48.580496582	48.61747426597867	26107904.0	13238	281448	115000	35572	455400086
after	tso	r02	c/goblint-regression/28-race_reach_24-sound_lock_racing.yml	TIMEOUT	error	60.803110504	61.05350699496921	1057165312.0					
after	tso	r02	c/pthread/lazy01.yml	false(unreach-call)	correct	0.062171049	0.06683832593262196	26136576.0	1	5048	1904	6	497
after	tso	r02	c/pthread-deagle/circular_buffer_ok.yml	true	correct	4.331053034	4.3409104780294	26087424.0	3432	163992	66944	6864	28061574
after	tso	r02	c/pthread-atomic/szymanski.yml	true	correct	0.070060756	0.0786974000511691	25956352.0	6	5576	2120	62	2270
after	tso	r02	c/pthread-atomic/dekker.yml	true	correct	0.063398607	0.07070377795025706	26083328.0	4	5928	2264	14	937
after	tso	r02	c/pthread-atomic/dekker-unfair.yml	true	correct	0.071294787	0.07594098499976099	26107904.0	4	5928	2264	14	937
after	tso	r02	c/pthread-theta/unwind3-1.yml	false(unreach-call)	correct	0.066235002	0.07249531906563789	26087424.0	1	3640	1328	2	118
after	tso	r02	c/pthread-theta/exponential-nondet.yml	true	correct	0.064656526	0.07277084805537015	26099712.0	1	0	0	0	0
after	tso	r02	c/pthread-theta/unwind2-1.yml	false(unreach-call)	correct	0.063082658	0.07077965000644326	26087424.0	1	0	0	0	0
after	tso	r02	c/pthread-theta/unwind2-100.yml	false(unreach-call)	correct	0.06346643	0.07132627407554537	26140672.0	1	0	0	0	0
after	tso	r02	c/pthread/butterfly.yml	true	correct	18.438160477	18.473083267104812	26218496.0	64560	11032	4352	304114	44028054
after	tso	r02	c/pthread-ext/43_NetBSD_sysmon_power_sliced.yml	true	correct	0.068896997	0.07106510200537741	25956352.0	0	0	0	0	0
after	tso	r02	c/goblint-regression/28-race_reach_06-cond_racing1.yml	TIMEOUT	error	60.929582888	61.05803038994782	1057210368.0					
after	tso	r02	c/pthread/queue_ok.yml	true	correct	0.063434371	0.07094105693977326	26169344.0	2	161880	66080	4	46024
after	tso	r02	c/pthread/queue_ok_longer.yml	true	correct	1.071072023	1.0798265320481732	55455744.0	2	13851760	2864444	4	15503664
after	tso	r02	c/pthread/queue_ok_longest.yml	true	correct	4.686359752	4.692104508983903	242970624.0	2	54452288	11039476	4	61735070
after	tso	r02	c/pthread/queue_longer.yml	TIMEOUT	error	61.016988381	61.04624499299098	605626368.0					
after	tso	r02	c/pthread/queue.yml	false(unreach-call)	correct	0.096223748	0.0999514899449423	26161152.0	2	142168	58016	40	322450
after	tso	r02	c/pthread/singleton.yml	false(unreach-call)	correct	0.068138241	0.07472444896120578	26218496.0	1	8040	3128	8	1001
after	tso	r02	c/pthread/singleton_with-uninit-problems.yml	true	correct	0.069862948	0.07783224806189537	26263552.0	4	8216	3200	12	1722
after	tso	r02	c/pthread-C-DAC/pthread-demo-datarace-3.yml	false(unreach-call)	correct	0.144153613	0.14739434805233032	26087424.0	0	231288	94480	80	1076839
after	tso	r02	c/pthread/reorder_2.yml	false(unreach-call)	correct	0.151988024	0.1565026390599087	26148864.0	162	29400	11872	432	328668
after	tso	r02	c/pthread/twostage_3.yml	false(unreach-call)	correct	0.077326027	0.08455293707083911	26353664.0	4	35736	14464	30	29858
after	tso	r02	c/ldv-races/race-1_1-join.yml	true	correct	0.064953926	0.06985068100038916	26275840.0	1	0	0	0	0
after	tso	r02	c/ldv-races/race-1_3-join.yml	false(unreach-call)	correct	0.064902952	0.07042514509521425	26214400.0	1	4520	1688	2	189
after	tso	r02	c/ldv-races/race-1_2-join.yml	false(unreach-call)	correct	0.065156161	0.0728075799997896	26226688.0	1	4520	1688	2	189
after	tso	r02	c/ldv-races/race-4_1-thread_local_vars.yml	true	correct	0.065311856	0.07293929904699326	26345472.0	0	0	0	0	0
after	tso	r02	c/ldv-races/race-2_1-container_of.yml	true	correct	0.067678358	0.07549073395784944	26324992.0	1	0	0	0	0
after	tso	r02	c/ldv-races/race-3_1-container_of-global.yml	true	correct	0.067046156	0.07087417889852077	26349568.0	1	0	0	0	0
after	tso	r03	c/goblint-regression/13-privatized_66-mine-W-init_true.yml	true	correct	0.062147267	0.06769328599330038	25907200.0	1	0	0	0	0
after	tso	r03	c/goblint-regression/36-apron_41-threadenter-no-locals_unknown_1_pos.yml	false(unreach-call)	correct	0.070167947	0.07705982704646885	25935872.0	0	0	0	0	0
after	tso	r03	c/goblint-regression/36-apron_16-traces-unprot2_true.yml	true	correct	0.059627539	0.0650725819868967	25939968.0	1	0	0	0	0
after	tso	r03	c/goblint-regression/13-privatized_57-singlethreaded-unlock_true.yml	true	correct	0.060528722	0.06350186897907406	25903104.0	1	0	0	0	0
after	tso	r03	c/goblint-regression/13-privatized_47-refine-protected2_true.yml	true	correct	0.063040142	0.0686919599538669	25993216.0	2	2584	896	4	101
after	tso	r03	c/goblint-regression/13-privatized_46-refine-protected1_true.yml	true	correct	0.066573379	0.06781152996700257	25935872.0	1	0	0	0	0
after	tso	r03	c/goblint-regression/36-apron_11-traces-max-simple_true.yml	true	correct	0.063879042	0.06969988706987351	25907200.0	2	2584	896	4	101
after	tso	r03	c/goblint-regression/13-privatized_41-traces-ex-7_unknown_1_pos.yml	false(unreach-call)	correct	0.063467764	0.07199490908533335	26001408.0	0	2760	968	2	54
after	tso	r03	c/goblint-regression/13-privatized_41-traces-ex-7_unknown_1_neg.yml	false(unreach-call)	correct	0.06530322	0.07133101299405098	25968640.0	0	0	0	0	0
after	tso	r03	c/goblint-regression/13-privatized_40-traces-ex-6_true.yml	true	correct	0.058553885	0.06433217599987984	26013696.0	1	2936	1040	4	119
after	tso	r03	c/goblint-regression/13-privatized_58-singlethreaded-lock_true.yml	true	correct	0.069776749	0.0764540609670803	25923584.0	1	0	0	0	0
after	tso	r03	c/goblint-regression/13-privatized_44-traces-mine2_true.yml	true	correct	0.063711794	0.06752384500578046	25939968.0	1	2760	968	2	46
after	tso	r03	c/goblint-regression/13-privatized_18-first-reads_unknown_2_pos.yml	false(unreach-call)	correct	0.067290287	0.0723812070209533	26066944.0	0	1880	608	2	31
after	tso	r03	c/goblint-regression/13-privatized_18-first-reads_unknown_1_neg.yml	false(unreach-call)	correct	0.069383076	0.07265119405928999	25964544.0	0	1880	608	2	31
after	tso	r03	c/goblint-regression/13-privatized_36-traces-ex-3_true.yml	true	correct	0.066089206	0.07078224094584584	25899008.0	3	3640	1328	8	268
after	tso	r03	c/goblint-regression/13-privatized_18-first-reads_true.yml	true	correct	0.066134774	0.07109300594311208	26050560.0	2	2584	896	4	112
after	tso	r03	c/goblint-regression/13-privatized_35-traces-ex-2_true.yml	true	correct	0.069403784	0.07386324508115649	26042368.0	2	3992	1472	8	279
after	tso	r03	c/goblint-regression/13-privatized_37-traces-ex-4_true.yml	true	correct	0.063808907	0.06877958995755762	25915392.0	2	3112	1112	4	159
after	tso	r03	c/goblint-regression/13-privatized_38-traces-ex-4-switch_true.yml	true	correct	0.067121256	0.07193120801821351	25976832.0	2	3992	1472	8	279
after	tso	r03	c/goblint-regression/13-privatized_19-publish-precision_unknown_1_pos.yml	false(unreach-call)	correct	0.067235002	0.07047121599316597	26062848.0	0	2760	968	2	50
after	tso	r03	c/goblint-regression/13-privatized_19-publish-precision_unknown_2_pos.yml	false(unreach-call)	correct	0.066498419	0.07062198605854064	26066944.0	0	0	0	0	0
after	tso	r03	c/goblint-regression/13-privatized_19-publish-precision_unknown_1_neg.yml	false(unreach-call)	correct	0.066562363	0.07139777601696551	25964544.0	0	0	0	0	0
after	tso	r03	c/goblint-regression/13-privatized_19-publish-precision_unknown_2_neg.yml	false(unreach-call)	correct	0.074281911	0.07581215398386121	25989120.0	0	2760	968	2	50
after	tso	r03	c/goblint-regression/13-privatized_45-traces-per-global-and-current-lock-mine-incomparable_true.yml	true	correct	0.070003148	0.07174573093652725	26030080.0	2	3992	1472	6	357
after	tso	r03	c/goblint-regression/13-privatized_01-priv_nr_true.yml	true	correct	0.06850569	0.07536602998152375	25972736.0	2	3288	1184	4	252
after	tso	r03	c/goblint-regression/13-privatized_19-publish-precision_true.yml	true	correct	0.059705687	0.06649905303493142	26062848.0	3	3640	1328	8	401
after	tso	r03	c/goblint-regression/13-privatized_42-traces-ex-mini_true.yml	true	correct	0.057355329	0.06499938003253192	25997312.0	2	3816	1400	4	255
after	tso	r03	c/goblint-regression/13-privatized_33-traces-v-matters_true.yml	true	correct	0.067925203	0.0724642239511013	25935872.0	1	3816	1400	6	286
after	tso	r03	c/goblint-regression/13-privatized_25-struct_nr_true.yml	true	correct	0.066992205	0.07170179998502135	26079232.0	2	3288	1184	4	252
after	tso	r03	c/goblint-regression/13-privatized_69-refine-protected-loop-interval_true.yml	true	correct	0.066386379	0.07088716805446893	26062848.0	0	0	0	0	0
after	tso	r03	c/goblint-regression/36-apron_17-traces-rpb-litmus_unknown_1_neg.yml	false(unreach-call)	correct	0.06751212	0.06976045994088054	25952256.0	0	0	0	0	0
after	tso	r03	c/goblint-regression/13-privatized_31-traces-mine-vs-mutex_true.yml	true	correct	0.069922161	0.07505954208318144	26025984.0	4	4872	1832	12	646
after	tso	r03	c/goblint-regression/13-privatized_20-publish-regression_true.yml	true	correct	0.075156999	0.08459772693458945	26079232.0	2	2584	896	4	112
after	tso	r03	c/goblint-regression/13-privatized_30-traces-oplus-vs-meet_true.yml	true	correct	0.059389175	0.06406571494881064	26087424.0	2	4168	1544	8	346
after	tso	r03	c/goblint-regression/13-privatized_32-traces-mine-vs-oplus-vs-meet_true.yml	true	correct	0.063494038	0.07559521903749555	26062848.0	3	5752	2192	12	783
after	tso	r03	c/goblint-regression/13-privatized_34-traces-minepp-L-needs-to-be-um_true.yml	true	correct	0.075453954	0.08804644900374115	26071040.0	1	2936	1040	4	119
after	tso	r03	c/goblint-regression/13-privatized_68-pfscan_protected_loop_minimal_interval_true.yml	true	correct	0.068193651	0.07651208993047476	26116096.0	0	0	0	0	0
after	tso	r03	c/goblint-regression/13-privatized_29-multiple-protecting2-vesal_true.yml	true	correct	0.064425902	0.06971415400039405	26075136.0	4	5928	2264	12	988
after	tso	r03	c/goblint-regression/13-privatized_24-multiple-protecting_true.yml	true	correct	0.072577608	0.07494023500476032	25997312.0	7	9624	3776	24	8593
after	tso	r03	c/goblint-regression/36-apron_21-traces-cluster-based_true.yml	true	correct	0.073733562	0.07936714997049421	26099712.0	6	6632	2552	26	2014
after	tso	r03	c/goblint-regression/36-apron_22-traces-write-centered-vs-meet-mutex_true_no-overflow.yml	true	correct	0.066975372	0.07122286292724311	26071040.0	1	0	0	0	0
after	tso	r03	c/goblint-regression/13-privatized_27-multiple-protecting2_true.yml	true	correct	0.066902233	0.07175817608367652	26021888.0	26	11208	4424	72	25988
after	tso	r03	c/pthread-ext/14_spin2003.yml	true	correct	0.060461829	0.06644528801552951	25931776.0	0	0	0	0	0
after	tso	r03	c/pthread-ext/29_conditionals_vs.yml	true	correct	0.063911031	0.069592364015989	25964544.0	0	0	0	0	0
after	tso	r03	c/pthread-ext/48_ticket_lock_low_contention_vs-pthread.yml	true	correct	0.068051441	0.0735695919720456	26021888.0	0	0	0	0	0
after	tso	r03	c/pthread-ext/46_monabsex2_vs.yml	true	correct	0.069270651	0.07175243692472577	25964544.0	0	0	0	0	0
after	tso	r03	c/pthread-ext/45_monabsex1_vs.yml	true	correct	0.064706689	0.06979780492838472	25956352.0	0	0	0	0	0
after	tso	r03	c/pthread/stateful01-1.yml	false(unreach-call)	correct	0.071083931	0.07871590601280332	26054656.0	0	5928	2264	4	625
after	tso	r03	c/pthread/stateful01-2.yml	true	correct	0.073628279	0.08505936700385064	26112000.0	6	6104	2336	12	2074
after	tso	r03	c/pthread-atomic/time_var_mutex.yml	true	correct	0.070000979	0.08026254596188664	26157056.0	2	5400	2048	4	524
after	tso	r03	c/pthread-ext/01b_inc.yml	true	correct	0.057353261	0.06884545995853841	25935872.0	0	0	0	0	0
after	tso	r03	c/pthread/triangular-1.yml	true	correct	8.130926879	8.16906416497659	26021888.0	16632	24472	9856	43036	35610116
after	tso	r03	c/pthread/triangular-2.yml	false(unreach-call)	correct	1.904478658	1.9247131349984556	26025984.0	3638	24472	9856	10316	8402826
after	tso	r03	c/pthread-ext/02_inc_cas.yml	true	correct	0.069532284	0.08437105198390782	26046464.0	0	0	0	0	0
after	tso	r03	c/goblint-regression/28-race_reach_21-deref_read_racing.yml	false(unreach-call)	correct	3.241943828	3.26861662697047	56688640.0	0	0	0	0	0
after	tso	r03	c/pthread-ext/48_ticket_lock_low_contention_vs.yml	true	correct	0.072549906	0.07857325405348092	26054656.0	0	0	0	0	0
after	tso	r03	c/goblint-regression/28-race_reach_37-indirect_racing.yml	TIMEOUT	error	60.986600902	61.05819945898838	1057177600.0					
after	tso	r03	c/goblint-regression/28-race_reach_45-escape_racing.yml	false(unreach-call)	correct	0.067393382	0.07620244100689888	26071040.0	0	3816	1400	2	106
after	tso	r03	c/goblint-regression/28-race_reach_46-escape_racefree.yml	true	correct	0.059739693	0.06940708705224097	26046464.0	2	3464	1256	4	191
after	tso	r03	c/goblint-regression/28-race_reach_01-simple_racing.yml	TIMEOUT	error	61.038563334	61.05946529598441	1057177600.0					
after	tso	r03	c/goblint-regression/28-race_reach_11-ptr_racing.yml	TIMEOUT	error	61.034429876	61.06338265002705	1057136640.0					
after	tso	r03	c/pthread-deagle/circular_buffer_bad.yml	false(unreach-call)	correct	0.072198634	0.08338041708339006	26193920.0	1	30456	12304	14	18669
after	tso	r03	c/pthread/fib_safe-5.yml	true	correct	6.135465744	6.142570785013959	26091520.0	2772	171736	70112	6884	50861919
after	tso	r03	c/pthread/fib_safe-6.yml	true	correct	34.108323272	34.43969414604362	25997312.0	12012	248008	101320	29036	288430537
after	tso	r03	c/pthread/fib_unsafe-5.yml	false(unreach-call)	correct	1.890925904	1.9024769749958068	26087424.0	632	171736	70112	1880	13786133
after	tso	r03	c/pthread/fib_unsafe-6.yml	false(unreach-call)	correct	9.121957098	9.179540524026379	26099712.0	2942	248008	101320	8244	81433459
after	tso	r03	c/pthread/fib_unsafe-7.yml	false(unreach-call)	correct	48.591393021	48.637037607026286	26083328.0	13238	281448	115000	35572	455400086
after	tso	r03	c/goblint-regression/28-race_reach_24-sound_lock_racing.yml	TIMEOUT	error	61.024542619	61.053867852082476	1057193984.0					
after	tso	r03	c/pthread/lazy01.yml	false(unreach-call)	correct	0.062332326	0.0681561540113762	26124288.0	1	5048	1904	6	497
after	tso	r03	c/pthread-deagle/circular_buffer_ok.yml	true	correct	4.378049257	4.443602247978561	26132480.0	3432	163992	66944	6864	28061574
after	tso	r03	c/pthread-atomic/szymanski.yml	true	correct	0.067570365	0.07727731205523014	26013696.0	6	5576	2120	62	2270
after	tso	r03	c/pthread-atomic/dekker.yml	true	correct	0.068442879	0.07542211899999529	26005504.0	4	5928	2264	14	937
after	tso	r03	c/pthread-atomic/dekker-unfair.yml	true	correct	0.062568754	0.06941214401740581	26034176.0	4	5928	2264	14	937
after	tso	r03	c/pthread-theta/unwind3-1.yml	false(unreach-call)	correct	0.064714339	0.07384002406615764	26083328.0	1	3640	1328	2	118
after	tso	r03	c/pthread-theta/exponential-nondet.yml	true	correct	0.064089372	0.07152721204329282	26087424.0	1	0	0	0	0
after	tso	r03	c/pthread-theta/unwind2-1.yml	false(unreach-call)	correct	0.064514637	0.07577641995158046	26038272.0	1	0	0	0	0
after	tso	r03	c/pthread-theta/unwind2-100.yml	false(unreach-call)	correct	0.066337681	0.0765313629526645	26087424.0	1	0	0	0	0
after	tso	r03	c/pthread/butterfly.yml	true	correct	18.308426152	18.38150961906649	26152960.0	64560	11032	4352	304114	44028054
after	tso	r03	c/pthread-ext/43_NetBSD_sysmon_power_sliced.yml	true	correct	0.065053583	0.0705702219856903	25964544.0	0	0	0	0	0
after	tso	r03	c/goblint-regression/28-race_reach_06-cond_racing1.yml	TIMEOUT	error	61.030905065	61.062066826969385	1057185792.0					
after	tso	r03	c/pthread/queue_ok.yml	true	correct	0.074929092	0.08765580295585096	26169344.0	2	161880	66080	4	46024
after	tso	r03	c/pthread/queue_ok_longer.yml	true	correct	1.067864032	1.0743236140115187	55578624.0	2	13851760	2864444	4	15503664
after	tso	r03	c/pthread/queue_ok_longest.yml	true	correct	4.598195249	4.611135464976542	241311744.0	2	54452288	11039476	4	61735070
after	tso	r03	c/pthread/queue_longer.yml	TIMEOUT	error	61.019248714	61.05015064496547	607531008.0					
after	tso	r03	c/pthread/queue.yml	false(unreach-call)	correct	0.101694027	0.10727356094866991	26161152.0	2	142168	58016	40	322450
after	tso	r03	c/pthread/singleton.yml	false(unreach-call)	correct	0.071163951	0.07734150602482259	26226688.0	1	8040	3128	8	1001
after	tso	r03	c/pthread/singleton_with-uninit-problems.yml	true	correct	0.06912446	0.07678503205534071	26214400.0	4	8216	3200	12	1722
after	tso	r03	c/pthread-C-DAC/pthread-demo-datarace-3.yml	false(unreach-call)	correct	0.145628132	0.1531255649169907	26095616.0	0	231288	94480	80	1076839
after	tso	r03	c/pthread/reorder_2.yml	false(unreach-call)	correct	0.15480713	0.16152951901312917	26165248.0	162	29400	11872	432	328668
after	tso	r03	c/pthread/twostage_3.yml	false(unreach-call)	correct	0.078633547	0.08528741402551532	26349568.0	4	35736	14464	30	29858
after	tso	r03	c/ldv-races/race-1_1-join.yml	true	correct	0.067289892	0.0723280890379101	26214400.0	1	0	0	0	0
after	tso	r03	c/ldv-races/race-1_3-join.yml	false(unreach-call)	correct	0.069592363	0.0753087589982897	26230784.0	1	4520	1688	2	189
after	tso	r03	c/ldv-races/race-1_2-join.yml	false(unreach-call)	correct	0.073146499	0.07698171900119632	26214400.0	1	4520	1688	2	189
after	tso	r03	c/ldv-races/race-4_1-thread_local_vars.yml	true	correct	0.072501178	0.0777144719613716	26345472.0	0	0	0	0	0
after	tso	r03	c/ldv-races/race-2_1-container_of.yml	true	correct	0.071219217	0.078628852032125	26345472.0	1	0	0	0	0
after	tso	r03	c/ldv-races/race-3_1-container_of-global.yml	true	correct	0.070523423	0.07529607007745653	26349568.0	1	0	0	0	0
after	tso	r04	c/goblint-regression/13-privatized_66-mine-W-init_true.yml	true	correct	0.069233721	0.07304985099472106	25956352.0	1	0	0	0	0
after	tso	r04	c/goblint-regression/36-apron_41-threadenter-no-locals_unknown_1_pos.yml	false(unreach-call)	correct	0.073510962	0.07685358996968716	25903104.0	0	0	0	0	0
after	tso	r04	c/goblint-regression/36-apron_16-traces-unprot2_true.yml	true	correct	0.062481452	0.0729616469470784	25976832.0	1	0	0	0	0
after	tso	r04	c/goblint-regression/13-privatized_57-singlethreaded-unlock_true.yml	true	correct	0.06435397	0.0793229789705947	25968640.0	1	0	0	0	0
after	tso	r04	c/goblint-regression/13-privatized_47-refine-protected2_true.yml	true	correct	0.066792979	0.07590708893258125	25964544.0	2	2584	896	4	101
after	tso	r04	c/goblint-regression/13-privatized_46-refine-protected1_true.yml	true	correct	0.062327054	0.06791258102748543	25931776.0	1	0	0	0	0
after	tso	r04	c/goblint-regression/36-apron_11-traces-max-simple_true.yml	true	correct	0.074567472	0.07823399594053626	25976832.0	2	2584	896	4	101
after	tso	r04	c/goblint-regression/13-privatized_41-traces-ex-7_unknown_1_pos.yml	false(unreach-call)	correct	0.059450611	0.06698755698744208	25944064.0	0	2760	968	2	54
after	tso	r04	c/goblint-regression/13-privatized_41-traces-ex-7_unknown_1_neg.yml	false(unreach-call)	correct	0.065523483	0.07152388291433454	25960448.0	0	0	0	0	0
after	tso	r04	c/goblint-regression/13-privatized_40-traces-ex-6_true.yml	true	correct	0.058401222	0.06507375091314316	26062848.0	1	2936	1040	4	119
after	tso	r04	c/goblint-regression/13-privatized_58-singlethreaded-lock_true.yml	true	correct	0.062905285	0.07122824899852276	25919488.0	1	0	0	0	0
after	tso	r04	c/goblint-regression/13-privatized_44-traces-mine2_true.yml	true	correct	0.064628836	0.07197020703461021	25997312.0	1	2760	968	2	46
after	tso	r04	c/goblint-regression/13-privatized_18-first-reads_unknown_2_pos.yml	false(unreach-call)	correct	0.073600624	0.078168252017349	25964544.0	0	1880	608	2	31
after	tso	r04	c/goblint-regression/13-privatized_18-first-reads_unknown_1_neg.yml	false(unreach-call)	correct	0.060109183	0.0665502460906282	25952256.0	0	1880	608	2	31
after	tso	r04	c/goblint-regression/13-privatized_36-traces-ex-3_true.yml	true	correct	0.059703761	0.06547046091873199	26030080.0	3	3640	1328	8	268
after	tso	r04	c/goblint-regression/13-privatized_18-first-reads_true.yml	true	correct	0.06306144	0.06875078997109085	25952256.0	2	2584	896	4	112
after	tso	r04	c/goblint-regression/13-privatized_35-traces-ex-2_true.yml	true	correct	0.069482189	0.07230274402536452	26017792.0	2	3992	1472	8	279
after	tso	r04	c/goblint-regression/13-privatized_37-traces-ex-4_true.yml	true	correct	0.059883993	0.061606375966221094	25927680.0	2	3112	1112	4	159
after	tso	r04	c/goblint-regression/13-privatized_38-traces-ex-4-switch_true.yml	true	correct	0.067737449	0.07552639697678387	26046464.0	2	3992	1472	8	279
after	tso	r04	c/goblint-regression/13-privatized_19-publish-precision_unknown_1_pos.yml	false(unreach-call)	correct	0.060285586	0.06402067898306996	26021888.0	0	2760	968	2	50
after	tso	r04	c/goblint-regression/13-privatized_19-publish-precision_unknown_2_pos.yml	false(unreach-call)	correct	0.064267764	0.07195497606880963	25980928.0	0	0	0	0	0
after	tso	r04	c/goblint-regression/13-privatized_19-publish-precision_unknown_1_neg.yml	false(unreach-call)	correct	0.064853411	0.06984018592629582	25993216.0	0	0	0	0	0
after	tso	r04	c/goblint-regression/13-privatized_19-publish-precision_unknown_2_neg.yml	false(unreach-call)	correct	0.061332445	0.06323772901669145	26030080.0	0	2760	968	2	50
after	tso	r04	c/goblint-regression/13-privatized_45-traces-per-global-and-current-lock-mine-incomparable_true.yml	true	correct	0.064966897	0.06953843997325748	25944064.0	2	3992	1472	6	357
after	tso	r04	c/goblint-regression/13-privatized_01-priv_nr_true.yml	true	correct	0.055142938	0.06079452799167484	25952256.0	2	3288	1184	4	252
after	tso	r04	c/goblint-regression/13-privatized_19-publish-precision_true.yml	true	correct	0.068519908	0.07565241702832282	25976832.0	3	3640	1328	8	401
after	tso	r04	c/goblint-regression/13-privatized_42-traces-ex-mini_true.yml	true	correct	0.0687571	0.07573547307401896	25960448.0	2	3816	1400	4	255
after	tso	r04	c/goblint-regression/13-privatized_33-traces-v-matters_true.yml	true	correct	0.058719216	0.06768370897043496	25976832.0	1	3816	1400	6	286
after	tso	r04	c/goblint-regression/13-privatized_25-struct_nr_true.yml	true	correct	0.070812523	0.07840181398205459	26017792.0	2	3288	1184	4	252
after	tso	r04	c/goblint-regression/13-privatized_69-refine-protected-loop-interval_true.yml	true	correct	0.060553875	0.06470285006798804	26030080.0	0	0	0	0	0
after	tso	r04	c/goblint-regression/36-apron_17-traces-rpb-litmus_unknown_1_neg.yml	false(unreach-call)	correct	0.067414134	0.07518160599283874	25968640.0	0	0	0	0	0
after	tso	r04	c/goblint-regression/13-privatized_31-traces-mine-vs-mutex_true.yml	true	correct	0.067138572	0.07454003696329892	25968640.0	4	4872	1832	12	646
after	tso	r04	c/goblint-regression/13-privatized_20-publish-regression_true.yml	true	correct	0.05795552	0.06378691992722452	26005504.0	2	2584	896	4	112
after	tso	r04	c/goblint-regression/13-privatized_30-traces-oplus-vs-meet_true.yml	true	correct	0.065076927	0.07345300808083266	25948160.0	2	4168	1544	8	346
after	tso	r04	c/goblint-regression/13-privatized_32-traces-mine-vs-oplus-vs-meet_true.yml	true	correct	0.059470931	0.06951836007647216	26083328.0	3	5752	2192	12	783
after	tso	r04	c/goblint-regression/13-privatized_34-traces-minepp-L-needs-to-be-um_true.yml	true	correct	0.072541953	0.08114856900647283	25993216.0	1	2936	1040	4	119
after	tso	r04	c/goblint-regression/13-privatized_68-pfscan_protected_loop_minimal_interval_true.yml	true	correct	0.058962932	0.06768226507119834	26075136.0	0	0	0	0	0
after	tso	r04	c/goblint-regression/13-privatized_29-multiple-protecting2-vesal_true.yml	true	correct	0.067398491	0.07334777293726802	26066944.0	4	5928	2264	12	988
after	tso	r04	c/goblint-regression/13-privatized_24-multiple-protecting_true.yml	true	correct	0.069986366	0.07690489699598402	26103808.0	7	9624	3776	24	8593
after	tso	r04	c/goblint-regression/36-apron_21-traces-cluster-based_true.yml	true	correct	0.073475225	0.07984959799796343	26083328.0	6	6632	2552	26	2014
after	tso	r04	c/goblint-regression/36-apron_22-traces-write-centered-vs-meet-mutex_true_no-overflow.yml	true	correct	0.061313387	0.06895040499512106	26091520.0	1	0	0	0	0
after	tso	r04	c/goblint-regression/13-privatized_27-multiple-protecting2_true.yml	true	correct	0.079856061	0.08273498201742768	26013696.0	26	11208	4424	72	25988
after	tso	r04	c/pthread-ext/14_spin2003.yml	true	correct	0.059490884	0.06246079201810062	26021888.0	0	0	0	0	0
after	tso	r04	c/pthread-ext/29_conditionals_vs.yml	true	correct	0.065088269	0.0691443249816075	25927680.0	0	0	0	0	0
after	tso	r04	c/pthread-ext/48_ticket_lock_low_contention_vs-pthread.yml	true	correct	0.060697721	0.06467357103247195	26046464.0	0	0	0	0	0
after	tso	r04	c/pthread-ext/46_monabsex2_vs.yml	true	correct	0.065430968	0.07404655194841325	26013696.0	0	0	0	0	0
after	tso	r04	c/pthread-ext/45_monabsex1_vs.yml	true	correct	0.071172784	0.07546255795750767	26025984.0	0	0	0	0	0
after	tso	r04	c/pthread/stateful01-1.yml	false(unreach-call)	correct	0.069797653	0.0750189230311662	26046464.0	0	5928	2264	4	625
after	tso	r04	c/pthread/stateful01-2.yml	true	correct	0.061615012	0.06857103703077883	26062848.0	6	6104	2336	12	2074
after	tso	r04	c/pthread-atomic/time_var_mutex.yml	true	correct	0.056188595	0.06246719299815595	26042368.0	2	5400	2048	4	524
after	tso	r04	c/pthread-ext/01b_inc.yml	true	correct	0.067421055	0.06989230506587774	25960448.0	0	0	0	0	0
after	tso	r04	c/pthread/triangular-1.yml	true	correct	8.068045851	8.098737902007997	26128384.0	16632	24472	9856	43036	35610116
after	tso	r04	c/pthread/triangular-2.yml	false(unreach-call)	correct	1.835401246	1.8441753759980202	26013696.0	3638	24472	9856	10316	8402826
after	tso	r04	c/pthread-ext/02_inc_cas.yml	true	correct	0.065134569	0.06985070696100593	26066944.0	0	0	0	0	0
after	tso	r04	c/goblint-regression/28-race_reach_21-deref_read_racing.yml	false(unreach-call)	correct	3.671886948	3.690103464992717	56553472.0	0	0	0	0	0
after	tso	r04	c/pthread-ext/48_ticket_lock_low_contention_vs.yml	true	correct	0.065582266	0.07054646499454975	25972736.0	0	0	0	0	0
after	tso	r04	c/goblint-regression/28-race_reach_37-indirect_racing.yml	TIMEOUT	error	60.983063817	61.05732837493997	1057091584.0					
after	tso	r04	c/goblint-regression/28-race_reach_45-escape_racing.yml	false(unreach-call)	correct	0.072848127	0.07581562292762101	26083328.0	0	3816	1400	2	106
after	tso	r04	c/goblint-regression/28-race_reach_46-escape_racefree.yml	true	correct	0.064061695	0.0731230869423598	26009600.0	2	3464	1256	4	191
after	tso	r04	c/goblint-regression/28-race_reach_01-simple_racing.yml	TIMEOUT	error	60.983267955	61.05913733295165	1057173504.0					
after	tso	r04	c/goblint-regression/28-race_reach_11-ptr_racing.yml	TIMEOUT	error	61.035619701	61.05943412007764	1057173504.0					
after	tso	r04	c/pthread-deagle/circular_buffer_bad.yml	false(unreach-call)	correct	0.074027164	0.07733029604423791	26091520.0	1	30456	12304	14	18669
after	tso	r04	c/pthread/fib_safe-5.yml	true	correct	6.791747294	6.859693442936987	25968640.0	2772	171736	70112	6884	50861919
after	tso	r04	c/pthread/fib_safe-6.yml	true	correct	34.200629672	34.254356320016086	25964544.0	12012	248008	101320	29036	288430537
after	tso	r04	c/pthread/fib_unsafe-5.yml	false(unreach-call)	correct	1.888531765	1.8983518790919334	26083328.0	632	171736	70112	1880	13786133
after	tso	r04	c/pthread/fib_unsafe-6.yml	false(unreach-call)	correct	9.980440417	10.00186452397611	25993216.0	2942	248008	101320	8244	81433459
after	tso	r04	c/pthread/fib_unsafe-7.yml	false(unreach-call)	correct	48.496374378	48.54145905806217	26062848.0	13238	281448	115000	35572	455400086
after	tso	r04	c/goblint-regression/28-race_reach_24-sound_lock_racing.yml	TIMEOUT	error	61.021463971	61.05454554094467	1057157120.0					
after	tso	r04	c/pthread/lazy01.yml	false(unreach-call)	correct	0.069784187	0.07466949091758579	26095616.0	1	5048	1904	6	497
after	tso	r04	c/pthread-deagle/circular_buffer_ok.yml	true	correct	4.346091195	4.365555279073305	26087424.0	3432	163992	66944	6864	28061574
after	tso	r04	c/pthread-atomic/szymanski.yml	true	correct	0.071550844	0.07791544892825186	26058752.0	6	5576	2120	62	2270
after	tso	r04	c/pthread-atomic/dekker.yml	true	correct	0.063485339	0.0708659189986065	25952256.0	4	5928	2264	14	937
after	tso	r04	c/pthread-atomic/dekker-unfair.yml	true	correct	0.063547395	0.0738612610148266	26087424.0	4	5928	2264	14	937
after	tso	r04	c/pthread-theta/unwind3-1.yml	false(unreach-call)	correct	0.06782106	0.0752151960041374	26087424.0	1	3640	1328	2	118
after	tso	r04	c/pthread-theta/exponential-nondet.yml	true	correct	0.06461135	0.07141021906863898	26087424.0	1	0	0	0	0
after	tso	r04	c/pthread-theta/unwind2-1.yml	false(unreach-call)	correct	0.067786187	0.07317602797411382	26107904.0	1	0	0	0	0
after	tso	r04	c/pthread-theta/unwind2-100.yml	false(unreach-call)	correct	0.065952749	0.0699808249482885	26079232.0	1	0	0	0	0
after	tso	r04	c/pthread/butterfly.yml	true	correct	18.501468998	18.62997104600072	26189824.0	64560	11032	4352	304114	44028054
after	tso	r04	c/pthread-ext/43_NetBSD_sysmon_power_sliced.yml	true	correct	0.063766283	0.06964448897633702	25956352.0	0	0	0	0	0
after	tso	r04	c/goblint-regression/28-race_reach_06-cond_racing1.yml	TIMEOUT	error	61.039459257	61.06001077697147	1057157120.0					
after	tso	r04	c/pthread/queue_ok.yml	true	correct	0.067920855	0.0747644550865516	26218496.0	2	161880	66080	4	46024
after	tso	r04	c/pthread/queue_ok_longer.yml	true	correct	1.075684259	1.0823879999807104	55566336.0	2	13851760	2864444	4	15503664
after	tso	r04	c/pthread/queue_ok_longest.yml	true	correct	4.658442598	4.66783440602012	241332224.0	2	54452288	11039476	4	61735070
after	tso	r04	c/pthread/queue_longer.yml	TIMEOUT	error	61.014672535	61.05053224507719	603836416.0					
after	tso	r04	c/pthread/queue.yml	false(unreach-call)	correct	0.095428679	0.10286950797308236	26189824.0	2	142168	58016	40	322450
after	tso	r04	c/pthread/singleton.yml	false(unreach-call)	correct	0.06639082	0.07387176400516182	26222592.0	1	8040	3128	8	1001
after	tso	r04	c/pthread/singleton_with-uninit-problems.yml	true	correct	0.070636972	0.07594558491837233	26226688.0	4	8216	3200	12	1722
after	tso	r04	c/pthread-C-DAC/pthread-demo-datarace-3.yml	false(unreach-call)	correct	0.141846677	0.1492537559242919	26005504.0	0	231288	94480	80	1076839
after	tso	r04	c/pthread/reorder_2.yml	false(unreach-call)	correct	0.153017677	0.15919339109677821	26218496.0	162	29400	11872	432	328668
after	tso	r04	c/pthread/twostage_3.yml	false(unreach-call)	correct	0.075961006	0.08287511998787522	26345472.0	4	35736	14464	30	29858
after	tso	r04	c/ldv-races/race-1_1-join.yml	true	correct	0.066019388	0.0733813940314576	26214400.0	1	0	0	0	0
after	tso	r04	c/ldv-races/race-1_3-join.yml	false(unreach-call)	correct	0.066033089	0.07263000099919736	26222592.0	1	4520	1688	2	189
after	tso	r04	c/ldv-races/race-1_2-join.yml	false(unreach-call)	correct	0.06307135	0.06522631796542555	26292224.0	1	4520	1688	2	189
after	tso	r04	c/ldv-races/race-4_1-thread_local_vars.yml	true	correct	0.067450425	0.07331582996994257	26345472.0	0	0	0	0	0
after	tso	r04	c/ldv-races/race-2_1-container_of.yml	true	correct	0.065894262	0.0737903380068019	26345472.0	1	0	0	0	0
after	tso	r04	c/ldv-races/race-3_1-container_of-global.yml	true	correct	0.068856313	0.0747798839583993	26345472.0	1	0	0	0	0
after	pso	r01	c/goblint-regression/13-privatized_66-mine-W-init_true.yml	true	correct	0.066976723	0.07561191008426249	25948160.0	1	0	0	0	0
after	pso	r01	c/goblint-regression/36-apron_41-threadenter-no-locals_unknown_1_pos.yml	false(unreach-call)	correct	0.065110717	0.07084459497127682	25886720.0	0	0	0	0	0
after	pso	r01	c/goblint-regression/36-apron_16-traces-unprot2_true.yml	true	correct	0.064863696	0.06631206697784364	25980928.0	1	0	0	0	0
after	pso	r01	c/goblint-regression/13-privatized_57-singlethreaded-unlock_true.yml	true	correct	0.067638686	0.07046415004879236	25956352.0	1	1544	464	2	6
after	pso	r01	c/goblint-regression/13-privatized_47-refine-protected2_true.yml	true	correct	0.065366303	0.07046927500050515	25985024.0	2	3128	1112	20	171
after	pso	r01	c/goblint-regression/13-privatized_46-refine-protected1_true.yml	true	correct	0.068060941	0.07427952298894525	25968640.0	1	2952	1040	8	47
after	pso	r01	c/goblint-regression/36-apron_11-traces-max-simple_true.yml	true	correct	0.06785981	0.07318018795922399	26046464.0	2	3304	1184	20	171
after	pso	r01	c/goblint-regression/13-privatized_41-traces-ex-7_unknown_1_pos.yml	false(unreach-call)	correct	0.058237003	0.06314578803721815	25952256.0	0	2776	968	2	44
after	pso	r01	c/goblint-regression/13-privatized_41-traces-ex-7_unknown_1_neg.yml	false(unreach-call)	correct	0.068859853	0.07179661106783897	25964544.0	0	0	0	0	0
after	pso	r01	c/goblint-regression/13-privatized_40-traces-ex-6_true.yml	true	correct	0.066354625	0.0688700060127303	25960448.0	1	4184	1544	16	159
after	pso	r01	c/goblint-regression/13-privatized_58-singlethreaded-lock_true.yml	true	correct	0.068185667	0.07201442995574325	25952256.0	1	1544	464	2	6
after	pso	r01	c/goblint-regression/13-privatized_44-traces-mine2_true.yml	true	correct	0.069540598	0.07168065500445664	26050560.0	1	4184	1544	6	69
after	pso	r01	c/goblint-regression/13-privatized_18-first-reads_unknown_2_pos.yml	false(unreach-call)	correct	0.065330553	0.07032507797703147	25976832.0	0	1896	608	2	27
after	pso	r01	c/goblint-regression/13-privatized_18-first-reads_unknown_1_neg.yml	false(unreach-call)	correct	0.063742765	0.07005377800669521	26025984.0	0	1896	608	2	27
after	pso	r01	c/goblint-regression/13-privatized_36-traces-ex-3_true.yml	true	correct	0.058991009	0.060898956027813256	26017792.0	3	4360	1616	54	666
after	pso	r01	c/goblint-regression/13-privatized_18-first-reads_true.yml	true	correct	0.068462235	0.07469312695320696	26038272.0	2	3304	1184	20	209
after	pso	r01	c/goblint-regression/13-privatized_35-traces-ex-2_true.yml	true	correct	0.0721349	0.07935983291827142	26030080.0	2	4888	1832	60	766
after	pso	r01	c/goblint-regression/13-privatized_37-traces-ex-4_true.yml	true	correct	0.071929936	0.07902422605548054	26071040.0	2	4888	1832	56	604
after	pso	r01	c/goblint-regression/13-privatized_38-traces-ex-4-switch_true.yml	true	correct	0.075763355	0.0787621570052579	26062848.0	2	4888	1832	60	761
after	pso	r01	c/goblint-regression/13-privatized_19-publish-precision_unknown_1_pos.yml	false(unreach-call)	correct	0.065811619	0.07065878505818546	25968640.0	0	2776	968	2	43
after	pso	r01	c/goblint-regression/13-privatized_19-publish-precision_unknown_2_pos.yml	false(unreach-call)	correct	0.070899531	0.07798657903913409	26005504.0	0	0	0	0	0
after	pso	r01	c/goblint-regression/13-privatized_19-publish-precision_unknown_1_neg.yml	false(unreach-call)	correct	0.06607864	0.07141345692798495	25964544.0	0	0	0	0	0
after	pso	r01	c/goblint-regression/13-privatized_19-publish-precision_unknown_2_neg.yml	false(unreach-call)	correct	0.060359201	0.06324668892193586	25960448.0	0	2776	968	2	43
after	pso	r01	c/goblint-regression/13-privatized_45-traces-per-global-and-current-lock-mine-incomparable_true.yml	true	correct	0.070777678	0.07717748393770307	25956352.0	2	4888	1832	58	797
after	pso	r01	c/goblint-regression/13-privatized_01-priv_nr_true.yml	true	correct	0.070452555	0.07532556995283812	26087424.0	2	4360	1616	20	590
after	pso	r01	c/goblint-regression/13-privatized_19-publish-precision_true.yml	true	correct	0.070727457	0.07337596593424678	26030080.0	3	4536	1688	66	1041
after	pso	r01	c/goblint-regression/13-privatized_42-traces-ex-mini_true.yml	true	correct	0.065324978	0.0703756840666756	25931776.0	2	5064	1904	40	596
after	pso	r01	c/goblint-regression/13-privatized_33-traces-v-matters_true.yml	true	correct	0.058154488	0.06383762089535594	26021888.0	1	5240	1976	20	306
after	pso	r01	c/goblint-regression/13-privatized_25-struct_nr_true.yml	true	correct	0.07180802	0.07498749694786966	26034176.0	2	4360	1616	20	590
after	pso	r01	c/goblint-regression/13-privatized_69-refine-protected-loop-interval_true.yml	true	correct	0.068473228	0.07118577405344695	26091520.0	0	2248	752	2	13
after	pso	r01	c/goblint-regression/36-apron_17-traces-rpb-litmus_unknown_1_neg.yml	false(unreach-call)	correct	0.06721319	0.07140997692476958	26087424.0	0	0	0	0	0
after	pso	r01	c/goblint-regression/13-privatized_31-traces-mine-vs-mutex_true.yml	true	correct	0.074558051	0.08018823992460966	26050560.0	4	5768	2192	168	2572
after	pso	r01	c/goblint-regression/13-privatized_20-publish-regression_true.yml	true	correct	0.071674175	0.07746784889604896	25985024.0	2	4712	1760	36	597
after	pso	r01	c/goblint-regression/13-privatized_30-traces-oplus-vs-meet_true.yml	true	correct	0.070443242	0.0753136919811368	26095616.0	2	5064	1904	60	981
after	pso	r01	c/goblint-regression/13-privatized_32-traces-mine-vs-oplus-vs-meet_true.yml	true	correct	0.071311631	0.07883110200054944	26009600.0	3	6824	2624	152	3063
after	pso	r01	c/goblint-regression/13-privatized_34-traces-minepp-L-needs-to-be-um_true.yml	true	correct	0.059172727	0.06649915198795497	26054656.0	1	5416	2048	24	292
after	pso	r01	c/goblint-regression/13-privatized_68-pfscan_protected_loop_minimal_interval_true.yml	true	correct	0.07207224	0.07645345292985439	26087424.0	0	2248	752	2	13
after	pso	r01	c/goblint-regression/13-privatized_29-multiple-protecting2-vesal_true.yml	true	correct	0.075051774	0.07945370604284108	26083328.0	4	6824	2624	176	3243
after	pso	r01	c/goblint-regression/13-privatized_24-multiple-protecting_true.yml	true	correct	0.103661855	0.10647172608878464	26120192.0	7	10520	4136	852	23592
after	pso	r01	c/goblint-regression/36-apron_21-traces-cluster-based_true.yml	true	correct	0.074418965	0.08155905199237168	26030080.0	6	6648	2552	172	3116
after	pso	r01	c/goblint-regression/36-apron_22-traces-write-centered-vs-meet-mutex_true_no-overflow.yml	true	correct	0.069577982	0.0764623429859057	26021888.0	1	0	0	0	0
after	pso	r01	c/goblint-regression/13-privatized_27-multiple-protecting2_true.yml	true	correct	0.193842162	0.2002706640632823	26107904.0	26	11224	4424	3092	82273
after	pso	r01	c/pthread-ext/14_spin2003.yml	true	correct	0.056078294	0.0595882770139724	25976832.0	0	2600	896	2	8
after	pso	r01	c/pthread-ext/29_conditionals_vs.yml	true	correct	0.070296039	0.07357234600931406	25948160.0	0	0	0	0	0
after	pso	r01	c/pthread-ext/48_ticket_lock_low_contention_vs-pthread.yml	true	correct	0.067821625	0.06980767799541354	26021888.0	0	2600	896	2	8
after	pso	r01	c/pthread-ext/46_monabsex2_vs.yml	true	correct	0.067700783	0.07256105891428888	26030080.0	0	4184	1544	18	137
after	pso	r01	c/pthread-ext/45_monabsex1_vs.yml	true	correct	0.06551789	0.07212307699956	26038272.0	0	3304	1184	8	57
after	pso	r01	c/pthread/stateful01-1.yml	false(unreach-call)	correct	0.071841074	0.07712453498970717	26095616.0	0	6824	2624	20	941
after	pso	r01	c/pthread/stateful01-2.yml	true	correct	0.078432811	0.08679590991232544	26030080.0	6	6824	2624	246	4314
after	pso	r01	c/pthread-atomic/time_var_mutex.yml	true	correct	0.059392396	0.06124116003047675	26185728.0	2	6296	2408	44	1007
after	pso	r01	c/pthread-ext/01b_inc.yml	true	correct	0.067883468	0.07344156596809626	26013696.0	0	4184	1544	10	129
after	pso	r01	c/pthread/triangular-1.yml	TIMEOUT	error	60.972512983	61.013553104014136	26103808.0					
after	pso	r01	c/pthread/triangular-2.yml	false(unreach-call)	correct	21.716348206	21.767717098002322	26083328.0	3638	24488	9856	493952	14750405
after	pso	r01	c/pthread-ext/02_inc_cas.yml	true	correct	0.070894023	0.07494032103568316	26021888.0	0	0	0	0	0
after	pso	r01	c/goblint-regression/28-race_reach_21-deref_read_racing.yml	false(unreach-call)	correct	3.097086793	3.1154349599964917	56545280.0	0	0	0	0	0
after	pso	r01	c/pthread-ext/48_ticket_lock_low_contention_vs.yml	true	correct	0.073509485	0.08743763202801347	26066944.0	0	4888	1832	8	99
after	pso	r01	c/goblint-regression/28-race_reach_37-indirect_racing.yml	TIMEOUT	error	61.039959073	61.06187174702063	1057177600.0					
after	pso	r01	c/goblint-regression/28-race_reach_45-escape_racing.yml	false(unreach-call)	correct	0.065373432	0.07265816698782146	26038272.0	0	3832	1400	2	78
after	pso	r01	c/goblint-regression/28-race_reach_46-escape_racefree.yml	true	correct	0.070884107	0.07381935801822692	26095616.0	2	5592	2120	56	977
after	pso	r01	c/goblint-regression/28-race_reach_01-simple_racing.yml	TIMEOUT	error	61.031646867	61.05407088797074	1057177600.0					
after	pso	r01	c/goblint-regression/28-race_reach_11-ptr_racing.yml	TIMEOUT	error	61.031098371	61.05671259597875	1057153024.0					
after	pso	r01	c/pthread-deagle/circular_buffer_bad.yml	false(unreach-call)	correct	0.103742078	0.1098011159338057	26079232.0	1	31880	12880	476	37904
after	pso	r01	c/pthread/fib_safe-5.yml	TIMEOUT	error	60.969130376	61.00963760796003	26042368.0					
after	pso	r01	c/pthread/fib_safe-6.yml	TIMEOUT	error	60.96802338	61.01177949900739	26079232.0					
after	pso	r01	c/pthread/fib_unsafe-5.yml	false(unreach-call)	correct	14.881266648	14.894696008996107	26087424.0	632	171752	70112	96526	11518678
after	pso	r01	c/pthread/fib_unsafe-6.yml	TIMEOUT	error	60.978885502	61.010680489009246	26083328.0					
after	pso	r01	c/pthread/fib_unsafe-7.yml	TIMEOUT	error	60.882239273	61.01177317998372	26103808.0					
after	pso	r01	c/goblint-regression/28-race_reach_24-sound_lock_racing.yml	TIMEOUT	error	61.041660971	61.05846608104184	1057079296.0					
after	pso	r01	c/pthread/lazy01.yml	false(unreach-call)	correct	0.062378747	0.06955030199605972	26099712.0	1	5592	2120	36	861
after	pso	r01	c/pthread-deagle/circular_buffer_ok.yml	TIMEOUT	error	60.977544044	61.012029299046844	26087424.0					
after	pso	r01	c/pthread-atomic/szymanski.yml	true	correct	0.069835462	0.07412469608243555	26087424.0	6	5944	2264	756	9033
after	pso	r01	c/pthread-atomic/dekker.yml	true	correct	0.061789158	0.0683979419991374	26087424.0	4	6648	2552	70	1568
after	pso	r01	c/pthread-atomic/dekker-unfair.yml	true	correct	0.062903684	0.06609475403092802	26087424.0	4	6648	2552	74	1600
after	pso	r01	c/pthread-theta/unwind3-1.yml	false(unreach-call)	correct	0.069374683	0.07259113108739257	26087424.0	1	3656	1328	6	187
after	pso	r01	c/pthread-theta/exponential-nondet.yml	true	correct	0.062178488	0.065837498055771	26054656.0	1	0	0	0	0
after	pso	r01	c/pthread-theta/unwind2-1.yml	false(unreach-call)	correct	0.0545124	0.06025101104751229	26185728.0	1	3656	1328	6	63
after	pso	r01	c/pthread-theta/unwind2-100.yml	false(unreach-call)	correct	0.064186241	0.07100638502743095	26087424.0	1	3656	1328	6	63
after	pso	r01	c/pthread/butterfly.yml	true	correct	26.903141428	26.91874017799273	26214400.0	64560	11224	4424	694890	54985280
after	pso	r01	c/pthread-ext/43_NetBSD_sysmon_power_sliced.yml	true	correct	0.065138754	0.06983570207376033	26042368.0	0	0	0	0	0
after	pso	r01	c/goblint-regression/28-race_reach_06-cond_racing1.yml	TIMEOUT	error	61.042831222	61.06077856908087	1057165312.0					
after	pso	r01	c/pthread/queue_ok.yml	true	correct	0.077246628	0.08297361608128995	26165248.0	2	534328	218456	34	133711
after	pso	r01	c/pthread/queue_ok_longer.yml	true	correct	3.963167659	3.974050622084178	125579264.0	2	44133960	5872240	34	49930431
after	pso	r01	c/pthread/queue_ok_longest.yml	true	correct	19.85278213	19.87081733206287	471904256.0	2	174022760	22622640	34	203270106
after	pso	r01	c/pthread/queue_longer.yml	TIMEOUT	error	60.987390367	61.01808647706639	81219584.0					
after	pso	r01	c/pthread/queue.yml	false(unreach-call)	correct	1.096539433	1.1031502280384302	26296320.0	2	145000	59168	5918	2074810
after	pso	r01	c/pthread/singleton.yml	false(unreach-call)	correct	0.064421446	0.07238460204098374	26333184.0	1	8760	3416	40	1331
after	pso	r01	c/pthread/singleton_with-uninit-problems.yml	true	correct	0.067770372	0.07554307405371219	26308608.0	4	8936	3488	130	3400
after	pso	r01	c/pthread-C-DAC/pthread-demo-datarace-3.yml	false(unreach-call)	correct	0.140075696	0.14749010500963777	26030080.0	0	231304	94480	80	930799
after	pso	r01	c/pthread/reorder_2.yml	false(unreach-call)	correct	0.620605031	0.6261334400624037	26152960.0	162	29416	11872	12692	778472
after	pso	r01	c/pthread/twostage_3.yml	false(unreach-call)	correct	0.081769621	0.08606894395779818	26349568.0	4	36104	14608	138	38625
after	pso	r01	c/ldv-races/race-1_1-join.yml	true	correct	0.05850927	0.060689202044159174	26214400.0	1	3304	1184	6	30
after	pso	r01	c/ldv-races/race-1_3-join.yml	false(unreach-call)	correct	0.062677238	0.07001298200339079	26243072.0	1	5416	2048	26	546
after	pso	r01	c/ldv-races/race-1_2-join.yml	false(unreach-call)	correct	0.065021177	0.06898207904305309	26218496.0	1	5416	2048	26	546
after	pso	r01	c/ldv-races/race-4_1-thread_local_vars.yml	true	correct	0.068398594	0.0756051269127056	26345472.0	0	0	0	0	0
after	pso	r01	c/ldv-races/race-2_1-container_of.yml	true	correct	0.065959188	0.06958377594128251	26345472.0	1	0	0	0	0
after	pso	r01	c/ldv-races/race-3_1-container_of-global.yml	true	correct	0.067267348	0.07421388500370085	26345472.0	1	0	0	0	0
after	pso	r02	c/goblint-regression/13-privatized_66-mine-W-init_true.yml	true	correct	0.07135261	0.0763198989443481	25980928.0	1	0	0	0	0
after	pso	r02	c/goblint-regression/36-apron_41-threadenter-no-locals_unknown_1_pos.yml	false(unreach-call)	correct	0.062919906	0.06939661910291761	25985024.0	0	0	0	0	0
after	pso	r02	c/goblint-regression/36-apron_16-traces-unprot2_true.yml	true	correct	0.068958445	0.07079973293002695	25915392.0	1	0	0	0	0
after	pso	r02	c/goblint-regression/13-privatized_57-singlethreaded-unlock_true.yml	true	correct	0.06907888	0.07250864489469677	26034176.0	1	1544	464	2	6
after	pso	r02	c/goblint-regression/13-privatized_47-refine-protected2_true.yml	true	correct	0.072877731	0.0756375000346452	26005504.0	2	3128	1112	20	171
after	pso	r02	c/goblint-regression/13-privatized_46-refine-protected1_true.yml	true	correct	0.064680408	0.06906392599921674	25980928.0	1	2952	1040	8	47
after	pso	r02	c/goblint-regression/36-apron_11-traces-max-simple_true.yml	true	correct	0.069158487	0.07206261996179819	25956352.0	2	3304	1184	20	171
after	pso	r02	c/goblint-regression/13-privatized_41-traces-ex-7_unknown_1_pos.yml	false(unreach-call)	correct	0.055307734	0.06289749208372086	25927680.0	0	2776	968	2	44
after	pso	r02	c/goblint-regression/13-privatized_41-traces-ex-7_unknown_1_neg.yml	false(unreach-call)	correct	0.07106336	0.0879582860507071	26038272.0	0	0	0	0	0
after	pso	r02	c/goblint-regression/13-privatized_40-traces-ex-6_true.yml	true	correct	0.065163523	0.0779121860396117	25952256.0	1	4184	1544	16	159
after	pso	r02	c/goblint-regression/13-privatized_58-singlethreaded-lock_true.yml	true	correct	0.065875394	0.07117482693865895	25964544.0	1	1544	464	2	6
after	pso	r02	c/goblint-regression/13-privatized_44-traces-mine2_true.yml	true	correct	0.074241534	0.07885734201408923	26005504.0	1	4184	1544	6	69
after	pso	r02	c/goblint-regression/13-privatized_18-first-reads_unknown_2_pos.yml	false(unreach-call)	correct	0.055597477	0.06223560799844563	25989120.0	0	1896	608	2	27
after	pso	r02	c/goblint-regression/13-privatized_18-first-reads_unknown_1_neg.yml	false(unreach-call)	correct	0.066149486	0.06891441904008389	25997312.0	0	1896	608	2	27
after	pso	r02	c/goblint-regression/13-privatized_36-traces-ex-3_true.yml	true	correct	0.067877886	0.07108323893044144	25935872.0	3	4360	1616	54	666
after	pso	r02	c/goblint-regression/13-privatized_18-first-reads_true.yml	true	correct	0.071011051	0.07365727901924402	25964544.0	2	3304	1184	20	209
after	pso	r02	c/goblint-regression/13-privatized_35-traces-ex-2_true.yml	true	correct	0.074813235	0.0793536800192669	26013696.0	2	4888	1832	60	766
after	pso	r02	c/goblint-regression/13-privatized_37-traces-ex-4_true.yml	true	correct	0.060533461	0.0679055560613051	26050560.0	2	4888	1832	56	604
after	pso	r02	c/goblint-regression/13-privatized_38-traces-ex-4-switch_true.yml	true	correct	0.060697658	0.06601518299430609	26062848.0	2	4888	1832	60	761
after	pso	r02	c/goblint-regression/13-privatized_19-publish-precision_unknown_1_pos.yml	false(unreach-call)	correct	0.067551011	0.07225300907157362	26046464.0	0	2776	968	2	43
after	pso	r02	c/goblint-regression/13-privatized_19-publish-precision_unknown_2_pos.yml	false(unreach-call)	correct	0.064222416	0.06878364202566445	26021888.0	0	0	0	0	0
after	pso	r02	c/goblint-regression/13-privatized_19-publish-precision_unknown_1_neg.yml	false(unreach-call)	correct	0.070000968	0.07250185101293027	26038272.0	0	0	0	0	0
after	pso	r02	c/goblint-regression/13-privatized_19-publish-precision_unknown_2_neg.yml	false(unreach-call)	correct	0.066390792	0.07114676001947373	26050560.0	0	2776	968	2	43
after	pso	r02	c/goblint-regression/13-privatized_45-traces-per-global-and-current-lock-mine-incomparable_true.yml	true	correct	0.072628754	0.07610937999561429	26062848.0	2	4888	1832	58	797
after	pso	r02	c/goblint-regression/13-privatized_01-priv_nr_true.yml	true	correct	0.063485829	0.07141177193261683	26091520.0	2	4360	1616	20	590
after	pso	r02	c/goblint-regression/13-privatized_19-publish-precision_true.yml	true	correct	0.067057083	0.07548475707881153	26075136.0	3	4536	1688	66	1041
after	pso	r02	c/goblint-regression/13-privatized_42-traces-ex-mini_true.yml	true	correct	0.062374889	0.06827862397767603	26021888.0	2	5064	1904	40	596
after	pso	r02	c/goblint-regression/13-privatized_33-traces-v-matters_true.yml	true	correct	0.072418836	0.0767137169605121	26021888.0	1	5240	1976	20	306
after	pso	r02	c/goblint-regression/13-privatized_25-struct_nr_true.yml	true	correct	0.068554263	0.07452588493470103	25985024.0	2	4360	1616	20	590
after	pso	r02	c/goblint-regression/13-privatized_69-refine-protected-loop-interval_true.yml	true	correct	0.068897088	0.07312339905183762	26075136.0	0	2248	752	2	13
after	pso	r02	c/goblint-regression/36-apron_17-traces-rpb-litmus_unknown_1_neg.yml	false(unreach-call)	correct	0.061875311	0.06559485103935003	25935872.0	0	0	0	0	0
after	pso	r02	c/goblint-regression/13-privatized_31-traces-mine-vs-mutex_true.yml	true	correct	0.073370416	0.0773340769810602	26030080.0	4	5768	2192	168	2572
after	pso	r02	c/goblint-regression/13-privatized_20-publish-regression_true.yml	true	correct	0.058710615	0.06502661400008947	26058752.0	2	4712	1760	36	597
after	pso	r02	c/goblint-regression/13-privatized_30-traces-oplus-vs-meet_true.yml	true	correct	0.069068896	0.07459860993549228	26075136.0	2	5064	1904	60	981
after	pso	r02	c/goblint-regression/13-privatized_32-traces-mine-vs-oplus-vs-meet_true.yml	true	correct	0.063308766	0.0690472029382363	26058752.0	3	6824	2624	152	3063
after	pso	r02	c/goblint-regression/13-privatized_34-traces-minepp-L-needs-to-be-um_true.yml	true	correct	0.06968206	0.07487274904269725	26079232.0	1	5416	2048	24	292
after	pso	r02	c/goblint-regression/13-privatized_68-pfscan_protected_loop_minimal_interval_true.yml	true	correct	0.074442021	0.07620454102288932	26075136.0	0	2248	752	2	13
after	pso	r02	c/goblint-regression/13-privatized_29-multiple-protecting2-vesal_true.yml	true	correct	0.072100628	0.07745546102523804	26038272.0	4	6824	2624	176	3243
after	pso	r02	c/goblint-regression/13-privatized_24-multiple-protecting_true.yml	true	correct	0.102249566	0.10392399597913027	26128384.0	7	10520	4136	852	23592
after	pso	r02	c/goblint-regression/36-apron_21-traces-cluster-based_true.yml	true	correct	0.071540322	0.07619005092419684	26062848.0	6	6648	2552	172	3116
after	pso	r02	c/goblint-regression/36-apron_22-traces-write-centered-vs-meet-mutex_true_no-overflow.yml	true	correct	0.07023526	0.0737884771078825	26058752.0	1	0	0	0	0
after	pso	r02	c/goblint-regression/13-privatized_27-multiple-protecting2_true.yml	true	correct	0.161344773	0.1689065130194649	26157056.0	26	11224	4424	3092	82273
after	pso	r02	c/pthread-ext/14_spin2003.yml	true	correct	0.073195185	0.07976249000057578	25989120.0	0	2600	896	2	8
after	pso	r02	c/pthread-ext/29_conditionals_vs.yml	true	correct	0.069789736	0.07397476502228528	25960448.0	0	0	0	0	0
after	pso	r02	c/pthread-ext/48_ticket_lock_low_contention_vs-pthread.yml	true	correct	0.068068469	0.07362878590356559	25956352.0	0	2600	896	2	8
after	pso	r02	c/pthread-ext/46_monabsex2_vs.yml	true	correct	0.069396892	0.07287688297219574	26066944.0	0	4184	1544	18	137
after	pso	r02	c/pthread-ext/45_monabsex1_vs.yml	true	correct	0.069641872	0.07502195297274739	26001408.0	0	3304	1184	8	57
after	pso	r02	c/pthread/stateful01-1.yml	false(unreach-call)	correct	0.068247854	0.07313920499291271	26050560.0	0	6824	2624	20	941
after	pso	r02	c/pthread/stateful01-2.yml	true	correct	0.063887996	0.06985293806064874	26161152.0	6	6824	2624	246	4314
after	pso	r02	c/pthread-atomic/time_var_mutex.yml	true	correct	0.079848856	0.08383107103873044	26161152.0	2	6296	2408	44	1007
after	pso	r02	c/pthread-ext/01b_inc.yml	true	correct	0.064711059	0.06919105001725256	26009600.0	0	4184	1544	10	129
after	pso	r02	c/pthread/triangular-1.yml	TIMEOUT	error	60.975056196	61.00843081204221	26030080.0					
after	pso	r02	c/pthread/triangular-2.yml	false(unreach-call)	correct	21.475790883	21.489786611986347	26083328.0	3638	24488	9856	493952	14750405
after	pso	r02	c/pthread-ext/02_inc_cas.yml	true	correct	0.066677626	0.07234693493228406	25964544.0	0	0	0	0	0
after	pso	r02	c/goblint-regression/28-race_reach_21-deref_read_racing.yml	false(unreach-call)	correct	3.104847375	3.1163508490426466	56684544.0	0	0	0	0	0
after	pso	r02	c/pthread-ext/48_ticket_lock_low_contention_vs.yml	true	correct	0.057810699	0.0646535309497267	26087424.0	0	4888	1832	8	99
after	pso	r02	c/goblint-regression/28-race_reach_37-indirect_racing.yml	TIMEOUT	error	61.040602151	61.06284798902925	1057165312.0					
after	pso	r02	c/goblint-regression/28-race_reach_45-escape_racing.yml	false(unreach-call)	correct	0.070697183	0.07786992599721998	26062848.0	0	3832	1400	2	78
after	pso	r02	c/goblint-regression/28-race_reach_46-escape_racefree.yml	true	correct	0.068142039	0.07311362191103399	26034176.0	2	5592	2120	56	977
after	pso	r02	c/goblint-regression/28-race_reach_01-simple_racing.yml	TIMEOUT	error	60.983460561	61.058400845038705	1057067008.0					
after	pso	r02	c/goblint-regression/28-race_reach_11-ptr_racing.yml	TIMEOUT	error	61.016965965	61.05968985101208	1057181696.0					
after	pso	r02	c/pthread-deagle/circular_buffer_bad.yml	false(unreach-call)	correct	0.103665222	0.10702747805044055	26091520.0	1	31880	12880	476	37904
after	pso	r02	c/pthread/fib_safe-5.yml	TIMEOUT	error	60.977808743	61.011776502011344	26025984.0					
after	pso	r02	c/pthread/fib_safe-6.yml	TIMEOUT	error	60.976399737	61.011251242947765	26009600.0					
after	pso	r02	c/pthread/fib_unsafe-5.yml	false(unreach-call)	correct	14.763372769	14.774078455986455	26087424.0	632	171752	70112	96526	11518678
after	pso	r02	c/pthread/fib_unsafe-6.yml	TIMEOUT	error	60.975305466	61.010694004944526	26083328.0					
after	pso	r02	c/pthread/fib_unsafe-7.yml	TIMEOUT	error	60.978324363	61.01345474203117	26083328.0					
after	pso	r02	c/goblint-regression/28-race_reach_24-sound_lock_racing.yml	TIMEOUT	error	61.041738996	61.05936810490675	1057148928.0					
after	pso	r02	c/pthread/lazy01.yml	false(unreach-call)	correct	0.057797815	0.07010471192188561	26095616.0	1	5592	2120	36	861
after	pso	r02	c/pthread-deagle/circular_buffer_ok.yml	TIMEOUT	error	60.896578095	61.01289642602205	26152960.0					
after	pso	r02	c/pthread-atomic/szymanski.yml	true	correct	0.07282816	0.07572915393393487	26087424.0	6	5944	2264	756	9033
after	pso	r02	c/pthread-atomic/dekker.yml	true	correct	0.063462547	0.07086378510575742	26071040.0	4	6648	2552	70	1568
after	pso	r02	c/pthread-atomic/dekker-unfair.yml	true	correct	0.060348031	0.06711140798870474	26087424.0	4	6648	2552	74	1600
after	pso	r02	c/pthread-theta/unwind3-1.yml	false(unreach-call)	correct	0.064100431	0.06999147299211472	26095616.0	1	3656	1328	6	187
after	pso	r02	c/pthread-theta/exponential-nondet.yml	true	correct	0.066005606	0.06916167493909597	26091520.0	1	0	0	0	0
after	pso	r02	c/pthread-theta/unwind2-1.yml	false(unreach-call)	correct	0.060848684	0.06500179693102837	26165248.0	1	3656	1328	6	63
after	pso	r02	c/pthread-theta/unwind2-100.yml	false(unreach-call)	correct	0.062325825	0.06993492098990828	26095616.0	1	3656	1328	6	63
after	pso	r02	c/pthread/butterfly.yml	true	correct	26.751025004	26.7690246560378	26234880.0	64560	11224	4424	694890	54985280
after	pso	r02	c/pthread-ext/43_NetBSD_sysmon_power_sliced.yml	true	correct	0.060277027	0.06713532307185233	25993216.0	0	0	0	0	0
after	pso	r02	c/goblint-regression/28-race_reach_06-cond_racing1.yml	TIMEOUT	error	61.039516702	61.05947316507809	1057177600.0					
after	pso	r02	c/pthread/queue_ok.yml	true	correct	0.07942766	0.08711504202801734	26275840.0	2	534328	218456	34	133711
after	pso	r02	c/pthread/queue_ok_longer.yml	true	correct	3.956268074	3.9636975770117715	125571072.0	2	44133960	5872240	34	49930431
after	pso	r02	c/pthread/queue_ok_longest.yml	true	correct	19.597814769	19.6082379729487	485236736.0	2	174022760	22622640	34	203270106
after	pso	r02	c/pthread/queue_longer.yml	TIMEOUT	error	60.989025034	61.014538960997015	81555456.0					
after	pso	r02	c/pthread/queue.yml	false(unreach-call)	correct	1.100808438	1.1091431509703398	26308608.0	2	145000	59168	5918	2074810
after	pso	r02	c/pthread/singleton.yml	false(unreach-call)	correct	0.070427785	0.07737275399267673	26218496.0	1	8760	3416	40	1331
after	pso	r02	c/pthread/singleton_with-uninit-problems.yml	true	correct	0.072307138	0.07962140103336424	26296320.0	4	8936	3488	130	3400
after	pso	r02	c/pthread-C-DAC/pthread-demo-datarace-3.yml	false(unreach-call)	correct	0.150057142	0.15725814295001328	26087424.0	0	231304	94480	80	930799
after	pso	r02	c/pthread/reorder_2.yml	false(unreach-call)	correct	0.630555839	0.6356990729691461	26222592.0	162	29416	11872	12692	778472
after	pso	r02	c/pthread/twostage_3.yml	false(unreach-call)	correct	0.081857021	0.0895435920683667	26353664.0	4	36104	14608	138	38625
after	pso	r02	c/ldv-races/race-1_1-join.yml	true	correct	0.065033012	0.07217705808579922	26279936.0	1	3304	1184	6	30
after	pso	r02	c/ldv-races/race-1_3-join.yml	false(unreach-call)	correct	0.066255346	0.07305863697547466	26218496.0	1	5416	2048	26	546
after	pso	r02	c/ldv-races/race-1_2-join.yml	false(unreach-call)	correct	0.06698752	0.0737916169455275	26222592.0	1	5416	2048	26	546
after	pso	r02	c/ldv-races/race-4_1-thread_local_vars.yml	true	correct	0.072042842	0.07593455503229052	26300416.0	0	0	0	0	0
after	pso	r02	c/ldv-races/race-2_1-container_of.yml	true	correct	0.067313699	0.07392156892456114	26345472.0	1	0	0	0	0
after	pso	r02	c/ldv-races/race-3_1-container_of-global.yml	true	correct	0.065479169	0.07198334811255336	26353664.0	1	0	0	0	0
after	pso	r03	c/goblint-regression/13-privatized_66-mine-W-init_true.yml	true	correct	0.075955334	0.07899098901543766	25956352.0	1	0	0	0	0
after	pso	r03	c/goblint-regression/36-apron_41-threadenter-no-locals_unknown_1_pos.yml	false(unreach-call)	correct	0.076979329	0.08052291697822511	25952256.0	0	0	0	0	0
after	pso	r03	c/goblint-regression/36-apron_16-traces-unprot2_true.yml	true	correct	0.070782337	0.07720027898903936	25960448.0	1	0	0	0	0
after	pso	r03	c/goblint-regression/13-privatized_57-singlethreaded-unlock_true.yml	true	correct	0.071722109	0.07868890091776848	25927680.0	1	1544	464	2	6
after	pso	r03	c/goblint-regression/13-privatized_47-refine-protected2_true.yml	true	correct	0.069627954	0.07423156895674765	25956352.0	2	3128	1112	20	171
after	pso	r03	c/goblint-regression/13-privatized_46-refine-protected1_true.yml	true	correct	0.060143859	0.06579633802175522	25939968.0	1	2952	1040	8	47
after	pso	r03	c/goblint-regression/36-apron_11-traces-max-simple_true.yml	true	correct	0.057780008	0.06820361595600843	25976832.0	2	3304	1184	20	171
after	pso	r03	c/goblint-regression/13-privatized_41-traces-ex-7_unknown_1_pos.yml	false(unreach-call)	correct	0.064437733	0.07763344992417842	25944064.0	0	2776	968	2	44
after	pso	r03	c/goblint-regression/13-privatized_41-traces-ex-7_unknown_1_neg.yml	false(unreach-call)	correct	0.074525209	0.07967919297516346	25993216.0	0	0	0	0	0
after	pso	r03	c/goblint-regression/13-privatized_40-traces-ex-6_true.yml	true	correct	0.077387119	0.08196591900195926	25939968.0	1	4184	1544	16	159
after	pso	r03	c/goblint-regression/13-privatized_58-singlethreaded-lock_true.yml	true	correct	0.071960018	0.0803872870747	26030080.0	1	1544	464	2	6
after	pso	r03	c/goblint-regression/13-privatized_44-traces-mine2_true.yml	true	correct	0.070277558	0.07700939907226712	25948160.0	1	4184	1544	6	69
after	pso	r03	c/goblint-regression/13-privatized_18-first-reads_unknown_2_pos.yml	false(unreach-call)	correct	0.061024908	0.06367384095210582	25964544.0	0	1896	608	2	27
after	pso	r03	c/goblint-regression/13-privatized_18-first-reads_unknown_1_neg.yml	false(unreach-call)	correct	0.067260398	0.07289598300121725	25968640.0	0	1896	608	2	27
after	pso	r03	c/goblint-regression/13-privatized_36-traces-ex-3_true.yml	true	correct	0.059828398	0.06348465289920568	26038272.0	3	4360	1616	54	666
after	pso	r03	c/goblint-regression/13-privatized_18-first-reads_true.yml	true	correct	0.066911088	0.07528792298398912	25968640.0	2	3304	1184	20	209
after	pso	r03	c/goblint-regression/13-privatized_35-traces-ex-2_true.yml	true	correct	0.081106436	0.08956881100311875	25956352.0	2	4888	1832	60	766
after	pso	r03	c/goblint-regression/13-privatized_37-traces-ex-4_true.yml	true	correct	0.076055106	0.07897291495464742	26005504.0	2	4888	1832	56	604
after	pso	r03	c/goblint-regression/13-privatized_38-traces-ex-4-switch_true.yml	true	correct	0.075146446	0.08217592805158347	25980928.0	2	4888	1832	60	761
after	pso	r03	c/goblint-regression/13-privatized_19-publish-precision_unknown_1_pos.yml	false(unreach-call)	correct	0.060339592	0.06755138200242072	25989120.0	0	2776	968	2	43
after	pso	r03	c/goblint-regression/13-privatized_19-publish-precision_unknown_2_pos.yml	false(unreach-call)	correct	0.070102499	0.07543365901801735	26083328.0	0	0	0	0	0
after	pso	r03	c/goblint-regression/13-privatized_19-publish-precision_unknown_1_neg.yml	false(unreach-call)	correct	0.05616399	0.06400743802078068	25964544.0	0	0	0	0	0
after	pso	r03	c/goblint-regression/13-privatized_19-publish-precision_unknown_2_neg.yml	false(unreach-call)	correct	0.069539863	0.07457673002500087	26071040.0	0	2776	968	2	43
after	pso	r03	c/goblint-regression/13-privatized_45-traces-per-global-and-current-lock-mine-incomparable_true.yml	true	correct	0.070169146	0.07353725598659366	26009600.0	2	4888	1832	58	797
after	pso	r03	c/goblint-regression/13-privatized_01-priv_nr_true.yml	true	correct	0.070263678	0.07303873903583735	25976832.0	2	4360	1616	20	590
after	pso	r03	c/goblint-regression/13-privatized_19-publish-precision_true.yml	true	correct	0.074335342	0.08781282103154808	25985024.0	3	4536	1688	66	1041
after	pso	r03	c/goblint-regression/13-privatized_42-traces-ex-mini_true.yml	true	correct	0.069369621	0.07574505894444883	26025984.0	2	5064	1904	40	596
after	pso	r03	c/goblint-regression/13-privatized_33-traces-v-matters_true.yml	true	correct	0.058639218	0.0651965249562636	26021888.0	1	5240	1976	20	306
after	pso	r03	c/goblint-regression/13-privatized_25-struct_nr_true.yml	true	correct	0.06169658	0.06920931104104966	26103808.0	2	4360	1616	20	590
after	pso	r03	c/goblint-regression/13-privatized_69-refine-protected-loop-interval_true.yml	true	correct	0.069906438	0.07540674996562302	26021888.0	0	2248	752	2	13
after	pso	r03	c/goblint-regression/36-apron_17-traces-rpb-litmus_unknown_1_neg.yml	false(unreach-call)	correct	0.069493558	0.07699636998586357	26062848.0	0	0	0	0	0
after	pso	r03	c/goblint-regression/13-privatized_31-traces-mine-vs-mutex_true.yml	true	correct	0.07059324	0.07643820205703378	26046464.0	4	5768	2192	168	2572
after	pso	r03	c/goblint-regression/13-privatized_20-publish-regression_true.yml	true	correct	0.06783226	0.07462522701825947	26050560.0	2	4712	1760	36	597
after	pso	r03	c/goblint-regression/13-privatized_30-traces-oplus-vs-meet_true.yml	true	correct	0.072456834	0.07847893889993429	26058752.0	2	5064	1904	60	981
after	pso	r03	c/goblint-regression/13-privatized_32-traces-mine-vs-oplus-vs-meet_true.yml	true	correct	0.077058005	0.0825941190123558	26079232.0	3	6824	2624	152	3063
after	pso	r03	c/goblint-regression/13-privatized_34-traces-minepp-L-needs-to-be-um_true.yml	true	correct	0.06608877	0.07091106800362468	26071040.0	1	5416	2048	24	292
after	pso	r03	c/goblint-regression/13-privatized_68-pfscan_protected_loop_minimal_interval_true.yml	true	correct	0.059908274	0.06703684898093343	26087424.0	0	2248	752	2	13
after	pso	r03	c/goblint-regression/13-privatized_29-multiple-protecting2-vesal_true.yml	true	correct	0.07866207	0.08929486898705363	26009600.0	4	6824	2624	176	3243
after	pso	r03	c/goblint-regression/13-privatized_24-multiple-protecting_true.yml	true	correct	0.101835726	0.10739136300981045	26128384.0	7	10520	4136	852	23592
after	pso	r03	c/goblint-regression/36-apron_21-traces-cluster-based_true.yml	true	correct	0.073965799	0.0799487589392811	26165248.0	6	6648	2552	172	3116
after	pso	r03	c/goblint-regression/36-apron_22-traces-write-centered-vs-meet-mutex_true_no-overflow.yml	true	correct	0.074409636	0.08159398194402456	26112000.0	1	0	0	0	0
after	pso	r03	c/goblint-regression/13-privatized_27-multiple-protecting2_true.yml	true	correct	0.199901449	0.20825242495629936	26091520.0	26	11224	4424	3092	82273
after	pso	r03	c/pthread-ext/14_spin2003.yml	true	correct	0.062814069	0.07162444305140525	26025984.0	0	2600	896	2	8
after	pso	r03	c/pthread-ext/29_conditionals_vs.yml	true	correct	0.055969448	0.061166433966718614	25980928.0	0	0	0	0	0
after	pso	r03	c/pthread-ext/48_ticket_lock_low_contention_vs-pthread.yml	true	correct	0.059445033	0.06651540996972471	25985024.0	0	2600	896	2	8
after	pso	r03	c/pthread-ext/46_monabsex2_vs.yml	true	correct	0.072206732	0.07796458108350635	25935872.0	0	4184	1544	18	137
after	pso	r03	c/pthread-ext/45_monabsex1_vs.yml	true	correct	0.064612487	0.07098026701714844	25956352.0	0	3304	1184	8	57
after	pso	r03	c/pthread/stateful01-1.yml	false(unreach-call)	correct	0.070170313	0.07762449991423637	26103808.0	0	6824	2624	20	941
after	pso	r03	c/pthread/stateful01-2.yml	true	correct	0.076037466	0.08309855498373508	26038272.0	6	6824	2624	246	4314
after	pso	r03	c/pthread-atomic/time_var_mutex.yml	true	correct	0.063298996	0.07638772402424365	26128384.0	2	6296	2408	44	1007
after	pso	r03	c/pthread-ext/01b_inc.yml	true	correct	0.059911475	0.0731700659962371	25980928.0	0	4184	1544	10	129
after	pso	r03	c/pthread/triangular-1.yml	TIMEOUT	error	60.973157536	61.0085010509938	26124288.0					
after	pso	r03	c/pthread/triangular-2.yml	false(unreach-call)	correct	21.629964787	21.64925343694631	26103808.0	3638	24488	9856	493952	14750405
after	pso	r03	c/pthread-ext/02_inc_cas.yml	true	correct	0.067199222	0.07837869192007929	26025984.0	0	0	0	0	0
after	pso	r03	c/goblint-regression/28-race_reach_21-deref_read_racing.yml	false(unreach-call)	correct	3.155450414	3.177975625032559	56561664.0	0	0	0	0	0
after	pso	r03	c/pthread-ext/48_ticket_lock_low_contention_vs.yml	true	correct	0.069449439	0.07641151710413396	26066944.0	0	4888	1832	8	99
after	pso	r03	c/goblint-regression/28-race_reach_37-indirect_racing.yml	TIMEOUT	error	61.040455055	61.05780750699341	1057206272.0					
after	pso	r03	c/goblint-regression/28-race_reach_45-escape_racing.yml	false(unreach-call)	correct	0.059155285	0.06843784893862903	26001408.0	0	3832	1400	2	78
after	pso	r03	c/goblint-regression/28-race_reach_46-escape_racefree.yml	true	correct	0.064965597	0.0712004549568519	26030080.0	2	5592	2120	56	977
after	pso	r03	c/goblint-regression/28-race_reach_01-simple_racing.yml	TIMEOUT	error	61.039331114	61.05728262499906	1057054720.0					
after	pso	r03	c/goblint-regression/28-race_reach_11-ptr_racing.yml	TIMEOUT	error	61.039069995	61.05934129899833	1057067008.0					
after	pso	r03	c/pthread-deagle/circular_buffer_bad.yml	false(unreach-call)	correct	0.085475321	0.09246778301894665	26087424.0	1	31880	12880	476	37904
after	pso	r03	c/pthread/fib_safe-5.yml	TIMEOUT	error	60.976854531	61.014167304034345	26005504.0					
after	pso	r03	c/pthread/fib_safe-6.yml	TIMEOUT	error	60.855388426	61.00975790701341	26091520.0					
after	pso	r03	c/pthread/fib_unsafe-5.yml	false(unreach-call)	correct	14.900770125	14.914662190014496	26103808.0	632	171752	70112	96526	11518678
after	pso	r03	c/pthread/fib_unsafe-6.yml	TIMEOUT	error	60.977417389	61.01226949098054	26112000.0					
after	pso	r03	c/pthread/fib_unsafe-7.yml	TIMEOUT	error	60.975833253	61.00852357002441	26075136.0					
after	pso	r03	c/goblint-regression/28-race_reach_24-sound_lock_racing.yml	TIMEOUT	error	61.042807011	61.061991453985684	1057079296.0					
after	pso	r03	c/pthread/lazy01.yml	false(unreach-call)	correct	0.057898254	0.07295256399083883	26095616.0	1	5592	2120	36	861
after	pso	r03	c/pthread-deagle/circular_buffer_ok.yml	TIMEOUT	error	60.978275802	61.012072686920874	26218496.0					
after	pso	r03	c/pthread-atomic/szymanski.yml	true	correct	0.073330033	0.07846228592097759	26136576.0	6	5944	2264	756	9033
after	pso	r03	c/pthread-atomic/dekker.yml	true	correct	0.063901439	0.07184616103768349	26087424.0	4	6648	2552	70	1568
after	pso	r03	c/pthread-atomic/dekker-unfair.yml	true	correct	0.061800197	0.06788539804983884	26030080.0	4	6648	2552	74	1600
after	pso	r03	c/pthread-theta/unwind3-1.yml	false(unreach-call)	correct	0.064279003	0.0700427129631862	26087424.0	1	3656	1328	6	187
after	pso	r03	c/pthread-theta/exponential-nondet.yml	true	correct	0.054577598	0.05878695799037814	26062848.0	1	0	0	0	0
after	pso	r03	c/pthread-theta/unwind2-1.yml	false(unreach-call)	correct	0.063834786	0.07049852900672704	26087424.0	1	3656	1328	6	63
after	pso	r03	c/pthread-theta/unwind2-100.yml	false(unreach-call)	correct	0.06186958	0.06700305396225303	26087424.0	1	3656	1328	6	63
after	pso	r03	c/pthread/butterfly.yml	true	correct	26.955130484	26.97423632792197	26165248.0	64560	11224	4424	694890	54985280
after	pso	r03	c/pthread-ext/43_NetBSD_sysmon_power_sliced.yml	true	correct	0.065616674	0.07043633901048452	25960448.0	0	0	0	0	0
after	pso	r03	c/goblint-regression/28-race_reach_06-cond_racing1.yml	TIMEOUT	error	60.938666789	61.056182169006206	1057153024.0					
after	pso	r03	c/pthread/queue_ok.yml	true	correct	0.079482616	0.08368092402815819	26288128.0	2	534328	218456	34	133711
after	pso	r03	c/pthread/queue_ok_longer.yml	true	correct	3.962162928	3.97293470997829	125505536.0	2	44133960	5872240	34	49930431
after	pso	r03	c/pthread/queue_ok_longest.yml	true	correct	19.917048537	19.93461771903094	511270912.0	2	174022760	22622640	34	203270106
after	pso	r03	c/pthread/queue_longer.yml	TIMEOUT	error	60.989808425	61.018267154926434	82321408.0					
after	pso	r03	c/pthread/queue.yml	false(unreach-call)	correct	1.101623726	1.108953501097858	26292224.0	2	145000	59168	5918	2074810
after	pso	r03	c/pthread/singleton.yml	false(unreach-call)	correct	0.071162198	0.07729291496798396	26218496.0	1	8760	3416	40	1331
after	pso	r03	c/pthread/singleton_with-uninit-problems.yml	true	correct	0.077003739	0.08219431794714183	26222592.0	4	8936	3488	130	3400
after	pso	r03	c/pthread-C-DAC/pthread-demo-datarace-3.yml	false(unreach-call)	correct	0.145804604	0.1524962040130049	26038272.0	0	231304	94480	80	930799
after	pso	r03	c/pthread/reorder_2.yml	false(unreach-call)	correct	0.631196333	0.6360042809974402	26214400.0	162	29416	11872	12692	778472
after	pso	r03	c/pthread/twostage_3.yml	false(unreach-call)	correct	0.082849462	0.08978862303774804	26353664.0	4	36104	14608	138	38625
after	pso	r03	c/ldv-races/race-1_1-join.yml	true	correct	0.062765834	0.06940565805416554	26226688.0	1	3304	1184	6	30
after	pso	r03	c/ldv-races/race-1_3-join.yml	false(unreach-call)	correct	0.066448807	0.07432828797027469	26193920.0	1	5416	2048	26	546
after	pso	r03	c/ldv-races/race-1_2-join.yml	false(unreach-call)	correct	0.065802713	0.07090023497585207	26292224.0	1	5416	2048	26	546
after	pso	r03	c/ldv-races/race-4_1-thread_local_vars.yml	true	correct	0.070304593	0.07555233198218048	26349568.0	0	0	0	0	0
after	pso	r03	c/ldv-races/race-2_1-container_of.yml	true	correct	0.062711786	0.0696043960051611	26345472.0	1	0	0	0	0
after	pso	r03	c/ldv-races/race-3_1-container_of-global.yml	true	correct	0.066061227	0.07324179506395012	26386432.0	1	0	0	0	0
after	pso	r04	c/goblint-regression/13-privatized_66-mine-W-init_true.yml	true	correct	0.063544465	0.0677784300642088	25976832.0	1	0	0	0	0
after	pso	r04	c/goblint-regression/36-apron_41-threadenter-no-locals_unknown_1_pos.yml	false(unreach-call)	correct	0.06862007	0.07335767499171197	25935872.0	0	0	0	0	0
after	pso	r04	c/goblint-regression/36-apron_16-traces-unprot2_true.yml	true	correct	0.061279393	0.06825973000377417	25948160.0	1	0	0	0	0
after	pso	r04	c/goblint-regression/13-privatized_57-singlethreaded-unlock_true.yml	true	correct	0.076499173	0.0790849810000509	26042368.0	1	1544	464	2	6
after	pso	r04	c/goblint-regression/13-privatized_47-refine-protected2_true.yml	true	correct	0.068817602	0.0790566090727225	25952256.0	2	3128	1112	20	171
after	pso	r04	c/goblint-regression/13-privatized_46-refine-protected1_true.yml	true	correct	0.068382285	0.07815863902214915	25968640.0	1	2952	1040	8	47
after	pso	r04	c/goblint-regression/36-apron_11-traces-max-simple_true.yml	true	correct	0.069575558	0.0716725600650534	26038272.0	2	3304	1184	20	171
after	pso	r04	c/goblint-regression/13-privatized_41-traces-ex-7_unknown_1_pos.yml	false(unreach-call)	correct	0.06324496	0.07165673596318811	26009600.0	0	2776	968	2	44
after	pso	r04	c/goblint-regression/13-privatized_41-traces-ex-7_unknown_1_neg.yml	false(unreach-call)	correct	0.075376754	0.08018356503453106	25927680.0	0	0	0	0	0
after	pso	r04	c/goblint-regression/13-privatized_40-traces-ex-6_true.yml	true	correct	0.06037183	0.06762184796389192	25923584.0	1	4184	1544	16	159
after	pso	r04	c/goblint-regression/13-privatized_58-singlethreaded-lock_true.yml	true	correct	0.064692244	0.06933779804967344	26025984.0	1	1544	464	2	6
after	pso	r04	c/goblint-regression/13-privatized_44-traces-mine2_true.yml	true	correct	0.066233076	0.07915682904422283	25935872.0	1	4184	1544	6	69
after	pso	r04	c/goblint-regression/13-privatized_18-first-reads_unknown_2_pos.yml	false(unreach-call)	correct	0.065031905	0.06955756095703691	26087424.0	0	1896	608	2	27
after	pso	r04	c/goblint-regression/13-privatized_18-first-reads_unknown_1_neg.yml	false(unreach-call)	correct	0.069736245	0.07248544704634696	25964544.0	0	1896	608	2	27
after	pso	r04	c/goblint-regression/13-privatized_36-traces-ex-3_true.yml	true	correct	0.066697434	0.07082152494695038	25964544.0	3	4360	1616	54	666
after	pso	r04	c/goblint-regression/13-privatized_18-first-reads_true.yml	true	correct	0.066486904	0.06890069600194693	26030080.0	2	3304	1184	20	209
after	pso	r04	c/goblint-regression/13-privatized_35-traces-ex-2_true.yml	true	correct	0.069682928	0.07530637399759144	25976832.0	2	4888	1832	60	766
after	pso	r04	c/goblint-regression/13-privatized_37-traces-ex-4_true.yml	true	correct	0.071041752	0.08349220000673085	25956352.0	2	4888	1832	56	604
after	pso	r04	c/goblint-regression/13-privatized_38-traces-ex-4-switch_true.yml	true	correct	0.06646066	0.07346640201285481	25952256.0	2	4888	1832	60	761
after	pso	r04	c/goblint-regression/13-privatized_19-publish-precision_unknown_1_pos.yml	false(unreach-call)	correct	0.06855504	0.07527344103436917	26042368.0	0	2776	968	2	43
after	pso	r04	c/goblint-regression/13-privatized_19-publish-precision_unknown_2_pos.yml	false(unreach-call)	correct	0.071256398	0.07733094703871757	25993216.0	0	0	0	0	0
after	pso	r04	c/goblint-regression/13-privatized_19-publish-precision_unknown_1_neg.yml	false(unreach-call)	correct	0.071284322	0.07801718101836741	26038272.0	0	0	0	0	0
after	pso	r04	c/goblint-regression/13-privatized_19-publish-precision_unknown_2_neg.yml	false(unreach-call)	correct	0.067105152	0.07224506989587098	26042368.0	0	2776	968	2	43
after	pso	r04	c/goblint-regression/13-privatized_45-traces-per-global-and-current-lock-mine-incomparable_true.yml	true	correct	0.06616683	0.07230648607946932	25968640.0	2	4888	1832	58	797
after	pso	r04	c/goblint-regression/13-privatized_01-priv_nr_true.yml	true	correct	0.060210708	0.06737722805701196	25980928.0	2	4360	1616	20	590
after	pso	r04	c/goblint-regression/13-privatized_19-publish-precision_true.yml	true	correct	0.073619427	0.08443309902213514	26083328.0	3	4536	1688	66	1041
after	pso	r04	c/goblint-regression/13-privatized_42-traces-ex-mini_true.yml	true	correct	0.070083294	0.07960605702828616	25952256.0	2	5064	1904	40	596
after	pso	r04	c/goblint-regression/13-privatized_33-traces-v-matters_true.yml	true	correct	0.069309847	0.07458331808447838	25989120.0	1	5240	1976	20	306
after	pso	r04	c/goblint-regression/13-privatized_25-struct_nr_true.yml	true	correct	0.066047391	0.07432714791502804	25997312.0	2	4360	1616	20	590
after	pso	r04	c/goblint-regression/13-privatized_69-refine-protected-loop-interval_true.yml	true	correct	0.066566143	0.07308523100800812	26005504.0	0	2248	752	2	13
after	pso	r04	c/goblint-regression/36-apron_17-traces-rpb-litmus_unknown_1_neg.yml	false(unreach-call)	correct	0.067794891	0.07278860197402537	26054656.0	0	0	0	0	0
after	pso	r04	c/goblint-regression/13-privatized_31-traces-mine-vs-mutex_true.yml	true	correct	0.072241591	0.07745586999226362	26087424.0	4	5768	2192	168	2572
after	pso	r04	c/goblint-regression/13-privatized_20-publish-regression_true.yml	true	correct	0.065949135	0.07392718002665788	25968640.0	2	4712	1760	36	597
after	pso	r04	c/goblint-regression/13-privatized_30-traces-oplus-vs-meet_true.yml	true	correct	0.073732118	0.08418873196933419	26034176.0	2	5064	1904	60	981
after	pso	r04	c/goblint-regression/13-privatized_32-traces-mine-vs-oplus-vs-meet_true.yml	true	correct	0.076086963	0.08335475297644734	26095616.0	3	6824	2624	152	3063
after	pso	r04	c/goblint-regression/13-privatized_34-traces-minepp-L-needs-to-be-um_true.yml	true	correct	0.074589578	0.07671965891495347	26034176.0	1	5416	2048	24	292
after	pso	r04	c/goblint-regression/13-privatized_68-pfscan_protected_loop_minimal_interval_true.yml	true	correct	0.067697688	0.07452754199039191	26071040.0	0	2248	752	2	13
after	pso	r04	c/goblint-regression/13-privatized_29-multiple-protecting2-vesal_true.yml	true	correct	0.071083319	0.07413798104971647	26034176.0	4	6824	2624	176	3243
after	pso	r04	c/goblint-regression/13-privatized_24-multiple-protecting_true.yml	true	correct	0.105804708	0.1165107109118253	26140672.0	7	10520	4136	852	23592
after	pso	r04	c/goblint-regression/36-apron_21-traces-cluster-based_true.yml	true	correct	0.075647365	0.08092795603442937	26189824.0	6	6648	2552	172	3116
after	pso	r04	c/goblint-regression/36-apron_22-traces-write-centered-vs-meet-mutex_true_no-overflow.yml	true	correct	0.066711002	0.07406520703807473	26075136.0	1	0	0	0	0
after	pso	r04	c/goblint-regression/13-privatized_27-multiple-protecting2_true.yml	true	correct	0.203756997	0.20777686894871294	26161152.0	26	11224	4424	3092	82273
after	pso	r04	c/pthread-ext/14_spin2003.yml	true	correct	0.070508729	0.07402834703680128	26009600.0	0	2600	896	2	8
after	pso	r04	c/pthread-ext/29_conditionals_vs.yml	true	correct	0.066990468	0.07037327997386456	25972736.0	0	0	0	0	0
after	pso	r04	c/pthread-ext/48_ticket_lock_low_contention_vs-pthread.yml	true	correct	0.070441402	0.07529595808591694	26042368.0	0	2600	896	2	8
after	pso	r04	c/pthread-ext/46_monabsex2_vs.yml	true	correct	0.070507371	0.07557848992291838	26030080.0	0	4184	1544	18	137
after	pso	r04	c/pthread-ext/45_monabsex1_vs.yml	true	correct	0.067485838	0.07191900396719575	26046464.0	0	3304	1184	8	57
after	pso	r04	c/pthread/stateful01-1.yml	false(unreach-call)	correct	0.070587731	0.07394842803478241	26091520.0	0	6824	2624	20	941
after	pso	r04	c/pthread/stateful01-2.yml	true	correct	0.072621951	0.07717967603821307	26087424.0	6	6824	2624	246	4314
after	pso	r04	c/pthread-atomic/time_var_mutex.yml	true	correct	0.079858347	0.08186873607337475	26091520.0	2	6296	2408	44	1007
after	pso	r04	c/pthread-ext/01b_inc.yml	true	correct	0.071148743	0.0764339379966259	26062848.0	0	4184	1544	10	129
after	pso	r04	c/pthread/triangular-1.yml	TIMEOUT	error	60.978062075	61.01087046402972	26107904.0					
after	pso	r04	c/pthread/triangular-2.yml	false(unreach-call)	correct	21.570582554	21.676714372937568	26083328.0	3638	24488	9856	493952	14750405
after	pso	r04	c/pthread-ext/02_inc_cas.yml	true	correct	0.064319958	0.0714734330540523	26038272.0	0	0	0	0	0
after	pso	r04	c/goblint-regression/28-race_reach_21-deref_read_racing.yml	false(unreach-call)	correct	3.081525069	3.093680980033241	56647680.0	0	0	0	0	0
after	pso	r04	c/pthread-ext/48_ticket_lock_low_contention_vs.yml	true	correct	0.072752554	0.07680666702799499	26087424.0	0	4888	1832	8	99
after	pso	r04	c/goblint-regression/28-race_reach_37-indirect_racing.yml	TIMEOUT	error	61.040779145	61.05566239100881	1057169408.0					
after	pso	r04	c/goblint-regression/28-race_reach_45-escape_racing.yml	false(unreach-call)	correct	0.069034602	0.07568190596066415	26087424.0	0	3832	1400	2	78
after	pso	r04	c/goblint-regression/28-race_reach_46-escape_racefree.yml	true	correct	0.064280026	0.06891772500239313	26038272.0	2	5592	2120	56	977
after	pso	r04	c/goblint-regression/28-race_reach_01-simple_racing.yml	TIMEOUT	error	61.041136311	61.06009678693954	1057144832.0					
after	pso	r04	c/goblint-regression/28-race_reach_11-ptr_racing.yml	TIMEOUT	error	61.034566795	61.05911133205518	1057075200.0					
after	pso	r04	c/pthread-deagle/circular_buffer_bad.yml	false(unreach-call)	correct	0.103537036	0.10796794202178717	26091520.0	1	31880	12880	476	37904
after	pso	r04	c/pthread/fib_safe-5.yml	TIMEOUT	error	60.966723287	61.01243514602538	26034176.0					
after	pso	r04	c/pthread/fib_safe-6.yml	TIMEOUT	error	60.974507395	61.011705546989106	26116096.0					
after	pso	r04	c/pthread/fib_unsafe-5.yml	false(unreach-call)	correct	14.916483756	14.929148322087713	26099712.0	632	171752	70112	96526	11518678
after	pso	r04	c/pthread/fib_unsafe-6.yml	TIMEOUT	error	60.978837625	61.00792324298527	26066944.0					
after	pso	r04	c/pthread/fib_unsafe-7.yml	TIMEOUT	error	60.886014929	61.01063393999357	26103808.0					
after	pso	r04	c/goblint-regression/28-race_reach_24-sound_lock_racing.yml	TIMEOUT	error	61.040867013	61.06245619896799	1057058816.0					
after	pso	r04	c/pthread/lazy01.yml	false(unreach-call)	correct	0.071999122	0.07553439191542566	26087424.0	1	5592	2120	36	861
after	pso	r04	c/pthread-deagle/circular_buffer_ok.yml	TIMEOUT	error	60.976583007	61.009966779034585	26087424.0					
after	pso	r04	c/pthread-atomic/szymanski.yml	true	correct	0.074699879	0.0818746630102396	26103808.0	6	5944	2264	756	9033
after	pso	r04	c/pthread-atomic/dekker.yml	true	correct	0.063052315	0.06786950095556676	26025984.0	4	6648	2552	70	1568
after	pso	r04	c/pthread-atomic/dekker-unfair.yml	true	correct	0.056144975	0.06002470199018717	26083328.0	4	6648	2552	74	1600
after	pso	r04	c/pthread-theta/unwind3-1.yml	false(unreach-call)	correct	0.066068927	0.06973912694957107	26095616.0	1	3656	1328	6	187
after	pso	r04	c/pthread-theta/exponential-nondet.yml	true	correct	0.061605342	0.06798105093184859	26083328.0	1	0	0	0	0
after	pso	r04	c/pthread-theta/unwind2-1.yml	false(unreach-call)	correct	0.058121618	0.06479523098096251	26083328.0	1	3656	1328	6	63
after	pso	r04	c/pthread-theta/unwind2-100.yml	false(unreach-call)	correct	0.062313451	0.06478145509026945	26083328.0	1	3656	1328	6	63
after	pso	r04	c/pthread/butterfly.yml	true	correct	26.85279034	26.871720802038908	26214400.0	64560	11224	4424	694890	54985280
after	pso	r04	c/pthread-ext/43_NetBSD_sysmon_power_sliced.yml	true	correct	0.057932657	0.06314989295788109	25964544.0	0	0	0	0	0
after	pso	r04	c/goblint-regression/28-race_reach_06-cond_racing1.yml	TIMEOUT	error	61.039791842	61.061542798997834	1057148928.0					
after	pso	r04	c/pthread/queue_ok.yml	true	correct	0.07963525	0.08302600495517254	26161152.0	2	534328	218456	34	133711
after	pso	r04	c/pthread/queue_ok_longer.yml	true	correct	3.966584769	3.971126522985287	125530112.0	2	44133960	5872240	34	49930431
after	pso	r04	c/pthread/queue_ok_longest.yml	true	correct	19.53086756	19.543314871028997	479019008.0	2	174022760	22622640	34	203270106
after	pso	r04	c/pthread/queue_longer.yml	TIMEOUT	error	60.987200258	61.01578537502792	81158144.0					
after	pso	r04	c/pthread/queue.yml	false(unreach-call)	correct	1.100636082	1.1060509480303153	26312704.0	2	145000	59168	5918	2074810
after	pso	r04	c/pthread/singleton.yml	false(unreach-call)	correct	0.070067704	0.0777206770144403	26226688.0	1	8760	3416	40	1331
after	pso	r04	c/pthread/singleton_with-uninit-problems.yml	true	correct	0.07852307	0.08262718399055302	26218496.0	4	8936	3488	130	3400
after	pso	r04	c/pthread-C-DAC/pthread-demo-datarace-3.yml	false(unreach-call)	correct	0.147545385	0.15447591396514326	26083328.0	0	231304	94480	80	930799
after	pso	r04	c/pthread/reorder_2.yml	false(unreach-call)	correct	0.627960266	0.6326978550059721	26218496.0	162	29416	11872	12692	778472
after	pso	r04	c/pthread/twostage_3.yml	false(unreach-call)	correct	0.085020039	0.089478017995134	26390528.0	4	36104	14608	138	38625
after	pso	r04	c/ldv-races/race-1_1-join.yml	true	correct	0.0704115	0.07545441295951605	26222592.0	1	3304	1184	6	30
after	pso	r04	c/ldv-races/race-1_3-join.yml	false(unreach-call)	correct	0.065756595	0.07279202202335	26214400.0	1	5416	2048	26	546
after	pso	r04	c/ldv-races/race-1_2-join.yml	false(unreach-call)	correct	0.067288741	0.07438579900190234	26263552.0	1	5416	2048	26	546
after	pso	r04	c/ldv-races/race-4_1-thread_local_vars.yml	true	correct	0.069775731	0.07841527101118118	26345472.0	0	0	0	0	0
after	pso	r04	c/ldv-races/race-2_1-container_of.yml	true	correct	0.068468313	0.0757329190382734	26353664.0	1	0	0	0	0
after	pso	r04	c/ldv-races/race-3_1-container_of-global.yml	true	correct	0.068562063	0.07243409799411893	26349568.0	1	0	0	0	0
