tool			Deagle 4.1.0	Deagle 4.1.0	Deagle 4.1.0	Deagle 4.1.0	CBMC 5.70.0 (cbmc-5.70.0-121-g4f69955d00)	CBMC 5.70.0 (cbmc-5.70.0-121-g4f69955d00)	CBMC 5.70.0 (cbmc-5.70.0-121-g4f69955d00)	CBMC 5.70.0 (cbmc-5.70.0-121-g4f69955d00)
run set			deagle-ilp32-census.deagle.r01.unreach-call	deagle-ilp32-census.deagle.r01.unreach-call	deagle-ilp32-census.deagle.r01.unreach-call	deagle-ilp32-census.deagle.r01.unreach-call	cbmc-ilp32-census-all.cbmc.r01.unreach-call	cbmc-ilp32-census-all.cbmc.r01.unreach-call	cbmc-ilp32-census-all.cbmc.r01.unreach-call	cbmc-ilp32-census-all.cbmc.r01.unreach-call
/Users/sujie/Documents/Codes/C++/GenMC/genmc/optimization-analysis/svcomp2026/remote-results/new-server/			status	cputime (s)	walltime (s)	memory (MB)	status	cputime (s)	walltime (s)	memory (MB)
cbmc/sv-benchmarks/c/goblint-regression/13-privatized_66-mine-W-init_true.yml	unreach-call	true					true	0.186248331	0.19418568501714617	7.770112
cbmc/sv-benchmarks/c/goblint-regression/36-apron_41-threadenter-no-locals_unknown_1_pos.yml	unreach-call	false					false(unreach-call)	0.137400783	0.14271041902247816	7.647232
cbmc/sv-benchmarks/c/goblint-regression/36-apron_41-threadenter-no-locals_unknown_1_neg.yml	unreach-call	false					false(unreach-call)	0.1791591	0.18285760300932452	7.634944
cbmc/sv-benchmarks/c/goblint-regression/36-apron_16-traces-unprot2_true.yml	unreach-call	true					true	0.219018567	0.22292389499489218	7.643136
cbmc/sv-benchmarks/c/goblint-regression/13-privatized_57-singlethreaded-unlock_true.yml	unreach-call	true					true	0.180946339	0.18799380300333723	7.921664
cbmc/sv-benchmarks/c/goblint-regression/13-privatized_47-refine-protected2_true.yml	unreach-call	true					true	2.419251492	2.4243538270238787	31.715328
cbmc/sv-benchmarks/c/goblint-regression/13-privatized_46-refine-protected1_true.yml	unreach-call	true					true	0.352324275	0.36028679803712294	13.418496
cbmc/sv-benchmarks/c/goblint-regression/36-apron_11-traces-max-simple_true.yml	unreach-call	true					true	1.336601769	1.3406605269992724	29.495296
cbmc/sv-benchmarks/c/goblint-regression/13-privatized_41-traces-ex-7_unknown_1_pos.yml	unreach-call	false					false(unreach-call)	0.45616115	0.461232646019198	43.241472
cbmc/sv-benchmarks/c/goblint-regression/13-privatized_41-traces-ex-7_unknown_1_neg.yml	unreach-call	false					false(unreach-call)	1.977430294	1.9909210680052638	53.366784
cbmc/sv-benchmarks/c/goblint-regression/13-privatized_40-traces-ex-6_true.yml	unreach-call	true					true	3.79285841	3.800805786973797	53.485568
cbmc/sv-benchmarks/c/goblint-regression/13-privatized_58-singlethreaded-lock_true.yml	unreach-call	true					true	0.183754031	0.1906181980157271	7.966720
cbmc/sv-benchmarks/c/goblint-regression/13-privatized_44-traces-mine2_true.yml	unreach-call	true					true	2.996946261	3.0032293039839715	37.396480
cbmc/sv-benchmarks/c/goblint-regression/13-privatized_18-first-reads_unknown_1_pos.yml	unreach-call	false					false(unreach-call)	0.259257673	0.2632867110078223	23.617536
cbmc/sv-benchmarks/c/goblint-regression/13-privatized_18-first-reads_unknown_2_pos.yml	unreach-call	false					false(unreach-call)	0.267358044	0.27562078402843326	23.572480
cbmc/sv-benchmarks/c/goblint-regression/13-privatized_18-first-reads_unknown_1_neg.yml	unreach-call	false					false(unreach-call)	0.275985499	0.2806211519637145	23.597056
cbmc/sv-benchmarks/c/goblint-regression/13-privatized_18-first-reads_unknown_2_neg.yml	unreach-call	false					false(unreach-call)	0.267288137	0.2757821190170944	23.543808
cbmc/sv-benchmarks/c/goblint-regression/13-privatized_52-refine-protected-loop2-small_true.yml	unreach-call	true					TIMEOUT	11.019147954	11.005422689951956	326.217728
cbmc/sv-benchmarks/c/goblint-regression/13-privatized_36-traces-ex-3_true.yml	unreach-call	true					true	5.915652224	5.937968559039291	62.103552
cbmc/sv-benchmarks/c/goblint-regression/13-privatized_18-first-reads_true.yml	unreach-call	true					true	1.024817293	1.0296789620188065	28.864512
cbmc/sv-benchmarks/c/goblint-regression/13-privatized_35-traces-ex-2_true.yml	unreach-call	true					true	9.70537208	9.71094069594983	97.353728
cbmc/sv-benchmarks/c/goblint-regression/13-privatized_37-traces-ex-4_true.yml	unreach-call	true					true	9.899485797	9.95010071300203	98.217984
cbmc/sv-benchmarks/c/goblint-regression/13-privatized_38-traces-ex-4-switch_true.yml	unreach-call	true					TIMEOUT (true)	10.739693748	10.748463407042436	98.701312
cbmc/sv-benchmarks/c/goblint-regression/13-privatized_19-publish-precision_unknown_1_pos.yml	unreach-call	false					false(unreach-call)	2.714767186	2.720253440027591	68.096000
cbmc/sv-benchmarks/c/goblint-regression/13-privatized_19-publish-precision_unknown_2_pos.yml	unreach-call	false					false(unreach-call)	1.178676463	1.1885900140041485	64.217088
cbmc/sv-benchmarks/c/goblint-regression/13-privatized_19-publish-precision_unknown_1_neg.yml	unreach-call	false					false(unreach-call)	0.516159988	0.5228118459926918	51.912704
cbmc/sv-benchmarks/c/goblint-regression/13-privatized_19-publish-precision_unknown_2_neg.yml	unreach-call	false					false(unreach-call)	1.019031644	1.029701034014579	64.462848
cbmc/sv-benchmarks/c/goblint-regression/13-privatized_45-traces-per-global-and-current-lock-mine-incomparable_true.yml	unreach-call	true					TIMEOUT (true)	10.931927092	10.939836887991987	99.946496
cbmc/sv-benchmarks/c/goblint-regression/13-privatized_01-priv_nr_true.yml	unreach-call	true					true	3.091704728	3.1034902569954284	33.476608
cbmc/sv-benchmarks/c/goblint-regression/13-privatized_19-publish-precision_true.yml	unreach-call	true					true	7.099984208	7.107983310997952	70.127616
cbmc/sv-benchmarks/c/goblint-regression/13-privatized_42-traces-ex-mini_true.yml	unreach-call	true					true	6.785499073	6.8121514020022005	63.434752
cbmc/sv-benchmarks/c/goblint-regression/13-privatized_33-traces-v-matters_true.yml	unreach-call	true					true	6.263417499	6.2731694530230016	73.551872
cbmc/sv-benchmarks/c/goblint-regression/13-privatized_25-struct_nr_true.yml	unreach-call	true					true	3.136174598	3.1445558549603447	33.157120
cbmc/sv-benchmarks/c/goblint-regression/13-privatized_69-refine-protected-loop-interval_true.yml	unreach-call	true					TIMEOUT	10.971933906	11.006621748034377	208.379904
cbmc/sv-benchmarks/c/goblint-regression/36-apron_17-traces-rpb-litmus_unknown_1_pos.yml	unreach-call	false					false(unreach-call)	1.234450912	1.2395270920242183	86.847488
cbmc/sv-benchmarks/c/goblint-regression/36-apron_17-traces-rpb-litmus_unknown_1_neg.yml	unreach-call	false					false(unreach-call)	1.760550358	1.7675502719939686	86.462464
cbmc/sv-benchmarks/c/goblint-regression/13-privatized_31-traces-mine-vs-mutex_true.yml	unreach-call	true					TIMEOUT	11.011760549	11.00603837298695	139.374592
cbmc/sv-benchmarks/c/goblint-regression/13-privatized_20-publish-regression_true.yml	unreach-call	true					true	5.325049082	5.3341694719856605	67.235840
cbmc/sv-benchmarks/c/goblint-regression/13-privatized_30-traces-oplus-vs-meet_true.yml	unreach-call	true					TIMEOUT	10.974263711	11.00745962804649	96.976896
cbmc/sv-benchmarks/c/goblint-regression/13-privatized_32-traces-mine-vs-oplus-vs-meet_true.yml	unreach-call	true					TIMEOUT	11.011480344	11.00714668101864	188.227584
cbmc/sv-benchmarks/c/goblint-regression/13-privatized_34-traces-minepp-L-needs-to-be-um_true.yml	unreach-call	true					TIMEOUT	11.009234052	11.011810353025794	141.107200
cbmc/sv-benchmarks/c/goblint-regression/13-privatized_68-pfscan_protected_loop_minimal_interval_true.yml	unreach-call	true					TIMEOUT	11.014833961	11.009882222977467	207.167488
cbmc/sv-benchmarks/c/goblint-regression/13-privatized_29-multiple-protecting2-vesal_true.yml	unreach-call	true					TIMEOUT	11.009151156	11.006481856049504	142.946304
cbmc/sv-benchmarks/c/goblint-regression/13-privatized_24-multiple-protecting_true.yml	unreach-call	true					TIMEOUT	11.034591757	11.009054223017301	549.302272
cbmc/sv-benchmarks/c/weaver/test-semi1.wvr.yml	unreach-call	true					false(unreach-call)	0.19197557	0.1975046840379946	7.827456
cbmc/sv-benchmarks/c/weaver/popl20-figure1.wvr.yml	unreach-call	true					false(unreach-call)	0.54086276	0.5478230779990554	28.737536
cbmc/sv-benchmarks/c/weaver/test-easy11.wvr.yml	unreach-call	true					false(unreach-call)	0.14705057	0.15359814499970526	7.864320
cbmc/sv-benchmarks/c/weaver/bench-exp1x3.wvr.yml	unreach-call	true					TIMEOUT	10.960742195	11.009700032009277	134.803456
cbmc/sv-benchmarks/c/weaver/test-easy7.wvr.yml	unreach-call	true					true	0.364070992	0.3717310489737429	10.375168
cbmc/sv-benchmarks/c/goblint-regression/36-apron_21-traces-cluster-based_true.yml	unreach-call	true					TIMEOUT	11.01983854	11.009396024048328	286.109696
cbmc/sv-benchmarks/c/weaver/test-easy1.wvr.yml	unreach-call	true					TIMEOUT	10.976862353	11.00907945400104	108.228608
cbmc/sv-benchmarks/c/goblint-regression/36-apron_22-traces-write-centered-vs-meet-mutex_true_no-overflow.yml	unreach-call	true					TIMEOUT	11.013166841	11.008030387980398	117.772288
cbmc/sv-benchmarks/c/weaver/popl20-figure1-alt.wvr.yml	unreach-call	true					false(unreach-call)	0.597380734	0.6024650399922393	32.145408
cbmc/sv-benchmarks/c/weaver/mult-comm.wvr.yml	unreach-call	true					TIMEOUT	11.00564096	11.00794565299293	89.952256
cbmc/sv-benchmarks/c/weaver/popl20-figure3.wvr.yml	unreach-call	true					false(unreach-call)	1.453401179	1.4603435770259239	41.697280
cbmc/sv-benchmarks/c/weaver/security.wvr.yml	unreach-call	true					true	0.263145229	0.26665212999796495	7.995392
cbmc/sv-benchmarks/c/weaver/test-easy8.wvr.yml	unreach-call	true					true	0.210114398	0.21907828899566084	7.905280
cbmc/sv-benchmarks/c/weaver/test-easy6.wvr.yml	unreach-call	true					true	0.752824209	0.760409148002509	9.826304
cbmc/sv-benchmarks/c/weaver/parallel-misc-2-unrolled.wvr.yml	unreach-call	true					false(unreach-call)	0.233777248	0.239656197023578	16.498688
cbmc/sv-benchmarks/c/weaver/popl20-nonblocking-cntr.wvr.yml	unreach-call	true					TIMEOUT	11.007169059	11.007839052996133	87.683072
cbmc/sv-benchmarks/c/weaver/parallel-simple-equiv.wvr.yml	unreach-call	true					false(unreach-call)	0.184724472	0.18764881003880873	10.268672
cbmc/sv-benchmarks/c/weaver/parallel-misc-3.wvr.yml	unreach-call	true					false(unreach-call)	1.273595249	1.282522900030017	81.829888
cbmc/sv-benchmarks/c/weaver/parallel-ticket-2.wvr.yml	unreach-call	true					false(unreach-call)	0.155493984	0.16450983099639416	8.937472
cbmc/sv-benchmarks/c/weaver/popl20-nonblocking-cntr-alt.wvr.yml	unreach-call	true					TIMEOUT	11.007210238	11.00791120599024	86.941696
cbmc/sv-benchmarks/c/weaver/mult-dist.wvr.yml	unreach-call	true					TIMEOUT	11.004356628	11.008885276969522	60.637184
cbmc/sv-benchmarks/c/weaver/chl-sre-symm.wvr.yml	unreach-call	true					true	0.242990133	0.25401423301082104	7.921664
cbmc/sv-benchmarks/c/weaver/clever.wvr.yml	unreach-call	true					TIMEOUT	10.9824962	11.008987607026938	394.579968
cbmc/sv-benchmarks/c/goblint-regression/13-privatized_27-multiple-protecting2_true.yml	unreach-call	true					TIMEOUT	11.042284149	11.005648438003846	586.620928
cbmc/sv-benchmarks/c/weaver/popl20-more-nonblocking-counter-alt2.wvr.yml	unreach-call	true					TIMEOUT	10.976209647	11.009106484998483	31.866880
cbmc/sv-benchmarks/c/weaver/mult-flipped-dist.wvr.yml	unreach-call	true					TIMEOUT	11.004348411	11.009404282958712	30.216192
cbmc/sv-benchmarks/c/weaver/popl20-counter-determinism.wvr.yml	unreach-call	true					false(unreach-call)	2.880640667	2.8898469289997593	72.990720
cbmc/sv-benchmarks/c/weaver/popl20-difference-det.wvr.yml	unreach-call	true					false(unreach-call)	1.590987285	1.599337145977188	65.626112
cbmc/sv-benchmarks/c/weaver/parallel-misc-2.wvr.yml	unreach-call	true					false(unreach-call)	2.862277668	2.8764529670006596	103.870464
cbmc/sv-benchmarks/c/weaver/parallel-misc-4.wvr.yml	unreach-call	true					false(unreach-call)	2.616670616	2.633594137034379	93.716480
cbmc/sv-benchmarks/c/weaver/parallel-misc-2-unrolled-atomic.wvr.yml	unreach-call	true					TIMEOUT	11.008611696	11.009919910982717	126.439424
cbmc/sv-benchmarks/c/weaver/bench-exp2x3.wvr.yml	unreach-call	true					TIMEOUT	11.012133172	11.006978799006902	165.773312
cbmc/sv-benchmarks/c/weaver/chl-sre-trans.wvr.yml	unreach-call	true					true	0.253832576	0.2635169859859161	9.023488
cbmc/sv-benchmarks/c/weaver/parallel-ticket-3.wvr.yml	unreach-call	true					false(unreach-call)	0.210739119	0.21872342802817002	15.384576
cbmc/sv-benchmarks/c/weaver/spaghetti.wvr.yml	unreach-call	true					TIMEOUT	11.001966617	11.006651311006863	267.132928
cbmc/sv-benchmarks/c/weaver/bench-exp2x4.wvr.yml	unreach-call	true					TIMEOUT	11.008764564	11.009064456971828	118.935552
cbmc/sv-benchmarks/c/weaver/chl-sre-subst.wvr.yml	unreach-call	true					true	0.823649013	0.8336350540048443	10.719232
cbmc/sv-benchmarks/c/weaver/parallel-misc-3-extended.wvr.yml	unreach-call	true					false(unreach-call)	6.795087657	6.807539862988051	230.850560
cbmc/sv-benchmarks/c/weaver/chl-simpl-str-symm.wvr.yml	unreach-call	true					true	0.879693796	0.8906150740222074	10.944512
cbmc/sv-benchmarks/c/weaver/parallel-bluetooth.wvr.yml	unreach-call	true					true	0.242900534	0.25017200998263434	8.564736
cbmc/sv-benchmarks/c/weaver/popl20-bad-threaded-sum-2.wvr.yml	unreach-call	true					TIMEOUT	10.960844951	11.003314433037303	97.005568
cbmc/sv-benchmarks/c/weaver/bench-exp2x6.wvr.yml	unreach-call	true					TIMEOUT	11.024230038	11.010266254015733	360.382464
cbmc/sv-benchmarks/c/weaver/test-easy10.wvr.yml	unreach-call	true					true	2.196667449	2.210993116023019	19.656704
cbmc/sv-benchmarks/c/weaver/parallel-ticket-4.wvr.yml	unreach-call	true					false(unreach-call)	0.785360677	0.7949042830150574	24.367104
cbmc/sv-benchmarks/c/weaver/parallel-bakery-2.wvr.yml	unreach-call	true					true	1.039250031	1.0497100049979053	12.435456
cbmc/sv-benchmarks/c/weaver/array-eq-symm.wvr.yml	unreach-call	true					TIMEOUT	11.027139506	11.009998318040743	663.461888
cbmc/sv-benchmarks/c/weaver/popl20-mult-equiv.wvr.yml	unreach-call	true					TIMEOUT	10.97522498	11.007369920960627	72.101888
cbmc/sv-benchmarks/c/weaver/fibonacci.wvr.yml	unreach-call	true					TIMEOUT	11.010002357	11.006251132988837	91.127808
cbmc/sv-benchmarks/c/weaver/popl20-proofs-counter-add-4-semi-Q67.wvr.yml	unreach-call	true					TIMEOUT	11.012793112	11.010561620001681	124.596224
cbmc/sv-benchmarks/c/weaver/popl20-mult-4.wvr.yml	unreach-call	true					TIMEOUT	11.009136398	11.010551817016676	118.456320
cbmc/sv-benchmarks/c/weaver/chl-time-symm.wvr.yml	unreach-call	true					true	0.944530005	0.9532869310351089	13.729792
cbmc/sv-benchmarks/c/weaver/chl-file-item-symm.wvr.yml	unreach-call	true					true	0.837791632	0.8490985099924728	11.169792
cbmc/sv-benchmarks/c/weaver/bench-exp3x3.wvr.yml	unreach-call	true					TIMEOUT	11.003823038	11.007323606987484	90.734592
cbmc/sv-benchmarks/c/weaver/chl-simpl-str-trans.wvr.yml	unreach-call	true					true	0.892257853	0.9032086590304971	14.327808
cbmc/sv-benchmarks/c/weaver/popl20-channel-sum.wvr.yml	unreach-call	true					TIMEOUT	11.027169439	11.009662360011134	475.795456
cbmc/sv-benchmarks/c/weaver/bench-exp2x9.wvr.yml	unreach-call	true					TIMEOUT	10.95775845	11.009593781025615	121.323520
cbmc/sv-benchmarks/c/weaver/popl20-bad-counter-queue.wvr.yml	unreach-call	false					false(unreach-call)	0.277365099	0.28778294299263507	15.781888
cbmc/sv-benchmarks/c/weaver/unroll-2.wvr.yml	unreach-call	true					TIMEOUT	11.008783871	11.006272235012148	647.901184
cbmc/sv-benchmarks/c/weaver/test-context1.wvr.yml	unreach-call	true					TIMEOUT	11.028533022	11.006289709999692	459.460608
cbmc/sv-benchmarks/c/weaver/popl20-simple-queue.wvr.yml	unreach-call	true					TIMEOUT	11.022036596	11.00995454902295	418.586624
cbmc/sv-benchmarks/c/weaver/chl-match-symm.wvr.yml	unreach-call	true					true	1.243269387	1.2605907160323113	14.901248
cbmc/sv-benchmarks/c/weaver/chl-simpl-str-subst.wvr.yml	unreach-call	true					true	1.148451865	1.1584127320093103	15.011840
cbmc/sv-benchmarks/c/weaver/popl20-more-sorted.wvr.yml	unreach-call	true					TIMEOUT	11.030805532	11.007516561017837	484.515840
cbmc/sv-benchmarks/c/weaver/popl20-more-sum-array-hom.wvr.yml	unreach-call	true					TIMEOUT	11.012330462	11.010278014990035	190.853120
cbmc/sv-benchmarks/c/weaver/parallel-ticket-5.wvr.yml	unreach-call	true					false(unreach-call)	1.21456417	1.2176887260284275	37.376000
cbmc/sv-benchmarks/c/weaver/unroll-cond-2.wvr.yml	unreach-call	true					TIMEOUT	11.04563125	11.006742611993104	864.899072
cbmc/sv-benchmarks/c/weaver/chl-exp-term-symm.wvr.yml	unreach-call	true					true	0.932157207	0.9420162590104155	11.829248
cbmc/sv-benchmarks/c/weaver/popl20-simple-array-sum.wvr.yml	unreach-call	true					TIMEOUT	11.011169486	11.007745918992441	1001.107456
cbmc/sv-benchmarks/c/weaver/popl20-more-array-sum-alt.wvr.yml	unreach-call	false					TIMEOUT	11.019699229	11.00939678400755	420.646912
cbmc/sv-benchmarks/c/weaver/popl20-more-min-le-max.wvr.yml	unreach-call	true					TIMEOUT	10.982005119	11.007607704028487	253.194240
cbmc/sv-benchmarks/c/weaver/unroll-3.wvr.yml	unreach-call	true					TIMEOUT	11.054748143	11.011151671002153	832.598016
cbmc/sv-benchmarks/c/weaver/popl20-more-array-sum.wvr.yml	unreach-call	false					TIMEOUT	11.028157846	11.009870986978058	634.318848
cbmc/sv-benchmarks/c/weaver/chl-chromosome-opt-symm.wvr.yml	unreach-call	true					true	2.804560686	2.8097422079881653	23.805952
cbmc/sv-benchmarks/c/weaver/popl20-more-max-array.wvr.yml	unreach-call	true					TIMEOUT	11.012265206	11.007169469026849	224.956416
cbmc/sv-benchmarks/c/weaver/popl20-more-min-array.wvr.yml	unreach-call	true					TIMEOUT	11.012492835	11.008799990988337	229.220352
cbmc/sv-benchmarks/c/weaver/unroll-4.wvr.yml	unreach-call	true					TIMEOUT	11.085263533	11.007217432023026	1469.513728
cbmc/sv-benchmarks/c/weaver/popl20-bad-counter-queue2.wvr.yml	unreach-call	true					TIMEOUT	10.961924574	11.005430430988781	64.708608
cbmc/sv-benchmarks/c/weaver/popl20-bad-three-array-sum-alt.wvr.yml	unreach-call	true					TIMEOUT	11.012724353	11.005861443991307	334.290944
cbmc/sv-benchmarks/c/weaver/bench-exp3x3-opt.wvr.yml	unreach-call	true					TIMEOUT	10.976108495	11.008304199029226	98.852864
cbmc/sv-benchmarks/c/weaver/popl20-more-max-array-hom.wvr.yml	unreach-call	true					TIMEOUT	11.018646874	11.009276019001845	232.091648
cbmc/sv-benchmarks/c/weaver/popl20-more-min-array-hom.wvr.yml	unreach-call	true					TIMEOUT	11.008705013	11.00782530894503	235.409408
cbmc/sv-benchmarks/c/weaver/parallel-min-max-1.wvr.yml	unreach-call	true					TIMEOUT	11.014656865	11.010895601997618	308.449280
cbmc/sv-benchmarks/c/weaver/loop-tiling-eq.wvr.yml	unreach-call	true					TIMEOUT	11.010349788	11.009091941057704	182.681600
cbmc/sv-benchmarks/c/weaver/chl-array-int-symm.wvr.yml	unreach-call	true					TIMEOUT	11.014544044	11.008323010988533	218.083328
cbmc/sv-benchmarks/c/weaver/unroll-cond-3.wvr.yml	unreach-call	true					TIMEOUT	11.017943059	11.009882466983981	987.967488
cbmc/sv-benchmarks/c/weaver/unroll-5.wvr.yml	unreach-call	true					TIMEOUT	11.094449568	11.010431104979943	1909.813248
cbmc/sv-benchmarks/c/weaver/popl20-send-receive-alt.wvr.yml	unreach-call	true					TIMEOUT	10.995339467	11.009900050004944	424.263680
cbmc/sv-benchmarks/c/weaver/popl20-more-vector-add.wvr.yml	unreach-call	true					TIMEOUT	11.040093354	11.008705549989827	789.164032
cbmc/sv-benchmarks/c/weaver/popl20-threaded-sum-3.wvr.yml	unreach-call	true					TIMEOUT	11.005688135	11.009241232008208	95.993856
cbmc/sv-benchmarks/c/weaver/parallel-ticket-6.wvr.yml	unreach-call	true					false(unreach-call)	2.727849461	2.7389871280174702	51.638272
cbmc/sv-benchmarks/c/weaver/popl20-counter-fun.wvr.yml	unreach-call	true					TIMEOUT	11.041544181	11.00646417500684	650.874880
cbmc/sv-benchmarks/c/weaver/chl-file-item-trans.wvr.yml	unreach-call	true					true	0.942726209	0.9511164260329679	14.708736
cbmc/sv-benchmarks/c/weaver/popl20-more-array-sum-alt2.wvr.yml	unreach-call	true					TIMEOUT	11.013985782	11.008650325005874	261.951488
cbmc/sv-benchmarks/c/weaver/popl20-queue-add-2.wvr.yml	unreach-call	true					TIMEOUT	11.031287591	11.008083352004178	470.102016
cbmc/sv-benchmarks/c/weaver/popl20-min-max-inc.wvr.yml	unreach-call	true					TIMEOUT	10.964726186	11.008769705018494	162.152448
cbmc/sv-benchmarks/c/weaver/popl20-min-max-dec.wvr.yml	unreach-call	true					TIMEOUT	11.009577965	11.01053943799343	162.099200
cbmc/sv-benchmarks/c/weaver/popl20-more-mts.wvr.yml	unreach-call	true					TIMEOUT	10.996037923	11.011085346050095	428.904448
cbmc/sv-benchmarks/c/weaver/chl-time-trans.wvr.yml	unreach-call	true					true	1.32439376	1.331258299993351	15.413248
cbmc/sv-benchmarks/c/weaver/parallel-misc-5.wvr.yml	unreach-call	true					TIMEOUT	11.00743154	11.008755894959904	110.157824
cbmc/sv-benchmarks/c/weaver/array-eq-trans.wvr.yml	unreach-call	true					TIMEOUT	11.066507311	11.009256154997274	1030.041600
cbmc/sv-benchmarks/c/weaver/chl-time-subst.wvr.yml	unreach-call	true					true	1.460464658	1.4666530389804393	16.252928
cbmc/sv-benchmarks/c/weaver/popl20-three-array-sum.wvr.yml	unreach-call	true					TIMEOUT	11.011160768	11.00941945600789	268.312576
cbmc/sv-benchmarks/c/weaver/popl20-more-array-sum2.wvr.yml	unreach-call	true					TIMEOUT	11.024914072	11.007426041003782	427.016192
cbmc/sv-benchmarks/c/weaver/unroll-cond-4.wvr.yml	unreach-call	true					TIMEOUT	11.00747688	11.00734393496532	203.653120
cbmc/sv-benchmarks/c/weaver/chl-match-trans.wvr.yml	unreach-call	true					true	1.910382701	1.9248529800097458	19.152896
cbmc/sv-benchmarks/c/weaver/chl-collitem-symm.wvr.yml	unreach-call	true					true	1.475550507	1.4830453540198505	16.064512
cbmc/sv-benchmarks/c/weaver/chl-chromosome-symm.wvr.yml	unreach-call	true					true	4.142422375	4.1507587840314955	36.921344
cbmc/sv-benchmarks/c/weaver/chl-word-symm.wvr.yml	unreach-call	true					TIMEOUT	10.964746192	11.005500782979652	162.869248
cbmc/sv-benchmarks/c/weaver/popl20-more-queue-add-2-nl.wvr.yml	unreach-call	true					TIMEOUT	10.996319084	11.005478734965436	442.458112
cbmc/sv-benchmarks/c/weaver/chl-file-item-subst.wvr.yml	unreach-call	true					true	1.136877326	1.14658929198049	15.388672
cbmc/sv-benchmarks/c/weaver/chl-match-subst.wvr.yml	unreach-call	true					true	2.259765746	2.2705114519922063	19.243008
cbmc/sv-benchmarks/c/weaver/chl-array-int-trans.wvr.yml	unreach-call	true					TIMEOUT	11.014630664	11.008141022990458	300.310528
cbmc/sv-benchmarks/c/weaver/parallel-ticket-7.wvr.yml	unreach-call	true					false(unreach-call)	2.159643095	2.1644009239971638	72.839168
cbmc/sv-benchmarks/c/weaver/popl20-min-max-inc-dec.wvr.yml	unreach-call	true					TIMEOUT	11.025218885	11.008295215957332	337.432576
cbmc/sv-benchmarks/c/weaver/parallel-misc-1.wvr.yml	unreach-call	true					TIMEOUT	11.024624438	11.008293850987684	457.805824
cbmc/sv-benchmarks/c/weaver/popl20-more-dec-subseq.wvr.yml	unreach-call	true					TIMEOUT	11.051937688	11.008924391004257	967.954432
cbmc/sv-benchmarks/c/weaver/popl20-more-inc-subseq.wvr.yml	unreach-call	true					TIMEOUT	11.062700814	11.006653895019554	966.623232
cbmc/sv-benchmarks/c/weaver/chl-exp-term-subst.wvr.yml	unreach-call	true					true	1.182486397	1.1897143809474073	16.130048
cbmc/sv-benchmarks/c/weaver/chl-array-int-subst.wvr.yml	unreach-call	true					TIMEOUT	11.013905987	11.007563285005745	302.100480
cbmc/sv-benchmarks/c/weaver/unroll-cond-5.wvr.yml	unreach-call	true					TIMEOUT	10.961464038	11.009660026000347	319.647744
cbmc/sv-benchmarks/c/weaver/popl20-three-array-min.wvr.yml	unreach-call	true					TIMEOUT	10.988431002	11.003618917951826	359.202816
cbmc/sv-benchmarks/c/weaver/popl20-two-queue.wvr.yml	unreach-call	true					TIMEOUT	11.042829799	11.009328103042208	790.388736
cbmc/sv-benchmarks/c/weaver/popl20-three-array-max.wvr.yml	unreach-call	true					TIMEOUT	11.018498372	11.007190681004431	360.280064
cbmc/sv-benchmarks/c/weaver/parallel-lamport.wvr.yml	unreach-call	true					TIMEOUT	11.012261272	11.004459085001145	219.340800
cbmc/sv-benchmarks/c/weaver/popl20-bad-dot-product.wvr.yml	unreach-call	true					TIMEOUT	11.011309383	11.011560368002392	145.760256
cbmc/sv-benchmarks/c/weaver/popl20-prod-cons.wvr.yml	unreach-call	true					TIMEOUT	11.026086636	11.009948423015885	419.065856
cbmc/sv-benchmarks/c/weaver/parallel-barrier.wvr.yml	unreach-call	true					TIMEOUT	10.997144715	11.008301153953653	44.859392
cbmc/sv-benchmarks/c/weaver/popl20-more-multiply-verify.wvr.yml	unreach-call	true					TIMEOUT	10.969344102	11.010757335985545	217.563136
cbmc/sv-benchmarks/c/weaver/test-hard1.wvr.yml	unreach-call	true					TIMEOUT	10.978556761	11.007184838003013	118.435840
cbmc/sv-benchmarks/c/weaver/popl20-send-receive.wvr.yml	unreach-call	true					TIMEOUT	11.021412863	11.010045397037175	422.060032
cbmc/sv-benchmarks/c/weaver/parallel-ticket-8.wvr.yml	unreach-call	true					false(unreach-call)	2.994363748	2.99942700000247	85.585920
cbmc/sv-benchmarks/c/weaver/chl-chromosome-trans.wvr.yml	unreach-call	true					true	6.172063923	6.177175802993588	51.208192
cbmc/sv-benchmarks/c/weaver/chl-chromosome-subst.wvr.yml	unreach-call	true					true	7.374782056	7.385616395971738	49.086464
cbmc/sv-benchmarks/c/weaver/chl-word-trans.wvr.yml	unreach-call	true					TIMEOUT	11.009195122	11.007255361007992	209.649664
cbmc/sv-benchmarks/c/weaver/parallel-bakery-3.wvr.yml	unreach-call	true					true	7.633560124	7.650105595996138	30.670848
cbmc/sv-benchmarks/c/weaver/popl20-bad-dot-product-alt.wvr.yml	unreach-call	true					TIMEOUT	11.031248597	11.009020235971548	467.857408
cbmc/sv-benchmarks/c/weaver/chl-collitem-trans.wvr.yml	unreach-call	true					true	1.824548188	1.844061570998747	20.500480
cbmc/sv-benchmarks/c/weaver/chl-word-subst.wvr.yml	unreach-call	true					TIMEOUT	11.01251595	11.007354952045716	220.459008
cbmc/sv-benchmarks/c/weaver/chl-collitem-subst.wvr.yml	unreach-call	true					true	1.990721176	2.006464578968007	20.676608
cbmc/sv-benchmarks/c/weaver/popl20-queue-add-3.wvr.yml	unreach-call	true					TIMEOUT	10.996157313	11.007517322956119	823.476224
cbmc/sv-benchmarks/c/weaver/popl20-horseshoe.wvr.yml	unreach-call	true					TIMEOUT	11.046802755	11.009827204979956	834.166784
cbmc/sv-benchmarks/c/weaver/parallel-barrier-loop.wvr.yml	unreach-call	false					false(unreach-call)	3.790397388	3.8088962780311704	58.691584
cbmc/sv-benchmarks/c/weaver/popl20-more-queue-add-3-nl.wvr.yml	unreach-call	true					TIMEOUT	11.034527133	11.00674938596785	835.186688
cbmc/sv-benchmarks/c/weaver/chl-node-symm.wvr.yml	unreach-call	true					TIMEOUT	11.018636543	11.007009619032033	283.267072
cbmc/sv-benchmarks/c/weaver/parallel-parallel-sum-1.wvr.yml	unreach-call	true					TIMEOUT	11.038241168	11.0095547150122	1374.949376
cbmc/sv-benchmarks/c/weaver/parallel-parallel-sum-equiv.wvr.yml	unreach-call	true					TIMEOUT	11.052680176	11.007403404044453	973.463552
cbmc/sv-benchmarks/c/weaver/popl20-bad-ring.wvr.yml	unreach-call	true					TIMEOUT	11.044149627	11.007495588972233	904.339456
cbmc/sv-benchmarks/c/weaver/chl-name-comparator-symm.wvr.yml	unreach-call	true					TIMEOUT	11.015903378	11.00712044298416	218.439680
cbmc/sv-benchmarks/c/weaver/popl20-prod-cons3.wvr.yml	unreach-call	true					TIMEOUT	10.996716321	11.009152329002973	882.622464
cbmc/sv-benchmarks/c/weaver/popl20-bad-ring-nondet.wvr.yml	unreach-call	true					TIMEOUT	11.068453999	11.010295617044903	1258.405888
cbmc/sv-benchmarks/c/weaver/popl20-more-buffer-mult2.wvr.yml	unreach-call	true					TIMEOUT	11.042901993	11.009743786999024	820.908032
cbmc/sv-benchmarks/c/weaver/popl20-bad-buffer-mult-alt2.wvr.yml	unreach-call	true					TIMEOUT	11.050012112	11.007461270026397	809.177088
cbmc/sv-benchmarks/c/weaver/popl20-more-buffer-mult.wvr.yml	unreach-call	true					TIMEOUT	11.009319446	11.007609372958541	681.938944
cbmc/sv-benchmarks/c/weaver/popl20-more-buffer-mult3.wvr.yml	unreach-call	false					false(unreach-call)	2.112937923	2.1212024569977075	70.365184
cbmc/sv-benchmarks/c/weaver/popl20-more-buffer-series2.wvr.yml	unreach-call	true					TIMEOUT	11.062327235	11.007522576022893	983.166976
cbmc/sv-benchmarks/c/weaver/chl-node-trans.wvr.yml	unreach-call	true					TIMEOUT	11.022832143	11.00782108400017	353.202176
cbmc/sv-benchmarks/c/weaver/parallel-parallel-sum-2.wvr.yml	unreach-call	true					TIMEOUT	11.000782576	11.011988115031272	120.467456
cbmc/sv-benchmarks/c/weaver/chl-node-subst.wvr.yml	unreach-call	true					TIMEOUT	10.977936104	11.003713780024555	247.111680
cbmc/sv-benchmarks/c/weaver/popl20-bad-buffer-mult-alt.wvr.yml	unreach-call	true					TIMEOUT	11.038280835	11.010255598986987	816.701440
cbmc/sv-benchmarks/c/weaver/popl20-bad-buffer-mult-alt3.wvr.yml	unreach-call	false					false(unreach-call)	0.559388679	0.5672477249754593	51.077120
cbmc/sv-benchmarks/c/weaver/popl20-more-buffer-series.wvr.yml	unreach-call	true					TIMEOUT	11.057486604	11.010507263999898	1011.261440
cbmc/sv-benchmarks/c/weaver/popl20-more-buffer-series3.wvr.yml	unreach-call	false					false(unreach-call)	2.296080666	2.3030217139748856	84.885504
cbmc/sv-benchmarks/c/weaver/parallel-parallel-sum-1-dsl.wvr.yml	unreach-call	true					TIMEOUT	11.039353994	11.005854284972884	704.438272
cbmc/sv-benchmarks/c/weaver/popl20-commit-1.wvr.yml	unreach-call	true					TIMEOUT	11.056219301	11.007815496996045	1833.046016
cbmc/sv-benchmarks/c/weaver/parallel-bakery-4.wvr.yml	unreach-call	true					TIMEOUT	11.005258948	11.00922313798219	58.413056
cbmc/sv-benchmarks/c/weaver/popl20-prod-cons-eq.wvr.yml	unreach-call	true					TIMEOUT	11.02844846	11.007296980998944	401.219584
cbmc/sv-benchmarks/c/weaver/chl-name-comparator-trans.wvr.yml	unreach-call	true					TIMEOUT	11.017246454	11.00833549600793	287.940608
cbmc/sv-benchmarks/c/weaver/chl-name-comparator-subst.wvr.yml	unreach-call	true					TIMEOUT	10.976727988	11.00707806297578	283.394048
cbmc/sv-benchmarks/c/weaver/chl-nzb-file-symm.wvr.yml	unreach-call	true					TIMEOUT	11.029613399	11.009711802005768	448.585728
cbmc/sv-benchmarks/c/weaver/popl20-bad-commit-1.wvr-bad.yml	unreach-call	true					TIMEOUT	11.089181118	11.00901427003555	1718.919168
cbmc/sv-benchmarks/c/weaver/popl20-commit-2.wvr.yml	unreach-call	true					TIMEOUT	11.004520516	11.010326065996196	270.819328
cbmc/sv-benchmarks/c/weaver/chl-nzb-file-trans.wvr.yml	unreach-call	true					TIMEOUT	11.005199465	11.011031641042791	587.153408
cbmc/sv-benchmarks/c/weaver/popl20-bad-commit-2.wvr-bad.yml	unreach-call	true					TIMEOUT	11.004770943	11.010583862953354	277.245952
cbmc/sv-benchmarks/c/weaver/chl-nzb-file-subst.wvr.yml	unreach-call	true					TIMEOUT	11.034118074	11.007160333974753	557.826048
cbmc/sv-benchmarks/c/weaver/chl-poker-hand-symm.wvr.yml	unreach-call	true					TIMEOUT	11.050381475	11.003294935973827	871.985152
cbmc/sv-benchmarks/c/weaver/chl-poker-hand-trans.wvr.yml	unreach-call	true					TIMEOUT	11.01330255	11.007833703013603	875.098112
cbmc/sv-benchmarks/c/weaver/chl-poker-hand-subst.wvr.yml	unreach-call	true					TIMEOUT	11.059164924	11.009789916977752	895.168512
cbmc/sv-benchmarks/c/pthread-ext/28_buggy_simple_loop1_vf.yml	unreach-call	false					false(unreach-call)	0.133085445	0.14283516799332574	7.806976
cbmc/sv-benchmarks/c/pthread-atomic/read_write_lock-1.yml	unreach-call	true					false(unreach-call)	6.831073293	6.840473724005278	215.175168
cbmc/sv-benchmarks/c/pthread-ext/14_spin2003.yml	unreach-call	true					TIMEOUT	11.023272392	11.010806786012836	343.785472
cbmc/sv-benchmarks/c/pthread-ext/29_conditionals_vs.yml	unreach-call	true					TIMEOUT	10.984878334	11.00632729101926	256.348160
cbmc/sv-benchmarks/c/pthread-ext/48_ticket_lock_low_contention_vs-pthread.yml	unreach-call	true					false(unreach-call)	0.689549051	0.69395478698425	62.468096
cbmc/sv-benchmarks/c/pthread-ext/46_monabsex2_vs.yml	unreach-call	true					TIMEOUT	11.010322509	11.007860740006436	151.756800
cbmc/sv-benchmarks/c/pthread-ext/45_monabsex1_vs.yml	unreach-call	true					TIMEOUT	11.013698711	11.011527321010362	201.936896
cbmc/sv-benchmarks/c/pthread-divine/tls_destructor_worker.yml	unreach-call	false					false(unreach-call)	0.140817232	0.151527812005952	7.966720
cbmc/sv-benchmarks/c/pthread-ext/31_simple_loop5_vs.yml	unreach-call	true					TIMEOUT	11.019891781	11.010903926973697	305.659904
cbmc/sv-benchmarks/c/pthread/stateful01-1.yml	unreach-call	false					false(unreach-call)	5.529093735	5.535609747981653	134.295552
cbmc/sv-benchmarks/c/pthread/stateful01-2.yml	unreach-call	true					TIMEOUT	10.968913044	11.004892971017398	143.867904
cbmc/sv-benchmarks/c/pthread-atomic/time_var_mutex.yml	unreach-call	true					ERROR (6)	0.118957874	0.12543170398566872	8.134656
cbmc/sv-benchmarks/c/pthread-ext/01b_inc.yml	unreach-call	true					TIMEOUT	11.04174059	11.008350071962923	697.872384
cbmc/sv-benchmarks/c/pthread-ext/40_barrier_vf.yml	unreach-call	false					TIMEOUT	11.02379308	11.0043377809925	413.437952
cbmc/sv-benchmarks/c/pthread/triangular-1.yml	unreach-call	true					TIMEOUT	11.002648112	11.007522617990617	19.251200
cbmc/sv-benchmarks/c/pthread/triangular-2.yml	unreach-call	false					false(unreach-call)	2.329051502	2.338394783961121	14.438400
cbmc/sv-benchmarks/c/pthread-ext/09_fmaxsym-zero.yml	unreach-call	true					TIMEOUT	10.983290207	11.011612134985626	132.321280
cbmc/sv-benchmarks/c/pthread/triangular-longer-1.yml	unreach-call	true					TIMEOUT	11.001313569	11.007391510996968	22.822912
cbmc/sv-benchmarks/c/pthread-ext/35_double_lock_p3_vs.yml	unreach-call	true					TIMEOUT	11.024824316	11.01037777698366	310.444032
cbmc/sv-benchmarks/c/pthread/triangular-longest-1.yml	unreach-call	true					TIMEOUT	11.003756307	11.011093538021669	29.532160
cbmc/sv-benchmarks/c/pthread/triangular-longer-2.yml	unreach-call	false					TIMEOUT	10.952992531	11.00625057599973	27.627520
cbmc/sv-benchmarks/c/pthread/triangular-longest-2.yml	unreach-call	false					TIMEOUT	10.997268766	11.009595979005098	22.200320
cbmc/sv-benchmarks/c/pthread-ext/02_inc_cas.yml	unreach-call	true					TIMEOUT	11.038036514	11.010987383022439	601.178112
cbmc/sv-benchmarks/c/pthread-ext/36_stack_cas_p0_vs_concur.yml	unreach-call	true					TIMEOUT	11.018626842	11.009531083982438	332.488704
cbmc/sv-benchmarks/c/goblint-regression/28-race_reach_21-deref_read_racing.yml	unreach-call	false					TIMEOUT	11.026920466	11.011502138047945	1006.661632
cbmc/sv-benchmarks/c/pthread-ext/18_read_write_lock.yml	unreach-call	true					false(unreach-call)	1.230436503	1.2387532189604826	46.813184
cbmc/sv-benchmarks/c/pthread-ext/11_fmaxsymopt-zero.yml	unreach-call	true					TIMEOUT	11.019092085	11.009612471039873	441.135104
cbmc/sv-benchmarks/c/pthread-ext/09_fmaxsym.yml	unreach-call	true					TIMEOUT	11.048252853	11.006800436007325	802.988032
cbmc/sv-benchmarks/c/pthread-ext/48_ticket_lock_low_contention_vs.yml	unreach-call	true					false(unreach-call)	0.159844448	0.16584469197550789	7.852032
cbmc/sv-benchmarks/c/goblint-regression/28-race_reach_22-deref_read_racefree.yml	unreach-call	true					TIMEOUT	11.051282551	11.010867059987504	1006.333952
cbmc/sv-benchmarks/c/goblint-regression/28-race_reach_37-indirect_racing.yml	unreach-call	false					TIMEOUT	11.012695609	11.010297931963578	992.530432
cbmc/sv-benchmarks/c/goblint-regression/28-race_reach_45-escape_racing.yml	unreach-call	false					false(unreach-call)	3.095494672	3.1032653090078384	71.507968
cbmc/sv-benchmarks/c/goblint-regression/28-race_reach_46-escape_racefree.yml	unreach-call	true					true	9.869564878	9.882923432975076	99.123200
cbmc/sv-benchmarks/c/pthread-ext/39_rand_lock_p0_vs.yml	unreach-call	true					TIMEOUT	11.015577033	11.004806784039829	370.008064
cbmc/sv-benchmarks/c/pthread-ext/37_stack_lock_p0_vs_concur.yml	unreach-call	true					TIMEOUT	11.035983352	11.009263693005778	624.910336
cbmc/sv-benchmarks/c/goblint-regression/28-race_reach_41-trylock_racefree.yml	unreach-call	true					TIMEOUT	11.021017473	11.00903771695448	1008.300032
cbmc/sv-benchmarks/c/goblint-regression/28-race_reach_05-lockfuns_racefree.yml	unreach-call	true					TIMEOUT	11.064045349	11.006127315980848	1004.879872
cbmc/sv-benchmarks/c/goblint-regression/28-race_reach_36-indirect_racefree.yml	unreach-call	true					TIMEOUT	11.053205729	11.008734213013668	1007.456256
cbmc/sv-benchmarks/c/pthread-ext/11_fmaxsymopt.yml	unreach-call	true					TIMEOUT	11.021451796	11.006958496000152	400.228352
cbmc/sv-benchmarks/c/goblint-regression/28-race_reach_01-simple_racing.yml	unreach-call	false					TIMEOUT	11.001034972	11.006803685042541	1006.030848
cbmc/sv-benchmarks/c/goblint-regression/28-race_reach_02-simple_racefree.yml	unreach-call	true					TIMEOUT	11.0461892	11.00925822998397	1006.043136
cbmc/sv-benchmarks/c/goblint-regression/28-race_reach_11-ptr_racing.yml	unreach-call	false					TIMEOUT	11.041965296	11.011355496011674	912.826368
cbmc/sv-benchmarks/c/goblint-regression/28-race_reach_12-ptr_racefree.yml	unreach-call	true					TIMEOUT	11.049342296	11.01040395104792	912.789504
cbmc/sv-benchmarks/c/pthread-divine/tls_basic.yml	unreach-call	true					true	0.296155121	0.3048008109908551	12.791808
cbmc/sv-benchmarks/c/pthread-deagle/circular_buffer_bad.yml	unreach-call	false					TIMEOUT	10.987889844	11.007601512013935	246.505472
cbmc/sv-benchmarks/c/pthread/fib_safe-5.yml	unreach-call	true					TIMEOUT	11.019093768	11.007493849960156	310.562816
cbmc/sv-benchmarks/c/pthread/fib_safe-6.yml	unreach-call	true					TIMEOUT	11.021286704	11.007056472008117	314.937344
cbmc/sv-benchmarks/c/pthread/fib_safe-7.yml	unreach-call	true					TIMEOUT	11.024297337	11.010958614002448	305.635328
cbmc/sv-benchmarks/c/pthread/fib_unsafe-5.yml	unreach-call	false					TIMEOUT	10.976734472	11.007686829019804	310.566912
cbmc/sv-benchmarks/c/pthread/fib_unsafe-6.yml	unreach-call	false					TIMEOUT	11.018711047	11.009082056989428	295.620608
cbmc/sv-benchmarks/c/pthread/fib_unsafe-7.yml	unreach-call	false					TIMEOUT	11.017892554	11.006298638007138	297.111552
cbmc/sv-benchmarks/c/pthread/fib_safe-10.yml	unreach-call	true					TIMEOUT	11.021141501	11.010631359997205	306.917376
cbmc/sv-benchmarks/c/pthread/fib_safe-11.yml	unreach-call	true					TIMEOUT	10.98950044	11.011369969986845	296.566784
cbmc/sv-benchmarks/c/pthread/fib_safe-12.yml	unreach-call	true					TIMEOUT	11.022046381	11.007273607014213	305.758208
cbmc/sv-benchmarks/c/pthread/fib_unsafe-10.yml	unreach-call	false					TIMEOUT	11.01561188	11.00615262100473	286.363648
cbmc/sv-benchmarks/c/pthread/fib_unsafe-11.yml	unreach-call	false					TIMEOUT	11.01245583	11.008862974005751	288.141312
cbmc/sv-benchmarks/c/pthread/fib_unsafe-12.yml	unreach-call	false					TIMEOUT	10.974648001	11.004104638006538	293.203968
cbmc/sv-benchmarks/c/goblint-regression/28-race_reach_40-trylock_racing.yml	unreach-call	false					TIMEOUT	11.049052259	11.008601254958194	995.102720
cbmc/sv-benchmarks/c/goblint-regression/28-race_reach_24-sound_lock_racing.yml	unreach-call	false					TIMEOUT	11.064798249	11.007495418016333	991.789056
cbmc/sv-benchmarks/c/goblint-regression/28-race_reach_51-mutexptr_racefree.yml	unreach-call	true					TIMEOUT	11.063062847	11.008144120045472	1006.473216
cbmc/sv-benchmarks/c/pthread-ext/03_incdec.yml	unreach-call	true					TIMEOUT	11.009097312	11.003636019013356	646.963200
cbmc/sv-benchmarks/c/pthread/lazy01.yml	unreach-call	false					false(unreach-call)	1.530576515	1.5350469879922457	88.539136
cbmc/sv-benchmarks/c/pthread-deagle/circular_buffer_ok.yml	unreach-call	true					TIMEOUT	11.017379012	11.008888163021766	243.609600
cbmc/sv-benchmarks/c/goblint-regression/28-race_reach_19-callback_racing.yml	unreach-call	false					TIMEOUT	11.038761062	11.010183687962126	949.338112
cbmc/sv-benchmarks/c/goblint-regression/28-race_reach_20-callback_racefree.yml	unreach-call	true					TIMEOUT	11.05260146	11.00777318503242	968.515584
cbmc/sv-benchmarks/c/pthread-ext/04_incdec_cas.yml	unreach-call	true					TIMEOUT	10.992620076	11.010797250026371	564.723712
cbmc/sv-benchmarks/c/goblint-regression/28-race_reach_23-sound_unlock_racing.yml	unreach-call	false					TIMEOUT	11.058036503	11.008399141021073	946.581504
cbmc/sv-benchmarks/c/goblint-regression/28-race_reach_03-munge_racing.yml	unreach-call	false					TIMEOUT	11.05606661	11.009743547998369	1041.313792
cbmc/sv-benchmarks/c/goblint-regression/28-race_reach_04-munge_racefree.yml	unreach-call	true					TIMEOUT	11.054722846	11.010595190979075	1041.330176
cbmc/sv-benchmarks/c/goblint-regression/28-race_reach_09-ptrmunge_racing.yml	unreach-call	false					TIMEOUT	11.033467282	11.011072022025473	1108.324352
cbmc/sv-benchmarks/c/goblint-regression/28-race_reach_10-ptrmunge_racefree.yml	unreach-call	true					TIMEOUT	11.059010104	11.007674888009205	1108.275200
cbmc/sv-benchmarks/c/goblint-regression/28-race_reach_61-invariant_racing.yml	unreach-call	false					TIMEOUT	11.06207667	11.009993444022257	1220.763648
cbmc/sv-benchmarks/c/goblint-regression/28-race_reach_60-invariant_racefree.yml	unreach-call	true					TIMEOUT	11.055127426	11.009582881990355	1063.432192
cbmc/sv-benchmarks/c/pthread-atomic/read_write_lock-2.yml	unreach-call	false					false(unreach-call)	0.23835176	0.2490628089872189	14.934016
cbmc/sv-benchmarks/c/pthread-lit/qw2004-2b.yml	unreach-call	false					false(unreach-call)	0.139411645	0.1472786309896037	7.888896
cbmc/sv-benchmarks/c/pthread-ext/26_stack_cas.yml	unreach-call	true					TIMEOUT	10.95489257	11.006695844000205	361.152512
cbmc/sv-benchmarks/c/pthread-ext/26_stack_cas_longer-2.yml	unreach-call	true					TIMEOUT	11.124699736	11.012222972000018	2358.566912
cbmc/sv-benchmarks/c/pthread-ext/26_stack_cas_longest-2.yml	unreach-call	true					OUT OF MEMORY	9.530532335	9.332462292979471	3999.997952
cbmc/sv-benchmarks/c/pthread-ext/26_stack_cas_longer-1.yml	unreach-call	false					false(unreach-call)	7.906245664	7.916722197027411	1922.838528
cbmc/sv-benchmarks/c/pthread-ext/26_stack_cas_longest-1.yml	unreach-call	false					OUT OF MEMORY	9.617774451	9.413786584045738	3999.997952
cbmc/sv-benchmarks/c/pthread-ext/25_stack.yml	unreach-call	true					TIMEOUT	11.052075683	11.009137251996435	814.985216
cbmc/sv-benchmarks/c/pthread-ext/25_stack_longer-2.yml	unreach-call	true					TIMEOUT	11.095842358	11.004160046984907	1485.279232
cbmc/sv-benchmarks/c/pthread-ext/25_stack_longest-1.yml	unreach-call	true					TIMEOUT	11.118066224	11.007162224967033	2104.381440
cbmc/sv-benchmarks/c/pthread-ext/25_stack_longer-1.yml	unreach-call	false					TIMEOUT	11.045054632	11.007277494005393	1450.270720
cbmc/sv-benchmarks/c/pthread-ext/25_stack_longest-2.yml	unreach-call	false					TIMEOUT	11.134971058	11.006563655042555	2020.896768
cbmc/sv-benchmarks/c/pthread-ext/08_rand_cas.yml	unreach-call	true					TIMEOUT	11.012770328	11.011366289982107	174.157824
cbmc/sv-benchmarks/c/goblint-regression/28-race_reach_42-trylock2_racefree.yml	unreach-call	true					TIMEOUT	11.088964523	11.006656815996394	1302.982656
cbmc/sv-benchmarks/c/pthread-wmm/safe029_tso.yml	unreach-call	true					true	0.183488965	0.1942583080381155	7.864320
cbmc/sv-benchmarks/c/pthread-wmm/safe010_tso.yml	unreach-call	true					true	0.178204023	0.18277618300635368	7.921664
cbmc/sv-benchmarks/c/pthread-wmm/safe033_tso.yml	unreach-call	true					true	0.194597143	0.20304686902090907	7.897088
cbmc/sv-benchmarks/c/pthread-wmm/safe022_tso.yml	unreach-call	true					true	0.184666896	0.1950974949868396	7.897088
cbmc/sv-benchmarks/c/pthread-wmm/safe006_pso.oepc_pso.opt_tso.oepc_tso.opt-thin000_pso.oepc_pso.opt_tso.oepc_tso.opt.yml	unreach-call	true					true	0.179749006	0.18444546801038086	7.938048
cbmc/sv-benchmarks/c/pthread-wmm/safe036.yml	unreach-call	true					true	0.1991804	0.20712622097926214	7.872512
cbmc/sv-benchmarks/c/pthread-wmm/safe030_tso.yml	unreach-call	true					true	0.250643733	0.261234644043725	7.954432
cbmc/sv-benchmarks/c/pthread-wmm/safe017_tso.yml	unreach-call	true					true	0.221105699	0.23193134495522827	7.872512
cbmc/sv-benchmarks/c/pthread-wmm/safe011_tso.yml	unreach-call	true					true	0.219823888	0.22720210900297388	7.847936
cbmc/sv-benchmarks/c/pthread-wmm/safe026_tso.yml	unreach-call	true					true	0.238761713	0.24570382799720392	8.056832
cbmc/sv-benchmarks/c/pthread-atomic/peterson.yml	unreach-call	true					true	0.230686143	0.23532203200738877	7.917568
cbmc/sv-benchmarks/c/pthread-wmm/safe009_pso.oepc_pso.opt_tso.oepc_tso.opt.yml	unreach-call	true					true	0.202988059	0.20631329400930554	7.917568
cbmc/sv-benchmarks/c/pthread-wmm/safe031_tso.yml	unreach-call	true					true	0.256833752	0.26506888802396134	7.974912
cbmc/sv-benchmarks/c/pthread-wmm/safe001_tso.yml	unreach-call	true					true	0.205058663	0.2128460539970547	7.888896
cbmc/sv-benchmarks/c/pthread-wmm/safe004_tso.yml	unreach-call	true					true	0.233816196	0.24256996298208833	7.966720
cbmc/sv-benchmarks/c/pthread-wmm/safe008_tso.yml	unreach-call	true					true	0.221365189	0.2294233480351977	7.913472
cbmc/sv-benchmarks/c/pthread-wmm/safe021_tso.yml	unreach-call	true					true	0.238764407	0.24606246798066422	7.888896
cbmc/sv-benchmarks/c/pthread-wmm/safe020_pso.oepc_pso.opt_tso.oepc_tso.opt.yml	unreach-call	true					true	0.240569607	0.24739299801876768	7.884800
cbmc/sv-benchmarks/c/pthread-wmm/safe018_pso.oepc_pso.opt_tso.oepc_tso.opt.yml	unreach-call	true					true	0.206725398	0.21415326202986762	7.823360
cbmc/sv-benchmarks/c/pthread-wmm/safe013_tso.yml	unreach-call	true					true	0.232021179	0.24049576499965042	7.905280
cbmc/sv-benchmarks/c/pthread-wmm/safe015_pso.oepc_pso.opt_tso.oepc_tso.opt.yml	unreach-call	true					true	0.227580232	0.23557421198347583	7.933952
cbmc/sv-benchmarks/c/pthread-wmm/safe002_tso.yml	unreach-call	true					true	0.229358962	0.2385522819822654	7.954432
cbmc/sv-benchmarks/c/pthread-wmm/safe003_tso.yml	unreach-call	true					true	0.180775951	0.18919062102213502	7.958528
cbmc/sv-benchmarks/c/pthread-wmm/safe012_tso.yml	unreach-call	true					true	0.247604881	0.25495678099105135	7.909376
cbmc/sv-benchmarks/c/pthread-wmm/safe028_pso.oepc_pso.opt_tso.oepc_tso.opt.yml	unreach-call	true					true	0.238253431	0.24681698699714616	7.856128
cbmc/sv-benchmarks/c/pthread-wmm/safe032_tso.yml	unreach-call	true					true	0.248937672	0.25514882698189467	7.938048
cbmc/sv-benchmarks/c/pthread-wmm/safe000_pso.oepc_pso.opt_tso.oepc_tso.opt.yml	unreach-call	true					true	0.188234393	0.19618332298705354	7.847936
cbmc/sv-benchmarks/c/pthread-wmm/safe014_pso.oepc_pso.opt_tso.oepc_tso.opt.yml	unreach-call	true					true	0.239262855	0.24842697998974472	7.946240
cbmc/sv-benchmarks/c/pthread-wmm/safe034_tso.yml	unreach-call	true					true	0.24723567	0.2529335140134208	7.962624
cbmc/sv-benchmarks/c/pthread-wmm/safe005_tso.yml	unreach-call	true					true	0.231978722	0.23995614901650697	7.847936
cbmc/sv-benchmarks/c/pthread-wmm/safe023_tso.yml	unreach-call	true					true	0.250662967	0.2579786669812165	7.913472
cbmc/sv-benchmarks/c/pthread-wmm/safe024_tso.yml	unreach-call	true					true	0.353204167	0.35938574495958164	7.811072
cbmc/sv-benchmarks/c/pthread-wmm/safe007_pso.oepc_pso.opt_tso.oepc_tso.opt-thin001_pso.oepc_pso.opt_tso.oepc_tso.opt.yml	unreach-call	true					true	0.187979528	0.19414474698714912	7.917568
cbmc/sv-benchmarks/c/pthread-atomic/szymanski.yml	unreach-call	true					true	0.23851221	0.24697572301374748	8.921088
cbmc/sv-benchmarks/c/pthread-wmm/safe025_pso.oepc_pso.opt_tso.oepc_tso.opt.yml	unreach-call	true					true	0.277682941	0.28623191895894706	8.171520
cbmc/sv-benchmarks/c/pthread-wmm/safe037.yml	unreach-call	true					true	0.414629416	0.41944336297456175	7.901184
cbmc/sv-benchmarks/c/pthread-wmm/safe035_pso.oepc_pso.opt_rmo.oepc_rmo.opt_tso.oepc_tso.opt.yml	unreach-call	true					true	0.300192754	0.30695379996905103	7.905280
cbmc/sv-benchmarks/c/pthread-wmm/safe016_pso.oepc_pso.opt_tso.oepc_tso.opt.yml	unreach-call	true					true	0.375459442	0.3833629480213858	9.383936
cbmc/sv-benchmarks/c/pthread-atomic/lamport.yml	unreach-call	true					true	0.971537516	0.9779036840191111	14.106624
cbmc/sv-benchmarks/c/pthread-wmm/safe019_pso.oepc_pso.opt_tso.oepc_tso.opt.yml	unreach-call	true					true	0.39662528	0.4050037380075082	9.441280
cbmc/sv-benchmarks/c/pthread-wmm/safe027_pso.oepc_pso.opt_tso.oepc_tso.opt.yml	unreach-call	true					true	0.510806628	0.5149869089946151	9.768960
cbmc/sv-benchmarks/c/pthread-atomic/dekker.yml	unreach-call	true					TIMEOUT	10.959903444	11.007020976976492	258.920448
cbmc/sv-benchmarks/c/pthread-atomic/dekker-unfair.yml	unreach-call	true					TIMEOUT	10.974458	11.007287364976946	258.891776
cbmc/sv-benchmarks/c/pthread-wmm/thin002_pso.oepc_pso.opt_tso.oepc_tso.opt.yml	unreach-call	true					true	0.209774994	0.21261920902179554	8.454144
cbmc/sv-benchmarks/c/pthread-theta/unwind3-1.yml	unreach-call	false					false(unreach-call)	0.365736616	0.3742527110152878	20.185088
cbmc/sv-benchmarks/c/pthread-theta/unwind3-100.yml	unreach-call	false					false(unreach-call)	0.141150844	0.1466341749764979	7.872512
cbmc/sv-benchmarks/c/pthread-theta/unwind3-nondet.yml	unreach-call	false					false(unreach-call)	0.147115118	0.15011826204136014	8.019968
cbmc/sv-benchmarks/c/pthread-theta/unwind1-1.yml	unreach-call	false					false(unreach-call)	0.263764618	0.2690058780135587	7.946240
cbmc/sv-benchmarks/c/pthread-theta/unwind1-100.yml	unreach-call	false					false(unreach-call)	1.019161356	1.0282232079771347	14.520320
cbmc/sv-benchmarks/c/pthread-theta/exponential-4.yml	unreach-call	true					true	0.458242554	0.4623648530105129	25.899008
cbmc/sv-benchmarks/c/pthread-theta/exponential-64.yml	unreach-call	true					TIMEOUT	11.025989781	11.007065118988976	320.192512
cbmc/sv-benchmarks/c/pthread-theta/unwind1-nondet.yml	unreach-call	false					false(unreach-call)	0.136208686	0.14430006901966408	7.909376
cbmc/sv-benchmarks/c/pthread-theta/exponential-nondet.yml	unreach-call	true					false(unreach-call)	0.199642884	0.2025738399825059	15.552512
cbmc/sv-benchmarks/c/pthread-theta/unwind2-1.yml	unreach-call	false					false(unreach-call)	0.14038649	0.14878193102777004	7.966720
cbmc/sv-benchmarks/c/pthread-theta/unwind2-100.yml	unreach-call	false					false(unreach-call)	1.24539384	1.2619333370239474	23.060480
cbmc/sv-benchmarks/c/pthread-theta/unwind2-nondet.yml	unreach-call	false					false(unreach-call)	0.14126652	0.14843208395177498	7.847936
cbmc/sv-benchmarks/c/pthread-ext/43_NetBSD_sysmon_power_sliced-pthread.yml	unreach-call	true					TIMEOUT	11.064803653	11.009926141006872	914.833408
cbmc/sv-benchmarks/c/pthread/butterfly.yml	unreach-call	true					true	4.083494781	4.091577736020554	30.707712
cbmc/sv-benchmarks/c/pthread-theta/wsc.yml	unreach-call	true					true	3.7423913	3.749084360024426	28.463104
cbmc/sv-benchmarks/c/pthread-ext/43_NetBSD_sysmon_power_sliced.yml	unreach-call	true					TIMEOUT	11.016642345	11.008295141975395	197.144576
cbmc/sv-benchmarks/c/pthread-wmm/safe033_power.oepc_power.opt_pso.oepc_pso.opt_rmo.oepc_rmo.opt.yml	unreach-call	false					false(unreach-call)	0.203317904	0.21155668201390654	9.506816
cbmc/sv-benchmarks/c/pthread-wmm/mix034_pso.opt_tso.opt.yml	unreach-call	false					false(unreach-call)	0.208318846	0.21620397601509467	9.797632
cbmc/sv-benchmarks/c/pthread-wmm/rfi004.yml	unreach-call	false					false(unreach-call)	0.196111336	0.20415018097264692	9.838592
cbmc/sv-benchmarks/c/pthread-wmm/safe029_power.opt_pso.opt_rmo.opt.yml	unreach-call	false					false(unreach-call)	0.186549814	0.19368459796532989	11.915264
cbmc/sv-benchmarks/c/pthread-wmm/safe029_power.oepc_pso.oepc_rmo.oepc.yml	unreach-call	false					false(unreach-call)	0.220971709	0.22828628396382555	11.882496
cbmc/sv-benchmarks/c/pthread-wmm/rfi003_power.oepc_power.opt_pso.oepc_pso.opt_rmo.oepc_rmo.opt.yml	unreach-call	false					false(unreach-call)	0.287949715	0.29544987698318437	10.878976
cbmc/sv-benchmarks/c/pthread-wmm/mix054_pso.opt_rmo.opt_tso.oepc_tso.opt.yml	unreach-call	false					false(unreach-call)	0.178462426	0.18808908096980304	11.546624
cbmc/sv-benchmarks/c/pthread-wmm/mix054_power.oepc_power.opt_pso.oepc_rmo.oepc.yml	unreach-call	false					false(unreach-call)	0.270607407	0.27989350800635293	13.623296
cbmc/sv-benchmarks/c/pthread-wmm/safe010_power.oepc_power.opt_pso.oepc_pso.opt_rmo.oepc_rmo.opt.yml	unreach-call	false					false(unreach-call)	0.178618213	0.18213204201310873	11.620352
cbmc/sv-benchmarks/c/pthread-wmm/mix031.opt.yml	unreach-call	false					false(unreach-call)	0.246737772	0.253258824988734	12.353536
cbmc/sv-benchmarks/c/pthread-wmm/mix052_pso.opt_rmo.opt_tso.opt.yml	unreach-call	false					false(unreach-call)	0.50100056	0.5072095060022548	13.783040
cbmc/sv-benchmarks/c/pthread-wmm/safe022_power.oepc_power.opt_pso.oepc_pso.opt_rmo.oepc_rmo.opt.yml	unreach-call	false					false(unreach-call)	0.222155393	0.23213556100381538	12.582912
cbmc/sv-benchmarks/c/pthread-wmm/mix022_power.oepc_power.opt_pso.oepc_pso.opt_rmo.oepc_rmo.opt.yml	unreach-call	false					false(unreach-call)	0.189405674	0.19543450698256493	11.776000
cbmc/sv-benchmarks/c/pthread-wmm/rfi007_power.oepc_power.opt_pso.oepc_pso.opt_rmo.oepc_rmo.opt.yml	unreach-call	false					false(unreach-call)	0.269161695	0.27511154901003465	13.639680
cbmc/sv-benchmarks/c/pthread-wmm/mix048_power.oepc_power.opt_pso.oepc_pso.opt_rmo.oepc_rmo.opt_tso.oepc_tso.opt-podwr000_power.oepc_power.opt_pso.oepc_pso.opt_rmo.oepc_rmo.opt_tso.oepc_tso.opt.yml	unreach-call	false					false(unreach-call)	0.277522034	0.2806344219716266	13.582336
cbmc/sv-benchmarks/c/pthread-wmm/safe006_rmo.oepc_rmo.opt-thin000_rmo.oepc_rmo.opt.yml	unreach-call	false					false(unreach-call)	0.221942596	0.22766379197128117	9.674752
cbmc/sv-benchmarks/c/pthread-wmm/rfi000_power.opt_pso.opt_rmo.opt.yml	unreach-call	false					false(unreach-call)	0.210363145	0.2161029150011018	12.783616
cbmc/sv-benchmarks/c/pthread-wmm/mix041_power.oepc_pso.oepc_rmo.oepc.yml	unreach-call	false					false(unreach-call)	0.380844219	0.3835345479892567	13.705216
cbmc/sv-benchmarks/c/pthread-wmm/rfi001_power.oepc_pso.oepc_rmo.oepc.yml	unreach-call	false					false(unreach-call)	0.264184378	0.2725395690067671	13.668352
cbmc/sv-benchmarks/c/pthread-wmm/safe034_power.oepc_power.opt_pso.oepc_pso.opt_rmo.oepc_rmo.opt.yml	unreach-call	false					false(unreach-call)	0.299883994	0.3101049039978534	13.279232
cbmc/sv-benchmarks/c/pthread-wmm/mix041_power.opt_pso.opt_rmo.opt_tso.oepc_tso.opt.yml	unreach-call	false					false(unreach-call)	0.222210409	0.2302090100129135	12.517376
cbmc/sv-benchmarks/c/pthread-wmm/rfi001_power.opt_pso.opt_rmo.opt_tso.oepc_tso.opt.yml	unreach-call	false					false(unreach-call)	0.185532648	0.19307261001085863	11.743232
cbmc/sv-benchmarks/c/pthread-wmm/mix012_power.oepc_power.opt_pso.oepc_rmo.oepc_rmo.opt_tso.oepc.yml	unreach-call	false					false(unreach-call)	0.35850562	0.3663832329912111	13.869056
cbmc/sv-benchmarks/c/pthread-wmm/mix038.opt.yml	unreach-call	false					false(unreach-call)	0.246923546	0.25298707897309214	13.381632
cbmc/sv-benchmarks/c/pthread-wmm/mix034_power.oepc_power.opt_pso.oepc_rmo.oepc_rmo.opt_tso.oepc.yml	unreach-call	false					false(unreach-call)	0.300487527	0.30782322998857126	13.848576
cbmc/sv-benchmarks/c/pthread-wmm/mix035_pso.opt_tso.opt.yml	unreach-call	false					false(unreach-call)	0.225095358	0.23291060799965635	12.533760
cbmc/sv-benchmarks/c/pthread-wmm/safe030_power.opt_pso.opt_rmo.opt.yml	unreach-call	false					false(unreach-call)	0.261880568	0.26780432800296694	14.770176
cbmc/sv-benchmarks/c/pthread-wmm/mix009.oepc.yml	unreach-call	false					false(unreach-call)	0.238516579	0.24448434700025246	13.139968
cbmc/sv-benchmarks/c/pthread-wmm/mix056_power.opt_pso.opt_rmo.opt_tso.oepc_tso.opt.yml	unreach-call	false					false(unreach-call)	0.227849053	0.23517051700036973	13.606912
cbmc/sv-benchmarks/c/pthread-wmm/mix031.oepc.yml	unreach-call	false					false(unreach-call)	0.218435147	0.22854456200730056	13.201408
cbmc/sv-benchmarks/c/pthread-wmm/mix033.opt.yml	unreach-call	false					false(unreach-call)	0.277680549	0.28461816598428413	13.586432
cbmc/sv-benchmarks/c/pthread-wmm/safe031_power.opt_pso.opt_rmo.opt.yml	unreach-call	false					false(unreach-call)	0.306943427	0.313703961961437	14.528512
cbmc/sv-benchmarks/c/pthread-wmm/mix053.opt.yml	unreach-call	false					false(unreach-call)	0.528821331	0.5347626130096614	15.781888
cbmc/sv-benchmarks/c/pthread-wmm/safe031_power.oepc_pso.oepc_rmo.oepc.yml	unreach-call	false					false(unreach-call)	0.378849423	0.38482020498486236	15.335424
cbmc/sv-benchmarks/c/pthread-wmm/mix032.opt.yml	unreach-call	false					false(unreach-call)	0.259974383	0.26839064399246126	13.611008
cbmc/sv-benchmarks/c/pthread-wmm/mix051_pso.opt_rmo.opt_tso.opt.yml	unreach-call	false					false(unreach-call)	0.334525077	0.3443502760492265	15.220736
cbmc/sv-benchmarks/c/pthread-wmm/safe013_power.oepc_power.opt_pso.oepc_pso.opt_rmo.oepc_rmo.opt.yml	unreach-call	false					false(unreach-call)	0.250189238	0.25684819300659	15.011840
cbmc/sv-benchmarks/c/pthread-wmm/safe012_pso.oepc_pso.opt_rmo.opt.yml	unreach-call	false					false(unreach-call)	0.353093265	0.36454039701493457	15.028224
cbmc/sv-benchmarks/c/pthread-wmm/safe002_power.opt_pso.oepc_pso.opt_rmo.opt.yml	unreach-call	false					false(unreach-call)	0.250997211	0.25800064898794517	14.098432
cbmc/sv-benchmarks/c/pthread-wmm/safe018_rmo.oepc.yml	unreach-call	false					false(unreach-call)	0.25352263	0.259324815007858	12.259328
cbmc/sv-benchmarks/c/pthread-wmm/mix045_power.opt_pso.opt_rmo.opt_tso.oepc_tso.opt.yml	unreach-call	false					false(unreach-call)	0.325696146	0.3312947009690106	15.077376
cbmc/sv-benchmarks/c/pthread-wmm/mix025_pso.opt_rmo.opt.yml	unreach-call	false					false(unreach-call)	0.275019351	0.2817923490074463	15.388672
cbmc/sv-benchmarks/c/pthread-wmm/safe005_power.oepc_power.opt_pso.oepc_pso.opt_rmo.oepc_rmo.opt.yml	unreach-call	false					false(unreach-call)	0.279857643	0.2894445320125669	15.409152
cbmc/sv-benchmarks/c/pthread-wmm/safe024_power.oepc_power.opt_pso.oepc_pso.opt_rmo.oepc_rmo.opt.yml	unreach-call	false					false(unreach-call)	0.370728787	0.3763545909896493	15.245312
cbmc/sv-benchmarks/c/pthread-wmm/safe014_rmo.oepc.yml	unreach-call	false					false(unreach-call)	0.227391292	0.23340528301196173	12.378112
cbmc/sv-benchmarks/c/pthread-wmm/mix042.opt.yml	unreach-call	false					false(unreach-call)	0.222793264	0.22499329602578655	13.811712
cbmc/sv-benchmarks/c/pthread-wmm/safe012_rmo.oepc.yml	unreach-call	false					false(unreach-call)	0.312795815	0.320186791010201	12.398592
cbmc/sv-benchmarks/c/pthread-wmm/mix040.opt.yml	unreach-call	false					false(unreach-call)	0.252523859	0.2584447480039671	15.290368
cbmc/sv-benchmarks/c/pthread-wmm/safe007_rmo.oepc_rmo.opt-thin001_rmo.oepc_rmo.opt.yml	unreach-call	false					false(unreach-call)	0.240418332	0.2471104110009037	12.255232
cbmc/sv-benchmarks/c/pthread-wmm/mix016_power.opt_rmo.opt.yml	unreach-call	false					false(unreach-call)	0.298617314	0.30947917100274935	15.634432
cbmc/sv-benchmarks/c/pthread-wmm/safe030_power.oepc_pso.oepc_rmo.oepc.yml	unreach-call	false					false(unreach-call)	0.38196361	0.39102584798820317	17.092608
cbmc/sv-benchmarks/c/pthread-wmm/mix037.opt.yml	unreach-call	false					false(unreach-call)	0.260920117	0.26378080004360527	15.396864
cbmc/sv-benchmarks/c/pthread-wmm/mix039.opt.yml	unreach-call	false					false(unreach-call)	0.224217244	0.22963593696476892	14.368768
cbmc/sv-benchmarks/c/pthread-wmm/safe017_power.oepc_power.opt_pso.oepc_pso.opt_rmo.oepc_rmo.opt.yml	unreach-call	false					false(unreach-call)	0.345541752	0.35128786601126194	17.358848
cbmc/sv-benchmarks/c/pthread-wmm/mix035_power.opt_rmo.opt.yml	unreach-call	false					false(unreach-call)	0.249705816	0.2597473670030013	14.147584
cbmc/sv-benchmarks/c/pthread-wmm/safe011_power.opt_pso.opt.yml	unreach-call	false					false(unreach-call)	0.275466401	0.2800311839673668	16.904192
cbmc/sv-benchmarks/c/pthread-wmm/mix056_power.oepc_pso.oepc_rmo.oepc.yml	unreach-call	false					false(unreach-call)	0.405432157	0.41278928803512827	17.498112
cbmc/sv-benchmarks/c/pthread-wmm/safe011_power.oepc_pso.oepc_rmo.oepc_rmo.opt.yml	unreach-call	false					false(unreach-call)	0.305541807	0.31258295400766656	17.010688
cbmc/sv-benchmarks/c/pthread-wmm/mix036_pso.opt_tso.opt.yml	unreach-call	false					false(unreach-call)	0.300740579	0.31057420099386945	15.360000
cbmc/sv-benchmarks/c/pthread-wmm/safe026_power.oepc_power.opt_pso.oepc_pso.opt_rmo.oepc_rmo.opt.yml	unreach-call	false					false(unreach-call)	0.672586827	0.680445970967412	18.780160
cbmc/sv-benchmarks/c/pthread-wmm/mix024_power.opt_pso.opt_rmo.opt.yml	unreach-call	false					false(unreach-call)	0.727594276	0.7324804899981245	16.318464
cbmc/sv-benchmarks/c/pthread-wmm/mix057_power.opt_pso.opt_rmo.opt_tso.oepc_tso.opt.yml	unreach-call	false					false(unreach-call)	0.241601344	0.24401890201261267	15.384576
cbmc/sv-benchmarks/c/pthread-wmm/safe006_power.oepc-thin000_power.oepc.yml	unreach-call	false					false(unreach-call)	0.182527581	0.18830069398973137	9.306112
cbmc/sv-benchmarks/c/pthread-wmm/mix052_tso.oepc.yml	unreach-call	false					false(unreach-call)	0.30235298	0.3103837540256791	17.301504
cbmc/sv-benchmarks/c/pthread-wmm/safe004_power.opt_pso.opt_rmo.opt.yml	unreach-call	false					false(unreach-call)	0.278093882	0.28584066702751443	17.117184
cbmc/sv-benchmarks/c/pthread-wmm/safe021_power.opt_pso.opt.yml	unreach-call	false					false(unreach-call)	0.331037664	0.33915638097096235	17.301504
cbmc/sv-benchmarks/c/pthread-wmm/safe001_power.opt_pso.oepc_pso.opt_rmo.opt.yml	unreach-call	false					false(unreach-call)	0.252926094	0.26084549695951864	15.904768
cbmc/sv-benchmarks/c/pthread-wmm/mix055.opt.yml	unreach-call	false					false(unreach-call)	0.277509068	0.2836036910302937	16.711680
cbmc/sv-benchmarks/c/pthread-wmm/safe021_power.oepc_pso.oepc_rmo.oepc_rmo.opt.yml	unreach-call	false					false(unreach-call)	0.410580083	0.4154611930134706	17.551360
cbmc/sv-benchmarks/c/pthread-wmm/mix052_power.oepc_power.opt_pso.oepc_rmo.oepc.yml	unreach-call	false					false(unreach-call)	0.227496084	0.23537929396843538	14.589952
cbmc/sv-benchmarks/c/pthread-wmm/safe008_power.oepc_pso.oepc_pso.opt_rmo.oepc_rmo.opt.yml	unreach-call	false					false(unreach-call)	0.561398654	0.5680392240174115	18.747392
cbmc/sv-benchmarks/c/pthread-wmm/mix028_power.opt_pso.opt_rmo.opt.yml	unreach-call	false					false(unreach-call)	0.39940145	0.40876473899697885	17.215488
cbmc/sv-benchmarks/c/pthread-wmm/mix028_power.oepc_pso.oepc_rmo.oepc.yml	unreach-call	false					false(unreach-call)	0.663884674	0.6751804809900932	19.066880
cbmc/sv-benchmarks/c/pthread-wmm/mix019_tso.oepc.yml	unreach-call	false					false(unreach-call)	0.381088497	0.3961372749763541	17.584128
cbmc/sv-benchmarks/c/pthread-wmm/mix045_power.oepc_pso.oepc_rmo.oepc.yml	unreach-call	false					false(unreach-call)	0.64309371	0.6591099160141312	19.275776
cbmc/sv-benchmarks/c/pthread-wmm/mix019_power.oepc_pso.oepc_rmo.oepc.yml	unreach-call	false					false(unreach-call)	0.678597598	0.6821607829770073	19.140608
cbmc/sv-benchmarks/c/pthread-wmm/mix027_power.opt_pso.opt_rmo.opt.yml	unreach-call	false					false(unreach-call)	0.29144326	0.3006766340113245	17.297408
cbmc/sv-benchmarks/c/pthread-wmm/mix025_power.oepc_power.opt_pso.oepc_rmo.oepc_tso.oepc_tso.opt.yml	unreach-call	false					false(unreach-call)	0.638204225	0.644739823997952	19.234816
cbmc/sv-benchmarks/c/pthread-wmm/mix047_power.opt_pso.opt_rmo.opt_tso.oepc_tso.opt.yml	unreach-call	false					false(unreach-call)	0.26557055	0.27367934497306123	16.965632
cbmc/sv-benchmarks/c/pthread-wmm/mix049_power.oepc_power.opt_pso.oepc_pso.opt_rmo.oepc_rmo.opt_tso.oepc_tso.opt-podwr001_power.oepc_power.opt_pso.oepc_pso.opt_rmo.oepc_rmo.opt_tso.oepc_tso.opt.yml	unreach-call	false					false(unreach-call)	0.323318422	0.3269902829779312	17.448960
cbmc/sv-benchmarks/c/pthread-wmm/mix042.oepc.yml	unreach-call	false					false(unreach-call)	0.654049126	0.6612629690207541	19.075072
cbmc/sv-benchmarks/c/pthread-wmm/mix016.oepc.yml	unreach-call	false					false(unreach-call)	0.675981874	0.6846150249475613	19.103744
cbmc/sv-benchmarks/c/pthread-wmm/mix038_tso.oepc.yml	unreach-call	false					false(unreach-call)	0.33408325	0.3439171380014159	17.285120
cbmc/sv-benchmarks/c/pthread-wmm/mix038_power.oepc_pso.oepc_rmo.oepc.yml	unreach-call	false					false(unreach-call)	0.782016674	0.7882475139922462	19.021824
cbmc/sv-benchmarks/c/pthread-wmm/mix044.opt.yml	unreach-call	false					false(unreach-call)	0.279333952	0.28731066902400926	16.928768
cbmc/sv-benchmarks/c/pthread-wmm/mix046.opt.yml	unreach-call	false					false(unreach-call)	0.349265951	0.35480601800372824	17.068032
cbmc/sv-benchmarks/c/pthread-wmm/mix026_pso.opt_rmo.opt.yml	unreach-call	false					false(unreach-call)	0.332946546	0.33725242101354524	17.375232
cbmc/sv-benchmarks/c/pthread-wmm/mix035.oepc.yml	unreach-call	false					false(unreach-call)	0.243302333	0.2469373309868388	16.224256
cbmc/sv-benchmarks/c/pthread-wmm/mix006_power.oepc_pso.oepc_rmo.oepc.yml	unreach-call	false					false(unreach-call)	0.678777777	0.6881737310322933	19.230720
cbmc/sv-benchmarks/c/pthread-wmm/mix043.opt.yml	unreach-call	false					false(unreach-call)	0.329232148	0.3369083059951663	17.035264
cbmc/sv-benchmarks/c/pthread-wmm/mix023_power.opt_pso.opt_rmo.opt.yml	unreach-call	false					false(unreach-call)	0.598490165	0.6066789909964427	18.993152
cbmc/sv-benchmarks/c/pthread-wmm/mix017_power.opt_rmo.opt.yml	unreach-call	false					false(unreach-call)	0.718511084	0.7272553369984962	18.259968
cbmc/sv-benchmarks/c/pthread-wmm/mix012_pso.opt_tso.opt.yml	unreach-call	false					false(unreach-call)	0.256107347	0.2631592119578272	13.553664
cbmc/sv-benchmarks/c/pthread-wmm/mix003.oepc.yml	unreach-call	false					false(unreach-call)	0.260258791	0.2683835909701884	16.437248
cbmc/sv-benchmarks/c/pthread-wmm/thin002_rmo.yml	unreach-call	false					false(unreach-call)	0.297539685	0.30194316402776167	14.184448
cbmc/sv-benchmarks/c/pthread-wmm/mix011_tso.oepc.yml	unreach-call	false					false(unreach-call)	0.306370545	0.3125869280193001	17.481728
cbmc/sv-benchmarks/c/pthread-wmm/rfi010.yml	unreach-call	false					false(unreach-call)	0.235971918	0.23850750195560977	13.504512
cbmc/sv-benchmarks/c/pthread-wmm/mix011_power.oepc_pso.oepc_rmo.oepc.yml	unreach-call	false					false(unreach-call)	0.413802924	0.4169066980248317	17.866752
cbmc/sv-benchmarks/c/pthread-wmm/mix024_power.oepc_pso.oepc_rmo.oepc_tso.oepc_tso.opt.yml	unreach-call	false					false(unreach-call)	0.67187466	0.6775556899956428	19.296256
cbmc/sv-benchmarks/c/pthread-wmm/mix036_power.opt_rmo.opt.yml	unreach-call	false					false(unreach-call)	0.299446873	0.3065477919881232	17.420288
cbmc/sv-benchmarks/c/pthread-wmm/mix033_tso.oepc.yml	unreach-call	false					false(unreach-call)	0.261011957	0.2670874950126745	16.257024
cbmc/sv-benchmarks/c/pthread-wmm/mix010.oepc.yml	unreach-call	false					false(unreach-call)	0.210485292	0.21705265896162018	14.925824
cbmc/sv-benchmarks/c/pthread-wmm/mix015.oepc.yml	unreach-call	false					false(unreach-call)	0.772965876	0.7785542479832657	19.431424
cbmc/sv-benchmarks/c/pthread-wmm/mix033_power.oepc_pso.oepc_rmo.oepc.yml	unreach-call	false					false(unreach-call)	0.310065524	0.31510032602818683	17.575936
cbmc/sv-benchmarks/c/pthread-wmm/mix000.opt.yml	unreach-call	false					false(unreach-call)	0.235083051	0.2445019570295699	13.361152
cbmc/sv-benchmarks/c/pthread-wmm/mix053_tso.oepc.yml	unreach-call	false					false(unreach-call)	0.306644795	0.3128598820185289	19.390464
cbmc/sv-benchmarks/c/pthread-wmm/safe009_rmo.opt.yml	unreach-call	false					false(unreach-call)	0.303051458	0.3064058079617098	15.659008
cbmc/sv-benchmarks/c/pthread-wmm/rfi008.opt.yml	unreach-call	false					false(unreach-call)	0.375836492	0.3844406669959426	14.442496
cbmc/sv-benchmarks/c/pthread-wmm/safe018_power.oepc.yml	unreach-call	false					false(unreach-call)	0.255681225	0.26164572802372277	12.439552
cbmc/sv-benchmarks/c/pthread-wmm/mix032.oepc.yml	unreach-call	false					false(unreach-call)	0.73436648	0.7436973880394362	19.341312
cbmc/sv-benchmarks/c/pthread-wmm/mix030_power.opt_pso.opt_rmo.opt.yml	unreach-call	false					false(unreach-call)	0.339704451	0.3455152859678492	19.197952
cbmc/sv-benchmarks/c/pthread-wmm/mix009.opt.yml	unreach-call	false					false(unreach-call)	0.194800381	0.20277926098788157	12.353536
cbmc/sv-benchmarks/c/pthread-wmm/safe014_power.oepc.yml	unreach-call	false					false(unreach-call)	0.449409519	0.4538944329833612	12.754944
cbmc/sv-benchmarks/c/pthread-wmm/safe012_power.oepc.yml	unreach-call	false					false(unreach-call)	0.197748333	0.20438450702931732	11.821056
cbmc/sv-benchmarks/c/pthread-wmm/mix002.oepc.yml	unreach-call	false					false(unreach-call)	0.696520582	0.7042402309598401	19.566592
cbmc/sv-benchmarks/c/pthread-wmm/safe007_power.oepc-thin001_power.oepc.yml	unreach-call	false					false(unreach-call)	0.178552128	0.18532890098867938	11.677696
cbmc/sv-benchmarks/c/pthread-wmm/mix021_tso.oepc.yml	unreach-call	false					false(unreach-call)	0.749324081	0.7528706000302918	20.705280
cbmc/sv-benchmarks/c/pthread-wmm/mix029_power.opt_pso.opt_rmo.opt.yml	unreach-call	false					false(unreach-call)	0.425088374	0.43036711897002533	19.529728
cbmc/sv-benchmarks/c/pthread-wmm/mix022_tso.yml	unreach-call	false					false(unreach-call)	0.316735482	0.32406318897847086	16.359424
cbmc/sv-benchmarks/c/pthread-wmm/safe006_power.opt-thin000_power.opt.yml	unreach-call	false					false(unreach-call)	0.177146433	0.18517394503578544	12.259328
cbmc/sv-benchmarks/c/pthread-wmm/rfi007_tso.yml	unreach-call	false					false(unreach-call)	0.364494929	0.37286632403265685	16.510976
cbmc/sv-benchmarks/c/pthread-wmm/mix040_tso.oepc.yml	unreach-call	false					false(unreach-call)	0.379052207	0.38195701700169593	19.111936
cbmc/sv-benchmarks/c/pthread-wmm/mix026_power.opt_tso.opt.yml	unreach-call	false					false(unreach-call)	0.889755885	0.8968445159844123	21.954560
cbmc/sv-benchmarks/c/pthread-wmm/mix019.opt.yml	unreach-call	false					false(unreach-call)	0.325550288	0.3343821999733336	15.679488
cbmc/sv-benchmarks/c/pthread-wmm/mix016_pso.opt_tso.opt.yml	unreach-call	false					false(unreach-call)	0.229631973	0.23578004498267546	14.553088
cbmc/sv-benchmarks/c/pthread-wmm/safe014_power.opt.yml	unreach-call	false					false(unreach-call)	0.24337868	0.2484280610224232	13.287424
cbmc/sv-benchmarks/c/pthread-wmm/mix057_power.oepc_pso.oepc_rmo.oepc.yml	unreach-call	false					false(unreach-call)	0.812198197	0.8228204080369323	24.264704
cbmc/sv-benchmarks/c/pthread-wmm/mix006.opt.yml	unreach-call	false					false(unreach-call)	0.319223904	0.32921308802906424	15.945728
cbmc/sv-benchmarks/c/pthread-wmm/mix000.oepc.yml	unreach-call	false					false(unreach-call)	0.290959088	0.2971252070274204	16.769024
cbmc/sv-benchmarks/c/pthread-wmm/mix055_tso.oepc.yml	unreach-call	false					false(unreach-call)	0.93444869	0.93766706896713	24.608768
cbmc/sv-benchmarks/c/pthread-wmm/rfi008.oepc.yml	unreach-call	false					false(unreach-call)	0.253652981	0.26166516297962517	15.536128
cbmc/sv-benchmarks/c/pthread-wmm/mix053_power.oepc_pso.oepc_rmo.oepc.yml	unreach-call	false					false(unreach-call)	0.814376861	0.8205536190071143	24.449024
cbmc/sv-benchmarks/c/pthread-wmm/mix055_power.oepc_pso.oepc_rmo.oepc.yml	unreach-call	false					false(unreach-call)	0.934814247	0.9442551340325736	24.322048
cbmc/sv-benchmarks/c/pthread-wmm/mix011.opt.yml	unreach-call	false					false(unreach-call)	0.343683419	0.352731421997305	16.310272
cbmc/sv-benchmarks/c/pthread-wmm/mix030_power.oepc_pso.oepc_rmo.oepc.yml	unreach-call	false					false(unreach-call)	0.810708519	0.8176427289727144	24.588288
cbmc/sv-benchmarks/c/pthread-wmm/mix051_tso.oepc.yml	unreach-call	false					false(unreach-call)	0.977195593	0.9866680180421099	24.326144
cbmc/sv-benchmarks/c/pthread-wmm/mix003_power.opt_pso.opt_rmo.opt_tso.opt.yml	unreach-call	false					false(unreach-call)	0.233693325	0.23984043899690732	14.696448
cbmc/sv-benchmarks/c/pthread-wmm/mix051_power.oepc_power.opt_pso.oepc_rmo.oepc.yml	unreach-call	false					false(unreach-call)	0.837649936	0.8490036799921654	24.854528
cbmc/sv-benchmarks/c/pthread-wmm/mix027_tso.yml	unreach-call	false					false(unreach-call)	0.96895529	0.9782420400297269	24.834048
cbmc/sv-benchmarks/c/pthread-wmm/mix010.opt.yml	unreach-call	false					false(unreach-call)	0.269977161	0.2789996200008318	16.056320
cbmc/sv-benchmarks/c/pthread-wmm/mix015.opt.yml	unreach-call	false					false(unreach-call)	0.265461682	0.27487345499685034	14.835712
cbmc/sv-benchmarks/c/pthread-wmm/mix050.yml	unreach-call	false					false(unreach-call)	1.068324096	1.0776429820107296	24.768512
cbmc/sv-benchmarks/c/pthread-wmm/mix021_power.oepc_pso.oepc_rmo.oepc.yml	unreach-call	false					false(unreach-call)	0.847701477	0.8569836340029724	24.797184
cbmc/sv-benchmarks/c/pthread-wmm/mix027_power.oepc_pso.oepc_rmo.oepc.yml	unreach-call	false					false(unreach-call)	0.817243214	0.8282190639874898	24.657920
cbmc/sv-benchmarks/c/pthread-wmm/mix047_power.oepc_pso.oepc_rmo.oepc.yml	unreach-call	false					false(unreach-call)	1.030753285	1.0392902410239913	24.612864
cbmc/sv-benchmarks/c/pthread-wmm/mix029_power.oepc_pso.oepc_rmo.oepc_tso.oepc_tso.opt.yml	unreach-call	false					false(unreach-call)	0.497188852	0.5032385240192525	24.195072
cbmc/sv-benchmarks/c/pthread-wmm/mix028_tso.yml	unreach-call	false					false(unreach-call)	0.25341964	0.2562846809742041	16.195584
cbmc/sv-benchmarks/c/pthread-wmm/mix001.opt.yml	unreach-call	false					false(unreach-call)	0.372078631	0.3811195300077088	16.461824
cbmc/sv-benchmarks/c/pthread-wmm/mix020.oepc.yml	unreach-call	false					false(unreach-call)	1.026195249	1.0327325999969617	24.793088
cbmc/sv-benchmarks/c/pthread-wmm/mix026.oepc.yml	unreach-call	false					false(unreach-call)	0.864943666	0.8731615590513684	24.924160
cbmc/sv-benchmarks/c/pthread-wmm/mix046.oepc.yml	unreach-call	false					false(unreach-call)	1.286376143	1.2922404540004209	24.510464
cbmc/sv-benchmarks/c/pthread-wmm/mix018_tso.oepc.yml	unreach-call	false					false(unreach-call)	0.901268935	0.909830917022191	24.666112
cbmc/sv-benchmarks/c/pthread-wmm/mix044_tso.oepc.yml	unreach-call	false					false(unreach-call)	0.948539212	0.9591582220164128	24.489984
cbmc/sv-benchmarks/c/pthread-wmm/mix018_power.oepc_pso.oepc_rmo.oepc.yml	unreach-call	false					false(unreach-call)	1.023848528	1.0272997689899057	24.772608
cbmc/sv-benchmarks/c/pthread-wmm/mix040_power.oepc_pso.oepc_rmo.oepc.yml	unreach-call	false					false(unreach-call)	1.05634553	1.0685439220396802	24.678400
cbmc/sv-benchmarks/c/pthread-wmm/mix044_power.oepc_pso.oepc_rmo.oepc.yml	unreach-call	false					false(unreach-call)	0.844820075	0.8543489939766005	24.567808
cbmc/sv-benchmarks/c/pthread-wmm/thin002_power.oepc.yml	unreach-call	false					false(unreach-call)	0.290584896	0.299825741967652	14.573568
cbmc/sv-benchmarks/c/pthread-wmm/mix002.opt.yml	unreach-call	false					false(unreach-call)	0.424030928	0.42694228899199516	16.498688
cbmc/sv-benchmarks/c/pthread-wmm/mix037_tso.oepc.yml	unreach-call	false					false(unreach-call)	0.790626605	0.7961292230174877	25.104384
cbmc/sv-benchmarks/c/pthread-wmm/mix017.oepc.yml	unreach-call	false					false(unreach-call)	0.956872394	0.9693073029629886	25.182208
cbmc/sv-benchmarks/c/pthread-wmm/mix039.oepc.yml	unreach-call	false					false(unreach-call)	0.819152999	0.8267307999776676	25.079808
cbmc/sv-benchmarks/c/pthread-wmm/mix043.oepc.yml	unreach-call	false					false(unreach-call)	0.813609091	0.8168133920407854	24.911872
cbmc/sv-benchmarks/c/pthread-wmm/mix008_power.oepc_pso.oepc_rmo.oepc.yml	unreach-call	false					false(unreach-call)	0.963205387	0.9700253310147673	25.239552
cbmc/sv-benchmarks/c/pthread-wmm/mix023_power.oepc_pso.oepc_rmo.oepc.yml	unreach-call	false					false(unreach-call)	0.873573949	0.8819268100196496	25.600000
cbmc/sv-benchmarks/c/pthread-wmm/mix021.opt.yml	unreach-call	false					false(unreach-call)	0.406518505	0.41410191101022065	17.920000
cbmc/sv-benchmarks/c/pthread-wmm/mix037_power.oepc_pso.oepc_rmo.oepc.yml	unreach-call	false					false(unreach-call)	0.971440433	0.9764663749956526	25.133056
cbmc/sv-benchmarks/c/pthread-wmm/safe012_power.opt.yml	unreach-call	false					false(unreach-call)	0.246544578	0.25302914198255166	15.618048
cbmc/sv-benchmarks/c/pthread-wmm/rfi006_rmo.yml	unreach-call	false					false(unreach-call)	0.267789131	0.2765923659899272	14.950400
cbmc/sv-benchmarks/c/pthread-wmm/mix007.oepc.yml	unreach-call	false					false(unreach-call)	0.981974698	0.9888928119908087	25.391104
cbmc/sv-benchmarks/c/pthread-wmm/safe007_power.opt-thin001_power.opt.yml	unreach-call	false					false(unreach-call)	0.284493754	0.2904173700371757	15.802368
cbmc/sv-benchmarks/c/pthread-wmm/mix005_tso.oepc.yml	unreach-call	false					false(unreach-call)	0.838028988	0.8479478959925473	24.686592
cbmc/sv-benchmarks/c/pthread-wmm/mix036.oepc.yml	unreach-call	false					false(unreach-call)	0.843166815	0.8530819590087049	24.834048
cbmc/sv-benchmarks/c/pthread-wmm/rfi009_power.opt_pso.oepc_pso.opt_rmo.opt_tso.oepc_tso.opt.yml	unreach-call	false					false(unreach-call)	0.316080339	0.32050136401085183	18.051072
cbmc/sv-benchmarks/c/pthread-wmm/mix005_power.oepc_pso.oepc_rmo.oepc.yml	unreach-call	false					false(unreach-call)	0.940489674	0.9468558239750564	25.300992
cbmc/sv-benchmarks/c/pthread-wmm/mix014_power.oepc_pso.oepc_rmo.oepc.yml	unreach-call	false					false(unreach-call)	1.006486038	1.0154209359898232	24.977408
cbmc/sv-benchmarks/c/pthread-wmm/mix018.opt.yml	unreach-call	false					false(unreach-call)	0.798899922	0.8029891130281612	19.423232
cbmc/sv-benchmarks/c/pthread-wmm/mix020.opt.yml	unreach-call	false					false(unreach-call)	0.321006599	0.3268909000325948	17.858560
cbmc/sv-benchmarks/c/pthread-wmm/mix004.oepc.yml	unreach-call	false					false(unreach-call)	0.881679879	0.8905273840064183	25.677824
cbmc/sv-benchmarks/c/pthread-wmm/mix013.oepc.yml	unreach-call	false					false(unreach-call)	1.021385495	1.030899056000635	26.533888
cbmc/sv-benchmarks/c/pthread-wmm/rfi009_rmo.oepc.yml	unreach-call	false					false(unreach-call)	0.232723555	0.24132074398221448	13.959168
cbmc/sv-benchmarks/c/pthread-wmm/mix008.opt.yml	unreach-call	false					false(unreach-call)	0.355366551	0.36240488197654486	17.891328
cbmc/sv-benchmarks/c/pthread-wmm/mix017_pso.opt_tso.opt.yml	unreach-call	false					false(unreach-call)	0.286547077	0.29187311202986166	17.862656
cbmc/sv-benchmarks/c/pthread-wmm/mix005.opt.yml	unreach-call	false					false(unreach-call)	0.783837663	0.7922447879682295	19.582976
cbmc/sv-benchmarks/c/pthread-wmm/mix007.opt.yml	unreach-call	false					false(unreach-call)	0.290806488	0.2985959310317412	17.920000
cbmc/sv-benchmarks/c/pthread-wmm/mix014.opt.yml	unreach-call	false					false(unreach-call)	0.696509252	0.7036775189917535	19.275776
cbmc/sv-benchmarks/c/pthread-wmm/mix004.opt.yml	unreach-call	false					false(unreach-call)	0.307889183	0.31661843101028353	17.948672
cbmc/sv-benchmarks/c/pthread-wmm/mix013.opt.yml	unreach-call	false					false(unreach-call)	0.287077475	0.29616442002588883	17.936384
cbmc/sv-benchmarks/c/pthread-wmm/safe009_power.opt.yml	unreach-call	false					false(unreach-call)	0.419639498	0.4285121780121699	18.083840
cbmc/sv-benchmarks/c/pthread-wmm/safe009_rmo.oepc.yml	unreach-call	false					false(unreach-call)	0.246450956	0.25684468500548974	15.122432
cbmc/sv-benchmarks/c/pthread-wmm/mix030_tso.yml	unreach-call	false					false(unreach-call)	0.846871949	0.8524099480127916	21.778432
cbmc/sv-benchmarks/c/pthread-wmm/rfi006_pso.oepc_pso.opt_tso.oepc_tso.opt.yml	unreach-call	false					false(unreach-call)	0.885951488	0.8944265749887563	23.011328
cbmc/sv-benchmarks/c/pthread-wmm/safe020_rmo.yml	unreach-call	false					false(unreach-call)	0.305537913	0.3086384359630756	16.498688
cbmc/sv-benchmarks/c/pthread-wmm/safe008_power.opt.yml	unreach-call	false					false(unreach-call)	0.618661449	0.6264016789500602	19.619840
cbmc/sv-benchmarks/c/pthread-wmm/safe018_rmo.opt.yml	unreach-call	false					false(unreach-call)	0.230804621	0.2373165239696391	15.261696
cbmc/sv-benchmarks/c/pthread-wmm/safe000_power.opt.yml	unreach-call	false					false(unreach-call)	0.298740421	0.30085238500032574	18.190336
cbmc/sv-benchmarks/c/pthread-wmm/safe003_power.opt.yml	unreach-call	false					false(unreach-call)	0.710635132	0.7171448250301182	19.795968
cbmc/sv-benchmarks/c/pthread-wmm/safe028_rmo.yml	unreach-call	false					false(unreach-call)	0.584655633	0.5869431240134872	17.965056
cbmc/sv-benchmarks/c/pthread-wmm/safe027_rmo.yml	unreach-call	false					false(unreach-call)	0.560147884	0.5653307309839875	17.281024
cbmc/sv-benchmarks/c/pthread-wmm/thin002_power.opt.yml	unreach-call	false					false(unreach-call)	0.281450181	0.2875061319791712	17.686528
cbmc/sv-benchmarks/c/pthread-wmm/safe016_rmo.oepc.yml	unreach-call	false					false(unreach-call)	0.627557671	0.6307582129957154	20.017152
cbmc/sv-benchmarks/c/pthread-wmm/mix001.oepc.yml	unreach-call	false					false(unreach-call)	0.838330762	0.8480318960500881	23.592960
cbmc/sv-benchmarks/c/pthread-wmm/rfi006_power.oepc.yml	unreach-call	false					false(unreach-call)	0.263388985	0.2733096429728903	14.807040
cbmc/sv-benchmarks/c/pthread-wmm/safe019_rmo.oepc.yml	unreach-call	false					false(unreach-call)	0.629336745	0.6367886820225976	20.029440
cbmc/sv-benchmarks/c/pthread-wmm/rfi009_power.oepc.yml	unreach-call	false					false(unreach-call)	0.535777881	0.5452394029707648	15.953920
cbmc/sv-benchmarks/c/pthread-wmm/rfi005.yml	unreach-call	false					false(unreach-call)	0.20744856	0.2165783160016872	16.568320
cbmc/sv-benchmarks/c/pthread-wmm/rfi000_tso.yml	unreach-call	true					true	2.089122946	2.097673724987544	24.465408
cbmc/sv-benchmarks/c/pthread-wmm/rfi000_power.oepc_pso.oepc_rmo.oepc.yml	unreach-call	false					false(unreach-call)	0.338169391	0.3443463299772702	22.163456
cbmc/sv-benchmarks/c/pthread-deagle/arithmetic_prog_bad.yml	unreach-call	false					TIMEOUT	10.989909074	11.009509161987808	457.973760
cbmc/sv-benchmarks/c/pthread-deagle/arithmetic_prog_ok.yml	unreach-call	true					TIMEOUT	11.033188716	11.01008948602248	458.072064
cbmc/sv-benchmarks/c/pthread-wmm/rfi006_power.opt.yml	unreach-call	false					false(unreach-call)	0.239909067	0.24798007198842242	15.626240
cbmc/sv-benchmarks/c/pthread-wmm/safe009_power.oepc.yml	unreach-call	false					false(unreach-call)	0.237444778	0.24466359498910606	15.241216
cbmc/sv-benchmarks/c/pthread-wmm/safe027_power.oepc.yml	unreach-call	false					false(unreach-call)	0.237678031	0.2456606279592961	15.429632
cbmc/sv-benchmarks/c/pthread-wmm/safe019_rmo.opt.yml	unreach-call	false					false(unreach-call)	0.830105195	0.8388054699753411	22.794240
cbmc/sv-benchmarks/c/pthread-wmm/safe020_power.yml	unreach-call	false					false(unreach-call)	0.72943796	0.7367166759795509	20.639744
cbmc/sv-benchmarks/c/pthread-wmm/safe018_power.opt.yml	unreach-call	false					false(unreach-call)	0.637980238	0.6420558719546534	20.226048
cbmc/sv-benchmarks/c/pthread-wmm/safe028_power.yml	unreach-call	false					false(unreach-call)	0.334353963	0.3401153349550441	18.714624
cbmc/sv-benchmarks/c/pthread-wmm/safe016_power.oepc.yml	unreach-call	false					false(unreach-call)	0.269358354	0.2800572320120409	18.374656
cbmc/sv-benchmarks/c/pthread-wmm/rfi003_tso.yml	unreach-call	true					true	2.62412572	2.6329460390261374	29.016064
cbmc/sv-benchmarks/c/pthread-wmm/safe016_rmo.opt.yml	unreach-call	false					false(unreach-call)	0.815017113	0.8231512529891916	27.627520
cbmc/sv-benchmarks/c/pthread-wmm/safe019_power.oepc.yml	unreach-call	false					false(unreach-call)	0.286340429	0.2923970759729855	18.571264
cbmc/sv-benchmarks/c/pthread-wmm/rfi002_power.oepc_power.opt_pso.oepc_pso.opt_rmo.oepc_rmo.opt.yml	unreach-call	true					true	2.530318209	2.5380364139564335	29.085696
cbmc/sv-benchmarks/c/pthread-wmm/safe004_power.oepc_pso.oepc_rmo.oepc.yml	unreach-call	false					false(unreach-call)	1.115884457	1.12168608000502	28.782592
cbmc/sv-benchmarks/c/pthread-wmm/safe003_power.oepc_pso.oepc_pso.opt_rmo.oepc_rmo.opt.yml	unreach-call	false					false(unreach-call)	0.913398015	0.920173218997661	28.815360
cbmc/sv-benchmarks/c/pthread-wmm/safe001_rmo.oepc.yml	unreach-call	false					false(unreach-call)	0.291813135	0.30052527302177623	20.267008
cbmc/sv-benchmarks/c/pthread-wmm/safe032_power.oepc_power.opt_pso.oepc_pso.opt_rmo.oepc_rmo.opt.yml	unreach-call	false					false(unreach-call)	0.896622935	0.9048680060077459	28.274688
cbmc/sv-benchmarks/c/pthread-wmm/safe015_rmo.yml	unreach-call	false					false(unreach-call)	0.475132021	0.48046995798358694	21.946368
cbmc/sv-benchmarks/c/pthread-wmm/safe000_rmo.yml	unreach-call	false					false(unreach-call)	0.463238278	0.46854472695849836	22.089728
cbmc/sv-benchmarks/c/pthread-wmm/safe014_rmo.opt.yml	unreach-call	false					false(unreach-call)	0.801550388	0.8046453170245513	22.528000
cbmc/sv-benchmarks/c/pthread-wmm/safe002_rmo.oepc.yml	unreach-call	false					false(unreach-call)	0.798012071	0.8050006079720333	22.732800
cbmc/sv-benchmarks/c/pthread-wmm/safe025_rmo.yml	unreach-call	false					false(unreach-call)	0.347712701	0.3555178849492222	21.925888
cbmc/sv-benchmarks/c/pthread-wmm/safe019_power.opt.yml	unreach-call	false					false(unreach-call)	0.366749742	0.3741552120191045	26.046464
cbmc/sv-benchmarks/c/pthread-wmm/safe016_power.opt.yml	unreach-call	false					false(unreach-call)	0.859614906	0.8654100419953465	26.832896
cbmc/sv-benchmarks/c/goblint-regression/28-race_reach_27-funptr_racing.yml	unreach-call	false					TIMEOUT	11.023378908	11.004278633976355	918.753280
cbmc/sv-benchmarks/c/goblint-regression/28-race_reach_28-funptr_racefree.yml	unreach-call	true					TIMEOUT	11.054745752	11.011523366032634	918.695936
cbmc/sv-benchmarks/c/pthread-wmm/safe023_power.oepc_power.opt_pso.oepc_pso.opt_rmo.oepc_rmo.opt.yml	unreach-call	false					false(unreach-call)	1.520872946	1.5251739849918522	34.361344
cbmc/sv-benchmarks/c/pthread-wmm/safe027_power.opt.yml	unreach-call	false					false(unreach-call)	1.096929079	1.1033048930112273	26.931200
cbmc/sv-benchmarks/c/pthread-wmm/safe001_power.oepc.yml	unreach-call	false					false(unreach-call)	0.724180723	0.7320925359963439	22.695936
cbmc/sv-benchmarks/c/pthread-wmm/safe015_power.opt.yml	unreach-call	false					false(unreach-call)	0.347367194	0.35732073499821126	22.061056
cbmc/sv-benchmarks/c/pthread-wmm/safe000_power.oepc.yml	unreach-call	false					false(unreach-call)	0.47073605	0.4787972639896907	22.712320
cbmc/sv-benchmarks/c/pthread-wmm/safe002_power.oepc.yml	unreach-call	false					false(unreach-call)	0.422241786	0.4260672049713321	22.052864
cbmc/sv-benchmarks/c/pthread/sync01.yml	unreach-call	true					TIMEOUT	11.012186942	11.010080392996315	128.557056
cbmc/sv-benchmarks/c/pthread-wmm/safe015_power.oepc.yml	unreach-call	false					false(unreach-call)	0.389184952	0.3961582839838229	27.889664
cbmc/sv-benchmarks/c/pthread-wmm/safe025_power.yml	unreach-call	false					false(unreach-call)	0.290581131	0.2954783500172198	25.325568
cbmc/sv-benchmarks/c/goblint-regression/28-race_reach_06-cond_racing1.yml	unreach-call	false					TIMEOUT	11.054753657	11.01110634097131	1005.170688
cbmc/sv-benchmarks/c/goblint-regression/28-race_reach_08-cond_racefree.yml	unreach-call	true					TIMEOUT	11.051075109	11.006503903015982	1005.178880
cbmc/sv-benchmarks/c/goblint-regression/28-race_reach_07-cond_racing2.yml	unreach-call	false					TIMEOUT	11.058329222	11.008667560992762	1005.252608
cbmc/sv-benchmarks/c/goblint-regression/28-race_reach_70-funloop_racefree.yml	unreach-call	true					TIMEOUT	10.994487995	11.007217101985589	481.439744
cbmc/sv-benchmarks/c/pthread/stack-1.yml	unreach-call	true					ERROR (6)	0.139877371	0.1436230429681018	8.949760
cbmc/sv-benchmarks/c/pthread/stack_longer-2.yml	unreach-call	true					ERROR (6)	0.133599408	0.14215659501496702	9.003008
cbmc/sv-benchmarks/c/pthread/stack_longest-2.yml	unreach-call	true					ERROR (6)	0.136970567	0.14391235902439803	8.732672
cbmc/sv-benchmarks/c/pthread/stack-2.yml	unreach-call	false					ERROR (6)	0.137798426	0.14381078002043068	8.835072
cbmc/sv-benchmarks/c/pthread/stack_longer-1.yml	unreach-call	false					ERROR (6)	0.145086391	0.15526839101221412	8.716288
cbmc/sv-benchmarks/c/pthread/stack_longest-1.yml	unreach-call	false					ERROR (6)	0.146425641	0.15314629499334842	8.781824
cbmc/sv-benchmarks/c/goblint-regression/28-race_reach_74-tricky_address1_racefree.yml	unreach-call	true					ERROR (6)	0.50808549	0.5163148839492351	9.383936
cbmc/sv-benchmarks/c/goblint-regression/28-race_reach_71-funloop_racing.yml	unreach-call	false					TIMEOUT	11.034378782	11.007024726015516	484.691968
cbmc/sv-benchmarks/c/goblint-regression/28-race_reach_75-tricky_address2_racefree.yml	unreach-call	true					ERROR (6)	0.503581966	0.5145878990297206	9.412608
cbmc/sv-benchmarks/c/goblint-regression/28-race_reach_76-tricky_address3_racefree.yml	unreach-call	true					ERROR (6)	0.491909082	0.49590725399320945	9.261056
cbmc/sv-benchmarks/c/goblint-regression/28-race_reach_77-tricky_address4_racing.yml	unreach-call	false					ERROR (6)	0.487066192	0.49310904898447916	9.375744
cbmc/sv-benchmarks/c/goblint-regression/28-race_reach_72-funloop_hard_racing.yml	unreach-call	false					TIMEOUT	11.035590741	11.007468535972293	505.282560
cbmc/sv-benchmarks/c/goblint-regression/28-race_reach_73-funloop_hard_racefree.yml	unreach-call	true					TIMEOUT	11.007283245	11.011058089032304	487.026688
cbmc/sv-benchmarks/c/pthread-wmm/safe035_power.yml	unreach-call	true					TIMEOUT	11.007830641	11.006894450052641	50.888704
cbmc/sv-benchmarks/c/pthread-wmm/rfi002_tso.yml	unreach-call	true					true	3.133181869	3.1404734989628196	33.701888
cbmc/sv-benchmarks/c/pthread/queue_ok.yml	unreach-call	true					ERROR (6)	0.147719023	0.1538480999879539	9.031680
cbmc/sv-benchmarks/c/pthread/queue_ok_longer.yml	unreach-call	true					ERROR (6)	0.143637333	0.1517319120466709	8.937472
cbmc/sv-benchmarks/c/pthread/queue_ok_longest.yml	unreach-call	true					ERROR (6)	0.148128459	0.1541093040141277	8.966144
cbmc/sv-benchmarks/c/pthread/queue_longer.yml	unreach-call	false					ERROR (6)	0.132435729	0.13752952800132334	9.134080
cbmc/sv-benchmarks/c/pthread/queue_longest.yml	unreach-call	false					ERROR (6)	0.140539588	0.14367648004554212	8.986624
cbmc/sv-benchmarks/c/pthread/queue.yml	unreach-call	false					ERROR (6)	0.137366991	0.1450554599869065	8.847360
cbmc/sv-benchmarks/c/pthread-wmm/mix014_tso.oepc.yml	unreach-call	false					false(unreach-call)	1.624102448	1.631015382008627	39.002112
cbmc/sv-benchmarks/c/pthread-wmm/mix006_tso.oepc.yml	unreach-call	false					false(unreach-call)	0.432655963	0.4385861619957723	31.236096
cbmc/sv-benchmarks/c/pthread-wmm/mix008_tso.oepc.yml	unreach-call	false					false(unreach-call)	1.33024356	1.3387929450254887	36.343808
cbmc/sv-benchmarks/c/pthread-wmm/mix023_tso.yml	unreach-call	false					false(unreach-call)	1.664641643	1.6726055489853024	51.310592
cbmc/sv-benchmarks/c/pthread-lit/sssc12.yml	unreach-call	true					TIMEOUT	11.165891053	11.010932528006379	2909.220864
cbmc/sv-benchmarks/c/pthread-lit/sssc12_variant.yml	unreach-call	true					TIMEOUT	11.017515928	11.005917285045143	307.310592
cbmc/sv-benchmarks/c/goblint-regression/28-race_reach_78-equ_racing.yml	unreach-call	false					TIMEOUT	11.075172147	11.00569997500861	1683.714048
cbmc/sv-benchmarks/c/goblint-regression/28-race_reach_79-equ_racefree.yml	unreach-call	true					TIMEOUT	11.032758182	11.009057727002073	1683.685376
cbmc/sv-benchmarks/c/goblint-regression/28-race_reach_81-list_racing.yml	unreach-call	false					ERROR (6)	0.129565308	0.13560819096164778	8.040448
cbmc/sv-benchmarks/c/goblint-regression/28-race_reach_82-list_racefree.yml	unreach-call	false					ERROR (6)	0.127166683	0.13387933501508087	8.015872
cbmc/sv-benchmarks/c/goblint-regression/28-race_reach_87-lists_racefree.yml	unreach-call	true					ERROR (6)	5.57747827	5.5879011930082925	69.554176
cbmc/sv-benchmarks/c/goblint-regression/28-race_reach_91-arrayloop2_racefree.yml	unreach-call	true					ERROR (6)	4.997102457	5.005624477984384	98.676736
cbmc/sv-benchmarks/c/goblint-regression/28-race_reach_86-lists_racing.yml	unreach-call	false					ERROR (6)	5.472746627	5.496804758964572	69.509120
cbmc/sv-benchmarks/c/pthread-race-challenges/thread-local-value.yml	unreach-call	true					ERROR (6)	0.12224456	0.12523611896904185	8.171520
cbmc/sv-benchmarks/c/goblint-regression/28-race_reach_92-evilcollapse_racing.yml	unreach-call	false					ERROR (6)	5.290171185	5.298325019015465	99.237888
cbmc/sv-benchmarks/c/pthread-race-challenges/thread-local-value-dynamic.yml	unreach-call	true					ERROR (6)	0.129846367	0.13778452202677727	8.101888
cbmc/sv-benchmarks/c/pthread-race-challenges/thread-local-pthread-value.yml	unreach-call	true					ERROR (6)	0.131707373	0.1384050920023583	8.122368
cbmc/sv-benchmarks/c/goblint-regression/28-race_reach_93-evilcollapse_racefree.yml	unreach-call	true					ERROR (6)	4.970658805	4.9787852829904296	98.856960
cbmc/sv-benchmarks/c/goblint-regression/28-race_reach_83-list2_racing1.yml	unreach-call	false					ERROR (6)	0.135707815	0.14220221200957894	8.122368
cbmc/sv-benchmarks/c/goblint-regression/28-race_reach_85-list2_racefree.yml	unreach-call	true					ERROR (6)	0.129639	0.13807544397423044	8.179712
cbmc/sv-benchmarks/c/goblint-regression/28-race_reach_84-list2_racing2.yml	unreach-call	false					ERROR (6)	0.131447634	0.13639223104109988	8.122368
cbmc/sv-benchmarks/c/goblint-regression/13-privatized_04-priv_multi_true.yml	unreach-call	true					TIMEOUT	11.05590634	11.00607820902951	764.932096
cbmc/sv-benchmarks/c/goblint-regression/28-race_reach_90-arrayloop2_racing.yml	unreach-call	false					ERROR (6)	4.998623349	5.006596751045436	98.795520
cbmc/sv-benchmarks/c/pthread/bigshot_s2.yml	unreach-call	true					ERROR (6)	0.132400877	0.13876649300800636	8.306688
cbmc/sv-benchmarks/c/pthread/bigshot_s.yml	unreach-call	true					ERROR (6)	0.128105624	0.13463380903704092	8.249344
cbmc/sv-benchmarks/c/pthread/singleton.yml	unreach-call	false					ERROR (6)	0.125526428	0.13215671601938084	8.093696
cbmc/sv-benchmarks/c/pthread/singleton_with-uninit-problems.yml	unreach-call	true					ERROR (6)	0.123708626	0.13090503303101286	7.921664
cbmc/sv-benchmarks/c/pthread-C-DAC/pthread-demo-datarace-1.yml	unreach-call	true					ERROR (6)	0.149923737	0.15674572699936107	8.536064
cbmc/sv-benchmarks/c/goblint-regression/13-privatized_67-pthread_cond_wait_true.yml	unreach-call	false					ERROR (6)	0.146129906	0.15434679196914658	8.777728
cbmc/sv-benchmarks/c/goblint-regression/13-privatized_67-pthread_cond_wait_unknown_1_pos.yml	unreach-call	false					ERROR (6)	0.151550818	0.15446466096909717	8.937472
cbmc/sv-benchmarks/c/goblint-regression/13-privatized_67-pthread_cond_wait_unknown_1_neg.yml	unreach-call	false					ERROR (6)	0.147814512	0.1533875979948789	8.892416
cbmc/sv-benchmarks/c/pthread-C-DAC/pthread-demo-datarace-3.yml	unreach-call	false					ERROR (6)	0.128160652	0.13315113802673295	8.744960
cbmc/sv-benchmarks/c/pthread/reorder_5.yml	unreach-call	false					ERROR (6)	0.154019402	0.1568735099863261	9.011200
cbmc/sv-benchmarks/c/goblint-regression/28-race_reach_94-alloc_region_racing.yml	unreach-call	false					ERROR (6)	0.126153388	0.13465406600153074	8.093696
cbmc/sv-benchmarks/c/pthread/reorder_2.yml	unreach-call	false					ERROR (6)	0.150284156	0.15694861096562818	9.035776
cbmc/sv-benchmarks/c/pthread-C-DAC/pthread-finding-k-matches.yml	unreach-call	true					TIMEOUT	11.010036774	11.004454790032469	159.338496
cbmc/sv-benchmarks/c/pthread-C-DAC/pthread-numerical-integration.yml	unreach-call	true					ERROR (6)	0.157373143	0.1632435650099069	9.154560
cbmc/sv-benchmarks/c/pthread/twostage_3.yml	unreach-call	false					ERROR (6)	0.164620416	0.1723238379927352	9.318400
cbmc/sv-benchmarks/c/pthread-complex/elimination_backoff_stack.yml	unreach-call	false					ERROR (6)	0.13690574	0.14654245000565425	8.261632
cbmc/sv-benchmarks/c/pthread-complex/bounded_buffer.yml	unreach-call	false					ERROR (6)	0.166922396	0.17385541897965595	9.535488
cbmc/sv-benchmarks/c/ldv-races/race-1_1-join.yml	unreach-call	true					ERROR (6)	0.136133879	0.14321463397936895	8.048640
cbmc/sv-benchmarks/c/pthread-complex/safestack_relacy.yml	unreach-call	false					TIMEOUT	11.002685395	11.008930816024076	119.328768
cbmc/sv-benchmarks/c/ldv-races/race-1_3-join.yml	unreach-call	false					ERROR (6)	0.130446777	0.13833126099780202	8.122368
cbmc/sv-benchmarks/c/ldv-races/race-1_2-join.yml	unreach-call	false					ERROR (6)	0.130144451	0.13869232003344223	7.798784
cbmc/sv-benchmarks/c/ldv-races/race-4_1-thread_local_vars.yml	unreach-call	true					ERROR (6)	0.133567281	0.13924605603097007	7.979008
cbmc/sv-benchmarks/c/pthread-complex/workstealqueue_mutex-2.yml	unreach-call	true					ERROR (6)	0.286128525	0.29326165694510564	8.425472
cbmc/sv-benchmarks/c/ldv-linux-3.14-races/linux-3.14--drivers--spi--spi-tegra20-slink.ko.cil.yml	unreach-call	false					ERROR (6)	1.347548437	1.3600999190239236	29.495296
cbmc/sv-benchmarks/c/ldv-races/race-2_1-container_of.yml	unreach-call	true					ERROR (6)	0.134013746	0.14099174900911748	8.142848
cbmc/sv-benchmarks/c/ldv-races/race-3_1-container_of-global.yml	unreach-call	true					ERROR (6)	0.129336109	0.13867500802734867	7.958528
cbmc/sv-benchmarks/c/ldv-races/race-2_2-container_of.yml	unreach-call	false					ERROR (6)	0.123095209	0.12852116499561816	8.069120
cbmc/sv-benchmarks/c/ldv-races/race-3_2-container_of-global.yml	unreach-call	false					ERROR (6)	0.133292085	0.13677526300307363	7.892992
cbmc/sv-benchmarks/c/ldv-races/race-2_5-container_of.yml	unreach-call	false					ERROR (6)	0.126457597	0.13365174003411084	8.015872
cbmc/sv-benchmarks/c/ldv-races/race-2_4-container_of.yml	unreach-call	false					ERROR (6)	0.128031385	0.13696856604656205	8.085504
cbmc/sv-benchmarks/c/ldv-races/race-2_3-container_of.yml	unreach-call	false					ERROR (6)	0.125672769	0.13376251002773643	8.224768
cbmc/sv-benchmarks/c/libvsync/ttaslock.yml	unreach-call	true					TIMEOUT	10.984844877	11.008923712011892	402.014208
cbmc/sv-benchmarks/c/libvsync/ticketlock.yml	unreach-call	true					TIMEOUT	11.009487671	11.009643642988522	77.828096
cbmc/sv-benchmarks/c/libvsync/semaphore.yml	unreach-call	true					TIMEOUT	10.989063897	11.008971937990282	211.701760
cbmc/sv-benchmarks/c/libvsync/mcslock.yml	unreach-call	true					ERROR (6)	0.302103951	0.3061742449644953	21.241856
cbmc/sv-benchmarks/c/libvsync/bounded_mpmc_check_full.yml	unreach-call	true					ERROR (6)	2.176650668	2.184733275033068	82.579456
cbmc/sv-benchmarks/c/libvsync/arraylock.yml	unreach-call	true					TIMEOUT	11.010627051	11.009811560972594	136.413184
cbmc/sv-benchmarks/c/libvsync/rec_ticketlock.yml	unreach-call	true					TIMEOUT	11.008204062	11.006799195019994	97.722368
cbmc/sv-benchmarks/c/libvsync/rwlock.yml	unreach-call	true					TIMEOUT	11.016305537	11.00970438303193	217.174016
cbmc/sv-benchmarks/c/libvsync/cnalock.yml	unreach-call	true					ERROR (6)	0.315799662	0.3222608499927446	21.409792
cbmc/sv-benchmarks/c/libvsync/rec_mcslock.yml	unreach-call	true					ERROR (6)	0.314180206	0.32226080197142437	21.270528
cbmc/sv-benchmarks/c/libvsync/hclhlock.yml	unreach-call	true					ERROR (6)	0.461612074	0.4683437320054509	21.557248
cbmc/sv-benchmarks/c/libvsync/hmcslock.yml	unreach-call	true					ERROR (6)	0.676085696	0.6873853590223007	21.823488
cbmc/sv-benchmarks/c/ldv-linux-3.14-races/linux-3.14--drivers--usb--misc--adutux.ko.cil.yml	unreach-call	false					ERROR (6)	0.600653692	0.61035955499392	32.468992
cbmc/sv-benchmarks/c/pthread-driver-races/char_generic_nvram_read_nvram_nvram_unlocked_ioctl.yml	unreach-call	true					TIMEOUT	11.002235792	11.006977962038945	69.468160
cbmc/sv-benchmarks/c/pthread-driver-races/char_generic_nvram_nvram_unlocked_ioctl_write_nvram.yml	unreach-call	true					TIMEOUT	11.003318082	11.00698465196183	49.246208
cbmc/sv-benchmarks/c/pthread-driver-races/char_generic_nvram_read_nvram_write_nvram.yml	unreach-call	false					false(unreach-call)	1.408608869	1.4184388989815488	31.555584
cbmc/sv-benchmarks/c/pthread-driver-races/char_pc8736x_gpio_pc8736x_gpio_open_pc8736x_gpio_set.yml	unreach-call	true					ERROR (6)	1.784192099	1.795460256980732	24.846336
cbmc/sv-benchmarks/c/pthread-driver-races/char_pc8736x_gpio_pc8736x_gpio_open_pc8736x_gpio_change.yml	unreach-call	true					ERROR (6)	1.801988649	1.812561900995206	24.911872
cbmc/sv-benchmarks/c/pthread-driver-races/char_pc8736x_gpio_pc8736x_gpio_get_pc8736x_gpio_set.yml	unreach-call	true					true	8.097856712	8.107755770033691	55.238656
cbmc/sv-benchmarks/c/pthread-driver-races/char_pc8736x_gpio_pc8736x_gpio_open_pc8736x_gpio_current.yml	unreach-call	true					ERROR (6)	1.802446082	1.8194488339941017	24.879104
cbmc/sv-benchmarks/c/pthread-driver-races/char_pc8736x_gpio_pc8736x_gpio_open_pc8736x_gpio_get.yml	unreach-call	true					ERROR (6)	1.76317898	1.7754681159858592	24.956928
cbmc/sv-benchmarks/c/pthread-driver-races/char_pc8736x_gpio_pc8736x_gpio_change_pc8736x_gpio_get.yml	unreach-call	true					true	7.548092208	7.578196985006798	63.811584
cbmc/sv-benchmarks/c/pthread-driver-races/char_pc8736x_gpio_pc8736x_gpio_configure_pc8736x_gpio_set.yml	unreach-call	true					true	4.84524275	4.871006698987912	51.761152
cbmc/sv-benchmarks/c/pthread-driver-races/char_pc8736x_gpio_pc8736x_gpio_open_pc8736x_gpio_configure.yml	unreach-call	true					ERROR (6)	1.725314204	1.736107712960802	24.829952
cbmc/sv-benchmarks/c/pthread-driver-races/char_pc8736x_gpio_pc8736x_gpio_current_pc8736x_gpio_get.yml	unreach-call	true					true	4.702321961	4.715005868987646	43.655168
cbmc/sv-benchmarks/c/pthread-driver-races/char_pc8736x_gpio_pc8736x_gpio_change_pc8736x_gpio_configure.yml	unreach-call	true					true	7.102067562	7.117895466974005	65.724416
cbmc/sv-benchmarks/c/pthread-driver-races/char_pc8736x_gpio_pc8736x_gpio_configure_pc8736x_gpio_current.yml	unreach-call	true					true	2.78285485	2.7929637519991957	45.244416
cbmc/sv-benchmarks/c/pthread-driver-races/char_pc8736x_gpio_pc8736x_gpio_configure_pc8736x_gpio_get.yml	unreach-call	true					true	2.018846272	2.0333648849627934	24.899584
cbmc/sv-benchmarks/c/pthread-driver-races/char_pc8736x_gpio_pc8736x_gpio_change_pc8736x_gpio_set.yml	unreach-call	false					false(unreach-call)	4.665110319	4.673019998008385	56.762368
cbmc/sv-benchmarks/c/pthread-driver-races/char_pc8736x_gpio_pc8736x_gpio_current_pc8736x_gpio_set.yml	unreach-call	false					false(unreach-call)	3.932051416	3.942622834001668	61.149184
cbmc/sv-benchmarks/c/pthread-driver-races/char_pc8736x_gpio_pc8736x_gpio_change_pc8736x_gpio_current.yml	unreach-call	false					false(unreach-call)	3.906605817	3.924780772009399	50.352128
cbmc/sv-benchmarks/c/ldv-linux-3.14-races/linux-3.14--drivers--net--irda--w83977af_ir.ko.cil.yml	unreach-call	false					ERROR (6)	1.673984832	1.6847970809903927	40.161280
cbmc/sv-benchmarks/c/ldv-linux-3.14-races/linux-3.14--drivers--net--irda--nsc-ircc.ko.cil.yml	unreach-call	false					ERROR (6)	3.886839277	3.8935004739905708	51.245056
cbmc/sv-benchmarks/c/ldv-linux-3.14-races/linux-3.14--drivers--media--platform--marvell-ccic--cafe_ccic.ko.cil-1.yml	unreach-call	true					ERROR (6)	5.26055533	5.2672179759829305	50.425856
cbmc/sv-benchmarks/c/ldv-linux-3.14-races/linux-3.14--drivers--media--platform--marvell-ccic--cafe_ccic.ko.cil-2.yml	unreach-call	false					ERROR (6)	5.293249118	5.2997105029644445	50.475008
sv-benchmarks/c/goblint-regression/13-privatized_66-mine-W-init_true.yml	unreach-call	true	true	0.203193148	0.2090941320057027	10.919936				
sv-benchmarks/c/goblint-regression/36-apron_41-threadenter-no-locals_unknown_1_pos.yml	unreach-call	false	false(unreach-call)	0.158382637	0.16437761898851022	11.198464				
sv-benchmarks/c/goblint-regression/36-apron_41-threadenter-no-locals_unknown_1_neg.yml	unreach-call	false	false(unreach-call)	0.208240291	0.2155257649719715	10.862592				
sv-benchmarks/c/goblint-regression/36-apron_16-traces-unprot2_true.yml	unreach-call	true	true	0.191497562	0.19707781000761315	11.001856				
sv-benchmarks/c/goblint-regression/13-privatized_57-singlethreaded-unlock_true.yml	unreach-call	true	true	0.214938898	0.21674935100600123	11.104256				
sv-benchmarks/c/goblint-regression/13-privatized_47-refine-protected2_true.yml	unreach-call	true	true	0.164779558	0.17082788702100515	11.202560				
sv-benchmarks/c/goblint-regression/13-privatized_46-refine-protected1_true.yml	unreach-call	true	true	0.194313245	0.1984972200007178	11.194368				
sv-benchmarks/c/goblint-regression/36-apron_11-traces-max-simple_true.yml	unreach-call	true	true	0.161939456	0.16646180697716773	11.194368				
sv-benchmarks/c/goblint-regression/13-privatized_41-traces-ex-7_unknown_1_pos.yml	unreach-call	false	false(unreach-call)	0.175181299	0.17973397503374144	11.223040				
sv-benchmarks/c/goblint-regression/13-privatized_41-traces-ex-7_unknown_1_neg.yml	unreach-call	false	false(unreach-call)	0.169402025	0.17490479798289016	11.239424				
sv-benchmarks/c/goblint-regression/13-privatized_40-traces-ex-6_true.yml	unreach-call	true	true	0.175199904	0.18138937203912064	11.206656				
sv-benchmarks/c/goblint-regression/13-privatized_58-singlethreaded-lock_true.yml	unreach-call	true	true	0.162237817	0.16711169300833717	11.182080				
sv-benchmarks/c/goblint-regression/13-privatized_44-traces-mine2_true.yml	unreach-call	true	true	0.1663983	0.1729470919817686	11.132928				
sv-benchmarks/c/goblint-regression/13-privatized_18-first-reads_unknown_1_pos.yml	unreach-call	false	false(unreach-call)	0.223711244	0.2301995109883137	11.124736				
sv-benchmarks/c/goblint-regression/13-privatized_18-first-reads_unknown_2_pos.yml	unreach-call	false	false(unreach-call)	0.172117911	0.1758710609865375	11.112448				
sv-benchmarks/c/goblint-regression/13-privatized_18-first-reads_unknown_1_neg.yml	unreach-call	false	false(unreach-call)	0.223194301	0.22550416400190443	11.243520				
sv-benchmarks/c/goblint-regression/13-privatized_18-first-reads_unknown_2_neg.yml	unreach-call	false	false(unreach-call)	0.170134959	0.1761011410271749	11.132928				
sv-benchmarks/c/goblint-regression/13-privatized_52-refine-protected-loop2-small_true.yml	unreach-call	true	true	5.189644113	5.196773848962039	31.731712				
sv-benchmarks/c/goblint-regression/13-privatized_36-traces-ex-3_true.yml	unreach-call	true	true	0.177178508	0.18294813501415774	11.022336				
sv-benchmarks/c/goblint-regression/13-privatized_18-first-reads_true.yml	unreach-call	true	true	0.168785834	0.17276716599008068	11.157504				
sv-benchmarks/c/goblint-regression/13-privatized_35-traces-ex-2_true.yml	unreach-call	true	true	0.171050913	0.1752270070137456	11.161600				
sv-benchmarks/c/goblint-regression/13-privatized_37-traces-ex-4_true.yml	unreach-call	true	true	0.178465696	0.18255879398202524	11.194368				
sv-benchmarks/c/goblint-regression/13-privatized_38-traces-ex-4-switch_true.yml	unreach-call	true	true	0.211616168	0.2171581709990278	11.071488				
sv-benchmarks/c/goblint-regression/13-privatized_19-publish-precision_unknown_1_pos.yml	unreach-call	false	false(unreach-call)	0.217026921	0.2216445060330443	11.087872				
sv-benchmarks/c/goblint-regression/13-privatized_19-publish-precision_unknown_2_pos.yml	unreach-call	false	false(unreach-call)	0.181764711	0.1915067459922284	11.251712				
sv-benchmarks/c/goblint-regression/13-privatized_19-publish-precision_unknown_1_neg.yml	unreach-call	false	false(unreach-call)	0.176199436	0.18122469901572913	11.227136				
sv-benchmarks/c/goblint-regression/13-privatized_19-publish-precision_unknown_2_neg.yml	unreach-call	false	false(unreach-call)	0.173201135	0.18854817800456658	11.329536				
sv-benchmarks/c/goblint-regression/13-privatized_45-traces-per-global-and-current-lock-mine-incomparable_true.yml	unreach-call	true	true	0.185622349	0.19593594898469746	11.214848				
sv-benchmarks/c/goblint-regression/13-privatized_01-priv_nr_true.yml	unreach-call	true	true	0.180630647	0.18312412599334493	11.370496				
sv-benchmarks/c/goblint-regression/13-privatized_19-publish-precision_true.yml	unreach-call	true	true	0.176473753	0.1845598539803177	11.239424				
sv-benchmarks/c/goblint-regression/13-privatized_42-traces-ex-mini_true.yml	unreach-call	true	true	0.169273401	0.17477045400300995	11.268096				
sv-benchmarks/c/goblint-regression/13-privatized_33-traces-v-matters_true.yml	unreach-call	true	true	0.170409555	0.1793125849799253	11.141120				
sv-benchmarks/c/goblint-regression/13-privatized_25-struct_nr_true.yml	unreach-call	true	true	0.167804319	0.17173054302111268	11.186176				
sv-benchmarks/c/goblint-regression/13-privatized_69-refine-protected-loop-interval_true.yml	unreach-call	true	true	5.312660527	5.3263547560200095	40.251392				
sv-benchmarks/c/goblint-regression/36-apron_17-traces-rpb-litmus_unknown_1_pos.yml	unreach-call	false	false(unreach-call)	0.178918551	0.18507905601290986	11.198464				
sv-benchmarks/c/goblint-regression/36-apron_17-traces-rpb-litmus_unknown_1_neg.yml	unreach-call	false	false(unreach-call)	0.179726009	0.18674773396924138	11.280384				
sv-benchmarks/c/goblint-regression/13-privatized_31-traces-mine-vs-mutex_true.yml	unreach-call	true	true	0.183692371	0.18774743500398472	13.066240				
sv-benchmarks/c/goblint-regression/13-privatized_20-publish-regression_true.yml	unreach-call	true	true	0.16843048	0.1763831870048307	11.239424				
sv-benchmarks/c/goblint-regression/13-privatized_30-traces-oplus-vs-meet_true.yml	unreach-call	true	true	0.177687544	0.18156421202002093	11.235328				
sv-benchmarks/c/goblint-regression/13-privatized_32-traces-mine-vs-oplus-vs-meet_true.yml	unreach-call	true	true	0.19339812	0.19858482998097315	14.983168				
sv-benchmarks/c/goblint-regression/13-privatized_34-traces-minepp-L-needs-to-be-um_true.yml	unreach-call	true	true	0.186713749	0.1925637639942579	12.255232				
sv-benchmarks/c/goblint-regression/13-privatized_68-pfscan_protected_loop_minimal_interval_true.yml	unreach-call	true	true	5.329295328	5.337122566008475	38.424576				
sv-benchmarks/c/goblint-regression/13-privatized_29-multiple-protecting2-vesal_true.yml	unreach-call	true	true	0.185727879	0.19600028998684138	13.815808				
sv-benchmarks/c/goblint-regression/13-privatized_24-multiple-protecting_true.yml	unreach-call	true	true	0.250001646	0.25536117202136666	28.667904				
sv-benchmarks/c/weaver/test-semi1.wvr.yml	unreach-call	true	true	0.153555036	0.16217081696959212	11.182080				
sv-benchmarks/c/weaver/popl20-figure1.wvr.yml	unreach-call	true	true	5.169111467	5.173850374005269	103.497728				
sv-benchmarks/c/weaver/test-easy11.wvr.yml	unreach-call	true	true	5.143816934	5.17123818397522	147.525632				
sv-benchmarks/c/weaver/bench-exp1x3.wvr.yml	unreach-call	true	true	0.140414251	0.14476347400341183	11.489280				
sv-benchmarks/c/weaver/test-easy7.wvr.yml	unreach-call	true	true	0.165539578	0.17054194502998143	11.157504				
sv-benchmarks/c/goblint-regression/36-apron_21-traces-cluster-based_true.yml	unreach-call	true	true	1.752503806	1.7624574369983748	22.372352				
sv-benchmarks/c/weaver/test-easy1.wvr.yml	unreach-call	true	ERROR	0.074293232	0.07789232401410118	11.063296				
sv-benchmarks/c/goblint-regression/36-apron_22-traces-write-centered-vs-meet-mutex_true_no-overflow.yml	unreach-call	true	true	0.200547127	0.20629509800346568	13.156352				
sv-benchmarks/c/weaver/popl20-figure1-alt.wvr.yml	unreach-call	true	true	5.164437105	5.1695253860089	101.597184				
sv-benchmarks/c/weaver/mult-comm.wvr.yml	unreach-call	true	true	5.161019675	5.170904219034128	97.607680				
sv-benchmarks/c/weaver/popl20-figure3.wvr.yml	unreach-call	true	true	5.220046751	5.249467087036464	96.014336				
sv-benchmarks/c/weaver/security.wvr.yml	unreach-call	true	true	0.143000564	0.15093831397825852	11.239424				
sv-benchmarks/c/weaver/test-easy8.wvr.yml	unreach-call	true	true	0.140100756	0.1496734219836071	11.370496				
sv-benchmarks/c/weaver/test-easy6.wvr.yml	unreach-call	true	true	0.148932189	0.15365181502420455	11.251712				
sv-benchmarks/c/weaver/parallel-misc-2-unrolled.wvr.yml	unreach-call	true	true	5.223306834	5.2328404689906165	85.000192				
sv-benchmarks/c/weaver/popl20-nonblocking-cntr.wvr.yml	unreach-call	true	true	5.158672532	5.16533187602181	85.258240				
sv-benchmarks/c/weaver/parallel-simple-equiv.wvr.yml	unreach-call	true	true	0.167585828	0.1701810330268927	11.280384				
sv-benchmarks/c/weaver/parallel-misc-3.wvr.yml	unreach-call	true	true	5.181661274	5.189711864979472	93.556736				
sv-benchmarks/c/weaver/parallel-ticket-2.wvr.yml	unreach-call	true	true	0.149724091	0.1575339250266552	11.096064				
sv-benchmarks/c/weaver/popl20-nonblocking-cntr-alt.wvr.yml	unreach-call	true	true	5.169627713	5.173672971024644	86.446080				
sv-benchmarks/c/weaver/mult-dist.wvr.yml	unreach-call	true	true	5.219638276	5.2430329589988105	95.219712				
sv-benchmarks/c/weaver/chl-sre-symm.wvr.yml	unreach-call	true	true	0.14117808	0.1513491640216671	11.141120				
sv-benchmarks/c/weaver/clever.wvr.yml	unreach-call	true	true	5.192326427	5.205482607008889	91.832320				
sv-benchmarks/c/goblint-regression/13-privatized_27-multiple-protecting2_true.yml	unreach-call	true	true	0.257291366	0.26563588401768357	29.859840				
sv-benchmarks/c/weaver/popl20-more-nonblocking-counter-alt2.wvr.yml	unreach-call	true	true	5.227826858	5.23352176399203	80.052224				
sv-benchmarks/c/weaver/mult-flipped-dist.wvr.yml	unreach-call	true	true	5.273909925	5.294222787022591	95.830016				
sv-benchmarks/c/weaver/popl20-counter-determinism.wvr.yml	unreach-call	true	true	5.225100217	5.234754905977752	106.389504				
sv-benchmarks/c/weaver/popl20-difference-det.wvr.yml	unreach-call	true	true	5.266820303	5.274143625050783	102.723584				
sv-benchmarks/c/weaver/parallel-misc-2.wvr.yml	unreach-call	true	true	5.195512673	5.199531888007186	89.456640				
sv-benchmarks/c/weaver/parallel-misc-4.wvr.yml	unreach-call	true	true	5.182914018	5.192732967960183	93.990912				
sv-benchmarks/c/weaver/parallel-misc-2-unrolled-atomic.wvr.yml	unreach-call	true	true	5.16065307	5.186033156991471	63.651840				
sv-benchmarks/c/weaver/bench-exp2x3.wvr.yml	unreach-call	true	true	0.174497562	0.18021823494927958	11.386880				
sv-benchmarks/c/weaver/chl-sre-trans.wvr.yml	unreach-call	true	true	0.145518351	0.15333600202575326	11.223040				
sv-benchmarks/c/weaver/parallel-ticket-3.wvr.yml	unreach-call	true	true	0.156164732	0.16461274604080245	11.223040				
sv-benchmarks/c/weaver/spaghetti.wvr.yml	unreach-call	true	true	5.227088106	5.235802843992133	88.616960				
sv-benchmarks/c/weaver/bench-exp2x4.wvr.yml	unreach-call	true	true	0.188374614	0.1943538740160875	11.771904				
sv-benchmarks/c/weaver/chl-sre-subst.wvr.yml	unreach-call	true	true	0.15285129	0.16047327005071566	11.210752				
sv-benchmarks/c/weaver/parallel-misc-3-extended.wvr.yml	unreach-call	true	true	5.34058754	5.363141765003093	91.938816				
sv-benchmarks/c/weaver/chl-simpl-str-symm.wvr.yml	unreach-call	true	true	0.189271584	0.19494965201010928	11.210752				
sv-benchmarks/c/weaver/parallel-bluetooth.wvr.yml	unreach-call	true	true	0.142018893	0.14864277403103188	11.218944				
sv-benchmarks/c/weaver/popl20-bad-threaded-sum-2.wvr.yml	unreach-call	true	true	5.174810598	5.181842555990443	74.260480				
sv-benchmarks/c/weaver/bench-exp2x6.wvr.yml	unreach-call	true	true	0.216624827	0.22360476100584492	13.676544				
sv-benchmarks/c/weaver/test-easy10.wvr.yml	unreach-call	true	true	0.18176046	0.18717090802965686	11.923456				
sv-benchmarks/c/weaver/parallel-ticket-4.wvr.yml	unreach-call	true	true	0.205846292	0.2109219929552637	12.767232				
sv-benchmarks/c/weaver/parallel-bakery-2.wvr.yml	unreach-call	true	true	0.14928541	0.15606544696493074	11.325440				
sv-benchmarks/c/weaver/array-eq-symm.wvr.yml	unreach-call	true	true	5.62639698	5.636341969948262	100.843520				
sv-benchmarks/c/weaver/popl20-mult-equiv.wvr.yml	unreach-call	true	true	5.263820588	5.272259849007241	78.086144				
sv-benchmarks/c/weaver/fibonacci.wvr.yml	unreach-call	true	true	5.599502085	5.6047231270349585	58.888192				
sv-benchmarks/c/weaver/popl20-proofs-counter-add-4-semi-Q67.wvr.yml	unreach-call	true	true	5.882058111	5.890575664001517	79.523840				
sv-benchmarks/c/weaver/popl20-mult-4.wvr.yml	unreach-call	true	TIMEOUT	10.972290489	11.004389635985717	79.749120				
sv-benchmarks/c/weaver/chl-time-symm.wvr.yml	unreach-call	true	true	0.221463775	0.2251072289654985	11.325440				
sv-benchmarks/c/weaver/chl-file-item-symm.wvr.yml	unreach-call	true	true	0.183811481	0.1904941780376248	11.235328				
sv-benchmarks/c/weaver/bench-exp3x3.wvr.yml	unreach-call	true	true	0.378139525	0.3819443340180442	17.108992				
sv-benchmarks/c/weaver/chl-simpl-str-trans.wvr.yml	unreach-call	true	true	0.210062644	0.21413316001417115	11.251712				
sv-benchmarks/c/weaver/popl20-channel-sum.wvr.yml	unreach-call	true	true	5.250426534	5.257890762994066	99.995648				
sv-benchmarks/c/weaver/bench-exp2x9.wvr.yml	unreach-call	true	true	0.252788637	0.2571039230097085	17.592320				
sv-benchmarks/c/weaver/popl20-bad-counter-queue.wvr.yml	unreach-call	false	false(unreach-call)	5.203788689	5.207962499000132	99.491840				
sv-benchmarks/c/weaver/unroll-2.wvr.yml	unreach-call	true	true	5.283531785	5.310734241036698	97.869824				
sv-benchmarks/c/weaver/test-context1.wvr.yml	unreach-call	true	true	5.23488909	5.240403254982084	101.298176				
sv-benchmarks/c/weaver/popl20-simple-queue.wvr.yml	unreach-call	true	true	5.234545093	5.23968081199564	99.315712				
sv-benchmarks/c/weaver/chl-match-symm.wvr.yml	unreach-call	true	true	0.237670574	0.24373909301357344	11.681792				
sv-benchmarks/c/weaver/chl-simpl-str-subst.wvr.yml	unreach-call	true	true	0.194980544	0.2046426169690676	11.276288				
sv-benchmarks/c/weaver/popl20-more-sorted.wvr.yml	unreach-call	true	true	5.449941976	5.4569495099713095	102.961152				
sv-benchmarks/c/weaver/popl20-more-sum-array-hom.wvr.yml	unreach-call	true	true	5.397672839	5.40442776697455	100.888576				
sv-benchmarks/c/weaver/parallel-ticket-5.wvr.yml	unreach-call	true	true	0.990590721	0.9999341109651141	18.685952				
sv-benchmarks/c/weaver/unroll-cond-2.wvr.yml	unreach-call	true	true	5.372874152	5.389217245043255	99.180544				
sv-benchmarks/c/weaver/chl-exp-term-symm.wvr.yml	unreach-call	true	true	0.203825165	0.2129827670287341	11.292672				
sv-benchmarks/c/weaver/popl20-simple-array-sum.wvr.yml	unreach-call	true	true	5.2014083	5.223517942009494	97.714176				
sv-benchmarks/c/weaver/popl20-more-array-sum-alt.wvr.yml	unreach-call	false	false(unreach-call)	5.317179175	5.3287113750120625	100.118528				
sv-benchmarks/c/weaver/popl20-more-min-le-max.wvr.yml	unreach-call	true	true	5.22976408	5.238650722021703	103.583744				
sv-benchmarks/c/weaver/unroll-3.wvr.yml	unreach-call	true	true	5.384646178	5.397159809945151	99.840000				
sv-benchmarks/c/weaver/popl20-more-array-sum.wvr.yml	unreach-call	false	false(unreach-call)	5.608388881	5.622110976022668	102.273024				
sv-benchmarks/c/weaver/chl-chromosome-opt-symm.wvr.yml	unreach-call	true	true	5.135731493	5.161044296983164	76.165120				
sv-benchmarks/c/weaver/popl20-more-max-array.wvr.yml	unreach-call	true	true	5.440604784	5.446084132010583	100.933632				
sv-benchmarks/c/weaver/popl20-more-min-array.wvr.yml	unreach-call	true	true	5.438421355	5.451552898040973	100.524032				
sv-benchmarks/c/weaver/unroll-4.wvr.yml	unreach-call	true	true	5.378770794	5.408123895991594	97.673216				
sv-benchmarks/c/weaver/popl20-bad-counter-queue2.wvr.yml	unreach-call	true	true	5.828746435	5.84530021995306	99.409920				
sv-benchmarks/c/weaver/popl20-bad-three-array-sum-alt.wvr.yml	unreach-call	true	true	6.922562533	6.930533372971695	102.895616				
sv-benchmarks/c/weaver/bench-exp3x3-opt.wvr.yml	unreach-call	true	true	0.241545397	0.2483570780023001	17.825792				
sv-benchmarks/c/weaver/popl20-more-max-array-hom.wvr.yml	unreach-call	true	true	5.401861311	5.407632503018249	100.171776				
sv-benchmarks/c/weaver/popl20-more-min-array-hom.wvr.yml	unreach-call	true	true	5.404678891	5.436520963034127	97.517568				
sv-benchmarks/c/weaver/parallel-min-max-1.wvr.yml	unreach-call	true	true	5.301910378	5.311265088967048	103.186432				
sv-benchmarks/c/weaver/loop-tiling-eq.wvr.yml	unreach-call	true	unknown	5.188123576	5.310848479042761	100.769792				
sv-benchmarks/c/weaver/chl-array-int-symm.wvr.yml	unreach-call	true	true	5.73261768	5.743328330048826	99.352576				
sv-benchmarks/c/weaver/unroll-cond-3.wvr.yml	unreach-call	true	true	5.404697086	5.426791984005831	98.795520				
sv-benchmarks/c/weaver/unroll-5.wvr.yml	unreach-call	true	true	5.49728907	5.509027735039126	110.579712				
sv-benchmarks/c/weaver/popl20-send-receive-alt.wvr.yml	unreach-call	true	true	5.26936686	5.28444761398714	101.679104				
sv-benchmarks/c/weaver/popl20-more-vector-add.wvr.yml	unreach-call	true	true	7.07804337	7.120446857006755	97.677312				
sv-benchmarks/c/weaver/popl20-threaded-sum-3.wvr.yml	unreach-call	true	true	5.244935005	5.257024296966847	76.361728				
sv-benchmarks/c/weaver/parallel-ticket-6.wvr.yml	unreach-call	true	true	6.825001736	6.828675649012439	40.693760				
sv-benchmarks/c/weaver/popl20-counter-fun.wvr.yml	unreach-call	true	true	5.406341843	5.410391551034991	102.780928				
sv-benchmarks/c/weaver/chl-file-item-trans.wvr.yml	unreach-call	true	true	0.217364584	0.22445569495903328	11.304960				
sv-benchmarks/c/weaver/popl20-more-array-sum-alt2.wvr.yml	unreach-call	true	true	5.62069142	5.644976746989414	98.017280				
sv-benchmarks/c/weaver/popl20-queue-add-2.wvr.yml	unreach-call	true	true	5.276396436	5.2872952169855125	100.696064				
sv-benchmarks/c/weaver/popl20-min-max-inc.wvr.yml	unreach-call	true	true	6.270070676	6.287422448978759	101.040128				
sv-benchmarks/c/weaver/popl20-min-max-dec.wvr.yml	unreach-call	true	true	6.477969741	6.487722700985614	100.388864				
sv-benchmarks/c/weaver/popl20-more-mts.wvr.yml	unreach-call	true	true	5.939445797	5.95088030496845	102.957056				
sv-benchmarks/c/weaver/chl-time-trans.wvr.yml	unreach-call	true	true	0.256611526	0.26561580202542245	11.939840				
sv-benchmarks/c/weaver/parallel-misc-5.wvr.yml	unreach-call	true	true	5.216912344	5.225064465019386	45.580288				
sv-benchmarks/c/weaver/array-eq-trans.wvr.yml	unreach-call	true	true	9.578365672	9.628476257959846	98.234368				
sv-benchmarks/c/weaver/chl-time-subst.wvr.yml	unreach-call	true	true	0.251303255	0.2549256539787166	11.595776				
sv-benchmarks/c/weaver/popl20-three-array-sum.wvr.yml	unreach-call	true	true	6.480630159	6.4904018670204096	100.474880				
sv-benchmarks/c/weaver/popl20-more-array-sum2.wvr.yml	unreach-call	true	true	6.581723176	6.590578854025807	99.930112				
sv-benchmarks/c/weaver/unroll-cond-4.wvr.yml	unreach-call	true	true	5.565949891	5.592730366974138	119.771136				
sv-benchmarks/c/weaver/chl-match-trans.wvr.yml	unreach-call	true	true	0.292829439	0.30199553701095283	13.148160				
sv-benchmarks/c/weaver/chl-collitem-symm.wvr.yml	unreach-call	true	true	0.330683576	0.3395413049729541	13.103104				
sv-benchmarks/c/weaver/chl-chromosome-symm.wvr.yml	unreach-call	true	true	5.147802842	5.157610977010336	61.689856				
sv-benchmarks/c/weaver/chl-word-symm.wvr.yml	unreach-call	true	true	5.531888505	5.541220072947908	103.727104				
sv-benchmarks/c/weaver/popl20-more-queue-add-2-nl.wvr.yml	unreach-call	true	true	5.310049352	5.319243647973053	101.031936				
sv-benchmarks/c/weaver/chl-file-item-subst.wvr.yml	unreach-call	true	true	0.21676999	0.22315291897393763	11.747328				
sv-benchmarks/c/weaver/chl-match-subst.wvr.yml	unreach-call	true	true	0.301168396	0.30475231702439487	12.959744				
sv-benchmarks/c/weaver/chl-array-int-trans.wvr.yml	unreach-call	true	true	5.881543197	5.896390591980889	103.710720				
sv-benchmarks/c/weaver/parallel-ticket-7.wvr.yml	unreach-call	true	TIMEOUT	10.974695222	11.003980892011896	47.296512				
sv-benchmarks/c/weaver/popl20-min-max-inc-dec.wvr.yml	unreach-call	true	TIMEOUT	11.003186356	11.008981863968074	101.281792				
sv-benchmarks/c/weaver/parallel-misc-1.wvr.yml	unreach-call	true	TIMEOUT	11.027278789	11.008073471020907	456.126464				
sv-benchmarks/c/weaver/popl20-more-dec-subseq.wvr.yml	unreach-call	true	true	6.088794384	6.102595839009155	99.520512				
sv-benchmarks/c/weaver/popl20-more-inc-subseq.wvr.yml	unreach-call	true	true	6.346998022	6.382213244971354	97.468416				
sv-benchmarks/c/weaver/chl-exp-term-subst.wvr.yml	unreach-call	true	true	0.239087645	0.24343320104526356	11.567104				
sv-benchmarks/c/weaver/chl-array-int-subst.wvr.yml	unreach-call	true	true	6.064691427	6.072206482000183	104.296448				
sv-benchmarks/c/weaver/unroll-cond-5.wvr.yml	unreach-call	true	true	5.753393217	5.7590268579660915	175.026176				
sv-benchmarks/c/weaver/popl20-three-array-min.wvr.yml	unreach-call	true	true	6.196332025	6.208591085975058	102.363136				
sv-benchmarks/c/weaver/popl20-two-queue.wvr.yml	unreach-call	true	true	5.379689125	5.384260520979296	100.691968				
sv-benchmarks/c/weaver/popl20-three-array-max.wvr.yml	unreach-call	true	true	6.418935936	6.453423481958453	97.681408				
sv-benchmarks/c/weaver/parallel-lamport.wvr.yml	unreach-call	true	true	5.273158674	5.279501880984753	101.572608				
sv-benchmarks/c/weaver/popl20-bad-dot-product.wvr.yml	unreach-call	true	true	5.87643302	5.891515091992915	105.349120				
sv-benchmarks/c/weaver/popl20-prod-cons.wvr.yml	unreach-call	true	true	5.255325358	5.270992979989387	104.001536				
sv-benchmarks/c/weaver/parallel-barrier.wvr.yml	unreach-call	true	true	1.122298359	1.132618036994245	20.471808				
sv-benchmarks/c/weaver/popl20-more-multiply-verify.wvr.yml	unreach-call	true	true	5.41500652	5.427185721986461	101.163008				
sv-benchmarks/c/weaver/test-hard1.wvr.yml	unreach-call	true	TIMEOUT	11.003238477	11.00874068797566	77.242368				
sv-benchmarks/c/weaver/popl20-send-receive.wvr.yml	unreach-call	true	true	5.254053335	5.279680912033655	97.771520				
sv-benchmarks/c/weaver/parallel-ticket-8.wvr.yml	unreach-call	true	TIMEOUT	11.003712407	11.009104754019063	53.710848				
sv-benchmarks/c/weaver/chl-chromosome-trans.wvr.yml	unreach-call	true	true	5.147500389	5.156774664006662	62.009344				
sv-benchmarks/c/weaver/chl-chromosome-subst.wvr.yml	unreach-call	true	true	5.15195901	5.158328860998154	63.467520				
sv-benchmarks/c/weaver/chl-word-trans.wvr.yml	unreach-call	true	true	5.844308911	5.882872603950091	98.070528				
sv-benchmarks/c/weaver/parallel-bakery-3.wvr.yml	unreach-call	true	true	0.264815251	0.26990487397415563	13.500416				
sv-benchmarks/c/weaver/popl20-bad-dot-product-alt.wvr.yml	unreach-call	true	TIMEOUT	11.011960954	11.006534429034218	202.952704				
sv-benchmarks/c/weaver/chl-collitem-trans.wvr.yml	unreach-call	true	true	0.431343005	0.43685443402500823	15.429632				
sv-benchmarks/c/weaver/chl-word-subst.wvr.yml	unreach-call	true	true	5.945566578	5.964860325970221	100.323328				
sv-benchmarks/c/weaver/chl-collitem-subst.wvr.yml	unreach-call	true	true	0.385592346	0.3916737760300748	15.548416				
sv-benchmarks/c/weaver/popl20-queue-add-3.wvr.yml	unreach-call	true	true	5.359805981	5.388911467976868	99.414016				
sv-benchmarks/c/weaver/popl20-horseshoe.wvr.yml	unreach-call	true	true	5.452461268	5.468950467009563	101.543936				
sv-benchmarks/c/weaver/parallel-barrier-loop.wvr.yml	unreach-call	false	false(unreach-call)	5.33216102	5.348772895988077	65.028096				
sv-benchmarks/c/weaver/popl20-more-queue-add-3-nl.wvr.yml	unreach-call	true	true	5.662428829	5.701000570028555	97.775616				
sv-benchmarks/c/weaver/chl-node-symm.wvr.yml	unreach-call	true	true	7.680711225	7.696801218029577	99.995648				
sv-benchmarks/c/weaver/parallel-parallel-sum-1.wvr.yml	unreach-call	true	true	5.835844077	5.84629734698683	101.392384				
sv-benchmarks/c/weaver/parallel-parallel-sum-equiv.wvr.yml	unreach-call	true	true	5.48097078	5.504543459974229	99.000320				
sv-benchmarks/c/weaver/popl20-bad-ring.wvr.yml	unreach-call	true	true	5.511749797	5.516929792996962	100.339712				
sv-benchmarks/c/weaver/chl-name-comparator-symm.wvr.yml	unreach-call	true	true	5.150998036	5.15531376900617	72.777728				
sv-benchmarks/c/weaver/popl20-prod-cons3.wvr.yml	unreach-call	true	true	5.39566964	5.408732310985215	104.116224				
sv-benchmarks/c/weaver/popl20-bad-ring-nondet.wvr.yml	unreach-call	true	true	5.970542806	6.011826308968011	98.172928				
sv-benchmarks/c/weaver/popl20-more-buffer-mult2.wvr.yml	unreach-call	true	true	8.360256946	8.369590201007668	102.420480				
sv-benchmarks/c/weaver/popl20-bad-buffer-mult-alt2.wvr.yml	unreach-call	true	true	6.617873003	6.63251077698078	100.900864				
sv-benchmarks/c/weaver/popl20-more-buffer-mult.wvr.yml	unreach-call	true	true	7.920762779	7.956289174966514	97.685504				
sv-benchmarks/c/weaver/popl20-more-buffer-mult3.wvr.yml	unreach-call	false	false(unreach-call)	5.715137093	5.721645432000514	99.909632				
sv-benchmarks/c/weaver/popl20-more-buffer-series2.wvr.yml	unreach-call	true	TIMEOUT (true)	10.170061013	10.181929519982077	100.454400				
sv-benchmarks/c/weaver/chl-node-trans.wvr.yml	unreach-call	true	TIMEOUT	11.007455773	11.006109501002356	103.063552				
sv-benchmarks/c/weaver/parallel-parallel-sum-2.wvr.yml	unreach-call	true	true	7.766621811	7.774296982039232	100.761600				
sv-benchmarks/c/weaver/chl-node-subst.wvr.yml	unreach-call	true	TIMEOUT	10.959723415	11.004775871988386	97.812480				
sv-benchmarks/c/weaver/popl20-bad-buffer-mult-alt.wvr.yml	unreach-call	true	true	6.068013831	6.085161259979941	100.847616				
sv-benchmarks/c/weaver/popl20-bad-buffer-mult-alt3.wvr.yml	unreach-call	false	false(unreach-call)	5.875815005	5.887659094994888	101.285888				
sv-benchmarks/c/weaver/popl20-more-buffer-series.wvr.yml	unreach-call	true	TIMEOUT	11.007133065	11.008855724998284	103.723008				
sv-benchmarks/c/weaver/popl20-more-buffer-series3.wvr.yml	unreach-call	false	false(unreach-call)	5.71112553	5.739937305042986	98.721792				
sv-benchmarks/c/weaver/parallel-parallel-sum-1-dsl.wvr.yml	unreach-call	true	true	7.091182455	7.107494062976912	100.286464				
sv-benchmarks/c/weaver/popl20-commit-1.wvr.yml	unreach-call	true	true	6.744926817	6.762956906983163	116.842496				
sv-benchmarks/c/weaver/parallel-bakery-4.wvr.yml	unreach-call	true	true	4.521379258	4.5248952970141545	27.967488				
sv-benchmarks/c/weaver/popl20-prod-cons-eq.wvr.yml	unreach-call	true	TIMEOUT	11.01492139	11.008582324022427	211.931136				
sv-benchmarks/c/weaver/chl-name-comparator-trans.wvr.yml	unreach-call	true	true	5.156550904	5.163998362026177	73.732096				
sv-benchmarks/c/weaver/chl-name-comparator-subst.wvr.yml	unreach-call	true	true	5.144081855	5.161338433041237	71.843840				
sv-benchmarks/c/weaver/chl-nzb-file-symm.wvr.yml	unreach-call	true	true	5.148648193	5.176403929013759	89.747456				
sv-benchmarks/c/weaver/popl20-bad-commit-1.wvr-bad.yml	unreach-call	true	true	7.190701377	7.202313313027844	119.570432				
sv-benchmarks/c/weaver/popl20-commit-2.wvr.yml	unreach-call	true	true	8.570497475	8.580674893979449	231.178240				
sv-benchmarks/c/weaver/chl-nzb-file-trans.wvr.yml	unreach-call	true	true	5.165627721	5.1736047879676335	91.672576				
sv-benchmarks/c/weaver/popl20-bad-commit-2.wvr-bad.yml	unreach-call	true	true	7.237718475	7.246770303987432	232.124416				
sv-benchmarks/c/weaver/chl-nzb-file-subst.wvr.yml	unreach-call	true	true	5.168632299	5.178369538974948	92.680192				
sv-benchmarks/c/weaver/chl-poker-hand-symm.wvr.yml	unreach-call	true	true	5.152028631	5.175342743983492	49.557504				
sv-benchmarks/c/weaver/chl-poker-hand-trans.wvr.yml	unreach-call	true	true	5.155534002	5.186850011989009	51.208192				
sv-benchmarks/c/weaver/chl-poker-hand-subst.wvr.yml	unreach-call	true	true	5.167673863	5.1773952129879035	51.634176				
sv-benchmarks/c/pthread-ext/28_buggy_simple_loop1_vf.yml	unreach-call	false	false(unreach-call)	5.218795205	5.226869816018734	51.834880				
sv-benchmarks/c/pthread-atomic/read_write_lock-1.yml	unreach-call	true	true	0.199641189	0.2093324390007183	16.027648				
sv-benchmarks/c/pthread-ext/14_spin2003.yml	unreach-call	true	true	5.182361906	5.190037505992223	51.294208				
sv-benchmarks/c/pthread-ext/29_conditionals_vs.yml	unreach-call	true	true	5.181336892	5.186014200968202	50.921472				
sv-benchmarks/c/pthread-ext/48_ticket_lock_low_contention_vs-pthread.yml	unreach-call	true	true	5.18070862	5.2002186619793065	56.893440				
sv-benchmarks/c/pthread-ext/46_monabsex2_vs.yml	unreach-call	true	true	5.167027596	5.1744475470040925	51.765248				
sv-benchmarks/c/pthread-ext/45_monabsex1_vs.yml	unreach-call	true	true	5.15619716	5.179000119969714	50.475008				
sv-benchmarks/c/pthread-divine/tls_destructor_worker.yml	unreach-call	false	unknown	0.071432069	0.07485711999470368	8.339456				
sv-benchmarks/c/pthread-ext/31_simple_loop5_vs.yml	unreach-call	true	TIMEOUT	11.00491404	11.006263880990446	58.544128				
sv-benchmarks/c/pthread/stateful01-1.yml	unreach-call	false	false(unreach-call)	0.181294248	0.18864060699706897	12.435456				
sv-benchmarks/c/pthread/stateful01-2.yml	unreach-call	true	true	0.178344642	0.18841426400467753	11.964416				
sv-benchmarks/c/pthread-atomic/time_var_mutex.yml	unreach-call	true	true	0.172470608	0.17982330999802798	11.329536				
sv-benchmarks/c/pthread-ext/01b_inc.yml	unreach-call	true	true	5.202236412	5.20775069395313	50.987008				
sv-benchmarks/c/pthread-ext/40_barrier_vf.yml	unreach-call	false	false(unreach-call)	5.349568298	5.3547818009974435	51.564544				
sv-benchmarks/c/pthread/triangular-1.yml	unreach-call	true	true	0.249377684	0.25738124403869733	11.288576				
sv-benchmarks/c/pthread/triangular-2.yml	unreach-call	false	false(unreach-call)	0.219044095	0.2233673989539966	11.223040				
sv-benchmarks/c/pthread-ext/09_fmaxsym-zero.yml	unreach-call	true	TIMEOUT	10.973011964	11.007376500987448	50.503680				
sv-benchmarks/c/pthread/triangular-longer-1.yml	unreach-call	true	true	9.113525958	9.121642459009308	39.534592				
sv-benchmarks/c/pthread-ext/35_double_lock_p3_vs.yml	unreach-call	true	TIMEOUT	11.003957641	11.00873058300931	51.138560				
sv-benchmarks/c/pthread/triangular-longest-1.yml	unreach-call	true	TIMEOUT	11.003525753	11.008540609036572	26.976256				
sv-benchmarks/c/pthread/triangular-longer-2.yml	unreach-call	false	false(unreach-call)	3.892803765	3.913227029959671	31.588352				
sv-benchmarks/c/pthread/triangular-longest-2.yml	unreach-call	false	TIMEOUT	11.003836151	11.00911508698482	26.931200				
sv-benchmarks/c/pthread-ext/02_inc_cas.yml	unreach-call	true	true	5.257278346	5.270715844992083	49.975296				
sv-benchmarks/c/pthread-ext/36_stack_cas_p0_vs_concur.yml	unreach-call	true	TIMEOUT	11.006689936	11.007112819002941	772.722688				
sv-benchmarks/c/goblint-regression/28-race_reach_21-deref_read_racing.yml	unreach-call	false	ERROR	0.085864424	0.09248527395538986	11.071488				
sv-benchmarks/c/pthread-ext/18_read_write_lock.yml	unreach-call	true	true	0.168021449	0.1746232049772516	11.288576				
sv-benchmarks/c/pthread-ext/11_fmaxsymopt-zero.yml	unreach-call	true	true	5.279780538	5.292804068012629	51.089408				
sv-benchmarks/c/pthread-ext/09_fmaxsym.yml	unreach-call	true	TIMEOUT	11.007202092	11.003516854951158	106.418176				
sv-benchmarks/c/pthread-ext/48_ticket_lock_low_contention_vs.yml	unreach-call	true	true	5.197583539	5.2089881940046325	58.155008				
sv-benchmarks/c/goblint-regression/28-race_reach_22-deref_read_racefree.yml	unreach-call	true	ERROR	0.081669	0.09047158603789285	11.214848				
sv-benchmarks/c/goblint-regression/28-race_reach_37-indirect_racing.yml	unreach-call	false	ERROR	0.083889699	0.09336927102413028	11.243520				
sv-benchmarks/c/goblint-regression/28-race_reach_45-escape_racing.yml	unreach-call	false	false(unreach-call)	0.16808779	0.17280959396157414	11.608064				
sv-benchmarks/c/goblint-regression/28-race_reach_46-escape_racefree.yml	unreach-call	true	true	0.168797242	0.1758746119448915	11.563008				
sv-benchmarks/c/pthread-ext/39_rand_lock_p0_vs.yml	unreach-call	true	true	5.181562165	5.187021794961765	50.917376				
sv-benchmarks/c/pthread-ext/37_stack_lock_p0_vs_concur.yml	unreach-call	true	true	6.409654957	6.436479412019253	279.560192				
sv-benchmarks/c/goblint-regression/28-race_reach_41-trylock_racefree.yml	unreach-call	true	ERROR	0.083363085	0.09143176302313805	11.309056				
sv-benchmarks/c/goblint-regression/28-race_reach_05-lockfuns_racefree.yml	unreach-call	true	ERROR	0.081404055	0.08997506700688973	11.247616				
sv-benchmarks/c/goblint-regression/28-race_reach_36-indirect_racefree.yml	unreach-call	true	ERROR	0.081733423	0.0902080429950729	11.214848				
sv-benchmarks/c/pthread-ext/11_fmaxsymopt.yml	unreach-call	true	true	5.69300819	5.7008943280088715	52.064256				
sv-benchmarks/c/goblint-regression/28-race_reach_01-simple_racing.yml	unreach-call	false	ERROR	0.083057132	0.09262763196602464	11.182080				
sv-benchmarks/c/goblint-regression/28-race_reach_02-simple_racefree.yml	unreach-call	true	ERROR	0.084140934	0.08872432896168903	11.235328				
sv-benchmarks/c/goblint-regression/28-race_reach_11-ptr_racing.yml	unreach-call	false	ERROR	0.084221416	0.09389747999375686	11.280384				
sv-benchmarks/c/goblint-regression/28-race_reach_12-ptr_racefree.yml	unreach-call	true	ERROR	0.084414649	0.09301956201670691	11.214848				
sv-benchmarks/c/pthread-divine/tls_basic.yml	unreach-call	true	true	0.170041878	0.17763772798934951	11.276288				
sv-benchmarks/c/pthread-deagle/circular_buffer_bad.yml	unreach-call	false	false(unreach-call)	0.829167197	0.8376883930177428	112.427008				
sv-benchmarks/c/pthread/fib_safe-5.yml	unreach-call	true	true	0.458551487	0.4682010679971427	26.755072				
sv-benchmarks/c/pthread/fib_safe-6.yml	unreach-call	true	true	1.148034658	1.1526092379936017	34.942976				
sv-benchmarks/c/pthread/fib_safe-7.yml	unreach-call	true	true	2.596421608	2.605789571942296	46.878720				
sv-benchmarks/c/pthread/fib_unsafe-5.yml	unreach-call	false	false(unreach-call)	0.420681837	0.4237433099769987	26.198016				
sv-benchmarks/c/pthread/fib_unsafe-6.yml	unreach-call	false	false(unreach-call)	0.702213189	0.7129648479749449	32.620544				
sv-benchmarks/c/pthread/fib_unsafe-7.yml	unreach-call	false	false(unreach-call)	1.183951256	1.1920325810206123	39.702528				
sv-benchmarks/c/pthread/fib_safe-10.yml	unreach-call	true	TIMEOUT	11.007586037	11.004177028953563	96.948224				
sv-benchmarks/c/pthread/fib_safe-11.yml	unreach-call	true	TIMEOUT	11.009558469	11.006737175979652	105.414656				
sv-benchmarks/c/pthread/fib_safe-12.yml	unreach-call	true	TIMEOUT	10.965919258	11.003848024993204	119.832576				
sv-benchmarks/c/pthread/fib_unsafe-10.yml	unreach-call	false	false(unreach-call)	7.939503186	7.942553376022261	90.705920				
sv-benchmarks/c/pthread/fib_unsafe-11.yml	unreach-call	false	TIMEOUT	10.977772298	11.009208397008479	105.955328				
sv-benchmarks/c/pthread/fib_unsafe-12.yml	unreach-call	false	TIMEOUT	11.007655502	11.009521784028038	120.946688				
sv-benchmarks/c/goblint-regression/28-race_reach_40-trylock_racing.yml	unreach-call	false	ERROR	0.086979593	0.09240428998600692	11.206656				
sv-benchmarks/c/goblint-regression/28-race_reach_24-sound_lock_racing.yml	unreach-call	false	ERROR	0.085981248	0.09514753299299628	11.239424				
sv-benchmarks/c/goblint-regression/28-race_reach_51-mutexptr_racefree.yml	unreach-call	true	ERROR	0.086820159	0.09095427999272943	11.190272				
sv-benchmarks/c/pthread-ext/03_incdec.yml	unreach-call	true	true	5.445650275	5.461060110013932	57.487360				
sv-benchmarks/c/pthread/lazy01.yml	unreach-call	false	false(unreach-call)	0.181195684	0.185756575956475	11.874304				
sv-benchmarks/c/pthread-deagle/circular_buffer_ok.yml	unreach-call	true	TIMEOUT	11.008160238	11.003827181993984	122.281984				
sv-benchmarks/c/goblint-regression/28-race_reach_19-callback_racing.yml	unreach-call	false	ERROR	0.083888929	0.09331945097073913	11.284480				
sv-benchmarks/c/goblint-regression/28-race_reach_20-callback_racefree.yml	unreach-call	true	ERROR	0.087436996	0.09543332399334759	11.325440				
sv-benchmarks/c/pthread-ext/04_incdec_cas.yml	unreach-call	true	true	5.524675247	5.540912619966548	50.401280				
sv-benchmarks/c/goblint-regression/28-race_reach_23-sound_unlock_racing.yml	unreach-call	false	ERROR	0.083952436	0.09354546299437061	11.321344				
sv-benchmarks/c/goblint-regression/28-race_reach_03-munge_racing.yml	unreach-call	false	ERROR	0.084756409	0.09338400402339175	11.370496				
sv-benchmarks/c/goblint-regression/28-race_reach_04-munge_racefree.yml	unreach-call	true	ERROR	0.089070508	0.09380484896246344	11.317248				
sv-benchmarks/c/goblint-regression/28-race_reach_09-ptrmunge_racing.yml	unreach-call	false	ERROR	0.091499723	0.09604520403081551	11.354112				
sv-benchmarks/c/goblint-regression/28-race_reach_10-ptrmunge_racefree.yml	unreach-call	true	ERROR	0.087263612	0.0958404199918732	11.341824				
sv-benchmarks/c/goblint-regression/28-race_reach_61-invariant_racing.yml	unreach-call	false	ERROR	0.082479901	0.08961918798740953	11.169792				
sv-benchmarks/c/goblint-regression/28-race_reach_60-invariant_racefree.yml	unreach-call	true	ERROR	0.083485996	0.0896572740166448	11.317248				
sv-benchmarks/c/pthread-atomic/read_write_lock-2.yml	unreach-call	false	false(unreach-call)	0.18754141	0.19381096097640693	11.780096				
sv-benchmarks/c/pthread-lit/qw2004-2b.yml	unreach-call	false	false(unreach-call)	0.145933928	0.15254690102301538	11.362304				
sv-benchmarks/c/pthread-ext/26_stack_cas.yml	unreach-call	true	TIMEOUT	11.050702089	11.006513555999845	794.537984				
sv-benchmarks/c/pthread-ext/26_stack_cas_longer-2.yml	unreach-call	true	TIMEOUT	11.1378611	11.007460192020517	2182.152192				
sv-benchmarks/c/pthread-ext/26_stack_cas_longest-2.yml	unreach-call	true	TIMEOUT	11.157138117	11.009549930982757	2365.014016				
sv-benchmarks/c/pthread-ext/26_stack_cas_longer-1.yml	unreach-call	false	TIMEOUT	11.08802385	11.006628961011302	2118.754304				
sv-benchmarks/c/pthread-ext/26_stack_cas_longest-1.yml	unreach-call	false	TIMEOUT	11.112068686	11.009386769961566	2364.928000				
sv-benchmarks/c/pthread-ext/25_stack.yml	unreach-call	true	true	6.725380743	6.743867967976257	330.829824				
sv-benchmarks/c/pthread-ext/25_stack_longer-2.yml	unreach-call	true	TIMEOUT	11.117423378	11.008736343006603	1956.470784				
sv-benchmarks/c/pthread-ext/25_stack_longest-1.yml	unreach-call	true	TIMEOUT	11.144765443	11.00694526603911	2289.627136				
sv-benchmarks/c/pthread-ext/25_stack_longer-1.yml	unreach-call	false	TIMEOUT	11.132465674	11.007050914980937	1909.092352				
sv-benchmarks/c/pthread-ext/25_stack_longest-2.yml	unreach-call	false	TIMEOUT	11.155632437	11.007497093989514	2275.749888				
sv-benchmarks/c/pthread-ext/08_rand_cas.yml	unreach-call	true	true	5.578156698	5.592119729961269	51.171328				
sv-benchmarks/c/goblint-regression/28-race_reach_42-trylock2_racefree.yml	unreach-call	true	ERROR	0.082216717	0.08745707501657307	11.382784				
sv-benchmarks/c/pthread-wmm/safe029_tso.yml	unreach-call	true	true	0.152934477	0.16108309803530574	11.522048				
sv-benchmarks/c/pthread-wmm/safe010_tso.yml	unreach-call	true	true	0.152292171	0.16001041303388774	11.341824				
sv-benchmarks/c/pthread-wmm/safe033_tso.yml	unreach-call	true	true	0.154125629	0.16263953800080344	11.448320				
sv-benchmarks/c/pthread-wmm/safe022_tso.yml	unreach-call	true	true	0.147985032	0.15654134802753106	11.390976				
sv-benchmarks/c/pthread-wmm/safe006_pso.oepc_pso.opt_tso.oepc_tso.opt-thin000_pso.oepc_pso.opt_tso.oepc_tso.opt.yml	unreach-call	true	true	0.154178327	0.15996218501823023	11.366400				
sv-benchmarks/c/pthread-wmm/safe036.yml	unreach-call	true	true	0.14893746	0.15642663999460638	11.460608				
sv-benchmarks/c/pthread-wmm/safe030_tso.yml	unreach-call	true	true	0.154857973	0.16570390097331256	11.444224				
sv-benchmarks/c/pthread-wmm/safe017_tso.yml	unreach-call	true	true	0.155744148	0.16077420901274309	11.444224				
sv-benchmarks/c/pthread-wmm/safe011_tso.yml	unreach-call	true	true	0.163929276	0.17013637500349432	11.419648				
sv-benchmarks/c/pthread-wmm/safe026_tso.yml	unreach-call	true	true	0.156706753	0.1661443689954467	11.501568				
sv-benchmarks/c/pthread-atomic/peterson.yml	unreach-call	true	true	0.146641749	0.15394452604232356	11.476992				
sv-benchmarks/c/pthread-wmm/safe009_pso.oepc_pso.opt_tso.oepc_tso.opt.yml	unreach-call	true	true	0.161686157	0.1702594970120117	11.415552				
sv-benchmarks/c/pthread-wmm/safe031_tso.yml	unreach-call	true	true	0.163246295	0.16521435999311507	11.460608				
sv-benchmarks/c/pthread-wmm/safe001_tso.yml	unreach-call	true	true	0.15705156	0.16331894195172936	11.423744				
sv-benchmarks/c/pthread-wmm/safe004_tso.yml	unreach-call	true	true	0.164012966	0.17942732200026512	11.587584				
sv-benchmarks/c/pthread-wmm/safe008_tso.yml	unreach-call	true	true	0.15758621	0.1660389309981838	11.542528				
sv-benchmarks/c/pthread-wmm/safe021_tso.yml	unreach-call	true	true	0.15570649	0.16058509499998763	11.350016				
sv-benchmarks/c/pthread-wmm/safe020_pso.oepc_pso.opt_tso.oepc_tso.opt.yml	unreach-call	true	true	0.161343908	0.16500472894404083	11.436032				
sv-benchmarks/c/pthread-wmm/safe018_pso.oepc_pso.opt_tso.oepc_tso.opt.yml	unreach-call	true	true	0.160427395	0.16453270002966747	11.431936				
sv-benchmarks/c/pthread-wmm/safe013_tso.yml	unreach-call	true	true	0.159778298	0.16863338701659814	11.419648				
sv-benchmarks/c/pthread-wmm/safe015_pso.oepc_pso.opt_tso.oepc_tso.opt.yml	unreach-call	true	true	0.161455855	0.16923301701899618	11.522048				
sv-benchmarks/c/pthread-wmm/safe002_tso.yml	unreach-call	true	true	0.158493565	0.16101383697241545	11.440128				
sv-benchmarks/c/pthread-wmm/safe003_tso.yml	unreach-call	true	true	0.165193863	0.1757623230223544	11.448320				
sv-benchmarks/c/pthread-wmm/safe012_tso.yml	unreach-call	true	true	0.163636454	0.16966492601204664	11.493376				
sv-benchmarks/c/pthread-wmm/safe028_pso.oepc_pso.opt_tso.oepc_tso.opt.yml	unreach-call	true	true	0.161584743	0.17058750201249495	11.522048				
sv-benchmarks/c/pthread-wmm/safe032_tso.yml	unreach-call	true	true	0.161101804	0.1654262249940075	11.567104				
sv-benchmarks/c/pthread-wmm/safe000_pso.oepc_pso.opt_tso.oepc_tso.opt.yml	unreach-call	true	true	0.162827042	0.1703556349966675	11.739136				
sv-benchmarks/c/pthread-wmm/safe014_pso.oepc_pso.opt_tso.oepc_tso.opt.yml	unreach-call	true	true	0.160587249	0.16760984697612002	11.456512				
sv-benchmarks/c/pthread-wmm/safe034_tso.yml	unreach-call	true	true	0.159774819	0.16761091694934294	11.603968				
sv-benchmarks/c/pthread-wmm/safe005_tso.yml	unreach-call	true	true	0.151985121	0.16067918995395303	11.513856				
sv-benchmarks/c/pthread-wmm/safe023_tso.yml	unreach-call	true	true	0.161344297	0.16881793295033276	11.517952				
sv-benchmarks/c/pthread-wmm/safe024_tso.yml	unreach-call	true	true	0.161893678	0.167682776984293	11.407360				
sv-benchmarks/c/pthread-wmm/safe007_pso.oepc_pso.opt_tso.oepc_tso.opt-thin001_pso.oepc_pso.opt_tso.oepc_tso.opt.yml	unreach-call	true	true	0.159694089	0.16382948099635541	11.517952				
sv-benchmarks/c/pthread-atomic/szymanski.yml	unreach-call	true	true	0.150166389	0.15431042201817036	11.505664				
sv-benchmarks/c/pthread-wmm/safe025_pso.oepc_pso.opt_tso.oepc_tso.opt.yml	unreach-call	true	true	0.16428327	0.17086397699313238	11.419648				
sv-benchmarks/c/pthread-wmm/safe037.yml	unreach-call	true	true	0.159300632	0.16587342298589647	11.423744				
sv-benchmarks/c/pthread-wmm/safe035_pso.oepc_pso.opt_rmo.oepc_rmo.opt_tso.oepc_tso.opt.yml	unreach-call	true	true	0.166446514	0.17169912700774148	11.497472				
sv-benchmarks/c/pthread-wmm/safe016_pso.oepc_pso.opt_tso.oepc_tso.opt.yml	unreach-call	true	true	0.16657463	0.1722496299771592	11.550720				
sv-benchmarks/c/pthread-atomic/lamport.yml	unreach-call	true	true	5.193809633	5.201752842986025	44.064768				
sv-benchmarks/c/pthread-wmm/safe019_pso.oepc_pso.opt_tso.oepc_tso.opt.yml	unreach-call	true	true	0.174551028	0.18240932503249496	11.501568				
sv-benchmarks/c/pthread-wmm/safe027_pso.oepc_pso.opt_tso.oepc_tso.opt.yml	unreach-call	true	true	0.167040481	0.17416911700274795	11.517952				
sv-benchmarks/c/pthread-atomic/dekker.yml	unreach-call	true	true	5.172556556	5.1806284640333615	66.916352				
sv-benchmarks/c/pthread-atomic/dekker-unfair.yml	unreach-call	true	true	5.161075123	5.178174797038082	64.421888				
sv-benchmarks/c/pthread-wmm/thin002_pso.oepc_pso.opt_tso.oepc_tso.opt.yml	unreach-call	true	true	0.170245267	0.17878904897952452	11.436032				
sv-benchmarks/c/pthread-theta/unwind3-1.yml	unreach-call	false	false(unreach-call)	5.171083481	5.1751739219762385	55.947264				
sv-benchmarks/c/pthread-theta/unwind3-100.yml	unreach-call	false	TIMEOUT	11.029365283	11.005860630015377	957.865984				
sv-benchmarks/c/pthread-theta/unwind3-nondet.yml	unreach-call	false	false(unreach-call)	5.181367623	5.190421919978689	56.483840				
sv-benchmarks/c/pthread-theta/unwind1-1.yml	unreach-call	false	false(unreach-call)	5.17443976	5.184017441992182	164.331520				
sv-benchmarks/c/pthread-theta/unwind1-100.yml	unreach-call	false	true	5.166668059	5.18284180003684	159.895552				
sv-benchmarks/c/pthread-theta/exponential-4.yml	unreach-call	true	true	0.197947955	0.20094125997275114	16.646144				
sv-benchmarks/c/pthread-theta/exponential-64.yml	unreach-call	true	TIMEOUT	11.13188217	11.00680063298205	2943.950848				
sv-benchmarks/c/pthread-theta/unwind1-nondet.yml	unreach-call	false	false(unreach-call)	5.171483593	5.176751881022938	154.079232				
sv-benchmarks/c/pthread-theta/exponential-nondet.yml	unreach-call	true	true	5.201142566	5.210474704974331	54.771712				
sv-benchmarks/c/pthread-theta/unwind2-1.yml	unreach-call	false	false(unreach-call)	5.17141857	5.176520025997888	159.191040				
sv-benchmarks/c/pthread-theta/unwind2-100.yml	unreach-call	false	true	5.184179691	5.189022377016954	156.868608				
sv-benchmarks/c/pthread-theta/unwind2-nondet.yml	unreach-call	false	false(unreach-call)	5.17206007	5.180314822006039	162.435072				
sv-benchmarks/c/pthread-ext/43_NetBSD_sysmon_power_sliced-pthread.yml	unreach-call	true	TIMEOUT	11.006015798	11.006722180987708	94.760960				
sv-benchmarks/c/pthread/butterfly.yml	unreach-call	true	true	0.575056334	0.5831711659557186	17.674240				
sv-benchmarks/c/pthread-theta/wsc.yml	unreach-call	true	true	0.296928913	0.30018134298734367	15.671296				
sv-benchmarks/c/pthread-ext/43_NetBSD_sysmon_power_sliced.yml	unreach-call	true	TIMEOUT	11.011386445	11.007635583984666	137.777152				
sv-benchmarks/c/pthread-wmm/safe033_power.oepc_power.opt_pso.oepc_pso.opt_rmo.oepc_rmo.opt.yml	unreach-call	false	false(unreach-call)	0.175418981	0.1813239449984394	11.632640				
sv-benchmarks/c/pthread-wmm/mix034_pso.opt_tso.opt.yml	unreach-call	false	false(unreach-call)	0.173887071	0.1830193159985356	11.788288				
sv-benchmarks/c/pthread-wmm/rfi004.yml	unreach-call	false	false(unreach-call)	0.170381478	0.17559870204422623	11.882496				
sv-benchmarks/c/pthread-wmm/safe029_power.opt_pso.opt_rmo.opt.yml	unreach-call	false	false(unreach-call)	0.208508304	0.21869872801471502	11.821056				
sv-benchmarks/c/pthread-wmm/safe029_power.oepc_pso.oepc_rmo.oepc.yml	unreach-call	false	false(unreach-call)	0.175472737	0.18119401903823018	11.796480				
sv-benchmarks/c/pthread-wmm/rfi003_power.oepc_power.opt_pso.oepc_pso.opt_rmo.oepc_rmo.opt.yml	unreach-call	false	false(unreach-call)	0.173412851	0.1797514149802737	11.698176				
sv-benchmarks/c/pthread-wmm/mix054_pso.opt_rmo.opt_tso.oepc_tso.opt.yml	unreach-call	false	false(unreach-call)	0.202072118	0.2097127790329978	11.784192				
sv-benchmarks/c/pthread-wmm/mix054_power.oepc_power.opt_pso.oepc_rmo.oepc.yml	unreach-call	false	false(unreach-call)	0.200262886	0.20648952497867867	11.743232				
sv-benchmarks/c/pthread-wmm/safe010_power.oepc_power.opt_pso.oepc_pso.opt_rmo.oepc_rmo.opt.yml	unreach-call	false	false(unreach-call)	0.17738101	0.18432389595545828	11.808768				
sv-benchmarks/c/pthread-wmm/mix031.opt.yml	unreach-call	false	false(unreach-call)	0.171757029	0.17628634098218754	11.849728				
sv-benchmarks/c/pthread-wmm/mix052_pso.opt_rmo.opt_tso.opt.yml	unreach-call	false	false(unreach-call)	0.220989576	0.2309468019520864	11.743232				
sv-benchmarks/c/pthread-wmm/safe022_power.oepc_power.opt_pso.oepc_pso.opt_rmo.oepc_rmo.opt.yml	unreach-call	false	false(unreach-call)	0.217911083	0.22831713798223063	11.718656				
sv-benchmarks/c/pthread-wmm/mix022_power.oepc_power.opt_pso.oepc_pso.opt_rmo.oepc_rmo.opt.yml	unreach-call	false	false(unreach-call)	0.180036417	0.18821444502100348	11.747328				
sv-benchmarks/c/pthread-wmm/rfi007_power.oepc_power.opt_pso.oepc_pso.opt_rmo.oepc_rmo.opt.yml	unreach-call	false	false(unreach-call)	0.180122905	0.18303190200822428	11.788288				
sv-benchmarks/c/pthread-wmm/mix048_power.oepc_power.opt_pso.oepc_pso.opt_rmo.oepc_rmo.opt_tso.oepc_tso.opt-podwr000_power.oepc_power.opt_pso.oepc_pso.opt_rmo.oepc_rmo.opt_tso.oepc_tso.opt.yml	unreach-call	false	false(unreach-call)	0.185981884	0.19352172903018072	11.649024				
sv-benchmarks/c/pthread-wmm/safe006_rmo.oepc_rmo.opt-thin000_rmo.oepc_rmo.opt.yml	unreach-call	false	false(unreach-call)	0.173618304	0.1786415729438886	11.718656				
sv-benchmarks/c/pthread-wmm/rfi000_power.opt_pso.opt_rmo.opt.yml	unreach-call	false	false(unreach-call)	0.181264986	0.18547103699529544	11.792384				
sv-benchmarks/c/pthread-wmm/mix041_power.oepc_pso.oepc_rmo.oepc.yml	unreach-call	false	false(unreach-call)	0.185895045	0.19152182701509446	11.784192				
sv-benchmarks/c/pthread-wmm/rfi001_power.oepc_pso.oepc_rmo.oepc.yml	unreach-call	false	false(unreach-call)	0.192750207	0.19965987600153312	11.882496				
sv-benchmarks/c/pthread-wmm/safe034_power.oepc_power.opt_pso.oepc_pso.opt_rmo.oepc_rmo.opt.yml	unreach-call	false	false(unreach-call)	0.185041129	0.19237214600434527	11.907072				
sv-benchmarks/c/pthread-wmm/mix041_power.opt_pso.opt_rmo.opt_tso.oepc_tso.opt.yml	unreach-call	false	false(unreach-call)	0.178915958	0.18474262399831787	11.866112				
sv-benchmarks/c/pthread-wmm/rfi001_power.opt_pso.opt_rmo.opt_tso.oepc_tso.opt.yml	unreach-call	false	false(unreach-call)	0.184639767	0.19193383696256205	11.862016				
sv-benchmarks/c/pthread-wmm/mix012_power.oepc_power.opt_pso.oepc_rmo.oepc_rmo.opt_tso.oepc.yml	unreach-call	false	false(unreach-call)	0.18648492	0.19597960799001157	11.767808				
sv-benchmarks/c/pthread-wmm/mix038.opt.yml	unreach-call	false	false(unreach-call)	0.188894611	0.19542710803216323	11.780096				
sv-benchmarks/c/pthread-wmm/mix034_power.oepc_power.opt_pso.oepc_rmo.oepc_rmo.opt_tso.oepc.yml	unreach-call	false	false(unreach-call)	0.180735829	0.1910332889528945	11.702272				
sv-benchmarks/c/pthread-wmm/mix035_pso.opt_tso.opt.yml	unreach-call	false	false(unreach-call)	0.194495836	0.19912278099218383	11.776000				
sv-benchmarks/c/pthread-wmm/safe030_power.opt_pso.opt_rmo.opt.yml	unreach-call	false	false(unreach-call)	0.196243112	0.20189907000167295	11.726848				
sv-benchmarks/c/pthread-wmm/mix009.oepc.yml	unreach-call	false	false(unreach-call)	0.191069768	0.19875745102763176	11.931648				
sv-benchmarks/c/pthread-wmm/mix056_power.opt_pso.opt_rmo.opt_tso.oepc_tso.opt.yml	unreach-call	false	false(unreach-call)	0.189340163	0.19765492103761062	11.911168				
sv-benchmarks/c/pthread-wmm/mix031.oepc.yml	unreach-call	false	false(unreach-call)	0.182699047	0.1883894620114006	11.948032				
sv-benchmarks/c/pthread-wmm/mix033.opt.yml	unreach-call	false	false(unreach-call)	0.193417856	0.2000148479710333	11.948032				
sv-benchmarks/c/pthread-wmm/safe031_power.opt_pso.opt_rmo.opt.yml	unreach-call	false	false(unreach-call)	0.187371894	0.19416363904019818	11.866112				
sv-benchmarks/c/pthread-wmm/mix053.opt.yml	unreach-call	false	false(unreach-call)	0.192968592	0.19844498997554183	11.894784				
sv-benchmarks/c/pthread-wmm/safe031_power.oepc_pso.oepc_rmo.oepc.yml	unreach-call	false	false(unreach-call)	0.192083507	0.19504648598376662	11.816960				
sv-benchmarks/c/pthread-wmm/mix032.opt.yml	unreach-call	false	false(unreach-call)	0.185548566	0.19203653302975	11.866112				
sv-benchmarks/c/pthread-wmm/mix051_pso.opt_rmo.opt_tso.opt.yml	unreach-call	false	false(unreach-call)	0.197343603	0.20671882497845218	11.788288				
sv-benchmarks/c/pthread-wmm/safe013_power.oepc_power.opt_pso.oepc_pso.opt_rmo.oepc_rmo.opt.yml	unreach-call	false	false(unreach-call)	0.191527608	0.1945984170306474	11.792384				
sv-benchmarks/c/pthread-wmm/safe012_pso.oepc_pso.opt_rmo.opt.yml	unreach-call	false	false(unreach-call)	0.191217866	0.19495053798891604	11.816960				
sv-benchmarks/c/pthread-wmm/safe002_power.opt_pso.oepc_pso.opt_rmo.opt.yml	unreach-call	false	false(unreach-call)	0.185468113	0.19128826801897958	11.739136				
sv-benchmarks/c/pthread-wmm/safe018_rmo.oepc.yml	unreach-call	false	false(unreach-call)	0.187752848	0.19467675097985193	11.792384				
sv-benchmarks/c/pthread-wmm/mix045_power.opt_pso.opt_rmo.opt_tso.oepc_tso.opt.yml	unreach-call	false	false(unreach-call)	0.186298728	0.19436049001524225	11.829248				
sv-benchmarks/c/pthread-wmm/mix025_pso.opt_rmo.opt.yml	unreach-call	false	false(unreach-call)	0.191355708	0.19784547801828012	11.878400				
sv-benchmarks/c/pthread-wmm/safe005_power.oepc_power.opt_pso.oepc_pso.opt_rmo.oepc_rmo.opt.yml	unreach-call	false	false(unreach-call)	0.195022166	0.199410435045138	11.800576				
sv-benchmarks/c/pthread-wmm/safe024_power.oepc_power.opt_pso.oepc_pso.opt_rmo.oepc_rmo.opt.yml	unreach-call	false	false(unreach-call)	0.184427198	0.18996457697357982	11.833344				
sv-benchmarks/c/pthread-wmm/safe014_rmo.oepc.yml	unreach-call	false	false(unreach-call)	0.185490227	0.1887345879804343	11.829248				
sv-benchmarks/c/pthread-wmm/mix042.opt.yml	unreach-call	false	false(unreach-call)	0.189410493	0.19686456100316718	11.931648				
sv-benchmarks/c/pthread-wmm/safe012_rmo.oepc.yml	unreach-call	false	false(unreach-call)	0.185461322	0.19284809799864888	11.825152				
sv-benchmarks/c/pthread-wmm/mix040.opt.yml	unreach-call	false	false(unreach-call)	0.199913137	0.20280118298251182	11.886592				
sv-benchmarks/c/pthread-wmm/safe007_rmo.oepc_rmo.opt-thin001_rmo.oepc_rmo.opt.yml	unreach-call	false	false(unreach-call)	0.184970292	0.19097362301545218	11.784192				
sv-benchmarks/c/pthread-wmm/mix016_power.opt_rmo.opt.yml	unreach-call	false	false(unreach-call)	0.189980149	0.19559910899261013	11.849728				
sv-benchmarks/c/pthread-wmm/safe030_power.oepc_pso.oepc_rmo.oepc.yml	unreach-call	false	false(unreach-call)	0.19653376	0.20628993201535195	11.923456				
sv-benchmarks/c/pthread-wmm/mix037.opt.yml	unreach-call	false	false(unreach-call)	0.203419566	0.2068121189950034	11.845632				
sv-benchmarks/c/pthread-wmm/mix039.opt.yml	unreach-call	false	false(unreach-call)	0.200094128	0.20883770001819357	11.923456				
sv-benchmarks/c/pthread-wmm/safe017_power.oepc_power.opt_pso.oepc_pso.opt_rmo.oepc_rmo.opt.yml	unreach-call	false	false(unreach-call)	0.196242596	0.1983237100066617	11.890688				
sv-benchmarks/c/pthread-wmm/mix035_power.opt_rmo.opt.yml	unreach-call	false	false(unreach-call)	0.187227743	0.19325762399239466	11.776000				
sv-benchmarks/c/pthread-wmm/safe011_power.opt_pso.opt.yml	unreach-call	false	false(unreach-call)	0.192414136	0.19712379697011784	12.046336				
sv-benchmarks/c/pthread-wmm/mix056_power.oepc_pso.oepc_rmo.oepc.yml	unreach-call	false	false(unreach-call)	0.194252414	0.2024547120090574	11.821056				
sv-benchmarks/c/pthread-wmm/safe011_power.oepc_pso.oepc_rmo.oepc_rmo.opt.yml	unreach-call	false	false(unreach-call)	0.186441768	0.19302315398817882	11.898880				
sv-benchmarks/c/pthread-wmm/mix036_pso.opt_tso.opt.yml	unreach-call	false	false(unreach-call)	0.189566933	0.19454806396970525	12.001280				
sv-benchmarks/c/pthread-wmm/safe026_power.oepc_power.opt_pso.oepc_pso.opt_rmo.oepc_rmo.opt.yml	unreach-call	false	false(unreach-call)	0.192219209	0.19678600103361532	12.038144				
sv-benchmarks/c/pthread-wmm/mix024_power.opt_pso.opt_rmo.opt.yml	unreach-call	false	false(unreach-call)	0.189668054	0.19773766299476847	11.853824				
sv-benchmarks/c/pthread-wmm/mix057_power.opt_pso.opt_rmo.opt_tso.oepc_tso.opt.yml	unreach-call	false	false(unreach-call)	0.201300895	0.20672439195914194	12.025856				
sv-benchmarks/c/pthread-wmm/safe006_power.oepc-thin000_power.oepc.yml	unreach-call	false	false(unreach-call)	0.179981562	0.18479732499690726	11.812864				
sv-benchmarks/c/pthread-wmm/mix052_tso.oepc.yml	unreach-call	false	false(unreach-call)	0.186001643	0.19219990103738382	11.759616				
sv-benchmarks/c/pthread-wmm/safe004_power.opt_pso.opt_rmo.opt.yml	unreach-call	false	false(unreach-call)	0.187355213	0.1949826289783232	11.792384				
sv-benchmarks/c/pthread-wmm/safe021_power.opt_pso.opt.yml	unreach-call	false	false(unreach-call)	0.189413716	0.19225724798161536	11.837440				
sv-benchmarks/c/pthread-wmm/safe001_power.opt_pso.oepc_pso.opt_rmo.opt.yml	unreach-call	false	false(unreach-call)	0.194501297	0.2011555969947949	11.874304				
sv-benchmarks/c/pthread-wmm/mix055.opt.yml	unreach-call	false	false(unreach-call)	0.203839552	0.21039280301192775	12.189696				
sv-benchmarks/c/pthread-wmm/safe021_power.oepc_pso.oepc_rmo.oepc_rmo.opt.yml	unreach-call	false	false(unreach-call)	0.197417722	0.20003086799988523	11.849728				
sv-benchmarks/c/pthread-wmm/mix052_power.oepc_power.opt_pso.oepc_rmo.oepc.yml	unreach-call	false	false(unreach-call)	0.191068942	0.19405387801816687	11.919360				
sv-benchmarks/c/pthread-wmm/safe008_power.oepc_pso.oepc_pso.opt_rmo.oepc_rmo.opt.yml	unreach-call	false	false(unreach-call)	0.1915797	0.19575687003089115	11.800576				
sv-benchmarks/c/pthread-wmm/mix028_power.opt_pso.opt_rmo.opt.yml	unreach-call	false	false(unreach-call)	0.191172273	0.1926101500284858	11.825152				
sv-benchmarks/c/pthread-wmm/mix028_power.oepc_pso.oepc_rmo.oepc.yml	unreach-call	false	false(unreach-call)	0.195730627	0.20098957500886172	11.780096				
sv-benchmarks/c/pthread-wmm/mix019_tso.oepc.yml	unreach-call	false	false(unreach-call)	0.194291154	0.20105554501060396	11.776000				
sv-benchmarks/c/pthread-wmm/mix045_power.oepc_pso.oepc_rmo.oepc.yml	unreach-call	false	false(unreach-call)	0.193375861	0.20074214902706444	11.902976				
sv-benchmarks/c/pthread-wmm/mix019_power.oepc_pso.oepc_rmo.oepc.yml	unreach-call	false	false(unreach-call)	0.192923623	0.1963557630078867	11.919360				
sv-benchmarks/c/pthread-wmm/mix027_power.opt_pso.opt_rmo.opt.yml	unreach-call	false	false(unreach-call)	0.193946129	0.20013769197976217	12.242944				
sv-benchmarks/c/pthread-wmm/mix025_power.oepc_power.opt_pso.oepc_rmo.oepc_tso.oepc_tso.opt.yml	unreach-call	false	false(unreach-call)	0.190053324	0.19526179897366092	11.956224				
sv-benchmarks/c/pthread-wmm/mix047_power.opt_pso.opt_rmo.opt_tso.oepc_tso.opt.yml	unreach-call	false	false(unreach-call)	0.199970235	0.20484244002727792	12.263424				
sv-benchmarks/c/pthread-wmm/mix049_power.oepc_power.opt_pso.oepc_pso.opt_rmo.oepc_rmo.opt_tso.oepc_tso.opt-podwr001_power.oepc_power.opt_pso.oepc_pso.opt_rmo.oepc_rmo.opt_tso.oepc_tso.opt.yml	unreach-call	false	false(unreach-call)	0.195888464	0.2027133330120705	11.898880				
sv-benchmarks/c/pthread-wmm/mix042.oepc.yml	unreach-call	false	false(unreach-call)	0.194673237	0.20209968101698905	11.988992				
sv-benchmarks/c/pthread-wmm/mix016.oepc.yml	unreach-call	false	false(unreach-call)	0.193496693	0.1987320050247945	11.849728				
sv-benchmarks/c/pthread-wmm/mix038_tso.oepc.yml	unreach-call	false	false(unreach-call)	0.189416411	0.19294769200496376	11.919360				
sv-benchmarks/c/pthread-wmm/mix038_power.oepc_pso.oepc_rmo.oepc.yml	unreach-call	false	false(unreach-call)	0.195749558	0.20061506604542956	11.915264				
sv-benchmarks/c/pthread-wmm/mix044.opt.yml	unreach-call	false	false(unreach-call)	0.199600146	0.2045446650008671	12.296192				
sv-benchmarks/c/pthread-wmm/mix046.opt.yml	unreach-call	false	false(unreach-call)	0.203047627	0.20849105098750442	12.222464				
sv-benchmarks/c/pthread-wmm/mix026_pso.opt_rmo.opt.yml	unreach-call	false	false(unreach-call)	0.210493362	0.21604861703235656	12.234752				
sv-benchmarks/c/pthread-wmm/mix035.oepc.yml	unreach-call	false	false(unreach-call)	0.19376147	0.20099172700429335	12.050432				
sv-benchmarks/c/pthread-wmm/mix006_power.oepc_pso.oepc_rmo.oepc.yml	unreach-call	false	false(unreach-call)	0.194263363	0.20605865900870413	12.013568				
sv-benchmarks/c/pthread-wmm/mix043.opt.yml	unreach-call	false	false(unreach-call)	0.202824395	0.2148592010489665	12.365824				
sv-benchmarks/c/pthread-wmm/mix023_power.opt_pso.opt_rmo.opt.yml	unreach-call	false	false(unreach-call)	0.215167506	0.22098223702050745	12.447744				
sv-benchmarks/c/pthread-wmm/mix017_power.opt_rmo.opt.yml	unreach-call	false	false(unreach-call)	0.211870697	0.21765711001353338	12.374016				
sv-benchmarks/c/pthread-wmm/mix012_pso.opt_tso.opt.yml	unreach-call	false	false(unreach-call)	0.179430763	0.18357111897785217	11.870208				
sv-benchmarks/c/pthread-wmm/mix003.oepc.yml	unreach-call	false	false(unreach-call)	0.191502523	0.1963177680154331	12.021760				
sv-benchmarks/c/pthread-wmm/thin002_rmo.yml	unreach-call	false	false(unreach-call)	0.198421389	0.20173409098060802	11.866112				
sv-benchmarks/c/pthread-wmm/mix011_tso.oepc.yml	unreach-call	false	false(unreach-call)	0.188274872	0.1965695899561979	11.984896				
sv-benchmarks/c/pthread-wmm/rfi010.yml	unreach-call	false	false(unreach-call)	0.18404691	0.19190902699483559	11.939840				
sv-benchmarks/c/pthread-wmm/mix011_power.oepc_pso.oepc_rmo.oepc.yml	unreach-call	false	false(unreach-call)	0.200680647	0.20710831799078733	12.038144				
sv-benchmarks/c/pthread-wmm/mix024_power.oepc_pso.oepc_rmo.oepc_tso.oepc_tso.opt.yml	unreach-call	false	false(unreach-call)	0.191001147	0.19804484798805788	12.017664				
sv-benchmarks/c/pthread-wmm/mix036_power.opt_rmo.opt.yml	unreach-call	false	false(unreach-call)	0.20154263	0.20760666101705283	12.333056				
sv-benchmarks/c/pthread-wmm/mix033_tso.oepc.yml	unreach-call	false	false(unreach-call)	0.195274383	0.1990037080249749	12.021760				
sv-benchmarks/c/pthread-wmm/mix010.oepc.yml	unreach-call	false	false(unreach-call)	0.195050075	0.20191044098464772	11.993088				
sv-benchmarks/c/pthread-wmm/mix015.oepc.yml	unreach-call	false	false(unreach-call)	0.203502916	0.21056350402068347	11.952128				
sv-benchmarks/c/pthread-wmm/mix033_power.oepc_pso.oepc_rmo.oepc.yml	unreach-call	false	false(unreach-call)	0.200553634	0.20601058896863833	12.042240				
sv-benchmarks/c/pthread-wmm/mix000.opt.yml	unreach-call	false	false(unreach-call)	0.183051002	0.18895677698310465	11.919360				
sv-benchmarks/c/pthread-wmm/mix053_tso.oepc.yml	unreach-call	false	false(unreach-call)	0.200929895	0.20781474298564717	12.632064				
sv-benchmarks/c/pthread-wmm/safe009_rmo.opt.yml	unreach-call	false	false(unreach-call)	0.200448554	0.20590284100035205	12.034048				
sv-benchmarks/c/pthread-wmm/rfi008.opt.yml	unreach-call	false	false(unreach-call)	0.188469276	0.19227239495376125	11.853824				
sv-benchmarks/c/pthread-wmm/safe018_power.oepc.yml	unreach-call	false	false(unreach-call)	0.190628292	0.20115507999435067	11.837440				
sv-benchmarks/c/pthread-wmm/mix032.oepc.yml	unreach-call	false	false(unreach-call)	0.194009944	0.20004930900176987	12.070912				
sv-benchmarks/c/pthread-wmm/mix030_power.opt_pso.opt_rmo.opt.yml	unreach-call	false	false(unreach-call)	0.206031278	0.2130672759958543	12.877824				
sv-benchmarks/c/pthread-wmm/mix009.opt.yml	unreach-call	false	false(unreach-call)	0.178423278	0.18288002297049388	11.927552				
sv-benchmarks/c/pthread-wmm/safe014_power.oepc.yml	unreach-call	false	false(unreach-call)	0.183163109	0.19309094198979437	11.939840				
sv-benchmarks/c/pthread-wmm/safe012_power.oepc.yml	unreach-call	false	false(unreach-call)	0.182841475	0.18849457299802452	11.915264				
sv-benchmarks/c/pthread-wmm/mix002.oepc.yml	unreach-call	false	false(unreach-call)	0.192879895	0.20150400698184967	12.148736				
sv-benchmarks/c/pthread-wmm/safe007_power.oepc-thin001_power.oepc.yml	unreach-call	false	false(unreach-call)	0.186379378	0.19252832798520103	11.874304				
sv-benchmarks/c/pthread-wmm/mix021_tso.oepc.yml	unreach-call	false	false(unreach-call)	0.211949434	0.21874334599124268	12.800000				
sv-benchmarks/c/pthread-wmm/mix029_power.opt_pso.opt_rmo.opt.yml	unreach-call	false	false(unreach-call)	0.204631307	0.2131232550018467	12.754944				
sv-benchmarks/c/pthread-wmm/mix022_tso.yml	unreach-call	false	false(unreach-call)	0.18475007	0.19044041098095477	11.915264				
sv-benchmarks/c/pthread-wmm/safe006_power.opt-thin000_power.opt.yml	unreach-call	false	false(unreach-call)	0.181137731	0.18333919497672468	11.812864				
sv-benchmarks/c/pthread-wmm/rfi007_tso.yml	unreach-call	false	false(unreach-call)	0.186051282	0.19113238400314003	11.902976				
sv-benchmarks/c/pthread-wmm/mix040_tso.oepc.yml	unreach-call	false	false(unreach-call)	0.206312731	0.21315560198854655	12.947456				
sv-benchmarks/c/pthread-wmm/mix026_power.opt_tso.opt.yml	unreach-call	false	false(unreach-call)	0.245217349	0.2543759800028056	13.115392				
sv-benchmarks/c/pthread-wmm/mix019.opt.yml	unreach-call	false	false(unreach-call)	0.18971697	0.19494629901601002	12.128256				
sv-benchmarks/c/pthread-wmm/mix016_pso.opt_tso.opt.yml	unreach-call	false	false(unreach-call)	0.189200979	0.1969876589719206	11.923456				
sv-benchmarks/c/pthread-wmm/safe014_power.opt.yml	unreach-call	false	false(unreach-call)	0.18691772	0.1929919520043768	11.968512				
sv-benchmarks/c/pthread-wmm/mix057_power.oepc_pso.oepc_rmo.oepc.yml	unreach-call	false	false(unreach-call)	0.223961912	0.23400637600570917	13.512704				
sv-benchmarks/c/pthread-wmm/mix006.opt.yml	unreach-call	false	false(unreach-call)	0.194091106	0.19769102800637484	12.185600				
sv-benchmarks/c/pthread-wmm/mix000.oepc.yml	unreach-call	false	false(unreach-call)	0.190384704	0.19573583704186603	11.972608				
sv-benchmarks/c/pthread-wmm/mix055_tso.oepc.yml	unreach-call	false	false(unreach-call)	0.241881682	0.2452388940146193	13.492224				
sv-benchmarks/c/pthread-wmm/rfi008.oepc.yml	unreach-call	false	false(unreach-call)	0.193160244	0.19879584101727232	11.960320				
sv-benchmarks/c/pthread-wmm/mix053_power.oepc_pso.oepc_rmo.oepc.yml	unreach-call	false	false(unreach-call)	0.215167006	0.219036481983494	13.410304				
sv-benchmarks/c/pthread-wmm/mix055_power.oepc_pso.oepc_rmo.oepc.yml	unreach-call	false	false(unreach-call)	0.209065342	0.21545529505237937	13.393920				
sv-benchmarks/c/pthread-wmm/mix011.opt.yml	unreach-call	false	false(unreach-call)	0.191516062	0.19709974800935015	11.907072				
sv-benchmarks/c/pthread-wmm/mix030_power.oepc_pso.oepc_rmo.oepc.yml	unreach-call	false	false(unreach-call)	0.215819431	0.22018710803240538	13.750272				
sv-benchmarks/c/pthread-wmm/mix051_tso.oepc.yml	unreach-call	false	false(unreach-call)	0.226536724	0.2305735320551321	13.901824				
sv-benchmarks/c/pthread-wmm/mix003_power.opt_pso.opt_rmo.opt_tso.opt.yml	unreach-call	false	false(unreach-call)	0.191672689	0.19730352598708123	12.042240				
sv-benchmarks/c/pthread-wmm/mix051_power.oepc_power.opt_pso.oepc_rmo.oepc.yml	unreach-call	false	false(unreach-call)	0.270906076	0.27556200500112027	13.807616				
sv-benchmarks/c/pthread-wmm/mix027_tso.yml	unreach-call	false	false(unreach-call)	0.236536468	0.2450984030147083	13.832192				
sv-benchmarks/c/pthread-wmm/mix010.opt.yml	unreach-call	false	false(unreach-call)	0.191482208	0.19750082399696112	12.017664				
sv-benchmarks/c/pthread-wmm/mix015.opt.yml	unreach-call	false	false(unreach-call)	0.190270921	0.19827107002492994	12.079104				
sv-benchmarks/c/pthread-wmm/mix050.yml	unreach-call	false	false(unreach-call)	0.225941736	0.23325863596983254	13.623296				
sv-benchmarks/c/pthread-wmm/mix021_power.oepc_pso.oepc_rmo.oepc.yml	unreach-call	false	false(unreach-call)	0.208913251	0.21617544599575922	13.459456				
sv-benchmarks/c/pthread-wmm/mix027_power.oepc_pso.oepc_rmo.oepc.yml	unreach-call	false	false(unreach-call)	0.212299826	0.21554867102531716	13.516800				
sv-benchmarks/c/pthread-wmm/mix047_power.oepc_pso.oepc_rmo.oepc.yml	unreach-call	false	false(unreach-call)	0.222191408	0.228559484006837	13.697024				
sv-benchmarks/c/pthread-wmm/mix029_power.oepc_pso.oepc_rmo.oepc_tso.oepc_tso.opt.yml	unreach-call	false	false(unreach-call)	0.204031792	0.21295347902923822	13.602816				
sv-benchmarks/c/pthread-wmm/mix028_tso.yml	unreach-call	false	false(unreach-call)	0.191060306	0.1940856549772434	12.197888				
sv-benchmarks/c/pthread-wmm/mix001.opt.yml	unreach-call	false	false(unreach-call)	0.188765117	0.19479857099941	11.997184				
sv-benchmarks/c/pthread-wmm/mix020.oepc.yml	unreach-call	false	false(unreach-call)	0.230253646	0.2348042509984225	13.697024				
sv-benchmarks/c/pthread-wmm/mix026.oepc.yml	unreach-call	false	false(unreach-call)	0.220918676	0.2297567650093697	13.619200				
sv-benchmarks/c/pthread-wmm/mix046.oepc.yml	unreach-call	false	false(unreach-call)	0.221623189	0.2293505869456567	13.713408				
sv-benchmarks/c/pthread-wmm/mix018_tso.oepc.yml	unreach-call	false	false(unreach-call)	0.219142451	0.22193900897400454	13.602816				
sv-benchmarks/c/pthread-wmm/mix044_tso.oepc.yml	unreach-call	false	false(unreach-call)	0.248310301	0.25313200999516994	13.783040				
sv-benchmarks/c/pthread-wmm/mix018_power.oepc_pso.oepc_rmo.oepc.yml	unreach-call	false	false(unreach-call)	0.201724385	0.20954479498323053	13.574144				
sv-benchmarks/c/pthread-wmm/mix040_power.oepc_pso.oepc_rmo.oepc.yml	unreach-call	false	false(unreach-call)	0.20507558	0.21233349095564336	13.578240				
sv-benchmarks/c/pthread-wmm/mix044_power.oepc_pso.oepc_rmo.oepc.yml	unreach-call	false	false(unreach-call)	0.208508181	0.21651837200624868	13.742080				
sv-benchmarks/c/pthread-wmm/thin002_power.oepc.yml	unreach-call	false	false(unreach-call)	0.192460718	0.20136819797335193	11.984896				
sv-benchmarks/c/pthread-wmm/mix002.opt.yml	unreach-call	false	false(unreach-call)	0.195658658	0.19870219996664673	12.025856				
sv-benchmarks/c/pthread-wmm/mix037_tso.oepc.yml	unreach-call	false	false(unreach-call)	0.218421862	0.22625049500493333	13.660160				
sv-benchmarks/c/pthread-wmm/mix017.oepc.yml	unreach-call	false	false(unreach-call)	0.215108206	0.22001201199600473	13.643776				
sv-benchmarks/c/pthread-wmm/mix039.oepc.yml	unreach-call	false	false(unreach-call)	0.226340778	0.23183206003159285	13.803520				
sv-benchmarks/c/pthread-wmm/mix043.oepc.yml	unreach-call	false	false(unreach-call)	0.238192348	0.24219064199132845	13.787136				
sv-benchmarks/c/pthread-wmm/mix008_power.oepc_pso.oepc_rmo.oepc.yml	unreach-call	false	false(unreach-call)	0.208550991	0.21339029300725088	13.705216				
sv-benchmarks/c/pthread-wmm/mix023_power.oepc_pso.oepc_rmo.oepc.yml	unreach-call	false	false(unreach-call)	0.205789467	0.2099503920180723	13.594624				
sv-benchmarks/c/pthread-wmm/mix021.opt.yml	unreach-call	false	false(unreach-call)	0.197377449	0.19940808898536488	12.500992				
sv-benchmarks/c/pthread-wmm/mix037_power.oepc_pso.oepc_rmo.oepc.yml	unreach-call	false	false(unreach-call)	0.207862905	0.21387451695045456	13.627392				
sv-benchmarks/c/pthread-wmm/safe012_power.opt.yml	unreach-call	false	false(unreach-call)	0.189463028	0.1977230699849315	12.009472				
sv-benchmarks/c/pthread-wmm/rfi006_rmo.yml	unreach-call	false	false(unreach-call)	0.189956059	0.1986287470208481	12.001280				
sv-benchmarks/c/pthread-wmm/mix007.oepc.yml	unreach-call	false	false(unreach-call)	0.214854817	0.22029149701120332	13.758464				
sv-benchmarks/c/pthread-wmm/safe007_power.opt-thin001_power.opt.yml	unreach-call	false	false(unreach-call)	0.188497971	0.19363744201837108	12.079104				
sv-benchmarks/c/pthread-wmm/mix005_tso.oepc.yml	unreach-call	false	false(unreach-call)	0.218554461	0.22665874398080632	13.778944				
sv-benchmarks/c/pthread-wmm/mix036.oepc.yml	unreach-call	false	false(unreach-call)	0.21921301	0.22265695297392085	13.766656				
sv-benchmarks/c/pthread-wmm/rfi009_power.opt_pso.oepc_pso.opt_rmo.opt_tso.oepc_tso.opt.yml	unreach-call	false	false(unreach-call)	0.197430731	0.2006444550352171	12.046336				
sv-benchmarks/c/pthread-wmm/mix005_power.oepc_pso.oepc_rmo.oepc.yml	unreach-call	false	false(unreach-call)	0.220275054	0.22651187202427536	13.787136				
sv-benchmarks/c/pthread-wmm/mix014_power.oepc_pso.oepc_rmo.oepc.yml	unreach-call	false	false(unreach-call)	0.221890367	0.22696102102054283	13.811712				
sv-benchmarks/c/pthread-wmm/mix018.opt.yml	unreach-call	false	false(unreach-call)	0.197061196	0.20586979400832206	12.492800				
sv-benchmarks/c/pthread-wmm/mix020.opt.yml	unreach-call	false	false(unreach-call)	0.195031207	0.20626182394335046	12.521472				
sv-benchmarks/c/pthread-wmm/mix004.oepc.yml	unreach-call	false	false(unreach-call)	0.221168078	0.22672977502224967	13.803520				
sv-benchmarks/c/pthread-wmm/mix013.oepc.yml	unreach-call	false	false(unreach-call)	0.230114993	0.2348769209929742	13.910016				
sv-benchmarks/c/pthread-wmm/rfi009_rmo.oepc.yml	unreach-call	false	false(unreach-call)	0.194063781	0.2031143139465712	12.050432				
sv-benchmarks/c/pthread-wmm/mix008.opt.yml	unreach-call	false	false(unreach-call)	0.218055553	0.22387841396266595	12.754944				
sv-benchmarks/c/pthread-wmm/mix017_pso.opt_tso.opt.yml	unreach-call	false	false(unreach-call)	0.201369655	0.2099181079538539	12.546048				
sv-benchmarks/c/pthread-wmm/mix005.opt.yml	unreach-call	false	false(unreach-call)	0.202697791	0.20781470800284296	12.652544				
sv-benchmarks/c/pthread-wmm/mix007.opt.yml	unreach-call	false	false(unreach-call)	0.20174999	0.20411466201767325	12.693504				
sv-benchmarks/c/pthread-wmm/mix014.opt.yml	unreach-call	false	false(unreach-call)	0.201102503	0.20873423595912755	12.750848				
sv-benchmarks/c/pthread-wmm/mix004.opt.yml	unreach-call	false	false(unreach-call)	0.203065053	0.21033846802311018	12.783616				
sv-benchmarks/c/pthread-wmm/mix013.opt.yml	unreach-call	false	false(unreach-call)	0.205971091	0.21045827498892322	12.832768				
sv-benchmarks/c/pthread-wmm/safe009_power.opt.yml	unreach-call	false	false(unreach-call)	0.197532592	0.20442619000095874	12.500992				
sv-benchmarks/c/pthread-wmm/safe009_rmo.oepc.yml	unreach-call	false	false(unreach-call)	0.198350946	0.2062494300189428	12.079104				
sv-benchmarks/c/pthread-wmm/mix030_tso.yml	unreach-call	false	false(unreach-call)	0.214300495	0.22082356101600453	13.213696				
sv-benchmarks/c/pthread-wmm/rfi006_pso.oepc_pso.opt_tso.oepc_tso.opt.yml	unreach-call	false	false(unreach-call)	0.206022825	0.2087178520159796	12.804096				
sv-benchmarks/c/pthread-wmm/safe020_rmo.yml	unreach-call	false	false(unreach-call)	0.197082453	0.2031174279982224	12.025856				
sv-benchmarks/c/pthread-wmm/safe008_power.opt.yml	unreach-call	false	false(unreach-call)	0.194261766	0.19996283703949302	12.394496				
sv-benchmarks/c/pthread-wmm/safe018_rmo.opt.yml	unreach-call	false	false(unreach-call)	0.196568898	0.20159315300406888	12.046336				
sv-benchmarks/c/pthread-wmm/safe000_power.opt.yml	unreach-call	false	false(unreach-call)	0.198792402	0.20631333498749882	12.390400				
sv-benchmarks/c/pthread-wmm/safe003_power.opt.yml	unreach-call	false	false(unreach-call)	0.196670403	0.2024103730218485	12.468224				
sv-benchmarks/c/pthread-wmm/safe028_rmo.yml	unreach-call	false	false(unreach-call)	0.195611415	0.20149911800399423	12.009472				
sv-benchmarks/c/pthread-wmm/safe027_rmo.yml	unreach-call	false	false(unreach-call)	0.203616117	0.2116076090023853	12.451840				
sv-benchmarks/c/pthread-wmm/thin002_power.opt.yml	unreach-call	false	false(unreach-call)	0.206632537	0.21364117797929794	12.926976				
sv-benchmarks/c/pthread-wmm/safe016_rmo.oepc.yml	unreach-call	false	false(unreach-call)	0.200897583	0.20461071899626404	12.734464				
sv-benchmarks/c/pthread-wmm/mix001.oepc.yml	unreach-call	false	false(unreach-call)	0.201997951	0.20979053899645805	13.189120				
sv-benchmarks/c/pthread-wmm/rfi006_power.oepc.yml	unreach-call	false	false(unreach-call)	0.195064937	0.2007238959777169	12.042240				
sv-benchmarks/c/pthread-wmm/safe019_rmo.oepc.yml	unreach-call	false	false(unreach-call)	0.206857348	0.2120687309652567	12.857344				
sv-benchmarks/c/pthread-wmm/rfi009_power.oepc.yml	unreach-call	false	false(unreach-call)	0.193027116	0.20168327604187652	12.005376				
sv-benchmarks/c/pthread-wmm/rfi005.yml	unreach-call	false	false(unreach-call)	0.191538627	0.19750847795512527	12.062720				
sv-benchmarks/c/pthread-wmm/rfi000_tso.yml	unreach-call	true	true	0.191100176	0.19625947601161897	12.267520				
sv-benchmarks/c/pthread-wmm/rfi000_power.oepc_pso.oepc_rmo.oepc.yml	unreach-call	false	false(unreach-call)	0.198266404	0.20652710198191926	12.333056				
sv-benchmarks/c/pthread-deagle/arithmetic_prog_bad.yml	unreach-call	false	false(unreach-call)	6.288927912	6.2996461180155165	207.294464				
sv-benchmarks/c/pthread-deagle/arithmetic_prog_ok.yml	unreach-call	true	true	6.453960263	6.476852385967504	331.902976				
sv-benchmarks/c/pthread-wmm/rfi006_power.opt.yml	unreach-call	false	false(unreach-call)	0.194005625	0.1995578519999981	12.259328				
sv-benchmarks/c/pthread-wmm/safe009_power.oepc.yml	unreach-call	false	false(unreach-call)	0.20483393	0.21020367596065626	12.066816				
sv-benchmarks/c/pthread-wmm/safe027_power.oepc.yml	unreach-call	false	false(unreach-call)	0.2077237	0.2149683990282938	12.513280				
sv-benchmarks/c/pthread-wmm/safe019_rmo.opt.yml	unreach-call	false	false(unreach-call)	0.221666368	0.22477798501495272	13.557760				
sv-benchmarks/c/pthread-wmm/safe020_power.yml	unreach-call	false	false(unreach-call)	0.200401891	0.20681576896458864	12.644352				
sv-benchmarks/c/pthread-wmm/safe018_power.opt.yml	unreach-call	false	false(unreach-call)	0.207339562	0.2109818320022896	12.783616				
sv-benchmarks/c/pthread-wmm/safe028_power.yml	unreach-call	false	false(unreach-call)	0.200758503	0.20457595901098102	12.693504				
sv-benchmarks/c/pthread-wmm/safe016_power.oepc.yml	unreach-call	false	false(unreach-call)	0.208891746	0.2176103990059346	12.886016				
sv-benchmarks/c/pthread-wmm/rfi003_tso.yml	unreach-call	true	true	0.198287632	0.20152267900994048	12.619776				
sv-benchmarks/c/pthread-wmm/safe016_rmo.opt.yml	unreach-call	false	false(unreach-call)	0.22271355	0.22726895898813382	14.254080				
sv-benchmarks/c/pthread-wmm/safe019_power.oepc.yml	unreach-call	false	false(unreach-call)	0.206504657	0.21174381201853976	12.996608				
sv-benchmarks/c/pthread-wmm/rfi002_power.oepc_power.opt_pso.oepc_pso.opt_rmo.oepc_rmo.opt.yml	unreach-call	true	true	0.20023766	0.209091458003968	12.435456				
sv-benchmarks/c/pthread-wmm/safe004_power.oepc_pso.oepc_rmo.oepc.yml	unreach-call	false	false(unreach-call)	0.215254544	0.21865264099324122	13.975552				
sv-benchmarks/c/pthread-wmm/safe003_power.oepc_pso.oepc_pso.opt_rmo.oepc_rmo.opt.yml	unreach-call	false	false(unreach-call)	0.225277577	0.23279105697292835	14.073856				
sv-benchmarks/c/pthread-wmm/safe001_rmo.oepc.yml	unreach-call	false	false(unreach-call)	0.215470311	0.21937957499176264	12.898304				
sv-benchmarks/c/pthread-wmm/safe032_power.oepc_power.opt_pso.oepc_pso.opt_rmo.oepc_rmo.opt.yml	unreach-call	false	false(unreach-call)	0.220997877	0.22797591402195394	13.971456				
sv-benchmarks/c/pthread-wmm/safe015_rmo.yml	unreach-call	false	false(unreach-call)	0.21263078	0.2225980749935843	12.996608				
sv-benchmarks/c/pthread-wmm/safe000_rmo.yml	unreach-call	false	false(unreach-call)	0.212636654	0.22152188804466277	12.976128				
sv-benchmarks/c/pthread-wmm/safe014_rmo.opt.yml	unreach-call	false	false(unreach-call)	0.20641855	0.21444815897848457	12.922880				
sv-benchmarks/c/pthread-wmm/safe002_rmo.oepc.yml	unreach-call	false	false(unreach-call)	0.205920896	0.2105314849759452	12.976128				
sv-benchmarks/c/pthread-wmm/safe025_rmo.yml	unreach-call	false	false(unreach-call)	0.205149404	0.21137704199645668	12.939264				
sv-benchmarks/c/pthread-wmm/safe019_power.opt.yml	unreach-call	false	false(unreach-call)	0.227756398	0.23317332402803004	14.569472				
sv-benchmarks/c/pthread-wmm/safe016_power.opt.yml	unreach-call	false	false(unreach-call)	0.218434379	0.22317673300858587	14.319616				
sv-benchmarks/c/goblint-regression/28-race_reach_27-funptr_racing.yml	unreach-call	false	ERROR	0.082101653	0.08726830896921456	11.722752				
sv-benchmarks/c/goblint-regression/28-race_reach_28-funptr_racefree.yml	unreach-call	true	ERROR	0.081743574	0.08971885498613119	11.788288				
sv-benchmarks/c/pthread-wmm/safe023_power.oepc_power.opt_pso.oepc_pso.opt_rmo.oepc_rmo.opt.yml	unreach-call	false	false(unreach-call)	0.261949041	0.2711650519631803	15.036416				
sv-benchmarks/c/pthread-wmm/safe027_power.opt.yml	unreach-call	false	false(unreach-call)	0.218582905	0.2271307299961336	14.442496				
sv-benchmarks/c/pthread-wmm/safe001_power.oepc.yml	unreach-call	false	false(unreach-call)	0.207835197	0.210749419988133	13.156352				
sv-benchmarks/c/pthread-wmm/safe015_power.opt.yml	unreach-call	false	false(unreach-call)	0.209602636	0.2179932830040343	13.324288				
sv-benchmarks/c/pthread-wmm/safe000_power.oepc.yml	unreach-call	false	false(unreach-call)	0.208762868	0.21053605998167768	13.168640				
sv-benchmarks/c/pthread-wmm/safe002_power.oepc.yml	unreach-call	false	false(unreach-call)	0.207067331	0.21473458997206762	13.176832				
sv-benchmarks/c/pthread/sync01.yml	unreach-call	true	true	5.228955394	5.255566456995439	36.122624				
sv-benchmarks/c/pthread-wmm/safe015_power.oepc.yml	unreach-call	false	false(unreach-call)	0.212517042	0.21693056199001148	14.200832				
sv-benchmarks/c/pthread-wmm/safe025_power.yml	unreach-call	false	false(unreach-call)	0.215754788	0.21784396201837808	14.266368				
sv-benchmarks/c/goblint-regression/28-race_reach_06-cond_racing1.yml	unreach-call	false	ERROR	0.096397701	0.10479831194970757	12.660736				
sv-benchmarks/c/goblint-regression/28-race_reach_08-cond_racefree.yml	unreach-call	true	ERROR	0.096700714	0.10475913499249145	12.488704				
sv-benchmarks/c/goblint-regression/28-race_reach_07-cond_racing2.yml	unreach-call	false	ERROR	0.097573215	0.10055488703073934	12.550144				
sv-benchmarks/c/goblint-regression/28-race_reach_70-funloop_racefree.yml	unreach-call	true	ERROR	0.086540873	0.0910910030361265	12.263424				
sv-benchmarks/c/pthread/stack-1.yml	unreach-call	true	true	3.61506098	3.620244221005123	48.275456				
sv-benchmarks/c/pthread/stack_longer-2.yml	unreach-call	true	ERROR	0.097561847	0.10266717500053346	12.492800				
sv-benchmarks/c/pthread/stack_longest-2.yml	unreach-call	true	ERROR	0.097311804	0.10442018700996414	12.566528				
sv-benchmarks/c/pthread/stack-2.yml	unreach-call	false	false(unreach-call)	0.645159101	0.6512907419819385	45.740032				
sv-benchmarks/c/pthread/stack_longer-1.yml	unreach-call	false	ERROR	0.098062197	0.1033772180089727	12.500992				
sv-benchmarks/c/pthread/stack_longest-1.yml	unreach-call	false	ERROR	0.096638074	0.101452030998189	12.525568				
sv-benchmarks/c/goblint-regression/28-race_reach_74-tricky_address1_racefree.yml	unreach-call	true	ERROR	0.089690032	0.09233435202622786	12.279808				
sv-benchmarks/c/goblint-regression/28-race_reach_71-funloop_racing.yml	unreach-call	false	ERROR	0.088137829	0.09213259897660464	12.242944				
sv-benchmarks/c/goblint-regression/28-race_reach_75-tricky_address2_racefree.yml	unreach-call	true	ERROR	0.083506695	0.08786902303108945	12.111872				
sv-benchmarks/c/goblint-regression/28-race_reach_76-tricky_address3_racefree.yml	unreach-call	true	ERROR	0.084497965	0.09231301100226119	12.279808				
sv-benchmarks/c/goblint-regression/28-race_reach_77-tricky_address4_racing.yml	unreach-call	false	ERROR	0.086644104	0.09112102800281718	12.230656				
sv-benchmarks/c/goblint-regression/28-race_reach_72-funloop_hard_racing.yml	unreach-call	false	ERROR	0.087248532	0.09190385398687795	12.226560				
sv-benchmarks/c/goblint-regression/28-race_reach_73-funloop_hard_racefree.yml	unreach-call	true	ERROR	0.0883938	0.091805006028153	12.271616				
sv-benchmarks/c/pthread-wmm/safe035_power.yml	unreach-call	true	true	0.405738407	0.40983481297735125	18.104320				
sv-benchmarks/c/pthread-wmm/rfi002_tso.yml	unreach-call	true	true	0.221633372	0.22715231700567529	14.454784				
sv-benchmarks/c/pthread/queue_ok.yml	unreach-call	true	true	8.029164052	8.033009189006407	906.788864				
sv-benchmarks/c/pthread/queue_ok_longer.yml	unreach-call	true	ERROR	0.097147777	0.10362959402846172	12.521472				
sv-benchmarks/c/pthread/queue_ok_longest.yml	unreach-call	true	ERROR	0.099065921	0.10619400499854237	12.656640				
sv-benchmarks/c/pthread/queue_longer.yml	unreach-call	false	ERROR	0.09942851	0.10615933802910149	12.623872				
sv-benchmarks/c/pthread/queue_longest.yml	unreach-call	false	ERROR	0.100737669	0.10667303495574743	12.492800				
sv-benchmarks/c/pthread/queue.yml	unreach-call	false	TIMEOUT	11.051974427	11.006932658026926	859.111424				
sv-benchmarks/c/pthread-wmm/mix014_tso.oepc.yml	unreach-call	false	false(unreach-call)	0.257507283	0.2651636010268703	17.776640				
sv-benchmarks/c/pthread-wmm/mix006_tso.oepc.yml	unreach-call	false	false(unreach-call)	0.245672235	0.25275476300157607	16.007168				
sv-benchmarks/c/pthread-wmm/mix008_tso.oepc.yml	unreach-call	false	false(unreach-call)	0.249357225	0.2579621449694969	17.248256				
sv-benchmarks/c/pthread-wmm/mix023_tso.yml	unreach-call	false	false(unreach-call)	0.286501892	0.28953861503396183	18.743296				
sv-benchmarks/c/pthread-lit/sssc12.yml	unreach-call	true	true	5.509528445	5.5208184770308435	51.544064				
sv-benchmarks/c/pthread-lit/sssc12_variant.yml	unreach-call	true	TIMEOUT	11.007698228	11.007445127004758	99.467264				
sv-benchmarks/c/goblint-regression/28-race_reach_78-equ_racing.yml	unreach-call	false	ERROR	0.090805549	0.09910758398473263	12.410880				
sv-benchmarks/c/goblint-regression/28-race_reach_79-equ_racefree.yml	unreach-call	true	ERROR	0.089916561	0.09766229899832979	12.263424				
sv-benchmarks/c/goblint-regression/28-race_reach_81-list_racing.yml	unreach-call	false	ERROR	0.087035686	0.09514893998857588	12.361728				
sv-benchmarks/c/goblint-regression/28-race_reach_82-list_racefree.yml	unreach-call	false	ERROR	0.091635367	0.09473144100047648	12.390400				
sv-benchmarks/c/goblint-regression/28-race_reach_87-lists_racefree.yml	unreach-call	true	ERROR	0.089497975	0.09585220896406099	12.390400				
sv-benchmarks/c/goblint-regression/28-race_reach_91-arrayloop2_racefree.yml	unreach-call	true	ERROR	0.087096847	0.09581280598649755	12.419072				
sv-benchmarks/c/goblint-regression/28-race_reach_86-lists_racing.yml	unreach-call	false	ERROR	0.092543711	0.10092505102511495	12.509184				
sv-benchmarks/c/pthread-race-challenges/thread-local-value.yml	unreach-call	true	true	5.21562441	5.22260441997787	57.798656				
sv-benchmarks/c/goblint-regression/28-race_reach_92-evilcollapse_racing.yml	unreach-call	false	ERROR	0.090428384	0.0933447330025956	12.402688				
sv-benchmarks/c/pthread-race-challenges/thread-local-value-dynamic.yml	unreach-call	true	true	5.286706749	5.309841517999303	57.225216				
sv-benchmarks/c/pthread-race-challenges/thread-local-pthread-value.yml	unreach-call	true	true	5.331117523	5.337384688027669	57.630720				
sv-benchmarks/c/goblint-regression/28-race_reach_93-evilcollapse_racefree.yml	unreach-call	true	ERROR	0.095812109	0.10278429102618247	12.496896				
sv-benchmarks/c/goblint-regression/28-race_reach_83-list2_racing1.yml	unreach-call	false	ERROR	0.09575724	0.10461643699090928	12.746752				
sv-benchmarks/c/goblint-regression/28-race_reach_85-list2_racefree.yml	unreach-call	true	ERROR	0.093315292	0.10061256203334779	12.554240				
sv-benchmarks/c/goblint-regression/28-race_reach_84-list2_racing2.yml	unreach-call	false	ERROR	0.095238887	0.10396064503584057	12.500992				
sv-benchmarks/c/goblint-regression/13-privatized_04-priv_multi_true.yml	unreach-call	true	TIMEOUT	10.96437814	11.009480991982855	75.603968				
sv-benchmarks/c/goblint-regression/28-race_reach_90-arrayloop2_racing.yml	unreach-call	false	ERROR	0.096964699	0.09985512803541496	12.652544				
sv-benchmarks/c/pthread/bigshot_s2.yml	unreach-call	true	true	0.125761328	0.1337848410475999	12.779520				
sv-benchmarks/c/pthread/bigshot_s.yml	unreach-call	true	true	0.128198985	0.1378314130124636	12.582912				
sv-benchmarks/c/pthread/singleton.yml	unreach-call	false	false(unreach-call)	0.194300793	0.2009782189852558	12.832768				
sv-benchmarks/c/pthread/singleton_with-uninit-problems.yml	unreach-call	true	true	0.19267158	0.19938405603170395	12.742656				
sv-benchmarks/c/pthread-C-DAC/pthread-demo-datarace-1.yml	unreach-call	true	TIMEOUT	11.025721634	11.009438325010706	400.683008				
sv-benchmarks/c/goblint-regression/13-privatized_67-pthread_cond_wait_true.yml	unreach-call	false	false(unreach-call)	0.211179687	0.21847227099351585	13.266944				
sv-benchmarks/c/goblint-regression/13-privatized_67-pthread_cond_wait_unknown_1_pos.yml	unreach-call	false	false(unreach-call)	0.215658938	0.2219350499799475	13.340672				
sv-benchmarks/c/goblint-regression/13-privatized_67-pthread_cond_wait_unknown_1_neg.yml	unreach-call	false	false(unreach-call)	0.215947161	0.22304906201316044	13.275136				
sv-benchmarks/c/pthread-C-DAC/pthread-demo-datarace-3.yml	unreach-call	false	false(unreach-call)	0.884360996	0.8929146520094946	35.635200				
sv-benchmarks/c/pthread/reorder_5.yml	unreach-call	false	false(unreach-call)	0.388223407	0.39689044904662296	32.604160				
sv-benchmarks/c/goblint-regression/28-race_reach_94-alloc_region_racing.yml	unreach-call	false	ERROR	0.099933931	0.10308697505388409	13.320192				
sv-benchmarks/c/pthread/reorder_2.yml	unreach-call	false	false(unreach-call)	0.350658504	0.35784177895402536	25.182208				
sv-benchmarks/c/pthread-C-DAC/pthread-finding-k-matches.yml	unreach-call	true	ERROR	0.117200595	0.12325274298200384	13.570048				
sv-benchmarks/c/pthread-C-DAC/pthread-numerical-integration.yml	unreach-call	true	true	9.152095638	9.160949478973635	192.241664				
sv-benchmarks/c/pthread/twostage_3.yml	unreach-call	false	TIMEOUT (false(unreach-call))	10.444598618	10.451158052950632	84.762624				
sv-benchmarks/c/pthread-complex/elimination_backoff_stack.yml	unreach-call	false	TIMEOUT	11.054085168	11.002774824970402	971.509760				
sv-benchmarks/c/pthread-complex/bounded_buffer.yml	unreach-call	false	TIMEOUT	11.039186641	11.007184754998889	1099.137024				
sv-benchmarks/c/ldv-races/race-1_1-join.yml	unreach-call	true	true	0.200163134	0.2046824170392938	14.491648				
sv-benchmarks/c/pthread-complex/safestack_relacy.yml	unreach-call	false	TIMEOUT	11.006168769	11.003765342000406	104.177664				
sv-benchmarks/c/ldv-races/race-1_3-join.yml	unreach-call	false	false(unreach-call)	0.200887361	0.20756033301586285	14.671872				
sv-benchmarks/c/ldv-races/race-1_2-join.yml	unreach-call	false	false(unreach-call)	0.206241875	0.2106185209704563	14.503936				
sv-benchmarks/c/ldv-races/race-4_1-thread_local_vars.yml	unreach-call	true	true	5.446632822	5.458641909994185	44.261376				
sv-benchmarks/c/pthread-complex/workstealqueue_mutex-2.yml	unreach-call	true	TIMEOUT	10.982229358	11.008775914029684	275.521536				
sv-benchmarks/c/ldv-linux-3.14-races/linux-3.14--drivers--spi--spi-tegra20-slink.ko.cil.yml	unreach-call	false	unknown	0.212557768	0.21641317702597007	21.041152				
sv-benchmarks/c/ldv-races/race-2_1-container_of.yml	unreach-call	true	true	0.205026234	0.2129915709956549	12.357632				
sv-benchmarks/c/ldv-races/race-3_1-container_of-global.yml	unreach-call	true	true	0.215897767	0.22297769295983016	12.349440				
sv-benchmarks/c/ldv-races/race-2_2-container_of.yml	unreach-call	false	false(unreach-call)	0.197504972	0.20615653600543737	12.443648				
sv-benchmarks/c/ldv-races/race-3_2-container_of-global.yml	unreach-call	false	false(unreach-call)	0.206421369	0.2133877599844709	12.283904				
sv-benchmarks/c/ldv-races/race-2_5-container_of.yml	unreach-call	false	false(unreach-call)	0.377873187	0.38319846597732976	13.230080				
sv-benchmarks/c/ldv-races/race-2_4-container_of.yml	unreach-call	false	false(unreach-call)	0.251831067	0.25695994799025357	12.976128				
sv-benchmarks/c/ldv-races/race-2_3-container_of.yml	unreach-call	false	false(unreach-call)	0.23733712	0.24471736699342728	12.967936				
sv-benchmarks/c/libvsync/ttaslock.yml	unreach-call	true	unknown	0.352232411	0.360081376042217	24.883200				
sv-benchmarks/c/libvsync/ticketlock.yml	unreach-call	true	unknown	0.34567709	0.35285995301092044	25.059328				
sv-benchmarks/c/libvsync/semaphore.yml	unreach-call	true	unknown	0.354892092	0.3629941190010868	25.042944				
sv-benchmarks/c/libvsync/mcslock.yml	unreach-call	true	unknown	0.355902289	0.3605883059790358	25.075712				
sv-benchmarks/c/libvsync/bounded_mpmc_check_full.yml	unreach-call	true	unknown	0.352007465	0.3580825299723074	25.128960				
sv-benchmarks/c/libvsync/arraylock.yml	unreach-call	true	unknown	0.339668308	0.3488680509617552	25.174016				
sv-benchmarks/c/libvsync/rec_ticketlock.yml	unreach-call	true	unknown	0.354636931	0.3570275600068271	25.133056				
sv-benchmarks/c/libvsync/rwlock.yml	unreach-call	true	unknown	0.343153238	0.347180466982536	25.186304				
sv-benchmarks/c/libvsync/cnalock.yml	unreach-call	true	unknown	0.359117649	0.3626689200173132	25.198592				
sv-benchmarks/c/libvsync/rec_mcslock.yml	unreach-call	true	unknown	0.356547034	0.3630731820012443	25.309184				
sv-benchmarks/c/libvsync/hclhlock.yml	unreach-call	true	unknown	0.35790203	0.36370584001997486	25.378816				
sv-benchmarks/c/libvsync/hmcslock.yml	unreach-call	true	unknown	0.3626023	0.36630079796304926	25.690112				
sv-benchmarks/c/ldv-linux-3.14-races/linux-3.14--drivers--usb--misc--adutux.ko.cil.yml	unreach-call	false	unknown	0.22850453	0.23622856801375747	22.278144				
sv-benchmarks/c/pthread-driver-races/char_generic_nvram_read_nvram_nvram_unlocked_ioctl.yml	unreach-call	true	true	5.675027683	5.695743474992923	61.825024				
sv-benchmarks/c/pthread-driver-races/char_generic_nvram_nvram_unlocked_ioctl_write_nvram.yml	unreach-call	true	true	5.693305986	5.711009218997788	65.511424				
sv-benchmarks/c/pthread-driver-races/char_generic_nvram_read_nvram_write_nvram.yml	unreach-call	false	false(unreach-call)	5.774176119	5.779862808005419	64.081920				
sv-benchmarks/c/pthread-driver-races/char_pc8736x_gpio_pc8736x_gpio_open_pc8736x_gpio_set.yml	unreach-call	true	true	0.955666496	0.9614695130148903	83.980288				
sv-benchmarks/c/pthread-driver-races/char_pc8736x_gpio_pc8736x_gpio_open_pc8736x_gpio_change.yml	unreach-call	true	true	0.969218421	0.977819255029317	84.258816				
sv-benchmarks/c/pthread-driver-races/char_pc8736x_gpio_pc8736x_gpio_get_pc8736x_gpio_set.yml	unreach-call	true	true	0.948626437	0.961483335995581	84.070400				
sv-benchmarks/c/pthread-driver-races/char_pc8736x_gpio_pc8736x_gpio_open_pc8736x_gpio_current.yml	unreach-call	true	true	0.936552081	0.947874864039477	80.973824				
sv-benchmarks/c/pthread-driver-races/char_pc8736x_gpio_pc8736x_gpio_open_pc8736x_gpio_get.yml	unreach-call	true	true	0.908990589	0.9145005670143291	80.814080				
sv-benchmarks/c/pthread-driver-races/char_pc8736x_gpio_pc8736x_gpio_change_pc8736x_gpio_get.yml	unreach-call	true	true	0.95236767	0.9573136360268109	84.926464				
sv-benchmarks/c/pthread-driver-races/char_pc8736x_gpio_pc8736x_gpio_configure_pc8736x_gpio_set.yml	unreach-call	true	true	1.00136898	1.0057452640030533	85.065728				
sv-benchmarks/c/pthread-driver-races/char_pc8736x_gpio_pc8736x_gpio_open_pc8736x_gpio_configure.yml	unreach-call	true	true	0.977597045	0.9843403279664926	81.588224				
sv-benchmarks/c/pthread-driver-races/char_pc8736x_gpio_pc8736x_gpio_current_pc8736x_gpio_get.yml	unreach-call	true	true	0.925939485	0.9308679469977506	81.240064				
sv-benchmarks/c/pthread-driver-races/char_pc8736x_gpio_pc8736x_gpio_change_pc8736x_gpio_configure.yml	unreach-call	true	true	0.977205269	0.9837787830037996	86.093824				
sv-benchmarks/c/pthread-driver-races/char_pc8736x_gpio_pc8736x_gpio_configure_pc8736x_gpio_current.yml	unreach-call	true	true	0.935277018	0.9426125430036336	81.911808				
sv-benchmarks/c/pthread-driver-races/char_pc8736x_gpio_pc8736x_gpio_configure_pc8736x_gpio_get.yml	unreach-call	true	true	0.808404031	0.813670871022623	31.080448				
sv-benchmarks/c/pthread-driver-races/char_pc8736x_gpio_pc8736x_gpio_change_pc8736x_gpio_set.yml	unreach-call	false	false(unreach-call)	1.068853118	1.0724028649856336	88.690688				
sv-benchmarks/c/pthread-driver-races/char_pc8736x_gpio_pc8736x_gpio_current_pc8736x_gpio_set.yml	unreach-call	false	false(unreach-call)	0.98587689	0.9946117380168289	84.795392				
sv-benchmarks/c/pthread-driver-races/char_pc8736x_gpio_pc8736x_gpio_change_pc8736x_gpio_current.yml	unreach-call	false	false(unreach-call)	1.0395368	1.047458236978855	84.811776				
sv-benchmarks/c/ldv-linux-3.14-races/linux-3.14--drivers--net--irda--w83977af_ir.ko.cil.yml	unreach-call	false	unknown	0.287146183	0.29360536200692877	26.959872				
sv-benchmarks/c/ldv-linux-3.14-races/linux-3.14--drivers--net--irda--nsc-ircc.ko.cil.yml	unreach-call	false	unknown	0.380182417	0.3865167219773866	33.054720				
sv-benchmarks/c/ldv-linux-3.14-races/linux-3.14--drivers--media--platform--marvell-ccic--cafe_ccic.ko.cil-1.yml	unreach-call	true	unknown	0.359063347	0.36707172001479194	32.141312				
sv-benchmarks/c/ldv-linux-3.14-races/linux-3.14--drivers--media--platform--marvell-ccic--cafe_ccic.ko.cil-2.yml	unreach-call	false	unknown	0.358878712	0.3656345760100521	32.124928				
