task	status	category	interpretation	cputime	walltime	memory	executions	blocked	xml
c/goblint-regression/13-privatized_66-mine-W-init_true.yml	true	correct	benchmark-consistent	0.069329597s	0.07478016801178455s	25690112B			shard1/fair-census-shard1.2026-07-15_17-15-49.results.genmc-fair-sc.unreach-call.xml.bz2
c/goblint-regression/36-apron_41-threadenter-no-locals_unknown_1_neg.yml	true	wrong	conditional-input-miss	0.068117145s	0.07383133104303852s	25657344B			shard1/fair-census-shard1.2026-07-15_17-15-49.results.genmc-fair-sc.unreach-call.xml.bz2
c/goblint-regression/13-privatized_57-singlethreaded-unlock_true.yml	true	correct	benchmark-consistent	0.073841553s	0.07838709105271846s	25694208B			shard1/fair-census-shard1.2026-07-15_17-15-49.results.genmc-fair-sc.unreach-call.xml.bz2
c/goblint-regression/13-privatized_46-refine-protected1_true.yml	true	correct	benchmark-consistent	0.072080955s	0.077839387988206s	25686016B			shard1/fair-census-shard1.2026-07-15_17-15-49.results.genmc-fair-sc.unreach-call.xml.bz2
c/goblint-regression/13-privatized_41-traces-ex-7_unknown_1_pos.yml	false(unreach-call)	correct	benchmark-consistent	0.069345322s	0.07331854203948751s	25722880B			shard1/fair-census-shard1.2026-07-15_17-15-49.results.genmc-fair-sc.unreach-call.xml.bz2
c/goblint-regression/13-privatized_40-traces-ex-6_true.yml	true	correct	benchmark-consistent	0.071184682s	0.07889887201599777s	25731072B			shard1/fair-census-shard1.2026-07-15_17-15-49.results.genmc-fair-sc.unreach-call.xml.bz2
c/goblint-regression/13-privatized_44-traces-mine2_true.yml	true	correct	benchmark-consistent	0.069792707s	0.075610249012243s	25686016B			shard1/fair-census-shard1.2026-07-15_17-15-49.results.genmc-fair-sc.unreach-call.xml.bz2
c/goblint-regression/13-privatized_18-first-reads_unknown_2_pos.yml	false(unreach-call)	correct	benchmark-consistent	0.064416602s	0.07030660001328215s	25772032B			shard1/fair-census-shard1.2026-07-15_17-15-49.results.genmc-fair-sc.unreach-call.xml.bz2
c/goblint-regression/13-privatized_18-first-reads_unknown_2_neg.yml	true	wrong	conditional-input-miss	0.067221941s	0.07518206402892247s	25718784B			shard1/fair-census-shard1.2026-07-15_17-15-49.results.genmc-fair-sc.unreach-call.xml.bz2
c/goblint-regression/13-privatized_36-traces-ex-3_true.yml	true	correct	benchmark-consistent	0.070244955s	0.07528177701169625s	25677824B			shard1/fair-census-shard1.2026-07-15_17-15-49.results.genmc-fair-sc.unreach-call.xml.bz2
c/goblint-regression/13-privatized_35-traces-ex-2_true.yml	true	correct	benchmark-consistent	0.057725984s	0.06550465896725655s	25710592B			shard1/fair-census-shard1.2026-07-15_17-15-49.results.genmc-fair-sc.unreach-call.xml.bz2
c/goblint-regression/13-privatized_38-traces-ex-4-switch_true.yml	true	correct	benchmark-consistent	0.059605632s	0.06788731599226594s	25661440B			shard1/fair-census-shard1.2026-07-15_17-15-49.results.genmc-fair-sc.unreach-call.xml.bz2
c/goblint-regression/13-privatized_19-publish-precision_unknown_2_pos.yml	false(unreach-call)	correct	benchmark-consistent	0.069734503s	0.07689973997185007s	25735168B			shard1/fair-census-shard1.2026-07-15_17-15-49.results.genmc-fair-sc.unreach-call.xml.bz2
c/goblint-regression/13-privatized_19-publish-precision_unknown_2_neg.yml	false(unreach-call)	correct	benchmark-consistent	0.069557516s	0.0786708120140247s	25698304B			shard1/fair-census-shard1.2026-07-15_17-15-49.results.genmc-fair-sc.unreach-call.xml.bz2
c/goblint-regression/13-privatized_01-priv_nr_true.yml	true	correct	benchmark-consistent	0.073261263s	0.08007538004312664s	25772032B			shard1/fair-census-shard1.2026-07-15_17-15-49.results.genmc-fair-sc.unreach-call.xml.bz2
c/goblint-regression/13-privatized_42-traces-ex-mini_true.yml	true	correct	benchmark-consistent	0.067414025s	0.0786363699589856s	25759744B			shard1/fair-census-shard1.2026-07-15_17-15-49.results.genmc-fair-sc.unreach-call.xml.bz2
c/goblint-regression/13-privatized_25-struct_nr_true.yml	true	correct	benchmark-consistent	0.064664908s	0.07806294196052477s	25710592B			shard1/fair-census-shard1.2026-07-15_17-15-49.results.genmc-fair-sc.unreach-call.xml.bz2
c/goblint-regression/36-apron_17-traces-rpb-litmus_unknown_1_pos.yml	true	wrong	conditional-input-miss	0.069095976s	0.08043084596283734s	25751552B			shard1/fair-census-shard1.2026-07-15_17-15-49.results.genmc-fair-sc.unreach-call.xml.bz2
c/goblint-regression/13-privatized_31-traces-mine-vs-mutex_true.yml	true	correct	benchmark-consistent	0.068681369s	0.07680612802505493s	25780224B			shard1/fair-census-shard1.2026-07-15_17-15-49.results.genmc-fair-sc.unreach-call.xml.bz2
c/goblint-regression/13-privatized_30-traces-oplus-vs-meet_true.yml	true	correct	benchmark-consistent	0.068992987s	0.07906596397515386s	25767936B			shard1/fair-census-shard1.2026-07-15_17-15-49.results.genmc-fair-sc.unreach-call.xml.bz2
c/goblint-regression/13-privatized_34-traces-minepp-L-needs-to-be-um_true.yml	true	correct	benchmark-consistent	0.072045992s	0.07904619100736454s	25694208B			shard1/fair-census-shard1.2026-07-15_17-15-49.results.genmc-fair-sc.unreach-call.xml.bz2
c/goblint-regression/13-privatized_29-multiple-protecting2-vesal_true.yml	true	correct	benchmark-consistent	0.071976552s	0.08271568798227236s	25796608B			shard1/fair-census-shard1.2026-07-15_17-15-49.results.genmc-fair-sc.unreach-call.xml.bz2
c/weaver/test-semi1.wvr.yml	true	correct	benchmark-consistent	0.067539273s	0.07310351997148246s	25210880B			shard1/fair-census-shard1.2026-07-15_17-15-49.results.genmc-fair-sc.unreach-call.xml.bz2
c/weaver/test-easy11.wvr.yml	TIMEOUT	error	unknown	11.004221358s	11.016122977947816s	25178112B			shard1/fair-census-shard1.2026-07-15_17-15-49.results.genmc-fair-sc.unreach-call.xml.bz2
c/weaver/test-easy7.wvr.yml	true	correct	benchmark-consistent	0.066263405s	0.0705311470082961s	25313280B			shard1/fair-census-shard1.2026-07-15_17-15-49.results.genmc-fair-sc.unreach-call.xml.bz2
c/weaver/test-easy1.wvr.yml	true	correct	benchmark-consistent	0.06666216s	0.08081878395751119s	25231360B			shard1/fair-census-shard1.2026-07-15_17-15-49.results.genmc-fair-sc.unreach-call.xml.bz2
c/weaver/popl20-figure1-alt.wvr.yml	true	correct	benchmark-consistent	0.069133854s	0.07606671698158607s	25255936B			shard1/fair-census-shard1.2026-07-15_17-15-49.results.genmc-fair-sc.unreach-call.xml.bz2
c/weaver/popl20-figure3.wvr.yml	TIMEOUT	error	unknown	11.00421972s	11.019989436957985s	78364672B			shard1/fair-census-shard1.2026-07-15_17-15-49.results.genmc-fair-sc.unreach-call.xml.bz2
c/weaver/test-easy8.wvr.yml	true	correct	benchmark-consistent	0.06504768s	0.07517778896726668s	25214976B			shard1/fair-census-shard1.2026-07-15_17-15-49.results.genmc-fair-sc.unreach-call.xml.bz2
c/weaver/parallel-misc-2-unrolled.wvr.yml	true	correct	benchmark-consistent	0.0567269s	0.06527607300085947s	25305088B			shard1/fair-census-shard1.2026-07-15_17-15-49.results.genmc-fair-sc.unreach-call.xml.bz2
c/weaver/parallel-simple-equiv.wvr.yml	true	correct	benchmark-consistent	0.063379454s	0.0710648829699494s	25194496B			shard1/fair-census-shard1.2026-07-15_17-15-49.results.genmc-fair-sc.unreach-call.xml.bz2
c/weaver/parallel-ticket-2.wvr.yml	true	correct	benchmark-consistent	0.064375666s	0.07284651597728953s	25251840B			shard1/fair-census-shard1.2026-07-15_17-15-49.results.genmc-fair-sc.unreach-call.xml.bz2
c/weaver/mult-dist.wvr.yml	TIMEOUT	error	unknown	10.713642887s	10.7349484830047s	3999997952B			shard1/fair-census-shard1.2026-07-15_17-15-49.results.genmc-fair-sc.unreach-call.xml.bz2
c/weaver/clever.wvr.yml	true	correct	benchmark-consistent	0.066823982s	0.08018105197697878s	25272320B			shard1/fair-census-shard1.2026-07-15_17-15-49.results.genmc-fair-sc.unreach-call.xml.bz2
c/weaver/popl20-more-nonblocking-counter-alt2.wvr.yml	TIMEOUT	error	unknown	11.003901752s	11.024855465977453s	64282624B			shard1/fair-census-shard1.2026-07-15_17-15-49.results.genmc-fair-sc.unreach-call.xml.bz2
c/weaver/popl20-counter-determinism.wvr.yml	true	correct	benchmark-consistent	0.070431323s	0.08003881404874846s	25251840B			shard1/fair-census-shard1.2026-07-15_17-15-49.results.genmc-fair-sc.unreach-call.xml.bz2
c/weaver/parallel-misc-2.wvr.yml	true	correct	benchmark-consistent	0.068948431s	0.07526448194403201s	25300992B			shard1/fair-census-shard1.2026-07-15_17-15-49.results.genmc-fair-sc.unreach-call.xml.bz2
c/weaver/parallel-misc-2-unrolled-atomic.wvr.yml	true	correct	benchmark-consistent	0.069437446s	0.07416731398552656s	25341952B			shard1/fair-census-shard1.2026-07-15_17-15-49.results.genmc-fair-sc.unreach-call.xml.bz2
c/weaver/chl-sre-trans.wvr.yml	true	correct	benchmark-consistent	0.066691368s	0.0761137250228785s	25325568B			shard1/fair-census-shard1.2026-07-15_17-15-49.results.genmc-fair-sc.unreach-call.xml.bz2
c/weaver/spaghetti.wvr.yml	TIMEOUT	error	unknown	11.003609905s	11.015993039996829s	55574528B			shard1/fair-census-shard1.2026-07-15_17-15-49.results.genmc-fair-sc.unreach-call.xml.bz2
c/weaver/chl-sre-subst.wvr.yml	true	correct	benchmark-consistent	0.067251469s	0.07374847104074433s	25231360B			shard1/fair-census-shard1.2026-07-15_17-15-49.results.genmc-fair-sc.unreach-call.xml.bz2
c/weaver/chl-simpl-str-symm.wvr.yml	true	correct	benchmark-consistent	0.067173523s	0.07538893696619198s	25313280B			shard1/fair-census-shard1.2026-07-15_17-15-49.results.genmc-fair-sc.unreach-call.xml.bz2
c/weaver/popl20-bad-threaded-sum-2.wvr.yml	TIMEOUT	error	unknown	11.004673903s	11.01838260202203s	58937344B			shard1/fair-census-shard1.2026-07-15_17-15-49.results.genmc-fair-sc.unreach-call.xml.bz2
c/weaver/test-easy10.wvr.yml	true	correct	benchmark-consistent	0.066469628s	0.08923276700079441s	25276416B			shard1/fair-census-shard1.2026-07-15_17-15-49.results.genmc-fair-sc.unreach-call.xml.bz2
c/weaver/parallel-bakery-2.wvr.yml	true	correct	benchmark-consistent	0.067313555s	0.07540726702427492s	25272320B			shard1/fair-census-shard1.2026-07-15_17-15-49.results.genmc-fair-sc.unreach-call.xml.bz2
c/weaver/popl20-mult-equiv.wvr.yml	TIMEOUT	error	unknown	10.999646038s	11.023777641996276s	64253952B			shard1/fair-census-shard1.2026-07-15_17-15-49.results.genmc-fair-sc.unreach-call.xml.bz2
c/weaver/popl20-proofs-counter-add-4-semi-Q67.wvr.yml	true	correct	benchmark-consistent	0.07291341s	0.0779680450214073s	25264128B			shard1/fair-census-shard1.2026-07-15_17-15-49.results.genmc-fair-sc.unreach-call.xml.bz2
c/weaver/chl-time-symm.wvr.yml	true	correct	benchmark-consistent	0.067186641s	0.07700180995743722s	25251840B			shard1/fair-census-shard1.2026-07-15_17-15-49.results.genmc-fair-sc.unreach-call.xml.bz2
c/weaver/bench-exp3x3.wvr.yml	true	correct	benchmark-consistent	0.071711966s	0.0838389529963024s	25391104B			shard1/fair-census-shard1.2026-07-15_17-15-49.results.genmc-fair-sc.unreach-call.xml.bz2
c/weaver/popl20-channel-sum.wvr.yml	true	correct	benchmark-consistent	0.0652977s	0.07372557901544496s	25284608B			shard1/fair-census-shard1.2026-07-15_17-15-49.results.genmc-fair-sc.unreach-call.xml.bz2
c/weaver/popl20-bad-counter-queue.wvr.yml	true	wrong	conditional-input-miss	0.07106453s	0.0761432489962317s	25305088B			shard1/fair-census-shard1.2026-07-15_17-15-49.results.genmc-fair-sc.unreach-call.xml.bz2
c/weaver/test-context1.wvr.yml	true	correct	benchmark-consistent	0.068898643s	0.07675448403460905s	25309184B			shard1/fair-census-shard1.2026-07-15_17-15-49.results.genmc-fair-sc.unreach-call.xml.bz2
c/weaver/chl-match-symm.wvr.yml	true	correct	benchmark-consistent	0.066171897s	0.07523956202203408s	25300992B			shard1/fair-census-shard1.2026-07-15_17-15-49.results.genmc-fair-sc.unreach-call.xml.bz2
c/weaver/popl20-more-sorted.wvr.yml	true	correct	benchmark-consistent	0.074286695s	0.08404170500580221s	25300992B			shard1/fair-census-shard1.2026-07-15_17-15-49.results.genmc-fair-sc.unreach-call.xml.bz2
c/weaver/parallel-ticket-5.wvr.yml	true	correct	benchmark-consistent	0.067818127s	0.07390361197758466s	25337856B			shard1/fair-census-shard1.2026-07-15_17-15-49.results.genmc-fair-sc.unreach-call.xml.bz2
c/weaver/chl-exp-term-symm.wvr.yml	true	correct	benchmark-consistent	0.069390666s	0.07610854500671849s	25354240B			shard1/fair-census-shard1.2026-07-15_17-15-49.results.genmc-fair-sc.unreach-call.xml.bz2
c/weaver/popl20-more-array-sum-alt.wvr.yml	true	wrong	conditional-input-miss	0.070631045s	0.07688542298274115s	25321472B			shard1/fair-census-shard1.2026-07-15_17-15-49.results.genmc-fair-sc.unreach-call.xml.bz2
c/weaver/unroll-3.wvr.yml	true	correct	benchmark-consistent	0.069462433s	0.07739506696816534s	25346048B			shard1/fair-census-shard1.2026-07-15_17-15-49.results.genmc-fair-sc.unreach-call.xml.bz2
c/weaver/chl-chromosome-opt-symm.wvr.yml	true	correct	benchmark-consistent	0.065607481s	0.07695459894603118s	25354240B			shard1/fair-census-shard1.2026-07-15_17-15-49.results.genmc-fair-sc.unreach-call.xml.bz2
c/weaver/popl20-more-min-array.wvr.yml	true	correct	benchmark-consistent	0.070469546s	0.08039776800433174s	25403392B			shard1/fair-census-shard1.2026-07-15_17-15-49.results.genmc-fair-sc.unreach-call.xml.bz2
c/weaver/popl20-bad-counter-queue2.wvr.yml	true	correct	benchmark-consistent	0.066256197s	0.07312883401755244s	25288704B			shard1/fair-census-shard1.2026-07-15_17-15-49.results.genmc-fair-sc.unreach-call.xml.bz2
c/weaver/bench-exp3x3-opt.wvr.yml	true	correct	benchmark-consistent	0.069218412s	0.08168432302772999s	25333760B			shard1/fair-census-shard1.2026-07-15_17-15-49.results.genmc-fair-sc.unreach-call.xml.bz2
c/weaver/popl20-more-min-array-hom.wvr.yml	true	correct	benchmark-consistent	0.073702658s	0.08226126100635156s	25419776B			shard1/fair-census-shard1.2026-07-15_17-15-49.results.genmc-fair-sc.unreach-call.xml.bz2
c/weaver/loop-tiling-eq.wvr.yml	true	correct	benchmark-consistent	0.072363913s	0.08238602196797729s	25280512B			shard1/fair-census-shard1.2026-07-15_17-15-49.results.genmc-fair-sc.unreach-call.xml.bz2
c/weaver/unroll-cond-3.wvr.yml	true	correct	benchmark-consistent	0.067342939s	0.07753038901137188s	25370624B			shard1/fair-census-shard1.2026-07-15_17-15-49.results.genmc-fair-sc.unreach-call.xml.bz2
c/weaver/popl20-send-receive-alt.wvr.yml	true	correct	benchmark-consistent	0.070656596s	0.08312753099016845s	25251840B			shard1/fair-census-shard1.2026-07-15_17-15-49.results.genmc-fair-sc.unreach-call.xml.bz2
c/weaver/popl20-threaded-sum-3.wvr.yml	TIMEOUT	error	unknown	11.00067935s	11.01148116699187s	59416576B			shard1/fair-census-shard1.2026-07-15_17-15-49.results.genmc-fair-sc.unreach-call.xml.bz2
c/weaver/popl20-counter-fun.wvr.yml	true	correct	benchmark-consistent	0.065571973s	0.08418428496224806s	25382912B			shard1/fair-census-shard1.2026-07-15_17-15-49.results.genmc-fair-sc.unreach-call.xml.bz2
c/weaver/popl20-more-array-sum-alt2.wvr.yml	true	correct	benchmark-consistent	0.068780572s	0.0840496759628877s	25280512B			shard1/fair-census-shard1.2026-07-15_17-15-49.results.genmc-fair-sc.unreach-call.xml.bz2
c/weaver/popl20-min-max-inc.wvr.yml	true	correct	benchmark-consistent	0.070055188s	0.07647629699204117s	25313280B			shard1/fair-census-shard1.2026-07-15_17-15-49.results.genmc-fair-sc.unreach-call.xml.bz2
c/weaver/popl20-more-mts.wvr.yml	true	correct	benchmark-consistent	0.069312147s	0.0817619469598867s	25333760B			shard1/fair-census-shard1.2026-07-15_17-15-49.results.genmc-fair-sc.unreach-call.xml.bz2
c/weaver/parallel-misc-5.wvr.yml	true	correct	benchmark-consistent	0.067983608s	0.08073894400149584s	25247744B			shard1/fair-census-shard1.2026-07-15_17-15-49.results.genmc-fair-sc.unreach-call.xml.bz2
c/weaver/chl-time-subst.wvr.yml	true	correct	benchmark-consistent	0.077038657s	0.08644960098899901s	25407488B			shard1/fair-census-shard1.2026-07-15_17-15-49.results.genmc-fair-sc.unreach-call.xml.bz2
c/weaver/popl20-more-array-sum2.wvr.yml	true	correct	benchmark-consistent	0.073362634s	0.08255096198990941s	25296896B			shard1/fair-census-shard1.2026-07-15_17-15-49.results.genmc-fair-sc.unreach-call.xml.bz2
c/weaver/chl-match-trans.wvr.yml	true	correct	benchmark-consistent	0.070445846s	0.0779437969904393s	25366528B			shard1/fair-census-shard1.2026-07-15_17-15-49.results.genmc-fair-sc.unreach-call.xml.bz2
c/weaver/chl-chromosome-symm.wvr.yml	true	correct	benchmark-consistent	0.068190956s	0.07648629898903891s	25313280B			shard1/fair-census-shard1.2026-07-15_17-15-49.results.genmc-fair-sc.unreach-call.xml.bz2
c/weaver/popl20-more-queue-add-2-nl.wvr.yml	TIMEOUT	error	unknown	11.174952348s	11.196352943021338s	3043459072B			shard1/fair-census-shard1.2026-07-15_17-15-49.results.genmc-fair-sc.unreach-call.xml.bz2
c/weaver/chl-match-subst.wvr.yml	true	correct	benchmark-consistent	0.071781079s	0.08178800699533895s	25337856B			shard1/fair-census-shard1.2026-07-15_17-15-49.results.genmc-fair-sc.unreach-call.xml.bz2
c/weaver/parallel-ticket-7.wvr.yml	true	correct	benchmark-consistent	0.068535772s	0.07295926398364827s	25399296B			shard1/fair-census-shard1.2026-07-15_17-15-49.results.genmc-fair-sc.unreach-call.xml.bz2
c/weaver/parallel-misc-1.wvr.yml	true	correct	benchmark-consistent	0.070908183s	0.07917629496660084s	25280512B			shard1/fair-census-shard1.2026-07-15_17-15-49.results.genmc-fair-sc.unreach-call.xml.bz2
c/weaver/popl20-more-inc-subseq.wvr.yml	true	correct	benchmark-consistent	0.06865094s	0.07838233199436218s	25296896B			shard1/fair-census-shard1.2026-07-15_17-15-49.results.genmc-fair-sc.unreach-call.xml.bz2
c/weaver/chl-array-int-subst.wvr.yml	true	correct	benchmark-consistent	0.076636594s	0.08109617297304794s	25387008B			shard1/fair-census-shard1.2026-07-15_17-15-49.results.genmc-fair-sc.unreach-call.xml.bz2
c/weaver/popl20-three-array-min.wvr.yml	true	correct	benchmark-consistent	0.070531401s	0.08002291101729497s	25362432B			shard1/fair-census-shard1.2026-07-15_17-15-49.results.genmc-fair-sc.unreach-call.xml.bz2
c/weaver/popl20-three-array-max.wvr.yml	true	correct	benchmark-consistent	0.068049908s	0.07869699998991564s	25341952B			shard1/fair-census-shard1.2026-07-15_17-15-49.results.genmc-fair-sc.unreach-call.xml.bz2
c/weaver/popl20-bad-dot-product.wvr.yml	true	correct	benchmark-consistent	0.073763155s	0.08165712800109759s	25395200B			shard1/fair-census-shard1.2026-07-15_17-15-49.results.genmc-fair-sc.unreach-call.xml.bz2
c/weaver/parallel-barrier.wvr.yml	true	correct	benchmark-consistent	0.070406906s	0.07961098401574418s	25362432B			shard1/fair-census-shard1.2026-07-15_17-15-49.results.genmc-fair-sc.unreach-call.xml.bz2
c/weaver/test-hard1.wvr.yml	true	correct	benchmark-consistent	0.074347839s	0.08110421802848577s	25321472B			shard1/fair-census-shard1.2026-07-15_17-15-49.results.genmc-fair-sc.unreach-call.xml.bz2
c/weaver/parallel-ticket-8.wvr.yml	true	correct	benchmark-consistent	0.072134198s	0.08407864696346223s	25448448B			shard1/fair-census-shard1.2026-07-15_17-15-49.results.genmc-fair-sc.unreach-call.xml.bz2
c/weaver/chl-chromosome-subst.wvr.yml	true	correct	benchmark-consistent	0.073669369s	0.07828114699805155s	25444352B			shard1/fair-census-shard1.2026-07-15_17-15-49.results.genmc-fair-sc.unreach-call.xml.bz2
c/weaver/parallel-bakery-3.wvr.yml	true	correct	benchmark-consistent	0.074705776s	0.08195220498600975s	25473024B			shard1/fair-census-shard1.2026-07-15_17-15-49.results.genmc-fair-sc.unreach-call.xml.bz2
c/weaver/chl-collitem-trans.wvr.yml	true	correct	benchmark-consistent	0.072364952s	0.08305016701342538s	25300992B			shard1/fair-census-shard1.2026-07-15_17-15-49.results.genmc-fair-sc.unreach-call.xml.bz2
c/weaver/chl-collitem-subst.wvr.yml	true	correct	benchmark-consistent	0.074199875s	0.07919626298826188s	25321472B			shard1/fair-census-shard1.2026-07-15_17-15-49.results.genmc-fair-sc.unreach-call.xml.bz2
c/weaver/popl20-horseshoe.wvr.yml	TIMEOUT	error	unknown	11.169671436s	11.207215343019925s	3054329856B			shard1/fair-census-shard1.2026-07-15_17-15-49.results.genmc-fair-sc.unreach-call.xml.bz2
c/weaver/popl20-more-queue-add-3-nl.wvr.yml	TIMEOUT	error	unknown	11.184422989s	11.202840278972872s	3045810176B			shard1/fair-census-shard1.2026-07-15_17-15-49.results.genmc-fair-sc.unreach-call.xml.bz2
c/weaver/parallel-parallel-sum-1.wvr.yml	true	correct	benchmark-consistent	0.072999274s	0.07945585501147434s	25427968B			shard1/fair-census-shard1.2026-07-15_17-15-49.results.genmc-fair-sc.unreach-call.xml.bz2
c/weaver/popl20-bad-ring.wvr.yml	true	correct	benchmark-consistent	0.072512224s	0.0802311860024929s	25501696B			shard1/fair-census-shard1.2026-07-15_17-15-49.results.genmc-fair-sc.unreach-call.xml.bz2
c/weaver/popl20-prod-cons3.wvr.yml	true	correct	benchmark-consistent	0.072157592s	0.08367699797963724s	25378816B			shard1/fair-census-shard1.2026-07-15_17-15-49.results.genmc-fair-sc.unreach-call.xml.bz2
c/weaver/popl20-more-buffer-mult2.wvr.yml	TIMEOUT	error	unknown	11.181890818s	11.20165167300729s	2990620672B			shard1/fair-census-shard1.2026-07-15_17-15-49.results.genmc-fair-sc.unreach-call.xml.bz2
c/weaver/popl20-more-buffer-mult.wvr.yml	TIMEOUT	error	unknown	11.172155444s	11.202696180029307s	3005177856B			shard1/fair-census-shard1.2026-07-15_17-15-49.results.genmc-fair-sc.unreach-call.xml.bz2
c/weaver/popl20-more-buffer-series2.wvr.yml	true	correct	benchmark-consistent	0.074708119s	0.08126171998446807s	25513984B			shard1/fair-census-shard1.2026-07-15_17-15-49.results.genmc-fair-sc.unreach-call.xml.bz2
c/weaver/parallel-parallel-sum-2.wvr.yml	true	correct	benchmark-consistent	0.075161281s	0.0873356550000608s	25395200B			shard1/fair-census-shard1.2026-07-15_17-15-49.results.genmc-fair-sc.unreach-call.xml.bz2
c/weaver/popl20-bad-buffer-mult-alt.wvr.yml	TIMEOUT	error	unknown	11.183890848s	11.20368737296667s	3037851648B			shard1/fair-census-shard1.2026-07-15_17-15-49.results.genmc-fair-sc.unreach-call.xml.bz2
c/weaver/popl20-more-buffer-series.wvr.yml	true	correct	benchmark-consistent	0.072226231s	0.08131197304464877s	25464832B			shard1/fair-census-shard1.2026-07-15_17-15-49.results.genmc-fair-sc.unreach-call.xml.bz2
c/weaver/parallel-parallel-sum-1-dsl.wvr.yml	true	correct	benchmark-consistent	0.077546131s	0.08377016999293119s	25497600B			shard1/fair-census-shard1.2026-07-15_17-15-49.results.genmc-fair-sc.unreach-call.xml.bz2
c/weaver/parallel-bakery-4.wvr.yml	true	correct	benchmark-consistent	0.074694046s	0.08475520700449124s	25526272B			shard1/fair-census-shard1.2026-07-15_17-15-49.results.genmc-fair-sc.unreach-call.xml.bz2
c/weaver/chl-name-comparator-trans.wvr.yml	true	correct	benchmark-consistent	0.078430756s	0.08669574797386304s	25526272B			shard1/fair-census-shard1.2026-07-15_17-15-49.results.genmc-fair-sc.unreach-call.xml.bz2
c/weaver/chl-nzb-file-symm.wvr.yml	true	correct	benchmark-consistent	0.096521295s	0.10026720998575911s	25513984B			shard1/fair-census-shard1.2026-07-15_17-15-49.results.genmc-fair-sc.unreach-call.xml.bz2
c/weaver/popl20-commit-2.wvr.yml	true	correct	benchmark-consistent	0.111040523s	0.11960785900009796s	25448448B			shard1/fair-census-shard1.2026-07-15_17-15-49.results.genmc-fair-sc.unreach-call.xml.bz2
c/weaver/popl20-bad-commit-2.wvr-bad.yml	true	correct	benchmark-consistent	0.074811676s	0.08742797799641266s	25595904B			shard1/fair-census-shard1.2026-07-15_17-15-49.results.genmc-fair-sc.unreach-call.xml.bz2
c/weaver/chl-poker-hand-symm.wvr.yml	true	correct	benchmark-consistent	0.105641475s	0.11723752599209547s	26062848B			shard1/fair-census-shard1.2026-07-15_17-15-49.results.genmc-fair-sc.unreach-call.xml.bz2
c/weaver/chl-poker-hand-subst.wvr.yml	true	correct	benchmark-consistent	0.125003365s	0.13455353799508885s	26394624B			shard1/fair-census-shard1.2026-07-15_17-15-49.results.genmc-fair-sc.unreach-call.xml.bz2
c/pthread-atomic/read_write_lock-1.yml	true	correct	benchmark-consistent	0.077178847s	0.08772142900852486s	25931776B			shard1/fair-census-shard1.2026-07-15_17-15-49.results.genmc-fair-sc.unreach-call.xml.bz2
c/pthread-ext/29_conditionals_vs.yml	true	correct	benchmark-consistent	0.073818483s	0.09044984803767875s	25731072B			shard1/fair-census-shard1.2026-07-15_17-15-49.results.genmc-fair-sc.unreach-call.xml.bz2
c/pthread-ext/46_monabsex2_vs.yml	true	correct	benchmark-consistent	0.073232231s	0.0832528630271554s	25653248B			shard1/fair-census-shard1.2026-07-15_17-15-49.results.genmc-fair-sc.unreach-call.xml.bz2
c/pthread-divine/tls_destructor_worker.yml	ERROR (compilation)	error	unknown	0.068765652s	0.07369543798267841s	25509888B			shard1/fair-census-shard1.2026-07-15_17-15-49.results.genmc-fair-sc.unreach-call.xml.bz2
c/pthread/stateful01-1.yml	false(unreach-call)	correct	benchmark-consistent	0.073711612s	0.08123921300284564s	25747456B			shard1/fair-census-shard1.2026-07-15_17-15-49.results.genmc-fair-sc.unreach-call.xml.bz2
c/pthread-atomic/time_var_mutex.yml	true	correct	benchmark-consistent	0.072779449s	0.08317133196396753s	25763840B			shard1/fair-census-shard1.2026-07-15_17-15-49.results.genmc-fair-sc.unreach-call.xml.bz2
c/pthread-ext/40_barrier_vf.yml	ERROR (compilation)	error	unknown	0.063808932s	0.07369708898477256s	25501696B			shard1/fair-census-shard1.2026-07-15_17-15-49.results.genmc-fair-sc.unreach-call.xml.bz2
c/pthread/triangular-2.yml	false(unreach-call)	correct	benchmark-consistent	0.821333202s	0.8416998569737189s	25833472B			shard1/fair-census-shard1.2026-07-15_17-15-49.results.genmc-fair-sc.unreach-call.xml.bz2
c/pthread/triangular-longer-1.yml	TIMEOUT	error	unknown	10.996132582s	11.013539769977797s	25837568B			shard1/fair-census-shard1.2026-07-15_17-15-49.results.genmc-fair-sc.unreach-call.xml.bz2
c/pthread/triangular-longest-1.yml	TIMEOUT	error	unknown	10.995249636s	11.01418511098018s	25849856B			shard1/fair-census-shard1.2026-07-15_17-15-49.results.genmc-fair-sc.unreach-call.xml.bz2
c/pthread/triangular-longest-2.yml	TIMEOUT	error	unknown	10.983003047s	11.01489542197669s	25796608B			shard1/fair-census-shard1.2026-07-15_17-15-49.results.genmc-fair-sc.unreach-call.xml.bz2
c/pthread-ext/36_stack_cas_p0_vs_concur.yml	true	correct	benchmark-consistent	0.077398419s	0.08914759295294061s	25972736B			shard1/fair-census-shard1.2026-07-15_17-15-49.results.genmc-fair-sc.unreach-call.xml.bz2
c/pthread-ext/18_read_write_lock.yml	true	correct	benchmark-consistent	0.075006304s	0.08211302099516615s	25817088B			shard1/fair-census-shard1.2026-07-15_17-15-49.results.genmc-fair-sc.unreach-call.xml.bz2
c/pthread-ext/09_fmaxsym.yml	true	correct	benchmark-consistent	0.071999959s	0.07927036000182852s	25747456B			shard1/fair-census-shard1.2026-07-15_17-15-49.results.genmc-fair-sc.unreach-call.xml.bz2
c/goblint-regression/28-race_reach_22-deref_read_racefree.yml	ERROR (unsupported property: invalid memory access)	error	unknown	3.555347169s	3.576432318019215s	56229888B			shard1/fair-census-shard1.2026-07-15_17-15-49.results.genmc-fair-sc.unreach-call.xml.bz2
c/goblint-regression/28-race_reach_45-escape_racing.yml	false(unreach-call)	correct	benchmark-consistent	0.073694166s	0.08069349802099168s	25706496B			shard1/fair-census-shard1.2026-07-15_17-15-49.results.genmc-fair-sc.unreach-call.xml.bz2
c/pthread-ext/39_rand_lock_p0_vs.yml	true	correct	benchmark-consistent	0.07281402s	0.08448253403184935s	25739264B			shard1/fair-census-shard1.2026-07-15_17-15-49.results.genmc-fair-sc.unreach-call.xml.bz2
c/goblint-regression/28-race_reach_41-trylock_racefree.yml	TIMEOUT	error	unknown	11.075481756s	11.103486127045471s	1461268480B			shard1/fair-census-shard1.2026-07-15_17-15-49.results.genmc-fair-sc.unreach-call.xml.bz2
c/goblint-regression/28-race_reach_36-indirect_racefree.yml	TIMEOUT	error	unknown	11.026989413s	11.103553032968193s	1441353728B			shard1/fair-census-shard1.2026-07-15_17-15-49.results.genmc-fair-sc.unreach-call.xml.bz2
c/goblint-regression/28-race_reach_01-simple_racing.yml	false(unreach-call)	correct	benchmark-consistent	3.662912139s	3.6836679579573683s	76800000B			shard1/fair-census-shard1.2026-07-15_17-15-49.results.genmc-fair-sc.unreach-call.xml.bz2
c/goblint-regression/28-race_reach_11-ptr_racing.yml	false(unreach-call)	correct	benchmark-consistent	3.644549568s	3.6562458489788696s	76791808B			shard1/fair-census-shard1.2026-07-15_17-15-49.results.genmc-fair-sc.unreach-call.xml.bz2
c/pthread-divine/tls_basic.yml	ERROR (compilation)	error	unknown	0.070522851s	0.07642594299977645s	25477120B			shard1/fair-census-shard1.2026-07-15_17-15-49.results.genmc-fair-sc.unreach-call.xml.bz2
c/pthread/fib_safe-5.yml	true	correct	benchmark-consistent	1.700985883s	1.710427380981855s	25731072B			shard1/fair-census-shard1.2026-07-15_17-15-49.results.genmc-fair-sc.unreach-call.xml.bz2
c/pthread/fib_safe-7.yml	TIMEOUT	error	unknown	10.995559242s	11.012861274008173s	25825280B			shard1/fair-census-shard1.2026-07-15_17-15-49.results.genmc-fair-sc.unreach-call.xml.bz2
c/pthread/fib_unsafe-6.yml	false(unreach-call)	correct	benchmark-consistent	2.082187106s	2.0910823870217428s	25853952B			shard1/fair-census-shard1.2026-07-15_17-15-49.results.genmc-fair-sc.unreach-call.xml.bz2
c/pthread/fib_safe-10.yml	TIMEOUT	error	unknown	10.992232247s	11.011295225005597s	25821184B			shard1/fair-census-shard1.2026-07-15_17-15-49.results.genmc-fair-sc.unreach-call.xml.bz2
c/pthread/fib_safe-12.yml	TIMEOUT	error	unknown	10.983068505s	11.012287303048652s	25821184B			shard1/fair-census-shard1.2026-07-15_17-15-49.results.genmc-fair-sc.unreach-call.xml.bz2
c/pthread/fib_unsafe-11.yml	TIMEOUT	error	unknown	10.980594293s	11.013736655004323s	25726976B			shard1/fair-census-shard1.2026-07-15_17-15-49.results.genmc-fair-sc.unreach-call.xml.bz2
c/goblint-regression/28-race_reach_40-trylock_racing.yml	ERROR (unsupported external)	error	unknown	1.60269933s	1.6140186879783869s	25866240B			shard1/fair-census-shard1.2026-07-15_17-15-49.results.genmc-fair-sc.unreach-call.xml.bz2
c/goblint-regression/28-race_reach_51-mutexptr_racefree.yml	TIMEOUT	error	unknown	11.095802315s	11.122203506994992s	1503809536B			shard1/fair-census-shard1.2026-07-15_17-15-49.results.genmc-fair-sc.unreach-call.xml.bz2
c/pthread/lazy01.yml	false(unreach-call)	correct	benchmark-consistent	0.066654938s	0.07693659997312352s	25767936B			shard1/fair-census-shard1.2026-07-15_17-15-49.results.genmc-fair-sc.unreach-call.xml.bz2
c/goblint-regression/28-race_reach_19-callback_racing.yml	TIMEOUT	error	unknown	11.097878335s	11.114905696013011s	1435242496B			shard1/fair-census-shard1.2026-07-15_17-15-49.results.genmc-fair-sc.unreach-call.xml.bz2
c/pthread-ext/04_incdec_cas.yml	true	correct	benchmark-consistent	0.063521806s	0.07110100303543732s	25792512B			shard1/fair-census-shard1.2026-07-15_17-15-49.results.genmc-fair-sc.unreach-call.xml.bz2
c/goblint-regression/28-race_reach_03-munge_racing.yml	TIMEOUT	error	unknown	11.028578123s	11.042772295011673s	415383552B			shard1/fair-census-shard1.2026-07-15_17-15-49.results.genmc-fair-sc.unreach-call.xml.bz2
c/goblint-regression/28-race_reach_09-ptrmunge_racing.yml	TIMEOUT	error	unknown	11.027383804s	11.043671733001247s	450514944B			shard1/fair-census-shard1.2026-07-15_17-15-49.results.genmc-fair-sc.unreach-call.xml.bz2
c/goblint-regression/28-race_reach_61-invariant_racing.yml	TIMEOUT	error	unknown	11.096297306s	11.116599125962239s	1477443584B			shard1/fair-census-shard1.2026-07-15_17-15-49.results.genmc-fair-sc.unreach-call.xml.bz2
c/pthread-atomic/read_write_lock-2.yml	false(unreach-call)	correct	benchmark-consistent	0.09426662s	0.10378157900413498s	25821184B			shard1/fair-census-shard1.2026-07-15_17-15-49.results.genmc-fair-sc.unreach-call.xml.bz2
c/pthread-ext/26_stack_cas.yml	TIMEOUT	error	unknown	11.002822237s	11.016345233016182s	52891648B			shard1/fair-census-shard1.2026-07-15_17-15-49.results.genmc-fair-sc.unreach-call.xml.bz2
c/pthread-ext/26_stack_cas_longest-2.yml	TIMEOUT	error	unknown	10.992179612s	11.021876731014345s	56504320B			shard1/fair-census-shard1.2026-07-15_17-15-49.results.genmc-fair-sc.unreach-call.xml.bz2
c/pthread-ext/26_stack_cas_longest-1.yml	false(unreach-call)	correct	benchmark-consistent	0.131238727s	0.1400940549792722s	26087424B			shard1/fair-census-shard1.2026-07-15_17-15-49.results.genmc-fair-sc.unreach-call.xml.bz2
c/pthread-ext/25_stack_longer-2.yml	TIMEOUT	error	unknown	10.992978712s	11.012315366009716s	61624320B			shard1/fair-census-shard1.2026-07-15_17-15-49.results.genmc-fair-sc.unreach-call.xml.bz2
c/pthread-ext/25_stack_longer-1.yml	false(unreach-call)	correct	benchmark-consistent	0.079734669s	0.09000304294750094s	25952256B			shard1/fair-census-shard1.2026-07-15_17-15-49.results.genmc-fair-sc.unreach-call.xml.bz2
c/pthread-ext/08_rand_cas.yml	true	correct	benchmark-consistent	0.069132932s	0.07918948796577752s	25849856B			shard1/fair-census-shard1.2026-07-15_17-15-49.results.genmc-fair-sc.unreach-call.xml.bz2
c/pthread-wmm/safe029_tso.yml	true	correct	benchmark-consistent	0.156218203s	0.16662167600588873s	25821184B			shard1/fair-census-shard1.2026-07-15_17-15-49.results.genmc-fair-sc.unreach-call.xml.bz2
c/pthread-wmm/safe033_tso.yml	true	correct	benchmark-consistent	0.253306982s	0.263078359013889s	25690112B			shard1/fair-census-shard1.2026-07-15_17-15-49.results.genmc-fair-sc.unreach-call.xml.bz2
c/pthread-wmm/safe006_pso.oepc_pso.opt_tso.oepc_tso.opt-thin000_pso.oepc_pso.opt_tso.oepc_tso.opt.yml	true	correct	benchmark-consistent	0.156810487s	0.16435837803874165s	25812992B			shard1/fair-census-shard1.2026-07-15_17-15-49.results.genmc-fair-sc.unreach-call.xml.bz2
c/pthread-wmm/safe030_tso.yml	TIMEOUT	error	unknown	10.992388866s	11.013331854017451s	25763840B			shard1/fair-census-shard1.2026-07-15_17-15-49.results.genmc-fair-sc.unreach-call.xml.bz2
c/pthread-wmm/safe011_tso.yml	TIMEOUT	error	unknown	10.99812931s	11.012981334992219s	25751552B			shard1/fair-census-shard1.2026-07-15_17-15-49.results.genmc-fair-sc.unreach-call.xml.bz2
c/pthread-atomic/peterson.yml	true	correct	benchmark-consistent	0.064553249s	0.07133242901181802s	25722880B			shard1/fair-census-shard1.2026-07-15_17-15-49.results.genmc-fair-sc.unreach-call.xml.bz2
c/pthread-wmm/safe031_tso.yml	TIMEOUT	error	unknown	10.99813598s	11.014765197993256s	25821184B			shard1/fair-census-shard1.2026-07-15_17-15-49.results.genmc-fair-sc.unreach-call.xml.bz2
c/pthread-wmm/safe004_tso.yml	TIMEOUT	error	unknown	10.997862462s	11.013311797985807s	25812992B			shard1/fair-census-shard1.2026-07-15_17-15-49.results.genmc-fair-sc.unreach-call.xml.bz2
c/pthread-wmm/safe021_tso.yml	TIMEOUT	error	unknown	10.99912037s	11.015532767982222s	25772032B			shard1/fair-census-shard1.2026-07-15_17-15-49.results.genmc-fair-sc.unreach-call.xml.bz2
c/pthread-wmm/safe018_pso.oepc_pso.opt_tso.oepc_tso.opt.yml	TIMEOUT	error	unknown	10.998839787s	11.012715603981633s	25780224B			shard1/fair-census-shard1.2026-07-15_17-15-49.results.genmc-fair-sc.unreach-call.xml.bz2
c/pthread-wmm/safe015_pso.oepc_pso.opt_tso.oepc_tso.opt.yml	TIMEOUT	error	unknown	11.001555359s	11.014138547994662s	25800704B			shard1/fair-census-shard1.2026-07-15_17-15-49.results.genmc-fair-sc.unreach-call.xml.bz2
c/pthread-wmm/safe003_tso.yml	TIMEOUT	error	unknown	10.997894001s	11.012833892018534s	25858048B			shard1/fair-census-shard1.2026-07-15_17-15-49.results.genmc-fair-sc.unreach-call.xml.bz2
c/pthread-wmm/safe028_pso.oepc_pso.opt_tso.oepc_tso.opt.yml	TIMEOUT	error	unknown	10.99419089s	11.01058500801446s	25767936B			shard1/fair-census-shard1.2026-07-15_17-15-49.results.genmc-fair-sc.unreach-call.xml.bz2
c/pthread-wmm/safe000_pso.oepc_pso.opt_tso.oepc_tso.opt.yml	TIMEOUT	error	unknown	10.998286482s	11.014197544020135s	25788416B			shard1/fair-census-shard1.2026-07-15_17-15-49.results.genmc-fair-sc.unreach-call.xml.bz2
c/pthread-wmm/safe034_tso.yml	TIMEOUT	error	unknown	10.993055279s	11.012950361007825s	25829376B			shard1/fair-census-shard1.2026-07-15_17-15-49.results.genmc-fair-sc.unreach-call.xml.bz2
c/pthread-wmm/safe023_tso.yml	TIMEOUT	error	unknown	10.99621073s	11.016279042989481s	25755648B			shard1/fair-census-shard1.2026-07-15_17-15-49.results.genmc-fair-sc.unreach-call.xml.bz2
c/pthread-wmm/safe007_pso.oepc_pso.opt_tso.oepc_tso.opt-thin001_pso.oepc_pso.opt_tso.oepc_tso.opt.yml	TIMEOUT	error	unknown	10.998081301s	11.013363205012865s	25825280B			shard1/fair-census-shard1.2026-07-15_17-15-49.results.genmc-fair-sc.unreach-call.xml.bz2
c/pthread-wmm/safe025_pso.oepc_pso.opt_tso.oepc_tso.opt.yml	TIMEOUT	error	unknown	10.995140233s	11.01739950303454s	25821184B			shard1/fair-census-shard1.2026-07-15_17-15-49.results.genmc-fair-sc.unreach-call.xml.bz2
c/pthread-wmm/safe035_pso.oepc_pso.opt_rmo.oepc_rmo.opt_tso.oepc_tso.opt.yml	TIMEOUT	error	unknown	10.988509857s	11.009126184042543s	25833472B			shard1/fair-census-shard1.2026-07-15_17-15-49.results.genmc-fair-sc.unreach-call.xml.bz2
c/pthread-atomic/lamport.yml	true	correct	benchmark-consistent	0.064986792s	0.0723667040001601s	25759744B			shard1/fair-census-shard1.2026-07-15_17-15-49.results.genmc-fair-sc.unreach-call.xml.bz2
c/pthread-wmm/safe027_pso.oepc_pso.opt_tso.oepc_tso.opt.yml	TIMEOUT	error	unknown	10.997813396s	11.01438845001394s	25841664B			shard1/fair-census-shard1.2026-07-15_17-15-49.results.genmc-fair-sc.unreach-call.xml.bz2
c/pthread-atomic/dekker-unfair.yml	true	correct	benchmark-consistent	0.067614056s	0.07712457701563835s	25735168B			shard1/fair-census-shard1.2026-07-15_17-15-49.results.genmc-fair-sc.unreach-call.xml.bz2
c/pthread-theta/unwind3-1.yml	false(unreach-call)	correct	benchmark-consistent	0.067344839s	0.07974475697847083s	25825280B			shard1/fair-census-shard1.2026-07-15_17-15-49.results.genmc-fair-sc.unreach-call.xml.bz2
c/pthread-theta/unwind3-nondet.yml	true	wrong	conditional-input-miss	0.067566243s	0.07774064800469205s	25825280B			shard1/fair-census-shard1.2026-07-15_17-15-49.results.genmc-fair-sc.unreach-call.xml.bz2
c/pthread-theta/unwind1-100.yml	true	wrong	conditional-input-miss	0.062141086s	0.07322938501602039s	25800704B			shard1/fair-census-shard1.2026-07-15_17-15-49.results.genmc-fair-sc.unreach-call.xml.bz2
c/pthread-theta/exponential-64.yml	TIMEOUT	error	unknown	10.998040706s	11.013992272957694s	25821184B			shard1/fair-census-shard1.2026-07-15_17-15-49.results.genmc-fair-sc.unreach-call.xml.bz2
c/pthread-theta/exponential-nondet.yml	true	correct	benchmark-consistent	0.070845981s	0.07805010001175106s	25829376B			shard1/fair-census-shard1.2026-07-15_17-15-49.results.genmc-fair-sc.unreach-call.xml.bz2
c/pthread-theta/unwind2-100.yml	false(unreach-call)	correct	benchmark-consistent	0.070532229s	0.07599656999809667s	25829376B			shard1/fair-census-shard1.2026-07-15_17-15-49.results.genmc-fair-sc.unreach-call.xml.bz2
c/pthread-ext/43_NetBSD_sysmon_power_sliced-pthread.yml	ERROR (compilation)	error	unknown	0.051467574s	0.06105908303288743s	25522176B			shard1/fair-census-shard1.2026-07-15_17-15-49.results.genmc-fair-sc.unreach-call.xml.bz2
c/pthread-theta/wsc.yml	true	correct	benchmark-consistent	0.067588088s	0.07442345400340855s	25874432B			shard1/fair-census-shard1.2026-07-15_17-15-49.results.genmc-fair-sc.unreach-call.xml.bz2
c/pthread-wmm/safe033_power.oepc_power.opt_pso.oepc_pso.opt_rmo.oepc_rmo.opt.yml	false(unreach-call)	correct	benchmark-consistent	0.425960259s	0.43113459600135684s	26087424B			shard1/fair-census-shard1.2026-07-15_17-15-49.results.genmc-fair-sc.unreach-call.xml.bz2
c/pthread-wmm/rfi004.yml	false(unreach-call)	correct	benchmark-consistent	2.036747691s	2.043040277028922s	25976832B			shard1/fair-census-shard1.2026-07-15_17-15-49.results.genmc-fair-sc.unreach-call.xml.bz2
c/pthread-wmm/safe029_power.oepc_pso.oepc_rmo.oepc.yml	false(unreach-call)	correct	benchmark-consistent	0.090638844s	0.09587968204868957s	26091520B			shard1/fair-census-shard1.2026-07-15_17-15-49.results.genmc-fair-sc.unreach-call.xml.bz2
c/pthread-wmm/mix054_pso.opt_rmo.opt_tso.oepc_tso.opt.yml	false(unreach-call)	correct	benchmark-consistent	0.225057325s	0.2498501860536635s	26083328B			shard1/fair-census-shard1.2026-07-15_17-15-49.results.genmc-fair-sc.unreach-call.xml.bz2
c/pthread-wmm/safe010_power.oepc_power.opt_pso.oepc_pso.opt_rmo.oepc_rmo.opt.yml	false(unreach-call)	correct	benchmark-consistent	0.090422963s	0.10032172099454328s	26087424B			shard1/fair-census-shard1.2026-07-15_17-15-49.results.genmc-fair-sc.unreach-call.xml.bz2
c/pthread-wmm/mix052_pso.opt_rmo.opt_tso.opt.yml	TIMEOUT	error	unknown	10.995396362s	11.012071511009708s	26066944B			shard1/fair-census-shard1.2026-07-15_17-15-49.results.genmc-fair-sc.unreach-call.xml.bz2
c/pthread-wmm/mix022_power.oepc_power.opt_pso.oepc_pso.opt_rmo.oepc_rmo.opt.yml	false(unreach-call)	correct	benchmark-consistent	0.118658232s	0.13152906898176298s	26083328B			shard1/fair-census-shard1.2026-07-15_17-15-49.results.genmc-fair-sc.unreach-call.xml.bz2
c/pthread-wmm/mix048_power.oepc_power.opt_pso.oepc_pso.opt_rmo.oepc_rmo.opt_tso.oepc_tso.opt-podwr000_power.oepc_power.opt_pso.oepc_pso.opt_rmo.oepc_rmo.opt_tso.oepc_tso.opt.yml	false(unreach-call)	correct	benchmark-consistent	0.092335811s	0.10454755497630686s	25980928B			shard1/fair-census-shard1.2026-07-15_17-15-49.results.genmc-fair-sc.unreach-call.xml.bz2
c/pthread-wmm/rfi000_power.opt_pso.opt_rmo.opt.yml	false(unreach-call)	correct	benchmark-consistent	0.778408046s	0.7854941689874977s	26120192B			shard1/fair-census-shard1.2026-07-15_17-15-49.results.genmc-fair-sc.unreach-call.xml.bz2
c/pthread-wmm/rfi001_power.oepc_pso.oepc_rmo.oepc.yml	false(unreach-call)	correct	benchmark-consistent	0.149454711s	0.16041085397591814s	26050560B			shard1/fair-census-shard1.2026-07-15_17-15-49.results.genmc-fair-sc.unreach-call.xml.bz2
c/pthread-wmm/mix041_power.opt_pso.opt_rmo.opt_tso.oepc_tso.opt.yml	false(unreach-call)	correct	benchmark-consistent	0.773565306s	0.7852319509838708s	26062848B			shard1/fair-census-shard1.2026-07-15_17-15-49.results.genmc-fair-sc.unreach-call.xml.bz2
c/pthread-wmm/mix012_power.oepc_power.opt_pso.oepc_rmo.oepc_rmo.opt_tso.oepc.yml	false(unreach-call)	correct	benchmark-consistent	0.121542298s	0.13440851197810844s	26091520B			shard1/fair-census-shard1.2026-07-15_17-15-49.results.genmc-fair-sc.unreach-call.xml.bz2
c/pthread-wmm/mix034_power.oepc_power.opt_pso.oepc_rmo.oepc_rmo.opt_tso.oepc.yml	false(unreach-call)	correct	benchmark-consistent	0.151018194s	0.16049736901186407s	26013696B			shard1/fair-census-shard1.2026-07-15_17-15-49.results.genmc-fair-sc.unreach-call.xml.bz2
c/pthread-wmm/safe030_power.opt_pso.opt_rmo.opt.yml	TIMEOUT	error	unknown	10.975869788s	11.012440815975424s	26087424B			shard1/fair-census-shard1.2026-07-15_17-15-49.results.genmc-fair-sc.unreach-call.xml.bz2
c/pthread-wmm/mix056_power.opt_pso.opt_rmo.opt_tso.oepc_tso.opt.yml	TIMEOUT	error	unknown	10.989371099s	11.014898472989444s	26136576B			shard1/fair-census-shard1.2026-07-15_17-15-49.results.genmc-fair-sc.unreach-call.xml.bz2
c/pthread-wmm/mix033.opt.yml	TIMEOUT	error	unknown	10.989373182s	11.01328385603847s	26095616B			shard1/fair-census-shard1.2026-07-15_17-15-49.results.genmc-fair-sc.unreach-call.xml.bz2
c/pthread-wmm/mix053.opt.yml	TIMEOUT	error	unknown	10.998521027s	11.009576435026247s	26083328B			shard1/fair-census-shard1.2026-07-15_17-15-49.results.genmc-fair-sc.unreach-call.xml.bz2
c/pthread-wmm/mix032.opt.yml	TIMEOUT	error	unknown	10.990820439s	11.015892659954261s	26071040B			shard1/fair-census-shard1.2026-07-15_17-15-49.results.genmc-fair-sc.unreach-call.xml.bz2
c/pthread-wmm/safe013_power.oepc_power.opt_pso.oepc_pso.opt_rmo.oepc_rmo.opt.yml	TIMEOUT	error	unknown	11.00056743s	11.01780943799531s	26087424B			shard1/fair-census-shard1.2026-07-15_17-15-49.results.genmc-fair-sc.unreach-call.xml.bz2
c/pthread-wmm/safe002_power.opt_pso.oepc_pso.opt_rmo.opt.yml	TIMEOUT	error	unknown	10.995812088s	11.011798029998317s	26042368B			shard1/fair-census-shard1.2026-07-15_17-15-49.results.genmc-fair-sc.unreach-call.xml.bz2
c/pthread-wmm/mix045_power.opt_pso.opt_rmo.opt_tso.oepc_tso.opt.yml	TIMEOUT	error	unknown	10.996801158s	11.012670178955887s	26157056B			shard1/fair-census-shard1.2026-07-15_17-15-49.results.genmc-fair-sc.unreach-call.xml.bz2
c/pthread-wmm/safe005_power.oepc_power.opt_pso.oepc_pso.opt_rmo.oepc_rmo.opt.yml	TIMEOUT	error	unknown	10.999934817s	11.014337966043968s	26144768B			shard1/fair-census-shard1.2026-07-15_17-15-49.results.genmc-fair-sc.unreach-call.xml.bz2
c/pthread-wmm/safe014_rmo.oepc.yml	false(unreach-call)	correct	benchmark-consistent	0.081577071s	0.08995110698742792s	26095616B			shard1/fair-census-shard1.2026-07-15_17-15-49.results.genmc-fair-sc.unreach-call.xml.bz2
c/pthread-wmm/safe012_rmo.oepc.yml	false(unreach-call)	correct	benchmark-consistent	0.074423364s	0.08498955797404051s	26128384B			shard1/fair-census-shard1.2026-07-15_17-15-49.results.genmc-fair-sc.unreach-call.xml.bz2
c/pthread-wmm/safe007_rmo.oepc_rmo.opt-thin001_rmo.oepc_rmo.opt.yml	false(unreach-call)	correct	benchmark-consistent	0.076994386s	0.08484104904346168s	26128384B			shard1/fair-census-shard1.2026-07-15_17-15-49.results.genmc-fair-sc.unreach-call.xml.bz2
c/pthread-wmm/safe030_power.oepc_pso.oepc_rmo.oepc.yml	false(unreach-call)	correct	benchmark-consistent	4.761073103s	4.770750380994286s	26148864B			shard1/fair-census-shard1.2026-07-15_17-15-49.results.genmc-fair-sc.unreach-call.xml.bz2
c/pthread-wmm/mix039.opt.yml	TIMEOUT	error	unknown	10.995650543s	11.008158447977621s	26128384B			shard1/fair-census-shard1.2026-07-15_17-15-49.results.genmc-fair-sc.unreach-call.xml.bz2
c/pthread-wmm/mix035_power.opt_rmo.opt.yml	TIMEOUT	error	unknown	10.999328796s	11.021518352034036s	26075136B			shard1/fair-census-shard1.2026-07-15_17-15-49.results.genmc-fair-sc.unreach-call.xml.bz2
c/pthread-wmm/mix056_power.oepc_pso.oepc_rmo.oepc.yml	false(unreach-call)	correct	benchmark-consistent	5.866071001s	5.879301693988964s	26025984B			shard1/fair-census-shard1.2026-07-15_17-15-49.results.genmc-fair-sc.unreach-call.xml.bz2
c/pthread-wmm/mix036_pso.opt_tso.opt.yml	TIMEOUT	error	unknown	10.998086042s	11.017513015016448s	26120192B			shard1/fair-census-shard1.2026-07-15_17-15-49.results.genmc-fair-sc.unreach-call.xml.bz2
c/pthread-wmm/mix024_power.opt_pso.opt_rmo.opt.yml	TIMEOUT	error	unknown	10.988377633s	11.013854251999874s	26087424B			shard1/fair-census-shard1.2026-07-15_17-15-49.results.genmc-fair-sc.unreach-call.xml.bz2
c/pthread-wmm/safe006_power.oepc-thin000_power.oepc.yml	false(unreach-call)	correct	benchmark-consistent	0.078724853s	0.08790212700841948s	26161152B			shard1/fair-census-shard1.2026-07-15_17-15-49.results.genmc-fair-sc.unreach-call.xml.bz2
c/pthread-wmm/safe004_power.opt_pso.opt_rmo.opt.yml	TIMEOUT	error	unknown	11.001309961s	11.0164630060317s	26157056B			shard1/fair-census-shard1.2026-07-15_17-15-49.results.genmc-fair-sc.unreach-call.xml.bz2
c/pthread-wmm/safe001_power.opt_pso.oepc_pso.opt_rmo.opt.yml	TIMEOUT	error	unknown	10.987736664s	11.0150940589956s	26087424B			shard1/fair-census-shard1.2026-07-15_17-15-49.results.genmc-fair-sc.unreach-call.xml.bz2
c/pthread-wmm/safe021_power.oepc_pso.oepc_rmo.oepc_rmo.opt.yml	false(unreach-call)	correct	benchmark-consistent	6.019805356s	6.0346906300401315s	26058752B			shard1/fair-census-shard1.2026-07-15_17-15-49.results.genmc-fair-sc.unreach-call.xml.bz2
c/pthread-wmm/safe008_power.oepc_pso.oepc_pso.opt_rmo.oepc_rmo.opt.yml	false(unreach-call)	correct	benchmark-consistent	4.882717393s	4.896025081980042s	26169344B			shard1/fair-census-shard1.2026-07-15_17-15-49.results.genmc-fair-sc.unreach-call.xml.bz2
c/pthread-wmm/mix028_power.oepc_pso.oepc_rmo.oepc.yml	TIMEOUT	error	unknown	10.991608613s	11.014501394995023s	26099712B			shard1/fair-census-shard1.2026-07-15_17-15-49.results.genmc-fair-sc.unreach-call.xml.bz2
c/pthread-wmm/mix045_power.oepc_pso.oepc_rmo.oepc.yml	TIMEOUT	error	unknown	10.999803341s	11.013986135018058s	26099712B			shard1/fair-census-shard1.2026-07-15_17-15-49.results.genmc-fair-sc.unreach-call.xml.bz2
c/pthread-wmm/mix027_power.opt_pso.opt_rmo.opt.yml	TIMEOUT	error	unknown	10.997253017s	11.015072412963491s	26087424B			shard1/fair-census-shard1.2026-07-15_17-15-49.results.genmc-fair-sc.unreach-call.xml.bz2
c/pthread-wmm/mix047_power.opt_pso.opt_rmo.opt_tso.oepc_tso.opt.yml	TIMEOUT	error	unknown	10.996248074s	11.016197856981307s	26218496B			shard1/fair-census-shard1.2026-07-15_17-15-49.results.genmc-fair-sc.unreach-call.xml.bz2
c/pthread-wmm/mix042.oepc.yml	TIMEOUT	error	unknown	10.995809053s	11.009035911003593s	26152960B			shard1/fair-census-shard1.2026-07-15_17-15-49.results.genmc-fair-sc.unreach-call.xml.bz2
c/pthread-wmm/mix038_tso.oepc.yml	TIMEOUT	error	unknown	10.99699713s	11.012026373995468s	26124288B			shard1/fair-census-shard1.2026-07-15_17-15-49.results.genmc-fair-sc.unreach-call.xml.bz2
c/pthread-wmm/mix044.opt.yml	TIMEOUT	error	unknown	10.992008616s	11.015380996046588s	26087424B			shard1/fair-census-shard1.2026-07-15_17-15-49.results.genmc-fair-sc.unreach-call.xml.bz2
c/pthread-wmm/mix026_pso.opt_rmo.opt.yml	TIMEOUT	error	unknown	10.998927798s	11.008610546006821s	26177536B			shard1/fair-census-shard1.2026-07-15_17-15-49.results.genmc-fair-sc.unreach-call.xml.bz2
c/pthread-wmm/mix006_power.oepc_pso.oepc_rmo.oepc.yml	TIMEOUT	error	unknown	10.964810817s	11.013434275984764s	26112000B			shard1/fair-census-shard1.2026-07-15_17-15-49.results.genmc-fair-sc.unreach-call.xml.bz2
c/pthread-wmm/mix023_power.opt_pso.opt_rmo.opt.yml	TIMEOUT	error	unknown	10.998359584s	11.018225776962936s	26161152B			shard1/fair-census-shard1.2026-07-15_17-15-49.results.genmc-fair-sc.unreach-call.xml.bz2
c/pthread-wmm/mix012_pso.opt_tso.opt.yml	false(unreach-call)	correct	benchmark-consistent	0.569412821s	0.5798838240443729s	26107904B			shard1/fair-census-shard1.2026-07-15_17-15-49.results.genmc-fair-sc.unreach-call.xml.bz2
c/pthread-wmm/thin002_rmo.yml	false(unreach-call)	correct	benchmark-consistent	0.085884484s	0.09382487705443054s	26173440B			shard1/fair-census-shard1.2026-07-15_17-15-49.results.genmc-fair-sc.unreach-call.xml.bz2
c/pthread-wmm/rfi010.yml	false(unreach-call)	correct	benchmark-consistent	1.256759616s	1.265196730964817s	26152960B			shard1/fair-census-shard1.2026-07-15_17-15-49.results.genmc-fair-sc.unreach-call.xml.bz2
c/pthread-wmm/mix024_power.oepc_pso.oepc_rmo.oepc_tso.oepc_tso.opt.yml	TIMEOUT	error	unknown	10.997696003s	11.012766465020832s	26071040B			shard1/fair-census-shard1.2026-07-15_17-15-49.results.genmc-fair-sc.unreach-call.xml.bz2
c/pthread-wmm/mix033_tso.oepc.yml	TIMEOUT	error	unknown	10.998709628s	11.013415063964203s	26222592B			shard1/fair-census-shard1.2026-07-15_17-15-49.results.genmc-fair-sc.unreach-call.xml.bz2
c/pthread-wmm/mix015.oepc.yml	TIMEOUT	error	unknown	10.99835043s	11.012175030016806s	26099712B			shard1/fair-census-shard1.2026-07-15_17-15-49.results.genmc-fair-sc.unreach-call.xml.bz2
c/pthread-wmm/mix000.opt.yml	false(unreach-call)	correct	benchmark-consistent	1.276686926s	1.2926732630003244s	26107904B			shard1/fair-census-shard1.2026-07-15_17-15-49.results.genmc-fair-sc.unreach-call.xml.bz2
c/pthread-wmm/safe009_rmo.opt.yml	TIMEOUT	error	unknown	10.996986231s	11.018817935022525s	26071040B			shard1/fair-census-shard1.2026-07-15_17-15-49.results.genmc-fair-sc.unreach-call.xml.bz2
c/pthread-wmm/safe018_power.oepc.yml	false(unreach-call)	correct	benchmark-consistent	0.079674349s	0.08812602498801425s	26087424B			shard1/fair-census-shard1.2026-07-15_17-15-49.results.genmc-fair-sc.unreach-call.xml.bz2
c/pthread-wmm/mix030_power.opt_pso.opt_rmo.opt.yml	TIMEOUT	error	unknown	10.984369838s	11.014893191982992s	26181632B			shard1/fair-census-shard1.2026-07-15_17-15-49.results.genmc-fair-sc.unreach-call.xml.bz2
c/pthread-wmm/safe014_power.oepc.yml	false(unreach-call)	correct	benchmark-consistent	0.079082815s	0.08740164403570816s	26095616B			shard1/fair-census-shard1.2026-07-15_17-15-49.results.genmc-fair-sc.unreach-call.xml.bz2
c/pthread-wmm/mix002.oepc.yml	TIMEOUT	error	unknown	10.999481492s	11.01297926902771s	26157056B			shard1/fair-census-shard1.2026-07-15_17-15-49.results.genmc-fair-sc.unreach-call.xml.bz2
c/pthread-wmm/mix021_tso.oepc.yml	TIMEOUT	error	unknown	10.999657355s	11.013610345020425s	26185728B			shard1/fair-census-shard1.2026-07-15_17-15-49.results.genmc-fair-sc.unreach-call.xml.bz2
c/pthread-wmm/mix022_tso.yml	false(unreach-call)	correct	benchmark-consistent	0.544595954s	0.5523955390090123s	26267648B			shard1/fair-census-shard1.2026-07-15_17-15-49.results.genmc-fair-sc.unreach-call.xml.bz2
c/pthread-wmm/rfi007_tso.yml	false(unreach-call)	correct	benchmark-consistent	0.54809305s	0.556604046956636s	26218496B			shard1/fair-census-shard1.2026-07-15_17-15-49.results.genmc-fair-sc.unreach-call.xml.bz2
c/pthread-wmm/mix026_power.opt_tso.opt.yml	TIMEOUT	error	unknown	10.997331721s	11.016794116003439s	26112000B			shard1/fair-census-shard1.2026-07-15_17-15-49.results.genmc-fair-sc.unreach-call.xml.bz2
c/pthread-wmm/mix016_pso.opt_tso.opt.yml	TIMEOUT	error	unknown	10.983328013s	11.016082354995888s	26222592B			shard1/fair-census-shard1.2026-07-15_17-15-49.results.genmc-fair-sc.unreach-call.xml.bz2
c/pthread-wmm/mix057_power.oepc_pso.oepc_rmo.oepc.yml	TIMEOUT	error	unknown	10.996585237s	11.011071468004957s	26120192B			shard1/fair-census-shard1.2026-07-15_17-15-49.results.genmc-fair-sc.unreach-call.xml.bz2
c/pthread-wmm/mix000.oepc.yml	false(unreach-call)	correct	benchmark-consistent	0.142325396s	0.15006827900651842s	26173440B			shard1/fair-census-shard1.2026-07-15_17-15-49.results.genmc-fair-sc.unreach-call.xml.bz2
c/pthread-wmm/rfi008.oepc.yml	false(unreach-call)	correct	benchmark-consistent	0.138998851s	0.14892191399121657s	26234880B			shard1/fair-census-shard1.2026-07-15_17-15-49.results.genmc-fair-sc.unreach-call.xml.bz2
c/pthread-wmm/mix055_power.oepc_pso.oepc_rmo.oepc.yml	TIMEOUT	error	unknown	10.99977147s	11.018074439023621s	26148864B			shard1/fair-census-shard1.2026-07-15_17-15-49.results.genmc-fair-sc.unreach-call.xml.bz2
c/pthread-wmm/mix030_power.oepc_pso.oepc_rmo.oepc.yml	TIMEOUT	error	unknown	10.989480924s	11.013582111976575s	26165248B			shard1/fair-census-shard1.2026-07-15_17-15-49.results.genmc-fair-sc.unreach-call.xml.bz2
c/pthread-wmm/mix003_power.opt_pso.opt_rmo.opt_tso.opt.yml	TIMEOUT	error	unknown	10.990372341s	11.01224217703566s	26243072B			shard1/fair-census-shard1.2026-07-15_17-15-49.results.genmc-fair-sc.unreach-call.xml.bz2
c/pthread-wmm/mix027_tso.yml	TIMEOUT	error	unknown	10.998030292s	11.01385442900937s	26206208B			shard1/fair-census-shard1.2026-07-15_17-15-49.results.genmc-fair-sc.unreach-call.xml.bz2
c/pthread-wmm/mix015.opt.yml	TIMEOUT	error	unknown	10.968690301s	11.01574357895879s	26189824B			shard1/fair-census-shard1.2026-07-15_17-15-49.results.genmc-fair-sc.unreach-call.xml.bz2
c/pthread-wmm/mix021_power.oepc_pso.oepc_rmo.oepc.yml	TIMEOUT	error	unknown	10.995492949s	11.015079069009516s	26214400B			shard1/fair-census-shard1.2026-07-15_17-15-49.results.genmc-fair-sc.unreach-call.xml.bz2
c/pthread-wmm/mix047_power.oepc_pso.oepc_rmo.oepc.yml	TIMEOUT	error	unknown	10.999073563s	11.01679621601943s	26226688B			shard1/fair-census-shard1.2026-07-15_17-15-49.results.genmc-fair-sc.unreach-call.xml.bz2
c/pthread-wmm/mix028_tso.yml	TIMEOUT	error	unknown	10.999516179s	11.013778211025055s	26312704B			shard1/fair-census-shard1.2026-07-15_17-15-49.results.genmc-fair-sc.unreach-call.xml.bz2
c/pthread-wmm/mix020.oepc.yml	TIMEOUT	error	unknown	10.983243315s	11.01334725000197s	26214400B			shard1/fair-census-shard1.2026-07-15_17-15-49.results.genmc-fair-sc.unreach-call.xml.bz2
c/pthread-wmm/mix046.oepc.yml	TIMEOUT	error	unknown	10.995896873s	11.013682146964129s	26124288B			shard1/fair-census-shard1.2026-07-15_17-15-49.results.genmc-fair-sc.unreach-call.xml.bz2
c/pthread-wmm/mix044_tso.oepc.yml	TIMEOUT	error	unknown	10.988938476s	11.012997177022044s	26259456B			shard1/fair-census-shard1.2026-07-15_17-15-49.results.genmc-fair-sc.unreach-call.xml.bz2
c/pthread-wmm/mix040_power.oepc_pso.oepc_rmo.oepc.yml	TIMEOUT	error	unknown	10.999361377s	11.015250480966642s	26157056B			shard1/fair-census-shard1.2026-07-15_17-15-49.results.genmc-fair-sc.unreach-call.xml.bz2
c/pthread-wmm/thin002_power.oepc.yml	false(unreach-call)	correct	benchmark-consistent	0.088319057s	0.09671721403719857s	26161152B			shard1/fair-census-shard1.2026-07-15_17-15-49.results.genmc-fair-sc.unreach-call.xml.bz2
c/pthread-wmm/mix037_tso.oepc.yml	TIMEOUT	error	unknown	10.993630172s	11.014336362015456s	26284032B			shard1/fair-census-shard1.2026-07-15_17-15-49.results.genmc-fair-sc.unreach-call.xml.bz2
c/pthread-wmm/mix039.oepc.yml	TIMEOUT	error	unknown	10.988740729s	11.011440640024375s	26185728B			shard1/fair-census-shard1.2026-07-15_17-15-49.results.genmc-fair-sc.unreach-call.xml.bz2
c/pthread-wmm/mix008_power.oepc_pso.oepc_rmo.oepc.yml	TIMEOUT	error	unknown	10.993454213s	11.016727098962292s	26218496B			shard1/fair-census-shard1.2026-07-15_17-15-49.results.genmc-fair-sc.unreach-call.xml.bz2
c/pthread-wmm/mix021.opt.yml	TIMEOUT	error	unknown	10.996635326s	11.015380844008178s	26238976B			shard1/fair-census-shard1.2026-07-15_17-15-49.results.genmc-fair-sc.unreach-call.xml.bz2
c/pthread-wmm/safe012_power.opt.yml	TIMEOUT	error	unknown	10.992369427s	11.013897552038543s	26214400B			shard1/fair-census-shard1.2026-07-15_17-15-49.results.genmc-fair-sc.unreach-call.xml.bz2
c/pthread-wmm/mix007.oepc.yml	TIMEOUT	error	unknown	10.998915969s	11.018059210968204s	26255360B			shard1/fair-census-shard1.2026-07-15_17-15-49.results.genmc-fair-sc.unreach-call.xml.bz2
c/pthread-wmm/mix005_tso.oepc.yml	TIMEOUT	error	unknown	10.99428563s	11.013562516018283s	26189824B			shard1/fair-census-shard1.2026-07-15_17-15-49.results.genmc-fair-sc.unreach-call.xml.bz2
c/pthread-wmm/rfi009_power.opt_pso.oepc_pso.opt_rmo.opt_tso.oepc_tso.opt.yml	TIMEOUT	error	unknown	10.981503904s	11.011092797969468s	26234880B			shard1/fair-census-shard1.2026-07-15_17-15-49.results.genmc-fair-sc.unreach-call.xml.bz2
c/pthread-wmm/mix014_power.oepc_pso.oepc_rmo.oepc.yml	TIMEOUT	error	unknown	11.000721372s	11.016194174997509s	26222592B			shard1/fair-census-shard1.2026-07-15_17-15-49.results.genmc-fair-sc.unreach-call.xml.bz2
c/pthread-wmm/mix020.opt.yml	TIMEOUT	error	unknown	10.996558769s	11.01344866596628s	26308608B			shard1/fair-census-shard1.2026-07-15_17-15-49.results.genmc-fair-sc.unreach-call.xml.bz2
c/pthread-wmm/mix013.oepc.yml	TIMEOUT	error	unknown	10.993912554s	11.018892280000728s	26189824B			shard1/fair-census-shard1.2026-07-15_17-15-49.results.genmc-fair-sc.unreach-call.xml.bz2
c/pthread-wmm/mix008.opt.yml	TIMEOUT	error	unknown	10.997742769s	11.011822720989585s	26173440B			shard1/fair-census-shard1.2026-07-15_17-15-49.results.genmc-fair-sc.unreach-call.xml.bz2
c/pthread-wmm/mix005.opt.yml	TIMEOUT	error	unknown	10.993535489s	11.014496845949907s	26279936B			shard1/fair-census-shard1.2026-07-15_17-15-49.results.genmc-fair-sc.unreach-call.xml.bz2
c/pthread-wmm/mix014.opt.yml	TIMEOUT	error	unknown	10.971474831s	11.010891249985434s	26177536B			shard1/fair-census-shard1.2026-07-15_17-15-49.results.genmc-fair-sc.unreach-call.xml.bz2
c/pthread-wmm/mix013.opt.yml	TIMEOUT	error	unknown	10.991276998s	11.019388079992495s	26234880B			shard1/fair-census-shard1.2026-07-15_17-15-49.results.genmc-fair-sc.unreach-call.xml.bz2
c/pthread-wmm/safe009_rmo.oepc.yml	false(unreach-call)	correct	benchmark-consistent	0.079714143s	0.0863341799704358s	26300416B			shard1/fair-census-shard1.2026-07-15_17-15-49.results.genmc-fair-sc.unreach-call.xml.bz2
c/pthread-wmm/rfi006_pso.oepc_pso.opt_tso.oepc_tso.opt.yml	TIMEOUT	error	unknown	10.98794942s	11.019550076976884s	26267648B			shard1/fair-census-shard1.2026-07-15_17-15-49.results.genmc-fair-sc.unreach-call.xml.bz2
c/pthread-wmm/safe008_power.opt.yml	TIMEOUT	error	unknown	10.96845508s	11.016396677005105s	26214400B			shard1/fair-census-shard1.2026-07-15_17-15-49.results.genmc-fair-sc.unreach-call.xml.bz2
c/pthread-wmm/safe000_power.opt.yml	TIMEOUT	error	unknown	10.997218961s	11.014727851958014s	26214400B			shard1/fair-census-shard1.2026-07-15_17-15-49.results.genmc-fair-sc.unreach-call.xml.bz2
c/pthread-wmm/safe028_rmo.yml	TIMEOUT	error	unknown	10.998334853s	11.010715852025896s	26214400B			shard1/fair-census-shard1.2026-07-15_17-15-49.results.genmc-fair-sc.unreach-call.xml.bz2
c/pthread-wmm/thin002_power.opt.yml	TIMEOUT	error	unknown	10.99957252s	11.017410096945241s	26238976B			shard1/fair-census-shard1.2026-07-15_17-15-49.results.genmc-fair-sc.unreach-call.xml.bz2
c/pthread-wmm/mix001.oepc.yml	TIMEOUT	error	unknown	10.992337005s	11.01491464098217s	26267648B			shard1/fair-census-shard1.2026-07-15_17-15-49.results.genmc-fair-sc.unreach-call.xml.bz2
c/pthread-wmm/safe019_rmo.oepc.yml	false(unreach-call)	correct	benchmark-consistent	0.083444672s	0.09147865901468322s	26353664B			shard1/fair-census-shard1.2026-07-15_17-15-49.results.genmc-fair-sc.unreach-call.xml.bz2
c/pthread-wmm/rfi005.yml	false(unreach-call)	correct	benchmark-consistent	0.081909006s	0.09380828100256622s	26353664B			shard1/fair-census-shard1.2026-07-15_17-15-49.results.genmc-fair-sc.unreach-call.xml.bz2
c/pthread-wmm/rfi000_power.oepc_pso.oepc_rmo.oepc.yml	false(unreach-call)	correct	benchmark-consistent	0.17019091s	0.17979491304140538s	26333184B			shard1/fair-census-shard1.2026-07-15_17-15-49.results.genmc-fair-sc.unreach-call.xml.bz2
c/pthread-deagle/arithmetic_prog_ok.yml	ERROR (compilation)	error	unknown	0.059331582s	0.06650703900959343s	25427968B			shard1/fair-census-shard1.2026-07-15_17-15-49.results.genmc-fair-sc.unreach-call.xml.bz2
c/pthread-wmm/safe009_power.oepc.yml	false(unreach-call)	correct	benchmark-consistent	0.087810828s	0.09315010503632948s	26345472B			shard1/fair-census-shard1.2026-07-15_17-15-49.results.genmc-fair-sc.unreach-call.xml.bz2
c/pthread-wmm/safe019_rmo.opt.yml	TIMEOUT	error	unknown	10.961007344s	11.009205109032337s	26349568B			shard1/fair-census-shard1.2026-07-15_17-15-49.results.genmc-fair-sc.unreach-call.xml.bz2
c/pthread-wmm/safe018_power.opt.yml	TIMEOUT	error	unknown	10.979227519s	11.010748340981081s	26345472B			shard1/fair-census-shard1.2026-07-15_17-15-49.results.genmc-fair-sc.unreach-call.xml.bz2
c/pthread-wmm/safe016_power.oepc.yml	false(unreach-call)	correct	benchmark-consistent	0.086780258s	0.09684032498626038s	26476544B			shard1/fair-census-shard1.2026-07-15_17-15-49.results.genmc-fair-sc.unreach-call.xml.bz2
c/pthread-wmm/safe016_rmo.opt.yml	TIMEOUT	error	unknown	10.996264815s	11.012891930004116s	26431488B			shard1/fair-census-shard1.2026-07-15_17-15-49.results.genmc-fair-sc.unreach-call.xml.bz2
c/pthread-wmm/rfi002_power.oepc_power.opt_pso.oepc_pso.opt_rmo.oepc_rmo.opt.yml	true	correct	benchmark-consistent	3.885201789s	3.899424205010291s	26345472B			shard1/fair-census-shard1.2026-07-15_17-15-49.results.genmc-fair-sc.unreach-call.xml.bz2
c/pthread-wmm/safe003_power.oepc_pso.oepc_pso.opt_rmo.oepc_rmo.opt.yml	false(unreach-call)	correct	benchmark-consistent	7.006511527s	7.023394523945171s	26353664B			shard1/fair-census-shard1.2026-07-15_17-15-49.results.genmc-fair-sc.unreach-call.xml.bz2
c/pthread-wmm/safe032_power.oepc_power.opt_pso.oepc_pso.opt_rmo.oepc_rmo.opt.yml	TIMEOUT	error	unknown	10.984626415s	11.012637028994504s	26353664B			shard1/fair-census-shard1.2026-07-15_17-15-49.results.genmc-fair-sc.unreach-call.xml.bz2
c/pthread-wmm/safe000_rmo.yml	false(unreach-call)	correct	benchmark-consistent	0.084729914s	0.09413152700290084s	26353664B			shard1/fair-census-shard1.2026-07-15_17-15-49.results.genmc-fair-sc.unreach-call.xml.bz2
c/pthread-wmm/safe002_rmo.oepc.yml	false(unreach-call)	correct	benchmark-consistent	0.087887616s	0.09879808500409126s	26443776B			shard1/fair-census-shard1.2026-07-15_17-15-49.results.genmc-fair-sc.unreach-call.xml.bz2
c/pthread-wmm/safe019_power.opt.yml	TIMEOUT	error	unknown	10.999634051s	11.013698225026019s	26390528B			shard1/fair-census-shard1.2026-07-15_17-15-49.results.genmc-fair-sc.unreach-call.xml.bz2
c/goblint-regression/28-race_reach_27-funptr_racing.yml	TIMEOUT	error	unknown	11.09010523s	11.111384799005464s	1381662720B			shard1/fair-census-shard1.2026-07-15_17-15-49.results.genmc-fair-sc.unreach-call.xml.bz2
c/pthread-wmm/safe023_power.oepc_power.opt_pso.oepc_pso.opt_rmo.oepc_rmo.opt.yml	TIMEOUT	error	unknown	10.998432446s	11.01917876797961s	26476544B			shard1/fair-census-shard1.2026-07-15_17-15-49.results.genmc-fair-sc.unreach-call.xml.bz2
c/pthread-wmm/safe001_power.oepc.yml	false(unreach-call)	correct	benchmark-consistent	0.088890124s	0.09890277899103239s	26460160B			shard1/fair-census-shard1.2026-07-15_17-15-49.results.genmc-fair-sc.unreach-call.xml.bz2
c/pthread-wmm/safe000_power.oepc.yml	false(unreach-call)	correct	benchmark-consistent	0.091671541s	0.09939331095665693s	26497024B			shard1/fair-census-shard1.2026-07-15_17-15-49.results.genmc-fair-sc.unreach-call.xml.bz2
c/pthread/sync01.yml	ERROR (compilation)	error	unknown	0.059396407s	0.06613286101492122s	25427968B			shard1/fair-census-shard1.2026-07-15_17-15-49.results.genmc-fair-sc.unreach-call.xml.bz2
c/pthread-wmm/safe025_power.yml	false(unreach-call)	correct	benchmark-consistent	0.084480495s	0.0927153350203298s	26480640B			shard1/fair-census-shard1.2026-07-15_17-15-49.results.genmc-fair-sc.unreach-call.xml.bz2
c/goblint-regression/28-race_reach_08-cond_racefree.yml	TIMEOUT	error	unknown	11.088484145s	11.11095852998551s	1417908224B			shard1/fair-census-shard1.2026-07-15_17-15-49.results.genmc-fair-sc.unreach-call.xml.bz2
c/goblint-regression/28-race_reach_70-funloop_racefree.yml	TIMEOUT	error	unknown	11.020593367s	11.037551998044364s	280670208B			shard1/fair-census-shard1.2026-07-15_17-15-49.results.genmc-fair-sc.unreach-call.xml.bz2
c/pthread/stack_longer-2.yml	true	correct	benchmark-consistent	2.518663738s	2.527528557984624s	580833280B			shard1/fair-census-shard1.2026-07-15_17-15-49.results.genmc-fair-sc.unreach-call.xml.bz2
c/pthread/stack-2.yml	true	wrong	conditional-input-miss	0.064932679s	0.0728456320357509s	25858048B			shard1/fair-census-shard1.2026-07-15_17-15-49.results.genmc-fair-sc.unreach-call.xml.bz2
c/pthread/stack_longest-1.yml	TIMEOUT	error	unknown	11.204911672s	11.250877485028468s	3058806784B			shard1/fair-census-shard1.2026-07-15_17-15-49.results.genmc-fair-sc.unreach-call.xml.bz2
c/goblint-regression/28-race_reach_71-funloop_racing.yml	TIMEOUT	error	unknown	11.019623205s	11.040214409003966s	280674304B			shard1/fair-census-shard1.2026-07-15_17-15-49.results.genmc-fair-sc.unreach-call.xml.bz2
c/goblint-regression/28-race_reach_76-tricky_address3_racefree.yml	true	correct	benchmark-consistent	1.621255176s	1.632344665005803s	25903104B			shard1/fair-census-shard1.2026-07-15_17-15-49.results.genmc-fair-sc.unreach-call.xml.bz2
c/goblint-regression/28-race_reach_72-funloop_hard_racing.yml	TIMEOUT	error	unknown	11.032329594s	11.047999383998103s	301985792B			shard1/fair-census-shard1.2026-07-15_17-15-49.results.genmc-fair-sc.unreach-call.xml.bz2
c/pthread-wmm/safe035_power.yml	TIMEOUT	error	unknown	11.070175556s	11.096392498002388s	26611712B			shard1/fair-census-shard1.2026-07-15_17-15-49.results.genmc-fair-sc.unreach-call.xml.bz2
c/pthread/queue_ok.yml	true	correct	benchmark-consistent	0.067097715s	0.07703140896046534s	25956352B			shard1/fair-census-shard1.2026-07-15_17-15-49.results.genmc-fair-sc.unreach-call.xml.bz2
c/pthread/queue_ok_longest.yml	true	correct	benchmark-consistent	0.180661997s	0.1926665409700945s	25899008B			shard1/fair-census-shard1.2026-07-15_17-15-49.results.genmc-fair-sc.unreach-call.xml.bz2
c/pthread/queue_longest.yml	TIMEOUT	error	unknown	11.06443583s	11.080562450981233s	849465344B			shard1/fair-census-shard1.2026-07-15_17-15-49.results.genmc-fair-sc.unreach-call.xml.bz2
c/pthread-wmm/mix014_tso.oepc.yml	TIMEOUT	error	unknown	10.997504284s	11.013999507005792s	26664960B			shard1/fair-census-shard1.2026-07-15_17-15-49.results.genmc-fair-sc.unreach-call.xml.bz2
c/pthread-wmm/mix008_tso.oepc.yml	TIMEOUT	error	unknown	10.995876699s	11.013943250989541s	26628096B			shard1/fair-census-shard1.2026-07-15_17-15-49.results.genmc-fair-sc.unreach-call.xml.bz2
c/pthread-lit/sssc12.yml	true	correct	benchmark-consistent	0.066380688s	0.07531891501275823s	25866240B			shard1/fair-census-shard1.2026-07-15_17-15-49.results.genmc-fair-sc.unreach-call.xml.bz2
c/goblint-regression/28-race_reach_78-equ_racing.yml	TIMEOUT	error	unknown	11.081671758s	11.099979162972886s	1380167680B			shard1/fair-census-shard1.2026-07-15_17-15-49.results.genmc-fair-sc.unreach-call.xml.bz2
c/goblint-regression/28-race_reach_81-list_racing.yml	TIMEOUT	error	unknown	11.053519333s	11.06854387500789s	776626176B			shard1/fair-census-shard1.2026-07-15_17-15-49.results.genmc-fair-sc.unreach-call.xml.bz2
c/goblint-regression/28-race_reach_87-lists_racefree.yml	TIMEOUT	error	unknown	11.016068655s	11.043986707984004s	446136320B			shard1/fair-census-shard1.2026-07-15_17-15-49.results.genmc-fair-sc.unreach-call.xml.bz2
c/goblint-regression/28-race_reach_86-lists_racing.yml	TIMEOUT	error	unknown	11.02361754s	11.044766499020625s	456863744B			shard1/fair-census-shard1.2026-07-15_17-15-49.results.genmc-fair-sc.unreach-call.xml.bz2
c/goblint-regression/28-race_reach_92-evilcollapse_racing.yml	true	wrong	conditional-input-miss	1.633567379s	1.6460765260271728s	26034176B			shard1/fair-census-shard1.2026-07-15_17-15-49.results.genmc-fair-sc.unreach-call.xml.bz2
c/pthread-race-challenges/thread-local-pthread-value.yml	ERROR (compilation)	error	unknown	0.063278889s	0.070465098018758s	25354240B			shard1/fair-census-shard1.2026-07-15_17-15-49.results.genmc-fair-sc.unreach-call.xml.bz2
c/goblint-regression/28-race_reach_83-list2_racing1.yml	TIMEOUT	error	unknown	11.005555064s	11.018752067990135s	88702976B			shard1/fair-census-shard1.2026-07-15_17-15-49.results.genmc-fair-sc.unreach-call.xml.bz2
c/goblint-regression/28-race_reach_84-list2_racing2.yml	TIMEOUT	error	unknown	11.004128963s	11.017892506031785s	89501696B			shard1/fair-census-shard1.2026-07-15_17-15-49.results.genmc-fair-sc.unreach-call.xml.bz2
c/goblint-regression/28-race_reach_90-arrayloop2_racing.yml	TIMEOUT	error	unknown	11.006644868s	11.0220770270098s	98091008B			shard1/fair-census-shard1.2026-07-15_17-15-49.results.genmc-fair-sc.unreach-call.xml.bz2
c/pthread/bigshot_s.yml	true	correct	benchmark-consistent	0.074118459s	0.08242559299105778s	25829376B			shard1/fair-census-shard1.2026-07-15_17-15-49.results.genmc-fair-sc.unreach-call.xml.bz2
c/pthread/singleton_with-uninit-problems.yml	true	correct	benchmark-consistent	0.078268355s	0.08683184202527627s	25956352B			shard1/fair-census-shard1.2026-07-15_17-15-49.results.genmc-fair-sc.unreach-call.xml.bz2
c/goblint-regression/13-privatized_67-pthread_cond_wait_true.yml	ERROR (compilation)	error	unknown	0.060040385s	0.0715591850457713s	25759744B			shard1/fair-census-shard1.2026-07-15_17-15-49.results.genmc-fair-sc.unreach-call.xml.bz2
c/goblint-regression/13-privatized_67-pthread_cond_wait_unknown_1_neg.yml	ERROR (compilation)	error	unknown	0.064561527s	0.07389574300032109s	25776128B			shard1/fair-census-shard1.2026-07-15_17-15-49.results.genmc-fair-sc.unreach-call.xml.bz2
c/pthread/reorder_5.yml	false(unreach-call)	correct	benchmark-consistent	1.675614343s	1.7021231360267848s	25890816B			shard1/fair-census-shard1.2026-07-15_17-15-49.results.genmc-fair-sc.unreach-call.xml.bz2
c/pthread/reorder_2.yml	false(unreach-call)	correct	benchmark-consistent	0.110629032s	0.1201169440173544s	25952256B			shard1/fair-census-shard1.2026-07-15_17-15-49.results.genmc-fair-sc.unreach-call.xml.bz2
c/pthread-C-DAC/pthread-numerical-integration.yml	true	correct	benchmark-consistent	0.070885493s	0.0792485480196774s	25952256B			shard1/fair-census-shard1.2026-07-15_17-15-49.results.genmc-fair-sc.unreach-call.xml.bz2
c/pthread-complex/elimination_backoff_stack.yml	TIMEOUT	error	unknown	10.997031742s	11.012355808983557s	26189824B			shard1/fair-census-shard1.2026-07-15_17-15-49.results.genmc-fair-sc.unreach-call.xml.bz2
c/ldv-races/race-1_1-join.yml	true	correct	benchmark-consistent	0.067558365s	0.07662884099408984s	25886720B			shard1/fair-census-shard1.2026-07-15_17-15-49.results.genmc-fair-sc.unreach-call.xml.bz2
c/ldv-races/race-1_3-join.yml	false(unreach-call)	correct	benchmark-consistent	0.071610316s	0.0812723429990001s	26025984B			shard1/fair-census-shard1.2026-07-15_17-15-49.results.genmc-fair-sc.unreach-call.xml.bz2
c/ldv-races/race-4_1-thread_local_vars.yml	true	correct	benchmark-consistent	0.068460443s	0.0813895629835315s	25989120B			shard1/fair-census-shard1.2026-07-15_17-15-49.results.genmc-fair-sc.unreach-call.xml.bz2
c/ldv-linux-3.14-races/linux-3.14--drivers--spi--spi-tegra20-slink.ko.cil.yml	TIMEOUT	error	unknown	10.999594206s	11.016841099015437s	32555008B			shard1/fair-census-shard1.2026-07-15_17-15-49.results.genmc-fair-sc.unreach-call.xml.bz2
c/ldv-races/race-3_1-container_of-global.yml	true	correct	benchmark-consistent	0.06872861s	0.08046372403623536s	25976832B			shard1/fair-census-shard1.2026-07-15_17-15-49.results.genmc-fair-sc.unreach-call.xml.bz2
c/ldv-races/race-3_2-container_of-global.yml	true	wrong	conditional-input-miss	0.073015376s	0.08266266103601083s	26148864B			shard1/fair-census-shard1.2026-07-15_17-15-49.results.genmc-fair-sc.unreach-call.xml.bz2
c/ldv-races/race-2_4-container_of.yml	true	wrong	conditional-input-miss	0.071182159s	0.08232974301790819s	26103808B			shard1/fair-census-shard1.2026-07-15_17-15-49.results.genmc-fair-sc.unreach-call.xml.bz2
c/libvsync/ttaslock.yml	TIMEOUT	error	unknown	11.192989072s	11.220822767994832s	3344044032B			shard1/fair-census-shard1.2026-07-15_17-15-49.results.genmc-fair-sc.unreach-call.xml.bz2
c/libvsync/semaphore.yml	true	correct	benchmark-consistent	2.301262289s	2.3200647399644367s	26755072B			shard1/fair-census-shard1.2026-07-15_17-15-49.results.genmc-fair-sc.unreach-call.xml.bz2
c/libvsync/bounded_mpmc_check_full.yml	true	correct	benchmark-consistent	0.126935464s	0.1332174550043419s	26775552B			shard1/fair-census-shard1.2026-07-15_17-15-49.results.genmc-fair-sc.unreach-call.xml.bz2
c/libvsync/rec_ticketlock.yml	TIMEOUT	error	unknown	11.226886351s	11.242927501967642s	3461935104B			shard1/fair-census-shard1.2026-07-15_17-15-49.results.genmc-fair-sc.unreach-call.xml.bz2
c/libvsync/cnalock.yml	ERROR (unsupported property: invalid memory access)	error	unknown	0.126821787s	0.13473461900139228s	26873856B			shard1/fair-census-shard1.2026-07-15_17-15-49.results.genmc-fair-sc.unreach-call.xml.bz2
c/libvsync/hclhlock.yml	ERROR (unsupported property: invalid memory access)	error	unknown	0.124494241s	0.13956385396886617s	26947584B			shard1/fair-census-shard1.2026-07-15_17-15-49.results.genmc-fair-sc.unreach-call.xml.bz2
c/ldv-linux-3.14-races/linux-3.14--drivers--usb--misc--adutux.ko.cil.yml	TIMEOUT	error	unknown	10.999816507s	11.015069672954269s	33091584B			shard1/fair-census-shard1.2026-07-15_17-15-49.results.genmc-fair-sc.unreach-call.xml.bz2
c/pthread-driver-races/char_generic_nvram_nvram_unlocked_ioctl_write_nvram.yml	true	correct	benchmark-consistent	0.171950992s	0.1805170129518956s	29171712B			shard1/fair-census-shard1.2026-07-15_17-15-49.results.genmc-fair-sc.unreach-call.xml.bz2
c/pthread-driver-races/char_pc8736x_gpio_pc8736x_gpio_open_pc8736x_gpio_set.yml	true	correct	benchmark-consistent	0.180635832s	0.19086118799168617s	29536256B			shard1/fair-census-shard1.2026-07-15_17-15-49.results.genmc-fair-sc.unreach-call.xml.bz2
c/pthread-driver-races/char_pc8736x_gpio_pc8736x_gpio_get_pc8736x_gpio_set.yml	true	correct	benchmark-consistent	0.173735526s	0.17835759598528966s	29618176B			shard1/fair-census-shard1.2026-07-15_17-15-49.results.genmc-fair-sc.unreach-call.xml.bz2
c/pthread-driver-races/char_pc8736x_gpio_pc8736x_gpio_open_pc8736x_gpio_get.yml	true	correct	benchmark-consistent	0.171139481s	0.20792304497445002s	29646848B			shard1/fair-census-shard1.2026-07-15_17-15-49.results.genmc-fair-sc.unreach-call.xml.bz2
c/pthread-driver-races/char_pc8736x_gpio_pc8736x_gpio_configure_pc8736x_gpio_set.yml	true	correct	benchmark-consistent	0.171210249s	0.18751542398240417s	29581312B			shard1/fair-census-shard1.2026-07-15_17-15-49.results.genmc-fair-sc.unreach-call.xml.bz2
c/pthread-driver-races/char_pc8736x_gpio_pc8736x_gpio_current_pc8736x_gpio_get.yml	true	correct	benchmark-consistent	0.171534985s	0.19023229397134855s	29622272B			shard1/fair-census-shard1.2026-07-15_17-15-49.results.genmc-fair-sc.unreach-call.xml.bz2
c/pthread-driver-races/char_pc8736x_gpio_pc8736x_gpio_configure_pc8736x_gpio_current.yml	true	correct	benchmark-consistent	0.168722976s	0.18327651696745306s	29544448B			shard1/fair-census-shard1.2026-07-15_17-15-49.results.genmc-fair-sc.unreach-call.xml.bz2
c/pthread-driver-races/char_pc8736x_gpio_pc8736x_gpio_change_pc8736x_gpio_set.yml	true	wrong	conditional-input-miss	0.170185352s	0.1820508610107936s	29605888B			shard1/fair-census-shard1.2026-07-15_17-15-49.results.genmc-fair-sc.unreach-call.xml.bz2
c/pthread-driver-races/char_pc8736x_gpio_pc8736x_gpio_change_pc8736x_gpio_current.yml	true	wrong	conditional-input-miss	0.175890175s	0.18726274103391916s	29667328B			shard1/fair-census-shard1.2026-07-15_17-15-49.results.genmc-fair-sc.unreach-call.xml.bz2
c/ldv-linux-3.14-races/linux-3.14--drivers--net--irda--nsc-ircc.ko.cil.yml	TIMEOUT	error	unknown	11.004886337s	11.014018297020812s	51597312B			shard1/fair-census-shard1.2026-07-15_17-15-49.results.genmc-fair-sc.unreach-call.xml.bz2
c/ldv-linux-3.14-races/linux-3.14--drivers--media--platform--marvell-ccic--cafe_ccic.ko.cil-2.yml	SEGMENTATION FAULT	error	unknown	0.595156726s	0.7412578730145469s	40370176B			shard1/fair-census-shard1.2026-07-15_17-15-49.results.genmc-fair-sc.unreach-call.xml.bz2
c/goblint-regression/36-apron_41-threadenter-no-locals_unknown_1_pos.yml	false(unreach-call)	correct	benchmark-consistent	0.074520501s	0.07949402200756595s	25567232B			shard2/fair-census-shard2.2026-07-15_17-15-49.results.genmc-fair-sc.unreach-call.xml.bz2
c/goblint-regression/36-apron_16-traces-unprot2_true.yml	true	correct	benchmark-consistent	0.074293152s	0.07884096499765292s	25690112B			shard2/fair-census-shard2.2026-07-15_17-15-49.results.genmc-fair-sc.unreach-call.xml.bz2
c/goblint-regression/13-privatized_47-refine-protected2_true.yml	true	correct	benchmark-consistent	0.072760035s	0.07649608101928607s	25673728B			shard2/fair-census-shard2.2026-07-15_17-15-49.results.genmc-fair-sc.unreach-call.xml.bz2
c/goblint-regression/36-apron_11-traces-max-simple_true.yml	true	correct	benchmark-consistent	0.067836464s	0.07265062700025737s	25694208B			shard2/fair-census-shard2.2026-07-15_17-15-49.results.genmc-fair-sc.unreach-call.xml.bz2
c/goblint-regression/13-privatized_41-traces-ex-7_unknown_1_neg.yml	false(unreach-call)	correct	benchmark-consistent	0.076870466s	0.0804352150298655s	25698304B			shard2/fair-census-shard2.2026-07-15_17-15-49.results.genmc-fair-sc.unreach-call.xml.bz2
c/goblint-regression/13-privatized_58-singlethreaded-lock_true.yml	true	correct	benchmark-consistent	0.074906297s	0.07872456597397104s	25694208B			shard2/fair-census-shard2.2026-07-15_17-15-49.results.genmc-fair-sc.unreach-call.xml.bz2
c/goblint-regression/13-privatized_18-first-reads_unknown_1_pos.yml	true	wrong	conditional-input-miss	0.069600415s	0.0730999960214831s	25690112B			shard2/fair-census-shard2.2026-07-15_17-15-49.results.genmc-fair-sc.unreach-call.xml.bz2
c/goblint-regression/13-privatized_18-first-reads_unknown_1_neg.yml	false(unreach-call)	correct	benchmark-consistent	0.0741547s	0.0794882369809784s	25694208B			shard2/fair-census-shard2.2026-07-15_17-15-49.results.genmc-fair-sc.unreach-call.xml.bz2
c/goblint-regression/13-privatized_52-refine-protected-loop2-small_true.yml	TIMEOUT	error	unknown	11.001624551s	11.01642601803178s	76005376B			shard2/fair-census-shard2.2026-07-15_17-15-49.results.genmc-fair-sc.unreach-call.xml.bz2
c/goblint-regression/13-privatized_18-first-reads_true.yml	true	correct	benchmark-consistent	0.071431519s	0.07853969000279903s	25722880B			shard2/fair-census-shard2.2026-07-15_17-15-49.results.genmc-fair-sc.unreach-call.xml.bz2
c/goblint-regression/13-privatized_37-traces-ex-4_true.yml	true	correct	benchmark-consistent	0.066653333s	0.0734733059653081s	25600000B			shard2/fair-census-shard2.2026-07-15_17-15-49.results.genmc-fair-sc.unreach-call.xml.bz2
c/goblint-regression/13-privatized_19-publish-precision_unknown_1_pos.yml	false(unreach-call)	correct	benchmark-consistent	0.071756509s	0.077622614975553s	25718784B			shard2/fair-census-shard2.2026-07-15_17-15-49.results.genmc-fair-sc.unreach-call.xml.bz2
c/goblint-regression/13-privatized_19-publish-precision_unknown_1_neg.yml	false(unreach-call)	correct	benchmark-consistent	0.07150497s	0.078991306014359s	25759744B			shard2/fair-census-shard2.2026-07-15_17-15-49.results.genmc-fair-sc.unreach-call.xml.bz2
c/goblint-regression/13-privatized_45-traces-per-global-and-current-lock-mine-incomparable_true.yml	true	correct	benchmark-consistent	0.075501613s	0.07976670801872388s	25710592B			shard2/fair-census-shard2.2026-07-15_17-15-49.results.genmc-fair-sc.unreach-call.xml.bz2
c/goblint-regression/13-privatized_19-publish-precision_true.yml	true	correct	benchmark-consistent	0.071334342s	0.07557126000756398s	25759744B			shard2/fair-census-shard2.2026-07-15_17-15-49.results.genmc-fair-sc.unreach-call.xml.bz2
c/goblint-regression/13-privatized_33-traces-v-matters_true.yml	true	correct	benchmark-consistent	0.068014868s	0.07975577696925029s	25718784B			shard2/fair-census-shard2.2026-07-15_17-15-49.results.genmc-fair-sc.unreach-call.xml.bz2
c/goblint-regression/13-privatized_69-refine-protected-loop-interval_true.yml	true	correct	benchmark-consistent	0.073171121s	0.07952042401302606s	25784320B			shard2/fair-census-shard2.2026-07-15_17-15-49.results.genmc-fair-sc.unreach-call.xml.bz2
c/goblint-regression/36-apron_17-traces-rpb-litmus_unknown_1_neg.yml	false(unreach-call)	correct	benchmark-consistent	0.070346262s	0.08066649397369474s	25636864B			shard2/fair-census-shard2.2026-07-15_17-15-49.results.genmc-fair-sc.unreach-call.xml.bz2
c/goblint-regression/13-privatized_20-publish-regression_true.yml	true	correct	benchmark-consistent	0.074159751s	0.08170586603228003s	25669632B			shard2/fair-census-shard2.2026-07-15_17-15-49.results.genmc-fair-sc.unreach-call.xml.bz2
c/goblint-regression/13-privatized_32-traces-mine-vs-oplus-vs-meet_true.yml	true	correct	benchmark-consistent	0.072008049s	0.0867127719684504s	25710592B			shard2/fair-census-shard2.2026-07-15_17-15-49.results.genmc-fair-sc.unreach-call.xml.bz2
c/goblint-regression/13-privatized_68-pfscan_protected_loop_minimal_interval_true.yml	true	correct	benchmark-consistent	0.077655695s	0.08274250099202618s	25772032B			shard2/fair-census-shard2.2026-07-15_17-15-49.results.genmc-fair-sc.unreach-call.xml.bz2
c/goblint-regression/13-privatized_24-multiple-protecting_true.yml	true	correct	benchmark-consistent	0.075248106s	0.0784654050366953s	25808896B			shard2/fair-census-shard2.2026-07-15_17-15-49.results.genmc-fair-sc.unreach-call.xml.bz2
c/weaver/popl20-figure1.wvr.yml	true	correct	benchmark-consistent	0.064939862s	0.07476250902982429s	25206784B			shard2/fair-census-shard2.2026-07-15_17-15-49.results.genmc-fair-sc.unreach-call.xml.bz2
c/weaver/bench-exp1x3.wvr.yml	true	correct	benchmark-consistent	0.062870725s	0.07296823197975755s	25231360B			shard2/fair-census-shard2.2026-07-15_17-15-49.results.genmc-fair-sc.unreach-call.xml.bz2
c/goblint-regression/36-apron_21-traces-cluster-based_true.yml	true	correct	benchmark-consistent	0.074217167s	0.08125150599516928s	25743360B			shard2/fair-census-shard2.2026-07-15_17-15-49.results.genmc-fair-sc.unreach-call.xml.bz2
c/goblint-regression/36-apron_22-traces-write-centered-vs-meet-mutex_true_no-overflow.yml	true	correct	benchmark-consistent	0.071268495s	0.07958624401362613s	25767936B			shard2/fair-census-shard2.2026-07-15_17-15-49.results.genmc-fair-sc.unreach-call.xml.bz2
c/weaver/mult-comm.wvr.yml	TIMEOUT	error	unknown	10.938902009s	10.959680710977409s	3999997952B			shard2/fair-census-shard2.2026-07-15_17-15-49.results.genmc-fair-sc.unreach-call.xml.bz2
c/weaver/security.wvr.yml	true	correct	benchmark-consistent	0.063361755s	0.07028007501503453s	25251840B			shard2/fair-census-shard2.2026-07-15_17-15-49.results.genmc-fair-sc.unreach-call.xml.bz2
c/weaver/test-easy6.wvr.yml	true	correct	benchmark-consistent	0.073029589s	0.07780287298373878s	25194496B			shard2/fair-census-shard2.2026-07-15_17-15-49.results.genmc-fair-sc.unreach-call.xml.bz2
c/weaver/popl20-nonblocking-cntr.wvr.yml	true	correct	benchmark-consistent	0.068281604s	0.07398225500946864s	25198592B			shard2/fair-census-shard2.2026-07-15_17-15-49.results.genmc-fair-sc.unreach-call.xml.bz2
c/weaver/parallel-misc-3.wvr.yml	true	correct	benchmark-consistent	0.068271578s	0.07809559296583757s	25210880B			shard2/fair-census-shard2.2026-07-15_17-15-49.results.genmc-fair-sc.unreach-call.xml.bz2
c/weaver/popl20-nonblocking-cntr-alt.wvr.yml	true	correct	benchmark-consistent	0.070051795s	0.07658453297335654s	25321472B			shard2/fair-census-shard2.2026-07-15_17-15-49.results.genmc-fair-sc.unreach-call.xml.bz2
c/weaver/chl-sre-symm.wvr.yml	true	correct	benchmark-consistent	0.067874828s	0.0788500839844346s	25231360B			shard2/fair-census-shard2.2026-07-15_17-15-49.results.genmc-fair-sc.unreach-call.xml.bz2
c/goblint-regression/13-privatized_27-multiple-protecting2_true.yml	true	correct	benchmark-consistent	0.078561618s	0.09178567101480439s	25747456B			shard2/fair-census-shard2.2026-07-15_17-15-49.results.genmc-fair-sc.unreach-call.xml.bz2
c/weaver/mult-flipped-dist.wvr.yml	TIMEOUT	error	unknown	10.760212004s	10.78957318002358s	3999997952B			shard2/fair-census-shard2.2026-07-15_17-15-49.results.genmc-fair-sc.unreach-call.xml.bz2
c/weaver/popl20-difference-det.wvr.yml	true	correct	benchmark-consistent	0.067938041s	0.0751027520163916s	25227264B			shard2/fair-census-shard2.2026-07-15_17-15-49.results.genmc-fair-sc.unreach-call.xml.bz2
c/weaver/parallel-misc-4.wvr.yml	true	correct	benchmark-consistent	0.07238751s	0.079723630042281s	25284608B			shard2/fair-census-shard2.2026-07-15_17-15-49.results.genmc-fair-sc.unreach-call.xml.bz2
c/weaver/bench-exp2x3.wvr.yml	true	correct	benchmark-consistent	0.067952334s	0.07423958100844175s	25329664B			shard2/fair-census-shard2.2026-07-15_17-15-49.results.genmc-fair-sc.unreach-call.xml.bz2
c/weaver/parallel-ticket-3.wvr.yml	true	correct	benchmark-consistent	0.07089474s	0.0790742989629507s	25239552B			shard2/fair-census-shard2.2026-07-15_17-15-49.results.genmc-fair-sc.unreach-call.xml.bz2
c/weaver/bench-exp2x4.wvr.yml	true	correct	benchmark-consistent	0.070221022s	0.07592966197989881s	25354240B			shard2/fair-census-shard2.2026-07-15_17-15-49.results.genmc-fair-sc.unreach-call.xml.bz2
c/weaver/parallel-misc-3-extended.wvr.yml	true	correct	benchmark-consistent	0.094205291s	0.10420065297512338s	25317376B			shard2/fair-census-shard2.2026-07-15_17-15-49.results.genmc-fair-sc.unreach-call.xml.bz2
c/weaver/parallel-bluetooth.wvr.yml	true	correct	benchmark-consistent	0.069262885s	0.0827096719876863s	25268224B			shard2/fair-census-shard2.2026-07-15_17-15-49.results.genmc-fair-sc.unreach-call.xml.bz2
c/weaver/bench-exp2x6.wvr.yml	true	correct	benchmark-consistent	0.068823067s	0.07736052403924987s	25341952B			shard2/fair-census-shard2.2026-07-15_17-15-49.results.genmc-fair-sc.unreach-call.xml.bz2
c/weaver/parallel-ticket-4.wvr.yml	true	correct	benchmark-consistent	0.073888629s	0.0825608559534885s	25341952B			shard2/fair-census-shard2.2026-07-15_17-15-49.results.genmc-fair-sc.unreach-call.xml.bz2
c/weaver/array-eq-symm.wvr.yml	true	correct	benchmark-consistent	0.073013542s	0.07814250694354996s	25374720B			shard2/fair-census-shard2.2026-07-15_17-15-49.results.genmc-fair-sc.unreach-call.xml.bz2
c/weaver/fibonacci.wvr.yml	true	correct	benchmark-consistent	0.06767475s	0.08410126197850332s	25337856B			shard2/fair-census-shard2.2026-07-15_17-15-49.results.genmc-fair-sc.unreach-call.xml.bz2
c/weaver/popl20-mult-4.wvr.yml	TIMEOUT	error	unknown	11.000278493s	11.014215934963431s	64638976B			shard2/fair-census-shard2.2026-07-15_17-15-49.results.genmc-fair-sc.unreach-call.xml.bz2
c/weaver/chl-file-item-symm.wvr.yml	true	correct	benchmark-consistent	0.073685799s	0.0790069269714877s	25362432B			shard2/fair-census-shard2.2026-07-15_17-15-49.results.genmc-fair-sc.unreach-call.xml.bz2
c/weaver/chl-simpl-str-trans.wvr.yml	true	correct	benchmark-consistent	0.06736142s	0.07922084594611079s	25358336B			shard2/fair-census-shard2.2026-07-15_17-15-49.results.genmc-fair-sc.unreach-call.xml.bz2
c/weaver/bench-exp2x9.wvr.yml	true	correct	benchmark-consistent	0.070400083s	0.0809280649991706s	25399296B			shard2/fair-census-shard2.2026-07-15_17-15-49.results.genmc-fair-sc.unreach-call.xml.bz2
c/weaver/unroll-2.wvr.yml	true	correct	benchmark-consistent	0.07369657s	0.08064509701216593s	25329664B			shard2/fair-census-shard2.2026-07-15_17-15-49.results.genmc-fair-sc.unreach-call.xml.bz2
c/weaver/popl20-simple-queue.wvr.yml	true	correct	benchmark-consistent	0.072466297s	0.08243535197107121s	25317376B			shard2/fair-census-shard2.2026-07-15_17-15-49.results.genmc-fair-sc.unreach-call.xml.bz2
c/weaver/chl-simpl-str-subst.wvr.yml	true	correct	benchmark-consistent	0.067978112s	0.0753423820133321s	25407488B			shard2/fair-census-shard2.2026-07-15_17-15-49.results.genmc-fair-sc.unreach-call.xml.bz2
c/weaver/popl20-more-sum-array-hom.wvr.yml	true	correct	benchmark-consistent	0.069576891s	0.08102221199078485s	25362432B			shard2/fair-census-shard2.2026-07-15_17-15-49.results.genmc-fair-sc.unreach-call.xml.bz2
c/weaver/unroll-cond-2.wvr.yml	true	correct	benchmark-consistent	0.072121335s	0.07889155199518427s	25358336B			shard2/fair-census-shard2.2026-07-15_17-15-49.results.genmc-fair-sc.unreach-call.xml.bz2
c/weaver/popl20-simple-array-sum.wvr.yml	true	correct	benchmark-consistent	0.070344356s	0.07866645598551258s	25313280B			shard2/fair-census-shard2.2026-07-15_17-15-49.results.genmc-fair-sc.unreach-call.xml.bz2
c/weaver/popl20-more-min-le-max.wvr.yml	true	correct	benchmark-consistent	0.071955898s	0.08456411497900262s	25341952B			shard2/fair-census-shard2.2026-07-15_17-15-49.results.genmc-fair-sc.unreach-call.xml.bz2
c/weaver/popl20-more-array-sum.wvr.yml	true	wrong	conditional-input-miss	0.072448133s	0.08010429597925395s	25387008B			shard2/fair-census-shard2.2026-07-15_17-15-49.results.genmc-fair-sc.unreach-call.xml.bz2
c/weaver/popl20-more-max-array.wvr.yml	true	correct	benchmark-consistent	0.072029249s	0.07995492999907583s	25391104B			shard2/fair-census-shard2.2026-07-15_17-15-49.results.genmc-fair-sc.unreach-call.xml.bz2
c/weaver/unroll-4.wvr.yml	true	correct	benchmark-consistent	0.070665119s	0.08418299502227455s	25382912B			shard2/fair-census-shard2.2026-07-15_17-15-49.results.genmc-fair-sc.unreach-call.xml.bz2
c/weaver/popl20-bad-three-array-sum-alt.wvr.yml	true	correct	benchmark-consistent	0.074068233s	0.0832264440250583s	25292800B			shard2/fair-census-shard2.2026-07-15_17-15-49.results.genmc-fair-sc.unreach-call.xml.bz2
c/weaver/popl20-more-max-array-hom.wvr.yml	true	correct	benchmark-consistent	0.072470482s	0.08215693500824273s	25329664B			shard2/fair-census-shard2.2026-07-15_17-15-49.results.genmc-fair-sc.unreach-call.xml.bz2
c/weaver/parallel-min-max-1.wvr.yml	TIMEOUT	error	unknown	11.09427707s	11.172753696038853s	2691067904B			shard2/fair-census-shard2.2026-07-15_17-15-49.results.genmc-fair-sc.unreach-call.xml.bz2
c/weaver/chl-array-int-symm.wvr.yml	true	correct	benchmark-consistent	0.075026652s	0.08336995594436303s	25341952B			shard2/fair-census-shard2.2026-07-15_17-15-49.results.genmc-fair-sc.unreach-call.xml.bz2
c/weaver/unroll-5.wvr.yml	true	correct	benchmark-consistent	0.071839611s	0.08250925200991333s	25264128B			shard2/fair-census-shard2.2026-07-15_17-15-49.results.genmc-fair-sc.unreach-call.xml.bz2
c/weaver/popl20-more-vector-add.wvr.yml	true	correct	benchmark-consistent	0.073199609s	0.08144371095113456s	25395200B			shard2/fair-census-shard2.2026-07-15_17-15-49.results.genmc-fair-sc.unreach-call.xml.bz2
c/weaver/parallel-ticket-6.wvr.yml	true	correct	benchmark-consistent	0.067447299s	0.07633875601459295s	25432064B			shard2/fair-census-shard2.2026-07-15_17-15-49.results.genmc-fair-sc.unreach-call.xml.bz2
c/weaver/chl-file-item-trans.wvr.yml	true	correct	benchmark-consistent	0.078069285s	0.08752253296552226s	25399296B			shard2/fair-census-shard2.2026-07-15_17-15-49.results.genmc-fair-sc.unreach-call.xml.bz2
c/weaver/popl20-queue-add-2.wvr.yml	true	correct	benchmark-consistent	0.073042957s	0.07970781403128058s	25325568B			shard2/fair-census-shard2.2026-07-15_17-15-49.results.genmc-fair-sc.unreach-call.xml.bz2
c/weaver/popl20-min-max-dec.wvr.yml	true	correct	benchmark-consistent	0.071561359s	0.08087760396301746s	25300992B			shard2/fair-census-shard2.2026-07-15_17-15-49.results.genmc-fair-sc.unreach-call.xml.bz2
c/weaver/chl-time-trans.wvr.yml	true	correct	benchmark-consistent	0.079301195s	0.08822149696061388s	25337856B			shard2/fair-census-shard2.2026-07-15_17-15-49.results.genmc-fair-sc.unreach-call.xml.bz2
c/weaver/array-eq-trans.wvr.yml	true	correct	benchmark-consistent	0.071110211s	0.0810458849882707s	25358336B			shard2/fair-census-shard2.2026-07-15_17-15-49.results.genmc-fair-sc.unreach-call.xml.bz2
c/weaver/popl20-three-array-sum.wvr.yml	true	correct	benchmark-consistent	0.073661568s	0.07730798900593072s	25333760B			shard2/fair-census-shard2.2026-07-15_17-15-49.results.genmc-fair-sc.unreach-call.xml.bz2
c/weaver/unroll-cond-4.wvr.yml	true	correct	benchmark-consistent	0.075557501s	0.08632692898390815s	25337856B			shard2/fair-census-shard2.2026-07-15_17-15-49.results.genmc-fair-sc.unreach-call.xml.bz2
c/weaver/chl-collitem-symm.wvr.yml	true	correct	benchmark-consistent	0.075127183s	0.08509971498278901s	25300992B			shard2/fair-census-shard2.2026-07-15_17-15-49.results.genmc-fair-sc.unreach-call.xml.bz2
c/weaver/chl-word-symm.wvr.yml	TIMEOUT	error	unknown	11.16527014s	11.195184202981181s	2972659712B			shard2/fair-census-shard2.2026-07-15_17-15-49.results.genmc-fair-sc.unreach-call.xml.bz2
c/weaver/chl-file-item-subst.wvr.yml	true	correct	benchmark-consistent	0.072429082s	0.08953954500611871s	25411584B			shard2/fair-census-shard2.2026-07-15_17-15-49.results.genmc-fair-sc.unreach-call.xml.bz2
c/weaver/chl-array-int-trans.wvr.yml	true	correct	benchmark-consistent	0.069893019s	0.0821741700056009s	25358336B			shard2/fair-census-shard2.2026-07-15_17-15-49.results.genmc-fair-sc.unreach-call.xml.bz2
c/weaver/popl20-min-max-inc-dec.wvr.yml	true	correct	benchmark-consistent	0.070997876s	0.0813559289672412s	25391104B			shard2/fair-census-shard2.2026-07-15_17-15-49.results.genmc-fair-sc.unreach-call.xml.bz2
c/weaver/popl20-more-dec-subseq.wvr.yml	true	correct	benchmark-consistent	0.072155143s	0.08006168599240482s	25313280B			shard2/fair-census-shard2.2026-07-15_17-15-49.results.genmc-fair-sc.unreach-call.xml.bz2
c/weaver/chl-exp-term-subst.wvr.yml	true	correct	benchmark-consistent	0.072417841s	0.07942100096261129s	25317376B			shard2/fair-census-shard2.2026-07-15_17-15-49.results.genmc-fair-sc.unreach-call.xml.bz2
c/weaver/unroll-cond-5.wvr.yml	true	correct	benchmark-consistent	0.074066217s	0.08197372499853373s	25378816B			shard2/fair-census-shard2.2026-07-15_17-15-49.results.genmc-fair-sc.unreach-call.xml.bz2
c/weaver/popl20-two-queue.wvr.yml	true	correct	benchmark-consistent	0.070491211s	0.07938410300994292s	25387008B			shard2/fair-census-shard2.2026-07-15_17-15-49.results.genmc-fair-sc.unreach-call.xml.bz2
c/weaver/parallel-lamport.wvr.yml	true	correct	benchmark-consistent	0.074009708s	0.08538541896268725s	25362432B			shard2/fair-census-shard2.2026-07-15_17-15-49.results.genmc-fair-sc.unreach-call.xml.bz2
c/weaver/popl20-prod-cons.wvr.yml	true	correct	benchmark-consistent	0.075520864s	0.08820714399917051s	25374720B			shard2/fair-census-shard2.2026-07-15_17-15-49.results.genmc-fair-sc.unreach-call.xml.bz2
c/weaver/popl20-more-multiply-verify.wvr.yml	TIMEOUT	error	unknown	11.175124203s	11.199437122966629s	3020685312B			shard2/fair-census-shard2.2026-07-15_17-15-49.results.genmc-fair-sc.unreach-call.xml.bz2
c/weaver/popl20-send-receive.wvr.yml	true	correct	benchmark-consistent	0.075856985s	0.08485650300281122s	25370624B			shard2/fair-census-shard2.2026-07-15_17-15-49.results.genmc-fair-sc.unreach-call.xml.bz2
c/weaver/chl-chromosome-trans.wvr.yml	true	correct	benchmark-consistent	0.074182836s	0.08631527400575578s	25354240B			shard2/fair-census-shard2.2026-07-15_17-15-49.results.genmc-fair-sc.unreach-call.xml.bz2
c/weaver/chl-word-trans.wvr.yml	TIMEOUT	error	unknown	11.182547124s	11.206069721025415s	3000184832B			shard2/fair-census-shard2.2026-07-15_17-15-49.results.genmc-fair-sc.unreach-call.xml.bz2
c/weaver/popl20-bad-dot-product-alt.wvr.yml	true	correct	benchmark-consistent	0.074521955s	0.08525033696787432s	25391104B			shard2/fair-census-shard2.2026-07-15_17-15-49.results.genmc-fair-sc.unreach-call.xml.bz2
c/weaver/chl-word-subst.wvr.yml	TIMEOUT	error	unknown	11.138497572s	11.202315468981396s	2972737536B			shard2/fair-census-shard2.2026-07-15_17-15-49.results.genmc-fair-sc.unreach-call.xml.bz2
c/weaver/popl20-queue-add-3.wvr.yml	true	correct	benchmark-consistent	0.071790445s	0.08087176200933754s	25321472B			shard2/fair-census-shard2.2026-07-15_17-15-49.results.genmc-fair-sc.unreach-call.xml.bz2
c/weaver/parallel-barrier-loop.wvr.yml	true	wrong	conditional-input-miss	0.069285971s	0.07977837702492252s	25403392B			shard2/fair-census-shard2.2026-07-15_17-15-49.results.genmc-fair-sc.unreach-call.xml.bz2
c/weaver/chl-node-symm.wvr.yml	true	correct	benchmark-consistent	0.075338172s	0.0839666910469532s	25387008B			shard2/fair-census-shard2.2026-07-15_17-15-49.results.genmc-fair-sc.unreach-call.xml.bz2
c/weaver/parallel-parallel-sum-equiv.wvr.yml	true	correct	benchmark-consistent	0.072284301s	0.07985677401302382s	25387008B			shard2/fair-census-shard2.2026-07-15_17-15-49.results.genmc-fair-sc.unreach-call.xml.bz2
c/weaver/chl-name-comparator-symm.wvr.yml	true	correct	benchmark-consistent	0.079445675s	0.08768221602076665s	25485312B			shard2/fair-census-shard2.2026-07-15_17-15-49.results.genmc-fair-sc.unreach-call.xml.bz2
c/weaver/popl20-bad-ring-nondet.wvr.yml	true	correct	benchmark-consistent	0.078175394s	0.08730783499777317s	25485312B			shard2/fair-census-shard2.2026-07-15_17-15-49.results.genmc-fair-sc.unreach-call.xml.bz2
c/weaver/popl20-bad-buffer-mult-alt2.wvr.yml	TIMEOUT	error	unknown	11.179186242s	11.205044601985719s	3001757696B			shard2/fair-census-shard2.2026-07-15_17-15-49.results.genmc-fair-sc.unreach-call.xml.bz2
c/weaver/popl20-more-buffer-mult3.wvr.yml	TIMEOUT	error	unknown	11.173927254s	11.199248197022825s	2949029888B			shard2/fair-census-shard2.2026-07-15_17-15-49.results.genmc-fair-sc.unreach-call.xml.bz2
c/weaver/chl-node-trans.wvr.yml	true	correct	benchmark-consistent	0.073723109s	0.08292104298016056s	25444352B			shard2/fair-census-shard2.2026-07-15_17-15-49.results.genmc-fair-sc.unreach-call.xml.bz2
c/weaver/chl-node-subst.wvr.yml	true	correct	benchmark-consistent	0.078196592s	0.08820082200691104s	25493504B			shard2/fair-census-shard2.2026-07-15_17-15-49.results.genmc-fair-sc.unreach-call.xml.bz2
c/weaver/popl20-bad-buffer-mult-alt3.wvr.yml	TIMEOUT	error	unknown	11.114686746s	11.201411735033616s	2971172864B			shard2/fair-census-shard2.2026-07-15_17-15-49.results.genmc-fair-sc.unreach-call.xml.bz2
c/weaver/popl20-more-buffer-series3.wvr.yml	true	wrong	conditional-input-miss	0.081587565s	0.08889106701826677s	25464832B			shard2/fair-census-shard2.2026-07-15_17-15-49.results.genmc-fair-sc.unreach-call.xml.bz2
c/weaver/popl20-commit-1.wvr.yml	true	correct	benchmark-consistent	0.076054756s	0.08210654300637543s	25460736B			shard2/fair-census-shard2.2026-07-15_17-15-49.results.genmc-fair-sc.unreach-call.xml.bz2
c/weaver/popl20-prod-cons-eq.wvr.yml	true	correct	benchmark-consistent	0.083766415s	0.09035541501361877s	25460736B			shard2/fair-census-shard2.2026-07-15_17-15-49.results.genmc-fair-sc.unreach-call.xml.bz2
c/weaver/chl-name-comparator-subst.wvr.yml	true	correct	benchmark-consistent	0.08201002s	0.08760081900982186s	25563136B			shard2/fair-census-shard2.2026-07-15_17-15-49.results.genmc-fair-sc.unreach-call.xml.bz2
c/weaver/popl20-bad-commit-1.wvr-bad.yml	true	correct	benchmark-consistent	0.08067999s	0.08322211203631014s	25440256B			shard2/fair-census-shard2.2026-07-15_17-15-49.results.genmc-fair-sc.unreach-call.xml.bz2
c/weaver/chl-nzb-file-trans.wvr.yml	true	correct	benchmark-consistent	0.105088082s	0.1118017989792861s	25600000B			shard2/fair-census-shard2.2026-07-15_17-15-49.results.genmc-fair-sc.unreach-call.xml.bz2
c/weaver/chl-nzb-file-subst.wvr.yml	true	correct	benchmark-consistent	0.113742124s	0.13728721998631954s	25669632B			shard2/fair-census-shard2.2026-07-15_17-15-49.results.genmc-fair-sc.unreach-call.xml.bz2
c/weaver/chl-poker-hand-trans.wvr.yml	true	correct	benchmark-consistent	0.141423437s	0.1558514729840681s	26329088B			shard2/fair-census-shard2.2026-07-15_17-15-49.results.genmc-fair-sc.unreach-call.xml.bz2
c/pthread-ext/28_buggy_simple_loop1_vf.yml	TIMEOUT	error	unknown	11.000150148s	11.040084065985866s	25694208B			shard2/fair-census-shard2.2026-07-15_17-15-49.results.genmc-fair-sc.unreach-call.xml.bz2
c/pthread-ext/14_spin2003.yml	true	correct	benchmark-consistent	0.069184959s	0.0897794829797931s	25636864B			shard2/fair-census-shard2.2026-07-15_17-15-49.results.genmc-fair-sc.unreach-call.xml.bz2
c/pthread-ext/48_ticket_lock_low_contention_vs-pthread.yml	true	correct	benchmark-consistent	0.072827832s	0.08238360000541434s	25767936B			shard2/fair-census-shard2.2026-07-15_17-15-49.results.genmc-fair-sc.unreach-call.xml.bz2
c/pthread-ext/45_monabsex1_vs.yml	true	correct	benchmark-consistent	0.070668297s	0.07955561997368932s	25739264B			shard2/fair-census-shard2.2026-07-15_17-15-49.results.genmc-fair-sc.unreach-call.xml.bz2
c/pthread-ext/31_simple_loop5_vs.yml	TIMEOUT	error	unknown	11.17266636s	11.203289404977113s	3060416512B			shard2/fair-census-shard2.2026-07-15_17-15-49.results.genmc-fair-sc.unreach-call.xml.bz2
c/pthread/stateful01-2.yml	true	correct	benchmark-consistent	0.071479291s	0.08005148603115231s	25821184B			shard2/fair-census-shard2.2026-07-15_17-15-49.results.genmc-fair-sc.unreach-call.xml.bz2
c/pthread-ext/01b_inc.yml	true	correct	benchmark-consistent	0.074211833s	0.08424791804281995s	25739264B			shard2/fair-census-shard2.2026-07-15_17-15-49.results.genmc-fair-sc.unreach-call.xml.bz2
c/pthread/triangular-1.yml	true	correct	benchmark-consistent	3.145312202s	3.163262055022642s	25825280B			shard2/fair-census-shard2.2026-07-15_17-15-49.results.genmc-fair-sc.unreach-call.xml.bz2
c/pthread-ext/09_fmaxsym-zero.yml	true	correct	benchmark-consistent	0.079955032s	0.08377227798337117s	25755648B			shard2/fair-census-shard2.2026-07-15_17-15-49.results.genmc-fair-sc.unreach-call.xml.bz2
c/pthread-ext/35_double_lock_p3_vs.yml	true	correct	benchmark-consistent	0.078606736s	0.09194005304016173s	25800704B			shard2/fair-census-shard2.2026-07-15_17-15-49.results.genmc-fair-sc.unreach-call.xml.bz2
c/pthread/triangular-longer-2.yml	TIMEOUT	error	unknown	10.987701555s	11.009718660032377s	25784320B			shard2/fair-census-shard2.2026-07-15_17-15-49.results.genmc-fair-sc.unreach-call.xml.bz2
c/pthread-ext/02_inc_cas.yml	true	correct	benchmark-consistent	0.080193733s	0.08413852500962093s	25743360B			shard2/fair-census-shard2.2026-07-15_17-15-49.results.genmc-fair-sc.unreach-call.xml.bz2
c/goblint-regression/28-race_reach_21-deref_read_racing.yml	ERROR (unsupported property: invalid memory access)	error	unknown	3.47822464s	3.489400699036196s	56217600B			shard2/fair-census-shard2.2026-07-15_17-15-49.results.genmc-fair-sc.unreach-call.xml.bz2
c/pthread-ext/11_fmaxsymopt-zero.yml	true	correct	benchmark-consistent	0.074591787s	0.08713143796194345s	25772032B			shard2/fair-census-shard2.2026-07-15_17-15-49.results.genmc-fair-sc.unreach-call.xml.bz2
c/pthread-ext/48_ticket_lock_low_contention_vs.yml	true	correct	benchmark-consistent	0.073508529s	0.08008866896852851s	25714688B			shard2/fair-census-shard2.2026-07-15_17-15-49.results.genmc-fair-sc.unreach-call.xml.bz2
c/goblint-regression/28-race_reach_37-indirect_racing.yml	false(unreach-call)	correct	benchmark-consistent	3.714380584s	3.72873333201278s	77131776B			shard2/fair-census-shard2.2026-07-15_17-15-49.results.genmc-fair-sc.unreach-call.xml.bz2
c/goblint-regression/28-race_reach_46-escape_racefree.yml	true	correct	benchmark-consistent	0.075382091s	0.08608425199054182s	25698304B			shard2/fair-census-shard2.2026-07-15_17-15-49.results.genmc-fair-sc.unreach-call.xml.bz2
c/pthread-ext/37_stack_lock_p0_vs_concur.yml	true	correct	benchmark-consistent	0.081823808s	0.09278812003321946s	25886720B			shard2/fair-census-shard2.2026-07-15_17-15-49.results.genmc-fair-sc.unreach-call.xml.bz2
c/goblint-regression/28-race_reach_05-lockfuns_racefree.yml	TIMEOUT	error	unknown	11.085291728s	11.10330164199695s	1467846656B			shard2/fair-census-shard2.2026-07-15_17-15-49.results.genmc-fair-sc.unreach-call.xml.bz2
c/pthread-ext/11_fmaxsymopt.yml	true	correct	benchmark-consistent	0.076987863s	0.08738842699676752s	25792512B			shard2/fair-census-shard2.2026-07-15_17-15-49.results.genmc-fair-sc.unreach-call.xml.bz2
c/goblint-regression/28-race_reach_02-simple_racefree.yml	TIMEOUT	error	unknown	11.083264646s	11.101641550019849s	1446014976B			shard2/fair-census-shard2.2026-07-15_17-15-49.results.genmc-fair-sc.unreach-call.xml.bz2
c/goblint-regression/28-race_reach_12-ptr_racefree.yml	TIMEOUT	error	unknown	11.036436723s	11.105447516019922s	1420050432B			shard2/fair-census-shard2.2026-07-15_17-15-49.results.genmc-fair-sc.unreach-call.xml.bz2
c/pthread-deagle/circular_buffer_bad.yml	false(unreach-call)	correct	benchmark-consistent	0.081163461s	0.09355517895892262s	25825280B			shard2/fair-census-shard2.2026-07-15_17-15-49.results.genmc-fair-sc.unreach-call.xml.bz2
c/pthread/fib_safe-6.yml	true	correct	benchmark-consistent	8.021998468s	8.038942162995227s	25739264B			shard2/fair-census-shard2.2026-07-15_17-15-49.results.genmc-fair-sc.unreach-call.xml.bz2
c/pthread/fib_unsafe-5.yml	false(unreach-call)	correct	benchmark-consistent	0.519883875s	0.5264404820045456s	25829376B			shard2/fair-census-shard2.2026-07-15_17-15-49.results.genmc-fair-sc.unreach-call.xml.bz2
c/pthread/fib_unsafe-7.yml	TIMEOUT (false(unreach-call))	error	unknown	10.246507529s	10.370250693988055s	25726976B			shard2/fair-census-shard2.2026-07-15_17-15-49.results.genmc-fair-sc.unreach-call.xml.bz2
c/pthread/fib_safe-11.yml	TIMEOUT	error	unknown	10.998092769s	11.015636515978258s	25833472B			shard2/fair-census-shard2.2026-07-15_17-15-49.results.genmc-fair-sc.unreach-call.xml.bz2
c/pthread/fib_unsafe-10.yml	TIMEOUT	error	unknown	10.917515391s	11.017670895031188s	25821184B			shard2/fair-census-shard2.2026-07-15_17-15-49.results.genmc-fair-sc.unreach-call.xml.bz2
c/pthread/fib_unsafe-12.yml	TIMEOUT	error	unknown	10.976544803s	11.012925699003972s	25800704B			shard2/fair-census-shard2.2026-07-15_17-15-49.results.genmc-fair-sc.unreach-call.xml.bz2
c/goblint-regression/28-race_reach_24-sound_lock_racing.yml	false(unreach-call)	correct	benchmark-consistent	3.612118796s	3.6292532390216365s	77086720B			shard2/fair-census-shard2.2026-07-15_17-15-49.results.genmc-fair-sc.unreach-call.xml.bz2
c/pthread-ext/03_incdec.yml	true	correct	benchmark-consistent	0.069130444s	0.07965455896919593s	25726976B			shard2/fair-census-shard2.2026-07-15_17-15-49.results.genmc-fair-sc.unreach-call.xml.bz2
c/pthread-deagle/circular_buffer_ok.yml	true	correct	benchmark-consistent	1.507006185s	1.5192615579580888s	25821184B			shard2/fair-census-shard2.2026-07-15_17-15-49.results.genmc-fair-sc.unreach-call.xml.bz2
c/goblint-regression/28-race_reach_20-callback_racefree.yml	TIMEOUT	error	unknown	11.107208325s	11.12111211096635s	1468297216B			shard2/fair-census-shard2.2026-07-15_17-15-49.results.genmc-fair-sc.unreach-call.xml.bz2
c/goblint-regression/28-race_reach_23-sound_unlock_racing.yml	ERROR (unsupported external)	error	unknown	1.610525967s	1.6284404990146868s	25825280B			shard2/fair-census-shard2.2026-07-15_17-15-49.results.genmc-fair-sc.unreach-call.xml.bz2
c/goblint-regression/28-race_reach_04-munge_racefree.yml	TIMEOUT	error	unknown	11.025250545s	11.047634945018217s	499986432B			shard2/fair-census-shard2.2026-07-15_17-15-49.results.genmc-fair-sc.unreach-call.xml.bz2
c/goblint-regression/28-race_reach_10-ptrmunge_racefree.yml	TIMEOUT	error	unknown	11.027967515s	11.050312882987782s	500211712B			shard2/fair-census-shard2.2026-07-15_17-15-49.results.genmc-fair-sc.unreach-call.xml.bz2
c/goblint-regression/28-race_reach_60-invariant_racefree.yml	TIMEOUT	error	unknown	11.086184441s	11.124631348997355s	1490849792B			shard2/fair-census-shard2.2026-07-15_17-15-49.results.genmc-fair-sc.unreach-call.xml.bz2
c/pthread-lit/qw2004-2b.yml	false(unreach-call)	correct	benchmark-consistent	0.075677237s	0.08506864501396194s	25796608B			shard2/fair-census-shard2.2026-07-15_17-15-49.results.genmc-fair-sc.unreach-call.xml.bz2
c/pthread-ext/26_stack_cas_longer-2.yml	TIMEOUT	error	unknown	10.902011778s	11.014615738007706s	54493184B			shard2/fair-census-shard2.2026-07-15_17-15-49.results.genmc-fair-sc.unreach-call.xml.bz2
c/pthread-ext/26_stack_cas_longer-1.yml	false(unreach-call)	correct	benchmark-consistent	0.091669609s	0.10157798399450257s	26095616B			shard2/fair-census-shard2.2026-07-15_17-15-49.results.genmc-fair-sc.unreach-call.xml.bz2
c/pthread-ext/25_stack.yml	TIMEOUT	error	unknown	10.998842905s	11.014323000970762s	59502592B			shard2/fair-census-shard2.2026-07-15_17-15-49.results.genmc-fair-sc.unreach-call.xml.bz2
c/pthread-ext/25_stack_longest-1.yml	TIMEOUT	error	unknown	11.004973439s	11.017815641011111s	62517248B			shard2/fair-census-shard2.2026-07-15_17-15-49.results.genmc-fair-sc.unreach-call.xml.bz2
c/pthread-ext/25_stack_longest-2.yml	false(unreach-call)	correct	benchmark-consistent	0.132908321s	0.1581522759515792s	25948160B			shard2/fair-census-shard2.2026-07-15_17-15-49.results.genmc-fair-sc.unreach-call.xml.bz2
c/goblint-regression/28-race_reach_42-trylock2_racefree.yml	TIMEOUT	error	unknown	11.007146139s	11.018650241952855s	116531200B			shard2/fair-census-shard2.2026-07-15_17-15-49.results.genmc-fair-sc.unreach-call.xml.bz2
c/pthread-wmm/safe010_tso.yml	true	correct	benchmark-consistent	0.166152576s	0.17638734000502154s	25739264B			shard2/fair-census-shard2.2026-07-15_17-15-49.results.genmc-fair-sc.unreach-call.xml.bz2
c/pthread-wmm/safe022_tso.yml	true	correct	benchmark-consistent	0.160278953s	0.17242556100245565s	25714688B			shard2/fair-census-shard2.2026-07-15_17-15-49.results.genmc-fair-sc.unreach-call.xml.bz2
c/pthread-wmm/safe036.yml	true	correct	benchmark-consistent	0.500004542s	0.510048836003989s	25759744B			shard2/fair-census-shard2.2026-07-15_17-15-49.results.genmc-fair-sc.unreach-call.xml.bz2
c/pthread-wmm/safe017_tso.yml	TIMEOUT	error	unknown	10.989428402s	11.010365811001975s	25821184B			shard2/fair-census-shard2.2026-07-15_17-15-49.results.genmc-fair-sc.unreach-call.xml.bz2
c/pthread-wmm/safe026_tso.yml	TIMEOUT	error	unknown	11.000930773s	11.014769247965887s	25821184B			shard2/fair-census-shard2.2026-07-15_17-15-49.results.genmc-fair-sc.unreach-call.xml.bz2
c/pthread-wmm/safe009_pso.oepc_pso.opt_tso.oepc_tso.opt.yml	TIMEOUT	error	unknown	10.978456213s	11.014584496966563s	25759744B			shard2/fair-census-shard2.2026-07-15_17-15-49.results.genmc-fair-sc.unreach-call.xml.bz2
c/pthread-wmm/safe001_tso.yml	TIMEOUT	error	unknown	11.000154908s	11.01412808400346s	25731072B			shard2/fair-census-shard2.2026-07-15_17-15-49.results.genmc-fair-sc.unreach-call.xml.bz2
c/pthread-wmm/safe008_tso.yml	TIMEOUT	error	unknown	10.999744022s	11.013527204049751s	25817088B			shard2/fair-census-shard2.2026-07-15_17-15-49.results.genmc-fair-sc.unreach-call.xml.bz2
c/pthread-wmm/safe020_pso.oepc_pso.opt_tso.oepc_tso.opt.yml	TIMEOUT	error	unknown	10.935984919s	11.01875878899591s	25841664B			shard2/fair-census-shard2.2026-07-15_17-15-49.results.genmc-fair-sc.unreach-call.xml.bz2
c/pthread-wmm/safe013_tso.yml	TIMEOUT	error	unknown	10.995263776s	11.018907518999185s	25849856B			shard2/fair-census-shard2.2026-07-15_17-15-49.results.genmc-fair-sc.unreach-call.xml.bz2
c/pthread-wmm/safe002_tso.yml	TIMEOUT	error	unknown	10.995540568s	11.015028694004286s	25825280B			shard2/fair-census-shard2.2026-07-15_17-15-49.results.genmc-fair-sc.unreach-call.xml.bz2
c/pthread-wmm/safe012_tso.yml	TIMEOUT	error	unknown	10.990254806s	11.014038692985196s	25710592B			shard2/fair-census-shard2.2026-07-15_17-15-49.results.genmc-fair-sc.unreach-call.xml.bz2
c/pthread-wmm/safe032_tso.yml	TIMEOUT	error	unknown	10.991812144s	11.012953129014932s	25796608B			shard2/fair-census-shard2.2026-07-15_17-15-49.results.genmc-fair-sc.unreach-call.xml.bz2
c/pthread-wmm/safe014_pso.oepc_pso.opt_tso.oepc_tso.opt.yml	TIMEOUT	error	unknown	11.00105592s	11.017670384957455s	25833472B			shard2/fair-census-shard2.2026-07-15_17-15-49.results.genmc-fair-sc.unreach-call.xml.bz2
c/pthread-wmm/safe005_tso.yml	TIMEOUT	error	unknown	10.997167051s	11.009547032008413s	25812992B			shard2/fair-census-shard2.2026-07-15_17-15-49.results.genmc-fair-sc.unreach-call.xml.bz2
c/pthread-wmm/safe024_tso.yml	TIMEOUT	error	unknown	10.929954465s	11.014684627996758s	25759744B			shard2/fair-census-shard2.2026-07-15_17-15-49.results.genmc-fair-sc.unreach-call.xml.bz2
c/pthread-atomic/szymanski.yml	true	correct	benchmark-consistent	0.077974676s	0.08514794002985582s	25825280B			shard2/fair-census-shard2.2026-07-15_17-15-49.results.genmc-fair-sc.unreach-call.xml.bz2
c/pthread-wmm/safe037.yml	TIMEOUT	error	unknown	10.999731553s	11.015326708962675s	25853952B			shard2/fair-census-shard2.2026-07-15_17-15-49.results.genmc-fair-sc.unreach-call.xml.bz2
c/pthread-wmm/safe016_pso.oepc_pso.opt_tso.oepc_tso.opt.yml	TIMEOUT	error	unknown	10.975321408s	11.01163992000511s	25821184B			shard2/fair-census-shard2.2026-07-15_17-15-49.results.genmc-fair-sc.unreach-call.xml.bz2
c/pthread-wmm/safe019_pso.oepc_pso.opt_tso.oepc_tso.opt.yml	TIMEOUT	error	unknown	10.983947572s	11.012630435987376s	25862144B			shard2/fair-census-shard2.2026-07-15_17-15-49.results.genmc-fair-sc.unreach-call.xml.bz2
c/pthread-atomic/dekker.yml	true	correct	benchmark-consistent	0.070592834s	0.0812380220158957s	25825280B			shard2/fair-census-shard2.2026-07-15_17-15-49.results.genmc-fair-sc.unreach-call.xml.bz2
c/pthread-wmm/thin002_pso.oepc_pso.opt_tso.oepc_tso.opt.yml	TIMEOUT	error	unknown	10.983566072s	11.015127392951399s	25796608B			shard2/fair-census-shard2.2026-07-15_17-15-49.results.genmc-fair-sc.unreach-call.xml.bz2
c/pthread-theta/unwind3-100.yml	TIMEOUT	error	unknown	10.996654643s	11.013425631972495s	25776128B			shard2/fair-census-shard2.2026-07-15_17-15-49.results.genmc-fair-sc.unreach-call.xml.bz2
c/pthread-theta/unwind1-1.yml	true	wrong	conditional-input-miss	0.066995075s	0.07688337098807096s	25796608B			shard2/fair-census-shard2.2026-07-15_17-15-49.results.genmc-fair-sc.unreach-call.xml.bz2
c/pthread-theta/exponential-4.yml	TIMEOUT	error	unknown	10.980890104s	11.013038297998719s	25849856B			shard2/fair-census-shard2.2026-07-15_17-15-49.results.genmc-fair-sc.unreach-call.xml.bz2
c/pthread-theta/unwind1-nondet.yml	true	wrong	conditional-input-miss	0.071313912s	0.07700698403641582s	25833472B			shard2/fair-census-shard2.2026-07-15_17-15-49.results.genmc-fair-sc.unreach-call.xml.bz2
c/pthread-theta/unwind2-1.yml	false(unreach-call)	correct	benchmark-consistent	0.067144826s	0.07732730603311211s	25894912B			shard2/fair-census-shard2.2026-07-15_17-15-49.results.genmc-fair-sc.unreach-call.xml.bz2
c/pthread-theta/unwind2-nondet.yml	true	wrong	conditional-input-miss	0.066886531s	0.0747811800101772s	25821184B			shard2/fair-census-shard2.2026-07-15_17-15-49.results.genmc-fair-sc.unreach-call.xml.bz2
c/pthread/butterfly.yml	true	correct	benchmark-consistent	5.082174696s	5.10149419400841s	25862144B			shard2/fair-census-shard2.2026-07-15_17-15-49.results.genmc-fair-sc.unreach-call.xml.bz2
c/pthread-ext/43_NetBSD_sysmon_power_sliced.yml	true	correct	benchmark-consistent	0.076590734s	0.08651700895279646s	25968640B			shard2/fair-census-shard2.2026-07-15_17-15-49.results.genmc-fair-sc.unreach-call.xml.bz2
c/pthread-wmm/mix034_pso.opt_tso.opt.yml	false(unreach-call)	correct	benchmark-consistent	0.849528542s	0.877347600995563s	26034176B			shard2/fair-census-shard2.2026-07-15_17-15-49.results.genmc-fair-sc.unreach-call.xml.bz2
c/pthread-wmm/safe029_power.opt_pso.opt_rmo.opt.yml	false(unreach-call)	correct	benchmark-consistent	0.216183552s	0.22410597500856966s	26054656B			shard2/fair-census-shard2.2026-07-15_17-15-49.results.genmc-fair-sc.unreach-call.xml.bz2
c/pthread-wmm/rfi003_power.oepc_power.opt_pso.oepc_pso.opt_rmo.oepc_rmo.opt.yml	false(unreach-call)	correct	benchmark-consistent	2.054612168s	2.078633473953232s	26066944B			shard2/fair-census-shard2.2026-07-15_17-15-49.results.genmc-fair-sc.unreach-call.xml.bz2
c/pthread-wmm/mix054_power.oepc_power.opt_pso.oepc_rmo.oepc.yml	false(unreach-call)	correct	benchmark-consistent	0.097935153s	0.10720352397765964s	25997312B			shard2/fair-census-shard2.2026-07-15_17-15-49.results.genmc-fair-sc.unreach-call.xml.bz2
c/pthread-wmm/mix031.opt.yml	false(unreach-call)	correct	benchmark-consistent	4.857347754s	4.867615482013207s	26050560B			shard2/fair-census-shard2.2026-07-15_17-15-49.results.genmc-fair-sc.unreach-call.xml.bz2
c/pthread-wmm/safe022_power.oepc_power.opt_pso.oepc_pso.opt_rmo.oepc_rmo.opt.yml	false(unreach-call)	correct	benchmark-consistent	0.096114861s	0.10387056402396411s	26005504B			shard2/fair-census-shard2.2026-07-15_17-15-49.results.genmc-fair-sc.unreach-call.xml.bz2
c/pthread-wmm/rfi007_power.oepc_power.opt_pso.oepc_pso.opt_rmo.oepc_rmo.opt.yml	false(unreach-call)	correct	benchmark-consistent	0.120010792s	0.12387004197807983s	26091520B			shard2/fair-census-shard2.2026-07-15_17-15-49.results.genmc-fair-sc.unreach-call.xml.bz2
c/pthread-wmm/safe006_rmo.oepc_rmo.opt-thin000_rmo.oepc_rmo.opt.yml	false(unreach-call)	correct	benchmark-consistent	0.075041207s	0.08157678897259757s	26112000B			shard2/fair-census-shard2.2026-07-15_17-15-49.results.genmc-fair-sc.unreach-call.xml.bz2
c/pthread-wmm/mix041_power.oepc_pso.oepc_rmo.oepc.yml	false(unreach-call)	correct	benchmark-consistent	0.149473825s	0.15534400095930323s	25980928B			shard2/fair-census-shard2.2026-07-15_17-15-49.results.genmc-fair-sc.unreach-call.xml.bz2
c/pthread-wmm/safe034_power.oepc_power.opt_pso.oepc_pso.opt_rmo.oepc_rmo.opt.yml	TIMEOUT	error	unknown	10.998339083s	11.014181239006575s	26120192B			shard2/fair-census-shard2.2026-07-15_17-15-49.results.genmc-fair-sc.unreach-call.xml.bz2
c/pthread-wmm/rfi001_power.opt_pso.opt_rmo.opt_tso.oepc_tso.opt.yml	false(unreach-call)	correct	benchmark-consistent	0.74585889s	0.75278648204403s	26075136B			shard2/fair-census-shard2.2026-07-15_17-15-49.results.genmc-fair-sc.unreach-call.xml.bz2
c/pthread-wmm/mix038.opt.yml	TIMEOUT	error	unknown	10.96576437s	11.014246717037167s	26025984B			shard2/fair-census-shard2.2026-07-15_17-15-49.results.genmc-fair-sc.unreach-call.xml.bz2
c/pthread-wmm/mix035_pso.opt_tso.opt.yml	TIMEOUT	error	unknown	10.985541901s	11.011038550990634s	26079232B			shard2/fair-census-shard2.2026-07-15_17-15-49.results.genmc-fair-sc.unreach-call.xml.bz2
c/pthread-wmm/mix009.oepc.yml	false(unreach-call)	correct	benchmark-consistent	0.123305764s	0.13780156098073348s	26095616B			shard2/fair-census-shard2.2026-07-15_17-15-49.results.genmc-fair-sc.unreach-call.xml.bz2
c/pthread-wmm/mix031.oepc.yml	false(unreach-call)	correct	benchmark-consistent	0.154541003s	0.16315488400869071s	26025984B			shard2/fair-census-shard2.2026-07-15_17-15-49.results.genmc-fair-sc.unreach-call.xml.bz2
c/pthread-wmm/safe031_power.opt_pso.opt_rmo.opt.yml	TIMEOUT	error	unknown	10.998914115s	11.016011050029192s	26091520B			shard2/fair-census-shard2.2026-07-15_17-15-49.results.genmc-fair-sc.unreach-call.xml.bz2
c/pthread-wmm/safe031_power.oepc_pso.oepc_rmo.oepc.yml	TIMEOUT	error	unknown	10.999536432s	11.018025596975349s	26087424B			shard2/fair-census-shard2.2026-07-15_17-15-49.results.genmc-fair-sc.unreach-call.xml.bz2
c/pthread-wmm/mix051_pso.opt_rmo.opt_tso.opt.yml	TIMEOUT	error	unknown	10.999589579s	11.013642920006532s	26116096B			shard2/fair-census-shard2.2026-07-15_17-15-49.results.genmc-fair-sc.unreach-call.xml.bz2
c/pthread-wmm/safe012_pso.oepc_pso.opt_rmo.opt.yml	TIMEOUT	error	unknown	10.956048242s	11.009405220975168s	26124288B			shard2/fair-census-shard2.2026-07-15_17-15-49.results.genmc-fair-sc.unreach-call.xml.bz2
c/pthread-wmm/safe018_rmo.oepc.yml	false(unreach-call)	correct	benchmark-consistent	0.078303591s	0.08706960699055344s	26103808B			shard2/fair-census-shard2.2026-07-15_17-15-49.results.genmc-fair-sc.unreach-call.xml.bz2
c/pthread-wmm/mix025_pso.opt_rmo.opt.yml	TIMEOUT	error	unknown	10.997540968s	11.010720054036938s	26144768B			shard2/fair-census-shard2.2026-07-15_17-15-49.results.genmc-fair-sc.unreach-call.xml.bz2
c/pthread-wmm/safe024_power.oepc_power.opt_pso.oepc_pso.opt_rmo.oepc_rmo.opt.yml	TIMEOUT	error	unknown	10.995745405s	11.010527479986195s	26091520B			shard2/fair-census-shard2.2026-07-15_17-15-49.results.genmc-fair-sc.unreach-call.xml.bz2
c/pthread-wmm/mix042.opt.yml	TIMEOUT	error	unknown	10.996728877s	11.011985419958364s	26087424B			shard2/fair-census-shard2.2026-07-15_17-15-49.results.genmc-fair-sc.unreach-call.xml.bz2
c/pthread-wmm/mix040.opt.yml	TIMEOUT	error	unknown	10.997528802s	11.012375341029838s	26087424B			shard2/fair-census-shard2.2026-07-15_17-15-49.results.genmc-fair-sc.unreach-call.xml.bz2
c/pthread-wmm/mix016_power.opt_rmo.opt.yml	TIMEOUT	error	unknown	10.997566931s	11.013743018964306s	26083328B			shard2/fair-census-shard2.2026-07-15_17-15-49.results.genmc-fair-sc.unreach-call.xml.bz2
c/pthread-wmm/mix037.opt.yml	TIMEOUT	error	unknown	10.992382097s	11.010263811971527s	26136576B			shard2/fair-census-shard2.2026-07-15_17-15-49.results.genmc-fair-sc.unreach-call.xml.bz2
c/pthread-wmm/safe017_power.oepc_power.opt_pso.oepc_pso.opt_rmo.oepc_rmo.opt.yml	false(unreach-call)	correct	benchmark-consistent	1.748326266s	1.761818161001429s	26148864B			shard2/fair-census-shard2.2026-07-15_17-15-49.results.genmc-fair-sc.unreach-call.xml.bz2
c/pthread-wmm/safe011_power.opt_pso.opt.yml	TIMEOUT	error	unknown	10.994242426s	11.013709630002268s	26218496B			shard2/fair-census-shard2.2026-07-15_17-15-49.results.genmc-fair-sc.unreach-call.xml.bz2
c/pthread-wmm/safe011_power.oepc_pso.oepc_rmo.oepc_rmo.opt.yml	false(unreach-call)	correct	benchmark-consistent	4.746957275s	4.759667026984971s	26214400B			shard2/fair-census-shard2.2026-07-15_17-15-49.results.genmc-fair-sc.unreach-call.xml.bz2
c/pthread-wmm/safe026_power.oepc_power.opt_pso.oepc_pso.opt_rmo.oepc_rmo.opt.yml	false(unreach-call)	correct	benchmark-consistent	2.271695498s	2.2933359190355986s	26087424B			shard2/fair-census-shard2.2026-07-15_17-15-49.results.genmc-fair-sc.unreach-call.xml.bz2
c/pthread-wmm/mix057_power.opt_pso.opt_rmo.opt_tso.oepc_tso.opt.yml	TIMEOUT	error	unknown	10.997268488s	11.012677730992436s	26189824B			shard2/fair-census-shard2.2026-07-15_17-15-49.results.genmc-fair-sc.unreach-call.xml.bz2
c/pthread-wmm/mix052_tso.oepc.yml	TIMEOUT	error	unknown	10.991452306s	11.015422319993377s	26132480B			shard2/fair-census-shard2.2026-07-15_17-15-49.results.genmc-fair-sc.unreach-call.xml.bz2
c/pthread-wmm/safe021_power.opt_pso.opt.yml	TIMEOUT	error	unknown	10.990813076s	11.009363560006022s	26152960B			shard2/fair-census-shard2.2026-07-15_17-15-49.results.genmc-fair-sc.unreach-call.xml.bz2
c/pthread-wmm/mix055.opt.yml	TIMEOUT	error	unknown	10.960366451s	11.013909608998802s	26075136B			shard2/fair-census-shard2.2026-07-15_17-15-49.results.genmc-fair-sc.unreach-call.xml.bz2
c/pthread-wmm/mix052_power.oepc_power.opt_pso.oepc_rmo.oepc.yml	false(unreach-call)	correct	benchmark-consistent	6.068924969s	6.099723201012239s	26099712B			shard2/fair-census-shard2.2026-07-15_17-15-49.results.genmc-fair-sc.unreach-call.xml.bz2
c/pthread-wmm/mix028_power.opt_pso.opt_rmo.opt.yml	TIMEOUT	error	unknown	11.001172209s	11.017361722013447s	26144768B			shard2/fair-census-shard2.2026-07-15_17-15-49.results.genmc-fair-sc.unreach-call.xml.bz2
c/pthread-wmm/mix019_tso.oepc.yml	TIMEOUT	error	unknown	10.999071366s	11.015522103989497s	26157056B			shard2/fair-census-shard2.2026-07-15_17-15-49.results.genmc-fair-sc.unreach-call.xml.bz2
c/pthread-wmm/mix019_power.oepc_pso.oepc_rmo.oepc.yml	TIMEOUT	error	unknown	10.990333199s	11.013564113003667s	26091520B			shard2/fair-census-shard2.2026-07-15_17-15-49.results.genmc-fair-sc.unreach-call.xml.bz2
c/pthread-wmm/mix025_power.oepc_power.opt_pso.oepc_rmo.oepc_tso.oepc_tso.opt.yml	TIMEOUT	error	unknown	10.999084707s	11.011243949993514s	26062848B			shard2/fair-census-shard2.2026-07-15_17-15-49.results.genmc-fair-sc.unreach-call.xml.bz2
c/pthread-wmm/mix049_power.oepc_power.opt_pso.oepc_pso.opt_rmo.oepc_rmo.opt_tso.oepc_tso.opt-podwr001_power.oepc_power.opt_pso.oepc_pso.opt_rmo.oepc_rmo.opt_tso.oepc_tso.opt.yml	false(unreach-call)	correct	benchmark-consistent	5.958697189s	5.973010193032678s	26095616B			shard2/fair-census-shard2.2026-07-15_17-15-49.results.genmc-fair-sc.unreach-call.xml.bz2
c/pthread-wmm/mix016.oepc.yml	TIMEOUT	error	unknown	10.971969445s	11.013216199004091s	26087424B			shard2/fair-census-shard2.2026-07-15_17-15-49.results.genmc-fair-sc.unreach-call.xml.bz2
c/pthread-wmm/mix038_power.oepc_pso.oepc_rmo.oepc.yml	TIMEOUT	error	unknown	10.997740443s	11.01272436598083s	26083328B			shard2/fair-census-shard2.2026-07-15_17-15-49.results.genmc-fair-sc.unreach-call.xml.bz2
c/pthread-wmm/mix046.opt.yml	TIMEOUT	error	unknown	10.972911882s	11.008019539993256s	26087424B			shard2/fair-census-shard2.2026-07-15_17-15-49.results.genmc-fair-sc.unreach-call.xml.bz2
c/pthread-wmm/mix035.oepc.yml	TIMEOUT	error	unknown	10.997313916s	11.010661746026017s	26066944B			shard2/fair-census-shard2.2026-07-15_17-15-49.results.genmc-fair-sc.unreach-call.xml.bz2
c/pthread-wmm/mix043.opt.yml	TIMEOUT	error	unknown	10.999230344s	11.01750322803855s	26210304B			shard2/fair-census-shard2.2026-07-15_17-15-49.results.genmc-fair-sc.unreach-call.xml.bz2
c/pthread-wmm/mix017_power.opt_rmo.opt.yml	TIMEOUT	error	unknown	10.997708838s	11.016237982956227s	26079232B			shard2/fair-census-shard2.2026-07-15_17-15-49.results.genmc-fair-sc.unreach-call.xml.bz2
c/pthread-wmm/mix003.oepc.yml	TIMEOUT	error	unknown	10.999440633s	11.009790820011403s	26189824B			shard2/fair-census-shard2.2026-07-15_17-15-49.results.genmc-fair-sc.unreach-call.xml.bz2
c/pthread-wmm/mix011_tso.oepc.yml	TIMEOUT	error	unknown	10.935793348s	11.010554052947555s	26193920B			shard2/fair-census-shard2.2026-07-15_17-15-49.results.genmc-fair-sc.unreach-call.xml.bz2
c/pthread-wmm/mix011_power.oepc_pso.oepc_rmo.oepc.yml	TIMEOUT	error	unknown	10.998594033s	11.011035307019483s	26087424B			shard2/fair-census-shard2.2026-07-15_17-15-49.results.genmc-fair-sc.unreach-call.xml.bz2
c/pthread-wmm/mix036_power.opt_rmo.opt.yml	TIMEOUT	error	unknown	10.999279968s	11.013381798984483s	26083328B			shard2/fair-census-shard2.2026-07-15_17-15-49.results.genmc-fair-sc.unreach-call.xml.bz2
c/pthread-wmm/mix010.oepc.yml	TIMEOUT	error	unknown	10.999969141s	11.015041876002215s	26120192B			shard2/fair-census-shard2.2026-07-15_17-15-49.results.genmc-fair-sc.unreach-call.xml.bz2
c/pthread-wmm/mix033_power.oepc_pso.oepc_rmo.oepc.yml	TIMEOUT	error	unknown	10.870690469s	11.009612680005375s	26152960B			shard2/fair-census-shard2.2026-07-15_17-15-49.results.genmc-fair-sc.unreach-call.xml.bz2
c/pthread-wmm/mix053_tso.oepc.yml	TIMEOUT	error	unknown	10.999918988s	11.013788588985335s	26161152B			shard2/fair-census-shard2.2026-07-15_17-15-49.results.genmc-fair-sc.unreach-call.xml.bz2
c/pthread-wmm/rfi008.opt.yml	false(unreach-call)	correct	benchmark-consistent	1.330600446s	1.3473675660206936s	26083328B			shard2/fair-census-shard2.2026-07-15_17-15-49.results.genmc-fair-sc.unreach-call.xml.bz2
c/pthread-wmm/mix032.oepc.yml	TIMEOUT	error	unknown	10.998773415s	11.013373296998907s	26144768B			shard2/fair-census-shard2.2026-07-15_17-15-49.results.genmc-fair-sc.unreach-call.xml.bz2
c/pthread-wmm/mix009.opt.yml	false(unreach-call)	correct	benchmark-consistent	2.656474645s	2.6722464789636433s	26148864B			shard2/fair-census-shard2.2026-07-15_17-15-49.results.genmc-fair-sc.unreach-call.xml.bz2
c/pthread-wmm/safe012_power.oepc.yml	false(unreach-call)	correct	benchmark-consistent	0.086127928s	0.09383944398723543s	26091520B			shard2/fair-census-shard2.2026-07-15_17-15-49.results.genmc-fair-sc.unreach-call.xml.bz2
c/pthread-wmm/safe007_power.oepc-thin001_power.oepc.yml	false(unreach-call)	correct	benchmark-consistent	0.081448913s	0.0902347139781341s	26198016B			shard2/fair-census-shard2.2026-07-15_17-15-49.results.genmc-fair-sc.unreach-call.xml.bz2
c/pthread-wmm/mix029_power.opt_pso.opt_rmo.opt.yml	TIMEOUT	error	unknown	10.995641302s	11.01580993103562s	26218496B			shard2/fair-census-shard2.2026-07-15_17-15-49.results.genmc-fair-sc.unreach-call.xml.bz2
c/pthread-wmm/safe006_power.opt-thin000_power.opt.yml	false(unreach-call)	correct	benchmark-consistent	0.29426155s	0.313429883972276s	26218496B			shard2/fair-census-shard2.2026-07-15_17-15-49.results.genmc-fair-sc.unreach-call.xml.bz2
c/pthread-wmm/mix040_tso.oepc.yml	TIMEOUT	error	unknown	10.960514988s	11.013800597982481s	26218496B			shard2/fair-census-shard2.2026-07-15_17-15-49.results.genmc-fair-sc.unreach-call.xml.bz2
c/pthread-wmm/mix019.opt.yml	TIMEOUT	error	unknown	10.995363401s	11.015780476038344s	26091520B			shard2/fair-census-shard2.2026-07-15_17-15-49.results.genmc-fair-sc.unreach-call.xml.bz2
c/pthread-wmm/safe014_power.opt.yml	false(unreach-call)	correct	benchmark-consistent	0.081516369s	0.09368376398924738s	26091520B			shard2/fair-census-shard2.2026-07-15_17-15-49.results.genmc-fair-sc.unreach-call.xml.bz2
c/pthread-wmm/mix006.opt.yml	TIMEOUT	error	unknown	10.89642953s	11.018809857021552s	26222592B			shard2/fair-census-shard2.2026-07-15_17-15-49.results.genmc-fair-sc.unreach-call.xml.bz2
c/pthread-wmm/mix055_tso.oepc.yml	TIMEOUT	error	unknown	10.773403916s	11.009608208027203s	26243072B			shard2/fair-census-shard2.2026-07-15_17-15-49.results.genmc-fair-sc.unreach-call.xml.bz2
c/pthread-wmm/mix053_power.oepc_pso.oepc_rmo.oepc.yml	TIMEOUT	error	unknown	10.997588902s	11.018463068990968s	26218496B			shard2/fair-census-shard2.2026-07-15_17-15-49.results.genmc-fair-sc.unreach-call.xml.bz2
c/pthread-wmm/mix011.opt.yml	TIMEOUT	error	unknown	10.993834385s	11.016402063018177s	26132480B			shard2/fair-census-shard2.2026-07-15_17-15-49.results.genmc-fair-sc.unreach-call.xml.bz2
c/pthread-wmm/mix051_tso.oepc.yml	TIMEOUT	error	unknown	10.996526006s	11.016352915030438s	26157056B			shard2/fair-census-shard2.2026-07-15_17-15-49.results.genmc-fair-sc.unreach-call.xml.bz2
c/pthread-wmm/mix051_power.oepc_power.opt_pso.oepc_rmo.oepc.yml	TIMEOUT	error	unknown	10.998272562s	11.016372412035707s	26218496B			shard2/fair-census-shard2.2026-07-15_17-15-49.results.genmc-fair-sc.unreach-call.xml.bz2
c/pthread-wmm/mix010.opt.yml	TIMEOUT	error	unknown	10.956492688s	11.014935410988983s	26132480B			shard2/fair-census-shard2.2026-07-15_17-15-49.results.genmc-fair-sc.unreach-call.xml.bz2
c/pthread-wmm/mix050.yml	TIMEOUT	error	unknown	10.990500479s	11.011270806018729s	26144768B			shard2/fair-census-shard2.2026-07-15_17-15-49.results.genmc-fair-sc.unreach-call.xml.bz2
c/pthread-wmm/mix027_power.oepc_pso.oepc_rmo.oepc.yml	TIMEOUT	error	unknown	10.995058303s	11.014088401047047s	26214400B			shard2/fair-census-shard2.2026-07-15_17-15-49.results.genmc-fair-sc.unreach-call.xml.bz2
c/pthread-wmm/mix029_power.oepc_pso.oepc_rmo.oepc_tso.oepc_tso.opt.yml	TIMEOUT	error	unknown	10.95122067s	11.014280909032095s	26214400B			shard2/fair-census-shard2.2026-07-15_17-15-49.results.genmc-fair-sc.unreach-call.xml.bz2
c/pthread-wmm/mix001.opt.yml	TIMEOUT	error	unknown	10.993746919s	11.013908283028286s	26169344B			shard2/fair-census-shard2.2026-07-15_17-15-49.results.genmc-fair-sc.unreach-call.xml.bz2
c/pthread-wmm/mix026.oepc.yml	TIMEOUT	error	unknown	10.99386053s	11.012042429007124s	26144768B			shard2/fair-census-shard2.2026-07-15_17-15-49.results.genmc-fair-sc.unreach-call.xml.bz2
c/pthread-wmm/mix018_tso.oepc.yml	TIMEOUT	error	unknown	10.991717946s	11.017195456021s	26198016B			shard2/fair-census-shard2.2026-07-15_17-15-49.results.genmc-fair-sc.unreach-call.xml.bz2
c/pthread-wmm/mix018_power.oepc_pso.oepc_rmo.oepc.yml	TIMEOUT	error	unknown	10.994200526s	11.014834117027931s	26214400B			shard2/fair-census-shard2.2026-07-15_17-15-49.results.genmc-fair-sc.unreach-call.xml.bz2
c/pthread-wmm/mix044_power.oepc_pso.oepc_rmo.oepc.yml	TIMEOUT	error	unknown	10.948611112s	11.011477369989734s	26132480B			shard2/fair-census-shard2.2026-07-15_17-15-49.results.genmc-fair-sc.unreach-call.xml.bz2
c/pthread-wmm/mix002.opt.yml	TIMEOUT	error	unknown	10.990774725s	11.014121337037068s	26214400B			shard2/fair-census-shard2.2026-07-15_17-15-49.results.genmc-fair-sc.unreach-call.xml.bz2
c/pthread-wmm/mix017.oepc.yml	TIMEOUT	error	unknown	10.993825371s	11.015840275969822s	26222592B			shard2/fair-census-shard2.2026-07-15_17-15-49.results.genmc-fair-sc.unreach-call.xml.bz2
c/pthread-wmm/mix043.oepc.yml	TIMEOUT	error	unknown	10.993453997s	11.017312476004008s	26218496B			shard2/fair-census-shard2.2026-07-15_17-15-49.results.genmc-fair-sc.unreach-call.xml.bz2
c/pthread-wmm/mix023_power.oepc_pso.oepc_rmo.oepc.yml	TIMEOUT	error	unknown	10.993290456s	11.014464286039583s	26214400B			shard2/fair-census-shard2.2026-07-15_17-15-49.results.genmc-fair-sc.unreach-call.xml.bz2
c/pthread-wmm/mix037_power.oepc_pso.oepc_rmo.oepc.yml	TIMEOUT	error	unknown	10.996338762s	11.015514567028731s	26193920B			shard2/fair-census-shard2.2026-07-15_17-15-49.results.genmc-fair-sc.unreach-call.xml.bz2
c/pthread-wmm/rfi006_rmo.yml	false(unreach-call)	correct	benchmark-consistent	0.088232904s	0.09798489301465452s	26222592B			shard2/fair-census-shard2.2026-07-15_17-15-49.results.genmc-fair-sc.unreach-call.xml.bz2
c/pthread-wmm/safe007_power.opt-thin001_power.opt.yml	TIMEOUT	error	unknown	10.995581718s	11.011847406043671s	26185728B			shard2/fair-census-shard2.2026-07-15_17-15-49.results.genmc-fair-sc.unreach-call.xml.bz2
c/pthread-wmm/mix036.oepc.yml	TIMEOUT	error	unknown	11.000267526s	11.016245765960775s	26214400B			shard2/fair-census-shard2.2026-07-15_17-15-49.results.genmc-fair-sc.unreach-call.xml.bz2
c/pthread-wmm/mix005_power.oepc_pso.oepc_rmo.oepc.yml	TIMEOUT	error	unknown	10.995284495s	11.015439915994648s	26161152B			shard2/fair-census-shard2.2026-07-15_17-15-49.results.genmc-fair-sc.unreach-call.xml.bz2
c/pthread-wmm/mix018.opt.yml	TIMEOUT	error	unknown	11.000035567s	11.01748238800792s	26275840B			shard2/fair-census-shard2.2026-07-15_17-15-49.results.genmc-fair-sc.unreach-call.xml.bz2
c/pthread-wmm/mix004.oepc.yml	TIMEOUT	error	unknown	10.998695052s	11.015626329986844s	26275840B			shard2/fair-census-shard2.2026-07-15_17-15-49.results.genmc-fair-sc.unreach-call.xml.bz2
c/pthread-wmm/rfi009_rmo.oepc.yml	false(unreach-call)	correct	benchmark-consistent	0.088906354s	0.10186156595591456s	26214400B			shard2/fair-census-shard2.2026-07-15_17-15-49.results.genmc-fair-sc.unreach-call.xml.bz2
c/pthread-wmm/mix017_pso.opt_tso.opt.yml	TIMEOUT	error	unknown	10.919182813s	11.015200908994302s	26255360B			shard2/fair-census-shard2.2026-07-15_17-15-49.results.genmc-fair-sc.unreach-call.xml.bz2
c/pthread-wmm/mix007.opt.yml	TIMEOUT	error	unknown	11.001117764s	11.016714436991606s	26206208B			shard2/fair-census-shard2.2026-07-15_17-15-49.results.genmc-fair-sc.unreach-call.xml.bz2
c/pthread-wmm/mix004.opt.yml	TIMEOUT	error	unknown	10.99725735s	11.015910778020043s	26284032B			shard2/fair-census-shard2.2026-07-15_17-15-49.results.genmc-fair-sc.unreach-call.xml.bz2
c/pthread-wmm/safe009_power.opt.yml	TIMEOUT	error	unknown	10.998842779s	11.011986022000201s	26214400B			shard2/fair-census-shard2.2026-07-15_17-15-49.results.genmc-fair-sc.unreach-call.xml.bz2
c/pthread-wmm/mix030_tso.yml	TIMEOUT	error	unknown	11.000359356s	11.012897501001135s	26353664B			shard2/fair-census-shard2.2026-07-15_17-15-49.results.genmc-fair-sc.unreach-call.xml.bz2
c/pthread-wmm/safe020_rmo.yml	TIMEOUT	error	unknown	10.991229026s	11.01293916796567s	26234880B			shard2/fair-census-shard2.2026-07-15_17-15-49.results.genmc-fair-sc.unreach-call.xml.bz2
c/pthread-wmm/safe018_rmo.opt.yml	TIMEOUT	error	unknown	10.996399861s	11.013260892999824s	26230784B			shard2/fair-census-shard2.2026-07-15_17-15-49.results.genmc-fair-sc.unreach-call.xml.bz2
c/pthread-wmm/safe003_power.opt.yml	TIMEOUT	error	unknown	11.001148725s	11.013686551013961s	26333184B			shard2/fair-census-shard2.2026-07-15_17-15-49.results.genmc-fair-sc.unreach-call.xml.bz2
c/pthread-wmm/safe027_rmo.yml	false(unreach-call)	correct	benchmark-consistent	0.088544629s	0.09727392497006804s	26222592B			shard2/fair-census-shard2.2026-07-15_17-15-49.results.genmc-fair-sc.unreach-call.xml.bz2
c/pthread-wmm/safe016_rmo.oepc.yml	false(unreach-call)	correct	benchmark-consistent	0.08261722s	0.09232449700357392s	26247168B			shard2/fair-census-shard2.2026-07-15_17-15-49.results.genmc-fair-sc.unreach-call.xml.bz2
c/pthread-wmm/rfi006_power.oepc.yml	false(unreach-call)	correct	benchmark-consistent	0.087498008s	0.09507229999871925s	26259456B			shard2/fair-census-shard2.2026-07-15_17-15-49.results.genmc-fair-sc.unreach-call.xml.bz2
c/pthread-wmm/rfi009_power.oepc.yml	false(unreach-call)	correct	benchmark-consistent	0.083196018s	0.09336132003227249s	26316800B			shard2/fair-census-shard2.2026-07-15_17-15-49.results.genmc-fair-sc.unreach-call.xml.bz2
c/pthread-wmm/rfi000_tso.yml	true	correct	benchmark-consistent	1.482209846s	1.4903861819766462s	26419200B			shard2/fair-census-shard2.2026-07-15_17-15-49.results.genmc-fair-sc.unreach-call.xml.bz2
c/pthread-deagle/arithmetic_prog_bad.yml	ERROR (compilation)	error	unknown	0.053070886s	0.06230160198174417s	25350144B			shard2/fair-census-shard2.2026-07-15_17-15-49.results.genmc-fair-sc.unreach-call.xml.bz2
c/pthread-wmm/rfi006_power.opt.yml	false(unreach-call)	correct	benchmark-consistent	0.082056476s	0.09057768800994381s	26386432B			shard2/fair-census-shard2.2026-07-15_17-15-49.results.genmc-fair-sc.unreach-call.xml.bz2
c/pthread-wmm/safe027_power.oepc.yml	false(unreach-call)	correct	benchmark-consistent	0.082436521s	0.09163420798722655s	26411008B			shard2/fair-census-shard2.2026-07-15_17-15-49.results.genmc-fair-sc.unreach-call.xml.bz2
c/pthread-wmm/safe020_power.yml	TIMEOUT	error	unknown	11.002392146s	11.019233394006733s	26345472B			shard2/fair-census-shard2.2026-07-15_17-15-49.results.genmc-fair-sc.unreach-call.xml.bz2
c/pthread-wmm/safe028_power.yml	TIMEOUT	error	unknown	10.99751245s	11.014928827993572s	26308608B			shard2/fair-census-shard2.2026-07-15_17-15-49.results.genmc-fair-sc.unreach-call.xml.bz2
c/pthread-wmm/rfi003_tso.yml	true	correct	benchmark-consistent	3.832198461s	3.8407244560075924s	26427392B			shard2/fair-census-shard2.2026-07-15_17-15-49.results.genmc-fair-sc.unreach-call.xml.bz2
c/pthread-wmm/safe019_power.oepc.yml	false(unreach-call)	correct	benchmark-consistent	0.086981003s	0.09095978102413937s	26451968B			shard2/fair-census-shard2.2026-07-15_17-15-49.results.genmc-fair-sc.unreach-call.xml.bz2
c/pthread-wmm/safe004_power.oepc_pso.oepc_rmo.oepc.yml	false(unreach-call)	correct	benchmark-consistent	6.776716824s	6.843221005983651s	26398720B			shard2/fair-census-shard2.2026-07-15_17-15-49.results.genmc-fair-sc.unreach-call.xml.bz2
c/pthread-wmm/safe001_rmo.oepc.yml	false(unreach-call)	correct	benchmark-consistent	0.084663555s	0.09506266401149333s	26419200B			shard2/fair-census-shard2.2026-07-15_17-15-49.results.genmc-fair-sc.unreach-call.xml.bz2
c/pthread-wmm/safe015_rmo.yml	TIMEOUT	error	unknown	10.994830029s	11.010695673001464s	26370048B			shard2/fair-census-shard2.2026-07-15_17-15-49.results.genmc-fair-sc.unreach-call.xml.bz2
c/pthread-wmm/safe014_rmo.opt.yml	TIMEOUT	error	unknown	10.972473434s	11.011961560987402s	26464256B			shard2/fair-census-shard2.2026-07-15_17-15-49.results.genmc-fair-sc.unreach-call.xml.bz2
c/pthread-wmm/safe025_rmo.yml	TIMEOUT	error	unknown	10.997657604s	11.010310202022083s	26476544B			shard2/fair-census-shard2.2026-07-15_17-15-49.results.genmc-fair-sc.unreach-call.xml.bz2
c/pthread-wmm/safe016_power.opt.yml	TIMEOUT	error	unknown	10.989767092s	11.014868525031488s	26423296B			shard2/fair-census-shard2.2026-07-15_17-15-49.results.genmc-fair-sc.unreach-call.xml.bz2
c/goblint-regression/28-race_reach_28-funptr_racefree.yml	TIMEOUT	error	unknown	11.090628792s	11.116253359010443s	1443049472B			shard2/fair-census-shard2.2026-07-15_17-15-49.results.genmc-fair-sc.unreach-call.xml.bz2
c/pthread-wmm/safe027_power.opt.yml	TIMEOUT	error	unknown	10.990392146s	11.013177639979403s	26427392B			shard2/fair-census-shard2.2026-07-15_17-15-49.results.genmc-fair-sc.unreach-call.xml.bz2
c/pthread-wmm/safe015_power.opt.yml	TIMEOUT	error	unknown	10.991342449s	11.029979879967868s	26480640B			shard2/fair-census-shard2.2026-07-15_17-15-49.results.genmc-fair-sc.unreach-call.xml.bz2
c/pthread-wmm/safe002_power.oepc.yml	false(unreach-call)	correct	benchmark-consistent	0.094450401s	0.10260367899900302s	26464256B			shard2/fair-census-shard2.2026-07-15_17-15-49.results.genmc-fair-sc.unreach-call.xml.bz2
c/pthread-wmm/safe015_power.oepc.yml	false(unreach-call)	correct	benchmark-consistent	0.089457772s	0.09868910297518596s	26476544B			shard2/fair-census-shard2.2026-07-15_17-15-49.results.genmc-fair-sc.unreach-call.xml.bz2
c/goblint-regression/28-race_reach_06-cond_racing1.yml	false(unreach-call)	correct	benchmark-consistent	3.620615515s	3.635548985970672s	76963840B			shard2/fair-census-shard2.2026-07-15_17-15-49.results.genmc-fair-sc.unreach-call.xml.bz2
c/goblint-regression/28-race_reach_07-cond_racing2.yml	TIMEOUT	error	unknown	11.094737442s	11.111804938002024s	1467723776B			shard2/fair-census-shard2.2026-07-15_17-15-49.results.genmc-fair-sc.unreach-call.xml.bz2
c/pthread/stack-1.yml	true	correct	benchmark-consistent	0.072381351s	0.08592361700721085s	25825280B			shard2/fair-census-shard2.2026-07-15_17-15-49.results.genmc-fair-sc.unreach-call.xml.bz2
c/pthread/stack_longest-2.yml	TIMEOUT	error	unknown	11.198987569s	11.223051428038161s	3144851456B			shard2/fair-census-shard2.2026-07-15_17-15-49.results.genmc-fair-sc.unreach-call.xml.bz2
c/pthread/stack_longer-1.yml	true	wrong	conditional-input-miss	2.526344518s	2.5407466450124048s	580841472B			shard2/fair-census-shard2.2026-07-15_17-15-49.results.genmc-fair-sc.unreach-call.xml.bz2
c/goblint-regression/28-race_reach_74-tricky_address1_racefree.yml	true	correct	benchmark-consistent	1.63090122s	1.639744715008419s	25956352B			shard2/fair-census-shard2.2026-07-15_17-15-49.results.genmc-fair-sc.unreach-call.xml.bz2
c/goblint-regression/28-race_reach_75-tricky_address2_racefree.yml	true	correct	benchmark-consistent	1.622281756s	1.6300274550449103s	25915392B			shard2/fair-census-shard2.2026-07-15_17-15-49.results.genmc-fair-sc.unreach-call.xml.bz2
c/goblint-regression/28-race_reach_77-tricky_address4_racing.yml	true	wrong	conditional-input-miss	1.625810286s	1.6740290909656323s	25853952B			shard2/fair-census-shard2.2026-07-15_17-15-49.results.genmc-fair-sc.unreach-call.xml.bz2
c/goblint-regression/28-race_reach_73-funloop_hard_racefree.yml	TIMEOUT	error	unknown	11.020527348s	11.035809925000649s	302219264B			shard2/fair-census-shard2.2026-07-15_17-15-49.results.genmc-fair-sc.unreach-call.xml.bz2
c/pthread-wmm/rfi002_tso.yml	true	correct	benchmark-consistent	5.255717313s	5.271363252017181s	26619904B			shard2/fair-census-shard2.2026-07-15_17-15-49.results.genmc-fair-sc.unreach-call.xml.bz2
c/pthread/queue_ok_longer.yml	true	correct	benchmark-consistent	0.11908422s	0.1307912560296245s	25899008B			shard2/fair-census-shard2.2026-07-15_17-15-49.results.genmc-fair-sc.unreach-call.xml.bz2
c/pthread/queue_longer.yml	false(unreach-call)	correct	benchmark-consistent	7.708535011s	7.72205079998821s	1041645568B			shard2/fair-census-shard2.2026-07-15_17-15-49.results.genmc-fair-sc.unreach-call.xml.bz2
c/pthread/queue.yml	false(unreach-call)	correct	benchmark-consistent	0.084396267s	0.1046976080397144s	25989120B			shard2/fair-census-shard2.2026-07-15_17-15-49.results.genmc-fair-sc.unreach-call.xml.bz2
c/pthread-wmm/mix006_tso.oepc.yml	TIMEOUT	error	unknown	10.992504034s	11.017940033983905s	26624000B			shard2/fair-census-shard2.2026-07-15_17-15-49.results.genmc-fair-sc.unreach-call.xml.bz2
c/pthread-wmm/mix023_tso.yml	TIMEOUT	error	unknown	10.970197362s	11.018927728990093s	26738688B			shard2/fair-census-shard2.2026-07-15_17-15-49.results.genmc-fair-sc.unreach-call.xml.bz2
c/pthread-lit/sssc12_variant.yml	true	correct	benchmark-consistent	0.070886353s	0.07997134595643729s	25911296B			shard2/fair-census-shard2.2026-07-15_17-15-49.results.genmc-fair-sc.unreach-call.xml.bz2
c/goblint-regression/28-race_reach_79-equ_racefree.yml	TIMEOUT	error	unknown	11.029454898s	11.104223867994733s	1496219648B			shard2/fair-census-shard2.2026-07-15_17-15-49.results.genmc-fair-sc.unreach-call.xml.bz2
c/goblint-regression/28-race_reach_82-list_racefree.yml	TIMEOUT	error	unknown	11.087482873s	11.102316299977247s	1397121024B			shard2/fair-census-shard2.2026-07-15_17-15-49.results.genmc-fair-sc.unreach-call.xml.bz2
c/goblint-regression/28-race_reach_91-arrayloop2_racefree.yml	true	correct	benchmark-consistent	3.581174355s	3.5983521650196053s	55898112B			shard2/fair-census-shard2.2026-07-15_17-15-49.results.genmc-fair-sc.unreach-call.xml.bz2
c/pthread-race-challenges/thread-local-value.yml	true	correct	benchmark-consistent	0.070467737s	0.08376928500365466s	25722880B			shard2/fair-census-shard2.2026-07-15_17-15-49.results.genmc-fair-sc.unreach-call.xml.bz2
c/pthread-race-challenges/thread-local-value-dynamic.yml	true	correct	benchmark-consistent	0.073331892s	0.08772810699883848s	25841664B			shard2/fair-census-shard2.2026-07-15_17-15-49.results.genmc-fair-sc.unreach-call.xml.bz2
c/goblint-regression/28-race_reach_93-evilcollapse_racefree.yml	true	correct	benchmark-consistent	1.634781543s	1.6464527340140194s	26034176B			shard2/fair-census-shard2.2026-07-15_17-15-49.results.genmc-fair-sc.unreach-call.xml.bz2
c/goblint-regression/28-race_reach_85-list2_racefree.yml	TIMEOUT	error	unknown	11.00735507s	11.022294594033156s	93118464B			shard2/fair-census-shard2.2026-07-15_17-15-49.results.genmc-fair-sc.unreach-call.xml.bz2
c/goblint-regression/13-privatized_04-priv_multi_true.yml	TIMEOUT	error	unknown	11.173310766s	11.224079981970135s	3374059520B			shard2/fair-census-shard2.2026-07-15_17-15-49.results.genmc-fair-sc.unreach-call.xml.bz2
c/pthread/bigshot_s2.yml	true	correct	benchmark-consistent	0.076111108s	0.08511366997845471s	25825280B			shard2/fair-census-shard2.2026-07-15_17-15-49.results.genmc-fair-sc.unreach-call.xml.bz2
c/pthread/singleton.yml	false(unreach-call)	correct	benchmark-consistent	0.073904824s	0.08503773098345846s	25931776B			shard2/fair-census-shard2.2026-07-15_17-15-49.results.genmc-fair-sc.unreach-call.xml.bz2
c/pthread-C-DAC/pthread-demo-datarace-1.yml	TIMEOUT	error	unknown	10.976857368s	11.013633939030115s	25821184B			shard2/fair-census-shard2.2026-07-15_17-15-49.results.genmc-fair-sc.unreach-call.xml.bz2
c/goblint-regression/13-privatized_67-pthread_cond_wait_unknown_1_pos.yml	ERROR (compilation)	error	unknown	0.068685772s	0.0837807219941169s	25710592B			shard2/fair-census-shard2.2026-07-15_17-15-49.results.genmc-fair-sc.unreach-call.xml.bz2
c/pthread-C-DAC/pthread-demo-datarace-3.yml	false(unreach-call)	correct	benchmark-consistent	0.096857634s	0.10859318805160001s	25837568B			shard2/fair-census-shard2.2026-07-15_17-15-49.results.genmc-fair-sc.unreach-call.xml.bz2
c/goblint-regression/28-race_reach_94-alloc_region_racing.yml	TIMEOUT	error	unknown	10.176155478s	10.213860212999862s	3999997952B			shard2/fair-census-shard2.2026-07-15_17-15-49.results.genmc-fair-sc.unreach-call.xml.bz2
c/pthread-C-DAC/pthread-finding-k-matches.yml	true	correct	benchmark-consistent	0.124653992s	0.13614620600128546s	25956352B			shard2/fair-census-shard2.2026-07-15_17-15-49.results.genmc-fair-sc.unreach-call.xml.bz2
c/pthread/twostage_3.yml	false(unreach-call)	correct	benchmark-consistent	0.08540103s	0.09523634397191927s	26112000B			shard2/fair-census-shard2.2026-07-15_17-15-49.results.genmc-fair-sc.unreach-call.xml.bz2
c/pthread-complex/bounded_buffer.yml	ERROR (compilation)	error	unknown	0.071492596s	0.08059463201789185s	25694208B			shard2/fair-census-shard2.2026-07-15_17-15-49.results.genmc-fair-sc.unreach-call.xml.bz2
c/pthread-complex/safestack_relacy.yml	TIMEOUT	error	unknown	10.995378866s	11.010567635006737s	26017792B			shard2/fair-census-shard2.2026-07-15_17-15-49.results.genmc-fair-sc.unreach-call.xml.bz2
c/ldv-races/race-1_2-join.yml	false(unreach-call)	correct	benchmark-consistent	0.07360433s	0.0861602519871667s	25956352B			shard2/fair-census-shard2.2026-07-15_17-15-49.results.genmc-fair-sc.unreach-call.xml.bz2
c/pthread-complex/workstealqueue_mutex-2.yml	ERROR (unsupported property: uninitialized memory)	error	unknown	0.097463406s	0.10790132102556527s	26329088B			shard2/fair-census-shard2.2026-07-15_17-15-49.results.genmc-fair-sc.unreach-call.xml.bz2
c/ldv-races/race-2_1-container_of.yml	true	correct	benchmark-consistent	0.075103143s	0.08378581097349524s	26013696B			shard2/fair-census-shard2.2026-07-15_17-15-49.results.genmc-fair-sc.unreach-call.xml.bz2
c/ldv-races/race-2_2-container_of.yml	true	wrong	conditional-input-miss	0.074572264s	0.08675655000843108s	26087424B			shard2/fair-census-shard2.2026-07-15_17-15-49.results.genmc-fair-sc.unreach-call.xml.bz2
c/ldv-races/race-2_5-container_of.yml	true	wrong	conditional-input-miss	0.073874085s	0.0864101069746539s	26120192B			shard2/fair-census-shard2.2026-07-15_17-15-49.results.genmc-fair-sc.unreach-call.xml.bz2
c/ldv-races/race-2_3-container_of.yml	true	wrong	conditional-input-miss	0.075719404s	0.08899155200924724s	26087424B			shard2/fair-census-shard2.2026-07-15_17-15-49.results.genmc-fair-sc.unreach-call.xml.bz2
c/libvsync/ticketlock.yml	TIMEOUT	error	unknown	11.216903099s	11.236892709042877s	3455737856B			shard2/fair-census-shard2.2026-07-15_17-15-49.results.genmc-fair-sc.unreach-call.xml.bz2
c/libvsync/mcslock.yml	ERROR (unsupported property: invalid memory access)	error	unknown	0.109659982s	0.12196936301188543s	26861568B			shard2/fair-census-shard2.2026-07-15_17-15-49.results.genmc-fair-sc.unreach-call.xml.bz2
c/libvsync/arraylock.yml	true	correct	benchmark-consistent	0.109891206s	0.12187263194937259s	26787840B			shard2/fair-census-shard2.2026-07-15_17-15-49.results.genmc-fair-sc.unreach-call.xml.bz2
c/libvsync/rwlock.yml	TIMEOUT	error	unknown	11.243375539s	11.262847231002524s	3845812224B			shard2/fair-census-shard2.2026-07-15_17-15-49.results.genmc-fair-sc.unreach-call.xml.bz2
c/libvsync/rec_mcslock.yml	ERROR (unsupported property: invalid memory access)	error	unknown	0.108706134s	0.11878622701624408s	26873856B			shard2/fair-census-shard2.2026-07-15_17-15-49.results.genmc-fair-sc.unreach-call.xml.bz2
c/libvsync/hmcslock.yml	ERROR (unsupported property: invalid memory access)	error	unknown	0.144724743s	0.15399028098909184s	27160576B			shard2/fair-census-shard2.2026-07-15_17-15-49.results.genmc-fair-sc.unreach-call.xml.bz2
c/pthread-driver-races/char_generic_nvram_read_nvram_nvram_unlocked_ioctl.yml	true	correct	benchmark-consistent	0.15838176s	0.16714793199207634s	29122560B			shard2/fair-census-shard2.2026-07-15_17-15-49.results.genmc-fair-sc.unreach-call.xml.bz2
c/pthread-driver-races/char_generic_nvram_read_nvram_write_nvram.yml	true	wrong	conditional-input-miss	0.182343167s	0.19365480198757723s	29184000B			shard2/fair-census-shard2.2026-07-15_17-15-49.results.genmc-fair-sc.unreach-call.xml.bz2
c/pthread-driver-races/char_pc8736x_gpio_pc8736x_gpio_open_pc8736x_gpio_change.yml	true	correct	benchmark-consistent	0.162915725s	0.17352847196161747s	29597696B			shard2/fair-census-shard2.2026-07-15_17-15-49.results.genmc-fair-sc.unreach-call.xml.bz2
c/pthread-driver-races/char_pc8736x_gpio_pc8736x_gpio_open_pc8736x_gpio_current.yml	true	correct	benchmark-consistent	0.172694619s	0.18375225400086492s	29605888B			shard2/fair-census-shard2.2026-07-15_17-15-49.results.genmc-fair-sc.unreach-call.xml.bz2
c/pthread-driver-races/char_pc8736x_gpio_pc8736x_gpio_change_pc8736x_gpio_get.yml	true	correct	benchmark-consistent	0.168561562s	0.17570592602714896s	29556736B			shard2/fair-census-shard2.2026-07-15_17-15-49.results.genmc-fair-sc.unreach-call.xml.bz2
c/pthread-driver-races/char_pc8736x_gpio_pc8736x_gpio_open_pc8736x_gpio_configure.yml	true	correct	benchmark-consistent	0.172205902s	0.19688349805073813s	29675520B			shard2/fair-census-shard2.2026-07-15_17-15-49.results.genmc-fair-sc.unreach-call.xml.bz2
c/pthread-driver-races/char_pc8736x_gpio_pc8736x_gpio_change_pc8736x_gpio_configure.yml	true	correct	benchmark-consistent	0.169411956s	0.17912898695794865s	29626368B			shard2/fair-census-shard2.2026-07-15_17-15-49.results.genmc-fair-sc.unreach-call.xml.bz2
c/pthread-driver-races/char_pc8736x_gpio_pc8736x_gpio_configure_pc8736x_gpio_get.yml	true	correct	benchmark-consistent	0.205993374s	0.22644246398704126s	29667328B			shard2/fair-census-shard2.2026-07-15_17-15-49.results.genmc-fair-sc.unreach-call.xml.bz2
c/pthread-driver-races/char_pc8736x_gpio_pc8736x_gpio_current_pc8736x_gpio_set.yml	true	wrong	conditional-input-miss	0.205618676s	0.21481769002275541s	29659136B			shard2/fair-census-shard2.2026-07-15_17-15-49.results.genmc-fair-sc.unreach-call.xml.bz2
c/ldv-linux-3.14-races/linux-3.14--drivers--net--irda--w83977af_ir.ko.cil.yml	ABORTED	error	unknown	7.59336475s	7.7203305489965715s	35577856B			shard2/fair-census-shard2.2026-07-15_17-15-49.results.genmc-fair-sc.unreach-call.xml.bz2
c/ldv-linux-3.14-races/linux-3.14--drivers--media--platform--marvell-ccic--cafe_ccic.ko.cil-1.yml	ERROR (compilation)	error	unknown	0.114962029s	0.12495955795748159s	27394048B			shard2/fair-census-shard2.2026-07-15_17-15-49.results.genmc-fair-sc.unreach-call.xml.bz2
