variant	model	repetition	task	status	category	cpu_s	wall_s	memory_bytes	executions	snapshot_bytes	base_bytes	lazy_checks	lazy_candidates
before	sc	r01	c/goblint-regression/13-privatized_66-mine-W-init_true.yml	true	correct	0.072890981	0.07786944496911019	25821184.0					
before	sc	r01	c/goblint-regression/36-apron_41-threadenter-no-locals_unknown_1_pos.yml	false(unreach-call)	correct	0.067528034	0.07209755608346313	25800704.0					
before	sc	r01	c/goblint-regression/36-apron_16-traces-unprot2_true.yml	true	correct	0.068882314	0.07423598307650536	25743360.0					
before	sc	r01	c/goblint-regression/13-privatized_57-singlethreaded-unlock_true.yml	true	correct	0.070241053	0.10989341500680894	25812992.0					
before	sc	r01	c/goblint-regression/13-privatized_47-refine-protected2_true.yml	true	correct	0.075616027	0.08022596000228077	25808896.0					
before	sc	r01	c/goblint-regression/13-privatized_46-refine-protected1_true.yml	true	correct	0.058598504	0.06454982701689005	25772032.0					
before	sc	r01	c/goblint-regression/36-apron_11-traces-max-simple_true.yml	true	correct	0.069176513	0.07597124099265784	25706496.0					
before	sc	r01	c/goblint-regression/13-privatized_41-traces-ex-7_unknown_1_pos.yml	false(unreach-call)	correct	0.0704363	0.07449987903237343	25817088.0					
before	sc	r01	c/goblint-regression/13-privatized_41-traces-ex-7_unknown_1_neg.yml	false(unreach-call)	correct	0.068762173	0.07752814097329974	25812992.0					
before	sc	r01	c/goblint-regression/13-privatized_40-traces-ex-6_true.yml	true	correct	0.067653112	0.07513081992510706	25833472.0					
before	sc	r01	c/goblint-regression/13-privatized_58-singlethreaded-lock_true.yml	true	correct	0.069202483	0.07629096996970475	25849856.0					
before	sc	r01	c/goblint-regression/13-privatized_44-traces-mine2_true.yml	true	correct	0.06715941	0.08506907499395311	25825280.0					
before	sc	r01	c/goblint-regression/13-privatized_18-first-reads_unknown_2_pos.yml	false(unreach-call)	correct	0.066685799	0.07362027105409652	25821184.0					
before	sc	r01	c/goblint-regression/13-privatized_18-first-reads_unknown_1_neg.yml	false(unreach-call)	correct	0.063090526	0.0655105859041214	25858048.0					
before	sc	r01	c/goblint-regression/13-privatized_36-traces-ex-3_true.yml	true	correct	0.067864984	0.07296752696856856	25763840.0					
before	sc	r01	c/goblint-regression/13-privatized_18-first-reads_true.yml	true	correct	0.066981292	0.0707746340194717	25874432.0					
before	sc	r01	c/goblint-regression/13-privatized_35-traces-ex-2_true.yml	true	correct	0.072447656	0.07640322099905461	25878528.0					
before	sc	r01	c/goblint-regression/13-privatized_37-traces-ex-4_true.yml	true	correct	0.068126632	0.07746843399945647	25747456.0					
before	sc	r01	c/goblint-regression/13-privatized_38-traces-ex-4-switch_true.yml	true	correct	0.066853722	0.0811966749606654	25874432.0					
before	sc	r01	c/goblint-regression/13-privatized_19-publish-precision_unknown_1_pos.yml	false(unreach-call)	correct	0.070413464	0.07550518203061074	25767936.0					
before	sc	r01	c/goblint-regression/13-privatized_19-publish-precision_unknown_2_pos.yml	false(unreach-call)	correct	0.068048239	0.07898601097986102	25821184.0					
before	sc	r01	c/goblint-regression/13-privatized_19-publish-precision_unknown_1_neg.yml	false(unreach-call)	correct	0.072482881	0.07631307898554951	25833472.0					
before	sc	r01	c/goblint-regression/13-privatized_19-publish-precision_unknown_2_neg.yml	false(unreach-call)	correct	0.063270633	0.06697050901129842	25853952.0					
before	sc	r01	c/goblint-regression/13-privatized_45-traces-per-global-and-current-lock-mine-incomparable_true.yml	true	correct	0.069075002	0.07531047007068992	25812992.0					
before	sc	r01	c/goblint-regression/13-privatized_01-priv_nr_true.yml	true	correct	0.067744747	0.0739609650336206	25817088.0					
before	sc	r01	c/goblint-regression/13-privatized_19-publish-precision_true.yml	true	correct	0.069769967	0.07927374192513525	25833472.0					
before	sc	r01	c/goblint-regression/13-privatized_42-traces-ex-mini_true.yml	true	correct	0.070518164	0.07303410104941577	25808896.0					
before	sc	r01	c/goblint-regression/13-privatized_33-traces-v-matters_true.yml	true	correct	0.072199393	0.10490187699906528	25845760.0					
before	sc	r01	c/goblint-regression/13-privatized_25-struct_nr_true.yml	true	correct	0.075265328	0.09530542197171599	25808896.0					
before	sc	r01	c/goblint-regression/13-privatized_69-refine-protected-loop-interval_true.yml	true	correct	0.07270239	0.09153970098122954	25804800.0					
before	sc	r01	c/goblint-regression/36-apron_17-traces-rpb-litmus_unknown_1_neg.yml	false(unreach-call)	correct	0.056939513	0.06285076902713627	25858048.0					
before	sc	r01	c/goblint-regression/13-privatized_31-traces-mine-vs-mutex_true.yml	true	correct	0.069002024	0.07443929696455598	25870336.0					
before	sc	r01	c/goblint-regression/13-privatized_20-publish-regression_true.yml	true	correct	0.073495821	0.08091561403125525	25874432.0					
before	sc	r01	c/goblint-regression/13-privatized_30-traces-oplus-vs-meet_true.yml	true	correct	0.076557597	0.08232183498330414	25849856.0					
before	sc	r01	c/goblint-regression/13-privatized_32-traces-mine-vs-oplus-vs-meet_true.yml	true	correct	0.071070088	0.07741139305289835	25829376.0					
before	sc	r01	c/goblint-regression/13-privatized_34-traces-minepp-L-needs-to-be-um_true.yml	true	correct	0.071723514	0.07847006397787482	25821184.0					
before	sc	r01	c/goblint-regression/13-privatized_68-pfscan_protected_loop_minimal_interval_true.yml	true	correct	0.072252258	0.08698768599424511	25886720.0					
before	sc	r01	c/goblint-regression/13-privatized_29-multiple-protecting2-vesal_true.yml	true	correct	0.071504534	0.08524512709118426	25858048.0					
before	sc	r01	c/goblint-regression/13-privatized_24-multiple-protecting_true.yml	true	correct	0.063976432	0.07240831002127379	25882624.0					
before	sc	r01	c/goblint-regression/36-apron_21-traces-cluster-based_true.yml	true	correct	0.075926142	0.09420053299982101	25890816.0					
before	sc	r01	c/goblint-regression/36-apron_22-traces-write-centered-vs-meet-mutex_true_no-overflow.yml	true	correct	0.068174825	0.07531142595689744	25870336.0					
before	sc	r01	c/goblint-regression/13-privatized_27-multiple-protecting2_true.yml	true	correct	0.077586883	0.08278589800465852	25903104.0					
before	sc	r01	c/pthread-ext/14_spin2003.yml	true	correct	0.065820576	0.07334048009943217	25829376.0					
before	sc	r01	c/pthread-ext/29_conditionals_vs.yml	true	correct	0.067292721	0.0751593979075551	25767936.0					
before	sc	r01	c/pthread-ext/48_ticket_lock_low_contention_vs-pthread.yml	true	correct	0.071988219	0.07478954503312707	25853952.0					
before	sc	r01	c/pthread-ext/46_monabsex2_vs.yml	true	correct	0.065698387	0.07251415902283043	25858048.0					
before	sc	r01	c/pthread-ext/45_monabsex1_vs.yml	true	correct	0.059820667	0.06622414500452578	25853952.0					
before	sc	r01	c/pthread/stateful01-1.yml	false(unreach-call)	correct	0.072809458	0.08257148100528866	25866240.0					
before	sc	r01	c/pthread/stateful01-2.yml	true	correct	0.070535962	0.07378865405917168	25837568.0					
before	sc	r01	c/pthread-atomic/time_var_mutex.yml	true	correct	0.076788254	0.08419387298636138	25948160.0					
before	sc	r01	c/pthread-ext/01b_inc.yml	true	correct	0.069589399	0.07782104995567352	25894912.0					
before	sc	r01	c/pthread/triangular-1.yml	true	correct	6.56046429	6.594604698009789	25952256.0					
before	sc	r01	c/pthread/triangular-2.yml	false(unreach-call)	correct	1.56027856	1.5662914250278845	25931776.0					
before	sc	r01	c/pthread-ext/02_inc_cas.yml	true	correct	0.068984787	0.07267849810887128	25874432.0					
before	sc	r01	c/goblint-regression/28-race_reach_21-deref_read_racing.yml	false(unreach-call)	correct	3.972912373	4.001564056030475	56373248.0					
before	sc	r01	c/pthread-ext/48_ticket_lock_low_contention_vs.yml	true	correct	0.070359999	0.07907068799249828	25837568.0					
before	sc	r01	c/goblint-regression/28-race_reach_37-indirect_racing.yml	false(unreach-call)	correct	13.29178992	13.33173610898666	2061103104.0					
before	sc	r01	c/goblint-regression/28-race_reach_45-escape_racing.yml	false(unreach-call)	correct	0.068882076	0.0726648549316451	25829376.0					
before	sc	r01	c/goblint-regression/28-race_reach_46-escape_racefree.yml	true	correct	0.064581396	0.07067289599217474	25841664.0					
before	sc	r01	c/goblint-regression/28-race_reach_01-simple_racing.yml	false(unreach-call)	correct	13.20266299	13.314480976900086	2061008896.0					
before	sc	r01	c/goblint-regression/28-race_reach_11-ptr_racing.yml	false(unreach-call)	correct	13.185863366	13.239659557002597	2061017088.0					
before	sc	r01	c/pthread-deagle/circular_buffer_bad.yml	false(unreach-call)	correct	0.076637675	0.09938830009195954	25915392.0					
before	sc	r01	c/pthread/fib_safe-5.yml	true	correct	3.965241748	4.028322149068117	25882624.0					
before	sc	r01	c/pthread/fib_safe-6.yml	true	correct	19.443168335	20.480086231022142	25903104.0					
before	sc	r01	c/pthread/fib_unsafe-5.yml	false(unreach-call)	correct	1.062572017	1.077854138915427	25841664.0					
before	sc	r01	c/pthread/fib_unsafe-6.yml	false(unreach-call)	correct	5.429300472	5.441770973033272	25825280.0					
before	sc	r01	c/pthread/fib_unsafe-7.yml	false(unreach-call)	correct	26.093373239	26.150371556985192	25923584.0					
before	sc	r01	c/goblint-regression/28-race_reach_24-sound_lock_racing.yml	false(unreach-call)	correct	12.725485738	12.778310100082308	2060939264.0					
before	sc	r01	c/pthread/lazy01.yml	false(unreach-call)	correct	0.06786643	0.08136824297253042	25976832.0					
before	sc	r01	c/pthread-deagle/circular_buffer_ok.yml	true	correct	3.173803649	3.187682527001016	25956352.0					
before	sc	r01	c/pthread-atomic/szymanski.yml	true	correct	0.075526698	0.07935938204172999	25821184.0					
before	sc	r01	c/pthread-atomic/dekker.yml	true	correct	0.072792799	0.07579297502525151	25821184.0					
before	sc	r01	c/pthread-atomic/dekker-unfair.yml	true	correct	0.066855744	0.07279226405080408	25919488.0					
before	sc	r01	c/pthread-theta/unwind3-1.yml	false(unreach-call)	correct	0.065323419	0.06909242202527821	25825280.0					
before	sc	r01	c/pthread-theta/exponential-nondet.yml	true	correct	0.065101992	0.07068286591675133	25866240.0					
before	sc	r01	c/pthread-theta/unwind2-1.yml	false(unreach-call)	correct	0.070256069	0.07232337910681963	25976832.0					
before	sc	r01	c/pthread-theta/unwind2-100.yml	false(unreach-call)	correct	0.069445278	0.07689877797383815	25948160.0					
before	sc	r01	c/pthread/butterfly.yml	true	correct	14.113355938	14.245184813975357	26038272.0					
before	sc	r01	c/pthread-ext/43_NetBSD_sysmon_power_sliced.yml	true	correct	0.062348009	0.07328224810771644	25747456.0					
before	sc	r01	c/goblint-regression/28-race_reach_06-cond_racing1.yml	false(unreach-call)	correct	12.225079892	12.33434565202333	2060955648.0					
before	sc	r01	c/pthread/queue_ok.yml	true	correct	0.072046528	0.08349914196878672	25976832.0					
before	sc	r01	c/pthread/queue_ok_longer.yml	true	correct	0.460685139	0.4676737419795245	79396864.0					
before	sc	r01	c/pthread/queue_ok_longest.yml	true	correct	1.616652934	1.6298801250522956	276967424.0					
before	sc	r01	c/pthread/queue_longer.yml	TIMEOUT	error	61.005383643	61.076285943971016	1078132736.0					
before	sc	r01	c/pthread/queue.yml	false(unreach-call)	correct	0.087020181	0.09400049201212823	25985024.0					
before	sc	r01	c/pthread/singleton.yml	false(unreach-call)	correct	0.075044124	0.08173249696847051	26017792.0					
before	sc	r01	c/pthread/singleton_with-uninit-problems.yml	true	correct	0.073162264	0.07913564692717046	26112000.0					
before	sc	r01	c/pthread-C-DAC/pthread-demo-datarace-3.yml	false(unreach-call)	correct	0.123218907	0.1325909160077572	25825280.0					
before	sc	r01	c/pthread/reorder_2.yml	false(unreach-call)	correct	0.145695872	0.15396642696578056	26030080.0					
before	sc	r01	c/pthread/twostage_3.yml	false(unreach-call)	correct	0.079678708	0.08664091001264751	26218496.0					
before	sc	r01	c/ldv-races/race-1_1-join.yml	true	correct	0.068165769	0.07206929102540016	26075136.0					
before	sc	r01	c/ldv-races/race-1_3-join.yml	false(unreach-call)	correct	0.071236143	0.07601789094042033	26091520.0					
before	sc	r01	c/ldv-races/race-1_2-join.yml	false(unreach-call)	correct	0.069266423	0.07508946093730628	26091520.0					
before	sc	r01	c/ldv-races/race-4_1-thread_local_vars.yml	true	correct	0.070787256	0.07803843391593546	26107904.0					
before	sc	r01	c/ldv-races/race-2_1-container_of.yml	true	correct	0.068877548	0.07628404092974961	26161152.0					
before	sc	r01	c/ldv-races/race-3_1-container_of-global.yml	true	correct	0.073654159	0.07737961108796299	26083328.0					
before	sc	r02	c/goblint-regression/13-privatized_66-mine-W-init_true.yml	true	correct	0.070905776	0.07239755894988775	25694208.0					
before	sc	r02	c/goblint-regression/36-apron_41-threadenter-no-locals_unknown_1_pos.yml	false(unreach-call)	correct	0.07328058	0.07968097692355514	25731072.0					
before	sc	r02	c/goblint-regression/36-apron_16-traces-unprot2_true.yml	true	correct	0.066827273	0.07208190695382655	25825280.0					
before	sc	r02	c/goblint-regression/13-privatized_57-singlethreaded-unlock_true.yml	true	correct	0.069823885	0.07495794701389968	25739264.0					
before	sc	r02	c/goblint-regression/13-privatized_47-refine-protected2_true.yml	true	correct	0.068253652	0.07378668210003525	25821184.0					
before	sc	r02	c/goblint-regression/13-privatized_46-refine-protected1_true.yml	true	correct	0.070131585	0.07402156898751855	25821184.0					
before	sc	r02	c/goblint-regression/36-apron_11-traces-max-simple_true.yml	true	correct	0.069145261	0.07498006999958307	25767936.0					
before	sc	r02	c/goblint-regression/13-privatized_41-traces-ex-7_unknown_1_pos.yml	false(unreach-call)	correct	0.069789604	0.07791806990280747	25804800.0					
before	sc	r02	c/goblint-regression/13-privatized_41-traces-ex-7_unknown_1_neg.yml	false(unreach-call)	correct	0.0708333	0.07763517391867936	25780224.0					
before	sc	r02	c/goblint-regression/13-privatized_40-traces-ex-6_true.yml	true	correct	0.070509438	0.07795949303545058	25812992.0					
before	sc	r02	c/goblint-regression/13-privatized_58-singlethreaded-lock_true.yml	true	correct	0.070142311	0.07768952008336782	25739264.0					
before	sc	r02	c/goblint-regression/13-privatized_44-traces-mine2_true.yml	true	correct	0.071917208	0.0776332370005548	25841664.0					
before	sc	r02	c/goblint-regression/13-privatized_18-first-reads_unknown_2_pos.yml	false(unreach-call)	correct	0.07213366	0.07992737402673811	25833472.0					
before	sc	r02	c/goblint-regression/13-privatized_18-first-reads_unknown_1_neg.yml	false(unreach-call)	correct	0.073920498	0.07979459501802921	25825280.0					
before	sc	r02	c/goblint-regression/13-privatized_36-traces-ex-3_true.yml	true	correct	0.065870456	0.07079531904309988	25784320.0					
before	sc	r02	c/goblint-regression/13-privatized_18-first-reads_true.yml	true	correct	0.067323411	0.07264515093993396	25837568.0					
before	sc	r02	c/goblint-regression/13-privatized_35-traces-ex-2_true.yml	true	correct	0.077657027	0.08203377400059253	25800704.0					
before	sc	r02	c/goblint-regression/13-privatized_37-traces-ex-4_true.yml	true	correct	0.073640144	0.08235085697378963	25784320.0					
before	sc	r02	c/goblint-regression/13-privatized_38-traces-ex-4-switch_true.yml	true	correct	0.068404888	0.07278708799276501	25858048.0					
before	sc	r02	c/goblint-regression/13-privatized_19-publish-precision_unknown_1_pos.yml	false(unreach-call)	correct	0.069943419	0.07171140401624143	25886720.0					
before	sc	r02	c/goblint-regression/13-privatized_19-publish-precision_unknown_2_pos.yml	false(unreach-call)	correct	0.071403605	0.08189388492610306	25812992.0					
before	sc	r02	c/goblint-regression/13-privatized_19-publish-precision_unknown_1_neg.yml	false(unreach-call)	correct	0.071938955	0.07728796498849988	25882624.0					
before	sc	r02	c/goblint-regression/13-privatized_19-publish-precision_unknown_2_neg.yml	false(unreach-call)	correct	0.072394464	0.07660827890504152	25759744.0					
before	sc	r02	c/goblint-regression/13-privatized_45-traces-per-global-and-current-lock-mine-incomparable_true.yml	true	correct	0.070908311	0.07393903296906501	25829376.0					
before	sc	r02	c/goblint-regression/13-privatized_01-priv_nr_true.yml	true	correct	0.073766355	0.08117599203251302	25903104.0					
before	sc	r02	c/goblint-regression/13-privatized_19-publish-precision_true.yml	true	correct	0.080456416	0.09205300197936594	25755648.0					
before	sc	r02	c/goblint-regression/13-privatized_42-traces-ex-mini_true.yml	true	correct	0.071119824	0.07843678095377982	25796608.0					
before	sc	r02	c/goblint-regression/13-privatized_33-traces-v-matters_true.yml	true	correct	0.067826409	0.07951594598125666	25837568.0					
before	sc	r02	c/goblint-regression/13-privatized_25-struct_nr_true.yml	true	correct	0.071639565	0.0832987519679591	25899008.0					
before	sc	r02	c/goblint-regression/13-privatized_69-refine-protected-loop-interval_true.yml	true	correct	0.073758422	0.0915431099710986	25808896.0					
before	sc	r02	c/goblint-regression/36-apron_17-traces-rpb-litmus_unknown_1_neg.yml	false(unreach-call)	correct	0.070073989	0.0770705979084596	25858048.0					
before	sc	r02	c/goblint-regression/13-privatized_31-traces-mine-vs-mutex_true.yml	true	correct	0.071120681	0.08047557494137436	25837568.0					
before	sc	r02	c/goblint-regression/13-privatized_20-publish-regression_true.yml	true	correct	0.069840104	0.07704381400253624	25845760.0					
before	sc	r02	c/goblint-regression/13-privatized_30-traces-oplus-vs-meet_true.yml	true	correct	0.072935732	0.08085523289628327	25833472.0					
before	sc	r02	c/goblint-regression/13-privatized_32-traces-mine-vs-oplus-vs-meet_true.yml	true	correct	0.069079202	0.0798688679933548	25837568.0					
before	sc	r02	c/goblint-regression/13-privatized_34-traces-minepp-L-needs-to-be-um_true.yml	true	correct	0.069768569	0.07674348098225892	25772032.0					
before	sc	r02	c/goblint-regression/13-privatized_68-pfscan_protected_loop_minimal_interval_true.yml	true	correct	0.071799043	0.07619658601470292	25853952.0					
before	sc	r02	c/goblint-regression/13-privatized_29-multiple-protecting2-vesal_true.yml	true	correct	0.075849676	0.08072332595475018	25866240.0					
before	sc	r02	c/goblint-regression/13-privatized_24-multiple-protecting_true.yml	true	correct	0.073874958	0.07937932398635894	25915392.0					
before	sc	r02	c/goblint-regression/36-apron_21-traces-cluster-based_true.yml	true	correct	0.069935505	0.07556677202228457	25911296.0					
before	sc	r02	c/goblint-regression/36-apron_22-traces-write-centered-vs-meet-mutex_true_no-overflow.yml	true	correct	0.072922227	0.07947392098139971	25825280.0					
before	sc	r02	c/goblint-regression/13-privatized_27-multiple-protecting2_true.yml	true	correct	0.079790889	0.08564766892232001	25858048.0					
before	sc	r02	c/pthread-ext/14_spin2003.yml	true	correct	0.068324096	0.07675136800389737	25747456.0					
before	sc	r02	c/pthread-ext/29_conditionals_vs.yml	true	correct	0.067362801	0.0768806328997016	25796608.0					
before	sc	r02	c/pthread-ext/48_ticket_lock_low_contention_vs-pthread.yml	true	correct	0.068279655	0.07355981401633471	25837568.0					
before	sc	r02	c/pthread-ext/46_monabsex2_vs.yml	true	correct	0.068280794	0.07672019104938954	25780224.0					
before	sc	r02	c/pthread-ext/45_monabsex1_vs.yml	true	correct	0.069162932	0.07411090796813369	25792512.0					
before	sc	r02	c/pthread/stateful01-1.yml	false(unreach-call)	correct	0.076390481	0.08188510802574456	25882624.0					
before	sc	r02	c/pthread/stateful01-2.yml	true	correct	0.069923709	0.07844342803582549	25837568.0					
before	sc	r02	c/pthread-atomic/time_var_mutex.yml	true	correct	0.07141798	0.07444711006246507	25874432.0					
before	sc	r02	c/pthread-ext/01b_inc.yml	true	correct	0.067515345	0.073000926990062	25841664.0					
before	sc	r02	c/pthread/triangular-1.yml	true	correct	6.65919268	6.687634145957418	25890816.0					
before	sc	r02	c/pthread/triangular-2.yml	false(unreach-call)	correct	1.574585725	1.5833724139956757	25915392.0					
before	sc	r02	c/pthread-ext/02_inc_cas.yml	true	correct	0.07071614	0.07595843402668834	25817088.0					
before	sc	r02	c/goblint-regression/28-race_reach_21-deref_read_racing.yml	false(unreach-call)	correct	4.136686272	4.151713551022112	56328192.0					
before	sc	r02	c/pthread-ext/48_ticket_lock_low_contention_vs.yml	true	correct	0.069669324	0.07226791302673519	25825280.0					
before	sc	r02	c/goblint-regression/28-race_reach_37-indirect_racing.yml	false(unreach-call)	correct	13.281312095	13.308334301924333	2061099008.0					
before	sc	r02	c/goblint-regression/28-race_reach_45-escape_racing.yml	false(unreach-call)	correct	0.069791772	0.07657494302839041	25878528.0					
before	sc	r02	c/goblint-regression/28-race_reach_46-escape_racefree.yml	true	correct	0.066429348	0.0777634569676593	25890816.0					
before	sc	r02	c/goblint-regression/28-race_reach_01-simple_racing.yml	false(unreach-call)	correct	13.191602839	13.223237704951316	2060992512.0					
before	sc	r02	c/goblint-regression/28-race_reach_11-ptr_racing.yml	false(unreach-call)	correct	13.116865258	13.156566781923175	2061053952.0					
before	sc	r02	c/pthread-deagle/circular_buffer_bad.yml	false(unreach-call)	correct	0.0785326	0.08065543905831873	25985024.0					
before	sc	r02	c/pthread/fib_safe-5.yml	true	correct	3.968599182	4.028332439949736	25862144.0					
before	sc	r02	c/pthread/fib_safe-6.yml	true	correct	19.384313415	19.424271408002824	25833472.0					
before	sc	r02	c/pthread/fib_unsafe-5.yml	false(unreach-call)	correct	1.041919724	1.0594990039244294	25923584.0					
before	sc	r02	c/pthread/fib_unsafe-6.yml	false(unreach-call)	correct	5.471125908	5.552025969023816	25825280.0					
before	sc	r02	c/pthread/fib_unsafe-7.yml	false(unreach-call)	correct	26.347456042	26.447696917923167	25821184.0					
before	sc	r02	c/goblint-regression/28-race_reach_24-sound_lock_racing.yml	false(unreach-call)	correct	12.692858191	12.762792991939932	2061062144.0					
before	sc	r02	c/pthread/lazy01.yml	false(unreach-call)	correct	0.071662618	0.07749587402213365	25948160.0					
before	sc	r02	c/pthread-deagle/circular_buffer_ok.yml	true	correct	3.199989837	3.2398271550191566	26046464.0					
before	sc	r02	c/pthread-atomic/szymanski.yml	true	correct	0.071111662	0.07796873291954398	25821184.0					
before	sc	r02	c/pthread-atomic/dekker.yml	true	correct	0.067145745	0.0724935739999637	25825280.0					
before	sc	r02	c/pthread-atomic/dekker-unfair.yml	true	correct	0.066704255	0.07362023100722581	25923584.0					
before	sc	r02	c/pthread-theta/unwind3-1.yml	false(unreach-call)	correct	0.065769579	0.07321795995812863	25841664.0					
before	sc	r02	c/pthread-theta/exponential-nondet.yml	true	correct	0.069942356	0.07449429808184505	25829376.0					
before	sc	r02	c/pthread-theta/unwind2-1.yml	false(unreach-call)	correct	0.069263167	0.08740626194048673	25968640.0					
before	sc	r02	c/pthread-theta/unwind2-100.yml	false(unreach-call)	correct	0.068389177	0.0758674549870193	25956352.0					
before	sc	r02	c/pthread/butterfly.yml	true	correct	14.166663428	14.342471334966831	25968640.0					
before	sc	r02	c/pthread-ext/43_NetBSD_sysmon_power_sliced.yml	true	correct	0.068215428	0.07562203798443079	25845760.0					
before	sc	r02	c/goblint-regression/28-race_reach_06-cond_racing1.yml	false(unreach-call)	correct	12.259849942	12.286203996976838	2061094912.0					
before	sc	r02	c/pthread/queue_ok.yml	true	correct	0.073546634	0.07966266095172614	26075136.0					
before	sc	r02	c/pthread/queue_ok_longer.yml	true	correct	0.459183056	0.46780038194265217	79388672.0					
before	sc	r02	c/pthread/queue_ok_longest.yml	true	correct	1.610056504	1.619902886915952	276971520.0					
before	sc	r02	c/pthread/queue_longer.yml	TIMEOUT	error	61.034322699	61.076063371961936	1071972352.0					
before	sc	r02	c/pthread/queue.yml	false(unreach-call)	correct	0.093211423	0.09921752905938774	26034176.0					
before	sc	r02	c/pthread/singleton.yml	false(unreach-call)	correct	0.07510248	0.09181180701125413	26013696.0					
before	sc	r02	c/pthread/singleton_with-uninit-problems.yml	true	correct	0.072328213	0.0830133359413594	26087424.0					
before	sc	r02	c/pthread-C-DAC/pthread-demo-datarace-3.yml	false(unreach-call)	correct	0.127401767	0.14705821697134525	25899008.0					
before	sc	r02	c/pthread/reorder_2.yml	false(unreach-call)	correct	0.149706663	0.1587449200451374	25927680.0					
before	sc	r02	c/pthread/twostage_3.yml	false(unreach-call)	correct	0.084361998	0.09059973002877086	26083328.0					
before	sc	r02	c/ldv-races/race-1_1-join.yml	true	correct	0.073293017	0.07735392602626234	26087424.0					
before	sc	r02	c/ldv-races/race-1_3-join.yml	false(unreach-call)	correct	0.075047676	0.08130982797592878	26099712.0					
before	sc	r02	c/ldv-races/race-1_2-join.yml	false(unreach-call)	correct	0.069670411	0.07717469695489854	26136576.0					
before	sc	r02	c/ldv-races/race-4_1-thread_local_vars.yml	true	correct	0.068981419	0.07461686595343053	26157056.0					
before	sc	r02	c/ldv-races/race-2_1-container_of.yml	true	correct	0.06892716	0.09558888804167509	26132480.0					
before	sc	r02	c/ldv-races/race-3_1-container_of-global.yml	true	correct	0.070397799	0.07666618598159403	26091520.0					
before	sc	r03	c/goblint-regression/13-privatized_66-mine-W-init_true.yml	true	correct	0.071104827	0.07774416101165116	25690112.0					
before	sc	r03	c/goblint-regression/36-apron_41-threadenter-no-locals_unknown_1_pos.yml	false(unreach-call)	correct	0.072376646	0.07762221805751324	25776128.0					
before	sc	r03	c/goblint-regression/36-apron_16-traces-unprot2_true.yml	true	correct	0.07267061	0.07642817695159465	25714688.0					
before	sc	r03	c/goblint-regression/13-privatized_57-singlethreaded-unlock_true.yml	true	correct	0.068289919	0.08704979694448411	25812992.0					
before	sc	r03	c/goblint-regression/13-privatized_47-refine-protected2_true.yml	true	correct	0.069536418	0.07251751096919179	25784320.0					
before	sc	r03	c/goblint-regression/13-privatized_46-refine-protected1_true.yml	true	correct	0.069647631	0.07564080995507538	25800704.0					
before	sc	r03	c/goblint-regression/36-apron_11-traces-max-simple_true.yml	true	correct	0.070858518	0.07695356104522943	25837568.0					
before	sc	r03	c/goblint-regression/13-privatized_41-traces-ex-7_unknown_1_pos.yml	false(unreach-call)	correct	0.069113148	0.07546641305088997	25772032.0					
before	sc	r03	c/goblint-regression/13-privatized_41-traces-ex-7_unknown_1_neg.yml	false(unreach-call)	correct	0.06998983	0.07523329497780651	25784320.0					
before	sc	r03	c/goblint-regression/13-privatized_40-traces-ex-6_true.yml	true	correct	0.071635213	0.07979886303655803	25751552.0					
before	sc	r03	c/goblint-regression/13-privatized_58-singlethreaded-lock_true.yml	true	correct	0.067900024	0.07353962701745331	25825280.0					
before	sc	r03	c/goblint-regression/13-privatized_44-traces-mine2_true.yml	true	correct	0.071265939	0.07862538902554661	25812992.0					
before	sc	r03	c/goblint-regression/13-privatized_18-first-reads_unknown_2_pos.yml	false(unreach-call)	correct	0.069082498	0.07442232605535537	25829376.0					
before	sc	r03	c/goblint-regression/13-privatized_18-first-reads_unknown_1_neg.yml	false(unreach-call)	correct	0.071341024	0.07484287896659225	25837568.0					
before	sc	r03	c/goblint-regression/13-privatized_36-traces-ex-3_true.yml	true	correct	0.074602011	0.08316821698099375	25780224.0					
before	sc	r03	c/goblint-regression/13-privatized_18-first-reads_true.yml	true	correct	0.071187974	0.07446509203873575	25858048.0					
before	sc	r03	c/goblint-regression/13-privatized_35-traces-ex-2_true.yml	true	correct	0.071673756	0.07883240398950875	25833472.0					
before	sc	r03	c/goblint-regression/13-privatized_37-traces-ex-4_true.yml	true	correct	0.071586769	0.07636806392110884	25841664.0					
before	sc	r03	c/goblint-regression/13-privatized_38-traces-ex-4-switch_true.yml	true	correct	0.070918188	0.07621336402371526	25853952.0					
before	sc	r03	c/goblint-regression/13-privatized_19-publish-precision_unknown_1_pos.yml	false(unreach-call)	correct	0.076559881	0.07916337403003126	25796608.0					
before	sc	r03	c/goblint-regression/13-privatized_19-publish-precision_unknown_2_pos.yml	false(unreach-call)	correct	0.077101459	0.08108673291280866	25812992.0					
before	sc	r03	c/goblint-regression/13-privatized_19-publish-precision_unknown_1_neg.yml	false(unreach-call)	correct	0.072534527	0.07951907499227673	25833472.0					
before	sc	r03	c/goblint-regression/13-privatized_19-publish-precision_unknown_2_neg.yml	false(unreach-call)	correct	0.070729908	0.07483728101942688	25890816.0					
before	sc	r03	c/goblint-regression/13-privatized_45-traces-per-global-and-current-lock-mine-incomparable_true.yml	true	correct	0.064863239	0.07006719592027366	25849856.0					
before	sc	r03	c/goblint-regression/13-privatized_01-priv_nr_true.yml	true	correct	0.07208922	0.07810477400198579	25858048.0					
before	sc	r03	c/goblint-regression/13-privatized_19-publish-precision_true.yml	true	correct	0.072932961	0.08251030603423715	25763840.0					
before	sc	r03	c/goblint-regression/13-privatized_42-traces-ex-mini_true.yml	true	correct	0.072303592	0.08204307896085083	25817088.0					
before	sc	r03	c/goblint-regression/13-privatized_33-traces-v-matters_true.yml	true	correct	0.072242698	0.08254280395340174	25833472.0					
before	sc	r03	c/goblint-regression/13-privatized_25-struct_nr_true.yml	true	correct	0.070429553	0.0747135499259457	25886720.0					
before	sc	r03	c/goblint-regression/13-privatized_69-refine-protected-loop-interval_true.yml	true	correct	0.077063986	0.07881792809348553	25919488.0					
before	sc	r03	c/goblint-regression/36-apron_17-traces-rpb-litmus_unknown_1_neg.yml	false(unreach-call)	correct	0.068995256	0.07512249296996742	25763840.0					
before	sc	r03	c/goblint-regression/13-privatized_31-traces-mine-vs-mutex_true.yml	true	correct	0.072931003	0.07868459704332054	25792512.0					
before	sc	r03	c/goblint-regression/13-privatized_20-publish-regression_true.yml	true	correct	0.068682384	0.07552645797841251	25862144.0					
before	sc	r03	c/goblint-regression/13-privatized_30-traces-oplus-vs-meet_true.yml	true	correct	0.068783372	0.0740947729209438	25792512.0					
before	sc	r03	c/goblint-regression/13-privatized_32-traces-mine-vs-oplus-vs-meet_true.yml	true	correct	0.076443068	0.0828582919202745	25829376.0					
before	sc	r03	c/goblint-regression/13-privatized_34-traces-minepp-L-needs-to-be-um_true.yml	true	correct	0.074543622	0.08179306297097355	25800704.0					
before	sc	r03	c/goblint-regression/13-privatized_68-pfscan_protected_loop_minimal_interval_true.yml	true	correct	0.072816865	0.0749369099503383	25845760.0					
before	sc	r03	c/goblint-regression/13-privatized_29-multiple-protecting2-vesal_true.yml	true	correct	0.067600172	0.07251470594201237	25894912.0					
before	sc	r03	c/goblint-regression/13-privatized_24-multiple-protecting_true.yml	true	correct	0.073177629	0.07876985997427255	25841664.0					
before	sc	r03	c/goblint-regression/36-apron_21-traces-cluster-based_true.yml	true	correct	0.072385197	0.07850786997005343	25903104.0					
before	sc	r03	c/goblint-regression/36-apron_22-traces-write-centered-vs-meet-mutex_true_no-overflow.yml	true	correct	0.076683135	0.08092314598616213	25862144.0					
before	sc	r03	c/goblint-regression/13-privatized_27-multiple-protecting2_true.yml	true	correct	0.080215013	0.08615924301557243	25956352.0					
before	sc	r03	c/pthread-ext/14_spin2003.yml	true	correct	0.064613906	0.07212230190634727	25743360.0					
before	sc	r03	c/pthread-ext/29_conditionals_vs.yml	true	correct	0.070653012	0.07525970600545406	25726976.0					
before	sc	r03	c/pthread-ext/48_ticket_lock_low_contention_vs-pthread.yml	true	correct	0.070987611	0.08204031805507839	25763840.0					
before	sc	r03	c/pthread-ext/46_monabsex2_vs.yml	true	correct	0.070727042	0.0731306099332869	25821184.0					
before	sc	r03	c/pthread-ext/45_monabsex1_vs.yml	true	correct	0.07106158	0.07379890501033515	25800704.0					
before	sc	r03	c/pthread/stateful01-1.yml	false(unreach-call)	correct	0.074894443	0.07856580300722271	25894912.0					
before	sc	r03	c/pthread/stateful01-2.yml	true	correct	0.07292344	0.07853507297113538	25952256.0					
before	sc	r03	c/pthread-atomic/time_var_mutex.yml	true	correct	0.076089371	0.08088289306033403	25878528.0					
before	sc	r03	c/pthread-ext/01b_inc.yml	true	correct	0.080518726	0.08452615595888346	25837568.0					
before	sc	r03	c/pthread/triangular-1.yml	true	correct	6.641286275	6.668795121018775	25866240.0					
before	sc	r03	c/pthread/triangular-2.yml	false(unreach-call)	correct	1.561833634	1.5723909940570593	25886720.0					
before	sc	r03	c/pthread-ext/02_inc_cas.yml	true	correct	0.066299277	0.07306085794698447	25825280.0					
before	sc	r03	c/goblint-regression/28-race_reach_21-deref_read_racing.yml	false(unreach-call)	correct	4.15143506	4.177560048992746	56246272.0					
before	sc	r03	c/pthread-ext/48_ticket_lock_low_contention_vs.yml	true	correct	0.071265242	0.0760451239766553	25825280.0					
before	sc	r03	c/goblint-regression/28-race_reach_37-indirect_racing.yml	false(unreach-call)	correct	13.275417343	13.324449321022257	2061094912.0					
before	sc	r03	c/goblint-regression/28-race_reach_45-escape_racing.yml	false(unreach-call)	correct	0.067452216	0.08494000998325646	25927680.0					
before	sc	r03	c/goblint-regression/28-race_reach_46-escape_racefree.yml	true	correct	0.074384413	0.07747922500129789	25923584.0					
before	sc	r03	c/goblint-regression/28-race_reach_01-simple_racing.yml	false(unreach-call)	correct	13.182980758	13.245746979955584	2061045760.0					
before	sc	r03	c/goblint-regression/28-race_reach_11-ptr_racing.yml	false(unreach-call)	correct	13.265465582	13.412951039965264	2060931072.0					
before	sc	r03	c/pthread-deagle/circular_buffer_bad.yml	false(unreach-call)	correct	0.073589614	0.0844845580868423	25927680.0					
before	sc	r03	c/pthread/fib_safe-5.yml	true	correct	3.906034984	3.936642672982998	25821184.0					
before	sc	r03	c/pthread/fib_safe-6.yml	true	correct	19.508533806	19.732387388008647	25837568.0					
before	sc	r03	c/pthread/fib_unsafe-5.yml	false(unreach-call)	correct	1.06360443	1.0787127239163965	25907200.0					
before	sc	r03	c/pthread/fib_unsafe-6.yml	false(unreach-call)	correct	5.429087449	5.454460330074653	25821184.0					
before	sc	r03	c/pthread/fib_unsafe-7.yml	false(unreach-call)	correct	26.373982412	26.531386948074214	25911296.0					
before	sc	r03	c/goblint-regression/28-race_reach_24-sound_lock_racing.yml	false(unreach-call)	correct	12.730489658	12.792592465993948	2061037568.0					
before	sc	r03	c/pthread/lazy01.yml	false(unreach-call)	correct	0.071139006	0.07662357098888606	25870336.0					
before	sc	r03	c/pthread-deagle/circular_buffer_ok.yml	true	correct	3.16908113	3.178489183075726	25956352.0					
before	sc	r03	c/pthread-atomic/szymanski.yml	true	correct	0.073276564	0.08028559491503984	25829376.0					
before	sc	r03	c/pthread-atomic/dekker.yml	true	correct	0.067696077	0.07486841501668096	25874432.0					
before	sc	r03	c/pthread-atomic/dekker-unfair.yml	true	correct	0.068563966	0.07515499799046665	25829376.0					
before	sc	r03	c/pthread-theta/unwind3-1.yml	false(unreach-call)	correct	0.069195329	0.07699230895377696	25952256.0					
before	sc	r03	c/pthread-theta/exponential-nondet.yml	true	correct	0.068530367	0.07548962894361466	25964544.0					
before	sc	r03	c/pthread-theta/unwind2-1.yml	false(unreach-call)	correct	0.073110212	0.07816583302337676	25960448.0					
before	sc	r03	c/pthread-theta/unwind2-100.yml	false(unreach-call)	correct	0.070933061	0.07789582794066519	25960448.0					
before	sc	r03	c/pthread/butterfly.yml	true	correct	14.114793257	14.129562275018543	25956352.0					
before	sc	r03	c/pthread-ext/43_NetBSD_sysmon_power_sliced.yml	true	correct	0.06555268	0.07301570102572441	25759744.0					
before	sc	r03	c/goblint-regression/28-race_reach_06-cond_racing1.yml	false(unreach-call)	correct	12.308781491	12.328201250988059	2061041664.0					
before	sc	r03	c/pthread/queue_ok.yml	true	correct	0.071134399	0.07716589991468936	26034176.0					
before	sc	r03	c/pthread/queue_ok_longer.yml	true	correct	0.462838765	0.4673233439680189	79376384.0					
before	sc	r03	c/pthread/queue_ok_longest.yml	true	correct	1.627286632	1.657254331978038	276914176.0					
before	sc	r03	c/pthread/queue_longer.yml	TIMEOUT	error	61.00659284	61.07801164302509	1068740608.0					
before	sc	r03	c/pthread/queue.yml	false(unreach-call)	correct	0.09751733	0.10072887106798589	26030080.0					
before	sc	r03	c/pthread/singleton.yml	false(unreach-call)	correct	0.075031309	0.08200212300289422	26099712.0					
before	sc	r03	c/pthread/singleton_with-uninit-problems.yml	true	correct	0.074703273	0.08258639101404697	26079232.0					
before	sc	r03	c/pthread-C-DAC/pthread-demo-datarace-3.yml	false(unreach-call)	correct	0.130459194	0.13769181398674846	25825280.0					
before	sc	r03	c/pthread/reorder_2.yml	false(unreach-call)	correct	0.1444192	0.15112069493625313	25968640.0					
before	sc	r03	c/pthread/twostage_3.yml	false(unreach-call)	correct	0.082960398	0.08839656400959939	26148864.0					
before	sc	r03	c/ldv-races/race-1_1-join.yml	true	correct	0.073084319	0.07955957902595401	26091520.0					
before	sc	r03	c/ldv-races/race-1_3-join.yml	false(unreach-call)	correct	0.071363851	0.07837500993628055	26079232.0					
before	sc	r03	c/ldv-races/race-1_2-join.yml	false(unreach-call)	correct	0.073738108	0.07776075508445501	26083328.0					
before	sc	r03	c/ldv-races/race-4_1-thread_local_vars.yml	true	correct	0.070187115	0.0773814789718017	26173440.0					
before	sc	r03	c/ldv-races/race-2_1-container_of.yml	true	correct	0.070378311	0.0768814500188455	26189824.0					
before	sc	r03	c/ldv-races/race-3_1-container_of-global.yml	true	correct	0.07457439	0.07775664201471955	26087424.0					
before	sc	r04	c/goblint-regression/13-privatized_66-mine-W-init_true.yml	true	correct	0.072939	0.07656164502259344	25698304.0					
before	sc	r04	c/goblint-regression/36-apron_41-threadenter-no-locals_unknown_1_pos.yml	false(unreach-call)	correct	0.060254641	0.07144913205411285	25747456.0					
before	sc	r04	c/goblint-regression/36-apron_16-traces-unprot2_true.yml	true	correct	0.073620613	0.07682565099094063	25772032.0					
before	sc	r04	c/goblint-regression/13-privatized_57-singlethreaded-unlock_true.yml	true	correct	0.072776475	0.07576465792953968	25767936.0					
before	sc	r04	c/goblint-regression/13-privatized_47-refine-protected2_true.yml	true	correct	0.067794416	0.07331069104839116	25788416.0					
before	sc	r04	c/goblint-regression/13-privatized_46-refine-protected1_true.yml	true	correct	0.065178482	0.07007893489208072	25825280.0					
before	sc	r04	c/goblint-regression/36-apron_11-traces-max-simple_true.yml	true	correct	0.07171524	0.07376927405130118	25759744.0					
before	sc	r04	c/goblint-regression/13-privatized_41-traces-ex-7_unknown_1_pos.yml	false(unreach-call)	correct	0.067181555	0.07078707905020565	25776128.0					
before	sc	r04	c/goblint-regression/13-privatized_41-traces-ex-7_unknown_1_neg.yml	false(unreach-call)	correct	0.069795577	0.07827745203394443	25821184.0					
before	sc	r04	c/goblint-regression/13-privatized_40-traces-ex-6_true.yml	true	correct	0.068370397	0.07333942200057209	25780224.0					
before	sc	r04	c/goblint-regression/13-privatized_58-singlethreaded-lock_true.yml	true	correct	0.05867351	0.06380962405819446	25792512.0					
before	sc	r04	c/goblint-regression/13-privatized_44-traces-mine2_true.yml	true	correct	0.07021473	0.07470145204570144	25751552.0					
before	sc	r04	c/goblint-regression/13-privatized_18-first-reads_unknown_2_pos.yml	false(unreach-call)	correct	0.074840391	0.07713468302972615	25837568.0					
before	sc	r04	c/goblint-regression/13-privatized_18-first-reads_unknown_1_neg.yml	false(unreach-call)	correct	0.070481117	0.07631555199623108	25874432.0					
before	sc	r04	c/goblint-regression/13-privatized_36-traces-ex-3_true.yml	true	correct	0.070636782	0.07217361498624086	25739264.0					
before	sc	r04	c/goblint-regression/13-privatized_18-first-reads_true.yml	true	correct	0.07247908	0.07619044510647655	25759744.0					
before	sc	r04	c/goblint-regression/13-privatized_35-traces-ex-2_true.yml	true	correct	0.069950779	0.07862225000280887	25776128.0					
before	sc	r04	c/goblint-regression/13-privatized_37-traces-ex-4_true.yml	true	correct	0.059957116	0.06588911602739245	25817088.0					
before	sc	r04	c/goblint-regression/13-privatized_38-traces-ex-4-switch_true.yml	true	correct	0.06529517	0.07179737195838243	25788416.0					
before	sc	r04	c/goblint-regression/13-privatized_19-publish-precision_unknown_1_pos.yml	false(unreach-call)	correct	0.070594321	0.07738430192694068	25866240.0					
before	sc	r04	c/goblint-regression/13-privatized_19-publish-precision_unknown_2_pos.yml	false(unreach-call)	correct	0.072432321	0.0784802190028131	25886720.0					
before	sc	r04	c/goblint-regression/13-privatized_19-publish-precision_unknown_1_neg.yml	false(unreach-call)	correct	0.069729255	0.07840238593053073	25751552.0					
before	sc	r04	c/goblint-regression/13-privatized_19-publish-precision_unknown_2_neg.yml	false(unreach-call)	correct	0.072191661	0.07507288595661521	25862144.0					
before	sc	r04	c/goblint-regression/13-privatized_45-traces-per-global-and-current-lock-mine-incomparable_true.yml	true	correct	0.066374527	0.07047870010137558	25772032.0					
before	sc	r04	c/goblint-regression/13-privatized_01-priv_nr_true.yml	true	correct	0.061665722	0.07302651298232377	25825280.0					
before	sc	r04	c/goblint-regression/13-privatized_19-publish-precision_true.yml	true	correct	0.068665836	0.07740158902015537	25903104.0					
before	sc	r04	c/goblint-regression/13-privatized_42-traces-ex-mini_true.yml	true	correct	0.070621432	0.07745591795537621	25866240.0					
before	sc	r04	c/goblint-regression/13-privatized_33-traces-v-matters_true.yml	true	correct	0.069108541	0.0745314359664917	25776128.0					
before	sc	r04	c/goblint-regression/13-privatized_25-struct_nr_true.yml	true	correct	0.07160334	0.07547252799849957	25849856.0					
before	sc	r04	c/goblint-regression/13-privatized_69-refine-protected-loop-interval_true.yml	true	correct	0.071998305	0.07619446399621665	25886720.0					
before	sc	r04	c/goblint-regression/36-apron_17-traces-rpb-litmus_unknown_1_neg.yml	false(unreach-call)	correct	0.069036549	0.07666442496702075	25804800.0					
before	sc	r04	c/goblint-regression/13-privatized_31-traces-mine-vs-mutex_true.yml	true	correct	0.067696673	0.07431346189696342	25780224.0					
before	sc	r04	c/goblint-regression/13-privatized_20-publish-regression_true.yml	true	correct	0.071626041	0.0783131760545075	25845760.0					
before	sc	r04	c/goblint-regression/13-privatized_30-traces-oplus-vs-meet_true.yml	true	correct	0.070722147	0.0786156130488962	25845760.0					
before	sc	r04	c/goblint-regression/13-privatized_32-traces-mine-vs-oplus-vs-meet_true.yml	true	correct	0.062367228	0.06983563699759543	25845760.0					
before	sc	r04	c/goblint-regression/13-privatized_34-traces-minepp-L-needs-to-be-um_true.yml	true	correct	0.07183581	0.07895398302935064	25792512.0					
before	sc	r04	c/goblint-regression/13-privatized_68-pfscan_protected_loop_minimal_interval_true.yml	true	correct	0.073461052	0.07798591896425933	25894912.0					
before	sc	r04	c/goblint-regression/13-privatized_29-multiple-protecting2-vesal_true.yml	true	correct	0.072572266	0.07631173403933644	25825280.0					
before	sc	r04	c/goblint-regression/13-privatized_24-multiple-protecting_true.yml	true	correct	0.074134061	0.07975875097326934	25923584.0					
before	sc	r04	c/goblint-regression/36-apron_21-traces-cluster-based_true.yml	true	correct	0.073559451	0.07884188194293529	25862144.0					
before	sc	r04	c/goblint-regression/36-apron_22-traces-write-centered-vs-meet-mutex_true_no-overflow.yml	true	correct	0.075817731	0.08151245792396367	25829376.0					
before	sc	r04	c/goblint-regression/13-privatized_27-multiple-protecting2_true.yml	true	correct	0.068632899	0.07409172505140305	25927680.0					
before	sc	r04	c/pthread-ext/14_spin2003.yml	true	correct	0.066534702	0.07350190402939916	25739264.0					
before	sc	r04	c/pthread-ext/29_conditionals_vs.yml	true	correct	0.067101924	0.0761199879925698	25767936.0					
before	sc	r04	c/pthread-ext/48_ticket_lock_low_contention_vs-pthread.yml	true	correct	0.0728355	0.07458620704710484	25796608.0					
before	sc	r04	c/pthread-ext/46_monabsex2_vs.yml	true	correct	0.069409715	0.07616138306912035	25808896.0					
before	sc	r04	c/pthread-ext/45_monabsex1_vs.yml	true	correct	0.070318306	0.07529451290611178	25759744.0					
before	sc	r04	c/pthread/stateful01-1.yml	false(unreach-call)	correct	0.074606917	0.07735383801627904	25849856.0					
before	sc	r04	c/pthread/stateful01-2.yml	true	correct	0.063860809	0.06803010206203908	25878528.0					
before	sc	r04	c/pthread-atomic/time_var_mutex.yml	true	correct	0.074445216	0.07970651390496641	25989120.0					
before	sc	r04	c/pthread-ext/01b_inc.yml	true	correct	0.07241565	0.07577869901433587	25776128.0					
before	sc	r04	c/pthread/triangular-1.yml	true	correct	6.615702062	6.62749244493898	25923584.0					
before	sc	r04	c/pthread/triangular-2.yml	false(unreach-call)	correct	1.56881497	1.5757170550059527	25907200.0					
before	sc	r04	c/pthread-ext/02_inc_cas.yml	true	correct	0.072023168	0.07668085605837405	25817088.0					
before	sc	r04	c/goblint-regression/28-race_reach_21-deref_read_racing.yml	false(unreach-call)	correct	4.074911992	4.095984893036075	56578048.0					
before	sc	r04	c/pthread-ext/48_ticket_lock_low_contention_vs.yml	true	correct	0.070432982	0.07498139108065516	25886720.0					
before	sc	r04	c/goblint-regression/28-race_reach_37-indirect_racing.yml	false(unreach-call)	correct	12.976273144	13.007565106032416	2060996608.0					
before	sc	r04	c/goblint-regression/28-race_reach_45-escape_racing.yml	false(unreach-call)	correct	0.067746411	0.07342289795633405	25886720.0					
before	sc	r04	c/goblint-regression/28-race_reach_46-escape_racefree.yml	true	correct	0.069575108	0.07544660801067948	25903104.0					
before	sc	r04	c/goblint-regression/28-race_reach_01-simple_racing.yml	false(unreach-call)	correct	13.135084184	13.169330992968753	2061062144.0					
before	sc	r04	c/goblint-regression/28-race_reach_11-ptr_racing.yml	false(unreach-call)	correct	13.126763699	13.169276883010752	2061012992.0					
before	sc	r04	c/pthread-deagle/circular_buffer_bad.yml	false(unreach-call)	correct	0.072888683	0.07788708689622581	25980928.0					
before	sc	r04	c/pthread/fib_safe-5.yml	true	correct	3.887507655	3.919619028107263	25845760.0					
before	sc	r04	c/pthread/fib_safe-6.yml	true	correct	19.474096497	19.743117659003474	25829376.0					
before	sc	r04	c/pthread/fib_unsafe-5.yml	false(unreach-call)	correct	1.049226019	1.0648176409304142	25858048.0					
before	sc	r04	c/pthread/fib_unsafe-6.yml	false(unreach-call)	correct	5.492915693	5.543428585981019	25804800.0					
before	sc	r04	c/pthread/fib_unsafe-7.yml	false(unreach-call)	correct	26.144178715	26.22454203700181	25911296.0					
before	sc	r04	c/goblint-regression/28-race_reach_24-sound_lock_racing.yml	false(unreach-call)	correct	12.649034832	12.693530111922882	2061062144.0					
before	sc	r04	c/pthread/lazy01.yml	false(unreach-call)	correct	0.069706847	0.07251025002915412	25927680.0					
before	sc	r04	c/pthread-deagle/circular_buffer_ok.yml	true	correct	3.165948743	3.17776705394499	25964544.0					
before	sc	r04	c/pthread-atomic/szymanski.yml	true	correct	0.068456898	0.08172376698348671	25899008.0					
before	sc	r04	c/pthread-atomic/dekker.yml	true	correct	0.066904159	0.07249933399725705	25923584.0					
before	sc	r04	c/pthread-atomic/dekker-unfair.yml	true	correct	0.070640518	0.07542564708273858	25829376.0					
before	sc	r04	c/pthread-theta/unwind3-1.yml	false(unreach-call)	correct	0.067803143	0.0760180780198425	25907200.0					
before	sc	r04	c/pthread-theta/exponential-nondet.yml	true	correct	0.066624632	0.07367603702004999	25956352.0					
before	sc	r04	c/pthread-theta/unwind2-1.yml	false(unreach-call)	correct	0.06977094	0.07561038399580866	25985024.0					
before	sc	r04	c/pthread-theta/unwind2-100.yml	false(unreach-call)	correct	0.067007654	0.07470237906090915	25956352.0					
before	sc	r04	c/pthread/butterfly.yml	true	correct	14.108626326	14.130607343045995	25939968.0					
before	sc	r04	c/pthread-ext/43_NetBSD_sysmon_power_sliced.yml	true	correct	0.064514857	0.07069000892806798	25821184.0					
before	sc	r04	c/goblint-regression/28-race_reach_06-cond_racing1.yml	false(unreach-call)	correct	12.324718665	12.349680125946179	2061066240.0					
before	sc	r04	c/pthread/queue_ok.yml	true	correct	0.075820143	0.08318715600762516	26009600.0					
before	sc	r04	c/pthread/queue_ok_longer.yml	true	correct	0.459567848	0.4705229440005496	79360000.0					
before	sc	r04	c/pthread/queue_ok_longest.yml	true	correct	1.61235475	1.6218263859627768	276848640.0					
before	sc	r04	c/pthread/queue_longer.yml	TIMEOUT	error	61.031130093	61.0780588950729	1071869952.0					
before	sc	r04	c/pthread/queue.yml	false(unreach-call)	correct	0.088813136	0.09660113707650453	25972736.0					
before	sc	r04	c/pthread/singleton.yml	false(unreach-call)	correct	0.07332754	0.0798096579965204	26087424.0					
before	sc	r04	c/pthread/singleton_with-uninit-problems.yml	true	correct	0.071840702	0.07902424701023847	26075136.0					
before	sc	r04	c/pthread-C-DAC/pthread-demo-datarace-3.yml	false(unreach-call)	correct	0.126539694	0.13371499895583838	25845760.0					
before	sc	r04	c/pthread/reorder_2.yml	false(unreach-call)	correct	0.151451379	0.15716200100723654	25956352.0					
before	sc	r04	c/pthread/twostage_3.yml	false(unreach-call)	correct	0.081194449	0.08722415193915367	26112000.0					
before	sc	r04	c/ldv-races/race-1_1-join.yml	true	correct	0.068571665	0.07641733903437853	26021888.0					
before	sc	r04	c/ldv-races/race-1_3-join.yml	false(unreach-call)	correct	0.066680882	0.07266821898519993	26079232.0					
before	sc	r04	c/ldv-races/race-1_2-join.yml	false(unreach-call)	correct	0.071709568	0.07435148605145514	26083328.0					
before	sc	r04	c/ldv-races/race-4_1-thread_local_vars.yml	true	correct	0.068823904	0.08900346700102091	26202112.0					
before	sc	r04	c/ldv-races/race-2_1-container_of.yml	true	correct	0.067455137	0.07527362206019461	26099712.0					
before	sc	r04	c/ldv-races/race-3_1-container_of-global.yml	true	correct	0.068538099	0.07559267396572977	26112000.0					
before	tso	r01	c/goblint-regression/13-privatized_66-mine-W-init_true.yml	true	correct	0.067699738	0.0792229730868712	25960448.0					
before	tso	r01	c/goblint-regression/36-apron_41-threadenter-no-locals_unknown_1_pos.yml	false(unreach-call)	correct	0.070965454	0.1261255609570071	25956352.0					
before	tso	r01	c/goblint-regression/36-apron_16-traces-unprot2_true.yml	true	correct	0.078842893	0.09022961789742112	25923584.0					
before	tso	r01	c/goblint-regression/13-privatized_57-singlethreaded-unlock_true.yml	true	correct	0.073361428	0.10031834791880101	25935872.0					
before	tso	r01	c/goblint-regression/13-privatized_47-refine-protected2_true.yml	true	correct	0.070490457	0.07287505699787289	25944064.0					
before	tso	r01	c/goblint-regression/13-privatized_46-refine-protected1_true.yml	true	correct	0.067540167	0.07122381101362407	26001408.0					
before	tso	r01	c/goblint-regression/36-apron_11-traces-max-simple_true.yml	true	correct	0.068674391	0.07376269099768251	25968640.0					
before	tso	r01	c/goblint-regression/13-privatized_41-traces-ex-7_unknown_1_pos.yml	false(unreach-call)	correct	0.0672404	0.0719863660633564	26025984.0					
before	tso	r01	c/goblint-regression/13-privatized_41-traces-ex-7_unknown_1_neg.yml	false(unreach-call)	correct	0.072048149	0.07811855000909418	25944064.0					
before	tso	r01	c/goblint-regression/13-privatized_40-traces-ex-6_true.yml	true	correct	0.068074191	0.07437868893612176	25972736.0					
before	tso	r01	c/goblint-regression/13-privatized_58-singlethreaded-lock_true.yml	true	correct	0.070957145	0.07520883902907372	25997312.0					
before	tso	r01	c/goblint-regression/13-privatized_44-traces-mine2_true.yml	true	correct	0.074026681	0.07677441497799009	26050560.0					
before	tso	r01	c/goblint-regression/13-privatized_18-first-reads_unknown_2_pos.yml	false(unreach-call)	correct	0.072803276	0.08745101594831795	26058752.0					
before	tso	r01	c/goblint-regression/13-privatized_18-first-reads_unknown_1_neg.yml	false(unreach-call)	correct	0.073261823	0.07770164904650301	25980928.0					
before	tso	r01	c/goblint-regression/13-privatized_36-traces-ex-3_true.yml	true	correct	0.073033897	0.07601456495467573	26009600.0					
before	tso	r01	c/goblint-regression/13-privatized_18-first-reads_true.yml	true	correct	0.06914347	0.07114687201101333	25952256.0					
before	tso	r01	c/goblint-regression/13-privatized_35-traces-ex-2_true.yml	true	correct	0.072395457	0.07756005006376654	26021888.0					
before	tso	r01	c/goblint-regression/13-privatized_37-traces-ex-4_true.yml	true	correct	0.067954928	0.08124890900216997	25948160.0					
before	tso	r01	c/goblint-regression/13-privatized_38-traces-ex-4-switch_true.yml	true	correct	0.069557837	0.07785396999679506	25956352.0					
before	tso	r01	c/goblint-regression/13-privatized_19-publish-precision_unknown_1_pos.yml	false(unreach-call)	correct	0.069782695	0.08148223103489727	26062848.0					
before	tso	r01	c/goblint-regression/13-privatized_19-publish-precision_unknown_2_pos.yml	false(unreach-call)	correct	0.072738447	0.07765747501980513	26042368.0					
before	tso	r01	c/goblint-regression/13-privatized_19-publish-precision_unknown_1_neg.yml	false(unreach-call)	correct	0.068168425	0.07370792503934354	26075136.0					
before	tso	r01	c/goblint-regression/13-privatized_19-publish-precision_unknown_2_neg.yml	false(unreach-call)	correct	0.072304148	0.0744305020198226	26030080.0					
before	tso	r01	c/goblint-regression/13-privatized_45-traces-per-global-and-current-lock-mine-incomparable_true.yml	true	correct	0.072334065	0.07533336407504976	25980928.0					
before	tso	r01	c/goblint-regression/13-privatized_01-priv_nr_true.yml	true	correct	0.069328208	0.07562338397838175	26046464.0					
before	tso	r01	c/goblint-regression/13-privatized_19-publish-precision_true.yml	true	correct	0.076709102	0.08272646204568446	26046464.0					
before	tso	r01	c/goblint-regression/13-privatized_42-traces-ex-mini_true.yml	true	correct	0.074815078	0.07928955100942403	25944064.0					
before	tso	r01	c/goblint-regression/13-privatized_33-traces-v-matters_true.yml	true	correct	0.074420287	0.10373689304105937	25919488.0					
before	tso	r01	c/goblint-regression/13-privatized_25-struct_nr_true.yml	true	correct	0.071445519	0.07899812201503664	26079232.0					
before	tso	r01	c/goblint-regression/13-privatized_69-refine-protected-loop-interval_true.yml	true	correct	0.068520745	0.07430646196007729	26136576.0					
before	tso	r01	c/goblint-regression/36-apron_17-traces-rpb-litmus_unknown_1_neg.yml	false(unreach-call)	correct	0.070260963	0.07348883501254022	25976832.0					
before	tso	r01	c/goblint-regression/13-privatized_31-traces-mine-vs-mutex_true.yml	true	correct	0.066934282	0.07454285200219601	25997312.0					
before	tso	r01	c/goblint-regression/13-privatized_20-publish-regression_true.yml	true	correct	0.065574464	0.07910722098313272	26038272.0					
before	tso	r01	c/goblint-regression/13-privatized_30-traces-oplus-vs-meet_true.yml	true	correct	0.067340251	0.07395316008478403	25956352.0					
before	tso	r01	c/goblint-regression/13-privatized_32-traces-mine-vs-oplus-vs-meet_true.yml	true	correct	0.071279704	0.07840731204487383	26083328.0					
before	tso	r01	c/goblint-regression/13-privatized_34-traces-minepp-L-needs-to-be-um_true.yml	true	correct	0.073344585	0.07961061201058328	26021888.0					
before	tso	r01	c/goblint-regression/13-privatized_68-pfscan_protected_loop_minimal_interval_true.yml	true	correct	0.06883673	0.07613738696090877	26042368.0					
before	tso	r01	c/goblint-regression/13-privatized_29-multiple-protecting2-vesal_true.yml	true	correct	0.078530244	0.08342221903149039	26025984.0					
before	tso	r01	c/goblint-regression/13-privatized_24-multiple-protecting_true.yml	true	correct	0.0750844	0.07949560007546097	26087424.0					
before	tso	r01	c/goblint-regression/36-apron_21-traces-cluster-based_true.yml	true	correct	0.072173343	0.07704401609953493	26087424.0					
before	tso	r01	c/goblint-regression/36-apron_22-traces-write-centered-vs-meet-mutex_true_no-overflow.yml	true	correct	0.072621845	0.07756855199113488	26062848.0					
before	tso	r01	c/goblint-regression/13-privatized_27-multiple-protecting2_true.yml	true	correct	0.085176364	0.09210769203491509	26079232.0					
before	tso	r01	c/pthread-ext/14_spin2003.yml	true	correct	0.071371077	0.07860260002780706	25956352.0					
before	tso	r01	c/pthread-ext/29_conditionals_vs.yml	true	correct	0.07202423	0.07843035808764398	25939968.0					
before	tso	r01	c/pthread-ext/48_ticket_lock_low_contention_vs-pthread.yml	true	correct	0.073384835	0.08027504000347108	25944064.0					
before	tso	r01	c/pthread-ext/46_monabsex2_vs.yml	true	correct	0.068153891	0.07612582005094737	25919488.0					
before	tso	r01	c/pthread-ext/45_monabsex1_vs.yml	true	correct	0.07283097	0.07575283199548721	26005504.0					
before	tso	r01	c/pthread/stateful01-1.yml	false(unreach-call)	correct	0.070391561	0.07875629200134426	26132480.0					
before	tso	r01	c/pthread/stateful01-2.yml	true	correct	0.072391427	0.07983176596462727	26017792.0					
before	tso	r01	c/pthread-atomic/time_var_mutex.yml	true	correct	0.072243376	0.07857149094343185	26083328.0					
before	tso	r01	c/pthread-ext/01b_inc.yml	true	correct	0.068484797	0.07555333303753287	25939968.0					
before	tso	r01	c/pthread/triangular-1.yml	true	correct	8.613338469	8.659825884969905	26083328.0					
before	tso	r01	c/pthread/triangular-2.yml	false(unreach-call)	correct	2.012638689	2.023326974012889	26087424.0					
before	tso	r01	c/pthread-ext/02_inc_cas.yml	true	correct	0.068790078	0.07575421908404678	26038272.0					
before	tso	r01	c/goblint-regression/28-race_reach_21-deref_read_racing.yml	false(unreach-call)	correct	4.010510013	4.03685970697552	56356864.0					
before	tso	r01	c/pthread-ext/48_ticket_lock_low_contention_vs.yml	true	correct	0.073368667	0.08517237799242139	26079232.0					
before	tso	r01	c/goblint-regression/28-race_reach_37-indirect_racing.yml	TIMEOUT	error	61.031401832	61.06195192190353	1057124352.0					
before	tso	r01	c/goblint-regression/28-race_reach_45-escape_racing.yml	false(unreach-call)	correct	0.069137901	0.09419346204958856	26103808.0					
before	tso	r01	c/goblint-regression/28-race_reach_46-escape_racefree.yml	true	correct	0.067870903	0.08943726297002286	26017792.0					
before	tso	r01	c/goblint-regression/28-race_reach_01-simple_racing.yml	TIMEOUT	error	60.979762774	61.058326908038	1057169408.0					
before	tso	r01	c/goblint-regression/28-race_reach_11-ptr_racing.yml	TIMEOUT	error	61.005467902	61.06696982297581	1057132544.0					
before	tso	r01	c/pthread-deagle/circular_buffer_bad.yml	false(unreach-call)	correct	0.073508166	0.0806887560756877	26185728.0					
before	tso	r01	c/pthread/fib_safe-5.yml	true	correct	7.052128539	7.088014779030345	26091520.0					
before	tso	r01	c/pthread/fib_safe-6.yml	true	correct	35.281046801	35.324518767069094	25952256.0					
before	tso	r01	c/pthread/fib_unsafe-5.yml	false(unreach-call)	correct	1.980116463	1.9947224360657856	26005504.0					
before	tso	r01	c/pthread/fib_unsafe-6.yml	false(unreach-call)	correct	10.383378157	10.419005132978782	26087424.0					
before	tso	r01	c/pthread/fib_unsafe-7.yml	false(unreach-call)	correct	50.707914784	50.74914778699167	26099712.0					
before	tso	r01	c/goblint-regression/28-race_reach_24-sound_lock_racing.yml	TIMEOUT	error	61.023261341	61.056831917958334	1057112064.0					
before	tso	r01	c/pthread/lazy01.yml	false(unreach-call)	correct	0.067522614	0.07416022103279829	26083328.0					
before	tso	r01	c/pthread-deagle/circular_buffer_ok.yml	true	correct	4.557105615	4.567951919976622	26087424.0					
before	tso	r01	c/pthread-atomic/szymanski.yml	true	correct	0.074120957	0.07836291589774191	26120192.0					
before	tso	r01	c/pthread-atomic/dekker.yml	true	correct	0.06993722	0.07639736705459654	26021888.0					
before	tso	r01	c/pthread-atomic/dekker-unfair.yml	true	correct	0.070551849	0.0751547230174765	26091520.0					
before	tso	r01	c/pthread-theta/unwind3-1.yml	false(unreach-call)	correct	0.066741527	0.07132682297378778	26087424.0					
before	tso	r01	c/pthread-theta/exponential-nondet.yml	true	correct	0.06405625	0.06875767500605434	26034176.0					
before	tso	r01	c/pthread-theta/unwind2-1.yml	false(unreach-call)	correct	0.067166884	0.07581201998982579	26087424.0					
before	tso	r01	c/pthread-theta/unwind2-100.yml	false(unreach-call)	correct	0.067818865	0.0716893810313195	26095616.0					
before	tso	r01	c/pthread/butterfly.yml	true	correct	19.480084806	19.497819307958707	26222592.0					
before	tso	r01	c/pthread-ext/43_NetBSD_sysmon_power_sliced.yml	true	correct	0.065920313	0.08855014794971794	25997312.0					
before	tso	r01	c/goblint-regression/28-race_reach_06-cond_racing1.yml	TIMEOUT	error	60.977631065	61.056582785909995	1057210368.0					
before	tso	r01	c/pthread/queue_ok.yml	true	correct	0.075958336	0.0802367520518601	26169344.0					
before	tso	r01	c/pthread/queue_ok_longer.yml	true	correct	1.136828141	1.1446130749536678	55451648.0					
before	tso	r01	c/pthread/queue_ok_longest.yml	true	correct	5.078434643	5.084438345045783	241373184.0					
before	tso	r01	c/pthread/queue_longer.yml	TIMEOUT	error	61.012775856	61.045679458999075	558501888.0					
before	tso	r01	c/pthread/queue.yml	false(unreach-call)	correct	0.095996293	0.10381362505722791	26193920.0					
before	tso	r01	c/pthread/singleton.yml	false(unreach-call)	correct	0.06699205	0.07392563903704286	26157056.0					
before	tso	r01	c/pthread/singleton_with-uninit-problems.yml	true	correct	0.065888143	0.07325732207391411	26165248.0					
before	tso	r01	c/pthread-C-DAC/pthread-demo-datarace-3.yml	false(unreach-call)	correct	0.143919834	0.15113974292762578	26054656.0					
before	tso	r01	c/pthread/reorder_2.yml	false(unreach-call)	correct	0.155675303	0.16346834204159677	26161152.0					
before	tso	r01	c/pthread/twostage_3.yml	false(unreach-call)	correct	0.076532529	0.08467833895701915	26337280.0					
before	tso	r01	c/ldv-races/race-1_1-join.yml	true	correct	0.065519598	0.07139042508788407	26279936.0					
before	tso	r01	c/ldv-races/race-1_3-join.yml	false(unreach-call)	correct	0.071137	0.0762931740609929	26214400.0					
before	tso	r01	c/ldv-races/race-1_2-join.yml	false(unreach-call)	correct	0.066832907	0.07366837305016816	26279936.0					
before	tso	r01	c/ldv-races/race-4_1-thread_local_vars.yml	true	correct	0.069449703	0.07436981401406229	26292224.0					
before	tso	r01	c/ldv-races/race-2_1-container_of.yml	true	correct	0.064240333	0.07152647606562823	26284032.0					
before	tso	r01	c/ldv-races/race-3_1-container_of-global.yml	true	correct	0.068660152	0.07578739093150944	26353664.0					
before	tso	r02	c/goblint-regression/13-privatized_66-mine-W-init_true.yml	true	correct	0.081052879	0.08395634696353227	25882624.0					
before	tso	r02	c/goblint-regression/36-apron_41-threadenter-no-locals_unknown_1_pos.yml	false(unreach-call)	correct	0.066351437	0.07002410804852843	25960448.0					
before	tso	r02	c/goblint-regression/36-apron_16-traces-unprot2_true.yml	true	correct	0.07440244	0.08045636897441	25919488.0					
before	tso	r02	c/goblint-regression/13-privatized_57-singlethreaded-unlock_true.yml	true	correct	0.070728339	0.0746287670917809	25956352.0					
before	tso	r02	c/goblint-regression/13-privatized_47-refine-protected2_true.yml	true	correct	0.067288903	0.07866732601542026	26005504.0					
before	tso	r02	c/goblint-regression/13-privatized_46-refine-protected1_true.yml	true	correct	0.058252	0.06438962602987885	26021888.0					
before	tso	r02	c/goblint-regression/36-apron_11-traces-max-simple_true.yml	true	correct	0.069823796	0.07842447399161756	25993216.0					
before	tso	r02	c/goblint-regression/13-privatized_41-traces-ex-7_unknown_1_pos.yml	false(unreach-call)	correct	0.059398501	0.06481333600822836	25919488.0					
before	tso	r02	c/goblint-regression/13-privatized_41-traces-ex-7_unknown_1_neg.yml	false(unreach-call)	correct	0.063499194	0.06861792493145913	25907200.0					
before	tso	r02	c/goblint-regression/13-privatized_40-traces-ex-6_true.yml	true	correct	0.069038555	0.07456122909206897	25948160.0					
before	tso	r02	c/goblint-regression/13-privatized_58-singlethreaded-lock_true.yml	true	correct	0.070924915	0.07501035707537085	25956352.0					
before	tso	r02	c/goblint-regression/13-privatized_44-traces-mine2_true.yml	true	correct	0.072337923	0.08132735104300082	26005504.0					
before	tso	r02	c/goblint-regression/13-privatized_18-first-reads_unknown_2_pos.yml	false(unreach-call)	correct	0.063867106	0.07039897900540382	26013696.0					
before	tso	r02	c/goblint-regression/13-privatized_18-first-reads_unknown_1_neg.yml	false(unreach-call)	correct	0.0751809	0.08096950803883374	26021888.0					
before	tso	r02	c/goblint-regression/13-privatized_36-traces-ex-3_true.yml	true	correct	0.060941466	0.06756439001765102	25939968.0					
before	tso	r02	c/goblint-regression/13-privatized_18-first-reads_true.yml	true	correct	0.070485437	0.07487602205947042	25952256.0					
before	tso	r02	c/goblint-regression/13-privatized_35-traces-ex-2_true.yml	true	correct	0.067333675	0.07509871199727058	25956352.0					
before	tso	r02	c/goblint-regression/13-privatized_37-traces-ex-4_true.yml	true	correct	0.072252973	0.07478410995099694	25964544.0					
before	tso	r02	c/goblint-regression/13-privatized_38-traces-ex-4-switch_true.yml	true	correct	0.068675376	0.07795297796837986	26042368.0					
before	tso	r02	c/goblint-regression/13-privatized_19-publish-precision_unknown_1_pos.yml	false(unreach-call)	correct	0.064010381	0.06970789202023298	26066944.0					
before	tso	r02	c/goblint-regression/13-privatized_19-publish-precision_unknown_2_pos.yml	false(unreach-call)	correct	0.070105403	0.0771965259918943	26030080.0					
before	tso	r02	c/goblint-regression/13-privatized_19-publish-precision_unknown_1_neg.yml	false(unreach-call)	correct	0.076636361	0.0802085610339418	26046464.0					
before	tso	r02	c/goblint-regression/13-privatized_19-publish-precision_unknown_2_neg.yml	false(unreach-call)	correct	0.060585989	0.06688284908886999	26001408.0					
before	tso	r02	c/goblint-regression/13-privatized_45-traces-per-global-and-current-lock-mine-incomparable_true.yml	true	correct	0.074774231	0.07687673007603735	25935872.0					
before	tso	r02	c/goblint-regression/13-privatized_01-priv_nr_true.yml	true	correct	0.067339408	0.07705275702755898	25976832.0					
before	tso	r02	c/goblint-regression/13-privatized_19-publish-precision_true.yml	true	correct	0.075175027	0.08422078902367502	25939968.0					
before	tso	r02	c/goblint-regression/13-privatized_42-traces-ex-mini_true.yml	true	correct	0.070880575	0.08547041600104421	25927680.0					
before	tso	r02	c/goblint-regression/13-privatized_33-traces-v-matters_true.yml	true	correct	0.067670357	0.07984278502408415	25952256.0					
before	tso	r02	c/goblint-regression/13-privatized_25-struct_nr_true.yml	true	correct	0.073502628	0.07943345094099641	26017792.0					
before	tso	r02	c/goblint-regression/13-privatized_69-refine-protected-loop-interval_true.yml	true	correct	0.06656321	0.08348500600550324	26058752.0					
before	tso	r02	c/goblint-regression/36-apron_17-traces-rpb-litmus_unknown_1_neg.yml	false(unreach-call)	correct	0.073171709	0.07504147698637098	25989120.0					
before	tso	r02	c/goblint-regression/13-privatized_31-traces-mine-vs-mutex_true.yml	true	correct	0.074885915	0.09275919699575752	26083328.0					
before	tso	r02	c/goblint-regression/13-privatized_20-publish-regression_true.yml	true	correct	0.06515505	0.0690649040043354	25960448.0					
before	tso	r02	c/goblint-regression/13-privatized_30-traces-oplus-vs-meet_true.yml	true	correct	0.075187148	0.0781767499865964	25952256.0					
before	tso	r02	c/goblint-regression/13-privatized_32-traces-mine-vs-oplus-vs-meet_true.yml	true	correct	0.062878406	0.07162596099078655	26066944.0					
before	tso	r02	c/goblint-regression/13-privatized_34-traces-minepp-L-needs-to-be-um_true.yml	true	correct	0.068806732	0.0737763000652194	26013696.0					
before	tso	r02	c/goblint-regression/13-privatized_68-pfscan_protected_loop_minimal_interval_true.yml	true	correct	0.072391924	0.07835317403078079	26013696.0					
before	tso	r02	c/goblint-regression/13-privatized_29-multiple-protecting2-vesal_true.yml	true	correct	0.073002558	0.07938320992980152	26099712.0					
before	tso	r02	c/goblint-regression/13-privatized_24-multiple-protecting_true.yml	true	correct	0.076370136	0.07831039396114647	26095616.0					
before	tso	r02	c/goblint-regression/36-apron_21-traces-cluster-based_true.yml	true	correct	0.072857813	0.07598254701588303	26062848.0					
before	tso	r02	c/goblint-regression/36-apron_22-traces-write-centered-vs-meet-mutex_true_no-overflow.yml	true	correct	0.066676563	0.06905176397413015	26050560.0					
before	tso	r02	c/goblint-regression/13-privatized_27-multiple-protecting2_true.yml	true	correct	0.085247929	0.09228984697256237	26116096.0					
before	tso	r02	c/pthread-ext/14_spin2003.yml	true	correct	0.063109388	0.07230258698109537	25944064.0					
before	tso	r02	c/pthread-ext/29_conditionals_vs.yml	true	correct	0.069585856	0.07740780804306269	25899008.0					
before	tso	r02	c/pthread-ext/48_ticket_lock_low_contention_vs-pthread.yml	true	correct	0.069612001	0.07777871296275407	26050560.0					
before	tso	r02	c/pthread-ext/46_monabsex2_vs.yml	true	correct	0.069093149	0.07639616192318499	25997312.0					
before	tso	r02	c/pthread-ext/45_monabsex1_vs.yml	true	correct	0.059747228	0.0646472800290212	26001408.0					
before	tso	r02	c/pthread/stateful01-1.yml	false(unreach-call)	correct	0.071358467	0.07641940796747804	26042368.0					
before	tso	r02	c/pthread/stateful01-2.yml	true	correct	0.063103179	0.06861654005479068	26144768.0					
before	tso	r02	c/pthread-atomic/time_var_mutex.yml	true	correct	0.068686227	0.07361805904656649	26148864.0					
before	tso	r02	c/pthread-ext/01b_inc.yml	true	correct	0.064518748	0.07265001989435405	26021888.0					
before	tso	r02	c/pthread/triangular-1.yml	true	correct	8.647899307	8.656133060110733	26046464.0					
before	tso	r02	c/pthread/triangular-2.yml	false(unreach-call)	correct	1.878768509	1.8834681569132954	26099712.0					
before	tso	r02	c/pthread-ext/02_inc_cas.yml	true	correct	0.073094616	0.07686993794050068	25927680.0					
before	tso	r02	c/goblint-regression/28-race_reach_21-deref_read_racing.yml	false(unreach-call)	correct	4.140273312	4.155194703023881	56188928.0					
before	tso	r02	c/pthread-ext/48_ticket_lock_low_contention_vs.yml	true	correct	0.066392261	0.07275601907167584	25989120.0					
before	tso	r02	c/goblint-regression/28-race_reach_37-indirect_racing.yml	TIMEOUT	error	60.899504981	61.06580350198783	1057193984.0					
before	tso	r02	c/goblint-regression/28-race_reach_45-escape_racing.yml	false(unreach-call)	correct	0.075397663	0.07869962905533612	26091520.0					
before	tso	r02	c/goblint-regression/28-race_reach_46-escape_racefree.yml	true	correct	0.064114814	0.06926382204983383	26005504.0					
before	tso	r02	c/goblint-regression/28-race_reach_01-simple_racing.yml	TIMEOUT	error	61.039958334	61.06377194705419	1057103872.0					
before	tso	r02	c/goblint-regression/28-race_reach_11-ptr_racing.yml	TIMEOUT	error	61.026196716	61.05812656402122	1057181696.0					
before	tso	r02	c/pthread-deagle/circular_buffer_bad.yml	false(unreach-call)	correct	0.078690646	0.0871112149907276	26185728.0					
before	tso	r02	c/pthread/fib_safe-5.yml	true	correct	6.41942791	6.4296472140122205	26009600.0					
before	tso	r02	c/pthread/fib_safe-6.yml	true	correct	35.451300411	35.56343336205464	26087424.0					
before	tso	r02	c/pthread/fib_unsafe-5.yml	false(unreach-call)	correct	1.776381881	1.7827855300856754	26005504.0					
before	tso	r02	c/pthread/fib_unsafe-6.yml	false(unreach-call)	correct	9.51353696	9.548423762083985	26042368.0					
before	tso	r02	c/pthread/fib_unsafe-7.yml	false(unreach-call)	correct	50.600792105	50.65330757002812	26034176.0					
before	tso	r02	c/goblint-regression/28-race_reach_24-sound_lock_racing.yml	TIMEOUT	error	61.020148159	61.05781071493402	1057189888.0					
before	tso	r02	c/pthread/lazy01.yml	false(unreach-call)	correct	0.063476443	0.06909781799186021	26034176.0					
before	tso	r02	c/pthread-deagle/circular_buffer_ok.yml	true	correct	4.683478714	4.832127805100754	26087424.0					
before	tso	r02	c/pthread-atomic/szymanski.yml	true	correct	0.066770735	0.07015865005087107	26034176.0					
before	tso	r02	c/pthread-atomic/dekker.yml	true	correct	0.069627406	0.07458494103047997	26017792.0					
before	tso	r02	c/pthread-atomic/dekker-unfair.yml	true	correct	0.071733366	0.07623145403340459	26087424.0					
before	tso	r02	c/pthread-theta/unwind3-1.yml	false(unreach-call)	correct	0.064666304	0.0697504460113123	26042368.0					
before	tso	r02	c/pthread-theta/exponential-nondet.yml	true	correct	0.067141913	0.07309701095800847	26083328.0					
before	tso	r02	c/pthread-theta/unwind2-1.yml	false(unreach-call)	correct	0.064812008	0.07057750597596169	26128384.0					
before	tso	r02	c/pthread-theta/unwind2-100.yml	false(unreach-call)	correct	0.068066741	0.07297325297258794	26087424.0					
before	tso	r02	c/pthread/butterfly.yml	true	correct	19.517482156	19.561170481028967	26218496.0					
before	tso	r02	c/pthread-ext/43_NetBSD_sysmon_power_sliced.yml	true	correct	0.066810804	0.07283225492574275	25952256.0					
before	tso	r02	c/goblint-regression/28-race_reach_06-cond_racing1.yml	TIMEOUT	error	61.040021173	61.06260610092431	1057169408.0					
before	tso	r02	c/pthread/queue_ok.yml	true	correct	0.075884312	0.08249624900054187	26181632.0					
before	tso	r02	c/pthread/queue_ok_longer.yml	true	correct	1.205928982	1.2142656380310655	55578624.0					
before	tso	r02	c/pthread/queue_ok_longest.yml	true	correct	5.081448789	5.094125077011995	241381376.0					
before	tso	r02	c/pthread/queue_longer.yml	TIMEOUT	error	61.017765249	61.05041206302121	556298240.0					
before	tso	r02	c/pthread/queue.yml	false(unreach-call)	correct	0.1016749	0.10831797297578305	26157056.0					
before	tso	r02	c/pthread/singleton.yml	false(unreach-call)	correct	0.073941207	0.07907266495749354	26214400.0					
before	tso	r02	c/pthread/singleton_with-uninit-problems.yml	true	correct	0.070615981	0.07719918398652226	26214400.0					
before	tso	r02	c/pthread-C-DAC/pthread-demo-datarace-3.yml	false(unreach-call)	correct	0.147696522	0.15411118196789175	26042368.0					
before	tso	r02	c/pthread/reorder_2.yml	false(unreach-call)	correct	0.157716698	0.1646129550645128	26218496.0					
before	tso	r02	c/pthread/twostage_3.yml	false(unreach-call)	correct	0.078609501	0.08610890689305961	26353664.0					
before	tso	r02	c/ldv-races/race-1_1-join.yml	true	correct	0.065917136	0.07335552596487105	26226688.0					
before	tso	r02	c/ldv-races/race-1_3-join.yml	false(unreach-call)	correct	0.067156932	0.07480359403416514	26214400.0					
before	tso	r02	c/ldv-races/race-1_2-join.yml	false(unreach-call)	correct	0.069308844	0.07585016300436109	26234880.0					
before	tso	r02	c/ldv-races/race-4_1-thread_local_vars.yml	true	correct	0.071901457	0.07997407100629061	26279936.0					
before	tso	r02	c/ldv-races/race-2_1-container_of.yml	true	correct	0.071833457	0.0763983849901706	26374144.0					
before	tso	r02	c/ldv-races/race-3_1-container_of-global.yml	true	correct	0.068919041	0.07652837794739753	26370048.0					
before	tso	r03	c/goblint-regression/13-privatized_66-mine-W-init_true.yml	true	correct	0.076546617	0.07910269999410957	25944064.0					
before	tso	r03	c/goblint-regression/36-apron_41-threadenter-no-locals_unknown_1_pos.yml	false(unreach-call)	correct	0.068520461	0.0707461170386523	25968640.0					
before	tso	r03	c/goblint-regression/36-apron_16-traces-unprot2_true.yml	true	correct	0.066711766	0.07844984391704202	25919488.0					
before	tso	r03	c/goblint-regression/13-privatized_57-singlethreaded-unlock_true.yml	true	correct	0.074049526	0.08098243398126215	26021888.0					
before	tso	r03	c/goblint-regression/13-privatized_47-refine-protected2_true.yml	true	correct	0.069328957	0.07940063800197095	26042368.0					
before	tso	r03	c/goblint-regression/13-privatized_46-refine-protected1_true.yml	true	correct	0.068393574	0.07930596906226128	25968640.0					
before	tso	r03	c/goblint-regression/36-apron_11-traces-max-simple_true.yml	true	correct	0.068652502	0.07794724905397743	25903104.0					
before	tso	r03	c/goblint-regression/13-privatized_41-traces-ex-7_unknown_1_pos.yml	false(unreach-call)	correct	0.067913575	0.07418274809606373	25980928.0					
before	tso	r03	c/goblint-regression/13-privatized_41-traces-ex-7_unknown_1_neg.yml	false(unreach-call)	correct	0.068255449	0.07437478110659868	25976832.0					
before	tso	r03	c/goblint-regression/13-privatized_40-traces-ex-6_true.yml	true	correct	0.069883194	0.07752176001667976	25972736.0					
before	tso	r03	c/goblint-regression/13-privatized_58-singlethreaded-lock_true.yml	true	correct	0.061298326	0.07216624496504664	25927680.0					
before	tso	r03	c/goblint-regression/13-privatized_44-traces-mine2_true.yml	true	correct	0.070100373	0.07582521496806294	26017792.0					
before	tso	r03	c/goblint-regression/13-privatized_18-first-reads_unknown_2_pos.yml	false(unreach-call)	correct	0.071528037	0.07751507102511823	25976832.0					
before	tso	r03	c/goblint-regression/13-privatized_18-first-reads_unknown_1_neg.yml	false(unreach-call)	correct	0.070271255	0.07589477300643921	25968640.0					
before	tso	r03	c/goblint-regression/13-privatized_36-traces-ex-3_true.yml	true	correct	0.070602803	0.07522894605062902	25985024.0					
before	tso	r03	c/goblint-regression/13-privatized_18-first-reads_true.yml	true	correct	0.068461619	0.07322923606261611	26025984.0					
before	tso	r03	c/goblint-regression/13-privatized_35-traces-ex-2_true.yml	true	correct	0.074053128	0.07876147702336311	25956352.0					
before	tso	r03	c/goblint-regression/13-privatized_37-traces-ex-4_true.yml	true	correct	0.073460248	0.07855424098670483	26009600.0					
before	tso	r03	c/goblint-regression/13-privatized_38-traces-ex-4-switch_true.yml	true	correct	0.065559142	0.07191509392578155	25952256.0					
before	tso	r03	c/goblint-regression/13-privatized_19-publish-precision_unknown_1_pos.yml	false(unreach-call)	correct	0.072424695	0.07737895310856402	26030080.0					
before	tso	r03	c/goblint-regression/13-privatized_19-publish-precision_unknown_2_pos.yml	false(unreach-call)	correct	0.068297748	0.07829977909568697	26034176.0					
before	tso	r03	c/goblint-regression/13-privatized_19-publish-precision_unknown_1_neg.yml	false(unreach-call)	correct	0.072107722	0.07848558598197997	26005504.0					
before	tso	r03	c/goblint-regression/13-privatized_19-publish-precision_unknown_2_neg.yml	false(unreach-call)	correct	0.078321688	0.08191519696265459	26030080.0					
before	tso	r03	c/goblint-regression/13-privatized_45-traces-per-global-and-current-lock-mine-incomparable_true.yml	true	correct	0.068189627	0.07726249401457608	26021888.0					
before	tso	r03	c/goblint-regression/13-privatized_01-priv_nr_true.yml	true	correct	0.068439863	0.07575885998085141	25956352.0					
before	tso	r03	c/goblint-regression/13-privatized_19-publish-precision_true.yml	true	correct	0.069057819	0.07822645897977054	26054656.0					
before	tso	r03	c/goblint-regression/13-privatized_42-traces-ex-mini_true.yml	true	correct	0.060848581	0.0655945420730859	26046464.0					
before	tso	r03	c/goblint-regression/13-privatized_33-traces-v-matters_true.yml	true	correct	0.072519978	0.08405973494518548	25993216.0					
before	tso	r03	c/goblint-regression/13-privatized_25-struct_nr_true.yml	true	correct	0.070947665	0.07936833600979298	25985024.0					
before	tso	r03	c/goblint-regression/13-privatized_69-refine-protected-loop-interval_true.yml	true	correct	0.073521462	0.0762226990191266	26062848.0					
before	tso	r03	c/goblint-regression/36-apron_17-traces-rpb-litmus_unknown_1_neg.yml	false(unreach-call)	correct	0.074067669	0.07953396101947874	26066944.0					
before	tso	r03	c/goblint-regression/13-privatized_31-traces-mine-vs-mutex_true.yml	true	correct	0.071515553	0.08264186605811119	25985024.0					
before	tso	r03	c/goblint-regression/13-privatized_20-publish-regression_true.yml	true	correct	0.071625154	0.0782187880249694	26009600.0					
before	tso	r03	c/goblint-regression/13-privatized_30-traces-oplus-vs-meet_true.yml	true	correct	0.057534831	0.0599505229620263	25968640.0					
before	tso	r03	c/goblint-regression/13-privatized_32-traces-mine-vs-oplus-vs-meet_true.yml	true	correct	0.065982732	0.07173755299299955	26013696.0					
before	tso	r03	c/goblint-regression/13-privatized_34-traces-minepp-L-needs-to-be-um_true.yml	true	correct	0.071757425	0.07796241994947195	26046464.0					
before	tso	r03	c/goblint-regression/13-privatized_68-pfscan_protected_loop_minimal_interval_true.yml	true	correct	0.068817296	0.07608800998423249	26054656.0					
before	tso	r03	c/goblint-regression/13-privatized_29-multiple-protecting2-vesal_true.yml	true	correct	0.074868803	0.07984627690166235	26058752.0					
before	tso	r03	c/goblint-regression/13-privatized_24-multiple-protecting_true.yml	true	correct	0.076090285	0.07936009799595922	26066944.0					
before	tso	r03	c/goblint-regression/36-apron_21-traces-cluster-based_true.yml	true	correct	0.071685965	0.07811312598641962	26148864.0					
before	tso	r03	c/goblint-regression/36-apron_22-traces-write-centered-vs-meet-mutex_true_no-overflow.yml	true	correct	0.068159815	0.07340496708638966	26013696.0					
before	tso	r03	c/goblint-regression/13-privatized_27-multiple-protecting2_true.yml	true	correct	0.087668269	0.08995073498226702	26136576.0					
before	tso	r03	c/pthread-ext/14_spin2003.yml	true	correct	0.065069538	0.07194903492927551	25948160.0					
before	tso	r03	c/pthread-ext/29_conditionals_vs.yml	true	correct	0.071888603	0.07653565402142704	25980928.0					
before	tso	r03	c/pthread-ext/48_ticket_lock_low_contention_vs-pthread.yml	true	correct	0.067926179	0.07353690103627741	25985024.0					
before	tso	r03	c/pthread-ext/46_monabsex2_vs.yml	true	correct	0.066443536	0.07542035693768412	25960448.0					
before	tso	r03	c/pthread-ext/45_monabsex1_vs.yml	true	correct	0.06847224	0.07443099899683148	25997312.0					
before	tso	r03	c/pthread/stateful01-1.yml	false(unreach-call)	correct	0.070257828	0.07493388804141432	26103808.0					
before	tso	r03	c/pthread/stateful01-2.yml	true	correct	0.06200688	0.06562705500982702	26001408.0					
before	tso	r03	c/pthread-atomic/time_var_mutex.yml	true	correct	0.072912124	0.07992654794361442	26161152.0					
before	tso	r03	c/pthread-ext/01b_inc.yml	true	correct	0.069332832	0.0767843360081315	26017792.0					
before	tso	r03	c/pthread/triangular-1.yml	true	correct	8.659795212	8.699541670037434	26075136.0					
before	tso	r03	c/pthread/triangular-2.yml	false(unreach-call)	correct	2.017269268	2.0228058639913797	25993216.0					
before	tso	r03	c/pthread-ext/02_inc_cas.yml	true	correct	0.067211062	0.07213586999569088	25956352.0					
before	tso	r03	c/goblint-regression/28-race_reach_21-deref_read_racing.yml	false(unreach-call)	correct	4.192960637	4.211188571993262	56360960.0					
before	tso	r03	c/pthread-ext/48_ticket_lock_low_contention_vs.yml	true	correct	0.070080158	0.07689407793805003	26038272.0					
before	tso	r03	c/goblint-regression/28-race_reach_37-indirect_racing.yml	TIMEOUT	error	61.01446011	61.063895758008584	1057124352.0					
before	tso	r03	c/goblint-regression/28-race_reach_45-escape_racing.yml	false(unreach-call)	correct	0.070759164	0.07895998493768275	26050560.0					
before	tso	r03	c/goblint-regression/28-race_reach_46-escape_racefree.yml	true	correct	0.070410545	0.07518066605553031	26050560.0					
before	tso	r03	c/goblint-regression/28-race_reach_01-simple_racing.yml	TIMEOUT	error	61.008340257	61.06081069202628	1057165312.0					
before	tso	r03	c/goblint-regression/28-race_reach_11-ptr_racing.yml	TIMEOUT	error	61.029327283	61.064711521030404	1057185792.0					
before	tso	r03	c/pthread-deagle/circular_buffer_bad.yml	false(unreach-call)	correct	0.078654089	0.09037177392747253	26173440.0					
before	tso	r03	c/pthread/fib_safe-5.yml	true	correct	7.160319972	7.337684210971929	26095616.0					
before	tso	r03	c/pthread/fib_safe-6.yml	true	correct	35.455991413	35.696784974075854	26062848.0					
before	tso	r03	c/pthread/fib_unsafe-5.yml	false(unreach-call)	correct	1.972776742	1.9870237360009924	26079232.0					
before	tso	r03	c/pthread/fib_unsafe-6.yml	false(unreach-call)	correct	10.353467872	10.371774774044752	26013696.0					
before	tso	r03	c/pthread/fib_unsafe-7.yml	false(unreach-call)	correct	50.969929186	51.34977929596789	26062848.0					
before	tso	r03	c/goblint-regression/28-race_reach_24-sound_lock_racing.yml	TIMEOUT	error	60.884144309	61.05007052596193	1057161216.0					
before	tso	r03	c/pthread/lazy01.yml	false(unreach-call)	correct	0.067779909	0.0740750590339303	26075136.0					
before	tso	r03	c/pthread-deagle/circular_buffer_ok.yml	true	correct	4.549497009	4.557889934978448	26177536.0					
before	tso	r03	c/pthread-atomic/szymanski.yml	true	correct	0.069047749	0.07629173691384494	26087424.0					
before	tso	r03	c/pthread-atomic/dekker.yml	true	correct	0.072469628	0.07960283802822232	26087424.0					
before	tso	r03	c/pthread-atomic/dekker-unfair.yml	true	correct	0.068934908	0.07580479991156608	26103808.0					
before	tso	r03	c/pthread-theta/unwind3-1.yml	false(unreach-call)	correct	0.069078525	0.0769556830637157	26005504.0					
before	tso	r03	c/pthread-theta/exponential-nondet.yml	true	correct	0.069743451	0.07619784097187221	26091520.0					
before	tso	r03	c/pthread-theta/unwind2-1.yml	false(unreach-call)	correct	0.066357745	0.0738778879167512	26087424.0					
before	tso	r03	c/pthread-theta/unwind2-100.yml	false(unreach-call)	correct	0.066498516	0.07298779301345348	26095616.0					
before	tso	r03	c/pthread/butterfly.yml	true	correct	19.856305438	20.003726909984834	26234880.0					
before	tso	r03	c/pthread-ext/43_NetBSD_sysmon_power_sliced.yml	true	correct	0.068423111	0.0746330909896642	25911296.0					
before	tso	r03	c/goblint-regression/28-race_reach_06-cond_racing1.yml	TIMEOUT	error	60.890353412	61.06725836195983	1057148928.0					
before	tso	r03	c/pthread/queue_ok.yml	true	correct	0.070116837	0.07835483201779425	26165248.0					
before	tso	r03	c/pthread/queue_ok_longer.yml	true	correct	1.14925806	1.157386332983151	55451648.0					
before	tso	r03	c/pthread/queue_ok_longest.yml	true	correct	5.097432127	5.106474032043479	242606080.0					
before	tso	r03	c/pthread/queue_longer.yml	TIMEOUT	error	61.015952895	61.049561589956284	553299968.0					
before	tso	r03	c/pthread/queue.yml	false(unreach-call)	correct	0.099513774	0.10683488007634878	26161152.0					
before	tso	r03	c/pthread/singleton.yml	false(unreach-call)	correct	0.069410574	0.0777397759957239	26222592.0					
before	tso	r03	c/pthread/singleton_with-uninit-problems.yml	true	correct	0.069065108	0.08322446094825864	26255360.0					
before	tso	r03	c/pthread-C-DAC/pthread-demo-datarace-3.yml	false(unreach-call)	correct	0.148359341	0.1536231590434909	26025984.0					
before	tso	r03	c/pthread/reorder_2.yml	false(unreach-call)	correct	0.154366515	0.16165091400034726	26226688.0					
before	tso	r03	c/pthread/twostage_3.yml	false(unreach-call)	correct	0.078237053	0.08301445306278765	26320896.0					
before	tso	r03	c/ldv-races/race-1_1-join.yml	true	correct	0.066009123	0.07265235192608088	26218496.0					
before	tso	r03	c/ldv-races/race-1_3-join.yml	false(unreach-call)	correct	0.066301332	0.0736647960729897	26234880.0					
before	tso	r03	c/ldv-races/race-1_2-join.yml	false(unreach-call)	correct	0.06995489	0.07458411995321512	26300416.0					
before	tso	r03	c/ldv-races/race-4_1-thread_local_vars.yml	true	correct	0.06802241	0.07518250204157084	26308608.0					
before	tso	r03	c/ldv-races/race-2_1-container_of.yml	true	correct	0.065705055	0.07408443104941398	26279936.0					
before	tso	r03	c/ldv-races/race-3_1-container_of-global.yml	true	correct	0.064079973	0.07126613205764443	26304512.0					
before	tso	r04	c/goblint-regression/13-privatized_66-mine-W-init_true.yml	true	correct	0.065315961	0.07105176395270973	25931776.0					
before	tso	r04	c/goblint-regression/36-apron_41-threadenter-no-locals_unknown_1_pos.yml	false(unreach-call)	correct	0.061330915	0.0686103729531169	25956352.0					
before	tso	r04	c/goblint-regression/36-apron_16-traces-unprot2_true.yml	true	correct	0.064993411	0.07232338807079941	25927680.0					
before	tso	r04	c/goblint-regression/13-privatized_57-singlethreaded-unlock_true.yml	true	correct	0.058394063	0.06730963196605444	26005504.0					
before	tso	r04	c/goblint-regression/13-privatized_47-refine-protected2_true.yml	true	correct	0.067864492	0.07529436494223773	26025984.0					
before	tso	r04	c/goblint-regression/13-privatized_46-refine-protected1_true.yml	true	correct	0.057889236	0.06702759710606188	25980928.0					
before	tso	r04	c/goblint-regression/36-apron_11-traces-max-simple_true.yml	true	correct	0.069018224	0.07350298797246069	26013696.0					
before	tso	r04	c/goblint-regression/13-privatized_41-traces-ex-7_unknown_1_pos.yml	false(unreach-call)	correct	0.069924366	0.07425657601561397	25993216.0					
before	tso	r04	c/goblint-regression/13-privatized_41-traces-ex-7_unknown_1_neg.yml	false(unreach-call)	correct	0.0718432	0.07949318492319435	26005504.0					
before	tso	r04	c/goblint-regression/13-privatized_40-traces-ex-6_true.yml	true	correct	0.069611775	0.07509914203546941	26005504.0					
before	tso	r04	c/goblint-regression/13-privatized_58-singlethreaded-lock_true.yml	true	correct	0.063253292	0.07115707499906421	25972736.0					
before	tso	r04	c/goblint-regression/13-privatized_44-traces-mine2_true.yml	true	correct	0.059352714	0.06575821503065526	26017792.0					
before	tso	r04	c/goblint-regression/13-privatized_18-first-reads_unknown_2_pos.yml	false(unreach-call)	correct	0.057673002	0.06316499598324299	25989120.0					
before	tso	r04	c/goblint-regression/13-privatized_18-first-reads_unknown_1_neg.yml	false(unreach-call)	correct	0.066815795	0.07137512695044279	25960448.0					
before	tso	r04	c/goblint-regression/13-privatized_36-traces-ex-3_true.yml	true	correct	0.06843816	0.07474963099230081	26017792.0					
before	tso	r04	c/goblint-regression/13-privatized_18-first-reads_true.yml	true	correct	0.069013596	0.0734901650575921	26009600.0					
before	tso	r04	c/goblint-regression/13-privatized_35-traces-ex-2_true.yml	true	correct	0.071944699	0.07787250902038068	25927680.0					
before	tso	r04	c/goblint-regression/13-privatized_37-traces-ex-4_true.yml	true	correct	0.066663647	0.07432589097879827	26025984.0					
before	tso	r04	c/goblint-regression/13-privatized_38-traces-ex-4-switch_true.yml	true	correct	0.075079629	0.08221411996055394	26017792.0					
before	tso	r04	c/goblint-regression/13-privatized_19-publish-precision_unknown_1_pos.yml	false(unreach-call)	correct	0.066563771	0.0683702229289338	26017792.0					
before	tso	r04	c/goblint-regression/13-privatized_19-publish-precision_unknown_2_pos.yml	false(unreach-call)	correct	0.058381013	0.06593177898321301	26062848.0					
before	tso	r04	c/goblint-regression/13-privatized_19-publish-precision_unknown_1_neg.yml	false(unreach-call)	correct	0.073426382	0.07737108401488513	26071040.0					
before	tso	r04	c/goblint-regression/13-privatized_19-publish-precision_unknown_2_neg.yml	false(unreach-call)	correct	0.069593034	0.07165741897188127	26046464.0					
before	tso	r04	c/goblint-regression/13-privatized_45-traces-per-global-and-current-lock-mine-incomparable_true.yml	true	correct	0.068319229	0.07261720311362296	26001408.0					
before	tso	r04	c/goblint-regression/13-privatized_01-priv_nr_true.yml	true	correct	0.073594791	0.07969133101869375	26083328.0					
before	tso	r04	c/goblint-regression/13-privatized_19-publish-precision_true.yml	true	correct	0.064983788	0.066636007046327	25980928.0					
before	tso	r04	c/goblint-regression/13-privatized_42-traces-ex-mini_true.yml	true	correct	0.065352997	0.06845980102661997	25931776.0					
before	tso	r04	c/goblint-regression/13-privatized_33-traces-v-matters_true.yml	true	correct	0.060992143	0.06461092096287757	25944064.0					
before	tso	r04	c/goblint-regression/13-privatized_25-struct_nr_true.yml	true	correct	0.070791436	0.07594577793497592	25980928.0					
before	tso	r04	c/goblint-regression/13-privatized_69-refine-protected-loop-interval_true.yml	true	correct	0.074041814	0.07805991300847381	26071040.0					
before	tso	r04	c/goblint-regression/36-apron_17-traces-rpb-litmus_unknown_1_neg.yml	false(unreach-call)	correct	0.06914419	0.0735662350198254	26066944.0					
before	tso	r04	c/goblint-regression/13-privatized_31-traces-mine-vs-mutex_true.yml	true	correct	0.071695623	0.0765459859976545	26046464.0					
before	tso	r04	c/goblint-regression/13-privatized_20-publish-regression_true.yml	true	correct	0.072352926	0.07936544297263026	25997312.0					
before	tso	r04	c/goblint-regression/13-privatized_30-traces-oplus-vs-meet_true.yml	true	correct	0.062590255	0.06984502403065562	25964544.0					
before	tso	r04	c/goblint-regression/13-privatized_32-traces-mine-vs-oplus-vs-meet_true.yml	true	correct	0.064062969	0.06641471001785249	26075136.0					
before	tso	r04	c/goblint-regression/13-privatized_34-traces-minepp-L-needs-to-be-um_true.yml	true	correct	0.061524698	0.06690711597912014	25989120.0					
before	tso	r04	c/goblint-regression/13-privatized_68-pfscan_protected_loop_minimal_interval_true.yml	true	correct	0.074855119	0.07792507694102824	26038272.0					
before	tso	r04	c/goblint-regression/13-privatized_29-multiple-protecting2-vesal_true.yml	true	correct	0.074218466	0.08071657596156001	25997312.0					
before	tso	r04	c/goblint-regression/13-privatized_24-multiple-protecting_true.yml	true	correct	0.077157843	0.08274230291135609	26091520.0					
before	tso	r04	c/goblint-regression/36-apron_21-traces-cluster-based_true.yml	true	correct	0.076611936	0.08020965696778148	26066944.0					
before	tso	r04	c/goblint-regression/36-apron_22-traces-write-centered-vs-meet-mutex_true_no-overflow.yml	true	correct	0.071655056	0.08190266496967524	26079232.0					
before	tso	r04	c/goblint-regression/13-privatized_27-multiple-protecting2_true.yml	true	correct	0.077692022	0.08724027499556541	26095616.0					
before	tso	r04	c/pthread-ext/14_spin2003.yml	true	correct	0.063701141	0.06670443504117429	25968640.0					
before	tso	r04	c/pthread-ext/29_conditionals_vs.yml	true	correct	0.059098383	0.06477915903087705	25952256.0					
before	tso	r04	c/pthread-ext/48_ticket_lock_low_contention_vs-pthread.yml	true	correct	0.077224907	0.08729180693626404	25980928.0					
before	tso	r04	c/pthread-ext/46_monabsex2_vs.yml	true	correct	0.071903258	0.07472252799198031	25931776.0					
before	tso	r04	c/pthread-ext/45_monabsex1_vs.yml	true	correct	0.070418353	0.07830819406080991	26009600.0					
before	tso	r04	c/pthread/stateful01-1.yml	false(unreach-call)	correct	0.069528979	0.07708840898703784	26021888.0					
before	tso	r04	c/pthread/stateful01-2.yml	true	correct	0.060559946	0.0663725760532543	26021888.0					
before	tso	r04	c/pthread-atomic/time_var_mutex.yml	true	correct	0.062609491	0.06755535106640309	26128384.0					
before	tso	r04	c/pthread-ext/01b_inc.yml	true	correct	0.062385084	0.06882183603011072	25948160.0					
before	tso	r04	c/pthread/triangular-1.yml	true	correct	8.611031356	8.622691518976353	26075136.0					
before	tso	r04	c/pthread/triangular-2.yml	false(unreach-call)	correct	2.036964882	2.0515549939591438	26120192.0					
before	tso	r04	c/pthread-ext/02_inc_cas.yml	true	correct	0.070810663	0.07769184897188097	26013696.0					
before	tso	r04	c/goblint-regression/28-race_reach_21-deref_read_racing.yml	false(unreach-call)	correct	3.503494053	3.512048784061335	56430592.0					
before	tso	r04	c/pthread-ext/48_ticket_lock_low_contention_vs.yml	true	correct	0.07004106	0.07952328398823738	25960448.0					
before	tso	r04	c/goblint-regression/28-race_reach_37-indirect_racing.yml	TIMEOUT	error	61.032173299	61.06520618300419	1057198080.0					
before	tso	r04	c/goblint-regression/28-race_reach_45-escape_racing.yml	false(unreach-call)	correct	0.066752796	0.07072587008588016	25993216.0					
before	tso	r04	c/goblint-regression/28-race_reach_46-escape_racefree.yml	true	correct	0.059438845	0.06570444197859615	26054656.0					
before	tso	r04	c/goblint-regression/28-race_reach_01-simple_racing.yml	TIMEOUT	error	61.03627695	61.05946406093426	1057165312.0					
before	tso	r04	c/goblint-regression/28-race_reach_11-ptr_racing.yml	TIMEOUT	error	61.026069582	61.058818337041885	1057169408.0					
before	tso	r04	c/pthread-deagle/circular_buffer_bad.yml	false(unreach-call)	correct	0.068474208	0.07131287502124906	26087424.0					
before	tso	r04	c/pthread/fib_safe-5.yml	true	correct	6.478135318	6.533262945944443	26091520.0					
before	tso	r04	c/pthread/fib_safe-6.yml	true	correct	34.136891344	34.16132924705744	26087424.0					
before	tso	r04	c/pthread/fib_unsafe-5.yml	false(unreach-call)	correct	1.991468245	2.0128101160516962	26066944.0					
before	tso	r04	c/pthread/fib_unsafe-6.yml	false(unreach-call)	correct	9.459388712	9.471377969020978	26083328.0					
before	tso	r04	c/pthread/fib_unsafe-7.yml	false(unreach-call)	correct	50.705260191	50.83121346391272	26087424.0					
before	tso	r04	c/goblint-regression/28-race_reach_24-sound_lock_racing.yml	TIMEOUT	error	60.869817324	61.058804839034565	1057165312.0					
before	tso	r04	c/pthread/lazy01.yml	false(unreach-call)	correct	0.066248884	0.07583025889471173	26091520.0					
before	tso	r04	c/pthread-deagle/circular_buffer_ok.yml	true	correct	4.55337994	4.559573155944236	26095616.0					
before	tso	r04	c/pthread-atomic/szymanski.yml	true	correct	0.071452178	0.07600562798324972	26087424.0					
before	tso	r04	c/pthread-atomic/dekker.yml	true	correct	0.06383733	0.0738179850159213	26013696.0					
before	tso	r04	c/pthread-atomic/dekker-unfair.yml	true	correct	0.068500211	0.07143296406138688	26087424.0					
before	tso	r04	c/pthread-theta/unwind3-1.yml	false(unreach-call)	correct	0.063397841	0.0720685749547556	26116096.0					
before	tso	r04	c/pthread-theta/exponential-nondet.yml	true	correct	0.069093563	0.07147740398067981	26062848.0					
before	tso	r04	c/pthread-theta/unwind2-1.yml	false(unreach-call)	correct	0.070678645	0.07535216899123043	26148864.0					
before	tso	r04	c/pthread-theta/unwind2-100.yml	false(unreach-call)	correct	0.067641612	0.0756321509834379	26091520.0					
before	tso	r04	c/pthread/butterfly.yml	true	correct	19.395607152	19.418327471008524	26230784.0					
before	tso	r04	c/pthread-ext/43_NetBSD_sysmon_power_sliced.yml	true	correct	0.062007512	0.08020690595731139	25911296.0					
before	tso	r04	c/goblint-regression/28-race_reach_06-cond_racing1.yml	TIMEOUT	error	61.036083406	61.06349425308872	1057120256.0					
before	tso	r04	c/pthread/queue_ok.yml	true	correct	0.073894499	0.08097800798714161	26161152.0					
before	tso	r04	c/pthread/queue_ok_longer.yml	true	correct	1.135335771	1.1916137009393424	55463936.0					
before	tso	r04	c/pthread/queue_ok_longest.yml	true	correct	5.029198645	5.035634245024994	241987584.0					
before	tso	r04	c/pthread/queue_longer.yml	TIMEOUT	error	60.922736612	61.042797514935955	560623616.0					
before	tso	r04	c/pthread/queue.yml	false(unreach-call)	correct	0.100786903	0.10841244901530445	26165248.0					
before	tso	r04	c/pthread/singleton.yml	false(unreach-call)	correct	0.07336145	0.0804960869718343	26226688.0					
before	tso	r04	c/pthread/singleton_with-uninit-problems.yml	true	correct	0.072781725	0.08049794204998761	26218496.0					
before	tso	r04	c/pthread-C-DAC/pthread-demo-datarace-3.yml	false(unreach-call)	correct	0.153939629	0.16094885300844908	26025984.0					
before	tso	r04	c/pthread/reorder_2.yml	false(unreach-call)	correct	0.16046499	0.16630015498958528	26234880.0					
before	tso	r04	c/pthread/twostage_3.yml	false(unreach-call)	correct	0.08102563	0.0887089300667867	26349568.0					
before	tso	r04	c/ldv-races/race-1_1-join.yml	true	correct	0.074543337	0.07656723400577903	26214400.0					
before	tso	r04	c/ldv-races/race-1_3-join.yml	false(unreach-call)	correct	0.069500983	0.07560391095466912	26198016.0					
before	tso	r04	c/ldv-races/race-1_2-join.yml	false(unreach-call)	correct	0.06978224	0.07737388496752828	26214400.0					
before	tso	r04	c/ldv-races/race-4_1-thread_local_vars.yml	true	correct	0.073544499	0.08166235301177949	26353664.0					
before	tso	r04	c/ldv-races/race-2_1-container_of.yml	true	correct	0.071109771	0.0778974270215258	26349568.0					
before	tso	r04	c/ldv-races/race-3_1-container_of-global.yml	true	correct	0.075943947	0.08064581593498588	26345472.0					
before	pso	r01	c/goblint-regression/13-privatized_66-mine-W-init_true.yml	true	correct	0.079724117	0.08737046702299267	25911296.0					
before	pso	r01	c/goblint-regression/36-apron_41-threadenter-no-locals_unknown_1_pos.yml	false(unreach-call)	correct	0.066867839	0.07539954001549631	25980928.0					
before	pso	r01	c/goblint-regression/36-apron_16-traces-unprot2_true.yml	true	correct	0.078787931	0.0900041339918971	25960448.0					
before	pso	r01	c/goblint-regression/13-privatized_57-singlethreaded-unlock_true.yml	true	correct	0.073958252	0.10529746592510492	25956352.0					
before	pso	r01	c/goblint-regression/13-privatized_47-refine-protected2_true.yml	true	correct	0.071787765	0.07775776402559131	26009600.0					
before	pso	r01	c/goblint-regression/13-privatized_46-refine-protected1_true.yml	true	correct	0.065888183	0.07216546207200736	25944064.0					
before	pso	r01	c/goblint-regression/36-apron_11-traces-max-simple_true.yml	true	correct	0.067852222	0.07124887593090534	26013696.0					
before	pso	r01	c/goblint-regression/13-privatized_41-traces-ex-7_unknown_1_pos.yml	false(unreach-call)	correct	0.069480961	0.07501776202116162	25915392.0					
before	pso	r01	c/goblint-regression/13-privatized_41-traces-ex-7_unknown_1_neg.yml	false(unreach-call)	correct	0.070715502	0.07682781701441854	25935872.0					
before	pso	r01	c/goblint-regression/13-privatized_40-traces-ex-6_true.yml	true	correct	0.067439594	0.07454221602529287	26025984.0					
before	pso	r01	c/goblint-regression/13-privatized_58-singlethreaded-lock_true.yml	true	correct	0.067284259	0.0735597669845447	25948160.0					
before	pso	r01	c/goblint-regression/13-privatized_44-traces-mine2_true.yml	true	correct	0.074420458	0.0791479010367766	26021888.0					
before	pso	r01	c/goblint-regression/13-privatized_18-first-reads_unknown_2_pos.yml	false(unreach-call)	correct	0.074276282	0.07946519798133522	25972736.0					
before	pso	r01	c/goblint-regression/13-privatized_18-first-reads_unknown_1_neg.yml	false(unreach-call)	correct	0.070238096	0.0745486009400338	26079232.0					
before	pso	r01	c/goblint-regression/13-privatized_36-traces-ex-3_true.yml	true	correct	0.070346233	0.07193188602104783	26001408.0					
before	pso	r01	c/goblint-regression/13-privatized_18-first-reads_true.yml	true	correct	0.070731362	0.07517671003006399	26034176.0					
before	pso	r01	c/goblint-regression/13-privatized_35-traces-ex-2_true.yml	true	correct	0.077809525	0.08568961406126618	26030080.0					
before	pso	r01	c/goblint-regression/13-privatized_37-traces-ex-4_true.yml	true	correct	0.072054407	0.07895848189946264	25935872.0					
before	pso	r01	c/goblint-regression/13-privatized_38-traces-ex-4-switch_true.yml	true	correct	0.073916916	0.07808850600849837	26079232.0					
before	pso	r01	c/goblint-regression/13-privatized_19-publish-precision_unknown_1_pos.yml	false(unreach-call)	correct	0.074561298	0.0785009260289371	26030080.0					
before	pso	r01	c/goblint-regression/13-privatized_19-publish-precision_unknown_2_pos.yml	false(unreach-call)	correct	0.070976919	0.07630063500255346	26050560.0					
before	pso	r01	c/goblint-regression/13-privatized_19-publish-precision_unknown_1_neg.yml	false(unreach-call)	correct	0.071069482	0.07611435500439256	26050560.0					
before	pso	r01	c/goblint-regression/13-privatized_19-publish-precision_unknown_2_neg.yml	false(unreach-call)	correct	0.070657583	0.0786814090097323	26017792.0					
before	pso	r01	c/goblint-regression/13-privatized_45-traces-per-global-and-current-lock-mine-incomparable_true.yml	true	correct	0.070341479	0.07540881994646043	26017792.0					
before	pso	r01	c/goblint-regression/13-privatized_01-priv_nr_true.yml	true	correct	0.076475856	0.09539006801787764	25980928.0					
before	pso	r01	c/goblint-regression/13-privatized_19-publish-precision_true.yml	true	correct	0.071590302	0.10728112410288304	26034176.0					
before	pso	r01	c/goblint-regression/13-privatized_42-traces-ex-mini_true.yml	true	correct	0.073506385	0.10271865699905902	26071040.0					
before	pso	r01	c/goblint-regression/13-privatized_33-traces-v-matters_true.yml	true	correct	0.072058131	0.07762920390814543	25997312.0					
before	pso	r01	c/goblint-regression/13-privatized_25-struct_nr_true.yml	true	correct	0.07533642	0.08777051803190261	26071040.0					
before	pso	r01	c/goblint-regression/13-privatized_69-refine-protected-loop-interval_true.yml	true	correct	0.076919638	0.09840578597504646	26083328.0					
before	pso	r01	c/goblint-regression/36-apron_17-traces-rpb-litmus_unknown_1_neg.yml	false(unreach-call)	correct	0.069156618	0.07491917407605797	25960448.0					
before	pso	r01	c/goblint-regression/13-privatized_31-traces-mine-vs-mutex_true.yml	true	correct	0.070336441	0.07618569990154356	26034176.0					
before	pso	r01	c/goblint-regression/13-privatized_20-publish-regression_true.yml	true	correct	0.078932604	0.082961370004341	25997312.0					
before	pso	r01	c/goblint-regression/13-privatized_30-traces-oplus-vs-meet_true.yml	true	correct	0.074635949	0.08254236099310219	25956352.0					
before	pso	r01	c/goblint-regression/13-privatized_32-traces-mine-vs-oplus-vs-meet_true.yml	true	correct	0.078366851	0.09030692197848111	25989120.0					
before	pso	r01	c/goblint-regression/13-privatized_34-traces-minepp-L-needs-to-be-um_true.yml	true	correct	0.076113754	0.0929539690259844	26091520.0					
before	pso	r01	c/goblint-regression/13-privatized_68-pfscan_protected_loop_minimal_interval_true.yml	true	correct	0.07744023	0.0924776770407334	26140672.0					
before	pso	r01	c/goblint-regression/13-privatized_29-multiple-protecting2-vesal_true.yml	true	correct	0.077098132	0.08149073098320514	26009600.0					
before	pso	r01	c/goblint-regression/13-privatized_24-multiple-protecting_true.yml	true	correct	0.11062576	0.1145416839281097	26132480.0					
before	pso	r01	c/goblint-regression/36-apron_21-traces-cluster-based_true.yml	true	correct	0.079755144	0.08532172709237784	26152960.0					
before	pso	r01	c/goblint-regression/36-apron_22-traces-write-centered-vs-meet-mutex_true_no-overflow.yml	true	correct	0.075730243	0.07968138996511698	26034176.0					
before	pso	r01	c/goblint-regression/13-privatized_27-multiple-protecting2_true.yml	true	correct	0.208734431	0.21613712108228356	26038272.0					
before	pso	r01	c/pthread-ext/14_spin2003.yml	true	correct	0.070870012	0.07518499507568777	26034176.0					
before	pso	r01	c/pthread-ext/29_conditionals_vs.yml	true	correct	0.074239312	0.0828583569964394	25939968.0					
before	pso	r01	c/pthread-ext/48_ticket_lock_low_contention_vs-pthread.yml	true	correct	0.073847981	0.08369253994897008	25976832.0					
before	pso	r01	c/pthread-ext/46_monabsex2_vs.yml	true	correct	0.066119294	0.07112800504546613	25927680.0					
before	pso	r01	c/pthread-ext/45_monabsex1_vs.yml	true	correct	0.072987338	0.07615269103553146	26046464.0					
before	pso	r01	c/pthread/stateful01-1.yml	false(unreach-call)	correct	0.071404908	0.07592677895445377	26116096.0					
before	pso	r01	c/pthread/stateful01-2.yml	true	correct	0.081031978	0.09070943808183074	26046464.0					
before	pso	r01	c/pthread-atomic/time_var_mutex.yml	true	correct	0.074908209	0.0981201899703592	26136576.0					
before	pso	r01	c/pthread-ext/01b_inc.yml	true	correct	0.068939489	0.07472391601186246	25968640.0					
before	pso	r01	c/pthread/triangular-1.yml	TIMEOUT	error	60.97260954	61.01141883095261	26054656.0					
before	pso	r01	c/pthread/triangular-2.yml	false(unreach-call)	correct	23.778129712	23.816775946994312	26087424.0					
before	pso	r01	c/pthread-ext/02_inc_cas.yml	true	correct	0.071147704	0.08799451705999672	26058752.0					
before	pso	r01	c/goblint-regression/28-race_reach_21-deref_read_racing.yml	false(unreach-call)	correct	3.559940977	3.5773250960046425	56528896.0					
before	pso	r01	c/pthread-ext/48_ticket_lock_low_contention_vs.yml	true	correct	0.077564135	0.09389976691454649	25985024.0					
before	pso	r01	c/goblint-regression/28-race_reach_37-indirect_racing.yml	TIMEOUT	error	61.026742712	61.0641748229973	1057210368.0					
before	pso	r01	c/goblint-regression/28-race_reach_45-escape_racing.yml	false(unreach-call)	correct	0.07641664	0.08576424804050475	25993216.0					
before	pso	r01	c/goblint-regression/28-race_reach_46-escape_racefree.yml	true	correct	0.072795051	0.07548459793906659	26042368.0					
before	pso	r01	c/goblint-regression/28-race_reach_01-simple_racing.yml	TIMEOUT	error	61.027745982	61.06526205292903	1057079296.0					
before	pso	r01	c/goblint-regression/28-race_reach_11-ptr_racing.yml	TIMEOUT	error	61.037773149	61.061277845990844	1057177600.0					
before	pso	r01	c/pthread-deagle/circular_buffer_bad.yml	false(unreach-call)	correct	0.1102854	0.11856124305631965	26140672.0					
before	pso	r01	c/pthread/fib_safe-5.yml	TIMEOUT	error	60.971755598	61.01168675895315	26025984.0					
before	pso	r01	c/pthread/fib_safe-6.yml	TIMEOUT	error	60.96414139	61.010953124961816	26030080.0					
before	pso	r01	c/pthread/fib_unsafe-5.yml	false(unreach-call)	correct	15.907928683	15.925278543960303	26054656.0					
before	pso	r01	c/pthread/fib_unsafe-6.yml	TIMEOUT	error	60.976943809	61.01148538896814	26054656.0					
before	pso	r01	c/pthread/fib_unsafe-7.yml	TIMEOUT	error	60.860800875	61.00989554496482	26112000.0					
before	pso	r01	c/goblint-regression/28-race_reach_24-sound_lock_racing.yml	TIMEOUT	error	61.042458794	61.06471400090959	1057148928.0					
before	pso	r01	c/pthread/lazy01.yml	false(unreach-call)	correct	0.067948335	0.07300809095613658	26140672.0					
before	pso	r01	c/pthread-deagle/circular_buffer_ok.yml	TIMEOUT	error	60.913374028	61.01075558294542	26120192.0					
before	pso	r01	c/pthread-atomic/szymanski.yml	true	correct	0.079361942	0.08580854104366153	26087424.0					
before	pso	r01	c/pthread-atomic/dekker.yml	true	correct	0.067310094	0.07495985401328653	26091520.0					
before	pso	r01	c/pthread-atomic/dekker-unfair.yml	true	correct	0.065495491	0.0669140360550955	26087424.0					
before	pso	r01	c/pthread-theta/unwind3-1.yml	false(unreach-call)	correct	0.069472947	0.07355265005026013	26091520.0					
before	pso	r01	c/pthread-theta/exponential-nondet.yml	true	correct	0.066153308	0.07116425398271531	26103808.0					
before	pso	r01	c/pthread-theta/unwind2-1.yml	false(unreach-call)	correct	0.063984463	0.07035527296829969	26083328.0					
before	pso	r01	c/pthread-theta/unwind2-100.yml	false(unreach-call)	correct	0.067326858	0.07134218304418027	26087424.0					
before	pso	r01	c/pthread/butterfly.yml	true	correct	29.094098104	29.11405118892435	26202112.0					
before	pso	r01	c/pthread-ext/43_NetBSD_sysmon_power_sliced.yml	true	correct	0.06087958	0.06769975903443992	26034176.0					
before	pso	r01	c/goblint-regression/28-race_reach_06-cond_racing1.yml	TIMEOUT	error	61.040985045	61.062590898014605	1057173504.0					
before	pso	r01	c/pthread/queue_ok.yml	true	correct	0.083180219	0.08878096204716712	26296320.0					
before	pso	r01	c/pthread/queue_ok_longer.yml	true	correct	4.209161956	4.215901474934071	125444096.0					
before	pso	r01	c/pthread/queue_ok_longest.yml	true	correct	20.906312773	20.924591513932683	472469504.0					
before	pso	r01	c/pthread/queue_longer.yml	TIMEOUT	error	60.986795159	61.015547543996945	80678912.0					
before	pso	r01	c/pthread/queue.yml	false(unreach-call)	correct	1.215051561	1.223419144982472	26288128.0					
before	pso	r01	c/pthread/singleton.yml	false(unreach-call)	correct	0.082414947	0.08614064392168075	26222592.0					
before	pso	r01	c/pthread/singleton_with-uninit-problems.yml	true	correct	0.076066254	0.08216645906213671	26218496.0					
before	pso	r01	c/pthread-C-DAC/pthread-demo-datarace-3.yml	false(unreach-call)	correct	0.151624528	0.1597514150198549	26083328.0					
before	pso	r01	c/pthread/reorder_2.yml	false(unreach-call)	correct	0.674665954	0.6817749360343441	26218496.0					
before	pso	r01	c/pthread/twostage_3.yml	false(unreach-call)	correct	0.083529481	0.09088565304409713	26349568.0					
before	pso	r01	c/ldv-races/race-1_1-join.yml	true	correct	0.070103646	0.07687569397967309	26218496.0					
before	pso	r01	c/ldv-races/race-1_3-join.yml	false(unreach-call)	correct	0.07456356	0.08077846199739724	26218496.0					
before	pso	r01	c/ldv-races/race-1_2-join.yml	false(unreach-call)	correct	0.068273014	0.07638988504186273	26214400.0					
before	pso	r01	c/ldv-races/race-4_1-thread_local_vars.yml	true	correct	0.068923255	0.07565906411036849	26345472.0					
before	pso	r01	c/ldv-races/race-2_1-container_of.yml	true	correct	0.071853227	0.07692130107898265	26345472.0					
before	pso	r01	c/ldv-races/race-3_1-container_of-global.yml	true	correct	0.068040972	0.07481676107272506	26349568.0					
before	pso	r02	c/goblint-regression/13-privatized_66-mine-W-init_true.yml	true	correct	0.062969695	0.06739014899358153	25923584.0					
before	pso	r02	c/goblint-regression/36-apron_41-threadenter-no-locals_unknown_1_pos.yml	false(unreach-call)	correct	0.069705159	0.0752194250235334	25939968.0					
before	pso	r02	c/goblint-regression/36-apron_16-traces-unprot2_true.yml	true	correct	0.076277338	0.07745306903962046	25997312.0					
before	pso	r02	c/goblint-regression/13-privatized_57-singlethreaded-unlock_true.yml	true	correct	0.070389322	0.07204829691909254	26042368.0					
before	pso	r02	c/goblint-regression/13-privatized_47-refine-protected2_true.yml	true	correct	0.066183776	0.0700596310198307	25935872.0					
before	pso	r02	c/goblint-regression/13-privatized_46-refine-protected1_true.yml	true	correct	0.072056402	0.07524631102569401	26017792.0					
before	pso	r02	c/goblint-regression/36-apron_11-traces-max-simple_true.yml	true	correct	0.06973865	0.07157803699374199	26030080.0					
before	pso	r02	c/goblint-regression/13-privatized_41-traces-ex-7_unknown_1_pos.yml	false(unreach-call)	correct	0.067305483	0.07123887503985316	26042368.0					
before	pso	r02	c/goblint-regression/13-privatized_41-traces-ex-7_unknown_1_neg.yml	false(unreach-call)	correct	0.065029795	0.07498806994408369	25919488.0					
before	pso	r02	c/goblint-regression/13-privatized_40-traces-ex-6_true.yml	true	correct	0.070340235	0.07772673293948174	26042368.0					
before	pso	r02	c/goblint-regression/13-privatized_58-singlethreaded-lock_true.yml	true	correct	0.071275802	0.07534908701200038	25952256.0					
before	pso	r02	c/goblint-regression/13-privatized_44-traces-mine2_true.yml	true	correct	0.069030822	0.0731401740340516	26017792.0					
before	pso	r02	c/goblint-regression/13-privatized_18-first-reads_unknown_2_pos.yml	false(unreach-call)	correct	0.072800003	0.07566501398105174	26001408.0					
before	pso	r02	c/goblint-regression/13-privatized_18-first-reads_unknown_1_neg.yml	false(unreach-call)	correct	0.071533036	0.0754963830113411	26030080.0					
before	pso	r02	c/goblint-regression/13-privatized_36-traces-ex-3_true.yml	true	correct	0.071131116	0.07676273596007377	26046464.0					
before	pso	r02	c/goblint-regression/13-privatized_18-first-reads_true.yml	true	correct	0.069904106	0.07596718205604702	26021888.0					
before	pso	r02	c/goblint-regression/13-privatized_35-traces-ex-2_true.yml	true	correct	0.069804321	0.07537504902575165	25960448.0					
before	pso	r02	c/goblint-regression/13-privatized_37-traces-ex-4_true.yml	true	correct	0.077402666	0.08302447502501309	26046464.0					
before	pso	r02	c/goblint-regression/13-privatized_38-traces-ex-4-switch_true.yml	true	correct	0.07456567	0.07699263794347644	25985024.0					
before	pso	r02	c/goblint-regression/13-privatized_19-publish-precision_unknown_1_pos.yml	false(unreach-call)	correct	0.077360532	0.08002764906268567	25985024.0					
before	pso	r02	c/goblint-regression/13-privatized_19-publish-precision_unknown_2_pos.yml	false(unreach-call)	correct	0.066229942	0.07083045202307403	25985024.0					
before	pso	r02	c/goblint-regression/13-privatized_19-publish-precision_unknown_1_neg.yml	false(unreach-call)	correct	0.064867596	0.06854173506144434	25997312.0					
before	pso	r02	c/goblint-regression/13-privatized_19-publish-precision_unknown_2_neg.yml	false(unreach-call)	correct	0.073354312	0.07683209900278598	25960448.0					
before	pso	r02	c/goblint-regression/13-privatized_45-traces-per-global-and-current-lock-mine-incomparable_true.yml	true	correct	0.070283613	0.07714317401405424	25968640.0					
before	pso	r02	c/goblint-regression/13-privatized_01-priv_nr_true.yml	true	correct	0.065672473	0.06965483690146357	26083328.0					
before	pso	r02	c/goblint-regression/13-privatized_19-publish-precision_true.yml	true	correct	0.068385088	0.07345808506943285	25985024.0					
before	pso	r02	c/goblint-regression/13-privatized_42-traces-ex-mini_true.yml	true	correct	0.069166049	0.07724069792311639	26050560.0					
before	pso	r02	c/goblint-regression/13-privatized_33-traces-v-matters_true.yml	true	correct	0.072582416	0.07658933300990611	26062848.0					
before	pso	r02	c/goblint-regression/13-privatized_25-struct_nr_true.yml	true	correct	0.070282858	0.07512063602916896	26034176.0					
before	pso	r02	c/goblint-regression/13-privatized_69-refine-protected-loop-interval_true.yml	true	correct	0.069370486	0.07544379495084286	26030080.0					
before	pso	r02	c/goblint-regression/36-apron_17-traces-rpb-litmus_unknown_1_neg.yml	false(unreach-call)	correct	0.072542847	0.07882368902210146	26066944.0					
before	pso	r02	c/goblint-regression/13-privatized_31-traces-mine-vs-mutex_true.yml	true	correct	0.072273177	0.07727328094188124	26079232.0					
before	pso	r02	c/goblint-regression/13-privatized_20-publish-regression_true.yml	true	correct	0.063525396	0.06878761597909033	25960448.0					
before	pso	r02	c/goblint-regression/13-privatized_30-traces-oplus-vs-meet_true.yml	true	correct	0.07524806	0.08487653895281255	26091520.0					
before	pso	r02	c/goblint-regression/13-privatized_32-traces-mine-vs-oplus-vs-meet_true.yml	true	correct	0.079608063	0.08727053296752274	26066944.0					
before	pso	r02	c/goblint-regression/13-privatized_34-traces-minepp-L-needs-to-be-um_true.yml	true	correct	0.073084811	0.0772800090489909	26005504.0					
before	pso	r02	c/goblint-regression/13-privatized_68-pfscan_protected_loop_minimal_interval_true.yml	true	correct	0.072221182	0.0769314180361107	26140672.0					
before	pso	r02	c/goblint-regression/13-privatized_29-multiple-protecting2-vesal_true.yml	true	correct	0.071866216	0.078899453044869	26021888.0					
before	pso	r02	c/goblint-regression/13-privatized_24-multiple-protecting_true.yml	true	correct	0.108880044	0.11458525306079537	26112000.0					
before	pso	r02	c/goblint-regression/36-apron_21-traces-cluster-based_true.yml	true	correct	0.079758717	0.08493713999632746	26136576.0					
before	pso	r02	c/goblint-regression/36-apron_22-traces-write-centered-vs-meet-mutex_true_no-overflow.yml	true	correct	0.063431864	0.0690446050139144	26034176.0					
before	pso	r02	c/goblint-regression/13-privatized_27-multiple-protecting2_true.yml	true	correct	0.210363618	0.21614724199753255	26095616.0					
before	pso	r02	c/pthread-ext/14_spin2003.yml	true	correct	0.067201564	0.07117381808348	25968640.0					
before	pso	r02	c/pthread-ext/29_conditionals_vs.yml	true	correct	0.071976245	0.07554095005616546	26001408.0					
before	pso	r02	c/pthread-ext/48_ticket_lock_low_contention_vs-pthread.yml	true	correct	0.071818294	0.07729973003733903	26075136.0					
before	pso	r02	c/pthread-ext/46_monabsex2_vs.yml	true	correct	0.068704513	0.07491621701046824	26025984.0					
before	pso	r02	c/pthread-ext/45_monabsex1_vs.yml	true	correct	0.071800879	0.07749184290878475	26013696.0					
before	pso	r02	c/pthread/stateful01-1.yml	false(unreach-call)	correct	0.074738872	0.07640428410377353	26095616.0					
before	pso	r02	c/pthread/stateful01-2.yml	true	correct	0.069836776	0.07161576999351382	26140672.0					
before	pso	r02	c/pthread-atomic/time_var_mutex.yml	true	correct	0.075115486	0.08377059106715024	26050560.0					
before	pso	r02	c/pthread-ext/01b_inc.yml	true	correct	0.071620463	0.07480960502289236	25976832.0					
before	pso	r02	c/pthread/triangular-1.yml	TIMEOUT	error	60.947224193	61.009497018996626	26116096.0					
before	pso	r02	c/pthread/triangular-2.yml	false(unreach-call)	correct	23.656124647	23.68818764993921	26083328.0					
before	pso	r02	c/pthread-ext/02_inc_cas.yml	true	correct	0.073014297	0.07836456201039255	26066944.0					
before	pso	r02	c/goblint-regression/28-race_reach_21-deref_read_racing.yml	false(unreach-call)	correct	3.515476993	3.5237421999918297	56520704.0					
before	pso	r02	c/pthread-ext/48_ticket_lock_low_contention_vs.yml	true	correct	0.070670425	0.0773738679708913	26025984.0					
before	pso	r02	c/goblint-regression/28-race_reach_37-indirect_racing.yml	TIMEOUT	error	61.038895781	61.06425983004738	1057177600.0					
before	pso	r02	c/goblint-regression/28-race_reach_45-escape_racing.yml	false(unreach-call)	correct	0.072088686	0.07797987898811698	26038272.0					
before	pso	r02	c/goblint-regression/28-race_reach_46-escape_racefree.yml	true	correct	0.074189013	0.07757230498827994	26013696.0					
before	pso	r02	c/goblint-regression/28-race_reach_01-simple_racing.yml	TIMEOUT	error	60.935899538	61.0609478589613	1057087488.0					
before	pso	r02	c/goblint-regression/28-race_reach_11-ptr_racing.yml	TIMEOUT	error	61.00495097	61.0603259409545	1057181696.0					
before	pso	r02	c/pthread-deagle/circular_buffer_bad.yml	false(unreach-call)	correct	0.105168351	0.11081400292459875	26169344.0					
before	pso	r02	c/pthread/fib_safe-5.yml	TIMEOUT	error	60.973196684	61.014487295993604	26099712.0					
before	pso	r02	c/pthread/fib_safe-6.yml	TIMEOUT	error	60.955616996	61.00786150700878	26001408.0					
before	pso	r02	c/pthread/fib_unsafe-5.yml	false(unreach-call)	correct	15.957211441	15.992354320944287	26066944.0					
before	pso	r02	c/pthread/fib_unsafe-6.yml	TIMEOUT	error	60.977620248	61.00966351607349	26136576.0					
before	pso	r02	c/pthread/fib_unsafe-7.yml	TIMEOUT	error	60.977022214	61.0116835689405	26087424.0					
before	pso	r02	c/goblint-regression/28-race_reach_24-sound_lock_racing.yml	TIMEOUT	error	61.044320136	61.06436656694859	1057157120.0					
before	pso	r02	c/pthread/lazy01.yml	false(unreach-call)	correct	0.065066882	0.0730817939620465	26087424.0					
before	pso	r02	c/pthread-deagle/circular_buffer_ok.yml	TIMEOUT	error	60.977492417	61.01040465699043	26214400.0					
before	pso	r02	c/pthread-atomic/szymanski.yml	true	correct	0.071767685	0.07786853599827737	26058752.0					
before	pso	r02	c/pthread-atomic/dekker.yml	true	correct	0.061130027	0.06725971004925668	26087424.0					
before	pso	r02	c/pthread-atomic/dekker-unfair.yml	true	correct	0.06543081	0.07260081404820085	26095616.0					
before	pso	r02	c/pthread-theta/unwind3-1.yml	false(unreach-call)	correct	0.065952026	0.07246145000681281	26087424.0					
before	pso	r02	c/pthread-theta/exponential-nondet.yml	true	correct	0.059025111	0.06539343402255327	26025984.0					
before	pso	r02	c/pthread-theta/unwind2-1.yml	false(unreach-call)	correct	0.064679202	0.07077209500130266	26107904.0					
before	pso	r02	c/pthread-theta/unwind2-100.yml	false(unreach-call)	correct	0.061322106	0.06840783997904509	26144768.0					
before	pso	r02	c/pthread/butterfly.yml	true	correct	28.905957098	28.985122426995076	26202112.0					
before	pso	r02	c/pthread-ext/43_NetBSD_sysmon_power_sliced.yml	true	correct	0.063596704	0.06848340295255184	26021888.0					
before	pso	r02	c/goblint-regression/28-race_reach_06-cond_racing1.yml	TIMEOUT	error	61.037030988	61.05990301806014	1057202176.0					
before	pso	r02	c/pthread/queue_ok.yml	true	correct	0.078311197	0.08553230296820402	26202112.0					
before	pso	r02	c/pthread/queue_ok_longer.yml	true	correct	4.211107022	4.219548141001724	123002880.0					
before	pso	r02	c/pthread/queue_ok_longest.yml	true	correct	21.030326773	21.04674632800743	485195776.0					
before	pso	r02	c/pthread/queue_longer.yml	TIMEOUT	error	60.985706591	61.01432288705837	82370560.0					
before	pso	r02	c/pthread/queue.yml	false(unreach-call)	correct	1.205635084	1.2077751599717885	26296320.0					
before	pso	r02	c/pthread/singleton.yml	false(unreach-call)	correct	0.074285463	0.08250871894415468	26226688.0					
before	pso	r02	c/pthread/singleton_with-uninit-problems.yml	true	correct	0.077648992	0.08215486700646579	26218496.0					
before	pso	r02	c/pthread-C-DAC/pthread-demo-datarace-3.yml	false(unreach-call)	correct	0.154713905	0.16166052198968828	26083328.0					
before	pso	r02	c/pthread/reorder_2.yml	false(unreach-call)	correct	0.674777878	0.681074939086102	26218496.0					
before	pso	r02	c/pthread/twostage_3.yml	false(unreach-call)	correct	0.07755495	0.08535854797810316	26353664.0					
before	pso	r02	c/ldv-races/race-1_1-join.yml	true	correct	0.068842548	0.07633286702912301	26214400.0					
before	pso	r02	c/ldv-races/race-1_3-join.yml	false(unreach-call)	correct	0.075263498	0.07942025805823505	26214400.0					
before	pso	r02	c/ldv-races/race-1_2-join.yml	false(unreach-call)	correct	0.071233191	0.07509127596858889	26222592.0					
before	pso	r02	c/ldv-races/race-4_1-thread_local_vars.yml	true	correct	0.070228614	0.07828813302330673	26345472.0					
before	pso	r02	c/ldv-races/race-2_1-container_of.yml	true	correct	0.069023575	0.07596093998290598	26357760.0					
before	pso	r02	c/ldv-races/race-3_1-container_of-global.yml	true	correct	0.070729078	0.07874036603607237	26349568.0					
before	pso	r03	c/goblint-regression/13-privatized_66-mine-W-init_true.yml	true	correct	0.063919888	0.06796589202713221	25874432.0					
before	pso	r03	c/goblint-regression/36-apron_41-threadenter-no-locals_unknown_1_pos.yml	false(unreach-call)	correct	0.059481369	0.06922915193717927	25919488.0					
before	pso	r03	c/goblint-regression/36-apron_16-traces-unprot2_true.yml	true	correct	0.071889962	0.07687191397417337	25993216.0					
before	pso	r03	c/goblint-regression/13-privatized_57-singlethreaded-unlock_true.yml	true	correct	0.071397331	0.07584952306933701	26030080.0					
before	pso	r03	c/goblint-regression/13-privatized_47-refine-protected2_true.yml	true	correct	0.071486068	0.07792358088772744	25919488.0					
before	pso	r03	c/goblint-regression/13-privatized_46-refine-protected1_true.yml	true	correct	0.067532489	0.0711293559288606	25923584.0					
before	pso	r03	c/goblint-regression/36-apron_11-traces-max-simple_true.yml	true	correct	0.070220332	0.07681897096335888	25956352.0					
before	pso	r03	c/goblint-regression/13-privatized_41-traces-ex-7_unknown_1_pos.yml	false(unreach-call)	correct	0.070769506	0.07417600404005498	25980928.0					
before	pso	r03	c/goblint-regression/13-privatized_41-traces-ex-7_unknown_1_neg.yml	false(unreach-call)	correct	0.067023799	0.07306384993717074	25993216.0					
before	pso	r03	c/goblint-regression/13-privatized_40-traces-ex-6_true.yml	true	correct	0.064770216	0.07105550600681454	26025984.0					
before	pso	r03	c/goblint-regression/13-privatized_58-singlethreaded-lock_true.yml	true	correct	0.069486636	0.07511312200222164	25944064.0					
before	pso	r03	c/goblint-regression/13-privatized_44-traces-mine2_true.yml	true	correct	0.07168203	0.07780810398980975	25976832.0					
before	pso	r03	c/goblint-regression/13-privatized_18-first-reads_unknown_2_pos.yml	false(unreach-call)	correct	0.070982557	0.07543865800835192	26030080.0					
before	pso	r03	c/goblint-regression/13-privatized_18-first-reads_unknown_1_neg.yml	false(unreach-call)	correct	0.068117568	0.0740229650400579	26005504.0					
before	pso	r03	c/goblint-regression/13-privatized_36-traces-ex-3_true.yml	true	correct	0.071007722	0.07550744689069688	25993216.0					
before	pso	r03	c/goblint-regression/13-privatized_18-first-reads_true.yml	true	correct	0.067566312	0.07095200603362173	25997312.0					
before	pso	r03	c/goblint-regression/13-privatized_35-traces-ex-2_true.yml	true	correct	0.073807246	0.08061183791141957	25948160.0					
before	pso	r03	c/goblint-regression/13-privatized_37-traces-ex-4_true.yml	true	correct	0.066867892	0.07278877007775009	26083328.0					
before	pso	r03	c/goblint-regression/13-privatized_38-traces-ex-4-switch_true.yml	true	correct	0.065776508	0.06743255106266588	26030080.0					
before	pso	r03	c/goblint-regression/13-privatized_19-publish-precision_unknown_1_pos.yml	false(unreach-call)	correct	0.071134215	0.08109469595365226	25968640.0					
before	pso	r03	c/goblint-regression/13-privatized_19-publish-precision_unknown_2_pos.yml	false(unreach-call)	correct	0.071916731	0.07500696799252182	26066944.0					
before	pso	r03	c/goblint-regression/13-privatized_19-publish-precision_unknown_1_neg.yml	false(unreach-call)	correct	0.072407297	0.07713229302316904	26013696.0					
before	pso	r03	c/goblint-regression/13-privatized_19-publish-precision_unknown_2_neg.yml	false(unreach-call)	correct	0.071034534	0.074966149055399	26071040.0					
before	pso	r03	c/goblint-regression/13-privatized_45-traces-per-global-and-current-lock-mine-incomparable_true.yml	true	correct	0.068685289	0.07305595104116946	26058752.0					
before	pso	r03	c/goblint-regression/13-privatized_01-priv_nr_true.yml	true	correct	0.069561703	0.07776220806408674	26030080.0					
before	pso	r03	c/goblint-regression/13-privatized_19-publish-precision_true.yml	true	correct	0.075924258	0.08115217508748174	25956352.0					
before	pso	r03	c/goblint-regression/13-privatized_42-traces-ex-mini_true.yml	true	correct	0.062663003	0.06758024799637496	26001408.0					
before	pso	r03	c/goblint-regression/13-privatized_33-traces-v-matters_true.yml	true	correct	0.0742234	0.08217154198791832	25952256.0					
before	pso	r03	c/goblint-regression/13-privatized_25-struct_nr_true.yml	true	correct	0.077036393	0.07941237604245543	26034176.0					
before	pso	r03	c/goblint-regression/13-privatized_69-refine-protected-loop-interval_true.yml	true	correct	0.075169746	0.08384899399243295	26079232.0					
before	pso	r03	c/goblint-regression/36-apron_17-traces-rpb-litmus_unknown_1_neg.yml	false(unreach-call)	correct	0.06865377	0.0801361269550398	26021888.0					
before	pso	r03	c/goblint-regression/13-privatized_31-traces-mine-vs-mutex_true.yml	true	correct	0.073899446	0.08024416991975158	26058752.0					
before	pso	r03	c/goblint-regression/13-privatized_20-publish-regression_true.yml	true	correct	0.06943083	0.07160256989300251	25997312.0					
before	pso	r03	c/goblint-regression/13-privatized_30-traces-oplus-vs-meet_true.yml	true	correct	0.065251558	0.06880608899518847	25972736.0					
before	pso	r03	c/goblint-regression/13-privatized_32-traces-mine-vs-oplus-vs-meet_true.yml	true	correct	0.075273169	0.08302104705944657	26066944.0					
before	pso	r03	c/goblint-regression/13-privatized_34-traces-minepp-L-needs-to-be-um_true.yml	true	correct	0.070463599	0.07557338301558048	26030080.0					
before	pso	r03	c/goblint-regression/13-privatized_68-pfscan_protected_loop_minimal_interval_true.yml	true	correct	0.069096013	0.07372354995459318	26161152.0					
before	pso	r03	c/goblint-regression/13-privatized_29-multiple-protecting2-vesal_true.yml	true	correct	0.079635596	0.08383849309757352	26095616.0					
before	pso	r03	c/goblint-regression/13-privatized_24-multiple-protecting_true.yml	true	correct	0.115069199	0.12180320196785033	26009600.0					
before	pso	r03	c/goblint-regression/36-apron_21-traces-cluster-based_true.yml	true	correct	0.080621828	0.08612344600260258	26157056.0					
before	pso	r03	c/goblint-regression/36-apron_22-traces-write-centered-vs-meet-mutex_true_no-overflow.yml	true	correct	0.066033519	0.07099707191810012	26083328.0					
before	pso	r03	c/goblint-regression/13-privatized_27-multiple-protecting2_true.yml	true	correct	0.165379782	0.17193681304343045	26173440.0					
before	pso	r03	c/pthread-ext/14_spin2003.yml	true	correct	0.071460258	0.07833902805577964	26025984.0					
before	pso	r03	c/pthread-ext/29_conditionals_vs.yml	true	correct	0.073243101	0.07954995194450021	25915392.0					
before	pso	r03	c/pthread-ext/48_ticket_lock_low_contention_vs-pthread.yml	true	correct	0.0710514	0.0741971469251439	26030080.0					
before	pso	r03	c/pthread-ext/46_monabsex2_vs.yml	true	correct	0.068594429	0.07330280996393412	25997312.0					
before	pso	r03	c/pthread-ext/45_monabsex1_vs.yml	true	correct	0.074435652	0.07766409392934293	25956352.0					
before	pso	r03	c/pthread/stateful01-1.yml	false(unreach-call)	correct	0.073805703	0.07701450190506876	26144768.0					
before	pso	r03	c/pthread/stateful01-2.yml	true	correct	0.069361419	0.07198916503693908	26013696.0					
before	pso	r03	c/pthread-atomic/time_var_mutex.yml	true	correct	0.074873151	0.0812148250406608	26169344.0					
before	pso	r03	c/pthread-ext/01b_inc.yml	true	correct	0.07187197	0.07966466399375349	26091520.0					
before	pso	r03	c/pthread/triangular-1.yml	TIMEOUT	error	60.964860511	61.01105464203283	26050560.0					
before	pso	r03	c/pthread/triangular-2.yml	false(unreach-call)	correct	23.56858349	23.590303896926343	26038272.0					
before	pso	r03	c/pthread-ext/02_inc_cas.yml	true	correct	0.070689673	0.07692459598183632	26058752.0					
before	pso	r03	c/goblint-regression/28-race_reach_21-deref_read_racing.yml	false(unreach-call)	correct	3.484276028	3.4972051680088043	56647680.0					
before	pso	r03	c/pthread-ext/48_ticket_lock_low_contention_vs.yml	true	correct	0.07171622	0.0805595259880647	25968640.0					
before	pso	r03	c/goblint-regression/28-race_reach_37-indirect_racing.yml	TIMEOUT	error	61.039393855	61.0660184599692	1057177600.0					
before	pso	r03	c/goblint-regression/28-race_reach_45-escape_racing.yml	false(unreach-call)	correct	0.074729623	0.08347815205343068	26103808.0					
before	pso	r03	c/goblint-regression/28-race_reach_46-escape_racefree.yml	true	correct	0.077062842	0.08120274590328336	26038272.0					
before	pso	r03	c/goblint-regression/28-race_reach_01-simple_racing.yml	TIMEOUT	error	61.041017294	61.063813043991104	1057161216.0					
before	pso	r03	c/goblint-regression/28-race_reach_11-ptr_racing.yml	TIMEOUT	error	60.919993502	61.06404243502766	1057157120.0					
before	pso	r03	c/pthread-deagle/circular_buffer_bad.yml	false(unreach-call)	correct	0.113755975	0.12224637705367059	26112000.0					
before	pso	r03	c/pthread/fib_safe-5.yml	TIMEOUT	error	60.975816327	61.010908636962995	26001408.0					
before	pso	r03	c/pthread/fib_safe-6.yml	TIMEOUT	error	60.970120808	61.01435131998733	26083328.0					
before	pso	r03	c/pthread/fib_unsafe-5.yml	false(unreach-call)	correct	15.935787136	15.947830675984733	26054656.0					
before	pso	r03	c/pthread/fib_unsafe-6.yml	TIMEOUT	error	60.977974036	61.01249489909969	26107904.0					
before	pso	r03	c/pthread/fib_unsafe-7.yml	TIMEOUT	error	60.975455229	61.01020276197232	26087424.0					
before	pso	r03	c/goblint-regression/28-race_reach_24-sound_lock_racing.yml	TIMEOUT	error	61.044030462	61.067650926997885	1057067008.0					
before	pso	r03	c/pthread/lazy01.yml	false(unreach-call)	correct	0.067147039	0.07413829897996038	26083328.0					
before	pso	r03	c/pthread-deagle/circular_buffer_ok.yml	TIMEOUT	error	60.982472276	61.01246364507824	26226688.0					
before	pso	r03	c/pthread-atomic/szymanski.yml	true	correct	0.074947739	0.0815330499317497	26079232.0					
before	pso	r03	c/pthread-atomic/dekker.yml	true	correct	0.064347903	0.07133698894176632	26087424.0					
before	pso	r03	c/pthread-atomic/dekker-unfair.yml	true	correct	0.063191943	0.0681260860292241	26058752.0					
before	pso	r03	c/pthread-theta/unwind3-1.yml	false(unreach-call)	correct	0.063120686	0.06970912602264434	26091520.0					
before	pso	r03	c/pthread-theta/exponential-nondet.yml	true	correct	0.062690917	0.06956965592689812	26083328.0					
before	pso	r03	c/pthread-theta/unwind2-1.yml	false(unreach-call)	correct	0.061074622	0.06796567502897233	26083328.0					
before	pso	r03	c/pthread-theta/unwind2-100.yml	false(unreach-call)	correct	0.067283318	0.0712844020454213	26091520.0					
before	pso	r03	c/pthread/butterfly.yml	true	correct	29.13197371	29.17037421290297	26218496.0					
before	pso	r03	c/pthread-ext/43_NetBSD_sysmon_power_sliced.yml	true	correct	0.065882749	0.073178741033189	26046464.0					
before	pso	r03	c/goblint-regression/28-race_reach_06-cond_racing1.yml	TIMEOUT	error	61.040258585	61.06063473201357	1057103872.0					
before	pso	r03	c/pthread/queue_ok.yml	true	correct	0.079182069	0.08786366193089634	26173440.0					
before	pso	r03	c/pthread/queue_ok_longer.yml	true	correct	4.227009845	4.233322963002138	125521920.0					
before	pso	r03	c/pthread/queue_ok_longest.yml	true	correct	21.273405185	21.291164897964336	511221760.0					
before	pso	r03	c/pthread/queue_longer.yml	TIMEOUT	error	60.985375759	61.016585109056905	80580608.0					
before	pso	r03	c/pthread/queue.yml	false(unreach-call)	correct	1.211166361	1.2196449369657785	26296320.0					
before	pso	r03	c/pthread/singleton.yml	false(unreach-call)	correct	0.069728215	0.07697491103317589	26222592.0					
before	pso	r03	c/pthread/singleton_with-uninit-problems.yml	true	correct	0.072968416	0.08109677804168314	26218496.0					
before	pso	r03	c/pthread-C-DAC/pthread-demo-datarace-3.yml	false(unreach-call)	correct	0.1536352	0.1578840670408681	26087424.0					
before	pso	r03	c/pthread/reorder_2.yml	false(unreach-call)	correct	0.672503274	0.6806127899326384	26243072.0					
before	pso	r03	c/pthread/twostage_3.yml	false(unreach-call)	correct	0.085874182	0.09406669600866735	26378240.0					
before	pso	r03	c/ldv-races/race-1_1-join.yml	true	correct	0.067766656	0.07507377595175058	26226688.0					
before	pso	r03	c/ldv-races/race-1_3-join.yml	false(unreach-call)	correct	0.070975144	0.0753401949768886	26218496.0					
before	pso	r03	c/ldv-races/race-1_2-join.yml	false(unreach-call)	correct	0.069888279	0.07597116695251316	26271744.0					
before	pso	r03	c/ldv-races/race-4_1-thread_local_vars.yml	true	correct	0.068137214	0.0762116159312427	26337280.0					
before	pso	r03	c/ldv-races/race-2_1-container_of.yml	true	correct	0.073936404	0.07876453397329897	26349568.0					
before	pso	r03	c/ldv-races/race-3_1-container_of-global.yml	true	correct	0.066368948	0.07297675299923867	26312704.0					
before	pso	r04	c/goblint-regression/13-privatized_66-mine-W-init_true.yml	true	correct	0.069541411	0.07130169705487788	25952256.0					
before	pso	r04	c/goblint-regression/36-apron_41-threadenter-no-locals_unknown_1_pos.yml	false(unreach-call)	correct	0.060898955	0.06505510699935257	26001408.0					
before	pso	r04	c/goblint-regression/36-apron_16-traces-unprot2_true.yml	true	correct	0.069677929	0.07277661899570376	25903104.0					
before	pso	r04	c/goblint-regression/13-privatized_57-singlethreaded-unlock_true.yml	true	correct	0.070144642	0.07456972997169942	25960448.0					
before	pso	r04	c/goblint-regression/13-privatized_47-refine-protected2_true.yml	true	correct	0.066469552	0.07053017499856651	26017792.0					
before	pso	r04	c/goblint-regression/13-privatized_46-refine-protected1_true.yml	true	correct	0.07162808	0.07493128103669733	26046464.0					
before	pso	r04	c/goblint-regression/36-apron_11-traces-max-simple_true.yml	true	correct	0.06453091	0.07049168494995683	25907200.0					
before	pso	r04	c/goblint-regression/13-privatized_41-traces-ex-7_unknown_1_pos.yml	false(unreach-call)	correct	0.071035803	0.07611103402450681	26042368.0					
before	pso	r04	c/goblint-regression/13-privatized_41-traces-ex-7_unknown_1_neg.yml	false(unreach-call)	correct	0.069647144	0.07655852194875479	25993216.0					
before	pso	r04	c/goblint-regression/13-privatized_40-traces-ex-6_true.yml	true	correct	0.057755083	0.0643179869512096	25964544.0					
before	pso	r04	c/goblint-regression/13-privatized_58-singlethreaded-lock_true.yml	true	correct	0.065736393	0.0708177339984104	26038272.0					
before	pso	r04	c/goblint-regression/13-privatized_44-traces-mine2_true.yml	true	correct	0.067457371	0.07212035602424294	25980928.0					
before	pso	r04	c/goblint-regression/13-privatized_18-first-reads_unknown_2_pos.yml	false(unreach-call)	correct	0.067845704	0.07275197398848832	26083328.0					
before	pso	r04	c/goblint-regression/13-privatized_18-first-reads_unknown_1_neg.yml	false(unreach-call)	correct	0.071614239	0.07740660908166319	26066944.0					
before	pso	r04	c/goblint-regression/13-privatized_36-traces-ex-3_true.yml	true	correct	0.071258135	0.07770627189893275	26001408.0					
before	pso	r04	c/goblint-regression/13-privatized_18-first-reads_true.yml	true	correct	0.071464747	0.07803243910893798	26034176.0					
before	pso	r04	c/goblint-regression/13-privatized_35-traces-ex-2_true.yml	true	correct	0.062761089	0.06841027794871479	25985024.0					
before	pso	r04	c/goblint-regression/13-privatized_37-traces-ex-4_true.yml	true	correct	0.072346036	0.07707457593642175	26079232.0					
before	pso	r04	c/goblint-regression/13-privatized_38-traces-ex-4-switch_true.yml	true	correct	0.071342944	0.07568650203756988	26046464.0					
before	pso	r04	c/goblint-regression/13-privatized_19-publish-precision_unknown_1_pos.yml	false(unreach-call)	correct	0.068911902	0.07516177603974938	26017792.0					
before	pso	r04	c/goblint-regression/13-privatized_19-publish-precision_unknown_2_pos.yml	false(unreach-call)	correct	0.067633887	0.0746085389982909	25997312.0					
before	pso	r04	c/goblint-regression/13-privatized_19-publish-precision_unknown_1_neg.yml	false(unreach-call)	correct	0.075026092	0.07779593102168292	26107904.0					
before	pso	r04	c/goblint-regression/13-privatized_19-publish-precision_unknown_2_neg.yml	false(unreach-call)	correct	0.067750755	0.07214325398672372	26050560.0					
before	pso	r04	c/goblint-regression/13-privatized_45-traces-per-global-and-current-lock-mine-incomparable_true.yml	true	correct	0.072125912	0.07803871796932071	26054656.0					
before	pso	r04	c/goblint-regression/13-privatized_01-priv_nr_true.yml	true	correct	0.063208215	0.07247988798189908	25960448.0					
before	pso	r04	c/goblint-regression/13-privatized_19-publish-precision_true.yml	true	correct	0.075528127	0.07963643001858145	26071040.0					
before	pso	r04	c/goblint-regression/13-privatized_42-traces-ex-mini_true.yml	true	correct	0.070503939	0.07509244605898857	25935872.0					
before	pso	r04	c/goblint-regression/13-privatized_33-traces-v-matters_true.yml	true	correct	0.068180217	0.07264191505964845	25964544.0					
before	pso	r04	c/goblint-regression/13-privatized_25-struct_nr_true.yml	true	correct	0.07370207	0.07671148888766766	26030080.0					
before	pso	r04	c/goblint-regression/13-privatized_69-refine-protected-loop-interval_true.yml	true	correct	0.070766656	0.07790668692905456	26124288.0					
before	pso	r04	c/goblint-regression/36-apron_17-traces-rpb-litmus_unknown_1_neg.yml	false(unreach-call)	correct	0.072874979	0.07537048903759569	25972736.0					
before	pso	r04	c/goblint-regression/13-privatized_31-traces-mine-vs-mutex_true.yml	true	correct	0.074131325	0.08014502993319184	26071040.0					
before	pso	r04	c/goblint-regression/13-privatized_20-publish-regression_true.yml	true	correct	0.06315369	0.06851797993294895	26013696.0					
before	pso	r04	c/goblint-regression/13-privatized_30-traces-oplus-vs-meet_true.yml	true	correct	0.076813345	0.08374718599952757	26009600.0					
before	pso	r04	c/goblint-regression/13-privatized_32-traces-mine-vs-oplus-vs-meet_true.yml	true	correct	0.073231253	0.07840789703186601	26083328.0					
before	pso	r04	c/goblint-regression/13-privatized_34-traces-minepp-L-needs-to-be-um_true.yml	true	correct	0.066343897	0.07085711392574012	26075136.0					
before	pso	r04	c/goblint-regression/13-privatized_68-pfscan_protected_loop_minimal_interval_true.yml	true	correct	0.079195273	0.08100077288690954	26120192.0					
before	pso	r04	c/goblint-regression/13-privatized_29-multiple-protecting2-vesal_true.yml	true	correct	0.079454844	0.08586491993628442	26013696.0					
before	pso	r04	c/goblint-regression/13-privatized_24-multiple-protecting_true.yml	true	correct	0.108797936	0.1162445229711011	26095616.0					
before	pso	r04	c/goblint-regression/36-apron_21-traces-cluster-based_true.yml	true	correct	0.080656012	0.082722955965437	26144768.0					
before	pso	r04	c/goblint-regression/36-apron_22-traces-write-centered-vs-meet-mutex_true_no-overflow.yml	true	correct	0.061578255	0.06806603202130646	26025984.0					
before	pso	r04	c/goblint-regression/13-privatized_27-multiple-protecting2_true.yml	true	correct	0.209649994	0.2134355780435726	26173440.0					
before	pso	r04	c/pthread-ext/14_spin2003.yml	true	correct	0.068258331	0.07354661298450083	26017792.0					
before	pso	r04	c/pthread-ext/29_conditionals_vs.yml	true	correct	0.069518187	0.0738320091040805	25923584.0					
before	pso	r04	c/pthread-ext/48_ticket_lock_low_contention_vs-pthread.yml	true	correct	0.072336431	0.07443969999440014	26005504.0					
before	pso	r04	c/pthread-ext/46_monabsex2_vs.yml	true	correct	0.071426231	0.07874305790755898	25952256.0					
before	pso	r04	c/pthread-ext/45_monabsex1_vs.yml	true	correct	0.066911523	0.07086655404418707	26042368.0					
before	pso	r04	c/pthread/stateful01-1.yml	false(unreach-call)	correct	0.078999236	0.09077318594790995	26013696.0					
before	pso	r04	c/pthread/stateful01-2.yml	true	correct	0.069896869	0.07484164100605994	26050560.0					
before	pso	r04	c/pthread-atomic/time_var_mutex.yml	true	correct	0.070269444	0.07976523204706609	26144768.0					
before	pso	r04	c/pthread-ext/01b_inc.yml	true	correct	0.068251631	0.07471270789392292	25989120.0					
before	pso	r04	c/pthread/triangular-1.yml	TIMEOUT	error	60.975297969	61.0086484689964	26034176.0					
before	pso	r04	c/pthread/triangular-2.yml	false(unreach-call)	correct	23.640646777	23.65392957290169	26083328.0					
before	pso	r04	c/pthread-ext/02_inc_cas.yml	true	correct	0.073818765	0.077671107952483	26013696.0					
before	pso	r04	c/goblint-regression/28-race_reach_21-deref_read_racing.yml	false(unreach-call)	correct	3.480977642	3.497326527023688	56578048.0					
before	pso	r04	c/pthread-ext/48_ticket_lock_low_contention_vs.yml	true	correct	0.068830447	0.07304769894108176	26038272.0					
before	pso	r04	c/goblint-regression/28-race_reach_37-indirect_racing.yml	TIMEOUT	error	61.045193651	61.067050427081995	1057128448.0					
before	pso	r04	c/goblint-regression/28-race_reach_45-escape_racing.yml	false(unreach-call)	correct	0.071479823	0.07961367291864008	26103808.0					
before	pso	r04	c/goblint-regression/28-race_reach_46-escape_racefree.yml	true	correct	0.07119339	0.07678278302773833	26013696.0					
before	pso	r04	c/goblint-regression/28-race_reach_01-simple_racing.yml	TIMEOUT	error	61.04190244	61.06169504800346	1057140736.0					
before	pso	r04	c/goblint-regression/28-race_reach_11-ptr_racing.yml	TIMEOUT	error	61.037051029	61.05904673598707	1057075200.0					
before	pso	r04	c/pthread-deagle/circular_buffer_bad.yml	false(unreach-call)	correct	0.111789616	0.1170064159668982	26091520.0					
before	pso	r04	c/pthread/fib_safe-5.yml	TIMEOUT	error	60.977667361	61.01186363201123	26046464.0					
before	pso	r04	c/pthread/fib_safe-6.yml	TIMEOUT	error	60.97494217	61.01172506099101	26099712.0					
before	pso	r04	c/pthread/fib_unsafe-5.yml	false(unreach-call)	correct	15.876324057	15.912057268084027	26087424.0					
before	pso	r04	c/pthread/fib_unsafe-6.yml	TIMEOUT	error	60.894194131	61.01894623506814	26021888.0					
before	pso	r04	c/pthread/fib_unsafe-7.yml	TIMEOUT	error	60.978260991	61.013275685952976	26083328.0					
before	pso	r04	c/goblint-regression/28-race_reach_24-sound_lock_racing.yml	TIMEOUT	error	61.047051838	61.067208918044344	1057165312.0					
before	pso	r04	c/pthread/lazy01.yml	false(unreach-call)	correct	0.067124453	0.07225264294538647	26025984.0					
before	pso	r04	c/pthread-deagle/circular_buffer_ok.yml	TIMEOUT	error	60.977501858	61.01122513809241	26091520.0					
before	pso	r04	c/pthread-atomic/szymanski.yml	true	correct	0.081156988	0.0857879949035123	26050560.0					
before	pso	r04	c/pthread-atomic/dekker.yml	true	correct	0.068124749	0.07467541890218854	26103808.0					
before	pso	r04	c/pthread-atomic/dekker-unfair.yml	true	correct	0.069038408	0.07109269290231168	26050560.0					
before	pso	r04	c/pthread-theta/unwind3-1.yml	false(unreach-call)	correct	0.062712493	0.06973740796092898	26083328.0					
before	pso	r04	c/pthread-theta/exponential-nondet.yml	true	correct	0.06891615	0.07305646408349276	26087424.0					
before	pso	r04	c/pthread-theta/unwind2-1.yml	false(unreach-call)	correct	0.066469045	0.07204072491731495	26087424.0					
before	pso	r04	c/pthread-theta/unwind2-100.yml	false(unreach-call)	correct	0.067643409	0.07060920004732907	26083328.0					
before	pso	r04	c/pthread/butterfly.yml	true	correct	29.023229611	29.04423342901282	26181632.0					
before	pso	r04	c/pthread-ext/43_NetBSD_sysmon_power_sliced.yml	true	correct	0.066877207	0.0727284790482372	25964544.0					
before	pso	r04	c/goblint-regression/28-race_reach_06-cond_racing1.yml	TIMEOUT	error	61.036622684	61.056885342113674	1057140736.0					
before	pso	r04	c/pthread/queue_ok.yml	true	correct	0.085426591	0.08766228402964771	26161152.0					
before	pso	r04	c/pthread/queue_ok_longer.yml	true	correct	4.220698057	4.230356671963818	125485056.0					
before	pso	r04	c/pthread/queue_ok_longest.yml	true	correct	21.251092392	21.27041039301548	488980480.0					
before	pso	r04	c/pthread/queue_longer.yml	TIMEOUT	error	60.986781026	61.01584718003869	80633856.0					
before	pso	r04	c/pthread/queue.yml	false(unreach-call)	correct	1.206411077	1.2158296779962257	26300416.0					
before	pso	r04	c/pthread/singleton.yml	false(unreach-call)	correct	0.071957725	0.07974087202455848	26222592.0					
before	pso	r04	c/pthread/singleton_with-uninit-problems.yml	true	correct	0.077735708	0.0812874500406906	26214400.0					
before	pso	r04	c/pthread-C-DAC/pthread-demo-datarace-3.yml	false(unreach-call)	correct	0.149804872	0.15698130894452333	26087424.0					
before	pso	r04	c/pthread/reorder_2.yml	false(unreach-call)	correct	0.674504314	0.6805089849513024	26218496.0					
before	pso	r04	c/pthread/twostage_3.yml	false(unreach-call)	correct	0.085324198	0.09268073400016874	26345472.0					
before	pso	r04	c/ldv-races/race-1_1-join.yml	true	correct	0.066727865	0.0739941589999944	26206208.0					
before	pso	r04	c/ldv-races/race-1_3-join.yml	false(unreach-call)	correct	0.066611325	0.07165506004821509	26234880.0					
before	pso	r04	c/ldv-races/race-1_2-join.yml	false(unreach-call)	correct	0.074397089	0.07899093197192997	26296320.0					
before	pso	r04	c/ldv-races/race-4_1-thread_local_vars.yml	true	correct	0.069622867	0.07701259502209723	26312704.0					
before	pso	r04	c/ldv-races/race-2_1-container_of.yml	true	correct	0.071006228	0.07886531599797308	26345472.0					
before	pso	r04	c/ldv-races/race-3_1-container_of-global.yml	true	correct	0.067209143	0.07424963405355811	26312704.0					
after	sc	r01	c/goblint-regression/13-privatized_66-mine-W-init_true.yml	true	correct	0.066033123	0.07281707902438939	25804800.0					
after	sc	r01	c/goblint-regression/36-apron_41-threadenter-no-locals_unknown_1_pos.yml	false(unreach-call)	correct	0.067807108	0.07315137109253556	25784320.0					
after	sc	r01	c/goblint-regression/36-apron_16-traces-unprot2_true.yml	true	correct	0.074557389	0.09366615803446621	25788416.0					
after	sc	r01	c/goblint-regression/13-privatized_57-singlethreaded-unlock_true.yml	true	correct	0.069843447	0.10669227095786482	25825280.0					
after	sc	r01	c/goblint-regression/13-privatized_47-refine-protected2_true.yml	true	correct	0.069991094	0.0976836180780083	25776128.0					
after	sc	r01	c/goblint-regression/13-privatized_46-refine-protected1_true.yml	true	correct	0.065633908	0.07148215803317726	25833472.0					
after	sc	r01	c/goblint-regression/36-apron_11-traces-max-simple_true.yml	true	correct	0.067069362	0.07440779590979218	25751552.0					
after	sc	r01	c/goblint-regression/13-privatized_41-traces-ex-7_unknown_1_pos.yml	false(unreach-call)	correct	0.064510159	0.0708253220655024	25784320.0					
after	sc	r01	c/goblint-regression/13-privatized_41-traces-ex-7_unknown_1_neg.yml	false(unreach-call)	correct	0.0702568	0.07735783001407981	25796608.0					
after	sc	r01	c/goblint-regression/13-privatized_40-traces-ex-6_true.yml	true	correct	0.069750227	0.07578260102309287	25804800.0					
after	sc	r01	c/goblint-regression/13-privatized_58-singlethreaded-lock_true.yml	true	correct	0.072136633	0.07698223390616477	25788416.0					
after	sc	r01	c/goblint-regression/13-privatized_44-traces-mine2_true.yml	true	correct	0.074990467	0.07745999097824097	25767936.0					
after	sc	r01	c/goblint-regression/13-privatized_18-first-reads_unknown_2_pos.yml	false(unreach-call)	correct	0.074912019	0.0813168779714033	25825280.0					
after	sc	r01	c/goblint-regression/13-privatized_18-first-reads_unknown_1_neg.yml	false(unreach-call)	correct	0.074698278	0.07677952002268285	25866240.0					
after	sc	r01	c/goblint-regression/13-privatized_36-traces-ex-3_true.yml	true	correct	0.067665383	0.07398471003398299	25804800.0					
after	sc	r01	c/goblint-regression/13-privatized_18-first-reads_true.yml	true	correct	0.065688571	0.06954341800883412	25882624.0					
after	sc	r01	c/goblint-regression/13-privatized_35-traces-ex-2_true.yml	true	correct	0.071770592	0.07875683100428432	25776128.0					
after	sc	r01	c/goblint-regression/13-privatized_37-traces-ex-4_true.yml	true	correct	0.069383478	0.07482655392959714	25739264.0					
after	sc	r01	c/goblint-regression/13-privatized_38-traces-ex-4-switch_true.yml	true	correct	0.070540155	0.08584278903435916	25755648.0					
after	sc	r01	c/goblint-regression/13-privatized_19-publish-precision_unknown_1_pos.yml	false(unreach-call)	correct	0.070149627	0.07973679294809699	25886720.0					
after	sc	r01	c/goblint-regression/13-privatized_19-publish-precision_unknown_2_pos.yml	false(unreach-call)	correct	0.069183762	0.0767838970059529	25829376.0					
after	sc	r01	c/goblint-regression/13-privatized_19-publish-precision_unknown_1_neg.yml	false(unreach-call)	correct	0.073985397	0.07700145791750401	25853952.0					
after	sc	r01	c/goblint-regression/13-privatized_19-publish-precision_unknown_2_neg.yml	false(unreach-call)	correct	0.068161421	0.07851322100032121	25878528.0					
after	sc	r01	c/goblint-regression/13-privatized_45-traces-per-global-and-current-lock-mine-incomparable_true.yml	true	correct	0.066329159	0.07362195197492838	25837568.0					
after	sc	r01	c/goblint-regression/13-privatized_01-priv_nr_true.yml	true	correct	0.070078212	0.07515533803962171	25878528.0					
after	sc	r01	c/goblint-regression/13-privatized_19-publish-precision_true.yml	true	correct	0.067777265	0.07510407792869955	25821184.0					
after	sc	r01	c/goblint-regression/13-privatized_42-traces-ex-mini_true.yml	true	correct	0.076540765	0.11380671407096088	25825280.0					
after	sc	r01	c/goblint-regression/13-privatized_33-traces-v-matters_true.yml	true	correct	0.072366948	0.09418408607598394	25825280.0					
after	sc	r01	c/goblint-regression/13-privatized_25-struct_nr_true.yml	true	correct	0.070262943	0.0782396289287135	25829376.0					
after	sc	r01	c/goblint-regression/13-privatized_69-refine-protected-loop-interval_true.yml	true	correct	0.072558238	0.07794397603720427	25931776.0					
after	sc	r01	c/goblint-regression/36-apron_17-traces-rpb-litmus_unknown_1_neg.yml	false(unreach-call)	correct	0.06867155	0.07179979200009257	25890816.0					
after	sc	r01	c/goblint-regression/13-privatized_31-traces-mine-vs-mutex_true.yml	true	correct	0.067821686	0.07298890105448663	25862144.0					
after	sc	r01	c/goblint-regression/13-privatized_20-publish-regression_true.yml	true	correct	0.072768905	0.07749781897291541	25874432.0					
after	sc	r01	c/goblint-regression/13-privatized_30-traces-oplus-vs-meet_true.yml	true	correct	0.06897303	0.08391526993364096	25862144.0					
after	sc	r01	c/goblint-regression/13-privatized_32-traces-mine-vs-oplus-vs-meet_true.yml	true	correct	0.072377645	0.07797211804427207	25837568.0					
after	sc	r01	c/goblint-regression/13-privatized_34-traces-minepp-L-needs-to-be-um_true.yml	true	correct	0.068122178	0.07184026797767729	25882624.0					
after	sc	r01	c/goblint-regression/13-privatized_68-pfscan_protected_loop_minimal_interval_true.yml	true	correct	0.073474851	0.08973587106447667	25882624.0					
after	sc	r01	c/goblint-regression/13-privatized_29-multiple-protecting2-vesal_true.yml	true	correct	0.070000448	0.07546575600281358	25837568.0					
after	sc	r01	c/goblint-regression/13-privatized_24-multiple-protecting_true.yml	true	correct	0.073865216	0.07585011702030897	25858048.0					
after	sc	r01	c/goblint-regression/36-apron_21-traces-cluster-based_true.yml	true	correct	0.07252049	0.08845147199463099	25849856.0					
after	sc	r01	c/goblint-regression/36-apron_22-traces-write-centered-vs-meet-mutex_true_no-overflow.yml	true	correct	0.069259371	0.07692463195417076	25825280.0					
after	sc	r01	c/goblint-regression/13-privatized_27-multiple-protecting2_true.yml	true	correct	0.079526263	0.08505035296548158	25899008.0					
after	sc	r01	c/pthread-ext/14_spin2003.yml	true	correct	0.069213782	0.07449320808518678	25825280.0					
after	sc	r01	c/pthread-ext/29_conditionals_vs.yml	true	correct	0.064238624	0.07319828600157052	25796608.0					
after	sc	r01	c/pthread-ext/48_ticket_lock_low_contention_vs-pthread.yml	true	correct	0.067381701	0.07450385100673884	25862144.0					
after	sc	r01	c/pthread-ext/46_monabsex2_vs.yml	true	correct	0.067247432	0.07189383893273771	25743360.0					
after	sc	r01	c/pthread-ext/45_monabsex1_vs.yml	true	correct	0.0727036	0.07710207207128406	25841664.0					
after	sc	r01	c/pthread/stateful01-1.yml	false(unreach-call)	correct	0.06836026	0.08625359099823982	25878528.0					
after	sc	r01	c/pthread/stateful01-2.yml	true	correct	0.067789024	0.08125932503025979	25866240.0					
after	sc	r01	c/pthread-atomic/time_var_mutex.yml	true	correct	0.069849114	0.07580207998398691	25874432.0					
after	sc	r01	c/pthread-ext/01b_inc.yml	true	correct	0.067125528	0.07194232509937137	25767936.0					
after	sc	r01	c/pthread/triangular-1.yml	true	correct	6.532334491	6.574108501081355	25849856.0					
after	sc	r01	c/pthread/triangular-2.yml	false(unreach-call)	correct	1.549452782	1.5569955370156094	25878528.0					
after	sc	r01	c/pthread-ext/02_inc_cas.yml	true	correct	0.071647763	0.07472686702385545	25763840.0					
after	sc	r01	c/goblint-regression/28-race_reach_21-deref_read_racing.yml	false(unreach-call)	correct	4.113927933	4.140853276941925	56262656.0					
after	sc	r01	c/pthread-ext/48_ticket_lock_low_contention_vs.yml	true	correct	0.075345803	0.08492166199721396	25878528.0					
after	sc	r01	c/goblint-regression/28-race_reach_37-indirect_racing.yml	false(unreach-call)	correct	13.175661779	13.282069195061922	2061107200.0					
after	sc	r01	c/goblint-regression/28-race_reach_45-escape_racing.yml	false(unreach-call)	correct	0.068753695	0.07167516893241554	25870336.0					
after	sc	r01	c/goblint-regression/28-race_reach_46-escape_racefree.yml	true	correct	0.070859372	0.07726361602544785	25923584.0					
after	sc	r01	c/goblint-regression/28-race_reach_01-simple_racing.yml	false(unreach-call)	correct	13.106371295	13.153653456945904	2061049856.0					
after	sc	r01	c/goblint-regression/28-race_reach_11-ptr_racing.yml	false(unreach-call)	correct	13.027439506	13.283203940023668	2061066240.0					
after	sc	r01	c/pthread-deagle/circular_buffer_bad.yml	false(unreach-call)	correct	0.072275904	0.0854887570021674	25931776.0					
after	sc	r01	c/pthread/fib_safe-5.yml	true	correct	3.864246105	3.8873807000927627	25874432.0					
after	sc	r01	c/pthread/fib_safe-6.yml	true	correct	19.370981401	19.44913390802685	25878528.0					
after	sc	r01	c/pthread/fib_unsafe-5.yml	false(unreach-call)	correct	1.047801207	1.057743808021769	25821184.0					
after	sc	r01	c/pthread/fib_unsafe-6.yml	false(unreach-call)	correct	5.439834218	5.46310617600102	25821184.0					
after	sc	r01	c/pthread/fib_unsafe-7.yml	false(unreach-call)	correct	25.858146817	25.888419994036667	25821184.0					
after	sc	r01	c/goblint-regression/28-race_reach_24-sound_lock_racing.yml	false(unreach-call)	correct	12.72720331	12.752831859048456	2061000704.0					
after	sc	r01	c/pthread/lazy01.yml	false(unreach-call)	correct	0.072713425	0.07810418400913477	25956352.0					
after	sc	r01	c/pthread-deagle/circular_buffer_ok.yml	true	correct	3.131486825	3.1453978460049257	25952256.0					
after	sc	r01	c/pthread-atomic/szymanski.yml	true	correct	0.068274774	0.07549343397840858	25923584.0					
after	sc	r01	c/pthread-atomic/dekker.yml	true	correct	0.061279626	0.06895908294245601	25862144.0					
after	sc	r01	c/pthread-atomic/dekker-unfair.yml	true	correct	0.070532748	0.07429196708835661	25821184.0					
after	sc	r01	c/pthread-theta/unwind3-1.yml	false(unreach-call)	correct	0.069776628	0.07642693293746561	25956352.0					
after	sc	r01	c/pthread-theta/exponential-nondet.yml	true	correct	0.066936244	0.07151064707431942	25853952.0					
after	sc	r01	c/pthread-theta/unwind2-1.yml	false(unreach-call)	correct	0.067123629	0.07600215601269156	25952256.0					
after	sc	r01	c/pthread-theta/unwind2-100.yml	false(unreach-call)	correct	0.069774086	0.07435748993884772	25952256.0					
after	sc	r01	c/pthread/butterfly.yml	true	correct	13.960095875	14.120668507996015	26034176.0					
after	sc	r01	c/pthread-ext/43_NetBSD_sysmon_power_sliced.yml	true	correct	0.0616517	0.07413635205011815	25825280.0					
after	sc	r01	c/goblint-regression/28-race_reach_06-cond_racing1.yml	false(unreach-call)	correct	12.260604131	12.289020312018692	2061049856.0					
after	sc	r01	c/pthread/queue_ok.yml	true	correct	0.077178923	0.08044519904069602	26025984.0					
after	sc	r01	c/pthread/queue_ok_longer.yml	true	correct	0.449309115	0.4575526509433985	79343616.0					
after	sc	r01	c/pthread/queue_ok_longest.yml	true	correct	1.60330082	1.6285848029656336	276955136.0					
after	sc	r01	c/pthread/queue_longer.yml	TIMEOUT	error	61.002124388	61.07939875603188	1081589760.0					
after	sc	r01	c/pthread/queue.yml	false(unreach-call)	correct	0.09391951	0.10772237298078835	26038272.0					
after	sc	r01	c/pthread/singleton.yml	false(unreach-call)	correct	0.072385586	0.08448261604644358	26112000.0					
after	sc	r01	c/pthread/singleton_with-uninit-problems.yml	true	correct	0.071646649	0.08731509000062943	26095616.0					
after	sc	r01	c/pthread-C-DAC/pthread-demo-datarace-3.yml	false(unreach-call)	correct	0.121836316	0.1369647280080244	25964544.0					
after	sc	r01	c/pthread/reorder_2.yml	false(unreach-call)	correct	0.145120141	0.15943206497468054	25968640.0					
after	sc	r01	c/pthread/twostage_3.yml	false(unreach-call)	correct	0.08416004	0.08959949505515397	26222592.0					
after	sc	r01	c/ldv-races/race-1_1-join.yml	true	correct	0.07099409	0.07723566598724574	26083328.0					
after	sc	r01	c/ldv-races/race-1_3-join.yml	false(unreach-call)	correct	0.070858489	0.07727542100474238	26087424.0					
after	sc	r01	c/ldv-races/race-1_2-join.yml	false(unreach-call)	correct	0.068199037	0.07768955000210553	26083328.0					
after	sc	r01	c/ldv-races/race-4_1-thread_local_vars.yml	true	correct	0.068676851	0.07970373099669814	26193920.0					
after	sc	r01	c/ldv-races/race-2_1-container_of.yml	true	correct	0.064473714	0.07414650300052017	26148864.0					
after	sc	r01	c/ldv-races/race-3_1-container_of-global.yml	true	correct	0.064890981	0.07975176500622183	26083328.0					
after	sc	r02	c/goblint-regression/13-privatized_66-mine-W-init_true.yml	true	correct	0.068707977	0.08640476898290217	25706496.0					
after	sc	r02	c/goblint-regression/36-apron_41-threadenter-no-locals_unknown_1_pos.yml	false(unreach-call)	correct	0.066536783	0.07659996103029698	25681920.0					
after	sc	r02	c/goblint-regression/36-apron_16-traces-unprot2_true.yml	true	correct	0.06212804	0.07087709207553416	25714688.0					
after	sc	r02	c/goblint-regression/13-privatized_57-singlethreaded-unlock_true.yml	true	correct	0.065808986	0.07243580697104335	25804800.0					
after	sc	r02	c/goblint-regression/13-privatized_47-refine-protected2_true.yml	true	correct	0.068653718	0.07344135793391615	25833472.0					
after	sc	r02	c/goblint-regression/13-privatized_46-refine-protected1_true.yml	true	correct	0.070623163	0.07753273891285062	25743360.0					
after	sc	r02	c/goblint-regression/36-apron_11-traces-max-simple_true.yml	true	correct	0.062571318	0.08353377599269152	25821184.0					
after	sc	r02	c/goblint-regression/13-privatized_41-traces-ex-7_unknown_1_pos.yml	false(unreach-call)	correct	0.068074658	0.07553534500766546	25767936.0					
after	sc	r02	c/goblint-regression/13-privatized_41-traces-ex-7_unknown_1_neg.yml	false(unreach-call)	correct	0.074853754	0.08310372906271368	25817088.0					
after	sc	r02	c/goblint-regression/13-privatized_40-traces-ex-6_true.yml	true	correct	0.07216303	0.07633299205917865	25825280.0					
after	sc	r02	c/goblint-regression/13-privatized_58-singlethreaded-lock_true.yml	true	correct	0.070315773	0.07590513001196086	25821184.0					
after	sc	r02	c/goblint-regression/13-privatized_44-traces-mine2_true.yml	true	correct	0.069134706	0.07641827093902975	25825280.0					
after	sc	r02	c/goblint-regression/13-privatized_18-first-reads_unknown_2_pos.yml	false(unreach-call)	correct	0.072680271	0.07891408004797995	25755648.0					
after	sc	r02	c/goblint-regression/13-privatized_18-first-reads_unknown_1_neg.yml	false(unreach-call)	correct	0.068250481	0.07938110001850873	25829376.0					
after	sc	r02	c/goblint-regression/13-privatized_36-traces-ex-3_true.yml	true	correct	0.062657968	0.07022840902209282	25853952.0					
after	sc	r02	c/goblint-regression/13-privatized_18-first-reads_true.yml	true	correct	0.06788345	0.07590824190992862	25812992.0					
after	sc	r02	c/goblint-regression/13-privatized_35-traces-ex-2_true.yml	true	correct	0.068777408	0.07672311598435044	25841664.0					
after	sc	r02	c/goblint-regression/13-privatized_37-traces-ex-4_true.yml	true	correct	0.068824756	0.07609639398287982	25788416.0					
after	sc	r02	c/goblint-regression/13-privatized_38-traces-ex-4-switch_true.yml	true	correct	0.06991311	0.07511444296687841	25825280.0					
after	sc	r02	c/goblint-regression/13-privatized_19-publish-precision_unknown_1_pos.yml	false(unreach-call)	correct	0.066729834	0.07174174103420228	25833472.0					
after	sc	r02	c/goblint-regression/13-privatized_19-publish-precision_unknown_2_pos.yml	false(unreach-call)	correct	0.07297055	0.07771990494802594	25833472.0					
after	sc	r02	c/goblint-regression/13-privatized_19-publish-precision_unknown_1_neg.yml	false(unreach-call)	correct	0.071424873	0.07605957391206175	25817088.0					
after	sc	r02	c/goblint-regression/13-privatized_19-publish-precision_unknown_2_neg.yml	false(unreach-call)	correct	0.062870112	0.06498324102722108	25788416.0					
after	sc	r02	c/goblint-regression/13-privatized_45-traces-per-global-and-current-lock-mine-incomparable_true.yml	true	correct	0.065733259	0.0718214400112629	25784320.0					
after	sc	r02	c/goblint-regression/13-privatized_01-priv_nr_true.yml	true	correct	0.074153564	0.08519640890881419	25817088.0					
after	sc	r02	c/goblint-regression/13-privatized_19-publish-precision_true.yml	true	correct	0.070264387	0.08609745907597244	25829376.0					
after	sc	r02	c/goblint-regression/13-privatized_42-traces-ex-mini_true.yml	true	correct	0.067423011	0.08456935698632151	25784320.0					
after	sc	r02	c/goblint-regression/13-privatized_33-traces-v-matters_true.yml	true	correct	0.070634731	0.08335839700885117	25821184.0					
after	sc	r02	c/goblint-regression/13-privatized_25-struct_nr_true.yml	true	correct	0.07284774	0.07690444099716842	25862144.0					
after	sc	r02	c/goblint-regression/13-privatized_69-refine-protected-loop-interval_true.yml	true	correct	0.071586261	0.07823452295269817	25874432.0					
after	sc	r02	c/goblint-regression/36-apron_17-traces-rpb-litmus_unknown_1_neg.yml	false(unreach-call)	correct	0.061539424	0.06709401099942625	25853952.0					
after	sc	r02	c/goblint-regression/13-privatized_31-traces-mine-vs-mutex_true.yml	true	correct	0.069129998	0.07953840494155884	25792512.0					
after	sc	r02	c/goblint-regression/13-privatized_20-publish-regression_true.yml	true	correct	0.072890835	0.08101458102464676	25829376.0					
after	sc	r02	c/goblint-regression/13-privatized_30-traces-oplus-vs-meet_true.yml	true	correct	0.070394245	0.07707299198955297	25911296.0					
after	sc	r02	c/goblint-regression/13-privatized_32-traces-mine-vs-oplus-vs-meet_true.yml	true	correct	0.068541756	0.07715246896259487	25886720.0					
after	sc	r02	c/goblint-regression/13-privatized_34-traces-minepp-L-needs-to-be-um_true.yml	true	correct	0.07315776	0.07973768096417189	25890816.0					
after	sc	r02	c/goblint-regression/13-privatized_68-pfscan_protected_loop_minimal_interval_true.yml	true	correct	0.071511397	0.07634445000439882	25952256.0					
after	sc	r02	c/goblint-regression/13-privatized_29-multiple-protecting2-vesal_true.yml	true	correct	0.071784308	0.07652804697863758	25878528.0					
after	sc	r02	c/goblint-regression/13-privatized_24-multiple-protecting_true.yml	true	correct	0.062817282	0.06847062602173537	25833472.0					
after	sc	r02	c/goblint-regression/36-apron_21-traces-cluster-based_true.yml	true	correct	0.07867312	0.08074886305257678	25939968.0					
after	sc	r02	c/goblint-regression/36-apron_22-traces-write-centered-vs-meet-mutex_true_no-overflow.yml	true	correct	0.073639075	0.0759359949734062	25886720.0					
after	sc	r02	c/goblint-regression/13-privatized_27-multiple-protecting2_true.yml	true	correct	0.079965898	0.0846087479731068	25956352.0					
after	sc	r02	c/pthread-ext/14_spin2003.yml	true	correct	0.065582513	0.07193806499708444	25821184.0					
after	sc	r02	c/pthread-ext/29_conditionals_vs.yml	true	correct	0.071783012	0.07643496606033295	25825280.0					
after	sc	r02	c/pthread-ext/48_ticket_lock_low_contention_vs-pthread.yml	true	correct	0.070351666	0.07445870793890208	25759744.0					
after	sc	r02	c/pthread-ext/46_monabsex2_vs.yml	true	correct	0.07494105	0.07838963391259313	25841664.0					
after	sc	r02	c/pthread-ext/45_monabsex1_vs.yml	true	correct	0.068237589	0.07320681202691048	25821184.0					
after	sc	r02	c/pthread/stateful01-1.yml	false(unreach-call)	correct	0.063179707	0.06785998900886625	25952256.0					
after	sc	r02	c/pthread/stateful01-2.yml	true	correct	0.070584715	0.07881469302810729	25858048.0					
after	sc	r02	c/pthread-atomic/time_var_mutex.yml	true	correct	0.069315467	0.07695624406915158	25862144.0					
after	sc	r02	c/pthread-ext/01b_inc.yml	true	correct	0.068667211	0.0727920550853014	25772032.0					
after	sc	r02	c/pthread/triangular-1.yml	true	correct	6.54158159	6.552148821996525	25952256.0					
after	sc	r02	c/pthread/triangular-2.yml	false(unreach-call)	correct	1.535319249	1.5412616309477016	25866240.0					
after	sc	r02	c/pthread-ext/02_inc_cas.yml	true	correct	0.063638735	0.06723966402933002	25841664.0					
after	sc	r02	c/goblint-regression/28-race_reach_21-deref_read_racing.yml	false(unreach-call)	correct	4.087575976	4.195451944950037	56532992.0					
after	sc	r02	c/pthread-ext/48_ticket_lock_low_contention_vs.yml	true	correct	0.069688832	0.07338547194376588	25812992.0					
after	sc	r02	c/goblint-regression/28-race_reach_37-indirect_racing.yml	false(unreach-call)	correct	13.184292791	13.232814082992263	2061111296.0					
after	sc	r02	c/goblint-regression/28-race_reach_45-escape_racing.yml	false(unreach-call)	correct	0.067479847	0.0752371340058744	25821184.0					
after	sc	r02	c/goblint-regression/28-race_reach_46-escape_racefree.yml	true	correct	0.066774347	0.07128784200176597	25849856.0					
after	sc	r02	c/goblint-regression/28-race_reach_01-simple_racing.yml	false(unreach-call)	correct	13.063591636	13.092357740039006	2061045760.0					
after	sc	r02	c/goblint-regression/28-race_reach_11-ptr_racing.yml	false(unreach-call)	correct	13.137866135	13.353824988007545	2061058048.0					
after	sc	r02	c/pthread-deagle/circular_buffer_bad.yml	false(unreach-call)	correct	0.077159453	0.08425224106758833	25907200.0					
after	sc	r02	c/pthread/fib_safe-5.yml	true	correct	3.883356531	3.895131947938353	25845760.0					
after	sc	r02	c/pthread/fib_safe-6.yml	true	correct	19.507499428	19.648657900979742	25858048.0					
after	sc	r02	c/pthread/fib_unsafe-5.yml	false(unreach-call)	correct	1.031842051	1.0393653580686077	25858048.0					
after	sc	r02	c/pthread/fib_unsafe-6.yml	false(unreach-call)	correct	5.409134745	5.419721795013174	25907200.0					
after	sc	r02	c/pthread/fib_unsafe-7.yml	false(unreach-call)	correct	26.019577739	26.17060419905465	25882624.0					
after	sc	r02	c/goblint-regression/28-race_reach_24-sound_lock_racing.yml	false(unreach-call)	correct	12.740420223	12.786306449095719	2060943360.0					
after	sc	r02	c/pthread/lazy01.yml	false(unreach-call)	correct	0.072132743	0.07961564802099019	25894912.0					
after	sc	r02	c/pthread-deagle/circular_buffer_ok.yml	true	correct	3.130348381	3.149441284011118	25952256.0					
after	sc	r02	c/pthread-atomic/szymanski.yml	true	correct	0.07105932	0.07806252094451338	25825280.0					
after	sc	r02	c/pthread-atomic/dekker.yml	true	correct	0.067030069	0.07642596296500415	25833472.0					
after	sc	r02	c/pthread-atomic/dekker-unfair.yml	true	correct	0.067986077	0.07429815491195768	25825280.0					
after	sc	r02	c/pthread-theta/unwind3-1.yml	false(unreach-call)	correct	0.068484456	0.0741642180364579	25956352.0					
after	sc	r02	c/pthread-theta/exponential-nondet.yml	true	correct	0.069325363	0.07505278091412038	25952256.0					
after	sc	r02	c/pthread-theta/unwind2-1.yml	false(unreach-call)	correct	0.066137171	0.07436097192112356	25968640.0					
after	sc	r02	c/pthread-theta/unwind2-100.yml	false(unreach-call)	correct	0.066689249	0.07378425204660743	25968640.0					
after	sc	r02	c/pthread/butterfly.yml	true	correct	14.005656169	14.02996679500211	26058752.0					
after	sc	r02	c/pthread-ext/43_NetBSD_sysmon_power_sliced.yml	true	correct	0.067488826	0.07454771501943469	25743360.0					
after	sc	r02	c/goblint-regression/28-race_reach_06-cond_racing1.yml	false(unreach-call)	correct	12.233339791	12.255158097017556	2061033472.0					
after	sc	r02	c/pthread/queue_ok.yml	true	correct	0.071556005	0.08149910205975175	26034176.0					
after	sc	r02	c/pthread/queue_ok_longer.yml	true	correct	0.448226962	0.45582192204892635	79396864.0					
after	sc	r02	c/pthread/queue_ok_longest.yml	true	correct	1.5894776	1.5967657460132614	276840448.0					
after	sc	r02	c/pthread/queue_longer.yml	TIMEOUT	error	60.981569352	61.07786352490075	1075441664.0					
after	sc	r02	c/pthread/queue.yml	false(unreach-call)	correct	0.094272963	0.1022289110114798	26034176.0					
after	sc	r02	c/pthread/singleton.yml	false(unreach-call)	correct	0.077068044	0.08458478900138289	26091520.0					
after	sc	r02	c/pthread/singleton_with-uninit-problems.yml	true	correct	0.074080123	0.08213752205483615	26091520.0					
after	sc	r02	c/pthread-C-DAC/pthread-demo-datarace-3.yml	false(unreach-call)	correct	0.126812428	0.13404062995687127	25837568.0					
after	sc	r02	c/pthread/reorder_2.yml	false(unreach-call)	correct	0.145369612	0.15367929998319596	25952256.0					
after	sc	r02	c/pthread/twostage_3.yml	false(unreach-call)	correct	0.080020867	0.08658259909134358	26214400.0					
after	sc	r02	c/ldv-races/race-1_1-join.yml	true	correct	0.068543363	0.07459809095598757	26083328.0					
after	sc	r02	c/ldv-races/race-1_3-join.yml	false(unreach-call)	correct	0.07485817	0.07672237395308912	26083328.0					
after	sc	r02	c/ldv-races/race-1_2-join.yml	false(unreach-call)	correct	0.069578131	0.07326648896560073	26083328.0					
after	sc	r02	c/ldv-races/race-4_1-thread_local_vars.yml	true	correct	0.070804687	0.07835996907670051	26107904.0					
after	sc	r02	c/ldv-races/race-2_1-container_of.yml	true	correct	0.06863166	0.07522712904028594	26083328.0					
after	sc	r02	c/ldv-races/race-3_1-container_of-global.yml	true	correct	0.066660151	0.0728324429364875	26087424.0					
after	sc	r03	c/goblint-regression/13-privatized_66-mine-W-init_true.yml	true	correct	0.067877752	0.07131759007461369	25747456.0					
after	sc	r03	c/goblint-regression/36-apron_41-threadenter-no-locals_unknown_1_pos.yml	false(unreach-call)	correct	0.07157451	0.07853200891986489	25796608.0					
after	sc	r03	c/goblint-regression/36-apron_16-traces-unprot2_true.yml	true	correct	0.069201019	0.0755622610449791	25792512.0					
after	sc	r03	c/goblint-regression/13-privatized_57-singlethreaded-unlock_true.yml	true	correct	0.066788667	0.07336488307919353	25780224.0					
after	sc	r03	c/goblint-regression/13-privatized_47-refine-protected2_true.yml	true	correct	0.069655291	0.07652767398394644	25763840.0					
after	sc	r03	c/goblint-regression/13-privatized_46-refine-protected1_true.yml	true	correct	0.059102443	0.07076976099051535	25726976.0					
after	sc	r03	c/goblint-regression/36-apron_11-traces-max-simple_true.yml	true	correct	0.065970612	0.07351361401379108	25874432.0					
after	sc	r03	c/goblint-regression/13-privatized_41-traces-ex-7_unknown_1_pos.yml	false(unreach-call)	correct	0.069468971	0.07392566301859915	25751552.0					
after	sc	r03	c/goblint-regression/13-privatized_41-traces-ex-7_unknown_1_neg.yml	false(unreach-call)	correct	0.073235753	0.07954280101694167	25817088.0					
after	sc	r03	c/goblint-regression/13-privatized_40-traces-ex-6_true.yml	true	correct	0.066437903	0.0748181160306558	25772032.0					
after	sc	r03	c/goblint-regression/13-privatized_58-singlethreaded-lock_true.yml	true	correct	0.068376782	0.07537800702266395	25808896.0					
after	sc	r03	c/goblint-regression/13-privatized_44-traces-mine2_true.yml	true	correct	0.068648789	0.0736418729647994	25808896.0					
after	sc	r03	c/goblint-regression/13-privatized_18-first-reads_unknown_2_pos.yml	false(unreach-call)	correct	0.073482021	0.07616124302148819	25804800.0					
after	sc	r03	c/goblint-regression/13-privatized_18-first-reads_unknown_1_neg.yml	false(unreach-call)	correct	0.063082087	0.06532435701228678	25767936.0					
after	sc	r03	c/goblint-regression/13-privatized_36-traces-ex-3_true.yml	true	correct	0.065651747	0.07081497507169843	25735168.0					
after	sc	r03	c/goblint-regression/13-privatized_18-first-reads_true.yml	true	correct	0.071828225	0.07356159703340381	25796608.0					
after	sc	r03	c/goblint-regression/13-privatized_35-traces-ex-2_true.yml	true	correct	0.076504545	0.07969847600907087	25870336.0					
after	sc	r03	c/goblint-regression/13-privatized_37-traces-ex-4_true.yml	true	correct	0.068204799	0.0747690019197762	25862144.0					
after	sc	r03	c/goblint-regression/13-privatized_38-traces-ex-4-switch_true.yml	true	correct	0.067756261	0.07432425499428064	25759744.0					
after	sc	r03	c/goblint-regression/13-privatized_19-publish-precision_unknown_1_pos.yml	false(unreach-call)	correct	0.068091849	0.07123651495203376	25874432.0					
after	sc	r03	c/goblint-regression/13-privatized_19-publish-precision_unknown_2_pos.yml	false(unreach-call)	correct	0.074701266	0.07683660590555519	25763840.0					
after	sc	r03	c/goblint-regression/13-privatized_19-publish-precision_unknown_1_neg.yml	false(unreach-call)	correct	0.071686856	0.07761134603060782	25796608.0					
after	sc	r03	c/goblint-regression/13-privatized_19-publish-precision_unknown_2_neg.yml	false(unreach-call)	correct	0.062032288	0.06734780897386372	25882624.0					
after	sc	r03	c/goblint-regression/13-privatized_45-traces-per-global-and-current-lock-mine-incomparable_true.yml	true	correct	0.069916567	0.07393776392564178	25825280.0					
after	sc	r03	c/goblint-regression/13-privatized_01-priv_nr_true.yml	true	correct	0.070085921	0.07812381000258029	25878528.0					
after	sc	r03	c/goblint-regression/13-privatized_19-publish-precision_true.yml	true	correct	0.076033186	0.08154297398868948	25825280.0					
after	sc	r03	c/goblint-regression/13-privatized_42-traces-ex-mini_true.yml	true	correct	0.072215707	0.07870422094129026	25833472.0					
after	sc	r03	c/goblint-regression/13-privatized_33-traces-v-matters_true.yml	true	correct	0.071385477	0.07547392405103892	25751552.0					
after	sc	r03	c/goblint-regression/13-privatized_25-struct_nr_true.yml	true	correct	0.068847948	0.07728662004228681	25890816.0					
after	sc	r03	c/goblint-regression/13-privatized_69-refine-protected-loop-interval_true.yml	true	correct	0.062544655	0.0678579929517582	25821184.0					
after	sc	r03	c/goblint-regression/36-apron_17-traces-rpb-litmus_unknown_1_neg.yml	false(unreach-call)	correct	0.069723157	0.07533992396201938	25862144.0					
after	sc	r03	c/goblint-regression/13-privatized_31-traces-mine-vs-mutex_true.yml	true	correct	0.070601557	0.07834773103240877	25853952.0					
after	sc	r03	c/goblint-regression/13-privatized_20-publish-regression_true.yml	true	correct	0.0705271	0.07619884703308344	25833472.0					
after	sc	r03	c/goblint-regression/13-privatized_30-traces-oplus-vs-meet_true.yml	true	correct	0.067286321	0.07600348989944905	25890816.0					
after	sc	r03	c/goblint-regression/13-privatized_32-traces-mine-vs-oplus-vs-meet_true.yml	true	correct	0.072067374	0.0749864230165258	25829376.0					
after	sc	r03	c/goblint-regression/13-privatized_34-traces-minepp-L-needs-to-be-um_true.yml	true	correct	0.072769144	0.0795661739539355	25772032.0					
after	sc	r03	c/goblint-regression/13-privatized_68-pfscan_protected_loop_minimal_interval_true.yml	true	correct	0.07373282	0.08374092599842697	25874432.0					
after	sc	r03	c/goblint-regression/13-privatized_29-multiple-protecting2-vesal_true.yml	true	correct	0.059001845	0.06210831901989877	25829376.0					
after	sc	r03	c/goblint-regression/13-privatized_24-multiple-protecting_true.yml	true	correct	0.074314372	0.08350929303560406	25899008.0					
after	sc	r03	c/goblint-regression/36-apron_21-traces-cluster-based_true.yml	true	correct	0.0768898	0.08127193804830313	25878528.0					
after	sc	r03	c/goblint-regression/36-apron_22-traces-write-centered-vs-meet-mutex_true_no-overflow.yml	true	correct	0.076821687	0.08153863798361272	25821184.0					
after	sc	r03	c/goblint-regression/13-privatized_27-multiple-protecting2_true.yml	true	correct	0.081606998	0.0843930720584467	25862144.0					
after	sc	r03	c/pthread-ext/14_spin2003.yml	true	correct	0.067810594	0.0729599300539121	25817088.0					
after	sc	r03	c/pthread-ext/29_conditionals_vs.yml	true	correct	0.066389613	0.07422603107988834	25800704.0					
after	sc	r03	c/pthread-ext/48_ticket_lock_low_contention_vs-pthread.yml	true	correct	0.067776945	0.07799486897420138	25796608.0					
after	sc	r03	c/pthread-ext/46_monabsex2_vs.yml	true	correct	0.062186134	0.06758136395365	25792512.0					
after	sc	r03	c/pthread-ext/45_monabsex1_vs.yml	true	correct	0.067047309	0.07093361392617226	25792512.0					
after	sc	r03	c/pthread/stateful01-1.yml	false(unreach-call)	correct	0.071972866	0.07497612596489489	25903104.0					
after	sc	r03	c/pthread/stateful01-2.yml	true	correct	0.07282693	0.08001531404443085	25931776.0					
after	sc	r03	c/pthread-atomic/time_var_mutex.yml	true	correct	0.074425274	0.07870804995764047	25882624.0					
after	sc	r03	c/pthread-ext/01b_inc.yml	true	correct	0.068482152	0.0749412220902741	25780224.0					
after	sc	r03	c/pthread/triangular-1.yml	true	correct	6.625869288	6.644752032007091	25849856.0					
after	sc	r03	c/pthread/triangular-2.yml	false(unreach-call)	correct	1.485492328	1.4907807050039992	25870336.0					
after	sc	r03	c/pthread-ext/02_inc_cas.yml	true	correct	0.070359894	0.07523083500564098	25825280.0					
after	sc	r03	c/goblint-regression/28-race_reach_21-deref_read_racing.yml	false(unreach-call)	correct	4.170643282	4.198179863975383	56311808.0					
after	sc	r03	c/pthread-ext/48_ticket_lock_low_contention_vs.yml	true	correct	0.073761384	0.07684995699673891	25853952.0					
after	sc	r03	c/goblint-regression/28-race_reach_37-indirect_racing.yml	false(unreach-call)	correct	13.206043192	13.231753795989789	2061099008.0					
after	sc	r03	c/goblint-regression/28-race_reach_45-escape_racing.yml	false(unreach-call)	correct	0.071681118	0.07876799697987735	25899008.0					
after	sc	r03	c/goblint-regression/28-race_reach_46-escape_racefree.yml	true	correct	0.069553302	0.07502931205090135	25829376.0					
after	sc	r03	c/goblint-regression/28-race_reach_01-simple_racing.yml	false(unreach-call)	correct	13.182456165	13.224814218003303	2060976128.0					
after	sc	r03	c/goblint-regression/28-race_reach_11-ptr_racing.yml	false(unreach-call)	correct	13.187236697	13.241400553961284	2061062144.0					
after	sc	r03	c/pthread-deagle/circular_buffer_bad.yml	false(unreach-call)	correct	0.076325883	0.0789953280473128	25956352.0					
after	sc	r03	c/pthread/fib_safe-5.yml	true	correct	3.93429026	3.966667848988436	25882624.0					
after	sc	r03	c/pthread/fib_safe-6.yml	true	correct	19.245931759	19.316660003969446	25849856.0					
after	sc	r03	c/pthread/fib_unsafe-5.yml	false(unreach-call)	correct	1.034841113	1.0411045339424163	25899008.0					
after	sc	r03	c/pthread/fib_unsafe-6.yml	false(unreach-call)	correct	5.454567921	5.479430148028769	25853952.0					
after	sc	r03	c/pthread/fib_unsafe-7.yml	false(unreach-call)	correct	26.022915799	26.175436147022992	25886720.0					
after	sc	r03	c/goblint-regression/28-race_reach_24-sound_lock_racing.yml	false(unreach-call)	correct	12.742044577	13.06258558400441	2061025280.0					
after	sc	r03	c/pthread/lazy01.yml	false(unreach-call)	correct	0.073529879	0.07982292701490223	25960448.0					
after	sc	r03	c/pthread-deagle/circular_buffer_ok.yml	true	correct	3.129480259	3.1391927209915593	25956352.0					
after	sc	r03	c/pthread-atomic/szymanski.yml	true	correct	0.07750348	0.08117277594283223	25808896.0					
after	sc	r03	c/pthread-atomic/dekker.yml	true	correct	0.072216397	0.07700327096972615	25825280.0					
after	sc	r03	c/pthread-atomic/dekker-unfair.yml	true	correct	0.068418206	0.0739169210428372	25919488.0					
after	sc	r03	c/pthread-theta/unwind3-1.yml	false(unreach-call)	correct	0.065763564	0.0716635410208255	25845760.0					
after	sc	r03	c/pthread-theta/exponential-nondet.yml	true	correct	0.068921199	0.07321587903425097	25956352.0					
after	sc	r03	c/pthread-theta/unwind2-1.yml	false(unreach-call)	correct	0.071871154	0.07504357199650258	25952256.0					
after	sc	r03	c/pthread-theta/unwind2-100.yml	false(unreach-call)	correct	0.064345479	0.0715210170019418	25894912.0					
after	sc	r03	c/pthread/butterfly.yml	true	correct	14.134490109	14.171980744926259	25964544.0					
after	sc	r03	c/pthread-ext/43_NetBSD_sysmon_power_sliced.yml	true	correct	0.067988388	0.07513015903532505	25825280.0					
after	sc	r03	c/goblint-regression/28-race_reach_06-cond_racing1.yml	false(unreach-call)	correct	12.269830984	12.294058966916054	2061062144.0					
after	sc	r03	c/pthread/queue_ok.yml	true	correct	0.070481741	0.07836010004393756	25980928.0					
after	sc	r03	c/pthread/queue_ok_longer.yml	true	correct	0.455559205	0.4631475249771029	79380480.0					
after	sc	r03	c/pthread/queue_ok_longest.yml	true	correct	1.604172705	1.6271353890188038	276926464.0					
after	sc	r03	c/pthread/queue_longer.yml	TIMEOUT	error	61.001819361	61.07643366488628	1079287808.0					
after	sc	r03	c/pthread/queue.yml	false(unreach-call)	correct	0.090484506	0.10344410594552755	26099712.0					
after	sc	r03	c/pthread/singleton.yml	false(unreach-call)	correct	0.074509141	0.08390996104571968	26103808.0					
after	sc	r03	c/pthread/singleton_with-uninit-problems.yml	true	correct	0.071639649	0.0857230129186064	26083328.0					
after	sc	r03	c/pthread-C-DAC/pthread-demo-datarace-3.yml	false(unreach-call)	correct	0.123913559	0.13445370795670897	25862144.0					
after	sc	r03	c/pthread/reorder_2.yml	false(unreach-call)	correct	0.151806494	0.2347831060178578	25985024.0					
after	sc	r03	c/pthread/twostage_3.yml	false(unreach-call)	correct	0.0807753	0.0882155200233683	26218496.0					
after	sc	r03	c/ldv-races/race-1_1-join.yml	true	correct	0.071397065	0.07866030198056251	26054656.0					
after	sc	r03	c/ldv-races/race-1_3-join.yml	false(unreach-call)	correct	0.071608476	0.07781500497367233	26083328.0					
after	sc	r03	c/ldv-races/race-1_2-join.yml	false(unreach-call)	correct	0.068189177	0.0752258540596813	26013696.0					
after	sc	r03	c/ldv-races/race-4_1-thread_local_vars.yml	true	correct	0.073050064	0.08089418499730527	26095616.0					
after	sc	r03	c/ldv-races/race-2_1-container_of.yml	true	correct	0.065470839	0.07299739203881472	26116096.0					
after	sc	r03	c/ldv-races/race-3_1-container_of-global.yml	true	correct	0.072406753	0.07665777602232993	26091520.0					
after	sc	r04	c/goblint-regression/13-privatized_66-mine-W-init_true.yml	true	correct	0.076729611	0.07981603394728154	25686016.0					
after	sc	r04	c/goblint-regression/36-apron_41-threadenter-no-locals_unknown_1_pos.yml	false(unreach-call)	correct	0.070745469	0.07245493703521788	25825280.0					
after	sc	r04	c/goblint-regression/36-apron_16-traces-unprot2_true.yml	true	correct	0.067491493	0.07173902401700616	25821184.0					
after	sc	r04	c/goblint-regression/13-privatized_57-singlethreaded-unlock_true.yml	true	correct	0.069333985	0.07650590897537768	25833472.0					
after	sc	r04	c/goblint-regression/13-privatized_47-refine-protected2_true.yml	true	correct	0.071125053	0.07375695405062288	25808896.0					
after	sc	r04	c/goblint-regression/13-privatized_46-refine-protected1_true.yml	true	correct	0.069660516	0.07434249797370285	25731072.0					
after	sc	r04	c/goblint-regression/36-apron_11-traces-max-simple_true.yml	true	correct	0.070282015	0.07535415596794337	25821184.0					
after	sc	r04	c/goblint-regression/13-privatized_41-traces-ex-7_unknown_1_pos.yml	false(unreach-call)	correct	0.068634896	0.07497281290125102	25780224.0					
after	sc	r04	c/goblint-regression/13-privatized_41-traces-ex-7_unknown_1_neg.yml	false(unreach-call)	correct	0.069651403	0.07568353100214154	25759744.0					
after	sc	r04	c/goblint-regression/13-privatized_40-traces-ex-6_true.yml	true	correct	0.070351721	0.07627882307861	25862144.0					
after	sc	r04	c/goblint-regression/13-privatized_58-singlethreaded-lock_true.yml	true	correct	0.068498185	0.07388083497062325	25800704.0					
after	sc	r04	c/goblint-regression/13-privatized_44-traces-mine2_true.yml	true	correct	0.068272661	0.07342260400764644	25804800.0					
after	sc	r04	c/goblint-regression/13-privatized_18-first-reads_unknown_2_pos.yml	false(unreach-call)	correct	0.070824275	0.07894668495282531	25821184.0					
after	sc	r04	c/goblint-regression/13-privatized_18-first-reads_unknown_1_neg.yml	false(unreach-call)	correct	0.068220732	0.07335642899852246	25899008.0					
after	sc	r04	c/goblint-regression/13-privatized_36-traces-ex-3_true.yml	true	correct	0.069701607	0.07618691702373326	25817088.0					
after	sc	r04	c/goblint-regression/13-privatized_18-first-reads_true.yml	true	correct	0.06912472	0.07284035196062177	25894912.0					
after	sc	r04	c/goblint-regression/13-privatized_35-traces-ex-2_true.yml	true	correct	0.072525916	0.07731717696879059	25894912.0					
after	sc	r04	c/goblint-regression/13-privatized_37-traces-ex-4_true.yml	true	correct	0.064862939	0.07403107895515859	25825280.0					
after	sc	r04	c/goblint-regression/13-privatized_38-traces-ex-4-switch_true.yml	true	correct	0.068231141	0.07527789392042905	25772032.0					
after	sc	r04	c/goblint-regression/13-privatized_19-publish-precision_unknown_1_pos.yml	false(unreach-call)	correct	0.068295358	0.07515688997227699	25821184.0					
after	sc	r04	c/goblint-regression/13-privatized_19-publish-precision_unknown_2_pos.yml	false(unreach-call)	correct	0.068625114	0.07565042609348893	25870336.0					
after	sc	r04	c/goblint-regression/13-privatized_19-publish-precision_unknown_1_neg.yml	false(unreach-call)	correct	0.072155929	0.0782465219963342	25858048.0					
after	sc	r04	c/goblint-regression/13-privatized_19-publish-precision_unknown_2_neg.yml	false(unreach-call)	correct	0.069943078	0.07362239004578441	25776128.0					
after	sc	r04	c/goblint-regression/13-privatized_45-traces-per-global-and-current-lock-mine-incomparable_true.yml	true	correct	0.066208253	0.07112936500925571	25841664.0					
after	sc	r04	c/goblint-regression/13-privatized_01-priv_nr_true.yml	true	correct	0.074293914	0.08048657898325473	25821184.0					
after	sc	r04	c/goblint-regression/13-privatized_19-publish-precision_true.yml	true	correct	0.071524883	0.07899256201926619	25882624.0					
after	sc	r04	c/goblint-regression/13-privatized_42-traces-ex-mini_true.yml	true	correct	0.072903911	0.07865223102271557	25784320.0					
after	sc	r04	c/goblint-regression/13-privatized_33-traces-v-matters_true.yml	true	correct	0.06759121	0.07499274308793247	25780224.0					
after	sc	r04	c/goblint-regression/13-privatized_25-struct_nr_true.yml	true	correct	0.073780825	0.08044921001419425	25882624.0					
after	sc	r04	c/goblint-regression/13-privatized_69-refine-protected-loop-interval_true.yml	true	correct	0.071925908	0.07597378897480667	25882624.0					
after	sc	r04	c/goblint-regression/36-apron_17-traces-rpb-litmus_unknown_1_neg.yml	false(unreach-call)	correct	0.073889228	0.07833956310059875	25825280.0					
after	sc	r04	c/goblint-regression/13-privatized_31-traces-mine-vs-mutex_true.yml	true	correct	0.071184832	0.07631786994170398	25808896.0					
after	sc	r04	c/goblint-regression/13-privatized_20-publish-regression_true.yml	true	correct	0.073242372	0.08003574202302843	25837568.0					
after	sc	r04	c/goblint-regression/13-privatized_30-traces-oplus-vs-meet_true.yml	true	correct	0.068308299	0.07527875097002834	25780224.0					
after	sc	r04	c/goblint-regression/13-privatized_32-traces-mine-vs-oplus-vs-meet_true.yml	true	correct	0.0705578	0.0772545620566234	25858048.0					
after	sc	r04	c/goblint-regression/13-privatized_34-traces-minepp-L-needs-to-be-um_true.yml	true	correct	0.070528194	0.0767694900278002	25886720.0					
after	sc	r04	c/goblint-regression/13-privatized_68-pfscan_protected_loop_minimal_interval_true.yml	true	correct	0.073315148	0.0781574270222336	25980928.0					
after	sc	r04	c/goblint-regression/13-privatized_29-multiple-protecting2-vesal_true.yml	true	correct	0.073927966	0.07996940810699016	25825280.0					
after	sc	r04	c/goblint-regression/13-privatized_24-multiple-protecting_true.yml	true	correct	0.078766943	0.08476534497458488	25890816.0					
after	sc	r04	c/goblint-regression/36-apron_21-traces-cluster-based_true.yml	true	correct	0.078351865	0.08351217804010957	25944064.0					
after	sc	r04	c/goblint-regression/36-apron_22-traces-write-centered-vs-meet-mutex_true_no-overflow.yml	true	correct	0.079507206	0.08218139200471342	25866240.0					
after	sc	r04	c/goblint-regression/13-privatized_27-multiple-protecting2_true.yml	true	correct	0.083219687	0.08750144799705595	25964544.0					
after	sc	r04	c/pthread-ext/14_spin2003.yml	true	correct	0.066733597	0.0730763099854812	25821184.0					
after	sc	r04	c/pthread-ext/29_conditionals_vs.yml	true	correct	0.068945167	0.07425489090383053	25817088.0					
after	sc	r04	c/pthread-ext/48_ticket_lock_low_contention_vs-pthread.yml	true	correct	0.065665735	0.07217101007699966	25759744.0					
after	sc	r04	c/pthread-ext/46_monabsex2_vs.yml	true	correct	0.068211125	0.0724837559973821	25862144.0					
after	sc	r04	c/pthread-ext/45_monabsex1_vs.yml	true	correct	0.073230269	0.07498253998346627	25825280.0					
after	sc	r04	c/pthread/stateful01-1.yml	false(unreach-call)	correct	0.07402214	0.07891819707583636	25927680.0					
after	sc	r04	c/pthread/stateful01-2.yml	true	correct	0.075671824	0.08206935098860413	25866240.0					
after	sc	r04	c/pthread-atomic/time_var_mutex.yml	true	correct	0.075860581	0.08341552596539259	25907200.0					
after	sc	r04	c/pthread-ext/01b_inc.yml	true	correct	0.071548603	0.07719325402285904	25825280.0					
after	sc	r04	c/pthread/triangular-1.yml	true	correct	6.496414892	6.505733391968533	25837568.0					
after	sc	r04	c/pthread/triangular-2.yml	false(unreach-call)	correct	1.554777995	1.5612910399213433	25911296.0					
after	sc	r04	c/pthread-ext/02_inc_cas.yml	true	correct	0.068477552	0.07290854898747057	25780224.0					
after	sc	r04	c/goblint-regression/28-race_reach_21-deref_read_racing.yml	false(unreach-call)	correct	4.150338295	4.166012904024683	56446976.0					
after	sc	r04	c/pthread-ext/48_ticket_lock_low_contention_vs.yml	true	correct	0.078577589	0.08020645496435463	25886720.0					
after	sc	r04	c/goblint-regression/28-race_reach_37-indirect_racing.yml	false(unreach-call)	correct	13.271157023	13.31039338093251	2061021184.0					
after	sc	r04	c/goblint-regression/28-race_reach_45-escape_racing.yml	false(unreach-call)	correct	0.074434286	0.08059123798739165	25812992.0					
after	sc	r04	c/goblint-regression/28-race_reach_46-escape_racefree.yml	true	correct	0.071095032	0.07816950709093362	25923584.0					
after	sc	r04	c/goblint-regression/28-race_reach_01-simple_racing.yml	false(unreach-call)	correct	13.16328783	13.198828892083839	2061066240.0					
after	sc	r04	c/goblint-regression/28-race_reach_11-ptr_racing.yml	false(unreach-call)	correct	13.143817145	13.168831913964823	2061066240.0					
after	sc	r04	c/pthread-deagle/circular_buffer_bad.yml	false(unreach-call)	correct	0.078900645	0.08404590794816613	26001408.0					
after	sc	r04	c/pthread/fib_safe-5.yml	true	correct	3.9754766	4.004509869962931	25915392.0					
after	sc	r04	c/pthread/fib_safe-6.yml	true	correct	19.409186057	19.510096326004714	25866240.0					
after	sc	r04	c/pthread/fib_unsafe-5.yml	false(unreach-call)	correct	1.036674361	1.041811884031631	25878528.0					
after	sc	r04	c/pthread/fib_unsafe-6.yml	false(unreach-call)	correct	5.460675779	5.47800562903285	25825280.0					
after	sc	r04	c/pthread/fib_unsafe-7.yml	false(unreach-call)	correct	26.13606984	26.25411515799351	25882624.0					
after	sc	r04	c/goblint-regression/28-race_reach_24-sound_lock_racing.yml	false(unreach-call)	correct	12.638927998	12.67206472705584	2061062144.0					
after	sc	r04	c/pthread/lazy01.yml	false(unreach-call)	correct	0.07134331	0.07772066001780331	25976832.0					
after	sc	r04	c/pthread-deagle/circular_buffer_ok.yml	true	correct	3.122831554	3.133123734034598	25964544.0					
after	sc	r04	c/pthread-atomic/szymanski.yml	true	correct	0.070098999	0.07641489803791046	25821184.0					
after	sc	r04	c/pthread-atomic/dekker.yml	true	correct	0.062117654	0.06864643306471407	25821184.0					
after	sc	r04	c/pthread-atomic/dekker-unfair.yml	true	correct	0.06806189	0.07590918999630958	25821184.0					
after	sc	r04	c/pthread-theta/unwind3-1.yml	false(unreach-call)	correct	0.06782864	0.07626090792473406	25845760.0					
after	sc	r04	c/pthread-theta/exponential-nondet.yml	true	correct	0.067303814	0.07284521101973951	25964544.0					
after	sc	r04	c/pthread-theta/unwind2-1.yml	false(unreach-call)	correct	0.070570002	0.0759176560677588	25956352.0					
after	sc	r04	c/pthread-theta/unwind2-100.yml	false(unreach-call)	correct	0.069965627	0.07445871410891414	25972736.0					
after	sc	r04	c/pthread/butterfly.yml	true	correct	13.977680126	13.991357116028666	26062848.0					
after	sc	r04	c/pthread-ext/43_NetBSD_sysmon_power_sliced.yml	true	correct	0.060501481	0.06786520208697766	25833472.0					
after	sc	r04	c/goblint-regression/28-race_reach_06-cond_racing1.yml	false(unreach-call)	correct	12.312521141	12.35869476699736	2061058048.0					
after	sc	r04	c/pthread/queue_ok.yml	true	correct	0.069696493	0.071966856950894	26009600.0					
after	sc	r04	c/pthread/queue_ok_longer.yml	true	correct	0.462011075	0.4715047689387575	79372288.0					
after	sc	r04	c/pthread/queue_ok_longest.yml	true	correct	1.601402543	1.621681327931583	276942848.0					
after	sc	r04	c/pthread/queue_longer.yml	TIMEOUT	error	61.041782445	61.079443063936196	1088061440.0					
after	sc	r04	c/pthread/queue.yml	false(unreach-call)	correct	0.090496114	0.09766862203832716	26030080.0					
after	sc	r04	c/pthread/singleton.yml	false(unreach-call)	correct	0.071902135	0.0801304429769516	26083328.0					
after	sc	r04	c/pthread/singleton_with-uninit-problems.yml	true	correct	0.075009892	0.0928839270491153	26107904.0					
after	sc	r04	c/pthread-C-DAC/pthread-demo-datarace-3.yml	false(unreach-call)	correct	0.126041501	0.1330034889979288	25821184.0					
after	sc	r04	c/pthread/reorder_2.yml	false(unreach-call)	correct	0.143299474	0.1616058750078082	25964544.0					
after	sc	r04	c/pthread/twostage_3.yml	false(unreach-call)	correct	0.080428698	0.08751339407172054	26234880.0					
after	sc	r04	c/ldv-races/race-1_1-join.yml	true	correct	0.073062354	0.07797258999198675	26091520.0					
after	sc	r04	c/ldv-races/race-1_3-join.yml	false(unreach-call)	correct	0.072727381	0.078907800023444	26087424.0					
after	sc	r04	c/ldv-races/race-1_2-join.yml	false(unreach-call)	correct	0.073803676	0.07852049497887492	26038272.0					
after	sc	r04	c/ldv-races/race-4_1-thread_local_vars.yml	true	correct	0.071443004	0.07676906802225858	26198016.0					
after	sc	r04	c/ldv-races/race-2_1-container_of.yml	true	correct	0.066815225	0.07367171300575137	26075136.0					
after	sc	r04	c/ldv-races/race-3_1-container_of-global.yml	true	correct	0.071643372	0.07654484501108527	26083328.0					
after	tso	r01	c/goblint-regression/13-privatized_66-mine-W-init_true.yml	true	correct	0.078131763	0.10512722900602967	25956352.0					
after	tso	r01	c/goblint-regression/36-apron_41-threadenter-no-locals_unknown_1_pos.yml	false(unreach-call)	correct	0.077493509	0.09394286596216261	25956352.0					
after	tso	r01	c/goblint-regression/36-apron_16-traces-unprot2_true.yml	true	correct	0.066647991	0.09068689995910972	25931776.0					
after	tso	r01	c/goblint-regression/13-privatized_57-singlethreaded-unlock_true.yml	true	correct	0.069010151	0.07599567400757223	25886720.0					
after	tso	r01	c/goblint-regression/13-privatized_47-refine-protected2_true.yml	true	correct	0.067309023	0.08613541803788394	25964544.0					
after	tso	r01	c/goblint-regression/13-privatized_46-refine-protected1_true.yml	true	correct	0.064751797	0.09260011091828346	25972736.0					
after	tso	r01	c/goblint-regression/36-apron_11-traces-max-simple_true.yml	true	correct	0.063446339	0.07626601005904377	25952256.0					
after	tso	r01	c/goblint-regression/13-privatized_41-traces-ex-7_unknown_1_pos.yml	false(unreach-call)	correct	0.070050862	0.07459902297705412	25919488.0					
after	tso	r01	c/goblint-regression/13-privatized_41-traces-ex-7_unknown_1_neg.yml	false(unreach-call)	correct	0.059348057	0.06360631703864783	26009600.0					
after	tso	r01	c/goblint-regression/13-privatized_40-traces-ex-6_true.yml	true	correct	0.071907907	0.07818955508992076	25968640.0					
after	tso	r01	c/goblint-regression/13-privatized_58-singlethreaded-lock_true.yml	true	correct	0.064932912	0.07221248000860214	25915392.0					
after	tso	r01	c/goblint-regression/13-privatized_44-traces-mine2_true.yml	true	correct	0.069329296	0.08135529700666666	25935872.0					
after	tso	r01	c/goblint-regression/13-privatized_18-first-reads_unknown_2_pos.yml	false(unreach-call)	correct	0.069476582	0.0752995079383254	25948160.0					
after	tso	r01	c/goblint-regression/13-privatized_18-first-reads_unknown_1_neg.yml	false(unreach-call)	correct	0.061552894	0.06512749497778714	26038272.0					
after	tso	r01	c/goblint-regression/13-privatized_36-traces-ex-3_true.yml	true	correct	0.05885054	0.075030178995803	25956352.0					
after	tso	r01	c/goblint-regression/13-privatized_18-first-reads_true.yml	true	correct	0.054893312	0.05932958307676017	26001408.0					
after	tso	r01	c/goblint-regression/13-privatized_35-traces-ex-2_true.yml	true	correct	0.061076286	0.06850214500445873	25952256.0					
after	tso	r01	c/goblint-regression/13-privatized_37-traces-ex-4_true.yml	true	correct	0.071818322	0.0781162939965725	25944064.0					
after	tso	r01	c/goblint-regression/13-privatized_38-traces-ex-4-switch_true.yml	true	correct	0.062207325	0.06696546997409314	25919488.0					
after	tso	r01	c/goblint-regression/13-privatized_19-publish-precision_unknown_1_pos.yml	false(unreach-call)	correct	0.075712671	0.07871974294539541	25931776.0					
after	tso	r01	c/goblint-regression/13-privatized_19-publish-precision_unknown_2_pos.yml	false(unreach-call)	correct	0.071942969	0.07750402693636715	26030080.0					
after	tso	r01	c/goblint-regression/13-privatized_19-publish-precision_unknown_1_neg.yml	false(unreach-call)	correct	0.061858765	0.06943931907881051	26005504.0					
after	tso	r01	c/goblint-regression/13-privatized_19-publish-precision_unknown_2_neg.yml	false(unreach-call)	correct	0.076335462	0.08310406201053411	25944064.0					
after	tso	r01	c/goblint-regression/13-privatized_45-traces-per-global-and-current-lock-mine-incomparable_true.yml	true	correct	0.05936685	0.06330735795199871	26013696.0					
after	tso	r01	c/goblint-regression/13-privatized_01-priv_nr_true.yml	true	correct	0.065090783	0.06995802605524659	25997312.0					
after	tso	r01	c/goblint-regression/13-privatized_19-publish-precision_true.yml	true	correct	0.064548245	0.0983829969773069	25944064.0					
after	tso	r01	c/goblint-regression/13-privatized_42-traces-ex-mini_true.yml	true	correct	0.074877298	0.0862418309552595	25939968.0					
after	tso	r01	c/goblint-regression/13-privatized_33-traces-v-matters_true.yml	true	correct	0.072246006	0.10293680697213858	25935872.0					
after	tso	r01	c/goblint-regression/13-privatized_25-struct_nr_true.yml	true	correct	0.076265096	0.102068044943735	25964544.0					
after	tso	r01	c/goblint-regression/13-privatized_69-refine-protected-loop-interval_true.yml	true	correct	0.061264602	0.09960990806575865	26025984.0					
after	tso	r01	c/goblint-regression/36-apron_17-traces-rpb-litmus_unknown_1_neg.yml	false(unreach-call)	correct	0.074753139	0.11016381008084863	25968640.0					
after	tso	r01	c/goblint-regression/13-privatized_31-traces-mine-vs-mutex_true.yml	true	correct	0.060178676	0.06484870403073728	26058752.0					
after	tso	r01	c/goblint-regression/13-privatized_20-publish-regression_true.yml	true	correct	0.064006795	0.07061165699269623	26062848.0					
after	tso	r01	c/goblint-regression/13-privatized_30-traces-oplus-vs-meet_true.yml	true	correct	0.063223795	0.07339027104899287	26038272.0					
after	tso	r01	c/goblint-regression/13-privatized_32-traces-mine-vs-oplus-vs-meet_true.yml	true	correct	0.072790518	0.08084426098503172	26071040.0					
after	tso	r01	c/goblint-regression/13-privatized_34-traces-minepp-L-needs-to-be-um_true.yml	true	correct	0.070049946	0.0758097730576992	25993216.0					
after	tso	r01	c/goblint-regression/13-privatized_68-pfscan_protected_loop_minimal_interval_true.yml	true	correct	0.077150768	0.08234144805464894	26095616.0					
after	tso	r01	c/goblint-regression/13-privatized_29-multiple-protecting2-vesal_true.yml	true	correct	0.064208168	0.07173507299739867	25989120.0					
after	tso	r01	c/goblint-regression/13-privatized_24-multiple-protecting_true.yml	true	correct	0.077609879	0.08660926599986851	25989120.0					
after	tso	r01	c/goblint-regression/36-apron_21-traces-cluster-based_true.yml	true	correct	0.076160355	0.0906464250292629	26132480.0					
after	tso	r01	c/goblint-regression/36-apron_22-traces-write-centered-vs-meet-mutex_true_no-overflow.yml	true	correct	0.066252002	0.07105389796197414	25968640.0					
after	tso	r01	c/goblint-regression/13-privatized_27-multiple-protecting2_true.yml	true	correct	0.078449116	0.08041449298616499	26071040.0					
after	tso	r01	c/pthread-ext/14_spin2003.yml	true	correct	0.066482277	0.07397082494571805	25944064.0					
after	tso	r01	c/pthread-ext/29_conditionals_vs.yml	true	correct	0.072749393	0.08107112895231694	25931776.0					
after	tso	r01	c/pthread-ext/48_ticket_lock_low_contention_vs-pthread.yml	true	correct	0.060300805	0.06525995093397796	25964544.0					
after	tso	r01	c/pthread-ext/46_monabsex2_vs.yml	true	correct	0.073060749	0.07862720591947436	26034176.0					
after	tso	r01	c/pthread-ext/45_monabsex1_vs.yml	true	correct	0.065094639	0.0714316579978913	25911296.0					
after	tso	r01	c/pthread/stateful01-1.yml	false(unreach-call)	correct	0.069646404	0.07356295199133456	26009600.0					
after	tso	r01	c/pthread/stateful01-2.yml	true	correct	0.065104217	0.07413031090982258	25997312.0					
after	tso	r01	c/pthread-atomic/time_var_mutex.yml	true	correct	0.067184206	0.0895016900030896	26087424.0					
after	tso	r01	c/pthread-ext/01b_inc.yml	true	correct	0.07260181	0.07947760296519846	25952256.0					
after	tso	r01	c/pthread/triangular-1.yml	true	correct	8.334441435	8.368514765053988	26091520.0					
after	tso	r01	c/pthread/triangular-2.yml	false(unreach-call)	correct	1.906396543	1.9144977079704404	26046464.0					
after	tso	r01	c/pthread-ext/02_inc_cas.yml	true	correct	0.073684107	0.08385690406430513	25927680.0					
after	tso	r01	c/goblint-regression/28-race_reach_21-deref_read_racing.yml	false(unreach-call)	correct	4.112443108	4.1506758040050045	56463360.0					
after	tso	r01	c/pthread-ext/48_ticket_lock_low_contention_vs.yml	true	correct	0.070242368	0.07724091107957065	26054656.0					
after	tso	r01	c/goblint-regression/28-race_reach_37-indirect_racing.yml	TIMEOUT	error	61.007361849	61.05995330202859	1057120256.0					
after	tso	r01	c/goblint-regression/28-race_reach_45-escape_racing.yml	false(unreach-call)	correct	0.062511405	0.07032136910129339	25964544.0					
after	tso	r01	c/goblint-regression/28-race_reach_46-escape_racefree.yml	true	correct	0.070246237	0.07529867393895984	26017792.0					
after	tso	r01	c/goblint-regression/28-race_reach_01-simple_racing.yml	TIMEOUT	error	60.8392463	61.06560061709024	1057067008.0					
after	tso	r01	c/goblint-regression/28-race_reach_11-ptr_racing.yml	TIMEOUT	error	61.037164614	61.06847851793282	1057062912.0					
after	tso	r01	c/pthread-deagle/circular_buffer_bad.yml	false(unreach-call)	correct	0.068959268	0.0766592319123447	26083328.0					
after	tso	r01	c/pthread/fib_safe-5.yml	true	correct	6.840224151	6.911275291000493	26083328.0					
after	tso	r01	c/pthread/fib_safe-6.yml	true	correct	32.045230879	32.08908653398976	26042368.0					
after	tso	r01	c/pthread/fib_unsafe-5.yml	false(unreach-call)	correct	1.727915798	1.7484057289548218	26009600.0					
after	tso	r01	c/pthread/fib_unsafe-6.yml	false(unreach-call)	correct	9.221069259	9.274087633006275	25960448.0					
after	tso	r01	c/pthread/fib_unsafe-7.yml	false(unreach-call)	correct	47.795884365	47.90162939601578	25989120.0					
after	tso	r01	c/goblint-regression/28-race_reach_24-sound_lock_racing.yml	TIMEOUT	error	61.028887098	61.05615406902507	1057189888.0					
after	tso	r01	c/pthread/lazy01.yml	false(unreach-call)	correct	0.066481334	0.07370465795975178	26103808.0					
after	tso	r01	c/pthread-deagle/circular_buffer_ok.yml	true	correct	4.471329435	4.513378339004703	26054656.0					
after	tso	r01	c/pthread-atomic/szymanski.yml	true	correct	0.074504908	0.0774525630986318	26001408.0					
after	tso	r01	c/pthread-atomic/dekker.yml	true	correct	0.067907489	0.07680774200707674	26112000.0					
after	tso	r01	c/pthread-atomic/dekker-unfair.yml	true	correct	0.068813187	0.073641576920636	26087424.0					
after	tso	r01	c/pthread-theta/unwind3-1.yml	false(unreach-call)	correct	0.069264339	0.07519132690504193	25976832.0					
after	tso	r01	c/pthread-theta/exponential-nondet.yml	true	correct	0.070277583	0.07695856306236237	26087424.0					
after	tso	r01	c/pthread-theta/unwind2-1.yml	false(unreach-call)	correct	0.068542965	0.07484863791614771	26128384.0					
after	tso	r01	c/pthread-theta/unwind2-100.yml	false(unreach-call)	correct	0.073436362	0.07896013394929469	26091520.0					
after	tso	r01	c/pthread/butterfly.yml	true	correct	18.830267533	18.906120578059927	26243072.0					
after	tso	r01	c/pthread-ext/43_NetBSD_sysmon_power_sliced.yml	true	correct	0.063364491	0.06816947599872947	25976832.0					
after	tso	r01	c/goblint-regression/28-race_reach_06-cond_racing1.yml	TIMEOUT	error	61.017165389	61.0624183670152	1057140736.0					
after	tso	r01	c/pthread/queue_ok.yml	true	correct	0.070974259	0.07766217703465372	26214400.0					
after	tso	r01	c/pthread/queue_ok_longer.yml	true	correct	1.05906342	1.0643096290295944	54779904.0					
after	tso	r01	c/pthread/queue_ok_longest.yml	true	correct	4.679072792	4.684725922998041	240844800.0					
after	tso	r01	c/pthread/queue_longer.yml	TIMEOUT	error	61.015124638	61.04954998497851	604434432.0					
after	tso	r01	c/pthread/queue.yml	false(unreach-call)	correct	0.099969747	0.10637007898185402	26161152.0					
after	tso	r01	c/pthread/singleton.yml	false(unreach-call)	correct	0.073225665	0.07962065900210291	26230784.0					
after	tso	r01	c/pthread/singleton_with-uninit-problems.yml	true	correct	0.072651006	0.08050227095372975	26218496.0					
after	tso	r01	c/pthread-C-DAC/pthread-demo-datarace-3.yml	false(unreach-call)	correct	0.143473724	0.1515464480035007	26103808.0					
after	tso	r01	c/pthread/reorder_2.yml	false(unreach-call)	correct	0.159477189	0.16318257397506386	26214400.0					
after	tso	r01	c/pthread/twostage_3.yml	false(unreach-call)	correct	0.079617253	0.08646457700524479	26349568.0					
after	tso	r01	c/ldv-races/race-1_1-join.yml	true	correct	0.070292187	0.07664371107239276	26218496.0					
after	tso	r01	c/ldv-races/race-1_3-join.yml	false(unreach-call)	correct	0.070085383	0.07710147195030004	26218496.0					
after	tso	r01	c/ldv-races/race-1_2-join.yml	false(unreach-call)	correct	0.072752112	0.0769560479093343	26226688.0					
after	tso	r01	c/ldv-races/race-4_1-thread_local_vars.yml	true	correct	0.070866499	0.07822202995885164	26296320.0					
after	tso	r01	c/ldv-races/race-2_1-container_of.yml	true	correct	0.07032255	0.07754523993935436	26353664.0					
after	tso	r01	c/ldv-races/race-3_1-container_of-global.yml	true	correct	0.074501768	0.07815402303822339	26320896.0					
after	tso	r02	c/goblint-regression/13-privatized_66-mine-W-init_true.yml	true	correct	0.077974118	0.08330009400378913	25952256.0					
after	tso	r02	c/goblint-regression/36-apron_41-threadenter-no-locals_unknown_1_pos.yml	false(unreach-call)	correct	0.084185496	0.08986193593591452	25944064.0					
after	tso	r02	c/goblint-regression/36-apron_16-traces-unprot2_true.yml	true	correct	0.067890743	0.0725001369137317	25911296.0					
after	tso	r02	c/goblint-regression/13-privatized_57-singlethreaded-unlock_true.yml	true	correct	0.060538874	0.06634924293030053	25899008.0					
after	tso	r02	c/goblint-regression/13-privatized_47-refine-protected2_true.yml	true	correct	0.069643535	0.0738629789557308	25907200.0					
after	tso	r02	c/goblint-regression/13-privatized_46-refine-protected1_true.yml	true	correct	0.070646538	0.07516625407151878	26025984.0					
after	tso	r02	c/goblint-regression/36-apron_11-traces-max-simple_true.yml	true	correct	0.068449793	0.0723720749374479	26005504.0					
after	tso	r02	c/goblint-regression/13-privatized_41-traces-ex-7_unknown_1_pos.yml	false(unreach-call)	correct	0.06893516	0.07414481800515205	26025984.0					
after	tso	r02	c/goblint-regression/13-privatized_41-traces-ex-7_unknown_1_neg.yml	false(unreach-call)	correct	0.074021952	0.08002425893209875	25944064.0					
after	tso	r02	c/goblint-regression/13-privatized_40-traces-ex-6_true.yml	true	correct	0.073035061	0.07711482606828213	25935872.0					
after	tso	r02	c/goblint-regression/13-privatized_58-singlethreaded-lock_true.yml	true	correct	0.060602038	0.06961729796603322	26009600.0					
after	tso	r02	c/goblint-regression/13-privatized_44-traces-mine2_true.yml	true	correct	0.071321424	0.08404802507720888	25927680.0					
after	tso	r02	c/goblint-regression/13-privatized_18-first-reads_unknown_2_pos.yml	false(unreach-call)	correct	0.075082301	0.07671818393282592	25948160.0					
after	tso	r02	c/goblint-regression/13-privatized_18-first-reads_unknown_1_neg.yml	false(unreach-call)	correct	0.070620423	0.07454379799310118	26009600.0					
after	tso	r02	c/goblint-regression/13-privatized_36-traces-ex-3_true.yml	true	correct	0.07178606	0.078100273036398	25935872.0					
after	tso	r02	c/goblint-regression/13-privatized_18-first-reads_true.yml	true	correct	0.068088967	0.07320626103319228	25997312.0					
after	tso	r02	c/goblint-regression/13-privatized_35-traces-ex-2_true.yml	true	correct	0.069895493	0.07967354508582503	25944064.0					
after	tso	r02	c/goblint-regression/13-privatized_37-traces-ex-4_true.yml	true	correct	0.062182423	0.06665793200954795	26042368.0					
after	tso	r02	c/goblint-regression/13-privatized_38-traces-ex-4-switch_true.yml	true	correct	0.068550331	0.07745044399052858	26005504.0					
after	tso	r02	c/goblint-regression/13-privatized_19-publish-precision_unknown_1_pos.yml	false(unreach-call)	correct	0.075661081	0.0814442679984495	25931776.0					
after	tso	r02	c/goblint-regression/13-privatized_19-publish-precision_unknown_2_pos.yml	false(unreach-call)	correct	0.072112278	0.07558620709460229	25985024.0					
after	tso	r02	c/goblint-regression/13-privatized_19-publish-precision_unknown_1_neg.yml	false(unreach-call)	correct	0.070360098	0.07464742206502706	25952256.0					
after	tso	r02	c/goblint-regression/13-privatized_19-publish-precision_unknown_2_neg.yml	false(unreach-call)	correct	0.069835143	0.07570068398490548	26021888.0					
after	tso	r02	c/goblint-regression/13-privatized_45-traces-per-global-and-current-lock-mine-incomparable_true.yml	true	correct	0.073203124	0.07996084203477949	26038272.0					
after	tso	r02	c/goblint-regression/13-privatized_01-priv_nr_true.yml	true	correct	0.071203374	0.07715326198376715	26030080.0					
after	tso	r02	c/goblint-regression/13-privatized_19-publish-precision_true.yml	true	correct	0.067923495	0.08452256501186639	26046464.0					
after	tso	r02	c/goblint-regression/13-privatized_42-traces-ex-mini_true.yml	true	correct	0.0586655	0.06821371300611645	25919488.0					
after	tso	r02	c/goblint-regression/13-privatized_33-traces-v-matters_true.yml	true	correct	0.072486797	0.07843878807034343	25968640.0					
after	tso	r02	c/goblint-regression/13-privatized_25-struct_nr_true.yml	true	correct	0.067603178	0.0730322280433029	25956352.0					
after	tso	r02	c/goblint-regression/13-privatized_69-refine-protected-loop-interval_true.yml	true	correct	0.073971932	0.07933402003254741	26001408.0					
after	tso	r02	c/goblint-regression/36-apron_17-traces-rpb-litmus_unknown_1_neg.yml	false(unreach-call)	correct	0.071750615	0.07769504701718688	26038272.0					
after	tso	r02	c/goblint-regression/13-privatized_31-traces-mine-vs-mutex_true.yml	true	correct	0.074042359	0.07978704897686839	26058752.0					
after	tso	r02	c/goblint-regression/13-privatized_20-publish-regression_true.yml	true	correct	0.074618542	0.07868401193991303	26034176.0					
after	tso	r02	c/goblint-regression/13-privatized_30-traces-oplus-vs-meet_true.yml	true	correct	0.071735669	0.07629899808671325	26058752.0					
after	tso	r02	c/goblint-regression/13-privatized_32-traces-mine-vs-oplus-vs-meet_true.yml	true	correct	0.062390424	0.06389839597977698	26001408.0					
after	tso	r02	c/goblint-regression/13-privatized_34-traces-minepp-L-needs-to-be-um_true.yml	true	correct	0.075229548	0.0796388549497351	26021888.0					
after	tso	r02	c/goblint-regression/13-privatized_68-pfscan_protected_loop_minimal_interval_true.yml	true	correct	0.073457154	0.07756421389058232	26046464.0					
after	tso	r02	c/goblint-regression/13-privatized_29-multiple-protecting2-vesal_true.yml	true	correct	0.071147102	0.07364710897672921	26091520.0					
after	tso	r02	c/goblint-regression/13-privatized_24-multiple-protecting_true.yml	true	correct	0.074116956	0.08091567899100482	26112000.0					
after	tso	r02	c/goblint-regression/36-apron_21-traces-cluster-based_true.yml	true	correct	0.074879696	0.0804782269988209	26083328.0					
after	tso	r02	c/goblint-regression/36-apron_22-traces-write-centered-vs-meet-mutex_true_no-overflow.yml	true	correct	0.073720188	0.07588479795958847	26005504.0					
after	tso	r02	c/goblint-regression/13-privatized_27-multiple-protecting2_true.yml	true	correct	0.072359673	0.07720631291158497	26042368.0					
after	tso	r02	c/pthread-ext/14_spin2003.yml	true	correct	0.065100601	0.07315693609416485	25997312.0					
after	tso	r02	c/pthread-ext/29_conditionals_vs.yml	true	correct	0.068535434	0.07296030595898628	25874432.0					
after	tso	r02	c/pthread-ext/48_ticket_lock_low_contention_vs-pthread.yml	true	correct	0.07388684	0.07964856398757547	25939968.0					
after	tso	r02	c/pthread-ext/46_monabsex2_vs.yml	true	correct	0.07003808	0.07684546790551394	25964544.0					
after	tso	r02	c/pthread-ext/45_monabsex1_vs.yml	true	correct	0.074646605	0.0796048219781369	25923584.0					
after	tso	r02	c/pthread/stateful01-1.yml	false(unreach-call)	correct	0.074157133	0.07653325994033366	26038272.0					
after	tso	r02	c/pthread/stateful01-2.yml	true	correct	0.071550627	0.08568336896132678	26021888.0					
after	tso	r02	c/pthread-atomic/time_var_mutex.yml	true	correct	0.067443198	0.07668161194305867	26050560.0					
after	tso	r02	c/pthread-ext/01b_inc.yml	true	correct	0.059170613	0.06396719196345657	26062848.0					
after	tso	r02	c/pthread/triangular-1.yml	true	correct	8.299027926	8.328025656053796	26079232.0					
after	tso	r02	c/pthread/triangular-2.yml	false(unreach-call)	correct	1.935450311	1.9425723740132526	26103808.0					
after	tso	r02	c/pthread-ext/02_inc_cas.yml	true	correct	0.070697664	0.07438224006909877	25964544.0					
after	tso	r02	c/goblint-regression/28-race_reach_21-deref_read_racing.yml	false(unreach-call)	correct	4.137607131	4.152702595922165	56541184.0					
after	tso	r02	c/pthread-ext/48_ticket_lock_low_contention_vs.yml	true	correct	0.070607217	0.07389457791578025	26034176.0					
after	tso	r02	c/goblint-regression/28-race_reach_37-indirect_racing.yml	TIMEOUT	error	61.013689033	61.06195700902026	1057161216.0					
after	tso	r02	c/goblint-regression/28-race_reach_45-escape_racing.yml	false(unreach-call)	correct	0.067482899	0.07344282895792276	26083328.0					
after	tso	r02	c/goblint-regression/28-race_reach_46-escape_racefree.yml	true	correct	0.066876555	0.07657438993919641	25989120.0					
after	tso	r02	c/goblint-regression/28-race_reach_01-simple_racing.yml	TIMEOUT	error	61.012590238	61.05922951397952	1057144832.0					
after	tso	r02	c/goblint-regression/28-race_reach_11-ptr_racing.yml	TIMEOUT	error	61.036902139	61.06078001204878	1057079296.0					
after	tso	r02	c/pthread-deagle/circular_buffer_bad.yml	false(unreach-call)	correct	0.074276742	0.08725035400129855	26075136.0					
after	tso	r02	c/pthread/fib_safe-5.yml	true	correct	6.674540717	6.691426060046069	26034176.0					
after	tso	r02	c/pthread/fib_safe-6.yml	true	correct	34.337752824	35.33091595803853	26091520.0					
after	tso	r02	c/pthread/fib_unsafe-5.yml	false(unreach-call)	correct	1.892165585	1.9008220110554248	25960448.0					
after	tso	r02	c/pthread/fib_unsafe-6.yml	false(unreach-call)	correct	9.820781711	9.866645089001395	26087424.0					
after	tso	r02	c/pthread/fib_unsafe-7.yml	false(unreach-call)	correct	47.908335219	48.043718159082346	26017792.0					
after	tso	r02	c/goblint-regression/28-race_reach_24-sound_lock_racing.yml	TIMEOUT	error	61.029491195	61.05326467193663	1057087488.0					
after	tso	r02	c/pthread/lazy01.yml	false(unreach-call)	correct	0.072353472	0.08007254998665303	26087424.0					
after	tso	r02	c/pthread-deagle/circular_buffer_ok.yml	true	correct	4.361646796	4.39903874497395	26116096.0					
after	tso	r02	c/pthread-atomic/szymanski.yml	true	correct	0.076833609	0.08383526792749763	26083328.0					
after	tso	r02	c/pthread-atomic/dekker.yml	true	correct	0.072899804	0.07532623293809593	26087424.0					
after	tso	r02	c/pthread-atomic/dekker-unfair.yml	true	correct	0.065607866	0.07032614597119391	26021888.0					
after	tso	r02	c/pthread-theta/unwind3-1.yml	false(unreach-call)	correct	0.070794476	0.07728475600015372	26091520.0					
after	tso	r02	c/pthread-theta/exponential-nondet.yml	true	correct	0.070005147	0.07617298699915409	26017792.0					
after	tso	r02	c/pthread-theta/unwind2-1.yml	false(unreach-call)	correct	0.067033357	0.0744412619387731	26091520.0					
after	tso	r02	c/pthread-theta/unwind2-100.yml	false(unreach-call)	correct	0.065310116	0.07318143709562719	26124288.0					
after	tso	r02	c/pthread/butterfly.yml	true	correct	18.635825401	18.653488824958913	26210304.0					
after	tso	r02	c/pthread-ext/43_NetBSD_sysmon_power_sliced.yml	true	correct	0.065802321	0.07372291304636747	25960448.0					
after	tso	r02	c/goblint-regression/28-race_reach_06-cond_racing1.yml	TIMEOUT	error	60.939576738	61.060469585005194	1057079296.0					
after	tso	r02	c/pthread/queue_ok.yml	true	correct	0.070462588	0.07767114602029324	26267648.0					
after	tso	r02	c/pthread/queue_ok_longer.yml	true	correct	1.056039682	1.0644128060666844	54898688.0					
after	tso	r02	c/pthread/queue_ok_longest.yml	true	correct	4.729489336	4.739086386980489	240836608.0					
after	tso	r02	c/pthread/queue_longer.yml	TIMEOUT	error	61.017732628	61.04945051600225	599830528.0					
after	tso	r02	c/pthread/queue.yml	false(unreach-call)	correct	0.099778038	0.10591464000754058	26165248.0					
after	tso	r02	c/pthread/singleton.yml	false(unreach-call)	correct	0.074303732	0.07784218504093587	26218496.0					
after	tso	r02	c/pthread/singleton_with-uninit-problems.yml	true	correct	0.070386593	0.07810439297463745	26218496.0					
after	tso	r02	c/pthread-C-DAC/pthread-demo-datarace-3.yml	false(unreach-call)	correct	0.143965241	0.1506450930610299	26050560.0					
after	tso	r02	c/pthread/reorder_2.yml	false(unreach-call)	correct	0.152912138	0.15766948205418885	26161152.0					
after	tso	r02	c/pthread/twostage_3.yml	false(unreach-call)	correct	0.080092724	0.08356355794239789	26333184.0					
after	tso	r02	c/ldv-races/race-1_1-join.yml	true	correct	0.067148418	0.07528046297375113	26214400.0					
after	tso	r02	c/ldv-races/race-1_3-join.yml	false(unreach-call)	correct	0.069786104	0.07739664695691317	26198016.0					
after	tso	r02	c/ldv-races/race-1_2-join.yml	false(unreach-call)	correct	0.066551064	0.07462905300781131	26271744.0					
after	tso	r02	c/ldv-races/race-4_1-thread_local_vars.yml	true	correct	0.072920748	0.07943210599478334	26345472.0					
after	tso	r02	c/ldv-races/race-2_1-container_of.yml	true	correct	0.066654547	0.07338691491167992	26337280.0					
after	tso	r02	c/ldv-races/race-3_1-container_of-global.yml	true	correct	0.066879074	0.07413324597291648	26312704.0					
after	tso	r03	c/goblint-regression/13-privatized_66-mine-W-init_true.yml	true	correct	0.07688758	0.08315220405347645	25894912.0					
after	tso	r03	c/goblint-regression/36-apron_41-threadenter-no-locals_unknown_1_pos.yml	false(unreach-call)	correct	0.07318807	0.0767856880556792	25948160.0					
after	tso	r03	c/goblint-regression/36-apron_16-traces-unprot2_true.yml	true	correct	0.073271759	0.07840955001302063	25948160.0					
after	tso	r03	c/goblint-regression/13-privatized_57-singlethreaded-unlock_true.yml	true	correct	0.0670754	0.07251518999692053	25997312.0					
after	tso	r03	c/goblint-regression/13-privatized_47-refine-protected2_true.yml	true	correct	0.075721996	0.07830482500139624	25931776.0					
after	tso	r03	c/goblint-regression/13-privatized_46-refine-protected1_true.yml	true	correct	0.068790436	0.07658803591039032	25903104.0					
after	tso	r03	c/goblint-regression/36-apron_11-traces-max-simple_true.yml	true	correct	0.071964207	0.07604166399687529	25960448.0					
after	tso	r03	c/goblint-regression/13-privatized_41-traces-ex-7_unknown_1_pos.yml	false(unreach-call)	correct	0.05969205	0.06811164901591837	26017792.0					
after	tso	r03	c/goblint-regression/13-privatized_41-traces-ex-7_unknown_1_neg.yml	false(unreach-call)	correct	0.066286563	0.07306154607795179	26009600.0					
after	tso	r03	c/goblint-regression/13-privatized_40-traces-ex-6_true.yml	true	correct	0.071862864	0.07584071601741016	25952256.0					
after	tso	r03	c/goblint-regression/13-privatized_58-singlethreaded-lock_true.yml	true	correct	0.062673729	0.06806576601229608	25952256.0					
after	tso	r03	c/goblint-regression/13-privatized_44-traces-mine2_true.yml	true	correct	0.072413891	0.07974054396618158	25976832.0					
after	tso	r03	c/goblint-regression/13-privatized_18-first-reads_unknown_2_pos.yml	false(unreach-call)	correct	0.073675351	0.07572779699694365	26054656.0					
after	tso	r03	c/goblint-regression/13-privatized_18-first-reads_unknown_1_neg.yml	false(unreach-call)	correct	0.069666084	0.0775676240446046	26017792.0					
after	tso	r03	c/goblint-regression/13-privatized_36-traces-ex-3_true.yml	true	correct	0.067096241	0.07198449596762657	25964544.0					
after	tso	r03	c/goblint-regression/13-privatized_18-first-reads_true.yml	true	correct	0.058872315	0.06332988198846579	26046464.0					
after	tso	r03	c/goblint-regression/13-privatized_35-traces-ex-2_true.yml	true	correct	0.070920859	0.0778324669227004	25952256.0					
after	tso	r03	c/goblint-regression/13-privatized_37-traces-ex-4_true.yml	true	correct	0.072746683	0.07944372005295008	25919488.0					
after	tso	r03	c/goblint-regression/13-privatized_38-traces-ex-4-switch_true.yml	true	correct	0.057274709	0.0621418870287016	25997312.0					
after	tso	r03	c/goblint-regression/13-privatized_19-publish-precision_unknown_1_pos.yml	false(unreach-call)	correct	0.069871153	0.07853067188989371	26054656.0					
after	tso	r03	c/goblint-regression/13-privatized_19-publish-precision_unknown_2_pos.yml	false(unreach-call)	correct	0.073141928	0.07507175800856203	26021888.0					
after	tso	r03	c/goblint-regression/13-privatized_19-publish-precision_unknown_1_neg.yml	false(unreach-call)	correct	0.073974069	0.07923871593084186	26042368.0					
after	tso	r03	c/goblint-regression/13-privatized_19-publish-precision_unknown_2_neg.yml	false(unreach-call)	correct	0.071422056	0.07649939798284322	25968640.0					
after	tso	r03	c/goblint-regression/13-privatized_45-traces-per-global-and-current-lock-mine-incomparable_true.yml	true	correct	0.061443869	0.06331702193710953	26050560.0					
after	tso	r03	c/goblint-regression/13-privatized_01-priv_nr_true.yml	true	correct	0.070186522	0.07846888911444694	26005504.0					
after	tso	r03	c/goblint-regression/13-privatized_19-publish-precision_true.yml	true	correct	0.067828425	0.07512631197459996	26071040.0					
after	tso	r03	c/goblint-regression/13-privatized_42-traces-ex-mini_true.yml	true	correct	0.063292364	0.0734583439771086	25968640.0					
after	tso	r03	c/goblint-regression/13-privatized_33-traces-v-matters_true.yml	true	correct	0.07121111	0.08101604296825826	25923584.0					
after	tso	r03	c/goblint-regression/13-privatized_25-struct_nr_true.yml	true	correct	0.07241087	0.07875521702226251	26009600.0					
after	tso	r03	c/goblint-regression/13-privatized_69-refine-protected-loop-interval_true.yml	true	correct	0.074858905	0.07967138406820595	26054656.0					
after	tso	r03	c/goblint-regression/36-apron_17-traces-rpb-litmus_unknown_1_neg.yml	false(unreach-call)	correct	0.070510017	0.08124436996877193	25993216.0					
after	tso	r03	c/goblint-regression/13-privatized_31-traces-mine-vs-mutex_true.yml	true	correct	0.058303488	0.06817980704363436	26054656.0					
after	tso	r03	c/goblint-regression/13-privatized_20-publish-regression_true.yml	true	correct	0.073302843	0.07752846600487828	26062848.0					
after	tso	r03	c/goblint-regression/13-privatized_30-traces-oplus-vs-meet_true.yml	true	correct	0.070911928	0.07630141091067344	26021888.0					
after	tso	r03	c/goblint-regression/13-privatized_32-traces-mine-vs-oplus-vs-meet_true.yml	true	correct	0.077651194	0.08553245000075549	26079232.0					
after	tso	r03	c/goblint-regression/13-privatized_34-traces-minepp-L-needs-to-be-um_true.yml	true	correct	0.070454066	0.07518722699023783	26025984.0					
after	tso	r03	c/goblint-regression/13-privatized_68-pfscan_protected_loop_minimal_interval_true.yml	true	correct	0.057935967	0.06395344994962215	26091520.0					
after	tso	r03	c/goblint-regression/13-privatized_29-multiple-protecting2-vesal_true.yml	true	correct	0.072382945	0.0788945039967075	26042368.0					
after	tso	r03	c/goblint-regression/13-privatized_24-multiple-protecting_true.yml	true	correct	0.075794001	0.08243705192580819	26009600.0					
after	tso	r03	c/goblint-regression/36-apron_21-traces-cluster-based_true.yml	true	correct	0.062633318	0.06684593902900815	26079232.0					
after	tso	r03	c/goblint-regression/36-apron_22-traces-write-centered-vs-meet-mutex_true_no-overflow.yml	true	correct	0.075483028	0.08300448500085622	25960448.0					
after	tso	r03	c/goblint-regression/13-privatized_27-multiple-protecting2_true.yml	true	correct	0.082184645	0.09169774793554097	26066944.0					
after	tso	r03	c/pthread-ext/14_spin2003.yml	true	correct	0.064249376	0.06793557899072766	25931776.0					
after	tso	r03	c/pthread-ext/29_conditionals_vs.yml	true	correct	0.07013298	0.07576440297998488	25927680.0					
after	tso	r03	c/pthread-ext/48_ticket_lock_low_contention_vs-pthread.yml	true	correct	0.072918977	0.08458264404907823	25923584.0					
after	tso	r03	c/pthread-ext/46_monabsex2_vs.yml	true	correct	0.070460304	0.07211773202288896	25939968.0					
after	tso	r03	c/pthread-ext/45_monabsex1_vs.yml	true	correct	0.072702462	0.07594763999804854	25993216.0					
after	tso	r03	c/pthread/stateful01-1.yml	false(unreach-call)	correct	0.061170211	0.06599101598840207	26005504.0					
after	tso	r03	c/pthread/stateful01-2.yml	true	correct	0.07110381	0.07936470699496567	26021888.0					
after	tso	r03	c/pthread-atomic/time_var_mutex.yml	true	correct	0.073040396	0.07468526903539896	26054656.0					
after	tso	r03	c/pthread-ext/01b_inc.yml	true	correct	0.075213445	0.08125357795506716	25960448.0					
after	tso	r03	c/pthread/triangular-1.yml	true	correct	7.707274769	7.720115069998428	26107904.0					
after	tso	r03	c/pthread/triangular-2.yml	false(unreach-call)	correct	1.925655133	1.96720449894201	26087424.0					
after	tso	r03	c/pthread-ext/02_inc_cas.yml	true	correct	0.070812736	0.07673461607191712	25927680.0					
after	tso	r03	c/goblint-regression/28-race_reach_21-deref_read_racing.yml	false(unreach-call)	correct	4.196322091	4.2258171839639544	56336384.0					
after	tso	r03	c/pthread-ext/48_ticket_lock_low_contention_vs.yml	true	correct	0.058120278	0.06027466896921396	25985024.0					
after	tso	r03	c/goblint-regression/28-race_reach_37-indirect_racing.yml	TIMEOUT	error	61.027308085	61.06064624909777	1057087488.0					
after	tso	r03	c/goblint-regression/28-race_reach_45-escape_racing.yml	false(unreach-call)	correct	0.069404632	0.07347163604572415	26071040.0					
after	tso	r03	c/goblint-regression/28-race_reach_46-escape_racefree.yml	true	correct	0.070829123	0.07568857399746776	26071040.0					
after	tso	r03	c/goblint-regression/28-race_reach_01-simple_racing.yml	TIMEOUT	error	61.015229252	61.06288752902765	1057177600.0					
after	tso	r03	c/goblint-regression/28-race_reach_11-ptr_racing.yml	TIMEOUT	error	61.044558992	61.0740581540158	1057173504.0					
after	tso	r03	c/pthread-deagle/circular_buffer_bad.yml	false(unreach-call)	correct	0.075698508	0.08130527997855097	26140672.0					
after	tso	r03	c/pthread/fib_safe-5.yml	true	correct	6.169702881	6.184710504021496	26005504.0					
after	tso	r03	c/pthread/fib_safe-6.yml	true	correct	33.565986109	33.612111802911386	26087424.0					
after	tso	r03	c/pthread/fib_unsafe-5.yml	false(unreach-call)	correct	1.719299256	1.743822261923924	25976832.0					
after	tso	r03	c/pthread/fib_unsafe-6.yml	false(unreach-call)	correct	9.053424913	9.089744542026892	26038272.0					
after	tso	r03	c/pthread/fib_unsafe-7.yml	false(unreach-call)	correct	47.853551616	47.88959082495421	26009600.0					
after	tso	r03	c/goblint-regression/28-race_reach_24-sound_lock_racing.yml	TIMEOUT	error	61.037317837	61.059162519988604	1057120256.0					
after	tso	r03	c/pthread/lazy01.yml	false(unreach-call)	correct	0.067006389	0.0752526189899072	26083328.0					
after	tso	r03	c/pthread-deagle/circular_buffer_ok.yml	true	correct	4.087818381	4.102968674967997	26087424.0					
after	tso	r03	c/pthread-atomic/szymanski.yml	true	correct	0.070687218	0.07897537003736943	26083328.0					
after	tso	r03	c/pthread-atomic/dekker.yml	true	correct	0.069397825	0.07467070093844086	26087424.0					
after	tso	r03	c/pthread-atomic/dekker-unfair.yml	true	correct	0.065234561	0.07192834094166756	26087424.0					
after	tso	r03	c/pthread-theta/unwind3-1.yml	false(unreach-call)	correct	0.062376034	0.06866365496534854	26013696.0					
after	tso	r03	c/pthread-theta/exponential-nondet.yml	true	correct	0.065185328	0.07301239704247564	26071040.0					
after	tso	r03	c/pthread-theta/unwind2-1.yml	false(unreach-call)	correct	0.067236083	0.07306447008159012	26083328.0					
after	tso	r03	c/pthread-theta/unwind2-100.yml	false(unreach-call)	correct	0.071677593	0.0760555659653619	26099712.0					
after	tso	r03	c/pthread/butterfly.yml	true	correct	18.652070031	18.707917297026142	26157056.0					
after	tso	r03	c/pthread-ext/43_NetBSD_sysmon_power_sliced.yml	true	correct	0.066417335	0.07324743596836925	25985024.0					
after	tso	r03	c/goblint-regression/28-race_reach_06-cond_racing1.yml	TIMEOUT	error	61.032917237	61.059613047982566	1057202176.0					
after	tso	r03	c/pthread/queue_ok.yml	true	correct	0.077235536	0.08354542299639434	26165248.0					
after	tso	r03	c/pthread/queue_ok_longer.yml	true	correct	1.053877887	1.0642667060019448	54136832.0					
after	tso	r03	c/pthread/queue_ok_longest.yml	true	correct	4.670968566	4.693417157977819	240394240.0					
after	tso	r03	c/pthread/queue_longer.yml	TIMEOUT	error	61.020448168	61.05095900804736	601563136.0					
after	tso	r03	c/pthread/queue.yml	false(unreach-call)	correct	0.100733596	0.10765506199095398	26222592.0					
after	tso	r03	c/pthread/singleton.yml	false(unreach-call)	correct	0.070888135	0.07902251498308033	26222592.0					
after	tso	r03	c/pthread/singleton_with-uninit-problems.yml	true	correct	0.074238631	0.07913284504320472	26218496.0					
after	tso	r03	c/pthread-C-DAC/pthread-demo-datarace-3.yml	false(unreach-call)	correct	0.148931206	0.1542770720552653	26087424.0					
after	tso	r03	c/pthread/reorder_2.yml	false(unreach-call)	correct	0.15676785	0.16559225507080555	26214400.0					
after	tso	r03	c/pthread/twostage_3.yml	false(unreach-call)	correct	0.083118376	0.08957356307655573	26312704.0					
after	tso	r03	c/ldv-races/race-1_1-join.yml	true	correct	0.069054085	0.07705857197288424	26181632.0					
after	tso	r03	c/ldv-races/race-1_3-join.yml	false(unreach-call)	correct	0.069412634	0.07702060102019459	26214400.0					
after	tso	r03	c/ldv-races/race-1_2-join.yml	false(unreach-call)	correct	0.071034331	0.07787591009400785	26222592.0					
after	tso	r03	c/ldv-races/race-4_1-thread_local_vars.yml	true	correct	0.07303279	0.081238545011729	26353664.0					
after	tso	r03	c/ldv-races/race-2_1-container_of.yml	true	correct	0.075720324	0.08091024495661259	26349568.0					
after	tso	r03	c/ldv-races/race-3_1-container_of-global.yml	true	correct	0.073816601	0.07875118602532893	26349568.0					
after	tso	r04	c/goblint-regression/13-privatized_66-mine-W-init_true.yml	true	correct	0.068863503	0.07138483796734363	25923584.0					
after	tso	r04	c/goblint-regression/36-apron_41-threadenter-no-locals_unknown_1_pos.yml	false(unreach-call)	correct	0.069380525	0.07246409496292472	25960448.0					
after	tso	r04	c/goblint-regression/36-apron_16-traces-unprot2_true.yml	true	correct	0.082296226	0.08805809007026255	25948160.0					
after	tso	r04	c/goblint-regression/13-privatized_57-singlethreaded-unlock_true.yml	true	correct	0.068355476	0.07305400795303285	25915392.0					
after	tso	r04	c/goblint-regression/13-privatized_47-refine-protected2_true.yml	true	correct	0.076105503	0.0791816710261628	25948160.0					
after	tso	r04	c/goblint-regression/13-privatized_46-refine-protected1_true.yml	true	correct	0.071349773	0.07815242500510067	25985024.0					
after	tso	r04	c/goblint-regression/36-apron_11-traces-max-simple_true.yml	true	correct	0.070035974	0.07427256903611124	25952256.0					
after	tso	r04	c/goblint-regression/13-privatized_41-traces-ex-7_unknown_1_pos.yml	false(unreach-call)	correct	0.070319238	0.07558105001226068	25911296.0					
after	tso	r04	c/goblint-regression/13-privatized_41-traces-ex-7_unknown_1_neg.yml	false(unreach-call)	correct	0.069526182	0.07658547908067703	26009600.0					
after	tso	r04	c/goblint-regression/13-privatized_40-traces-ex-6_true.yml	true	correct	0.068337017	0.07581671408843249	25944064.0					
after	tso	r04	c/goblint-regression/13-privatized_58-singlethreaded-lock_true.yml	true	correct	0.066494041	0.07551871798932552	25964544.0					
after	tso	r04	c/goblint-regression/13-privatized_44-traces-mine2_true.yml	true	correct	0.070651406	0.07985265098977834	25907200.0					
after	tso	r04	c/goblint-regression/13-privatized_18-first-reads_unknown_2_pos.yml	false(unreach-call)	correct	0.071415098	0.07387880305759609	25968640.0					
after	tso	r04	c/goblint-regression/13-privatized_18-first-reads_unknown_1_neg.yml	false(unreach-call)	correct	0.073849113	0.07570108294021338	26034176.0					
after	tso	r04	c/goblint-regression/13-privatized_36-traces-ex-3_true.yml	true	correct	0.073721839	0.07879885204602033	25956352.0					
after	tso	r04	c/goblint-regression/13-privatized_18-first-reads_true.yml	true	correct	0.070480719	0.07548716000746936	26013696.0					
after	tso	r04	c/goblint-regression/13-privatized_35-traces-ex-2_true.yml	true	correct	0.069775344	0.08053630590438843	26021888.0					
after	tso	r04	c/goblint-regression/13-privatized_37-traces-ex-4_true.yml	true	correct	0.065830794	0.07323457696475089	25985024.0					
after	tso	r04	c/goblint-regression/13-privatized_38-traces-ex-4-switch_true.yml	true	correct	0.069532916	0.07520212093368173	26042368.0					
after	tso	r04	c/goblint-regression/13-privatized_19-publish-precision_unknown_1_pos.yml	false(unreach-call)	correct	0.071903385	0.07403402402997017	26042368.0					
after	tso	r04	c/goblint-regression/13-privatized_19-publish-precision_unknown_2_pos.yml	false(unreach-call)	correct	0.068824665	0.07585871499031782	26025984.0					
after	tso	r04	c/goblint-regression/13-privatized_19-publish-precision_unknown_1_neg.yml	false(unreach-call)	correct	0.075988003	0.07793604303151369	26009600.0					
after	tso	r04	c/goblint-regression/13-privatized_19-publish-precision_unknown_2_neg.yml	false(unreach-call)	correct	0.069459145	0.07356166304089129	25948160.0					
after	tso	r04	c/goblint-regression/13-privatized_45-traces-per-global-and-current-lock-mine-incomparable_true.yml	true	correct	0.071199707	0.07347584294620901	25993216.0					
after	tso	r04	c/goblint-regression/13-privatized_01-priv_nr_true.yml	true	correct	0.071928078	0.0781654390739277	25993216.0					
after	tso	r04	c/goblint-regression/13-privatized_19-publish-precision_true.yml	true	correct	0.07185326	0.0764213150832802	26038272.0					
after	tso	r04	c/goblint-regression/13-privatized_42-traces-ex-mini_true.yml	true	correct	0.068053867	0.07630680792499334	25952256.0					
after	tso	r04	c/goblint-regression/13-privatized_33-traces-v-matters_true.yml	true	correct	0.08040036	0.08455929404590279	26001408.0					
after	tso	r04	c/goblint-regression/13-privatized_25-struct_nr_true.yml	true	correct	0.072138495	0.07966522697824985	26091520.0					
after	tso	r04	c/goblint-regression/13-privatized_69-refine-protected-loop-interval_true.yml	true	correct	0.068152755	0.07377066905610263	26017792.0					
after	tso	r04	c/goblint-regression/36-apron_17-traces-rpb-litmus_unknown_1_neg.yml	false(unreach-call)	correct	0.069339342	0.0759276970056817	25997312.0					
after	tso	r04	c/goblint-regression/13-privatized_31-traces-mine-vs-mutex_true.yml	true	correct	0.069853021	0.07627207296900451	26038272.0					
after	tso	r04	c/goblint-regression/13-privatized_20-publish-regression_true.yml	true	correct	0.068830796	0.07614049897529185	25976832.0					
after	tso	r04	c/goblint-regression/13-privatized_30-traces-oplus-vs-meet_true.yml	true	correct	0.076077743	0.0790165300713852	25976832.0					
after	tso	r04	c/goblint-regression/13-privatized_32-traces-mine-vs-oplus-vs-meet_true.yml	true	correct	0.076138906	0.08008991298265755	25985024.0					
after	tso	r04	c/goblint-regression/13-privatized_34-traces-minepp-L-needs-to-be-um_true.yml	true	correct	0.071286504	0.08006759500131011	26013696.0					
after	tso	r04	c/goblint-regression/13-privatized_68-pfscan_protected_loop_minimal_interval_true.yml	true	correct	0.073887682	0.07759432296734303	26046464.0					
after	tso	r04	c/goblint-regression/13-privatized_29-multiple-protecting2-vesal_true.yml	true	correct	0.075702925	0.07889742206316441	25985024.0					
after	tso	r04	c/goblint-regression/13-privatized_24-multiple-protecting_true.yml	true	correct	0.071613088	0.07573258795309812	26030080.0					
after	tso	r04	c/goblint-regression/36-apron_21-traces-cluster-based_true.yml	true	correct	0.074789731	0.07649935397785157	26136576.0					
after	tso	r04	c/goblint-regression/36-apron_22-traces-write-centered-vs-meet-mutex_true_no-overflow.yml	true	correct	0.074283505	0.0804537000367418	26034176.0					
after	tso	r04	c/goblint-regression/13-privatized_27-multiple-protecting2_true.yml	true	correct	0.089985828	0.09547142207156867	26148864.0					
after	tso	r04	c/pthread-ext/14_spin2003.yml	true	correct	0.07022416	0.07941593101713806	25960448.0					
after	tso	r04	c/pthread-ext/29_conditionals_vs.yml	true	correct	0.071524686	0.07578293804544955	25874432.0					
after	tso	r04	c/pthread-ext/48_ticket_lock_low_contention_vs-pthread.yml	true	correct	0.067291014	0.07223246491048485	25931776.0					
after	tso	r04	c/pthread-ext/46_monabsex2_vs.yml	true	correct	0.071541946	0.07574416499119252	25915392.0					
after	tso	r04	c/pthread-ext/45_monabsex1_vs.yml	true	correct	0.073750822	0.07607292500324547	26054656.0					
after	tso	r04	c/pthread/stateful01-1.yml	false(unreach-call)	correct	0.07426588	0.08189329004380852	26107904.0					
after	tso	r04	c/pthread/stateful01-2.yml	true	correct	0.068959651	0.0741036239778623	26042368.0					
after	tso	r04	c/pthread-atomic/time_var_mutex.yml	true	correct	0.075597533	0.08164913405198604	26083328.0					
after	tso	r04	c/pthread-ext/01b_inc.yml	true	correct	0.071158781	0.08052486798260361	26021888.0					
after	tso	r04	c/pthread/triangular-1.yml	true	correct	8.288822829	8.30875491804909	26038272.0					
after	tso	r04	c/pthread/triangular-2.yml	false(unreach-call)	correct	1.933951812	1.9405880289850757	26054656.0					
after	tso	r04	c/pthread-ext/02_inc_cas.yml	true	correct	0.067050563	0.07249606598634273	26030080.0					
after	tso	r04	c/goblint-regression/28-race_reach_21-deref_read_racing.yml	false(unreach-call)	correct	4.149400912	4.167339982930571	56303616.0					
after	tso	r04	c/pthread-ext/48_ticket_lock_low_contention_vs.yml	true	correct	0.072747275	0.07718728901818395	26050560.0					
after	tso	r04	c/goblint-regression/28-race_reach_37-indirect_racing.yml	TIMEOUT	error	61.013907148	61.06131427001674	1057206272.0					
after	tso	r04	c/goblint-regression/28-race_reach_45-escape_racing.yml	false(unreach-call)	correct	0.07241639	0.07560353795997798	26079232.0					
after	tso	r04	c/goblint-regression/28-race_reach_46-escape_racefree.yml	true	correct	0.071765993	0.07648377597797662	26066944.0					
after	tso	r04	c/goblint-regression/28-race_reach_01-simple_racing.yml	TIMEOUT	error	61.037836348	61.05845947901253	1057083392.0					
after	tso	r04	c/goblint-regression/28-race_reach_11-ptr_racing.yml	TIMEOUT	error	61.025700895	61.06412202003412	1057124352.0					
after	tso	r04	c/pthread-deagle/circular_buffer_bad.yml	false(unreach-call)	correct	0.0772213	0.0894692869624123	26157056.0					
after	tso	r04	c/pthread/fib_safe-5.yml	true	correct	6.885379192	7.060213422984816	26017792.0					
after	tso	r04	c/pthread/fib_safe-6.yml	true	correct	33.640895696	33.862246782984585	26099712.0					
after	tso	r04	c/pthread/fib_unsafe-5.yml	false(unreach-call)	correct	1.888602261	1.8973693499574438	26087424.0					
after	tso	r04	c/pthread/fib_unsafe-6.yml	false(unreach-call)	correct	9.770215845	9.785360216978006	25964544.0					
after	tso	r04	c/pthread/fib_unsafe-7.yml	false(unreach-call)	correct	48.110506921	48.51897051802371	26087424.0					
after	tso	r04	c/goblint-regression/28-race_reach_24-sound_lock_racing.yml	TIMEOUT	error	61.01745089	61.05302664602641	1057103872.0					
after	tso	r04	c/pthread/lazy01.yml	false(unreach-call)	correct	0.071904979	0.07855556800495833	26128384.0					
after	tso	r04	c/pthread-deagle/circular_buffer_ok.yml	true	correct	4.439545646	4.466366920969449	26103808.0					
after	tso	r04	c/pthread-atomic/szymanski.yml	true	correct	0.077968228	0.08498534501995891	26091520.0					
after	tso	r04	c/pthread-atomic/dekker.yml	true	correct	0.068830294	0.07724785595200956	25993216.0					
after	tso	r04	c/pthread-atomic/dekker-unfair.yml	true	correct	0.073487466	0.08058600698132068	26050560.0					
after	tso	r04	c/pthread-theta/unwind3-1.yml	false(unreach-call)	correct	0.074993617	0.07870336400810629	26083328.0					
after	tso	r04	c/pthread-theta/exponential-nondet.yml	true	correct	0.066039497	0.07196476892568171	26091520.0					
after	tso	r04	c/pthread-theta/unwind2-1.yml	false(unreach-call)	correct	0.068378968	0.07462476100772619	26095616.0					
after	tso	r04	c/pthread-theta/unwind2-100.yml	false(unreach-call)	correct	0.069914097	0.07241965201683342	26091520.0					
after	tso	r04	c/pthread/butterfly.yml	true	correct	18.601897739	18.62686883099377	26140672.0					
after	tso	r04	c/pthread-ext/43_NetBSD_sysmon_power_sliced.yml	true	correct	0.065580618	0.07006011600606143	25927680.0					
after	tso	r04	c/goblint-regression/28-race_reach_06-cond_racing1.yml	TIMEOUT	error	61.033639277	61.05861237598583	1057132544.0					
after	tso	r04	c/pthread/queue_ok.yml	true	correct	0.075954032	0.07943432999309152	26161152.0					
after	tso	r04	c/pthread/queue_ok_longer.yml	true	correct	1.066916347	1.0735883429879323	54161408.0					
after	tso	r04	c/pthread/queue_ok_longest.yml	true	correct	4.745337957	4.751665735035203	241356800.0					
after	tso	r04	c/pthread/queue_longer.yml	TIMEOUT	error	60.978732856	61.05064553604461	602730496.0					
after	tso	r04	c/pthread/queue.yml	false(unreach-call)	correct	0.097916825	0.10424148594029248	26173440.0					
after	tso	r04	c/pthread/singleton.yml	false(unreach-call)	correct	0.071416646	0.07854265300557017	26189824.0					
after	tso	r04	c/pthread/singleton_with-uninit-problems.yml	true	correct	0.068621851	0.07884045003447682	26214400.0					
after	tso	r04	c/pthread-C-DAC/pthread-demo-datarace-3.yml	false(unreach-call)	correct	0.145874699	0.15262826904654503	26103808.0					
after	tso	r04	c/pthread/reorder_2.yml	false(unreach-call)	correct	0.155172412	0.16133267700206488	26222592.0					
after	tso	r04	c/pthread/twostage_3.yml	false(unreach-call)	correct	0.077590809	0.08567841700278223	26353664.0					
after	tso	r04	c/ldv-races/race-1_1-join.yml	true	correct	0.068041552	0.07593499403446913	26218496.0					
after	tso	r04	c/ldv-races/race-1_3-join.yml	false(unreach-call)	correct	0.06560926	0.07321694493293762	26308608.0					
after	tso	r04	c/ldv-races/race-1_2-join.yml	false(unreach-call)	correct	0.066950469	0.07486431009601802	26284032.0					
after	tso	r04	c/ldv-races/race-4_1-thread_local_vars.yml	true	correct	0.07015023	0.07578120904508978	26345472.0					
after	tso	r04	c/ldv-races/race-2_1-container_of.yml	true	correct	0.067375455	0.07479190791491419	26279936.0					
after	tso	r04	c/ldv-races/race-3_1-container_of-global.yml	true	correct	0.064745032	0.07245883799623698	26275840.0					
after	pso	r01	c/goblint-regression/13-privatized_66-mine-W-init_true.yml	true	correct	0.072543198	0.0888923299498856	25862144.0					
after	pso	r01	c/goblint-regression/36-apron_41-threadenter-no-locals_unknown_1_pos.yml	false(unreach-call)	correct	0.06963424	0.07747599796857685	25964544.0					
after	pso	r01	c/goblint-regression/36-apron_16-traces-unprot2_true.yml	true	correct	0.070710334	0.07493938400875777	25899008.0					
after	pso	r01	c/goblint-regression/13-privatized_57-singlethreaded-unlock_true.yml	true	correct	0.070646355	0.0724199420074001	25935872.0					
after	pso	r01	c/goblint-regression/13-privatized_47-refine-protected2_true.yml	true	correct	0.07113636	0.07461869600228965	25964544.0					
after	pso	r01	c/goblint-regression/13-privatized_46-refine-protected1_true.yml	true	correct	0.066152933	0.07399040600284934	25964544.0					
after	pso	r01	c/goblint-regression/36-apron_11-traces-max-simple_true.yml	true	correct	0.057469351	0.06088541110511869	25948160.0					
after	pso	r01	c/goblint-regression/13-privatized_41-traces-ex-7_unknown_1_pos.yml	false(unreach-call)	correct	0.071045094	0.07698999694548547	25956352.0					
after	pso	r01	c/goblint-regression/13-privatized_41-traces-ex-7_unknown_1_neg.yml	false(unreach-call)	correct	0.073643677	0.0776032890425995	26005504.0					
after	pso	r01	c/goblint-regression/13-privatized_40-traces-ex-6_true.yml	true	correct	0.074573994	0.07838294701650739	25952256.0					
after	pso	r01	c/goblint-regression/13-privatized_58-singlethreaded-lock_true.yml	true	correct	0.072852727	0.08820063306484371	25989120.0					
after	pso	r01	c/goblint-regression/13-privatized_44-traces-mine2_true.yml	true	correct	0.070475039	0.08989916904829443	26046464.0					
after	pso	r01	c/goblint-regression/13-privatized_18-first-reads_unknown_2_pos.yml	false(unreach-call)	correct	0.073062358	0.07690936396829784	26009600.0					
after	pso	r01	c/goblint-regression/13-privatized_18-first-reads_unknown_1_neg.yml	false(unreach-call)	correct	0.073118008	0.0745599950896576	26021888.0					
after	pso	r01	c/goblint-regression/13-privatized_36-traces-ex-3_true.yml	true	correct	0.062350187	0.06938651402015239	25952256.0					
after	pso	r01	c/goblint-regression/13-privatized_18-first-reads_true.yml	true	correct	0.068674364	0.07498011691495776	25956352.0					
after	pso	r01	c/goblint-regression/13-privatized_35-traces-ex-2_true.yml	true	correct	0.074479481	0.08634070993866771	26001408.0					
after	pso	r01	c/goblint-regression/13-privatized_37-traces-ex-4_true.yml	true	correct	0.073669015	0.07876716402824968	25952256.0					
after	pso	r01	c/goblint-regression/13-privatized_38-traces-ex-4-switch_true.yml	true	correct	0.075975618	0.078574926010333	26013696.0					
after	pso	r01	c/goblint-regression/13-privatized_19-publish-precision_unknown_1_pos.yml	false(unreach-call)	correct	0.075296812	0.08239081699866802	26009600.0					
after	pso	r01	c/goblint-regression/13-privatized_19-publish-precision_unknown_2_pos.yml	false(unreach-call)	correct	0.06021754	0.06516862194985151	26030080.0					
after	pso	r01	c/goblint-regression/13-privatized_19-publish-precision_unknown_1_neg.yml	false(unreach-call)	correct	0.066000152	0.0701942079467699	26079232.0					
after	pso	r01	c/goblint-regression/13-privatized_19-publish-precision_unknown_2_neg.yml	false(unreach-call)	correct	0.070382674	0.08054761798121035	26071040.0					
after	pso	r01	c/goblint-regression/13-privatized_45-traces-per-global-and-current-lock-mine-incomparable_true.yml	true	correct	0.070924408	0.07530785503331572	25956352.0					
after	pso	r01	c/goblint-regression/13-privatized_01-priv_nr_true.yml	true	correct	0.076180823	0.08752173103857785	26025984.0					
after	pso	r01	c/goblint-regression/13-privatized_19-publish-precision_true.yml	true	correct	0.073009539	0.0844818790210411	26087424.0					
after	pso	r01	c/goblint-regression/13-privatized_42-traces-ex-mini_true.yml	true	correct	0.080382356	0.09808549005538225	26050560.0					
after	pso	r01	c/goblint-regression/13-privatized_33-traces-v-matters_true.yml	true	correct	0.07288172	0.07874886400531977	25960448.0					
after	pso	r01	c/goblint-regression/13-privatized_25-struct_nr_true.yml	true	correct	0.079861906	0.09857144195120782	26025984.0					
after	pso	r01	c/goblint-regression/13-privatized_69-refine-protected-loop-interval_true.yml	true	correct	0.065835129	0.10855894000269473	26112000.0					
after	pso	r01	c/goblint-regression/36-apron_17-traces-rpb-litmus_unknown_1_neg.yml	false(unreach-call)	correct	0.069499866	0.07395735499449074	26025984.0					
after	pso	r01	c/goblint-regression/13-privatized_31-traces-mine-vs-mutex_true.yml	true	correct	0.075741416	0.08129202493000776	26001408.0					
after	pso	r01	c/goblint-regression/13-privatized_20-publish-regression_true.yml	true	correct	0.074222778	0.08102303405757993	25960448.0					
after	pso	r01	c/goblint-regression/13-privatized_30-traces-oplus-vs-meet_true.yml	true	correct	0.072459695	0.07765857805497944	26005504.0					
after	pso	r01	c/goblint-regression/13-privatized_32-traces-mine-vs-oplus-vs-meet_true.yml	true	correct	0.080327233	0.08631478296592832	26030080.0					
after	pso	r01	c/goblint-regression/13-privatized_34-traces-minepp-L-needs-to-be-um_true.yml	true	correct	0.078310406	0.08461666002403945	26062848.0					
after	pso	r01	c/goblint-regression/13-privatized_68-pfscan_protected_loop_minimal_interval_true.yml	true	correct	0.075581594	0.09299702104181051	26071040.0					
after	pso	r01	c/goblint-regression/13-privatized_29-multiple-protecting2-vesal_true.yml	true	correct	0.072514909	0.08813092403579503	26034176.0					
after	pso	r01	c/goblint-regression/13-privatized_24-multiple-protecting_true.yml	true	correct	0.113497181	0.12539914704393595	26112000.0					
after	pso	r01	c/goblint-regression/36-apron_21-traces-cluster-based_true.yml	true	correct	0.084658972	0.09871994995046407	26161152.0					
after	pso	r01	c/goblint-regression/36-apron_22-traces-write-centered-vs-meet-mutex_true_no-overflow.yml	true	correct	0.078101059	0.08305164508055896	26021888.0					
after	pso	r01	c/goblint-regression/13-privatized_27-multiple-protecting2_true.yml	true	correct	0.204603429	0.21373316401150078	26120192.0					
after	pso	r01	c/pthread-ext/14_spin2003.yml	true	correct	0.068226334	0.07542668492533267	26021888.0					
after	pso	r01	c/pthread-ext/29_conditionals_vs.yml	true	correct	0.071520455	0.07381870306562632	26005504.0					
after	pso	r01	c/pthread-ext/48_ticket_lock_low_contention_vs-pthread.yml	true	correct	0.069664267	0.07685016095638275	25964544.0					
after	pso	r01	c/pthread-ext/46_monabsex2_vs.yml	true	correct	0.072016263	0.07924096996430308	25993216.0					
after	pso	r01	c/pthread-ext/45_monabsex1_vs.yml	true	correct	0.069361616	0.07720287493430078	26013696.0					
after	pso	r01	c/pthread/stateful01-1.yml	false(unreach-call)	correct	0.074657436	0.08097183692734689	26103808.0					
after	pso	r01	c/pthread/stateful01-2.yml	true	correct	0.077037269	0.08377789205405861	26021888.0					
after	pso	r01	c/pthread-atomic/time_var_mutex.yml	true	correct	0.076332418	0.10157625598367304	26087424.0					
after	pso	r01	c/pthread-ext/01b_inc.yml	true	correct	0.073244578	0.07767180202063173	26005504.0					
after	pso	r01	c/pthread/triangular-1.yml	TIMEOUT	error	60.858464312	61.0125096848933	26120192.0					
after	pso	r01	c/pthread/triangular-2.yml	false(unreach-call)	correct	23.014438135	23.04148536908906	26030080.0					
after	pso	r01	c/pthread-ext/02_inc_cas.yml	true	correct	0.069957699	0.08174018794670701	25952256.0					
after	pso	r01	c/goblint-regression/28-race_reach_21-deref_read_racing.yml	false(unreach-call)	correct	3.592595394	3.609395300038159	56430592.0					
after	pso	r01	c/pthread-ext/48_ticket_lock_low_contention_vs.yml	true	correct	0.067898119	0.08399893902242184	26046464.0					
after	pso	r01	c/goblint-regression/28-race_reach_37-indirect_racing.yml	TIMEOUT	error	61.026586733	61.07286972005386	1057120256.0					
after	pso	r01	c/goblint-regression/28-race_reach_45-escape_racing.yml	false(unreach-call)	correct	0.072360814	0.08257620595395565	26075136.0					
after	pso	r01	c/goblint-regression/28-race_reach_46-escape_racefree.yml	true	correct	0.070345165	0.07650493900291622	26038272.0					
after	pso	r01	c/goblint-regression/28-race_reach_01-simple_racing.yml	TIMEOUT	error	61.041768007	61.06760691199452	1057120256.0					
after	pso	r01	c/goblint-regression/28-race_reach_11-ptr_racing.yml	TIMEOUT	error	61.041383512	61.06752075301483	1057054720.0					
after	pso	r01	c/pthread-deagle/circular_buffer_bad.yml	false(unreach-call)	correct	0.10639516	0.11257366393692791	26161152.0					
after	pso	r01	c/pthread/fib_safe-5.yml	TIMEOUT	error	60.960017035	61.01315127289854	25980928.0					
after	pso	r01	c/pthread/fib_safe-6.yml	TIMEOUT	error	60.971296164	61.01486641599331	26091520.0					
after	pso	r01	c/pthread/fib_unsafe-5.yml	false(unreach-call)	correct	15.58807455	15.607507399981841	26013696.0					
after	pso	r01	c/pthread/fib_unsafe-6.yml	TIMEOUT	error	60.976746821	61.009486824972555	26071040.0					
after	pso	r01	c/pthread/fib_unsafe-7.yml	TIMEOUT	error	60.976586672	61.01171573402826	26083328.0					
after	pso	r01	c/goblint-regression/28-race_reach_24-sound_lock_racing.yml	TIMEOUT	error	60.948768603	61.063767768093385	1057173504.0					
after	pso	r01	c/pthread/lazy01.yml	false(unreach-call)	correct	0.069467836	0.07704936899244785	26103808.0					
after	pso	r01	c/pthread-deagle/circular_buffer_ok.yml	TIMEOUT	error	60.975877346	61.01241615903564	26099712.0					
after	pso	r01	c/pthread-atomic/szymanski.yml	true	correct	0.079143092	0.08414727402850986	26128384.0					
after	pso	r01	c/pthread-atomic/dekker.yml	true	correct	0.066804517	0.07281106803566217	26091520.0					
after	pso	r01	c/pthread-atomic/dekker-unfair.yml	true	correct	0.063420877	0.0710899910191074	26066944.0					
after	pso	r01	c/pthread-theta/unwind3-1.yml	false(unreach-call)	correct	0.067393546	0.07412612403277308	26087424.0					
after	pso	r01	c/pthread-theta/exponential-nondet.yml	true	correct	0.066587332	0.07322761206887662	26087424.0					
after	pso	r01	c/pthread-theta/unwind2-1.yml	false(unreach-call)	correct	0.067494422	0.07049242698121816	26148864.0					
after	pso	r01	c/pthread-theta/unwind2-100.yml	false(unreach-call)	correct	0.063419337	0.06685969303362072	26087424.0					
after	pso	r01	c/pthread/butterfly.yml	true	correct	27.191922142	27.210239017033018	26152960.0					
after	pso	r01	c/pthread-ext/43_NetBSD_sysmon_power_sliced.yml	true	correct	0.066742001	0.07297511596698314	25915392.0					
after	pso	r01	c/goblint-regression/28-race_reach_06-cond_racing1.yml	TIMEOUT	error	61.040175062	61.05679482303094	1057148928.0					
after	pso	r01	c/pthread/queue_ok.yml	true	correct	0.079920832	0.08572642097715288	26263552.0					
after	pso	r01	c/pthread/queue_ok_longer.yml	true	correct	3.851451709	3.8595954820048064	124788736.0					
after	pso	r01	c/pthread/queue_ok_longest.yml	true	correct	19.584527427	19.59904657898005	471347200.0					
after	pso	r01	c/pthread/queue_longer.yml	TIMEOUT	error	60.984592439	61.01586398505606	80089088.0					
after	pso	r01	c/pthread/queue.yml	false(unreach-call)	correct	1.170020482	1.1754073939519003	26251264.0					
after	pso	r01	c/pthread/singleton.yml	false(unreach-call)	correct	0.0738487	0.07910233398433775	26222592.0					
after	pso	r01	c/pthread/singleton_with-uninit-problems.yml	true	correct	0.072418565	0.07729678694158792	26218496.0					
after	pso	r01	c/pthread-C-DAC/pthread-demo-datarace-3.yml	false(unreach-call)	correct	0.150219854	0.15808562701568007	26083328.0					
after	pso	r01	c/pthread/reorder_2.yml	false(unreach-call)	correct	0.64585679	0.6535523689817637	26218496.0					
after	pso	r01	c/pthread/twostage_3.yml	false(unreach-call)	correct	0.087505189	0.09410969191230834	26349568.0					
after	pso	r01	c/ldv-races/race-1_1-join.yml	true	correct	0.07019439	0.07627647998742759	26214400.0					
after	pso	r01	c/ldv-races/race-1_3-join.yml	false(unreach-call)	correct	0.070635164	0.07857247302308679	26214400.0					
after	pso	r01	c/ldv-races/race-1_2-join.yml	false(unreach-call)	correct	0.073438171	0.07805474696215242	26218496.0					
after	pso	r01	c/ldv-races/race-4_1-thread_local_vars.yml	true	correct	0.073050774	0.08056750893592834	26353664.0					
after	pso	r01	c/ldv-races/race-2_1-container_of.yml	true	correct	0.068204891	0.07558580092154443	26292224.0					
after	pso	r01	c/ldv-races/race-3_1-container_of-global.yml	true	correct	0.074950475	0.08226131496485323	26349568.0					
after	pso	r02	c/goblint-regression/13-privatized_66-mine-W-init_true.yml	true	correct	0.069566283	0.07757076201960444	25939968.0					
after	pso	r02	c/goblint-regression/36-apron_41-threadenter-no-locals_unknown_1_pos.yml	false(unreach-call)	correct	0.059410956	0.06903933605644852	25899008.0					
after	pso	r02	c/goblint-regression/36-apron_16-traces-unprot2_true.yml	true	correct	0.067758476	0.07508470909669995	25972736.0					
after	pso	r02	c/goblint-regression/13-privatized_57-singlethreaded-unlock_true.yml	true	correct	0.068648416	0.07607359008397907	25944064.0					
after	pso	r02	c/goblint-regression/13-privatized_47-refine-protected2_true.yml	true	correct	0.068797909	0.07299827109090984	25993216.0					
after	pso	r02	c/goblint-regression/13-privatized_46-refine-protected1_true.yml	true	correct	0.07000992	0.07861474493984133	25952256.0					
after	pso	r02	c/goblint-regression/36-apron_11-traces-max-simple_true.yml	true	correct	0.068391908	0.07446790300309658	25944064.0					
after	pso	r02	c/goblint-regression/13-privatized_41-traces-ex-7_unknown_1_pos.yml	false(unreach-call)	correct	0.069709853	0.07601762097328901	26046464.0					
after	pso	r02	c/goblint-regression/13-privatized_41-traces-ex-7_unknown_1_neg.yml	false(unreach-call)	correct	0.062656416	0.07097356300801039	25948160.0					
after	pso	r02	c/goblint-regression/13-privatized_40-traces-ex-6_true.yml	true	correct	0.063889128	0.07046724704559892	25956352.0					
after	pso	r02	c/goblint-regression/13-privatized_58-singlethreaded-lock_true.yml	true	correct	0.068811583	0.07601334899663925	26042368.0					
after	pso	r02	c/goblint-regression/13-privatized_44-traces-mine2_true.yml	true	correct	0.072757547	0.07642049004789442	25939968.0					
after	pso	r02	c/goblint-regression/13-privatized_18-first-reads_unknown_2_pos.yml	false(unreach-call)	correct	0.068553339	0.07401418406516314	25985024.0					
after	pso	r02	c/goblint-regression/13-privatized_18-first-reads_unknown_1_neg.yml	false(unreach-call)	correct	0.065447259	0.07105666596908122	26034176.0					
after	pso	r02	c/goblint-regression/13-privatized_36-traces-ex-3_true.yml	true	correct	0.071452685	0.07364726695232093	26054656.0					
after	pso	r02	c/goblint-regression/13-privatized_18-first-reads_true.yml	true	correct	0.069411235	0.07496124599128962	26013696.0					
after	pso	r02	c/goblint-regression/13-privatized_35-traces-ex-2_true.yml	true	correct	0.069109441	0.07214755099266768	25948160.0					
after	pso	r02	c/goblint-regression/13-privatized_37-traces-ex-4_true.yml	true	correct	0.061651233	0.06884697510395199	25972736.0					
after	pso	r02	c/goblint-regression/13-privatized_38-traces-ex-4-switch_true.yml	true	correct	0.073062571	0.07960038993041962	25989120.0					
after	pso	r02	c/goblint-regression/13-privatized_19-publish-precision_unknown_1_pos.yml	false(unreach-call)	correct	0.071770136	0.07952544104773551	26046464.0					
after	pso	r02	c/goblint-regression/13-privatized_19-publish-precision_unknown_2_pos.yml	false(unreach-call)	correct	0.072452399	0.07606116600800306	26054656.0					
after	pso	r02	c/goblint-regression/13-privatized_19-publish-precision_unknown_1_neg.yml	false(unreach-call)	correct	0.071701129	0.07712006103247404	26087424.0					
after	pso	r02	c/goblint-regression/13-privatized_19-publish-precision_unknown_2_neg.yml	false(unreach-call)	correct	0.068161973	0.07306921493727714	25972736.0					
after	pso	r02	c/goblint-regression/13-privatized_45-traces-per-global-and-current-lock-mine-incomparable_true.yml	true	correct	0.074778834	0.08032966195605695	26009600.0					
after	pso	r02	c/goblint-regression/13-privatized_01-priv_nr_true.yml	true	correct	0.066228865	0.07077626104000956	26034176.0					
after	pso	r02	c/goblint-regression/13-privatized_19-publish-precision_true.yml	true	correct	0.057456156	0.0624469630420208	26025984.0					
after	pso	r02	c/goblint-regression/13-privatized_42-traces-ex-mini_true.yml	true	correct	0.078836134	0.08855288603808731	26087424.0					
after	pso	r02	c/goblint-regression/13-privatized_33-traces-v-matters_true.yml	true	correct	0.076174319	0.07774996396619827	26013696.0					
after	pso	r02	c/goblint-regression/13-privatized_25-struct_nr_true.yml	true	correct	0.078918658	0.09442045202013105	26066944.0					
after	pso	r02	c/goblint-regression/13-privatized_69-refine-protected-loop-interval_true.yml	true	correct	0.069508477	0.07379526004660875	26038272.0					
after	pso	r02	c/goblint-regression/36-apron_17-traces-rpb-litmus_unknown_1_neg.yml	false(unreach-call)	correct	0.070622134	0.0910079131135717	26054656.0					
after	pso	r02	c/goblint-regression/13-privatized_31-traces-mine-vs-mutex_true.yml	true	correct	0.075745937	0.07845082099083811	26021888.0					
after	pso	r02	c/goblint-regression/13-privatized_20-publish-regression_true.yml	true	correct	0.066276009	0.07014598592650145	26005504.0					
after	pso	r02	c/goblint-regression/13-privatized_30-traces-oplus-vs-meet_true.yml	true	correct	0.07060229	0.07833773002494127	26091520.0					
after	pso	r02	c/goblint-regression/13-privatized_32-traces-mine-vs-oplus-vs-meet_true.yml	true	correct	0.078534927	0.08243252197280526	26087424.0					
after	pso	r02	c/goblint-regression/13-privatized_34-traces-minepp-L-needs-to-be-um_true.yml	true	correct	0.075410055	0.0784610389964655	25972736.0					
after	pso	r02	c/goblint-regression/13-privatized_68-pfscan_protected_loop_minimal_interval_true.yml	true	correct	0.071552297	0.07984497200231999	26136576.0					
after	pso	r02	c/goblint-regression/13-privatized_29-multiple-protecting2-vesal_true.yml	true	correct	0.075281565	0.08010165998712182	26050560.0					
after	pso	r02	c/goblint-regression/13-privatized_24-multiple-protecting_true.yml	true	correct	0.106035333	0.11249433201737702	26107904.0					
after	pso	r02	c/goblint-regression/36-apron_21-traces-cluster-based_true.yml	true	correct	0.078856559	0.08595197391696274	26112000.0					
after	pso	r02	c/goblint-regression/36-apron_22-traces-write-centered-vs-meet-mutex_true_no-overflow.yml	true	correct	0.071173111	0.07349958398845047	26038272.0					
after	pso	r02	c/goblint-regression/13-privatized_27-multiple-protecting2_true.yml	true	correct	0.159705614	0.16548318800050765	26152960.0					
after	pso	r02	c/pthread-ext/14_spin2003.yml	true	correct	0.070899269	0.0768259409815073	25997312.0					
after	pso	r02	c/pthread-ext/29_conditionals_vs.yml	true	correct	0.071447497	0.07514809397980571	25993216.0					
after	pso	r02	c/pthread-ext/48_ticket_lock_low_contention_vs-pthread.yml	true	correct	0.073109114	0.07939636998344213	26038272.0					
after	pso	r02	c/pthread-ext/46_monabsex2_vs.yml	true	correct	0.069019976	0.07581933296751231	26042368.0					
after	pso	r02	c/pthread-ext/45_monabsex1_vs.yml	true	correct	0.073315197	0.07848317106254399	26050560.0					
after	pso	r02	c/pthread/stateful01-1.yml	false(unreach-call)	correct	0.074002247	0.08183839300181717	26152960.0					
after	pso	r02	c/pthread/stateful01-2.yml	true	correct	0.06778804	0.07270464906468987	26042368.0					
after	pso	r02	c/pthread-atomic/time_var_mutex.yml	true	correct	0.075810312	0.08110100193880498	26132480.0					
after	pso	r02	c/pthread-ext/01b_inc.yml	true	correct	0.071826112	0.0769169150153175	26050560.0					
after	pso	r02	c/pthread/triangular-1.yml	TIMEOUT	error	60.949045992	61.00877454702277	26087424.0					
after	pso	r02	c/pthread/triangular-2.yml	false(unreach-call)	correct	22.988669741	23.018418240942992	26091520.0					
after	pso	r02	c/pthread-ext/02_inc_cas.yml	true	correct	0.07748724	0.08057941403239965	26075136.0					
after	pso	r02	c/goblint-regression/28-race_reach_21-deref_read_racing.yml	false(unreach-call)	correct	3.378750999	3.3921006160089746	56250368.0					
after	pso	r02	c/pthread-ext/48_ticket_lock_low_contention_vs.yml	true	correct	0.067392875	0.0748106730170548	26071040.0					
after	pso	r02	c/goblint-regression/28-race_reach_37-indirect_racing.yml	TIMEOUT	error	61.029318165	61.06776915001683	1057120256.0					
after	pso	r02	c/goblint-regression/28-race_reach_45-escape_racing.yml	false(unreach-call)	correct	0.069509995	0.07527063402812928	26103808.0					
after	pso	r02	c/goblint-regression/28-race_reach_46-escape_racefree.yml	true	correct	0.072990234	0.08571442903485149	26083328.0					
after	pso	r02	c/goblint-regression/28-race_reach_01-simple_racing.yml	TIMEOUT	error	60.913842831	61.06000464397948	1057112064.0					
after	pso	r02	c/goblint-regression/28-race_reach_11-ptr_racing.yml	TIMEOUT	error	61.031598158	61.06315021798946	1057107968.0					
after	pso	r02	c/pthread-deagle/circular_buffer_bad.yml	false(unreach-call)	correct	0.107749521	0.11042170389555395	26071040.0					
after	pso	r02	c/pthread/fib_safe-5.yml	TIMEOUT	error	60.95651634	61.01194050104823	26066944.0					
after	pso	r02	c/pthread/fib_safe-6.yml	TIMEOUT	error	60.963740701	61.012106415000744	26038272.0					
after	pso	r02	c/pthread/fib_unsafe-5.yml	false(unreach-call)	correct	15.674362842	15.712812507059425	26034176.0					
after	pso	r02	c/pthread/fib_unsafe-6.yml	TIMEOUT	error	60.969683432	61.01084331597667	26087424.0					
after	pso	r02	c/pthread/fib_unsafe-7.yml	TIMEOUT	error	60.974818383	61.011106727062725	26079232.0					
after	pso	r02	c/goblint-regression/28-race_reach_24-sound_lock_racing.yml	TIMEOUT	error	61.044344771	61.065033174003474	1057140736.0					
after	pso	r02	c/pthread/lazy01.yml	false(unreach-call)	correct	0.072048916	0.07483833411242813	26083328.0					
after	pso	r02	c/pthread-deagle/circular_buffer_ok.yml	TIMEOUT	error	60.895525679	61.0107472690288	26103808.0					
after	pso	r02	c/pthread-atomic/szymanski.yml	true	correct	0.078982813	0.08224160596728325	26030080.0					
after	pso	r02	c/pthread-atomic/dekker.yml	true	correct	0.065884083	0.0696571470471099	25997312.0					
after	pso	r02	c/pthread-atomic/dekker-unfair.yml	true	correct	0.066927125	0.06952311203349382	26107904.0					
after	pso	r02	c/pthread-theta/unwind3-1.yml	false(unreach-call)	correct	0.063665948	0.06934554595500231	26087424.0					
after	pso	r02	c/pthread-theta/exponential-nondet.yml	true	correct	0.063798656	0.06745691492687911	26042368.0					
after	pso	r02	c/pthread-theta/unwind2-1.yml	false(unreach-call)	correct	0.065052805	0.07162567297928035	26120192.0					
after	pso	r02	c/pthread-theta/unwind2-100.yml	false(unreach-call)	correct	0.062011311	0.06832963903434575	26165248.0					
after	pso	r02	c/pthread/butterfly.yml	true	correct	27.111861974	27.128042111056857	26152960.0					
after	pso	r02	c/pthread-ext/43_NetBSD_sysmon_power_sliced.yml	true	correct	0.06249096	0.07030855002813041	26042368.0					
after	pso	r02	c/goblint-regression/28-race_reach_06-cond_racing1.yml	TIMEOUT	error	61.039857271	61.060838797013275	1057091584.0					
after	pso	r02	c/pthread/queue_ok.yml	true	correct	0.079811694	0.08654684398788959	26247168.0					
after	pso	r02	c/pthread/queue_ok_longer.yml	true	correct	3.83298384	3.8426091300789267	124776448.0					
after	pso	r02	c/pthread/queue_ok_longest.yml	true	correct	19.817151042	19.83239178301301	478056448.0					
after	pso	r02	c/pthread/queue_longer.yml	TIMEOUT	error	60.984508328	61.01391314493958	81637376.0					
after	pso	r02	c/pthread/queue.yml	false(unreach-call)	correct	1.159259522	1.1676116000162438	26169344.0					
after	pso	r02	c/pthread/singleton.yml	false(unreach-call)	correct	0.074926598	0.08069454599171877	26218496.0					
after	pso	r02	c/pthread/singleton_with-uninit-problems.yml	true	correct	0.07789117	0.07980619394220412	26218496.0					
after	pso	r02	c/pthread-C-DAC/pthread-demo-datarace-3.yml	false(unreach-call)	correct	0.144831363	0.15137585496995598	26083328.0					
after	pso	r02	c/pthread/reorder_2.yml	false(unreach-call)	correct	0.640162989	0.6478475889889523	26218496.0					
after	pso	r02	c/pthread/twostage_3.yml	false(unreach-call)	correct	0.093978759	0.09870017995126545	26349568.0					
after	pso	r02	c/ldv-races/race-1_1-join.yml	true	correct	0.072031085	0.0767565049463883	26222592.0					
after	pso	r02	c/ldv-races/race-1_3-join.yml	false(unreach-call)	correct	0.070060039	0.07689520693384111	26292224.0					
after	pso	r02	c/ldv-races/race-1_2-join.yml	false(unreach-call)	correct	0.069315986	0.07658362702932209	26288128.0					
after	pso	r02	c/ldv-races/race-4_1-thread_local_vars.yml	true	correct	0.068430313	0.0739614429185167	26312704.0					
after	pso	r02	c/ldv-races/race-2_1-container_of.yml	true	correct	0.064822738	0.07197162602096796	26292224.0					
after	pso	r02	c/ldv-races/race-3_1-container_of-global.yml	true	correct	0.068718505	0.07137587899342179	26349568.0					
after	pso	r03	c/goblint-regression/13-privatized_66-mine-W-init_true.yml	true	correct	0.069633296	0.07618368801195174	25976832.0					
after	pso	r03	c/goblint-regression/36-apron_41-threadenter-no-locals_unknown_1_pos.yml	false(unreach-call)	correct	0.066817777	0.07559993700124323	26021888.0					
after	pso	r03	c/goblint-regression/36-apron_16-traces-unprot2_true.yml	true	correct	0.059019551	0.07005710992962122	26001408.0					
after	pso	r03	c/goblint-regression/13-privatized_57-singlethreaded-unlock_true.yml	true	correct	0.067588947	0.07210916699841619	25948160.0					
after	pso	r03	c/goblint-regression/13-privatized_47-refine-protected2_true.yml	true	correct	0.06981513	0.07132375100627542	26013696.0					
after	pso	r03	c/goblint-regression/13-privatized_46-refine-protected1_true.yml	true	correct	0.069439841	0.07333598809782416	26009600.0					
after	pso	r03	c/goblint-regression/36-apron_11-traces-max-simple_true.yml	true	correct	0.069085443	0.07569476100616157	25976832.0					
after	pso	r03	c/goblint-regression/13-privatized_41-traces-ex-7_unknown_1_pos.yml	false(unreach-call)	correct	0.065705127	0.0694034299813211	25960448.0					
after	pso	r03	c/goblint-regression/13-privatized_41-traces-ex-7_unknown_1_neg.yml	false(unreach-call)	correct	0.072407977	0.07945775601547211	26046464.0					
after	pso	r03	c/goblint-regression/13-privatized_40-traces-ex-6_true.yml	true	correct	0.071656864	0.08026167703792453	25939968.0					
after	pso	r03	c/goblint-regression/13-privatized_58-singlethreaded-lock_true.yml	true	correct	0.062905885	0.06758828309830278	26009600.0					
after	pso	r03	c/goblint-regression/13-privatized_44-traces-mine2_true.yml	true	correct	0.071588475	0.07816001493483782	25960448.0					
after	pso	r03	c/goblint-regression/13-privatized_18-first-reads_unknown_2_pos.yml	false(unreach-call)	correct	0.070006304	0.07339809997938573	26050560.0					
after	pso	r03	c/goblint-regression/13-privatized_18-first-reads_unknown_1_neg.yml	false(unreach-call)	correct	0.069506191	0.07674073590897024	26030080.0					
after	pso	r03	c/goblint-regression/13-privatized_36-traces-ex-3_true.yml	true	correct	0.067742974	0.07123417395632714	26021888.0					
after	pso	r03	c/goblint-regression/13-privatized_18-first-reads_true.yml	true	correct	0.07381619	0.07589225296396762	26042368.0					
after	pso	r03	c/goblint-regression/13-privatized_35-traces-ex-2_true.yml	true	correct	0.068475172	0.07591769192367792	26054656.0					
after	pso	r03	c/goblint-regression/13-privatized_37-traces-ex-4_true.yml	true	correct	0.072899119	0.07737027609255165	25960448.0					
after	pso	r03	c/goblint-regression/13-privatized_38-traces-ex-4-switch_true.yml	true	correct	0.065259119	0.06878444098401815	26038272.0					
after	pso	r03	c/goblint-regression/13-privatized_19-publish-precision_unknown_1_pos.yml	false(unreach-call)	correct	0.073092063	0.0760023130569607	26017792.0					
after	pso	r03	c/goblint-regression/13-privatized_19-publish-precision_unknown_2_pos.yml	false(unreach-call)	correct	0.067780152	0.07393771898932755	26083328.0					
after	pso	r03	c/goblint-regression/13-privatized_19-publish-precision_unknown_1_neg.yml	false(unreach-call)	correct	0.064091498	0.06961343402508646	26013696.0					
after	pso	r03	c/goblint-regression/13-privatized_19-publish-precision_unknown_2_neg.yml	false(unreach-call)	correct	0.070261361	0.07438271096907556	25956352.0					
after	pso	r03	c/goblint-regression/13-privatized_45-traces-per-global-and-current-lock-mine-incomparable_true.yml	true	correct	0.072545423	0.0757849880028516	25993216.0					
after	pso	r03	c/goblint-regression/13-privatized_01-priv_nr_true.yml	true	correct	0.074794876	0.08837979205418378	26038272.0					
after	pso	r03	c/goblint-regression/13-privatized_19-publish-precision_true.yml	true	correct	0.072865912	0.08112930005881935	26066944.0					
after	pso	r03	c/goblint-regression/13-privatized_42-traces-ex-mini_true.yml	true	correct	0.079505602	0.08322224498260766	26071040.0					
after	pso	r03	c/goblint-regression/13-privatized_33-traces-v-matters_true.yml	true	correct	0.075432132	0.08038921491242945	26050560.0					
after	pso	r03	c/goblint-regression/13-privatized_25-struct_nr_true.yml	true	correct	0.070955079	0.08227144798729569	25993216.0					
after	pso	r03	c/goblint-regression/13-privatized_69-refine-protected-loop-interval_true.yml	true	correct	0.072794771	0.08689695200882852	26017792.0					
after	pso	r03	c/goblint-regression/36-apron_17-traces-rpb-litmus_unknown_1_neg.yml	false(unreach-call)	correct	0.06843114	0.072837671963498	26013696.0					
after	pso	r03	c/goblint-regression/13-privatized_31-traces-mine-vs-mutex_true.yml	true	correct	0.080845015	0.08344015805050731	26025984.0					
after	pso	r03	c/goblint-regression/13-privatized_20-publish-regression_true.yml	true	correct	0.07411409	0.08356246096082032	25976832.0					
after	pso	r03	c/goblint-regression/13-privatized_30-traces-oplus-vs-meet_true.yml	true	correct	0.066742947	0.07550507807172835	26066944.0					
after	pso	r03	c/goblint-regression/13-privatized_32-traces-mine-vs-oplus-vs-meet_true.yml	true	correct	0.07668421	0.08401895500719547	26112000.0					
after	pso	r03	c/goblint-regression/13-privatized_34-traces-minepp-L-needs-to-be-um_true.yml	true	correct	0.071972172	0.07841015397571027	25960448.0					
after	pso	r03	c/goblint-regression/13-privatized_68-pfscan_protected_loop_minimal_interval_true.yml	true	correct	0.073577014	0.07766130100935698	26136576.0					
after	pso	r03	c/goblint-regression/13-privatized_29-multiple-protecting2-vesal_true.yml	true	correct	0.074832026	0.0811482509598136	26083328.0					
after	pso	r03	c/goblint-regression/13-privatized_24-multiple-protecting_true.yml	true	correct	0.11075817	0.11832369701005518	26083328.0					
after	pso	r03	c/goblint-regression/36-apron_21-traces-cluster-based_true.yml	true	correct	0.079620532	0.08570838999003172	26144768.0					
after	pso	r03	c/goblint-regression/36-apron_22-traces-write-centered-vs-meet-mutex_true_no-overflow.yml	true	correct	0.070854735	0.08019909902941436	26034176.0					
after	pso	r03	c/goblint-regression/13-privatized_27-multiple-protecting2_true.yml	true	correct	0.164465635	0.16729157697409391	26140672.0					
after	pso	r03	c/pthread-ext/14_spin2003.yml	true	correct	0.066367917	0.07200225093401968	25939968.0					
after	pso	r03	c/pthread-ext/29_conditionals_vs.yml	true	correct	0.066674661	0.07162000797688961	25976832.0					
after	pso	r03	c/pthread-ext/48_ticket_lock_low_contention_vs-pthread.yml	true	correct	0.072219442	0.07792569498997182	26034176.0					
after	pso	r03	c/pthread-ext/46_monabsex2_vs.yml	true	correct	0.065780708	0.07359830301720649	26066944.0					
after	pso	r03	c/pthread-ext/45_monabsex1_vs.yml	true	correct	0.073940852	0.07828500005416572	26021888.0					
after	pso	r03	c/pthread/stateful01-1.yml	false(unreach-call)	correct	0.06998301	0.07646868703886867	26066944.0					
after	pso	r03	c/pthread/stateful01-2.yml	true	correct	0.079241088	0.08363208698574454	26083328.0					
after	pso	r03	c/pthread-atomic/time_var_mutex.yml	true	correct	0.07530833	0.08142311393748969	26177536.0					
after	pso	r03	c/pthread-ext/01b_inc.yml	true	correct	0.069496754	0.07210365706123412	25968640.0					
after	pso	r03	c/pthread/triangular-1.yml	TIMEOUT	error	60.861884246	61.01033209799789	26042368.0					
after	pso	r03	c/pthread/triangular-2.yml	false(unreach-call)	correct	22.885817001	22.906617336906493	26071040.0					
after	pso	r03	c/pthread-ext/02_inc_cas.yml	true	correct	0.072374615	0.07742858189158142	26013696.0					
after	pso	r03	c/goblint-regression/28-race_reach_21-deref_read_racing.yml	false(unreach-call)	correct	3.479862278	3.4947407300351188	56553472.0					
after	pso	r03	c/pthread-ext/48_ticket_lock_low_contention_vs.yml	true	correct	0.068416766	0.07497325004078448	26042368.0					
after	pso	r03	c/goblint-regression/28-race_reach_37-indirect_racing.yml	TIMEOUT	error	61.04075393	61.071257625939324	1057189888.0					
after	pso	r03	c/goblint-regression/28-race_reach_45-escape_racing.yml	false(unreach-call)	correct	0.067817583	0.07269012008327991	26030080.0					
after	pso	r03	c/goblint-regression/28-race_reach_46-escape_racefree.yml	true	correct	0.073169321	0.07865590800065547	26140672.0					
after	pso	r03	c/goblint-regression/28-race_reach_01-simple_racing.yml	TIMEOUT	error	61.037930272	61.05875577800907	1057169408.0					
after	pso	r03	c/goblint-regression/28-race_reach_11-ptr_racing.yml	TIMEOUT	error	61.040601659	61.058377141016535	1057083392.0					
after	pso	r03	c/pthread-deagle/circular_buffer_bad.yml	false(unreach-call)	correct	0.110020626	0.1173156009754166	26210304.0					
after	pso	r03	c/pthread/fib_safe-5.yml	TIMEOUT	error	60.966844987	61.009361105039716	26099712.0					
after	pso	r03	c/pthread/fib_safe-6.yml	TIMEOUT	error	60.966739775	61.01144035498146	26124288.0					
after	pso	r03	c/pthread/fib_unsafe-5.yml	false(unreach-call)	correct	15.62492903	15.639092905097641	26062848.0					
after	pso	r03	c/pthread/fib_unsafe-6.yml	TIMEOUT	error	60.9766687	61.008580836001784	26046464.0					
after	pso	r03	c/pthread/fib_unsafe-7.yml	TIMEOUT	error	60.975442108	61.01012918201741	26083328.0					
after	pso	r03	c/goblint-regression/28-race_reach_24-sound_lock_racing.yml	TIMEOUT	error	60.96576886	61.065572150982916	1057079296.0					
after	pso	r03	c/pthread/lazy01.yml	false(unreach-call)	correct	0.063678885	0.07187761703971773	26095616.0					
after	pso	r03	c/pthread-deagle/circular_buffer_ok.yml	TIMEOUT	error	60.976157382	61.01040891499724	26091520.0					
after	pso	r03	c/pthread-atomic/szymanski.yml	true	correct	0.070955027	0.07598810899071395	25993216.0					
after	pso	r03	c/pthread-atomic/dekker.yml	true	correct	0.067921166	0.07499728596303612	26083328.0					
after	pso	r03	c/pthread-atomic/dekker-unfair.yml	true	correct	0.068687495	0.07043591991532594	25997312.0					
after	pso	r03	c/pthread-theta/unwind3-1.yml	false(unreach-call)	correct	0.064195083	0.07029892492573708	26103808.0					
after	pso	r03	c/pthread-theta/exponential-nondet.yml	true	correct	0.064357918	0.07111773500218987	26099712.0					
after	pso	r03	c/pthread-theta/unwind2-1.yml	false(unreach-call)	correct	0.065295954	0.07288394507486373	26075136.0					
after	pso	r03	c/pthread-theta/unwind2-100.yml	false(unreach-call)	correct	0.064083989	0.06974753609392792	26087424.0					
after	pso	r03	c/pthread/butterfly.yml	true	correct	27.288889962	27.3055241049733	26148864.0					
after	pso	r03	c/pthread-ext/43_NetBSD_sysmon_power_sliced.yml	true	correct	0.062013179	0.06872476299759	25915392.0					
after	pso	r03	c/goblint-regression/28-race_reach_06-cond_racing1.yml	TIMEOUT	error	61.037120489	61.05695239896886	1057157120.0					
after	pso	r03	c/pthread/queue_ok.yml	true	correct	0.083264537	0.0849485439248383	26169344.0					
after	pso	r03	c/pthread/queue_ok_longer.yml	true	correct	3.871666642	3.8812562481034547	124887040.0					
after	pso	r03	c/pthread/queue_ok_longest.yml	true	correct	19.541595805	19.557747689890675	471396352.0					
after	pso	r03	c/pthread/queue_longer.yml	TIMEOUT	error	60.98729084	61.01749306404963	81326080.0					
after	pso	r03	c/pthread/queue.yml	false(unreach-call)	correct	1.159551621	1.1645377150271088	26161152.0					
after	pso	r03	c/pthread/singleton.yml	false(unreach-call)	correct	0.073130819	0.0813992329640314	26218496.0					
after	pso	r03	c/pthread/singleton_with-uninit-problems.yml	true	correct	0.076057714	0.08373567601665854	26218496.0					
after	pso	r03	c/pthread-C-DAC/pthread-demo-datarace-3.yml	false(unreach-call)	correct	0.149964447	0.15712565404828638	26112000.0					
after	pso	r03	c/pthread/reorder_2.yml	false(unreach-call)	correct	0.641702493	0.6485049130860716	26218496.0					
after	pso	r03	c/pthread/twostage_3.yml	false(unreach-call)	correct	0.084087702	0.09254082292318344	26333184.0					
after	pso	r03	c/ldv-races/race-1_1-join.yml	true	correct	0.068458107	0.0740374659653753	26218496.0					
after	pso	r03	c/ldv-races/race-1_3-join.yml	false(unreach-call)	correct	0.070213194	0.07799256895668805	26234880.0					
after	pso	r03	c/ldv-races/race-1_2-join.yml	false(unreach-call)	correct	0.068936186	0.07611127302516252	26251264.0					
after	pso	r03	c/ldv-races/race-4_1-thread_local_vars.yml	true	correct	0.076930622	0.08119561593048275	26353664.0					
after	pso	r03	c/ldv-races/race-2_1-container_of.yml	true	correct	0.073412989	0.07598827604670078	26361856.0					
after	pso	r03	c/ldv-races/race-3_1-container_of-global.yml	true	correct	0.0720656	0.08010568097233772	26349568.0					
after	pso	r04	c/goblint-regression/13-privatized_66-mine-W-init_true.yml	true	correct	0.062010014	0.07563736103475094	25948160.0					
after	pso	r04	c/goblint-regression/36-apron_41-threadenter-no-locals_unknown_1_pos.yml	false(unreach-call)	correct	0.070052516	0.07831837702542543	25956352.0					
after	pso	r04	c/goblint-regression/36-apron_16-traces-unprot2_true.yml	true	correct	0.075364597	0.07776163704693317	25960448.0					
after	pso	r04	c/goblint-regression/13-privatized_57-singlethreaded-unlock_true.yml	true	correct	0.067715345	0.07277132896706462	25993216.0					
after	pso	r04	c/goblint-regression/13-privatized_47-refine-protected2_true.yml	true	correct	0.072030716	0.07621654903050512	26038272.0					
after	pso	r04	c/goblint-regression/13-privatized_46-refine-protected1_true.yml	true	correct	0.070353942	0.07152772997505963	25968640.0					
after	pso	r04	c/goblint-regression/36-apron_11-traces-max-simple_true.yml	true	correct	0.071203762	0.07666085800155997	26046464.0					
after	pso	r04	c/goblint-regression/13-privatized_41-traces-ex-7_unknown_1_pos.yml	false(unreach-call)	correct	0.070522849	0.07610904902685434	26025984.0					
after	pso	r04	c/goblint-regression/13-privatized_41-traces-ex-7_unknown_1_neg.yml	false(unreach-call)	correct	0.078646676	0.08478559099603444	25939968.0					
after	pso	r04	c/goblint-regression/13-privatized_40-traces-ex-6_true.yml	true	correct	0.073061603	0.07797393098007888	26001408.0					
after	pso	r04	c/goblint-regression/13-privatized_58-singlethreaded-lock_true.yml	true	correct	0.069690515	0.07446544500999153	25952256.0					
after	pso	r04	c/goblint-regression/13-privatized_44-traces-mine2_true.yml	true	correct	0.07326797	0.07821135700214654	25989120.0					
after	pso	r04	c/goblint-regression/13-privatized_18-first-reads_unknown_2_pos.yml	false(unreach-call)	correct	0.06809082	0.07249153894372284	26054656.0					
after	pso	r04	c/goblint-regression/13-privatized_18-first-reads_unknown_1_neg.yml	false(unreach-call)	correct	0.073050181	0.07721673895139247	26042368.0					
after	pso	r04	c/goblint-regression/13-privatized_36-traces-ex-3_true.yml	true	correct	0.071787824	0.07791403005830944	26013696.0					
after	pso	r04	c/goblint-regression/13-privatized_18-first-reads_true.yml	true	correct	0.068893357	0.07173856592271477	25968640.0					
after	pso	r04	c/goblint-regression/13-privatized_35-traces-ex-2_true.yml	true	correct	0.07433924	0.07793540600687265	26030080.0					
after	pso	r04	c/goblint-regression/13-privatized_37-traces-ex-4_true.yml	true	correct	0.075054519	0.07878126099240035	25952256.0					
after	pso	r04	c/goblint-regression/13-privatized_38-traces-ex-4-switch_true.yml	true	correct	0.07590689	0.07870505901519209	25968640.0					
after	pso	r04	c/goblint-regression/13-privatized_19-publish-precision_unknown_1_pos.yml	false(unreach-call)	correct	0.070938211	0.07705491199158132	26017792.0					
after	pso	r04	c/goblint-regression/13-privatized_19-publish-precision_unknown_2_pos.yml	false(unreach-call)	correct	0.076987447	0.07871820393484086	26083328.0					
after	pso	r04	c/goblint-regression/13-privatized_19-publish-precision_unknown_1_neg.yml	false(unreach-call)	correct	0.07373091	0.08002627908717841	26042368.0					
after	pso	r04	c/goblint-regression/13-privatized_19-publish-precision_unknown_2_neg.yml	false(unreach-call)	correct	0.073736149	0.07825766096357256	26001408.0					
after	pso	r04	c/goblint-regression/13-privatized_45-traces-per-global-and-current-lock-mine-incomparable_true.yml	true	correct	0.070060309	0.07366889901459217	25948160.0					
after	pso	r04	c/goblint-regression/13-privatized_01-priv_nr_true.yml	true	correct	0.064965428	0.06928917195182294	25993216.0					
after	pso	r04	c/goblint-regression/13-privatized_19-publish-precision_true.yml	true	correct	0.07616856	0.08389309304766357	26087424.0					
after	pso	r04	c/goblint-regression/13-privatized_42-traces-ex-mini_true.yml	true	correct	0.070140878	0.07534544996451586	25956352.0					
after	pso	r04	c/goblint-regression/13-privatized_33-traces-v-matters_true.yml	true	correct	0.074699537	0.08103695791214705	25989120.0					
after	pso	r04	c/goblint-regression/13-privatized_25-struct_nr_true.yml	true	correct	0.070667818	0.07728032406885177	26091520.0					
after	pso	r04	c/goblint-regression/13-privatized_69-refine-protected-loop-interval_true.yml	true	correct	0.075982177	0.07911828998476267	26062848.0					
after	pso	r04	c/goblint-regression/36-apron_17-traces-rpb-litmus_unknown_1_neg.yml	false(unreach-call)	correct	0.068544503	0.07617265498265624	26034176.0					
after	pso	r04	c/goblint-regression/13-privatized_31-traces-mine-vs-mutex_true.yml	true	correct	0.075044656	0.0810485560214147	26091520.0					
after	pso	r04	c/goblint-regression/13-privatized_20-publish-regression_true.yml	true	correct	0.065364128	0.07019733695778996	25980928.0					
after	pso	r04	c/goblint-regression/13-privatized_30-traces-oplus-vs-meet_true.yml	true	correct	0.075042484	0.08045687002595514	25989120.0					
after	pso	r04	c/goblint-regression/13-privatized_32-traces-mine-vs-oplus-vs-meet_true.yml	true	correct	0.074020672	0.07785151805728674	26095616.0					
after	pso	r04	c/goblint-regression/13-privatized_34-traces-minepp-L-needs-to-be-um_true.yml	true	correct	0.075564152	0.0816843950888142	25989120.0					
after	pso	r04	c/goblint-regression/13-privatized_68-pfscan_protected_loop_minimal_interval_true.yml	true	correct	0.069446166	0.07613002695143223	26075136.0					
after	pso	r04	c/goblint-regression/13-privatized_29-multiple-protecting2-vesal_true.yml	true	correct	0.079636734	0.08282394695561379	26087424.0					
after	pso	r04	c/goblint-regression/13-privatized_24-multiple-protecting_true.yml	true	correct	0.105294562	0.11040650901850313	26079232.0					
after	pso	r04	c/goblint-regression/36-apron_21-traces-cluster-based_true.yml	true	correct	0.078668335	0.08376906195189804	26087424.0					
after	pso	r04	c/goblint-regression/36-apron_22-traces-write-centered-vs-meet-mutex_true_no-overflow.yml	true	correct	0.060789752	0.06802282598800957	26066944.0					
after	pso	r04	c/goblint-regression/13-privatized_27-multiple-protecting2_true.yml	true	correct	0.210181097	0.2123602960491553	26062848.0					
after	pso	r04	c/pthread-ext/14_spin2003.yml	true	correct	0.069986136	0.07599041098728776	25980928.0					
after	pso	r04	c/pthread-ext/29_conditionals_vs.yml	true	correct	0.074004514	0.08283709594979882	25944064.0					
after	pso	r04	c/pthread-ext/48_ticket_lock_low_contention_vs-pthread.yml	true	correct	0.07196711	0.07556256698444486	26046464.0					
after	pso	r04	c/pthread-ext/46_monabsex2_vs.yml	true	correct	0.067885297	0.0742961319629103	26046464.0					
after	pso	r04	c/pthread-ext/45_monabsex1_vs.yml	true	correct	0.074128587	0.07730600098147988	25997312.0					
after	pso	r04	c/pthread/stateful01-1.yml	false(unreach-call)	correct	0.072925229	0.07649096695240587	26034176.0					
after	pso	r04	c/pthread/stateful01-2.yml	true	correct	0.069752715	0.07226279797032475	26107904.0					
after	pso	r04	c/pthread-atomic/time_var_mutex.yml	true	correct	0.078109778	0.08254874998237938	26173440.0					
after	pso	r04	c/pthread-ext/01b_inc.yml	true	correct	0.073078017	0.08140910405199975	26087424.0					
after	pso	r04	c/pthread/triangular-1.yml	TIMEOUT	error	60.976033771	61.00985812197905	26087424.0					
after	pso	r04	c/pthread/triangular-2.yml	false(unreach-call)	correct	22.948051826	22.964198205969296	26046464.0					
after	pso	r04	c/pthread-ext/02_inc_cas.yml	true	correct	0.072851449	0.07860698399599642	26009600.0					
after	pso	r04	c/goblint-regression/28-race_reach_21-deref_read_racing.yml	false(unreach-call)	correct	3.440731103	3.4597790900152177	56274944.0					
after	pso	r04	c/pthread-ext/48_ticket_lock_low_contention_vs.yml	true	correct	0.073407195	0.07619400601834059	26087424.0					
after	pso	r04	c/goblint-regression/28-race_reach_37-indirect_racing.yml	TIMEOUT	error	61.038960672	61.06138689303771	1057124352.0					
after	pso	r04	c/goblint-regression/28-race_reach_45-escape_racing.yml	false(unreach-call)	correct	0.071719092	0.08024327293969691	26030080.0					
after	pso	r04	c/goblint-regression/28-race_reach_46-escape_racefree.yml	true	correct	0.074890316	0.07830089598428458	26120192.0					
after	pso	r04	c/goblint-regression/28-race_reach_01-simple_racing.yml	TIMEOUT	error	61.040245074	61.06069012300577	1057148928.0					
after	pso	r04	c/goblint-regression/28-race_reach_11-ptr_racing.yml	TIMEOUT	error	61.039333855	61.058607695042156	1057136640.0					
after	pso	r04	c/pthread-deagle/circular_buffer_bad.yml	false(unreach-call)	correct	0.114482204	0.11840079701505601	26193920.0					
after	pso	r04	c/pthread/fib_safe-5.yml	TIMEOUT	error	60.976337692	61.01054881699383	26087424.0					
after	pso	r04	c/pthread/fib_safe-6.yml	TIMEOUT	error	60.965845186	61.01061164098792	26091520.0					
after	pso	r04	c/pthread/fib_unsafe-5.yml	false(unreach-call)	correct	15.544224488	15.60303117102012	26083328.0					
after	pso	r04	c/pthread/fib_unsafe-6.yml	TIMEOUT	error	60.900314886	61.02592572499998	26042368.0					
after	pso	r04	c/pthread/fib_unsafe-7.yml	TIMEOUT	error	60.973433121	61.00877694005612	26087424.0					
after	pso	r04	c/goblint-regression/28-race_reach_24-sound_lock_racing.yml	TIMEOUT	error	61.046788075	61.06779492890928	1057148928.0					
after	pso	r04	c/pthread/lazy01.yml	false(unreach-call)	correct	0.067386757	0.06945558998268098	26083328.0					
after	pso	r04	c/pthread-deagle/circular_buffer_ok.yml	TIMEOUT	error	60.975467015	61.01106885494664	26214400.0					
after	pso	r04	c/pthread-atomic/szymanski.yml	true	correct	0.075474975	0.08229279797524214	26005504.0					
after	pso	r04	c/pthread-atomic/dekker.yml	true	correct	0.063970232	0.07086676207836717	26083328.0					
after	pso	r04	c/pthread-atomic/dekker-unfair.yml	true	correct	0.062349795	0.06806233001407236	26087424.0					
after	pso	r04	c/pthread-theta/unwind3-1.yml	false(unreach-call)	correct	0.065398003	0.07392823998816311	26083328.0					
after	pso	r04	c/pthread-theta/exponential-nondet.yml	true	correct	0.061649603	0.06864514399785548	26071040.0					
after	pso	r04	c/pthread-theta/unwind2-1.yml	false(unreach-call)	correct	0.070149153	0.07386405300348997	26095616.0					
after	pso	r04	c/pthread-theta/unwind2-100.yml	false(unreach-call)	correct	0.061864552	0.0678618410602212	26071040.0					
after	pso	r04	c/pthread/butterfly.yml	true	correct	27.266894053	27.285668392898515	26222592.0					
after	pso	r04	c/pthread-ext/43_NetBSD_sysmon_power_sliced.yml	true	correct	0.063489865	0.06854373507667333	25960448.0					
after	pso	r04	c/goblint-regression/28-race_reach_06-cond_racing1.yml	TIMEOUT	error	61.039671288	61.059642971958965	1057140736.0					
after	pso	r04	c/pthread/queue_ok.yml	true	correct	0.077504945	0.08394658006727695	26165248.0					
after	pso	r04	c/pthread/queue_ok_longer.yml	true	correct	3.851550185	3.860271443030797	122347520.0					
after	pso	r04	c/pthread/queue_ok_longest.yml	true	correct	19.862699829	19.879067767062224	480854016.0					
after	pso	r04	c/pthread/queue_longer.yml	TIMEOUT	error	60.986697384	61.01811273396015	79970304.0					
after	pso	r04	c/pthread/queue.yml	false(unreach-call)	correct	1.164577212	1.1704822020838037	26271744.0					
after	pso	r04	c/pthread/singleton.yml	false(unreach-call)	correct	0.074448876	0.08253724197857082	26222592.0					
after	pso	r04	c/pthread/singleton_with-uninit-problems.yml	true	correct	0.076554381	0.08492177398875356	26230784.0					
after	pso	r04	c/pthread-C-DAC/pthread-demo-datarace-3.yml	false(unreach-call)	correct	0.152090663	0.15910537203308195	26087424.0					
after	pso	r04	c/pthread/reorder_2.yml	false(unreach-call)	correct	0.644224302	0.6528876019874588	26226688.0					
after	pso	r04	c/pthread/twostage_3.yml	false(unreach-call)	correct	0.090374071	0.09467296896036714	26345472.0					
after	pso	r04	c/ldv-races/race-1_1-join.yml	true	correct	0.069992935	0.07834310596808791	26210304.0					
after	pso	r04	c/ldv-races/race-1_3-join.yml	false(unreach-call)	correct	0.070282188	0.07753906096331775	26214400.0					
after	pso	r04	c/ldv-races/race-1_2-join.yml	false(unreach-call)	correct	0.073813789	0.08116723701823503	26218496.0					
after	pso	r04	c/ldv-races/race-4_1-thread_local_vars.yml	true	correct	0.076074616	0.07950639596674591	26345472.0					
after	pso	r04	c/ldv-races/race-2_1-container_of.yml	true	correct	0.074704956	0.08153109403792769	26292224.0					
after	pso	r04	c/ldv-races/race-3_1-container_of-global.yml	true	correct	0.070503959	0.0771888589952141	26353664.0					
