variant	model	repetition	task	status	category	cpu_s	wall_s	memory_bytes	returnvalue	executions	lazy-cycle-checks	reasoner-calls	reasoner-ns	reasoner-table-slots	reasoner-derived-candidates	reasoner-composition-middles	provenance-materializations	provenance-materialization-ns	provenance-materialization-ops	nogood-learn-attempts	nogood-learned	nogood-match-queries	nogood-literal-checks	nogood-hits	nogood-maximum-bytes
baseline	sc	r01	13-privatized_66-mine-W-init_true.yml	true	correct	0.073780243	0.07875391899142414	25698304.0	0	1	0														
baseline	sc	r01	36-apron_41-threadenter-no-locals_unknown_1_pos.yml	false(unreach-call)	correct	0.065236598	0.07066790899261832	25702400.0	42	0	0														
baseline	sc	r01	36-apron_16-traces-unprot2_true.yml	true	correct	0.072230577	0.07750261295586824	25735168.0	0	1	0														
baseline	sc	r01	13-privatized_57-singlethreaded-unlock_true.yml	true	correct	0.066219192	0.06739531306084245	25743360.0	0	1	0														
baseline	sc	r01	13-privatized_47-refine-protected2_true.yml	true	correct	0.066489587	0.07268300105351955	25755648.0	0	2	0														
baseline	sc	r01	13-privatized_46-refine-protected1_true.yml	true	correct	0.066461428	0.07467014994472265	25792512.0	0	1	0														
baseline	sc	r01	36-apron_11-traces-max-simple_true.yml	true	correct	0.066073292	0.07390683400444686	25767936.0	0	2	0														
baseline	sc	r01	13-privatized_41-traces-ex-7_unknown_1_pos.yml	false(unreach-call)	correct	0.066651993	0.07196931098587811	25800704.0	42	0	0														
baseline	sc	r01	13-privatized_41-traces-ex-7_unknown_1_neg.yml	false(unreach-call)	correct	0.064797257	0.07143054297193885	25849856.0	42	0	0														
baseline	sc	r01	13-privatized_40-traces-ex-6_true.yml	true	correct	0.069028952	0.07632761995773762	25829376.0	0	1	0														
baseline	sc	r01	13-privatized_58-singlethreaded-lock_true.yml	true	correct	0.064916106	0.07147286203689873	25755648.0	0	1	0														
baseline	sc	r01	13-privatized_44-traces-mine2_true.yml	true	correct	0.066323648	0.07477190205827355	25845760.0	0	1	0														
baseline	sc	r01	13-privatized_18-first-reads_unknown_2_pos.yml	false(unreach-call)	correct	0.067607174	0.07362855388782918	25890816.0	42	0	0														
baseline	sc	r01	13-privatized_18-first-reads_unknown_1_neg.yml	false(unreach-call)	correct	0.063503974	0.06778192589990795	25812992.0	42	0	0														
baseline	sc	r01	13-privatized_36-traces-ex-3_true.yml	true	correct	0.067788574	0.07051618292462081	25841664.0	0	3	0														
baseline	sc	r01	13-privatized_18-first-reads_true.yml	true	correct	0.067150909	0.07022714195773005	25776128.0	0	2	0														
baseline	sc	r01	13-privatized_35-traces-ex-2_true.yml	true	correct	0.071268618	0.07691290194634348	25837568.0	0	2	0														
baseline	sc	r01	13-privatized_37-traces-ex-4_true.yml	true	correct	0.06841293	0.0753398920642212	25796608.0	0	2	0														
baseline	sc	r01	13-privatized_38-traces-ex-4-switch_true.yml	true	correct	0.068149327	0.07711322500836104	25796608.0	0	2	0														
baseline	sc	r01	13-privatized_19-publish-precision_unknown_1_pos.yml	false(unreach-call)	correct	0.072118107	0.0764407659880817	25784320.0	42	0	0														
baseline	sc	r01	13-privatized_19-publish-precision_unknown_2_pos.yml	false(unreach-call)	correct	0.066785108	0.07163981790654361	25788416.0	42	0	0														
baseline	sc	r01	13-privatized_19-publish-precision_unknown_1_neg.yml	false(unreach-call)	correct	0.067350537	0.07146793697029352	25796608.0	42	0	0														
baseline	sc	r01	13-privatized_19-publish-precision_unknown_2_neg.yml	false(unreach-call)	correct	0.066399331	0.06972584594041109	25788416.0	42	0	0														
baseline	sc	r01	13-privatized_45-traces-per-global-and-current-lock-mine-incomparable_true.yml	true	correct	0.064658756	0.0703241239534691	25833472.0	0	2	0														
baseline	sc	r01	13-privatized_01-priv_nr_true.yml	true	correct	0.073322782	0.07693392399232835	25903104.0	0	2	0														
baseline	sc	r01	13-privatized_19-publish-precision_true.yml	true	correct	0.067043996	0.0748252619523555	25894912.0	0	3	0														
baseline	sc	r01	13-privatized_42-traces-ex-mini_true.yml	true	correct	0.069426139	0.07520661503076553	25808896.0	0	2	0														
baseline	sc	r01	13-privatized_33-traces-v-matters_true.yml	true	correct	0.064958475	0.07105510798282921	25825280.0	0	1	0														
baseline	sc	r01	13-privatized_25-struct_nr_true.yml	true	correct	0.066431747	0.07277262501884252	25837568.0	0	2	0														
baseline	sc	r01	13-privatized_69-refine-protected-loop-interval_true.yml	true	correct	0.063123561	0.06757182395085692	25919488.0	0	0	0														
baseline	sc	r01	36-apron_17-traces-rpb-litmus_unknown_1_neg.yml	false(unreach-call)	correct	0.066079303	0.07046383491251618	25800704.0	42	0	0														
baseline	sc	r01	13-privatized_31-traces-mine-vs-mutex_true.yml	true	correct	0.066089668	0.07290264498442411	25833472.0	0	4	0														
baseline	sc	r01	13-privatized_20-publish-regression_true.yml	true	correct	0.066902704	0.07700169901363552	25825280.0	0	2	0														
baseline	sc	r01	13-privatized_30-traces-oplus-vs-meet_true.yml	true	correct	0.0669809	0.07283112197183073	25804800.0	0	2	0														
baseline	sc	r01	13-privatized_32-traces-mine-vs-oplus-vs-meet_true.yml	true	correct	0.075182922	0.07778856705408543	25899008.0	0	3	0														
baseline	sc	r01	13-privatized_34-traces-minepp-L-needs-to-be-um_true.yml	true	correct	0.06642383	0.07228105794638395	25788416.0	0	1	0														
baseline	sc	r01	13-privatized_68-pfscan_protected_loop_minimal_interval_true.yml	true	correct	0.067246679	0.07283089600969106	25874432.0	0	0	0														
baseline	sc	r01	13-privatized_29-multiple-protecting2-vesal_true.yml	true	correct	0.067805312	0.07338914694264531	25829376.0	0	4	0														
baseline	sc	r01	13-privatized_24-multiple-protecting_true.yml	true	correct	0.069218147	0.07509209599811584	25821184.0	0	7	0														
baseline	sc	r01	36-apron_21-traces-cluster-based_true.yml	true	correct	0.069608204	0.0745760400313884	25849856.0	0	6	0														
baseline	sc	r01	36-apron_22-traces-write-centered-vs-meet-mutex_true_no-overflow.yml	true	correct	0.07443916	0.08617483300622553	25821184.0	0	1	0														
baseline	sc	r01	13-privatized_27-multiple-protecting2_true.yml	true	correct	0.08292621	0.08753933198750019	25952256.0	0	26	0														
baseline	sc	r01	14_spin2003.yml	true	correct	0.066612342	0.06914542592130601	25763840.0	0	0	0														
baseline	sc	r01	29_conditionals_vs.yml	true	correct	0.067438745	0.07105879602022469	25808896.0	0	0	0														
baseline	sc	r01	48_ticket_lock_low_contention_vs-pthread.yml	true	correct	0.070136972	0.0740448459982872	25866240.0	0	0	0														
baseline	sc	r01	46_monabsex2_vs.yml	true	correct	0.066794008	0.0733493739971891	25784320.0	0	0	0														
baseline	sc	r01	45_monabsex1_vs.yml	true	correct	0.064140249	0.06742920400574803	25870336.0	0	0	0														
baseline	sc	r01	stateful01-1.yml	false(unreach-call)	correct	0.06544641	0.069656748091802	25960448.0	42	0	0														
baseline	sc	r01	stateful01-2.yml	true	correct	0.072539391	0.07720011891797185	25952256.0	0	6	0														
baseline	sc	r01	time_var_mutex.yml	true	correct	0.07288275	0.07999163400381804	25919488.0	0	2	0														
baseline	sc	r01	01b_inc.yml	true	correct	0.067817648	0.07613952609244734	25878528.0	0	0	0														
baseline	sc	r01	triangular-1.yml	true	correct	5.984615825	5.995347380056046	25956352.0	0	16632	0														
baseline	sc	r01	triangular-2.yml	false(unreach-call)	correct	1.471006371	1.4743015739368275	25858048.0	42	3638	0														
baseline	sc	r01	02_inc_cas.yml	true	correct	0.071610078	0.07664793310686946	25841664.0	0	0	0														
baseline	sc	r01	28-race_reach_21-deref_read_racing.yml	false(unreach-call)	correct	3.345018371	3.362040444975719	56700928.0	42	0	0														
baseline	sc	r01	48_ticket_lock_low_contention_vs.yml	true	correct	0.062912191	0.06949545198585838	25829376.0	0	0	0														
baseline	sc	r01	28-race_reach_37-indirect_racing.yml	false(unreach-call)	correct	12.089730189	12.11138876201585	2061086720.0	42	0	0														
baseline	sc	r01	28-race_reach_45-escape_racing.yml	false(unreach-call)	correct	0.068118042	0.07448542607016861	25808896.0	42	0	0														
baseline	sc	r01	28-race_reach_46-escape_racefree.yml	true	correct	0.066471412	0.07355960202403367	25812992.0	0	2	0														
baseline	sc	r01	28-race_reach_01-simple_racing.yml	false(unreach-call)	correct	12.11664983	12.14372649998404	2060976128.0	42	0	0														
baseline	sc	r01	28-race_reach_11-ptr_racing.yml	false(unreach-call)	correct	12.076738987	12.101166127016768	2060992512.0	42	0	0														
baseline	sc	r01	circular_buffer_bad.yml	false(unreach-call)	correct	0.073598662	0.08032190497033298	25968640.0	42	1	0														
baseline	sc	r01	fib_safe-5.yml	true	correct	3.561425105	3.5733733070082963	25882624.0	0	2772	0														
baseline	sc	r01	fib_safe-6.yml	true	correct	17.802178181	17.8455705139786	25829376.0	0	12012	0														
baseline	sc	r01	fib_unsafe-5.yml	false(unreach-call)	correct	0.965657988	0.9774326049955562	25903104.0	42	632	0														
baseline	sc	r01	fib_unsafe-6.yml	false(unreach-call)	correct	4.906669897	4.918087575002573	25862144.0	42	2942	0														
baseline	sc	r01	fib_unsafe-7.yml	false(unreach-call)	correct	24.014909262	24.052096250932664	25948160.0	42	13238	0														
baseline	sc	r01	28-race_reach_24-sound_lock_racing.yml	false(unreach-call)	correct	11.709674101	11.731764990952797	2060955648.0	42	0	0														
baseline	sc	r01	lazy01.yml	false(unreach-call)	correct	0.057920928	0.06500814901664853	25903104.0	42	1	0														
baseline	sc	r01	circular_buffer_ok.yml	true	correct	2.89042278	2.90232938202098	25894912.0	0	3432	0														
baseline	sc	r01	szymanski.yml	true	correct	0.062864945	0.07047876401338726	25862144.0	0	6	0														
baseline	sc	r01	dekker.yml	true	correct	0.062304806	0.0679409559816122	25837568.0	0	4	0														
baseline	sc	r01	dekker-unfair.yml	true	correct	0.063478152	0.07026639301329851	25825280.0	0	4	0														
baseline	sc	r01	unwind3-1.yml	false(unreach-call)	correct	0.063419601	0.07091414195019752	25956352.0	42	1	0														
baseline	sc	r01	exponential-nondet.yml	true	correct	0.067833386	0.07535927393473685	25919488.0	0	1	0														
baseline	sc	r01	unwind2-1.yml	false(unreach-call)	correct	0.065333143	0.07263495097868145	25915392.0	42	1	0														
baseline	sc	r01	unwind2-100.yml	false(unreach-call)	correct	0.064191954	0.0699464000063017	25890816.0	42	1	0														
baseline	sc	r01	butterfly.yml	true	correct	12.913672243	12.924113298999146	26042368.0	0	64560	0														
baseline	sc	r01	43_NetBSD_sysmon_power_sliced.yml	true	correct	0.061911666	0.06588072597514838	25747456.0	0	0	0														
baseline	sc	r01	28-race_reach_06-cond_racing1.yml	false(unreach-call)	correct	11.493025383	11.52113707899116	2061017088.0	42	0	0														
baseline	sc	r01	queue_ok.yml	true	correct	0.065368986	0.07188959501218051	26091520.0	0	2	0														
baseline	sc	r01	queue_ok_longer.yml	true	correct	0.429308364	0.43668851105030626	79360000.0	0	2	0														
baseline	sc	r01	queue_ok_longest.yml	true	correct	1.497634124	1.516113455989398	276955136.0	0	2	0														
baseline	sc	r01	queue_longer.yml	TIMEOUT	error	61.041052573	61.08034266694449	1159892992.0																	
baseline	sc	r01	queue.yml	false(unreach-call)	correct	0.086712732	0.09446788008790463	25993216.0	42	2	0														
baseline	sc	r01	singleton.yml	false(unreach-call)	correct	0.072800495	0.07978479494340718	26083328.0	42	1	0														
baseline	sc	r01	singleton_with-uninit-problems.yml	true	correct	0.070887243	0.07859565794933587	26083328.0	0	4	0														
baseline	sc	r01	pthread-demo-datarace-3.yml	false(unreach-call)	correct	0.118027751	0.12188592797610909	25825280.0	42	0	0														
baseline	sc	r01	reorder_2.yml	false(unreach-call)	correct	0.13006423	0.13695859594736248	25964544.0	42	162	0														
baseline	sc	r01	twostage_3.yml	false(unreach-call)	correct	0.075030763	0.08170474809594452	26140672.0	42	4	0														
baseline	sc	r01	race-1_1-join.yml	true	correct	0.063690639	0.07079683803021908	26095616.0	0	1	0														
baseline	sc	r01	race-1_3-join.yml	false(unreach-call)	correct	0.059598648	0.06481748993974179	26075136.0	42	1	0														
baseline	sc	r01	race-1_2-join.yml	false(unreach-call)	correct	0.067936126	0.07379655493423343	26083328.0	42	1	0														
baseline	sc	r01	race-4_1-thread_local_vars.yml	true	correct	0.064897998	0.06913479196373373	26124288.0	0	0	0														
baseline	sc	r01	race-2_1-container_of.yml	true	correct	0.064592361	0.07095181196928024	26165248.0	0	1	0														
baseline	sc	r01	race-3_1-container_of-global.yml	true	correct	0.064680124	0.07139928301330656	26083328.0	0	1	0														
baseline	sc	r02	13-privatized_66-mine-W-init_true.yml	true	correct	0.067490762	0.08821293793153018	25698304.0	0	1	0														
baseline	sc	r02	36-apron_41-threadenter-no-locals_unknown_1_pos.yml	false(unreach-call)	correct	0.068127902	0.0732439219718799	25702400.0	42	0	0														
baseline	sc	r02	36-apron_16-traces-unprot2_true.yml	true	correct	0.064053693	0.07235343602951616	25747456.0	0	1	0														
baseline	sc	r02	13-privatized_57-singlethreaded-unlock_true.yml	true	correct	0.066172361	0.07094631099607795	25800704.0	0	1	0														
baseline	sc	r02	13-privatized_47-refine-protected2_true.yml	true	correct	0.069832392	0.07600182294845581	25800704.0	0	2	0														
baseline	sc	r02	13-privatized_46-refine-protected1_true.yml	true	correct	0.066251104	0.0723635540343821	25780224.0	0	1	0														
baseline	sc	r02	36-apron_11-traces-max-simple_true.yml	true	correct	0.065931762	0.06923202401958406	25817088.0	0	2	0														
baseline	sc	r02	13-privatized_41-traces-ex-7_unknown_1_pos.yml	false(unreach-call)	correct	0.064230105	0.0749121030094102	25817088.0	42	0	0														
baseline	sc	r02	13-privatized_41-traces-ex-7_unknown_1_neg.yml	false(unreach-call)	correct	0.06733361	0.07236650900449604	25812992.0	42	0	0														
baseline	sc	r02	13-privatized_40-traces-ex-6_true.yml	true	correct	0.067625935	0.08051790797617286	25808896.0	0	1	0														
baseline	sc	r02	13-privatized_58-singlethreaded-lock_true.yml	true	correct	0.069917998	0.07583221595268697	25841664.0	0	1	0														
baseline	sc	r02	13-privatized_44-traces-mine2_true.yml	true	correct	0.065788048	0.08743680897168815	25825280.0	0	1	0														
baseline	sc	r02	13-privatized_18-first-reads_unknown_2_pos.yml	false(unreach-call)	correct	0.068006449	0.07281316199805588	25870336.0	42	0	0														
baseline	sc	r02	13-privatized_18-first-reads_unknown_1_neg.yml	false(unreach-call)	correct	0.070138083	0.07459720794577152	25882624.0	42	0	0														
baseline	sc	r02	13-privatized_36-traces-ex-3_true.yml	true	correct	0.071766792	0.0766857829876244	25755648.0	0	3	0														
baseline	sc	r02	13-privatized_18-first-reads_true.yml	true	correct	0.064188173	0.06908978696446866	25894912.0	0	2	0														
baseline	sc	r02	13-privatized_35-traces-ex-2_true.yml	true	correct	0.07228947	0.07835058798082173	25821184.0	0	2	0														
baseline	sc	r02	13-privatized_37-traces-ex-4_true.yml	true	correct	0.068080678	0.07264608202967793	25841664.0	0	2	0														
baseline	sc	r02	13-privatized_38-traces-ex-4-switch_true.yml	true	correct	0.070489446	0.07344995299354196	25825280.0	0	2	0														
baseline	sc	r02	13-privatized_19-publish-precision_unknown_1_pos.yml	false(unreach-call)	correct	0.071713055	0.0786920509999618	25800704.0	42	0	0														
baseline	sc	r02	13-privatized_19-publish-precision_unknown_2_pos.yml	false(unreach-call)	correct	0.074677379	0.08037355402484536	25784320.0	42	0	0														
baseline	sc	r02	13-privatized_19-publish-precision_unknown_1_neg.yml	false(unreach-call)	correct	0.070301415	0.07381475006695837	25853952.0	42	0	0														
baseline	sc	r02	13-privatized_19-publish-precision_unknown_2_neg.yml	false(unreach-call)	correct	0.066049289	0.07017583097331226	25825280.0	42	0	0														
baseline	sc	r02	13-privatized_45-traces-per-global-and-current-lock-mine-incomparable_true.yml	true	correct	0.066376683	0.07074598106555641	25862144.0	0	2	0														
baseline	sc	r02	13-privatized_01-priv_nr_true.yml	true	correct	0.062278063	0.06891207001172006	25882624.0	0	2	0														
baseline	sc	r02	13-privatized_19-publish-precision_true.yml	true	correct	0.070908676	0.07793738099280745	25845760.0	0	3	0														
baseline	sc	r02	13-privatized_42-traces-ex-mini_true.yml	true	correct	0.06723495	0.07135465496685356	25796608.0	0	2	0														
baseline	sc	r02	13-privatized_33-traces-v-matters_true.yml	true	correct	0.066378138	0.0720903939800337	25870336.0	0	1	0														
baseline	sc	r02	13-privatized_25-struct_nr_true.yml	true	correct	0.069701541	0.07703502604272217	25894912.0	0	2	0														
baseline	sc	r02	13-privatized_69-refine-protected-loop-interval_true.yml	true	correct	0.068764552	0.08001438097562641	25829376.0	0	0	0														
baseline	sc	r02	36-apron_17-traces-rpb-litmus_unknown_1_neg.yml	false(unreach-call)	correct	0.068548519	0.07737301092129201	25804800.0	42	0	0														
baseline	sc	r02	13-privatized_31-traces-mine-vs-mutex_true.yml	true	correct	0.069934806	0.07321719196625054	25878528.0	0	4	0														
baseline	sc	r02	13-privatized_20-publish-regression_true.yml	true	correct	0.067386768	0.07391730404924601	25780224.0	0	2	0														
baseline	sc	r02	13-privatized_30-traces-oplus-vs-meet_true.yml	true	correct	0.067455336	0.07338614703621715	25858048.0	0	2	0														
baseline	sc	r02	13-privatized_32-traces-mine-vs-oplus-vs-meet_true.yml	true	correct	0.072958571	0.07557576498948038	25845760.0	0	3	0														
baseline	sc	r02	13-privatized_34-traces-minepp-L-needs-to-be-um_true.yml	true	correct	0.071332357	0.07797014201059937	25845760.0	0	1	0														
baseline	sc	r02	13-privatized_68-pfscan_protected_loop_minimal_interval_true.yml	true	correct	0.067802184	0.07379078306257725	25841664.0	0	0	0														
baseline	sc	r02	13-privatized_29-multiple-protecting2-vesal_true.yml	true	correct	0.067003125	0.07598488300573081	25858048.0	0	4	0														
baseline	sc	r02	13-privatized_24-multiple-protecting_true.yml	true	correct	0.074466481	0.08152771694585681	25907200.0	0	7	0														
baseline	sc	r02	36-apron_21-traces-cluster-based_true.yml	true	correct	0.068808156	0.07552395097445697	25956352.0	0	6	0														
baseline	sc	r02	36-apron_22-traces-write-centered-vs-meet-mutex_true_no-overflow.yml	true	correct	0.073275865	0.07990260003134608	25821184.0	0	1	0														
baseline	sc	r02	13-privatized_27-multiple-protecting2_true.yml	true	correct	0.077643228	0.08519692195113748	25878528.0	0	26	0														
baseline	sc	r02	14_spin2003.yml	true	correct	0.068325457	0.07326204900164157	25747456.0	0	0	0														
baseline	sc	r02	29_conditionals_vs.yml	true	correct	0.069113532	0.07195408002007753	25751552.0	0	0	0														
baseline	sc	r02	48_ticket_lock_low_contention_vs-pthread.yml	true	correct	0.070807693	0.0760301019763574	25825280.0	0	0	0														
baseline	sc	r02	46_monabsex2_vs.yml	true	correct	0.072728482	0.07433399395085871	25772032.0	0	0	0														
baseline	sc	r02	45_monabsex1_vs.yml	true	correct	0.067293431	0.07071352400816977	25772032.0	0	0	0														
baseline	sc	r02	stateful01-1.yml	false(unreach-call)	correct	0.065562898	0.0698966410709545	25821184.0	42	0	0														
baseline	sc	r02	stateful01-2.yml	true	correct	0.070793869	0.07814033492468297	25825280.0	0	6	0														
baseline	sc	r02	time_var_mutex.yml	true	correct	0.071289081	0.07334719004575163	25923584.0	0	2	0														
baseline	sc	r02	01b_inc.yml	true	correct	0.068560616	0.07646095100790262	25886720.0	0	0	0														
baseline	sc	r02	triangular-1.yml	true	correct	6.064915074	6.079930996987969	25948160.0	0	16632	0														
baseline	sc	r02	triangular-2.yml	false(unreach-call)	correct	1.475737355	1.4812192890094593	25939968.0	42	3638	0														
baseline	sc	r02	02_inc_cas.yml	true	correct	0.067954768	0.07279901998117566	25763840.0	0	0	0														
baseline	sc	r02	28-race_reach_21-deref_read_racing.yml	false(unreach-call)	correct	3.370222718	3.3849382869666442	56586240.0	42	0	0														
baseline	sc	r02	48_ticket_lock_low_contention_vs.yml	true	correct	0.069441328	0.07381801796145737	25886720.0	0	0	0														
baseline	sc	r02	28-race_reach_37-indirect_racing.yml	false(unreach-call)	correct	12.138856304	12.163568519055843	2061103104.0	42	0	0														
baseline	sc	r02	28-race_reach_45-escape_racing.yml	false(unreach-call)	correct	0.075941151	0.0801043180981651	25903104.0	42	0	0														
baseline	sc	r02	28-race_reach_46-escape_racefree.yml	true	correct	0.067360335	0.07315357495099306	25853952.0	0	2	0														
baseline	sc	r02	28-race_reach_01-simple_racing.yml	false(unreach-call)	correct	12.175165877	12.204646724974737	2061025280.0	42	0	0														
baseline	sc	r02	28-race_reach_11-ptr_racing.yml	false(unreach-call)	correct	12.174478529	12.209587409975938	2060922880.0	42	0	0														
baseline	sc	r02	circular_buffer_bad.yml	false(unreach-call)	correct	0.07375448	0.08075934206135571	25968640.0	42	1	0														
baseline	sc	r02	fib_safe-5.yml	true	correct	3.613122716	3.6277145190397277	25858048.0	0	2772	0														
baseline	sc	r02	fib_safe-6.yml	true	correct	17.849350539	17.8979165579658	25886720.0	0	12012	0														
baseline	sc	r02	fib_unsafe-5.yml	false(unreach-call)	correct	0.996705418	1.003649586928077	25911296.0	42	632	0														
baseline	sc	r02	fib_unsafe-6.yml	false(unreach-call)	correct	4.977464624	4.990552118979394	25829376.0	42	2942	0														
baseline	sc	r02	fib_unsafe-7.yml	false(unreach-call)	correct	24.126587419	24.151013221009634	25829376.0	42	13238	0														
baseline	sc	r02	28-race_reach_24-sound_lock_racing.yml	false(unreach-call)	correct	11.837373277	11.871478249900974	2061012992.0	42	0	0														
baseline	sc	r02	lazy01.yml	false(unreach-call)	correct	0.064436626	0.06970099895261228	25956352.0	42	1	0														
baseline	sc	r02	circular_buffer_ok.yml	true	correct	2.886730547	2.8932862849906087	25931776.0	0	3432	0														
baseline	sc	r02	szymanski.yml	true	correct	0.060069428	0.06555446598213166	25862144.0	0	6	0														
baseline	sc	r02	dekker.yml	true	correct	0.061476664	0.0654807579703629	25931776.0	0	4	0														
baseline	sc	r02	dekker-unfair.yml	true	correct	0.065628282	0.07057070301380008	25833472.0	0	4	0														
baseline	sc	r02	unwind3-1.yml	false(unreach-call)	correct	0.064603213	0.06818864308297634	25890816.0	42	1	0														
baseline	sc	r02	exponential-nondet.yml	true	correct	0.058143001	0.06650808406993747	25874432.0	0	1	0														
baseline	sc	r02	unwind2-1.yml	false(unreach-call)	correct	0.065177367	0.0702597179915756	25915392.0	42	1	0														
baseline	sc	r02	unwind2-100.yml	false(unreach-call)	correct	0.064773413	0.06929683301132172	25956352.0	42	1	0														
baseline	sc	r02	butterfly.yml	true	correct	13.043144796	13.056035308982246	26054656.0	0	64560	0														
baseline	sc	r02	43_NetBSD_sysmon_power_sliced.yml	true	correct	0.055549467	0.05932854698039591	25780224.0	0	0	0														
baseline	sc	r02	28-race_reach_06-cond_racing1.yml	false(unreach-call)	correct	11.638549017	11.663830081000924	2061090816.0	42	0	0														
baseline	sc	r02	queue_ok.yml	true	correct	0.067393894	0.0734210389200598	26017792.0	0	2	0														
baseline	sc	r02	queue_ok_longer.yml	true	correct	0.426185221	0.4345903620123863	79343616.0	0	2	0														
baseline	sc	r02	queue_ok_longest.yml	true	correct	1.519910064	1.5294039490399882	276955136.0	0	2	0														
baseline	sc	r02	queue_longer.yml	TIMEOUT	error	61.047847794	61.08479397499468	1148080128.0																	
baseline	sc	r02	queue.yml	false(unreach-call)	correct	0.090015739	0.09872818703297526	26071040.0	42	2	0														
baseline	sc	r02	singleton.yml	false(unreach-call)	correct	0.068313887	0.07602197804953903	26107904.0	42	1	0														
baseline	sc	r02	singleton_with-uninit-problems.yml	true	correct	0.06892944	0.07418364705517888	26091520.0	0	4	0														
baseline	sc	r02	pthread-demo-datarace-3.yml	false(unreach-call)	correct	0.111447281	0.12089548399671912	25837568.0	42	0	0														
baseline	sc	r02	reorder_2.yml	false(unreach-call)	correct	0.138246205	0.14260324090719223	25956352.0	42	162	0														
baseline	sc	r02	twostage_3.yml	false(unreach-call)	correct	0.077923589	0.08121728093829006	26214400.0	42	4	0														
baseline	sc	r02	race-1_1-join.yml	true	correct	0.066312019	0.06999676791019738	26009600.0	0	1	0														
baseline	sc	r02	race-1_3-join.yml	false(unreach-call)	correct	0.061213505	0.06906761799473315	26083328.0	42	1	0														
baseline	sc	r02	race-1_2-join.yml	false(unreach-call)	correct	0.065696161	0.07029982295352966	26091520.0	42	1	0														
baseline	sc	r02	race-4_1-thread_local_vars.yml	true	correct	0.064821063	0.07400029199197888	26083328.0	0	0	0														
baseline	sc	r02	race-2_1-container_of.yml	true	correct	0.066512582	0.07191793294623494	26095616.0	0	1	0														
baseline	sc	r02	race-3_1-container_of-global.yml	true	correct	0.061076204	0.06825029791798443	26202112.0	0	1	0														
baseline	sc	r03	13-privatized_66-mine-W-init_true.yml	true	correct	0.065120731	0.07181878399569541	25690112.0	0	1	0														
baseline	sc	r03	36-apron_41-threadenter-no-locals_unknown_1_pos.yml	false(unreach-call)	correct	0.067515793	0.07180551695637405	25710592.0	42	0	0														
baseline	sc	r03	36-apron_16-traces-unprot2_true.yml	true	correct	0.071637327	0.07696729409508407	25817088.0	0	1	0														
baseline	sc	r03	13-privatized_57-singlethreaded-unlock_true.yml	true	correct	0.063544553	0.07680934097152203	25772032.0	0	1	0														
baseline	sc	r03	13-privatized_47-refine-protected2_true.yml	true	correct	0.064118166	0.07390551292337477	25780224.0	0	2	0														
baseline	sc	r03	13-privatized_46-refine-protected1_true.yml	true	correct	0.064725446	0.07159501395653933	25804800.0	0	1	0														
baseline	sc	r03	36-apron_11-traces-max-simple_true.yml	true	correct	0.067055346	0.06848397699650377	25739264.0	0	2	0														
baseline	sc	r03	13-privatized_41-traces-ex-7_unknown_1_pos.yml	false(unreach-call)	correct	0.065649117	0.06949403893668205	25767936.0	42	0	0														
baseline	sc	r03	13-privatized_41-traces-ex-7_unknown_1_neg.yml	false(unreach-call)	correct	0.066853454	0.0726671569282189	25812992.0	42	0	0														
baseline	sc	r03	13-privatized_40-traces-ex-6_true.yml	true	correct	0.064590637	0.07150865998119116	25821184.0	0	1	0														
baseline	sc	r03	13-privatized_58-singlethreaded-lock_true.yml	true	correct	0.068110073	0.07393708697054535	25845760.0	0	1	0														
baseline	sc	r03	13-privatized_44-traces-mine2_true.yml	true	correct	0.06535752	0.07135530503001064	25731072.0	0	1	0														
baseline	sc	r03	13-privatized_18-first-reads_unknown_2_pos.yml	false(unreach-call)	correct	0.064254949	0.07258230703882873	25841664.0	42	0	0														
baseline	sc	r03	13-privatized_18-first-reads_unknown_1_neg.yml	false(unreach-call)	correct	0.064973948	0.0729886619374156	25784320.0	42	0	0														
baseline	sc	r03	13-privatized_36-traces-ex-3_true.yml	true	correct	0.064565978	0.06781502196099609	25747456.0	0	3	0														
baseline	sc	r03	13-privatized_18-first-reads_true.yml	true	correct	0.064419925	0.07224461494479328	25837568.0	0	2	0														
baseline	sc	r03	13-privatized_35-traces-ex-2_true.yml	true	correct	0.068387253	0.07643446302972734	25866240.0	0	2	0														
baseline	sc	r03	13-privatized_37-traces-ex-4_true.yml	true	correct	0.064297693	0.0704666239907965	25735168.0	0	2	0														
baseline	sc	r03	13-privatized_38-traces-ex-4-switch_true.yml	true	correct	0.071774815	0.09135247499216348	25858048.0	0	2	0														
baseline	sc	r03	13-privatized_19-publish-precision_unknown_1_pos.yml	false(unreach-call)	correct	0.070391631	0.07679922098759562	25870336.0	42	0	0														
baseline	sc	r03	13-privatized_19-publish-precision_unknown_2_pos.yml	false(unreach-call)	correct	0.066214196	0.08818557392805815	25849856.0	42	0	0														
baseline	sc	r03	13-privatized_19-publish-precision_unknown_1_neg.yml	false(unreach-call)	correct	0.065051119	0.07067029702011496	25804800.0	42	0	0														
baseline	sc	r03	13-privatized_19-publish-precision_unknown_2_neg.yml	false(unreach-call)	correct	0.065599843	0.07338766998145729	25858048.0	42	0	0														
baseline	sc	r03	13-privatized_45-traces-per-global-and-current-lock-mine-incomparable_true.yml	true	correct	0.065665281	0.0690779039869085	25849856.0	0	2	0														
baseline	sc	r03	13-privatized_01-priv_nr_true.yml	true	correct	0.06737424	0.07494059996679425	25788416.0	0	2	0														
baseline	sc	r03	13-privatized_19-publish-precision_true.yml	true	correct	0.071467507	0.07809097494464368	25817088.0	0	3	0														
baseline	sc	r03	13-privatized_42-traces-ex-mini_true.yml	true	correct	0.068296667	0.07546637998893857	25829376.0	0	2	0														
baseline	sc	r03	13-privatized_33-traces-v-matters_true.yml	true	correct	0.067826603	0.0732712340541184	25821184.0	0	1	0														
baseline	sc	r03	13-privatized_25-struct_nr_true.yml	true	correct	0.070902509	0.07290228898636997	25849856.0	0	2	0														
baseline	sc	r03	13-privatized_69-refine-protected-loop-interval_true.yml	true	correct	0.07120364	0.07813648006413132	25923584.0	0	0	0														
baseline	sc	r03	36-apron_17-traces-rpb-litmus_unknown_1_neg.yml	false(unreach-call)	correct	0.066265285	0.0707461970159784	25776128.0	42	0	0														
baseline	sc	r03	13-privatized_31-traces-mine-vs-mutex_true.yml	true	correct	0.06623315	0.0710334760369733	25853952.0	0	4	0														
baseline	sc	r03	13-privatized_20-publish-regression_true.yml	true	correct	0.065921706	0.07294674299191684	25903104.0	0	2	0														
baseline	sc	r03	13-privatized_30-traces-oplus-vs-meet_true.yml	true	correct	0.071694393	0.07582253694999963	25784320.0	0	2	0														
baseline	sc	r03	13-privatized_32-traces-mine-vs-oplus-vs-meet_true.yml	true	correct	0.06656436	0.07294153806287795	25829376.0	0	3	0														
baseline	sc	r03	13-privatized_34-traces-minepp-L-needs-to-be-um_true.yml	true	correct	0.063744221	0.07124435098376125	25780224.0	0	1	0														
baseline	sc	r03	13-privatized_68-pfscan_protected_loop_minimal_interval_true.yml	true	correct	0.071060873	0.07516422995831817	25886720.0	0	0	0														
baseline	sc	r03	13-privatized_29-multiple-protecting2-vesal_true.yml	true	correct	0.065267657	0.06951418099924922	25874432.0	0	4	0														
baseline	sc	r03	13-privatized_24-multiple-protecting_true.yml	true	correct	0.067432574	0.07195409398991615	25886720.0	0	7	0														
baseline	sc	r03	36-apron_21-traces-cluster-based_true.yml	true	correct	0.071275584	0.07632601691875607	25894912.0	0	6	0														
baseline	sc	r03	36-apron_22-traces-write-centered-vs-meet-mutex_true_no-overflow.yml	true	correct	0.07522043	0.07774554204661399	25927680.0	0	1	0														
baseline	sc	r03	13-privatized_27-multiple-protecting2_true.yml	true	correct	0.078811282	0.0831981449155137	25948160.0	0	26	0														
baseline	sc	r03	14_spin2003.yml	true	correct	0.064603836	0.07077259803190827	25825280.0	0	0	0														
baseline	sc	r03	29_conditionals_vs.yml	true	correct	0.064102229	0.07257189298979938	25694208.0	0	0	0														
baseline	sc	r03	48_ticket_lock_low_contention_vs-pthread.yml	true	correct	0.068860301	0.07407426298595965	25759744.0	0	0	0														
baseline	sc	r03	46_monabsex2_vs.yml	true	correct	0.066224467	0.07018018700182438	25821184.0	0	0	0														
baseline	sc	r03	45_monabsex1_vs.yml	true	correct	0.062510044	0.06694014498498291	25767936.0	0	0	0														
baseline	sc	r03	stateful01-1.yml	false(unreach-call)	correct	0.071748199	0.074383515981026	25841664.0	42	0	0														
baseline	sc	r03	stateful01-2.yml	true	correct	0.070187164	0.0739322790177539	25837568.0	0	6	0														
baseline	sc	r03	time_var_mutex.yml	true	correct	0.069623008	0.07707016193307936	25960448.0	0	2	0														
baseline	sc	r03	01b_inc.yml	true	correct	0.075327057	0.08950390701647848	25825280.0	0	0	0														
baseline	sc	r03	triangular-1.yml	true	correct	6.024796768	6.038523300085217	25878528.0	0	16632	0														
baseline	sc	r03	triangular-2.yml	false(unreach-call)	correct	1.43519287	1.468635140103288	25821184.0	42	3638	0														
baseline	sc	r03	02_inc_cas.yml	true	correct	0.067745115	0.07191850198432803	25866240.0	0	0	0														
baseline	sc	r03	28-race_reach_21-deref_read_racing.yml	false(unreach-call)	correct	3.392980451	3.405051787965931	56274944.0	42	0	0														
baseline	sc	r03	48_ticket_lock_low_contention_vs.yml	true	correct	0.068828722	0.07349560898728669	25800704.0	0	0	0														
baseline	sc	r03	28-race_reach_37-indirect_racing.yml	false(unreach-call)	correct	12.19441008	12.222814665990882	2061078528.0	42	0	0														
baseline	sc	r03	28-race_reach_45-escape_racing.yml	false(unreach-call)	correct	0.064404173	0.06940841302275658	25960448.0	42	0	0														
baseline	sc	r03	28-race_reach_46-escape_racefree.yml	true	correct	0.070195655	0.07274577906355262	25841664.0	0	2	0														
baseline	sc	r03	28-race_reach_01-simple_racing.yml	false(unreach-call)	correct	12.213390637	12.290798014961183	2060939264.0	42	0	0														
baseline	sc	r03	28-race_reach_11-ptr_racing.yml	false(unreach-call)	correct	12.174348122	12.195447120000608	2061062144.0	42	0	0														
baseline	sc	r03	circular_buffer_bad.yml	false(unreach-call)	correct	0.075654206	0.0780286299996078	25935872.0	42	1	0														
baseline	sc	r03	fib_safe-5.yml	true	correct	3.605119962	3.623078008997254	25821184.0	0	2772	0														
baseline	sc	r03	fib_safe-6.yml	true	correct	17.94066831	18.0875198780559	25825280.0	0	12012	0														
baseline	sc	r03	fib_unsafe-5.yml	false(unreach-call)	correct	0.977908044	0.9858516310341656	25825280.0	42	632	0														
baseline	sc	r03	fib_unsafe-6.yml	false(unreach-call)	correct	4.967308603	5.007257304037921	25829376.0	42	2942	0														
baseline	sc	r03	fib_unsafe-7.yml	false(unreach-call)	correct	24.229858741	24.249353124992922	25874432.0	42	13238	0														
baseline	sc	r03	28-race_reach_24-sound_lock_racing.yml	false(unreach-call)	correct	11.800724051	11.82599207002204	2061070336.0	42	0	0														
baseline	sc	r03	lazy01.yml	false(unreach-call)	correct	0.06452782	0.07241564895957708	25923584.0	42	1	0														
baseline	sc	r03	circular_buffer_ok.yml	true	correct	2.891701696	2.952463729074225	25948160.0	0	3432	0														
baseline	sc	r03	szymanski.yml	true	correct	0.065200694	0.0724825420184061	25919488.0	0	6	0														
baseline	sc	r03	dekker.yml	true	correct	0.059392583	0.06649291899520904	25911296.0	0	4	0														
baseline	sc	r03	dekker-unfair.yml	true	correct	0.065605993	0.06971971108578146	25886720.0	0	4	0														
baseline	sc	r03	unwind3-1.yml	false(unreach-call)	correct	0.064129931	0.0819086559349671	25907200.0	42	1	0														
baseline	sc	r03	exponential-nondet.yml	true	correct	0.062958552	0.07002023700624704	25956352.0	0	1	0														
baseline	sc	r03	unwind2-1.yml	false(unreach-call)	correct	0.063030437	0.07116470695473254	25886720.0	42	1	0														
baseline	sc	r03	unwind2-100.yml	false(unreach-call)	correct	0.061718519	0.06707310897763819	25960448.0	42	1	0														
baseline	sc	r03	butterfly.yml	true	correct	13.258627495	13.338542963028885	26062848.0	0	64560	0														
baseline	sc	r03	43_NetBSD_sysmon_power_sliced.yml	true	correct	0.05979894	0.06769104895647615	25817088.0	0	0	0														
baseline	sc	r03	28-race_reach_06-cond_racing1.yml	false(unreach-call)	correct	11.78527009	11.817371780984104	2061045760.0	42	0	0														
baseline	sc	r03	queue_ok.yml	true	correct	0.06827381	0.07526905799750239	26030080.0	0	2	0														
baseline	sc	r03	queue_ok_longer.yml	true	correct	0.425193485	0.4314086460508406	79319040.0	0	2	0														
baseline	sc	r03	queue_ok_longest.yml	true	correct	1.512390068	1.5295173400081694	276840448.0	0	2	0														
baseline	sc	r03	queue_longer.yml	TIMEOUT	error	61.041145795	61.0869862010004	1151848448.0																	
baseline	sc	r03	queue.yml	false(unreach-call)	correct	0.081503929	0.08880953502375633	26050560.0	42	2	0														
baseline	sc	r03	singleton.yml	false(unreach-call)	correct	0.067916738	0.07550922106020153	26116096.0	42	1	0														
baseline	sc	r03	singleton_with-uninit-problems.yml	true	correct	0.066989357	0.07772240997292101	26103808.0	0	4	0														
baseline	sc	r03	pthread-demo-datarace-3.yml	false(unreach-call)	correct	0.108696224	0.11703532701358199	25886720.0	42	0	0														
baseline	sc	r03	reorder_2.yml	false(unreach-call)	correct	0.134303488	0.14100041007623076	25985024.0	42	162	0														
baseline	sc	r03	twostage_3.yml	false(unreach-call)	correct	0.075573681	0.08046662795823067	26148864.0	42	4	0														
baseline	sc	r03	race-1_1-join.yml	true	correct	0.070479579	0.07520957197993994	26091520.0	0	1	0														
baseline	sc	r03	race-1_3-join.yml	false(unreach-call)	correct	0.064828416	0.07021754106972367	26095616.0	42	1	0														
baseline	sc	r03	race-1_2-join.yml	false(unreach-call)	correct	0.066957609	0.0701073050731793	26091520.0	42	1	0														
baseline	sc	r03	race-4_1-thread_local_vars.yml	true	correct	0.066457242	0.07220843899995089	26169344.0	0	0	0														
baseline	sc	r03	race-2_1-container_of.yml	true	correct	0.064244563	0.07136879197787493	26157056.0	0	1	0														
baseline	sc	r03	race-3_1-container_of-global.yml	true	correct	0.06851833	0.07560944696888328	26091520.0	0	1	0														
baseline	sc	r04	13-privatized_66-mine-W-init_true.yml	true	correct	0.064768682	0.07054742705076933	25702400.0	0	1	0														
baseline	sc	r04	36-apron_41-threadenter-no-locals_unknown_1_pos.yml	false(unreach-call)	correct	0.067416436	0.07507709704805166	25694208.0	42	0	0														
baseline	sc	r04	36-apron_16-traces-unprot2_true.yml	true	correct	0.068209288	0.06979457102715969	25817088.0	0	1	0														
baseline	sc	r04	13-privatized_57-singlethreaded-unlock_true.yml	true	correct	0.068783545	0.07101935509126633	25825280.0	0	1	0														
baseline	sc	r04	13-privatized_47-refine-protected2_true.yml	true	correct	0.059840522	0.06874694104772061	25821184.0	0	2	0														
baseline	sc	r04	13-privatized_46-refine-protected1_true.yml	true	correct	0.066669813	0.07554935303051025	25817088.0	0	1	0														
baseline	sc	r04	36-apron_11-traces-max-simple_true.yml	true	correct	0.065239073	0.07104238693136722	25841664.0	0	2	0														
baseline	sc	r04	13-privatized_41-traces-ex-7_unknown_1_pos.yml	false(unreach-call)	correct	0.064545004	0.06873977207578719	25808896.0	42	0	0														
baseline	sc	r04	13-privatized_41-traces-ex-7_unknown_1_neg.yml	false(unreach-call)	correct	0.07086466	0.08066147391218692	25772032.0	42	0	0														
baseline	sc	r04	13-privatized_40-traces-ex-6_true.yml	true	correct	0.069446693	0.07815594202838838	25767936.0	0	1	0														
baseline	sc	r04	13-privatized_58-singlethreaded-lock_true.yml	true	correct	0.066503874	0.07193065097089857	25747456.0	0	1	0														
baseline	sc	r04	13-privatized_44-traces-mine2_true.yml	true	correct	0.069407489	0.07526236702688038	25751552.0	0	1	0														
baseline	sc	r04	13-privatized_18-first-reads_unknown_2_pos.yml	false(unreach-call)	correct	0.057716851	0.06455710798036307	25812992.0	42	0	0														
baseline	sc	r04	13-privatized_18-first-reads_unknown_1_neg.yml	false(unreach-call)	correct	0.072325803	0.07365164393559098	25837568.0	42	0	0														
baseline	sc	r04	13-privatized_36-traces-ex-3_true.yml	true	correct	0.065984415	0.07020817301236093	25874432.0	0	3	0														
baseline	sc	r04	13-privatized_18-first-reads_true.yml	true	correct	0.067143787	0.07203761592973024	25796608.0	0	2	0														
baseline	sc	r04	13-privatized_35-traces-ex-2_true.yml	true	correct	0.065207419	0.07223128993064165	25874432.0	0	2	0														
baseline	sc	r04	13-privatized_37-traces-ex-4_true.yml	true	correct	0.071839118	0.07875510398298502	25808896.0	0	2	0														
baseline	sc	r04	13-privatized_38-traces-ex-4-switch_true.yml	true	correct	0.068939927	0.07182821305468678	25772032.0	0	2	0														
baseline	sc	r04	13-privatized_19-publish-precision_unknown_1_pos.yml	false(unreach-call)	correct	0.065994947	0.07989926601294428	25788416.0	42	0	0														
baseline	sc	r04	13-privatized_19-publish-precision_unknown_2_pos.yml	false(unreach-call)	correct	0.061620756	0.06760813808068633	25874432.0	42	0	0														
baseline	sc	r04	13-privatized_19-publish-precision_unknown_1_neg.yml	false(unreach-call)	correct	0.068428307	0.06998368399217725	25894912.0	42	0	0														
baseline	sc	r04	13-privatized_19-publish-precision_unknown_2_neg.yml	false(unreach-call)	correct	0.068834267	0.07029916602186859	25899008.0	42	0	0														
baseline	sc	r04	13-privatized_45-traces-per-global-and-current-lock-mine-incomparable_true.yml	true	correct	0.062882245	0.06745060195680708	25792512.0	0	2	0														
baseline	sc	r04	13-privatized_01-priv_nr_true.yml	true	correct	0.072589951	0.07827469194307923	25817088.0	0	2	0														
baseline	sc	r04	13-privatized_19-publish-precision_true.yml	true	correct	0.065726366	0.07525939994957298	25796608.0	0	3	0														
baseline	sc	r04	13-privatized_42-traces-ex-mini_true.yml	true	correct	0.065524307	0.07980931596830487	25755648.0	0	2	0														
baseline	sc	r04	13-privatized_33-traces-v-matters_true.yml	true	correct	0.065185358	0.06671181390993297	25817088.0	0	1	0														
baseline	sc	r04	13-privatized_25-struct_nr_true.yml	true	correct	0.064911093	0.07265179709065706	25866240.0	0	2	0														
baseline	sc	r04	13-privatized_69-refine-protected-loop-interval_true.yml	true	correct	0.071168755	0.07358982204459608	25866240.0	0	0	0														
baseline	sc	r04	36-apron_17-traces-rpb-litmus_unknown_1_neg.yml	false(unreach-call)	correct	0.066798376	0.07211506692692637	25800704.0	42	0	0														
baseline	sc	r04	13-privatized_31-traces-mine-vs-mutex_true.yml	true	correct	0.067227136	0.0743190060602501	25829376.0	0	4	0														
baseline	sc	r04	13-privatized_20-publish-regression_true.yml	true	correct	0.071579534	0.07310731092002243	25833472.0	0	2	0														
baseline	sc	r04	13-privatized_30-traces-oplus-vs-meet_true.yml	true	correct	0.074760987	0.07884158298838884	25894912.0	0	2	0														
baseline	sc	r04	13-privatized_32-traces-mine-vs-oplus-vs-meet_true.yml	true	correct	0.068118644	0.0720665289554745	25825280.0	0	3	0														
baseline	sc	r04	13-privatized_34-traces-minepp-L-needs-to-be-um_true.yml	true	correct	0.06895137	0.07418169197626412	25886720.0	0	1	0														
baseline	sc	r04	13-privatized_68-pfscan_protected_loop_minimal_interval_true.yml	true	correct	0.062060773	0.06971799198072404	25952256.0	0	0	0														
baseline	sc	r04	13-privatized_29-multiple-protecting2-vesal_true.yml	true	correct	0.070424259	0.07544037303887308	25911296.0	0	4	0														
baseline	sc	r04	13-privatized_24-multiple-protecting_true.yml	true	correct	0.071268171	0.07406299596186727	25870336.0	0	7	0														
baseline	sc	r04	36-apron_21-traces-cluster-based_true.yml	true	correct	0.069763753	0.0725407360587269	25931776.0	0	6	0														
baseline	sc	r04	36-apron_22-traces-write-centered-vs-meet-mutex_true_no-overflow.yml	true	correct	0.066937267	0.07114274799823761	25903104.0	0	1	0														
baseline	sc	r04	13-privatized_27-multiple-protecting2_true.yml	true	correct	0.077636705	0.08367672294843942	25960448.0	0	26	0														
baseline	sc	r04	14_spin2003.yml	true	correct	0.065984126	0.07029302802402526	25751552.0	0	0	0														
baseline	sc	r04	29_conditionals_vs.yml	true	correct	0.062140876	0.06488283595535904	25808896.0	0	0	0														
baseline	sc	r04	48_ticket_lock_low_contention_vs-pthread.yml	true	correct	0.065931888	0.07316816097591072	25829376.0	0	0	0														
baseline	sc	r04	46_monabsex2_vs.yml	true	correct	0.06972545	0.07605755690019578	25751552.0	0	0	0														
baseline	sc	r04	45_monabsex1_vs.yml	true	correct	0.063628546	0.07068475894629955	25812992.0	0	0	0														
baseline	sc	r04	stateful01-1.yml	false(unreach-call)	correct	0.06554503	0.07477300695609301	25886720.0	42	0	0														
baseline	sc	r04	stateful01-2.yml	true	correct	0.070502164	0.07417885295581073	25882624.0	0	6	0														
baseline	sc	r04	time_var_mutex.yml	true	correct	0.070837898	0.07595361792482436	25907200.0	0	2	0														
baseline	sc	r04	01b_inc.yml	true	correct	0.0698242	0.07315098005346954	25853952.0	0	0	0														
baseline	sc	r04	triangular-1.yml	true	correct	6.001051273	6.0121325850486755	25849856.0	0	16632	0														
baseline	sc	r04	triangular-2.yml	false(unreach-call)	correct	1.47710663	1.483570066979155	25927680.0	42	3638	0														
baseline	sc	r04	02_inc_cas.yml	true	correct	0.07266177	0.07788572204299271	25866240.0	0	0	0														
baseline	sc	r04	28-race_reach_21-deref_read_racing.yml	false(unreach-call)	correct	3.382752075	3.396109488909133	56385536.0	42	0	0														
baseline	sc	r04	48_ticket_lock_low_contention_vs.yml	true	correct	0.064993591	0.07006397296208888	25792512.0	0	0	0														
baseline	sc	r04	28-race_reach_37-indirect_racing.yml	false(unreach-call)	correct	12.147033462	12.166768115013838	2061045760.0	42	0	0														
baseline	sc	r04	28-race_reach_45-escape_racing.yml	false(unreach-call)	correct	0.067470599	0.0770517160417512	25829376.0	42	0	0														
baseline	sc	r04	28-race_reach_46-escape_racefree.yml	true	correct	0.066389219	0.07416093803476542	25862144.0	0	2	0														
baseline	sc	r04	28-race_reach_01-simple_racing.yml	false(unreach-call)	correct	12.221461058	12.24699941498693	2061058048.0	42	0	0														
baseline	sc	r04	28-race_reach_11-ptr_racing.yml	false(unreach-call)	correct	12.206558044	12.228419445920736	2060972032.0	42	0	0														
baseline	sc	r04	circular_buffer_bad.yml	false(unreach-call)	correct	0.071816799	0.07810465199872851	25964544.0	42	1	0														
baseline	sc	r04	fib_safe-5.yml	true	correct	3.610129647	3.6186206799466163	25825280.0	0	2772	0														
baseline	sc	r04	fib_safe-6.yml	true	correct	18.038068619	18.136248796014115	25862144.0	0	12012	0														
baseline	sc	r04	fib_unsafe-5.yml	false(unreach-call)	correct	0.974798079	0.9835738469846547	25894912.0	42	632	0														
baseline	sc	r04	fib_unsafe-6.yml	false(unreach-call)	correct	4.974979292	4.983721701079048	25878528.0	42	2942	0														
baseline	sc	r04	fib_unsafe-7.yml	false(unreach-call)	correct	24.328388283	24.35184306104202	25825280.0	42	13238	0														
baseline	sc	r04	28-race_reach_24-sound_lock_racing.yml	false(unreach-call)	correct	11.798967768	11.829737353953533	2060976128.0	42	0	0														
baseline	sc	r04	lazy01.yml	false(unreach-call)	correct	0.059360877	0.06763795798178762	25890816.0	42	1	0														
baseline	sc	r04	circular_buffer_ok.yml	true	correct	2.891479473	2.9076106210704893	25935872.0	0	3432	0														
baseline	sc	r04	szymanski.yml	true	correct	0.063475753	0.07027229596860707	25849856.0	0	6	0														
baseline	sc	r04	dekker.yml	true	correct	0.064928758	0.06895538105163723	25825280.0	0	4	0														
baseline	sc	r04	dekker-unfair.yml	true	correct	0.066002052	0.07410048099700361	25874432.0	0	4	0														
baseline	sc	r04	unwind3-1.yml	false(unreach-call)	correct	0.062080594	0.06889719504397362	25919488.0	42	1	0														
baseline	sc	r04	exponential-nondet.yml	true	correct	0.064299026	0.08766054396983236	25935872.0	0	1	0														
baseline	sc	r04	unwind2-1.yml	false(unreach-call)	correct	0.061371164	0.06823673495091498	25870336.0	42	1	0														
baseline	sc	r04	unwind2-100.yml	false(unreach-call)	correct	0.06314354	0.07028463296592236	25952256.0	42	1	0														
baseline	sc	r04	butterfly.yml	true	correct	13.159793474	13.169904661015607	25960448.0	0	64560	0														
baseline	sc	r04	43_NetBSD_sysmon_power_sliced.yml	true	correct	0.060819349	0.06703347200527787	25763840.0	0	0	0														
baseline	sc	r04	28-race_reach_06-cond_racing1.yml	false(unreach-call)	correct	11.703252743	11.723802175954916	2061033472.0	42	0	0														
baseline	sc	r04	queue_ok.yml	true	correct	0.061773813	0.06914863106794655	26075136.0	0	2	0														
baseline	sc	r04	queue_ok_longer.yml	true	correct	0.427536251	0.43140424008015543	79376384.0	0	2	0														
baseline	sc	r04	queue_ok_longest.yml	true	correct	1.506847798	1.5146173810353503	276873216.0	0	2	0														
baseline	sc	r04	queue_longer.yml	TIMEOUT	error	61.050976395	61.081805327907205	1151815680.0																	
baseline	sc	r04	queue.yml	false(unreach-call)	correct	0.088031092	0.09368646796792746	26079232.0	42	2	0														
baseline	sc	r04	singleton.yml	false(unreach-call)	correct	0.071923205	0.0794718919787556	26091520.0	42	1	0														
baseline	sc	r04	singleton_with-uninit-problems.yml	true	correct	0.071193408	0.0786827050615102	26091520.0	0	4	0														
baseline	sc	r04	pthread-demo-datarace-3.yml	false(unreach-call)	correct	0.112706423	0.11977881495840847	25874432.0	42	0	0														
baseline	sc	r04	reorder_2.yml	false(unreach-call)	correct	0.133851262	0.14125367696397007	25968640.0	42	162	0														
baseline	sc	r04	twostage_3.yml	false(unreach-call)	correct	0.075010977	0.07963218400254846	26099712.0	42	4	0														
baseline	sc	r04	race-1_1-join.yml	true	correct	0.068138731	0.07156013092026114	26087424.0	0	1	0														
baseline	sc	r04	race-1_3-join.yml	false(unreach-call)	correct	0.066873409	0.06902964995242655	26042368.0	42	1	0														
baseline	sc	r04	race-1_2-join.yml	false(unreach-call)	correct	0.066029866	0.07102692499756813	26083328.0	42	1	0														
baseline	sc	r04	race-4_1-thread_local_vars.yml	true	correct	0.064232892	0.07154314604122192	26087424.0	0	0	0														
baseline	sc	r04	race-2_1-container_of.yml	true	correct	0.0648473	0.0804736380232498	26095616.0	0	1	0														
baseline	sc	r04	race-3_1-container_of-global.yml	true	correct	0.064522873	0.07111438200809062	26095616.0	0	1	0														
baseline	tso	r01	13-privatized_66-mine-W-init_true.yml	true	correct	0.067206437	0.07442244002595544	25935872.0	0	1	0														
baseline	tso	r01	36-apron_41-threadenter-no-locals_unknown_1_pos.yml	false(unreach-call)	correct	0.063684926	0.07267712592147291	25927680.0	42	0	0														
baseline	tso	r01	36-apron_16-traces-unprot2_true.yml	true	correct	0.069943869	0.07301800593268126	25899008.0	0	1	0														
baseline	tso	r01	13-privatized_57-singlethreaded-unlock_true.yml	true	correct	0.066595879	0.07086252607405186	25935872.0	0	1	0														
baseline	tso	r01	13-privatized_47-refine-protected2_true.yml	true	correct	0.06758799	0.07341243897099048	25976832.0	0	2	4														
baseline	tso	r01	13-privatized_46-refine-protected1_true.yml	true	correct	0.068038114	0.07388545200228691	25919488.0	0	1	0														
baseline	tso	r01	36-apron_11-traces-max-simple_true.yml	true	correct	0.064370854	0.07003695704042912	25972736.0	0	2	4														
baseline	tso	r01	13-privatized_41-traces-ex-7_unknown_1_pos.yml	false(unreach-call)	correct	0.06437706	0.0705063339555636	25931776.0	42	0	2														
baseline	tso	r01	13-privatized_41-traces-ex-7_unknown_1_neg.yml	false(unreach-call)	correct	0.069868418	0.0758365229703486	25907200.0	42	0	0														
baseline	tso	r01	13-privatized_40-traces-ex-6_true.yml	true	correct	0.070241026	0.07452115300111473	26042368.0	0	1	4														
baseline	tso	r01	13-privatized_58-singlethreaded-lock_true.yml	true	correct	0.070819626	0.07807254896033555	25919488.0	0	1	0														
baseline	tso	r01	13-privatized_44-traces-mine2_true.yml	true	correct	0.068318299	0.07288853800855577	25956352.0	0	1	2														
baseline	tso	r01	13-privatized_18-first-reads_unknown_2_pos.yml	false(unreach-call)	correct	0.066176138	0.07156587298959494	26058752.0	42	0	2														
baseline	tso	r01	13-privatized_18-first-reads_unknown_1_neg.yml	false(unreach-call)	correct	0.067296394	0.07242639397736639	25948160.0	42	0	2														
baseline	tso	r01	13-privatized_36-traces-ex-3_true.yml	true	correct	0.0716604	0.07446655607782304	25976832.0	0	3	8														
baseline	tso	r01	13-privatized_18-first-reads_true.yml	true	correct	0.070831449	0.07305824803188443	25968640.0	0	2	4														
baseline	tso	r01	13-privatized_35-traces-ex-2_true.yml	true	correct	0.068665493	0.0833350180182606	25960448.0	0	2	8														
baseline	tso	r01	13-privatized_37-traces-ex-4_true.yml	true	correct	0.066695058	0.08058120193891227	25952256.0	0	2	4														
baseline	tso	r01	13-privatized_38-traces-ex-4-switch_true.yml	true	correct	0.070141746	0.07533467398025095	26009600.0	0	2	8														
baseline	tso	r01	13-privatized_19-publish-precision_unknown_1_pos.yml	false(unreach-call)	correct	0.068276246	0.07813356909900904	26017792.0	42	0	2														
baseline	tso	r01	13-privatized_19-publish-precision_unknown_2_pos.yml	false(unreach-call)	correct	0.06858978	0.07551704905927181	26030080.0	42	0	0														
baseline	tso	r01	13-privatized_19-publish-precision_unknown_1_neg.yml	false(unreach-call)	correct	0.067577487	0.07434969395399094	26062848.0	42	0	0														
baseline	tso	r01	13-privatized_19-publish-precision_unknown_2_neg.yml	false(unreach-call)	correct	0.071584867	0.07454684399999678	25976832.0	42	0	2														
baseline	tso	r01	13-privatized_45-traces-per-global-and-current-lock-mine-incomparable_true.yml	true	correct	0.064559308	0.07087254198268056	26021888.0	0	2	6														
baseline	tso	r01	13-privatized_01-priv_nr_true.yml	true	correct	0.072680302	0.08048183494247496	25956352.0	0	2	4														
baseline	tso	r01	13-privatized_19-publish-precision_true.yml	true	correct	0.070360535	0.07354808493983	25997312.0	0	3	8														
baseline	tso	r01	13-privatized_42-traces-ex-mini_true.yml	true	correct	0.068359489	0.07389741099905223	26005504.0	0	2	4														
baseline	tso	r01	13-privatized_33-traces-v-matters_true.yml	true	correct	0.070129756	0.07458588003646582	25919488.0	0	1	6														
baseline	tso	r01	13-privatized_25-struct_nr_true.yml	true	correct	0.068496977	0.0745939650805667	26071040.0	0	2	4														
baseline	tso	r01	13-privatized_69-refine-protected-loop-interval_true.yml	true	correct	0.067173597	0.07277415099088103	26001408.0	0	0	0														
baseline	tso	r01	36-apron_17-traces-rpb-litmus_unknown_1_neg.yml	false(unreach-call)	correct	0.066599989	0.0719735489692539	25939968.0	42	0	0														
baseline	tso	r01	13-privatized_31-traces-mine-vs-mutex_true.yml	true	correct	0.06968124	0.07114330306649208	26066944.0	0	4	12														
baseline	tso	r01	13-privatized_20-publish-regression_true.yml	true	correct	0.069288317	0.08223983296193182	26062848.0	0	2	4														
baseline	tso	r01	13-privatized_30-traces-oplus-vs-meet_true.yml	true	correct	0.074988104	0.0816421479685232	26087424.0	0	2	8														
baseline	tso	r01	13-privatized_32-traces-mine-vs-oplus-vs-meet_true.yml	true	correct	0.068119854	0.0759019119432196	26066944.0	0	3	12														
baseline	tso	r01	13-privatized_34-traces-minepp-L-needs-to-be-um_true.yml	true	correct	0.069264233	0.07583979004994035	26046464.0	0	1	4														
baseline	tso	r01	13-privatized_68-pfscan_protected_loop_minimal_interval_true.yml	true	correct	0.072821652	0.07634945202153176	26038272.0	0	0	0														
baseline	tso	r01	13-privatized_29-multiple-protecting2-vesal_true.yml	true	correct	0.070829936	0.07636682398151606	26058752.0	0	4	12														
baseline	tso	r01	13-privatized_24-multiple-protecting_true.yml	true	correct	0.076972962	0.08176334097515792	25993216.0	0	7	24														
baseline	tso	r01	36-apron_21-traces-cluster-based_true.yml	true	correct	0.072484479	0.0771972470683977	26054656.0	0	6	26														
baseline	tso	r01	36-apron_22-traces-write-centered-vs-meet-mutex_true_no-overflow.yml	true	correct	0.075697216	0.0776357080321759	26087424.0	0	1	0														
baseline	tso	r01	13-privatized_27-multiple-protecting2_true.yml	true	correct	0.085795184	0.092037686961703	26017792.0	0	26	72														
baseline	tso	r01	14_spin2003.yml	true	correct	0.063644815	0.07166089303791523	25915392.0	0	0	0														
baseline	tso	r01	29_conditionals_vs.yml	true	correct	0.069205477	0.0777547569014132	25874432.0	0	0	0														
baseline	tso	r01	48_ticket_lock_low_contention_vs-pthread.yml	true	correct	0.06503535	0.06898970704060048	25944064.0	0	0	0														
baseline	tso	r01	46_monabsex2_vs.yml	true	correct	0.071073485	0.07725282001774758	25989120.0	0	0	0														
baseline	tso	r01	45_monabsex1_vs.yml	true	correct	0.067976229	0.07319982594344765	25931776.0	0	0	0														
baseline	tso	r01	stateful01-1.yml	false(unreach-call)	correct	0.070114427	0.0746304999338463	26087424.0	42	0	4														
baseline	tso	r01	stateful01-2.yml	true	correct	0.073879745	0.08045599795877934	26071040.0	0	6	12														
baseline	tso	r01	time_var_mutex.yml	true	correct	0.073850123	0.0783501659752801	26136576.0	0	2	4														
baseline	tso	r01	01b_inc.yml	true	correct	0.065309139	0.06966621894389391	25964544.0	0	0	0														
baseline	tso	r01	triangular-1.yml	true	correct	7.732716655	7.746150369057432	26116096.0	0	16632	43036														
baseline	tso	r01	triangular-2.yml	false(unreach-call)	correct	1.887297264	1.894859827007167	26009600.0	42	3638	10316														
baseline	tso	r01	02_inc_cas.yml	true	correct	0.073492836	0.08028209302574396	25952256.0	0	0	0														
baseline	tso	r01	28-race_reach_21-deref_read_racing.yml	false(unreach-call)	correct	3.289691959	3.300846431986429	56512512.0	42	0	0														
baseline	tso	r01	48_ticket_lock_low_contention_vs.yml	true	correct	0.068956105	0.07185251894406974	26079232.0	0	0	0														
baseline	tso	r01	28-race_reach_37-indirect_racing.yml	TIMEOUT	error	61.039185626	61.06432511098683	1057153024.0																	
baseline	tso	r01	28-race_reach_45-escape_racing.yml	false(unreach-call)	correct	0.06622288	0.07129267603158951	26038272.0	42	0	2														
baseline	tso	r01	28-race_reach_46-escape_racefree.yml	true	correct	0.067815875	0.07225372199900448	26091520.0	0	2	4														
baseline	tso	r01	28-race_reach_01-simple_racing.yml	TIMEOUT	error	61.036835738	61.05956139496993	1057071104.0																	
baseline	tso	r01	28-race_reach_11-ptr_racing.yml	TIMEOUT	error	61.031060366	61.06020438100677	1057087488.0																	
baseline	tso	r01	circular_buffer_bad.yml	false(unreach-call)	correct	0.071996753	0.07954268192406744	26103808.0	42	1	14														
baseline	tso	r01	fib_safe-5.yml	true	correct	6.530989525	6.539393052924424	26046464.0	0	2772	6884														
baseline	tso	r01	fib_safe-6.yml	true	correct	33.066048934	33.094250098918565	26091520.0	0	12012	29036														
baseline	tso	r01	fib_unsafe-5.yml	false(unreach-call)	correct	1.796049149	1.802570414962247	26103808.0	42	632	1880														
baseline	tso	r01	fib_unsafe-6.yml	false(unreach-call)	correct	9.555086164	9.568975334055722	25997312.0	42	2942	8244														
baseline	tso	r01	fib_unsafe-7.yml	false(unreach-call)	correct	47.397480474	47.460834442055784	25985024.0	42	13238	35572														
baseline	tso	r01	28-race_reach_24-sound_lock_racing.yml	TIMEOUT	error	61.031146064	61.046677252976224	1057120256.0																	
baseline	tso	r01	lazy01.yml	false(unreach-call)	correct	0.065120233	0.06835372699424624	26148864.0	42	1	6														
baseline	tso	r01	circular_buffer_ok.yml	true	correct	4.135286068	4.144783376017585	26214400.0	0	3432	6864														
baseline	tso	r01	szymanski.yml	true	correct	0.06411002	0.07022716500796378	26087424.0	0	6	62														
baseline	tso	r01	dekker.yml	true	correct	0.057391488	0.0635400339961052	26071040.0	0	4	14														
baseline	tso	r01	dekker-unfair.yml	true	correct	0.064084679	0.07173163897823542	25985024.0	0	4	14														
baseline	tso	r01	unwind3-1.yml	false(unreach-call)	correct	0.067546655	0.07171076792292297	26095616.0	42	1	2														
baseline	tso	r01	exponential-nondet.yml	true	correct	0.05911322	0.06546363502275199	26054656.0	0	1	0														
baseline	tso	r01	unwind2-1.yml	false(unreach-call)	correct	0.067693015	0.07069679396227002	26116096.0	42	1	0														
baseline	tso	r01	unwind2-100.yml	false(unreach-call)	correct	0.073510786	0.078055972000584	26071040.0	42	1	0														
baseline	tso	r01	butterfly.yml	true	correct	17.959019092	17.980240842909552	26124288.0	0	64560	304114														
baseline	tso	r01	43_NetBSD_sysmon_power_sliced.yml	true	correct	0.063000225	0.0702137399930507	26013696.0	0	0	0														
baseline	tso	r01	28-race_reach_06-cond_racing1.yml	TIMEOUT	error	61.040940539	61.060011523077264	1057148928.0																	
baseline	tso	r01	queue_ok.yml	true	correct	0.070564916	0.0758801600895822	26165248.0	0	2	4														
baseline	tso	r01	queue_ok_longer.yml	true	correct	1.062216379	1.0643936280393973	55459840.0	0	2	4														
baseline	tso	r01	queue_ok_longest.yml	true	correct	4.575333233	4.5851727010449395	243642368.0	0	2	4														
baseline	tso	r01	queue_longer.yml	TIMEOUT	error	61.019431841	61.049154227017425	613064704.0																	
baseline	tso	r01	queue.yml	false(unreach-call)	correct	0.09115866	0.09792870993260294	26218496.0	42	2	40														
baseline	tso	r01	singleton.yml	false(unreach-call)	correct	0.061640001	0.06916779500897974	26185728.0	42	1	8														
baseline	tso	r01	singleton_with-uninit-problems.yml	true	correct	0.068494396	0.07634933898225427	26181632.0	0	4	12														
baseline	tso	r01	pthread-demo-datarace-3.yml	false(unreach-call)	correct	0.140867871	0.14871357299853116	26095616.0	42	0	80														
baseline	tso	r01	reorder_2.yml	false(unreach-call)	correct	0.148867649	0.1561083080014214	26222592.0	42	162	432														
baseline	tso	r01	twostage_3.yml	false(unreach-call)	correct	0.07448509	0.08115979901049286	26345472.0	42	4	30														
baseline	tso	r01	race-1_1-join.yml	true	correct	0.062142549	0.07019809901248664	26308608.0	0	1	0														
baseline	tso	r01	race-1_3-join.yml	false(unreach-call)	correct	0.07111425	0.0753148120129481	26304512.0	42	1	2														
baseline	tso	r01	race-1_2-join.yml	false(unreach-call)	correct	0.064024607	0.07170956500340253	26214400.0	42	1	2														
baseline	tso	r01	race-4_1-thread_local_vars.yml	true	correct	0.066550128	0.07313722197432071	26279936.0	0	0	0														
baseline	tso	r01	race-2_1-container_of.yml	true	correct	0.066929978	0.07440067501738667	26284032.0	0	1	0														
baseline	tso	r01	race-3_1-container_of-global.yml	true	correct	0.065412812	0.07293253601528704	26271744.0	0	1	0														
baseline	tso	r02	13-privatized_66-mine-W-init_true.yml	true	correct	0.071441257	0.08662186795845628	25890816.0	0	1	0														
baseline	tso	r02	36-apron_41-threadenter-no-locals_unknown_1_pos.yml	false(unreach-call)	correct	0.080982199	0.08788110001478344	25939968.0	42	0	0														
baseline	tso	r02	36-apron_16-traces-unprot2_true.yml	true	correct	0.071125658	0.0778548390371725	25939968.0	0	1	0														
baseline	tso	r02	13-privatized_57-singlethreaded-unlock_true.yml	true	correct	0.075588871	0.08036988705862314	25985024.0	0	1	0														
baseline	tso	r02	13-privatized_47-refine-protected2_true.yml	true	correct	0.069553019	0.07306854100897908	25952256.0	0	2	4														
baseline	tso	r02	13-privatized_46-refine-protected1_true.yml	true	correct	0.066873702	0.07882545702159405	25935872.0	0	1	0														
baseline	tso	r02	36-apron_11-traces-max-simple_true.yml	true	correct	0.063411801	0.07086423703003675	26038272.0	0	2	4														
baseline	tso	r02	13-privatized_41-traces-ex-7_unknown_1_pos.yml	false(unreach-call)	correct	0.06726244	0.07437063590623438	25911296.0	42	0	2														
baseline	tso	r02	13-privatized_41-traces-ex-7_unknown_1_neg.yml	false(unreach-call)	correct	0.072411471	0.07573378994129598	26005504.0	42	0	0														
baseline	tso	r02	13-privatized_40-traces-ex-6_true.yml	true	correct	0.06736677	0.07531242701224983	26005504.0	0	1	4														
baseline	tso	r02	13-privatized_58-singlethreaded-lock_true.yml	true	correct	0.064761581	0.07241776504088193	25948160.0	0	1	0														
baseline	tso	r02	13-privatized_44-traces-mine2_true.yml	true	correct	0.068894949	0.07831745792645961	25939968.0	0	1	2														
baseline	tso	r02	13-privatized_18-first-reads_unknown_2_pos.yml	false(unreach-call)	correct	0.065168633	0.07308338291477412	25964544.0	42	0	2														
baseline	tso	r02	13-privatized_18-first-reads_unknown_1_neg.yml	false(unreach-call)	correct	0.067947312	0.08154915506020188	25976832.0	42	0	2														
baseline	tso	r02	13-privatized_36-traces-ex-3_true.yml	true	correct	0.066846292	0.07832608604803681	26001408.0	0	3	8														
baseline	tso	r02	13-privatized_18-first-reads_true.yml	true	correct	0.067366435	0.07179697789251804	26017792.0	0	2	4														
baseline	tso	r02	13-privatized_35-traces-ex-2_true.yml	true	correct	0.072834598	0.08011700003407896	25956352.0	0	2	8														
baseline	tso	r02	13-privatized_37-traces-ex-4_true.yml	true	correct	0.065358376	0.07096132601145655	26054656.0	0	2	4														
baseline	tso	r02	13-privatized_38-traces-ex-4-switch_true.yml	true	correct	0.063786003	0.06966315803583711	26021888.0	0	2	8														
baseline	tso	r02	13-privatized_19-publish-precision_unknown_1_pos.yml	false(unreach-call)	correct	0.071107569	0.07686968403868377	25952256.0	42	0	2														
baseline	tso	r02	13-privatized_19-publish-precision_unknown_2_pos.yml	false(unreach-call)	correct	0.077445304	0.08102836192119867	25980928.0	42	0	0														
baseline	tso	r02	13-privatized_19-publish-precision_unknown_1_neg.yml	false(unreach-call)	correct	0.069570583	0.0741031999932602	25980928.0	42	0	0														
baseline	tso	r02	13-privatized_19-publish-precision_unknown_2_neg.yml	false(unreach-call)	correct	0.069451145	0.07670887897256762	26013696.0	42	0	2														
baseline	tso	r02	13-privatized_45-traces-per-global-and-current-lock-mine-incomparable_true.yml	true	correct	0.070551806	0.07508843205869198	26062848.0	0	2	6														
baseline	tso	r02	13-privatized_01-priv_nr_true.yml	true	correct	0.073621271	0.08161354390904307	25948160.0	0	2	4														
baseline	tso	r02	13-privatized_19-publish-precision_true.yml	true	correct	0.069663511	0.07620952499564737	26017792.0	0	3	8														
baseline	tso	r02	13-privatized_42-traces-ex-mini_true.yml	true	correct	0.069276224	0.07267685409169644	25985024.0	0	2	4														
baseline	tso	r02	13-privatized_33-traces-v-matters_true.yml	true	correct	0.07226818	0.08188484399579465	26001408.0	0	1	6														
baseline	tso	r02	13-privatized_25-struct_nr_true.yml	true	correct	0.069963597	0.07701463100966066	25968640.0	0	2	4														
baseline	tso	r02	13-privatized_69-refine-protected-loop-interval_true.yml	true	correct	0.071367215	0.08157498203217983	26058752.0	0	0	0														
baseline	tso	r02	36-apron_17-traces-rpb-litmus_unknown_1_neg.yml	false(unreach-call)	correct	0.070403621	0.07382408401463181	25927680.0	42	0	0														
baseline	tso	r02	13-privatized_31-traces-mine-vs-mutex_true.yml	true	correct	0.067422914	0.07363467197865248	26042368.0	0	4	12														
baseline	tso	r02	13-privatized_20-publish-regression_true.yml	true	correct	0.067961787	0.0751851990353316	26046464.0	0	2	4														
baseline	tso	r02	13-privatized_30-traces-oplus-vs-meet_true.yml	true	correct	0.072887918	0.07933393307030201	25956352.0	0	2	8														
baseline	tso	r02	13-privatized_32-traces-mine-vs-oplus-vs-meet_true.yml	true	correct	0.07663045	0.08113854099065065	26079232.0	0	3	12														
baseline	tso	r02	13-privatized_34-traces-minepp-L-needs-to-be-um_true.yml	true	correct	0.069831264	0.0751618379727006	25997312.0	0	1	4														
baseline	tso	r02	13-privatized_68-pfscan_protected_loop_minimal_interval_true.yml	true	correct	0.066740977	0.07262392097618431	26066944.0	0	0	0														
baseline	tso	r02	13-privatized_29-multiple-protecting2-vesal_true.yml	true	correct	0.068371596	0.07470666605513543	26017792.0	0	4	12														
baseline	tso	r02	13-privatized_24-multiple-protecting_true.yml	true	correct	0.07385447	0.07568559399805963	26075136.0	0	7	24														
baseline	tso	r02	36-apron_21-traces-cluster-based_true.yml	true	correct	0.071464698	0.07828979601617903	26157056.0	0	6	26														
baseline	tso	r02	36-apron_22-traces-write-centered-vs-meet-mutex_true_no-overflow.yml	true	correct	0.071953022	0.07841563900001347	26062848.0	0	1	0														
baseline	tso	r02	13-privatized_27-multiple-protecting2_true.yml	true	correct	0.087004132	0.0893555301008746	26079232.0	0	26	72														
baseline	tso	r02	14_spin2003.yml	true	correct	0.070414563	0.07464989798609167	25923584.0	0	0	0														
baseline	tso	r02	29_conditionals_vs.yml	true	correct	0.073495812	0.07590518693905324	25899008.0	0	0	0														
baseline	tso	r02	48_ticket_lock_low_contention_vs-pthread.yml	true	correct	0.07420303	0.07622423896100372	26034176.0	0	0	0														
baseline	tso	r02	46_monabsex2_vs.yml	true	correct	0.070708433	0.07708648790139705	25972736.0	0	0	0														
baseline	tso	r02	45_monabsex1_vs.yml	true	correct	0.070055819	0.07444774406030774	26021888.0	0	0	0														
baseline	tso	r02	stateful01-1.yml	false(unreach-call)	correct	0.071529974	0.07456777000334114	25993216.0	42	0	4														
baseline	tso	r02	stateful01-2.yml	true	correct	0.069815102	0.0768756689503789	26079232.0	0	6	12														
baseline	tso	r02	time_var_mutex.yml	true	correct	0.072702896	0.07964229898061603	26046464.0	0	2	4														
baseline	tso	r02	01b_inc.yml	true	correct	0.074427092	0.08267936296761036	26034176.0	0	0	0														
baseline	tso	r02	triangular-1.yml	true	correct	7.692023301	7.712194053106941	26099712.0	0	16632	43036														
baseline	tso	r02	triangular-2.yml	false(unreach-call)	correct	1.862399108	1.8686769859632477	26087424.0	42	3638	10316														
baseline	tso	r02	02_inc_cas.yml	true	correct	0.073175473	0.07795128202997148	26009600.0	0	0	0														
baseline	tso	r02	28-race_reach_21-deref_read_racing.yml	false(unreach-call)	correct	3.403912263	3.423593732062727	56602624.0	42	0	0														
baseline	tso	r02	48_ticket_lock_low_contention_vs.yml	true	correct	0.065072404	0.07079634303227067	26050560.0	0	0	0														
baseline	tso	r02	28-race_reach_37-indirect_racing.yml	TIMEOUT	error	60.89145789	61.063704569940455	1057099776.0																	
baseline	tso	r02	28-race_reach_45-escape_racing.yml	false(unreach-call)	correct	0.06795869	0.0737205749610439	26083328.0	42	0	2														
baseline	tso	r02	28-race_reach_46-escape_racefree.yml	true	correct	0.066420125	0.07334789400920272	26001408.0	0	2	4														
baseline	tso	r02	28-race_reach_01-simple_racing.yml	TIMEOUT	error	61.007949867	61.06482128996868	1057083392.0																	
baseline	tso	r02	28-race_reach_11-ptr_racing.yml	TIMEOUT	error	61.034968635	61.06616075895727	1057157120.0																	
baseline	tso	r02	circular_buffer_bad.yml	false(unreach-call)	correct	0.074748082	0.0775756819639355	26181632.0	42	1	14														
baseline	tso	r02	fib_safe-5.yml	true	correct	6.468142981	6.483894311939366	26054656.0	0	2772	6884														
baseline	tso	r02	fib_safe-6.yml	true	correct	33.518413997	33.57213874999434	26083328.0	0	12012	29036														
baseline	tso	r02	fib_unsafe-5.yml	false(unreach-call)	correct	1.779682098	1.8114010200370103	26071040.0	42	632	1880														
baseline	tso	r02	fib_unsafe-6.yml	false(unreach-call)	correct	9.425126995	9.440221996977925	26083328.0	42	2942	8244														
baseline	tso	r02	fib_unsafe-7.yml	false(unreach-call)	correct	48.111146062	48.141462569939904	26091520.0	42	13238	35572														
baseline	tso	r02	28-race_reach_24-sound_lock_racing.yml	TIMEOUT	error	61.031483689	61.05631057207938	1057099776.0																	
baseline	tso	r02	lazy01.yml	false(unreach-call)	correct	0.068585524	0.07293566793669015	26087424.0	42	1	6														
baseline	tso	r02	circular_buffer_ok.yml	true	correct	4.086435605	4.1086250729858875	26087424.0	0	3432	6864														
baseline	tso	r02	szymanski.yml	true	correct	0.066800694	0.07495304406620562	26005504.0	0	6	62														
baseline	tso	r02	dekker.yml	true	correct	0.066838026	0.07205794705078006	26013696.0	0	4	14														
baseline	tso	r02	dekker-unfair.yml	true	correct	0.066481651	0.07195263798348606	26009600.0	0	4	14														
baseline	tso	r02	unwind3-1.yml	false(unreach-call)	correct	0.065761091	0.07259757292922586	26128384.0	42	1	2														
baseline	tso	r02	exponential-nondet.yml	true	correct	0.064167955	0.07041531999129802	26136576.0	0	1	0														
baseline	tso	r02	unwind2-1.yml	false(unreach-call)	correct	0.059951674	0.06581714504864067	26083328.0	42	1	0														
baseline	tso	r02	unwind2-100.yml	false(unreach-call)	correct	0.067087887	0.07353416096884757	26095616.0	42	1	0														
baseline	tso	r02	butterfly.yml	true	correct	18.574747069	18.59153305599466	26238976.0	0	64560	304114														
baseline	tso	r02	43_NetBSD_sysmon_power_sliced.yml	true	correct	0.067862903	0.07244663592427969	25952256.0	0	0	0														
baseline	tso	r02	28-race_reach_06-cond_racing1.yml	TIMEOUT	error	61.025394358	61.053965762024745	1057091584.0																	
baseline	tso	r02	queue_ok.yml	true	correct	0.07803556	0.08239544904790819	26165248.0	0	2	4														
baseline	tso	r02	queue_ok_longer.yml	true	correct	1.092612109	1.0980527329957113	55451648.0	0	2	4														
baseline	tso	r02	queue_ok_longest.yml	true	correct	4.75430085	4.761456375941634	244871168.0	0	2	4														
baseline	tso	r02	queue_longer.yml	TIMEOUT	error	61.011184601	61.04876280203462	608473088.0																	
baseline	tso	r02	queue.yml	false(unreach-call)	correct	0.105318184	0.10919693997129798	26161152.0	42	2	40														
baseline	tso	r02	singleton.yml	false(unreach-call)	correct	0.070769646	0.07763636799063534	26218496.0	42	1	8														
baseline	tso	r02	singleton_with-uninit-problems.yml	true	correct	0.078010629	0.08206089003942907	26222592.0	0	4	12														
baseline	tso	r02	pthread-demo-datarace-3.yml	false(unreach-call)	correct	0.146751547	0.15382950496859848	26083328.0	42	0	80														
baseline	tso	r02	reorder_2.yml	false(unreach-call)	correct	0.150013071	0.15438686194829643	26222592.0	42	162	432														
baseline	tso	r02	twostage_3.yml	false(unreach-call)	correct	0.081552266	0.08923527505248785	26279936.0	42	4	30														
baseline	tso	r02	race-1_1-join.yml	true	correct	0.075768723	0.0789844449609518	26214400.0	0	1	0														
baseline	tso	r02	race-1_3-join.yml	false(unreach-call)	correct	0.072994883	0.07677133404649794	26218496.0	42	1	2														
baseline	tso	r02	race-1_2-join.yml	false(unreach-call)	correct	0.070262307	0.07850783003959805	26243072.0	42	1	2														
baseline	tso	r02	race-4_1-thread_local_vars.yml	true	correct	0.071638138	0.07970324601046741	26357760.0	0	0	0														
baseline	tso	r02	race-2_1-container_of.yml	true	correct	0.06956096	0.0761835160665214	26353664.0	0	1	0														
baseline	tso	r02	race-3_1-container_of-global.yml	true	correct	0.073950277	0.07876155606936663	26345472.0	0	1	0														
baseline	tso	r03	13-privatized_66-mine-W-init_true.yml	true	correct	0.066293162	0.06776306696701795	25862144.0	0	1	0														
baseline	tso	r03	36-apron_41-threadenter-no-locals_unknown_1_pos.yml	false(unreach-call)	correct	0.058951834	0.06850944098550826	25923584.0	42	0	0														
baseline	tso	r03	36-apron_16-traces-unprot2_true.yml	true	correct	0.065015147	0.06944329210091382	25980928.0	0	1	0														
baseline	tso	r03	13-privatized_57-singlethreaded-unlock_true.yml	true	correct	0.05876723	0.07053760695271194	25935872.0	0	1	0														
baseline	tso	r03	13-privatized_47-refine-protected2_true.yml	true	correct	0.065449926	0.07375130301807076	25993216.0	0	2	4														
baseline	tso	r03	13-privatized_46-refine-protected1_true.yml	true	correct	0.070180306	0.07806365797296166	25948160.0	0	1	0														
baseline	tso	r03	36-apron_11-traces-max-simple_true.yml	true	correct	0.070387409	0.0718294569524005	25968640.0	0	2	4														
baseline	tso	r03	13-privatized_41-traces-ex-7_unknown_1_pos.yml	false(unreach-call)	correct	0.069257643	0.07195876294281334	25997312.0	42	0	2														
baseline	tso	r03	13-privatized_41-traces-ex-7_unknown_1_neg.yml	false(unreach-call)	correct	0.069662167	0.07551491097547114	25948160.0	42	0	0														
baseline	tso	r03	13-privatized_40-traces-ex-6_true.yml	true	correct	0.071327387	0.07704339094925672	25956352.0	0	1	4														
baseline	tso	r03	13-privatized_58-singlethreaded-lock_true.yml	true	correct	0.059847338	0.06520078191533685	25952256.0	0	1	0														
baseline	tso	r03	13-privatized_44-traces-mine2_true.yml	true	correct	0.056280172	0.06610010797157884	26001408.0	0	1	2														
baseline	tso	r03	13-privatized_18-first-reads_unknown_2_pos.yml	false(unreach-call)	correct	0.069348451	0.07706855901051313	26054656.0	42	0	2														
baseline	tso	r03	13-privatized_18-first-reads_unknown_1_neg.yml	false(unreach-call)	correct	0.065205836	0.07465160894207656	25956352.0	42	0	2														
baseline	tso	r03	13-privatized_36-traces-ex-3_true.yml	true	correct	0.066747045	0.07303434400819242	25927680.0	0	3	8														
baseline	tso	r03	13-privatized_18-first-reads_true.yml	true	correct	0.066063688	0.07297741598449647	26005504.0	0	2	4														
baseline	tso	r03	13-privatized_35-traces-ex-2_true.yml	true	correct	0.071081571	0.07746339600998908	25919488.0	0	2	8														
baseline	tso	r03	13-privatized_37-traces-ex-4_true.yml	true	correct	0.066156966	0.07113914901856333	25931776.0	0	2	4														
baseline	tso	r03	13-privatized_38-traces-ex-4-switch_true.yml	true	correct	0.067612779	0.08860600006300956	26030080.0	0	2	8														
baseline	tso	r03	13-privatized_19-publish-precision_unknown_1_pos.yml	false(unreach-call)	correct	0.067986534	0.09071050304919481	26050560.0	42	0	2														
baseline	tso	r03	13-privatized_19-publish-precision_unknown_2_pos.yml	false(unreach-call)	correct	0.069104343	0.0726784000871703	26038272.0	42	0	0														
baseline	tso	r03	13-privatized_19-publish-precision_unknown_1_neg.yml	false(unreach-call)	correct	0.07050171	0.0840908590471372	26066944.0	42	0	0														
baseline	tso	r03	13-privatized_19-publish-precision_unknown_2_neg.yml	false(unreach-call)	correct	0.0694308	0.0920553479809314	26042368.0	42	0	2														
baseline	tso	r03	13-privatized_45-traces-per-global-and-current-lock-mine-incomparable_true.yml	true	correct	0.069441712	0.07103695999830961	26054656.0	0	2	6														
baseline	tso	r03	13-privatized_01-priv_nr_true.yml	true	correct	0.070196639	0.07893005898222327	25956352.0	0	2	4														
baseline	tso	r03	13-privatized_19-publish-precision_true.yml	true	correct	0.06644188	0.07525154005270451	25956352.0	0	3	8														
baseline	tso	r03	13-privatized_42-traces-ex-mini_true.yml	true	correct	0.063503216	0.0691504190908745	25989120.0	0	2	4														
baseline	tso	r03	13-privatized_33-traces-v-matters_true.yml	true	correct	0.060407747	0.06568634801078588	26025984.0	0	1	6														
baseline	tso	r03	13-privatized_25-struct_nr_true.yml	true	correct	0.064879903	0.06961273297201842	26054656.0	0	2	4														
baseline	tso	r03	13-privatized_69-refine-protected-loop-interval_true.yml	true	correct	0.068274998	0.0729080110322684	26013696.0	0	0	0														
baseline	tso	r03	36-apron_17-traces-rpb-litmus_unknown_1_neg.yml	false(unreach-call)	correct	0.06949451	0.07319164206273854	25952256.0	42	0	0														
baseline	tso	r03	13-privatized_31-traces-mine-vs-mutex_true.yml	true	correct	0.071416444	0.07656343304552138	26001408.0	0	4	12														
baseline	tso	r03	13-privatized_20-publish-regression_true.yml	true	correct	0.075443276	0.08141209906898439	26038272.0	0	2	4														
baseline	tso	r03	13-privatized_30-traces-oplus-vs-meet_true.yml	true	correct	0.081923327	0.08868620893917978	26005504.0	0	2	8														
baseline	tso	r03	13-privatized_32-traces-mine-vs-oplus-vs-meet_true.yml	true	correct	0.063472579	0.06885287398472428	26083328.0	0	3	12														
baseline	tso	r03	13-privatized_34-traces-minepp-L-needs-to-be-um_true.yml	true	correct	0.057943808	0.06422375701367855	25960448.0	0	1	4														
baseline	tso	r03	13-privatized_68-pfscan_protected_loop_minimal_interval_true.yml	true	correct	0.070198761	0.07731564703863114	26103808.0	0	0	0														
baseline	tso	r03	13-privatized_29-multiple-protecting2-vesal_true.yml	true	correct	0.066757544	0.07355714903678745	26091520.0	0	4	12														
baseline	tso	r03	13-privatized_24-multiple-protecting_true.yml	true	correct	0.074402896	0.07828387699555606	26013696.0	0	7	24														
baseline	tso	r03	36-apron_21-traces-cluster-based_true.yml	true	correct	0.074663979	0.08006543293595314	26120192.0	0	6	26														
baseline	tso	r03	36-apron_22-traces-write-centered-vs-meet-mutex_true_no-overflow.yml	true	correct	0.071619187	0.07971424702554941	26025984.0	0	1	0														
baseline	tso	r03	13-privatized_27-multiple-protecting2_true.yml	true	correct	0.065503724	0.06997416005469859	26062848.0	0	26	72														
baseline	tso	r03	14_spin2003.yml	true	correct	0.062900566	0.06703523197211325	25952256.0	0	0	0														
baseline	tso	r03	29_conditionals_vs.yml	true	correct	0.059529958	0.06498295301571488	25985024.0	0	0	0														
baseline	tso	r03	48_ticket_lock_low_contention_vs-pthread.yml	true	correct	0.064909037	0.07667489210143685	26030080.0	0	0	0														
baseline	tso	r03	46_monabsex2_vs.yml	true	correct	0.071826621	0.0766584420343861	26013696.0	0	0	0														
baseline	tso	r03	45_monabsex1_vs.yml	true	correct	0.07002653	0.07604895404074341	25948160.0	0	0	0														
baseline	tso	r03	stateful01-1.yml	false(unreach-call)	correct	0.066903062	0.07106918597128242	26079232.0	42	0	4														
baseline	tso	r03	stateful01-2.yml	true	correct	0.069356646	0.07698535197414458	25989120.0	0	6	12														
baseline	tso	r03	time_var_mutex.yml	true	correct	0.062155528	0.06545913394074887	26099712.0	0	2	4														
baseline	tso	r03	01b_inc.yml	true	correct	0.056893092	0.06298069201875478	25944064.0	0	0	0														
baseline	tso	r03	triangular-1.yml	true	correct	7.799354946	7.817618309985846	26030080.0	0	16632	43036														
baseline	tso	r03	triangular-2.yml	false(unreach-call)	correct	1.880494074	1.8876104659866542	26066944.0	42	3638	10316														
baseline	tso	r03	02_inc_cas.yml	true	correct	0.07043646	0.09493279899470508	26013696.0	0	0	0														
baseline	tso	r03	28-race_reach_21-deref_read_racing.yml	false(unreach-call)	correct	3.344464228	3.354452379979193	56737792.0	42	0	0														
baseline	tso	r03	48_ticket_lock_low_contention_vs.yml	true	correct	0.064990697	0.06854730693157762	26071040.0	0	0	0														
baseline	tso	r03	28-race_reach_37-indirect_racing.yml	TIMEOUT	error	61.007733748	61.066537768929265	1057153024.0																	
baseline	tso	r03	28-race_reach_45-escape_racing.yml	false(unreach-call)	correct	0.069107732	0.07426154101267457	25960448.0	42	0	2														
baseline	tso	r03	28-race_reach_46-escape_racefree.yml	true	correct	0.058145909	0.06468133395537734	26005504.0	0	2	4														
baseline	tso	r03	28-race_reach_01-simple_racing.yml	TIMEOUT	error	61.039618721	61.05927442992106	1057157120.0																	
baseline	tso	r03	28-race_reach_11-ptr_racing.yml	TIMEOUT	error	61.040694772	61.06338985497132	1057120256.0																	
baseline	tso	r03	circular_buffer_bad.yml	false(unreach-call)	correct	0.067097448	0.071927436045371	26165248.0	42	1	14														
baseline	tso	r03	fib_safe-5.yml	true	correct	6.591131533	6.606564563931897	26042368.0	0	2772	6884														
baseline	tso	r03	fib_safe-6.yml	true	correct	33.603530811	33.66344361600932	26054656.0	0	12012	29036														
baseline	tso	r03	fib_unsafe-5.yml	false(unreach-call)	correct	1.825593771	1.834336988045834	26021888.0	42	632	1880														
baseline	tso	r03	fib_unsafe-6.yml	false(unreach-call)	correct	9.636623672	9.661673280992545	26087424.0	42	2942	8244														
baseline	tso	r03	fib_unsafe-7.yml	false(unreach-call)	correct	48.007646468	48.04301799903624	26087424.0	42	13238	35572														
baseline	tso	r03	28-race_reach_24-sound_lock_racing.yml	TIMEOUT	error	61.032243957	61.04908906901255	1057177600.0																	
baseline	tso	r03	lazy01.yml	false(unreach-call)	correct	0.062315739	0.06551847199443728	26099712.0	42	1	6														
baseline	tso	r03	circular_buffer_ok.yml	true	correct	4.181760396	4.187737534986809	26079232.0	0	3432	6864														
baseline	tso	r03	szymanski.yml	true	correct	0.070575358	0.07535589300096035	26083328.0	0	6	62														
baseline	tso	r03	dekker.yml	true	correct	0.061477854	0.06926858704537153	25993216.0	0	4	14														
baseline	tso	r03	dekker-unfair.yml	true	correct	0.067751001	0.07342046010307968	26050560.0	0	4	14														
baseline	tso	r03	unwind3-1.yml	false(unreach-call)	correct	0.060299664	0.06538576306775212	26038272.0	42	1	2														
baseline	tso	r03	exponential-nondet.yml	true	correct	0.063178994	0.07022355205845088	26058752.0	0	1	0														
baseline	tso	r03	unwind2-1.yml	false(unreach-call)	correct	0.070083171	0.07697188900783658	26087424.0	42	1	0														
baseline	tso	r03	unwind2-100.yml	false(unreach-call)	correct	0.060973038	0.06932966702152044	26099712.0	42	1	0														
baseline	tso	r03	butterfly.yml	true	correct	18.232364654	18.245104904053733	26238976.0	0	64560	304114														
baseline	tso	r03	43_NetBSD_sysmon_power_sliced.yml	true	correct	0.06021494	0.06975689996033907	26025984.0	0	0	0														
baseline	tso	r03	28-race_reach_06-cond_racing1.yml	TIMEOUT	error	61.035512573	61.06540652399417	1057107968.0																	
baseline	tso	r03	queue_ok.yml	true	correct	0.065885338	0.07280261209234595	26226688.0	0	2	4														
baseline	tso	r03	queue_ok_longer.yml	true	correct	1.064324084	1.072480934089981	55533568.0	0	2	4														
baseline	tso	r03	queue_ok_longest.yml	true	correct	4.635667061	4.64119540899992	241668096.0	0	2	4														
baseline	tso	r03	queue_longer.yml	TIMEOUT	error	61.016891738	61.050655750907026	606113792.0																	
baseline	tso	r03	queue.yml	false(unreach-call)	correct	0.094869706	0.09737355704419315	26165248.0	42	2	40														
baseline	tso	r03	singleton.yml	false(unreach-call)	correct	0.066958663	0.07159262301865965	26198016.0	42	1	8														
baseline	tso	r03	singleton_with-uninit-problems.yml	true	correct	0.06413308	0.07184815302025527	26238976.0	0	4	12														
baseline	tso	r03	pthread-demo-datarace-3.yml	false(unreach-call)	correct	0.136662667	0.14212338102515787	26042368.0	42	0	80														
baseline	tso	r03	reorder_2.yml	false(unreach-call)	correct	0.146723837	0.1523922709748149	26222592.0	42	162	432														
baseline	tso	r03	twostage_3.yml	false(unreach-call)	correct	0.073274768	0.07989240693859756	26365952.0	42	4	30														
baseline	tso	r03	race-1_1-join.yml	true	correct	0.061497604	0.06916683597955853	26181632.0	0	1	0														
baseline	tso	r03	race-1_3-join.yml	false(unreach-call)	correct	0.068777991	0.0719223270425573	26202112.0	42	1	2														
baseline	tso	r03	race-1_2-join.yml	false(unreach-call)	correct	0.06814319	0.0726246970007196	26222592.0	42	1	2														
baseline	tso	r03	race-4_1-thread_local_vars.yml	true	correct	0.068859032	0.07448177004698664	26345472.0	0	0	0														
baseline	tso	r03	race-2_1-container_of.yml	true	correct	0.06804368	0.07554629899095744	26349568.0	0	1	0														
baseline	tso	r03	race-3_1-container_of-global.yml	true	correct	0.06433	0.07138325495179743	26353664.0	0	1	0														
baseline	tso	r04	13-privatized_66-mine-W-init_true.yml	true	correct	0.067853454	0.0736179540399462	25853952.0	0	1	0														
baseline	tso	r04	36-apron_41-threadenter-no-locals_unknown_1_pos.yml	false(unreach-call)	correct	0.067184532	0.0797335070092231	25870336.0	42	0	0														
baseline	tso	r04	36-apron_16-traces-unprot2_true.yml	true	correct	0.071410365	0.07852545799687505	25985024.0	0	1	0														
baseline	tso	r04	13-privatized_57-singlethreaded-unlock_true.yml	true	correct	0.06643469	0.07075003697536886	26025984.0	0	1	0														
baseline	tso	r04	13-privatized_47-refine-protected2_true.yml	true	correct	0.07041721	0.07287966005969793	26009600.0	0	2	4														
baseline	tso	r04	13-privatized_46-refine-protected1_true.yml	true	correct	0.064911402	0.06969058501999825	25985024.0	0	1	0														
baseline	tso	r04	36-apron_11-traces-max-simple_true.yml	true	correct	0.067499353	0.07251989096403122	25911296.0	0	2	4														
baseline	tso	r04	13-privatized_41-traces-ex-7_unknown_1_pos.yml	false(unreach-call)	correct	0.066348387	0.07090741791762412	25915392.0	42	0	2														
baseline	tso	r04	13-privatized_41-traces-ex-7_unknown_1_neg.yml	false(unreach-call)	correct	0.07147233	0.08072257007006556	25919488.0	42	0	0														
baseline	tso	r04	13-privatized_40-traces-ex-6_true.yml	true	correct	0.088595716	0.09206381510011852	26034176.0	0	1	4														
baseline	tso	r04	13-privatized_58-singlethreaded-lock_true.yml	true	correct	0.06710459	0.0726518000010401	25985024.0	0	1	0														
baseline	tso	r04	13-privatized_44-traces-mine2_true.yml	true	correct	0.064929584	0.07207396801095456	25944064.0	0	1	2														
baseline	tso	r04	13-privatized_18-first-reads_unknown_2_pos.yml	false(unreach-call)	correct	0.066480385	0.07240080996416509	25956352.0	42	0	2														
baseline	tso	r04	13-privatized_18-first-reads_unknown_1_neg.yml	false(unreach-call)	correct	0.069434843	0.07247770705725998	26050560.0	42	0	2														
baseline	tso	r04	13-privatized_36-traces-ex-3_true.yml	true	correct	0.066753263	0.07246265502180904	26017792.0	0	3	8														
baseline	tso	r04	13-privatized_18-first-reads_true.yml	true	correct	0.064131637	0.06699246005155146	25993216.0	0	2	4														
baseline	tso	r04	13-privatized_35-traces-ex-2_true.yml	true	correct	0.072389285	0.07947412191424519	25972736.0	0	2	8														
baseline	tso	r04	13-privatized_37-traces-ex-4_true.yml	true	correct	0.067601035	0.07301492290571332	26009600.0	0	2	4														
baseline	tso	r04	13-privatized_38-traces-ex-4-switch_true.yml	true	correct	0.06695073	0.07325100095476955	26009600.0	0	2	8														
baseline	tso	r04	13-privatized_19-publish-precision_unknown_1_pos.yml	false(unreach-call)	correct	0.063488043	0.06788965302985162	26062848.0	42	0	2														
baseline	tso	r04	13-privatized_19-publish-precision_unknown_2_pos.yml	false(unreach-call)	correct	0.067118773	0.06971772597171366	26042368.0	42	0	0														
baseline	tso	r04	13-privatized_19-publish-precision_unknown_1_neg.yml	false(unreach-call)	correct	0.065978991	0.0709190770285204	26046464.0	42	0	0														
baseline	tso	r04	13-privatized_19-publish-precision_unknown_2_neg.yml	false(unreach-call)	correct	0.074388878	0.07781805098056793	26001408.0	42	0	2														
baseline	tso	r04	13-privatized_45-traces-per-global-and-current-lock-mine-incomparable_true.yml	true	correct	0.070192509	0.072154377005063	26062848.0	0	2	6														
baseline	tso	r04	13-privatized_01-priv_nr_true.yml	true	correct	0.070746504	0.07345289993099868	26050560.0	0	2	4														
baseline	tso	r04	13-privatized_19-publish-precision_true.yml	true	correct	0.069648684	0.07733804499730468	26042368.0	0	3	8														
baseline	tso	r04	13-privatized_42-traces-ex-mini_true.yml	true	correct	0.063645728	0.07303774601314217	25997312.0	0	2	4														
baseline	tso	r04	13-privatized_33-traces-v-matters_true.yml	true	correct	0.067722182	0.07117730902973562	25948160.0	0	1	6														
baseline	tso	r04	13-privatized_25-struct_nr_true.yml	true	correct	0.070228458	0.0760086439549923	26075136.0	0	2	4														
baseline	tso	r04	13-privatized_69-refine-protected-loop-interval_true.yml	true	correct	0.072928727	0.07514375692699105	26103808.0	0	0	0														
baseline	tso	r04	36-apron_17-traces-rpb-litmus_unknown_1_neg.yml	false(unreach-call)	correct	0.067925543	0.0708810129435733	26030080.0	42	0	0														
baseline	tso	r04	13-privatized_31-traces-mine-vs-mutex_true.yml	true	correct	0.067187813	0.07449661602731794	26025984.0	0	4	12														
baseline	tso	r04	13-privatized_20-publish-regression_true.yml	true	correct	0.073832879	0.08074257895350456	25952256.0	0	2	4														
baseline	tso	r04	13-privatized_30-traces-oplus-vs-meet_true.yml	true	correct	0.07162719	0.07787063799332827	25997312.0	0	2	8														
baseline	tso	r04	13-privatized_32-traces-mine-vs-oplus-vs-meet_true.yml	true	correct	0.073846344	0.07781286002136767	26091520.0	0	3	12														
baseline	tso	r04	13-privatized_34-traces-minepp-L-needs-to-be-um_true.yml	true	correct	0.071657436	0.0732182520441711	25989120.0	0	1	4														
baseline	tso	r04	13-privatized_68-pfscan_protected_loop_minimal_interval_true.yml	true	correct	0.070464893	0.07547263498418033	26058752.0	0	0	0														
baseline	tso	r04	13-privatized_29-multiple-protecting2-vesal_true.yml	true	correct	0.072350304	0.07461957598570734	26021888.0	0	4	12														
baseline	tso	r04	13-privatized_24-multiple-protecting_true.yml	true	correct	0.067507536	0.07230116194114089	26083328.0	0	7	24														
baseline	tso	r04	36-apron_21-traces-cluster-based_true.yml	true	correct	0.073254179	0.07524345605634153	26013696.0	0	6	26														
baseline	tso	r04	36-apron_22-traces-write-centered-vs-meet-mutex_true_no-overflow.yml	true	correct	0.072361017	0.07859231601469219	26001408.0	0	1	0														
baseline	tso	r04	13-privatized_27-multiple-protecting2_true.yml	true	correct	0.082560118	0.09087372303474694	26103808.0	0	26	72														
baseline	tso	r04	14_spin2003.yml	true	correct	0.067639256	0.08107904309872538	25935872.0	0	0	0														
baseline	tso	r04	29_conditionals_vs.yml	true	correct	0.062646424	0.06811542401555926	25907200.0	0	0	0														
baseline	tso	r04	48_ticket_lock_low_contention_vs-pthread.yml	true	correct	0.072543234	0.07639944099355489	26038272.0	0	0	0														
baseline	tso	r04	46_monabsex2_vs.yml	true	correct	0.068574185	0.07161111000459641	25944064.0	0	0	0														
baseline	tso	r04	45_monabsex1_vs.yml	true	correct	0.0693664	0.07141299406066537	25976832.0	0	0	0														
baseline	tso	r04	stateful01-1.yml	false(unreach-call)	correct	0.066869281	0.07331135508138686	26025984.0	42	0	4														
baseline	tso	r04	stateful01-2.yml	true	correct	0.07276126	0.07980007107835263	26095616.0	0	6	12														
baseline	tso	r04	time_var_mutex.yml	true	correct	0.072672385	0.07473430305253714	26087424.0	0	2	4														
baseline	tso	r04	01b_inc.yml	true	correct	0.070155742	0.07260384107939899	26005504.0	0	0	0														
baseline	tso	r04	triangular-1.yml	true	correct	7.66987485	7.675902339979075	26071040.0	0	16632	43036														
baseline	tso	r04	triangular-2.yml	false(unreach-call)	correct	1.864321911	1.870421840925701	26001408.0	42	3638	10316														
baseline	tso	r04	02_inc_cas.yml	true	correct	0.070660865	0.07388595200609416	25948160.0	0	0	0														
baseline	tso	r04	28-race_reach_21-deref_read_racing.yml	false(unreach-call)	correct	3.321122083	3.3315890749217942	56733696.0	42	0	0														
baseline	tso	r04	48_ticket_lock_low_contention_vs.yml	true	correct	0.070158652	0.07185745099559426	26030080.0	0	0	0														
baseline	tso	r04	28-race_reach_37-indirect_racing.yml	TIMEOUT	error	60.913899302	61.06717729906086	1057169408.0																	
baseline	tso	r04	28-race_reach_45-escape_racing.yml	false(unreach-call)	correct	0.065909089	0.06821449205745012	26030080.0	42	0	2														
baseline	tso	r04	28-race_reach_46-escape_racefree.yml	true	correct	0.062501597	0.06829332001507282	26009600.0	0	2	4														
baseline	tso	r04	28-race_reach_01-simple_racing.yml	TIMEOUT	error	61.044697778	61.067404762958176	1057071104.0																	
baseline	tso	r04	28-race_reach_11-ptr_racing.yml	TIMEOUT	error	61.046623249	61.067026851000264	1057103872.0																	
baseline	tso	r04	circular_buffer_bad.yml	false(unreach-call)	correct	0.076995075	0.07863934698980302	26087424.0	42	1	14														
baseline	tso	r04	fib_safe-5.yml	true	correct	6.446180711	6.457748863031156	26013696.0	0	2772	6884														
baseline	tso	r04	fib_safe-6.yml	true	correct	33.348256287	33.37657462700736	25952256.0	0	12012	29036														
baseline	tso	r04	fib_unsafe-5.yml	false(unreach-call)	correct	1.775992537	1.7799989730119705	26075136.0	42	632	1880														
baseline	tso	r04	fib_unsafe-6.yml	false(unreach-call)	correct	9.404809063	9.417180552962236	26062848.0	42	2942	8244														
baseline	tso	r04	fib_unsafe-7.yml	false(unreach-call)	correct	48.277313623	48.43187075096648	26001408.0	42	13238	35572														
baseline	tso	r04	28-race_reach_24-sound_lock_racing.yml	TIMEOUT	error	60.790910834	61.06146942800842	1057132544.0																	
baseline	tso	r04	lazy01.yml	false(unreach-call)	correct	0.067458119	0.0719082560390234	26087424.0	42	1	6														
baseline	tso	r04	circular_buffer_ok.yml	true	correct	4.078401892	4.087838758016005	26083328.0	0	3432	6864														
baseline	tso	r04	szymanski.yml	true	correct	0.070072644	0.0750630209222436	26107904.0	0	6	62														
baseline	tso	r04	dekker.yml	true	correct	0.06757023	0.07457103801425546	26066944.0	0	4	14														
baseline	tso	r04	dekker-unfair.yml	true	correct	0.065892617	0.0737266750074923	26001408.0	0	4	14														
baseline	tso	r04	unwind3-1.yml	false(unreach-call)	correct	0.061931849	0.06900876795407385	26091520.0	42	1	2														
baseline	tso	r04	exponential-nondet.yml	true	correct	0.066629417	0.0719325429527089	26095616.0	0	1	0														
baseline	tso	r04	unwind2-1.yml	false(unreach-call)	correct	0.060299971	0.06989576097112149	26091520.0	42	1	0														
baseline	tso	r04	unwind2-100.yml	false(unreach-call)	correct	0.065276143	0.06969330506399274	26128384.0	42	1	0														
baseline	tso	r04	butterfly.yml	true	correct	18.439516904	18.45361517101992	26214400.0	0	64560	304114														
baseline	tso	r04	43_NetBSD_sysmon_power_sliced.yml	true	correct	0.066493151	0.0765169580699876	26013696.0	0	0	0														
baseline	tso	r04	28-race_reach_06-cond_racing1.yml	TIMEOUT	error	60.87358721	61.05764327896759	1057157120.0																	
baseline	tso	r04	queue_ok.yml	true	correct	0.074845364	0.08163077605422586	26161152.0	0	2	4														
baseline	tso	r04	queue_ok_longer.yml	true	correct	1.094058192	1.1019340599887073	55566336.0	0	2	4														
baseline	tso	r04	queue_ok_longest.yml	true	correct	4.764907515	4.768696695100516	241483776.0	0	2	4														
baseline	tso	r04	queue_longer.yml	TIMEOUT	error	61.012502768	61.04574271000456	606359552.0																	
baseline	tso	r04	queue.yml	false(unreach-call)	correct	0.097691731	0.10462300502695143	26157056.0	42	2	40														
baseline	tso	r04	singleton.yml	false(unreach-call)	correct	0.072527941	0.08020080509595573	26222592.0	42	1	8														
baseline	tso	r04	singleton_with-uninit-problems.yml	true	correct	0.077584138	0.08158859901595861	26218496.0	0	4	12														
baseline	tso	r04	pthread-demo-datarace-3.yml	false(unreach-call)	correct	0.146452766	0.15456432790961117	26107904.0	42	0	80														
baseline	tso	r04	reorder_2.yml	false(unreach-call)	correct	0.1571591	0.16359364800155163	26226688.0	42	162	432														
baseline	tso	r04	twostage_3.yml	false(unreach-call)	correct	0.083305361	0.08805606001988053	26345472.0	42	4	30														
baseline	tso	r04	race-1_1-join.yml	true	correct	0.069351034	0.07560737803578377	26247168.0	0	1	0														
baseline	tso	r04	race-1_3-join.yml	false(unreach-call)	correct	0.071614999	0.07945671095512807	26243072.0	42	1	2														
baseline	tso	r04	race-1_2-join.yml	false(unreach-call)	correct	0.07643792	0.07953447697218508	26218496.0	42	1	2														
baseline	tso	r04	race-4_1-thread_local_vars.yml	true	correct	0.072712313	0.08004233008250594	26288128.0	0	0	0														
baseline	tso	r04	race-2_1-container_of.yml	true	correct	0.07064066	0.07850332197267562	26267648.0	0	1	0														
baseline	tso	r04	race-3_1-container_of-global.yml	true	correct	0.070940199	0.07853204605635256	26345472.0	0	1	0														
baseline	pso	r01	13-privatized_66-mine-W-init_true.yml	true	correct	0.070370734	0.0773194630164653	25894912.0	0	1	0														
baseline	pso	r01	36-apron_41-threadenter-no-locals_unknown_1_pos.yml	false(unreach-call)	correct	0.065628811	0.070749307051301	25993216.0	42	0	0														
baseline	pso	r01	36-apron_16-traces-unprot2_true.yml	true	correct	0.063666774	0.06994020799174905	25993216.0	0	1	0														
baseline	pso	r01	13-privatized_57-singlethreaded-unlock_true.yml	true	correct	0.064413546	0.07080391200724989	26013696.0	0	1	2														
baseline	pso	r01	13-privatized_47-refine-protected2_true.yml	true	correct	0.062028891	0.06945021194405854	25952256.0	0	2	20														
baseline	pso	r01	13-privatized_46-refine-protected1_true.yml	true	correct	0.072015723	0.07714401197154075	26025984.0	0	1	8														
baseline	pso	r01	36-apron_11-traces-max-simple_true.yml	true	correct	0.066328524	0.06806285900529474	26042368.0	0	2	20														
baseline	pso	r01	13-privatized_41-traces-ex-7_unknown_1_pos.yml	false(unreach-call)	correct	0.066188732	0.07123909192159772	25985024.0	42	0	2														
baseline	pso	r01	13-privatized_41-traces-ex-7_unknown_1_neg.yml	false(unreach-call)	correct	0.070910238	0.07675283402204514	26017792.0	42	0	0														
baseline	pso	r01	13-privatized_40-traces-ex-6_true.yml	true	correct	0.064283715	0.07376593491062522	25956352.0	0	1	16														
baseline	pso	r01	13-privatized_58-singlethreaded-lock_true.yml	true	correct	0.066439347	0.07190317800268531	25989120.0	0	1	2														
baseline	pso	r01	13-privatized_44-traces-mine2_true.yml	true	correct	0.069281938	0.07568060094490647	25968640.0	0	1	6														
baseline	pso	r01	13-privatized_18-first-reads_unknown_2_pos.yml	false(unreach-call)	correct	0.066465369	0.07310445909388363	26075136.0	42	0	2														
baseline	pso	r01	13-privatized_18-first-reads_unknown_1_neg.yml	false(unreach-call)	correct	0.066737793	0.07120253297034651	26103808.0	42	0	2														
baseline	pso	r01	13-privatized_36-traces-ex-3_true.yml	true	correct	0.071973561	0.07555796799715608	25927680.0	0	3	54														
baseline	pso	r01	13-privatized_18-first-reads_true.yml	true	correct	0.065703711	0.0698861910495907	26009600.0	0	2	20														
baseline	pso	r01	13-privatized_35-traces-ex-2_true.yml	true	correct	0.070601055	0.08107132604345679	26058752.0	0	2	60														
baseline	pso	r01	13-privatized_37-traces-ex-4_true.yml	true	correct	0.069297693	0.08368784689810127	26054656.0	0	2	56														
baseline	pso	r01	13-privatized_38-traces-ex-4-switch_true.yml	true	correct	0.074068596	0.08140253892634064	25972736.0	0	2	60														
baseline	pso	r01	13-privatized_19-publish-precision_unknown_1_pos.yml	false(unreach-call)	correct	0.064806355	0.07396750501357019	25989120.0	42	0	2														
baseline	pso	r01	13-privatized_19-publish-precision_unknown_2_pos.yml	false(unreach-call)	correct	0.063773979	0.06631984503474087	26066944.0	42	0	0														
baseline	pso	r01	13-privatized_19-publish-precision_unknown_1_neg.yml	false(unreach-call)	correct	0.065572703	0.06997268402483314	26005504.0	42	0	0														
baseline	pso	r01	13-privatized_19-publish-precision_unknown_2_neg.yml	false(unreach-call)	correct	0.067581159	0.07282585394568741	26062848.0	42	0	2														
baseline	pso	r01	13-privatized_45-traces-per-global-and-current-lock-mine-incomparable_true.yml	true	correct	0.066575499	0.0703571269987151	26075136.0	0	2	58														
baseline	pso	r01	13-privatized_01-priv_nr_true.yml	true	correct	0.072034555	0.07845735596492887	25980928.0	0	2	20														
baseline	pso	r01	13-privatized_19-publish-precision_true.yml	true	correct	0.068347937	0.07617134600877762	26038272.0	0	3	66														
baseline	pso	r01	13-privatized_42-traces-ex-mini_true.yml	true	correct	0.068017474	0.07364497997332364	25993216.0	0	2	40														
baseline	pso	r01	13-privatized_33-traces-v-matters_true.yml	true	correct	0.071443808	0.08079544291831553	26066944.0	0	1	20														
baseline	pso	r01	13-privatized_25-struct_nr_true.yml	true	correct	0.059725873	0.06653035001363605	26017792.0	0	2	20														
baseline	pso	r01	13-privatized_69-refine-protected-loop-interval_true.yml	true	correct	0.078708385	0.082125955959782	26083328.0	0	0	2														
baseline	pso	r01	36-apron_17-traces-rpb-litmus_unknown_1_neg.yml	false(unreach-call)	correct	0.070908051	0.08043026307132095	26054656.0	42	0	0														
baseline	pso	r01	13-privatized_31-traces-mine-vs-mutex_true.yml	true	correct	0.073031636	0.07758679706603289	25997312.0	0	4	168														
baseline	pso	r01	13-privatized_20-publish-regression_true.yml	true	correct	0.076279641	0.085916991927661	26087424.0	0	2	36														
baseline	pso	r01	13-privatized_30-traces-oplus-vs-meet_true.yml	true	correct	0.078333482	0.0822908990085125	26066944.0	0	2	60														
baseline	pso	r01	13-privatized_32-traces-mine-vs-oplus-vs-meet_true.yml	true	correct	0.06381361	0.07026860595215112	26079232.0	0	3	152														
baseline	pso	r01	13-privatized_34-traces-minepp-L-needs-to-be-um_true.yml	true	correct	0.066814772	0.07706425699871033	26095616.0	0	1	24														
baseline	pso	r01	13-privatized_68-pfscan_protected_loop_minimal_interval_true.yml	true	correct	0.078903483	0.08443924109451473	26079232.0	0	0	2														
baseline	pso	r01	13-privatized_29-multiple-protecting2-vesal_true.yml	true	correct	0.073355347	0.07768650096841156	26071040.0	0	4	176														
baseline	pso	r01	13-privatized_24-multiple-protecting_true.yml	true	correct	0.101727918	0.1061649079201743	26099712.0	0	7	852														
baseline	pso	r01	36-apron_21-traces-cluster-based_true.yml	true	correct	0.076802705	0.08178778109140694	26062848.0	0	6	172														
baseline	pso	r01	36-apron_22-traces-write-centered-vs-meet-mutex_true_no-overflow.yml	true	correct	0.072915935	0.08298412803560495	26005504.0	0	1	0														
baseline	pso	r01	13-privatized_27-multiple-protecting2_true.yml	true	correct	0.193679347	0.20129585696849972	26116096.0	0	26	3092														
baseline	pso	r01	14_spin2003.yml	true	correct	0.060093404	0.06304588599596173	26038272.0	0	0	2														
baseline	pso	r01	29_conditionals_vs.yml	true	correct	0.063791075	0.06852442095987499	26001408.0	0	0	0														
baseline	pso	r01	48_ticket_lock_low_contention_vs-pthread.yml	true	correct	0.066467727	0.07467733102384955	25997312.0	0	0	2														
baseline	pso	r01	46_monabsex2_vs.yml	true	correct	0.072749646	0.07538075104821473	25956352.0	0	0	18														
baseline	pso	r01	45_monabsex1_vs.yml	true	correct	0.065773444	0.07035934703890234	26017792.0	0	0	8														
baseline	pso	r01	stateful01-1.yml	false(unreach-call)	correct	0.069942336	0.07171931094489992	26054656.0	42	0	20														
baseline	pso	r01	stateful01-2.yml	true	correct	0.078407103	0.08449542697053403	26038272.0	0	6	246														
baseline	pso	r01	time_var_mutex.yml	true	correct	0.059693724	0.06642811303026974	26103808.0	0	2	44														
baseline	pso	r01	01b_inc.yml	true	correct	0.071862248	0.07663856202270836	25960448.0	0	0	10														
baseline	pso	r01	triangular-1.yml	TIMEOUT	error	60.95451707	61.01045812596567	26120192.0																	
baseline	pso	r01	triangular-2.yml	false(unreach-call)	correct	22.361819216	22.39790008694399	26025984.0	42	3638	493952														
baseline	pso	r01	02_inc_cas.yml	true	correct	0.064838949	0.06914323999080807	25972736.0	0	0	0														
baseline	pso	r01	28-race_reach_21-deref_read_racing.yml	false(unreach-call)	correct	3.328202975	3.346784509019926	56758272.0	42	0	0														
baseline	pso	r01	48_ticket_lock_low_contention_vs.yml	true	correct	0.064747938	0.07020835508592427	26095616.0	0	0	8														
baseline	pso	r01	28-race_reach_37-indirect_racing.yml	TIMEOUT	error	61.027931404	61.06230264098849	1057128448.0																	
baseline	pso	r01	28-race_reach_45-escape_racing.yml	false(unreach-call)	correct	0.070791646	0.07794390292838216	26120192.0	42	0	2														
baseline	pso	r01	28-race_reach_46-escape_racefree.yml	true	correct	0.070320635	0.07191136595793068	26083328.0	0	2	56														
baseline	pso	r01	28-race_reach_01-simple_racing.yml	TIMEOUT	error	61.020702131	61.06669891998172	1057107968.0																	
baseline	pso	r01	28-race_reach_11-ptr_racing.yml	TIMEOUT	error	61.029207084	61.06555036001373	1057124352.0																	
baseline	pso	r01	circular_buffer_bad.yml	false(unreach-call)	correct	0.105826521	0.11402555904351175	26185728.0	42	1	476														
baseline	pso	r01	fib_safe-5.yml	TIMEOUT	error	60.878549137	61.01099883893039	26079232.0																	
baseline	pso	r01	fib_safe-6.yml	TIMEOUT	error	60.950533673	61.00847893406171	26099712.0																	
baseline	pso	r01	fib_unsafe-5.yml	false(unreach-call)	correct	15.429708122	15.469469431904145	26095616.0	42	632	96526														
baseline	pso	r01	fib_unsafe-6.yml	TIMEOUT	error	60.967625689	61.01021433598362	26087424.0																	
baseline	pso	r01	fib_unsafe-7.yml	TIMEOUT	error	60.974477356	61.010897758067586	26091520.0																	
baseline	pso	r01	28-race_reach_24-sound_lock_racing.yml	TIMEOUT	error	61.045201223	61.06849144899752	1057075200.0																	
baseline	pso	r01	lazy01.yml	false(unreach-call)	correct	0.061257831	0.06914476898964494	26169344.0	42	1	36														
baseline	pso	r01	circular_buffer_ok.yml	TIMEOUT	error	60.975590675	61.01376662799157	26169344.0																	
baseline	pso	r01	szymanski.yml	true	correct	0.079255955	0.08418617805000395	26087424.0	0	6	756														
baseline	pso	r01	dekker.yml	true	correct	0.067447613	0.07120442599989474	26087424.0	0	4	70														
baseline	pso	r01	dekker-unfair.yml	true	correct	0.061422153	0.06864345702342689	26095616.0	0	4	74														
baseline	pso	r01	unwind3-1.yml	false(unreach-call)	correct	0.062159379	0.06771678500808775	26083328.0	42	1	6														
baseline	pso	r01	exponential-nondet.yml	true	correct	0.063983139	0.07050973898731172	26107904.0	0	1	0														
baseline	pso	r01	unwind2-1.yml	false(unreach-call)	correct	0.06356478	0.07005030405707657	26075136.0	42	1	6														
baseline	pso	r01	unwind2-100.yml	false(unreach-call)	correct	0.060305616	0.06377090804744512	26124288.0	42	1	6														
baseline	pso	r01	butterfly.yml	true	correct	26.724067153	26.74308008502703	26230784.0	0	64560	694890														
baseline	pso	r01	43_NetBSD_sysmon_power_sliced.yml	true	correct	0.062757846	0.0695485679898411	25956352.0	0	0	0														
baseline	pso	r01	28-race_reach_06-cond_racing1.yml	TIMEOUT	error	61.043849777	61.06046588998288	1057103872.0																	
baseline	pso	r01	queue_ok.yml	true	correct	0.075276305	0.08124450396280736	26193920.0	0	2	34														
baseline	pso	r01	queue_ok_longer.yml	true	correct	4.030205795	4.046062113018706	123011072.0	0	2	34														
baseline	pso	r01	queue_ok_longest.yml	true	correct	19.757858706	19.773875597049482	471244800.0	0	2	34														
baseline	pso	r01	queue_longer.yml	TIMEOUT	error	60.896794623	61.01562311302405	79794176.0																	
baseline	pso	r01	queue.yml	false(unreach-call)	correct	1.104253296	1.1125656159128994	26177536.0	42	2	5918														
baseline	pso	r01	singleton.yml	false(unreach-call)	correct	0.073703837	0.08155698201153427	26218496.0	42	1	40														
baseline	pso	r01	singleton_with-uninit-problems.yml	true	correct	0.073147156	0.08034331304952502	26226688.0	0	4	130														
baseline	pso	r01	pthread-demo-datarace-3.yml	false(unreach-call)	correct	0.143046334	0.15079189790412784	26058752.0	42	0	80														
baseline	pso	r01	reorder_2.yml	false(unreach-call)	correct	0.623486569	0.63175506494008	26214400.0	42	162	12692														
baseline	pso	r01	twostage_3.yml	false(unreach-call)	correct	0.084626594	0.09170967491809279	26349568.0	42	4	138														
baseline	pso	r01	race-1_1-join.yml	true	correct	0.073023583	0.07723687798716128	26214400.0	0	1	6														
baseline	pso	r01	race-1_3-join.yml	false(unreach-call)	correct	0.067552685	0.07358824403490871	26230784.0	42	1	26														
baseline	pso	r01	race-1_2-join.yml	false(unreach-call)	correct	0.069646532	0.07624909305013716	26234880.0	42	1	26														
baseline	pso	r01	race-4_1-thread_local_vars.yml	true	correct	0.071484282	0.07624000101350248	26349568.0	0	0	0														
baseline	pso	r01	race-2_1-container_of.yml	true	correct	0.075184672	0.0787037459667772	26349568.0	0	1	0														
baseline	pso	r01	race-3_1-container_of-global.yml	true	correct	0.071988	0.07680528098717332	26361856.0	0	1	0														
baseline	pso	r02	13-privatized_66-mine-W-init_true.yml	true	correct	0.068048196	0.09467761195264757	25894912.0	0	1	0														
baseline	pso	r02	36-apron_41-threadenter-no-locals_unknown_1_pos.yml	false(unreach-call)	correct	0.072833098	0.0775720370002091	25952256.0	42	0	0														
baseline	pso	r02	36-apron_16-traces-unprot2_true.yml	true	correct	0.058915525	0.06865766795817763	25882624.0	0	1	0														
baseline	pso	r02	13-privatized_57-singlethreaded-unlock_true.yml	true	correct	0.070542896	0.07968934800010175	26025984.0	0	1	2														
baseline	pso	r02	13-privatized_47-refine-protected2_true.yml	true	correct	0.062303008	0.08277564204763621	25911296.0	0	2	20														
baseline	pso	r02	13-privatized_46-refine-protected1_true.yml	true	correct	0.067624177	0.07110568589996547	25915392.0	0	1	8														
baseline	pso	r02	36-apron_11-traces-max-simple_true.yml	true	correct	0.067410335	0.07140639296267182	25948160.0	0	2	20														
baseline	pso	r02	13-privatized_41-traces-ex-7_unknown_1_pos.yml	false(unreach-call)	correct	0.056802382	0.06193363410420716	25980928.0	42	0	2														
baseline	pso	r02	13-privatized_41-traces-ex-7_unknown_1_neg.yml	false(unreach-call)	correct	0.066643612	0.08204214996658266	26005504.0	42	0	0														
baseline	pso	r02	13-privatized_40-traces-ex-6_true.yml	true	correct	0.066476434	0.07734199403785169	26025984.0	0	1	16														
baseline	pso	r02	13-privatized_58-singlethreaded-lock_true.yml	true	correct	0.061038672	0.0743881220696494	25931776.0	0	1	2														
baseline	pso	r02	13-privatized_44-traces-mine2_true.yml	true	correct	0.067250792	0.07763529592193663	26017792.0	0	1	6														
baseline	pso	r02	13-privatized_18-first-reads_unknown_2_pos.yml	false(unreach-call)	correct	0.064285068	0.08522887108847499	26071040.0	42	0	2														
baseline	pso	r02	13-privatized_18-first-reads_unknown_1_neg.yml	false(unreach-call)	correct	0.064013112	0.07119457505177706	26017792.0	42	0	2														
baseline	pso	r02	13-privatized_36-traces-ex-3_true.yml	true	correct	0.060470845	0.0625590670388192	25952256.0	0	3	54														
baseline	pso	r02	13-privatized_18-first-reads_true.yml	true	correct	0.064672752	0.0702906190417707	26071040.0	0	2	20														
baseline	pso	r02	13-privatized_35-traces-ex-2_true.yml	true	correct	0.067735051	0.07714149495586753	25927680.0	0	2	60														
baseline	pso	r02	13-privatized_37-traces-ex-4_true.yml	true	correct	0.062398122	0.06557565403636545	25997312.0	0	2	56														
baseline	pso	r02	13-privatized_38-traces-ex-4-switch_true.yml	true	correct	0.073535067	0.08037403307389468	25948160.0	0	2	60														
baseline	pso	r02	13-privatized_19-publish-precision_unknown_1_pos.yml	false(unreach-call)	correct	0.062858002	0.06529115897137672	26021888.0	42	0	2														
baseline	pso	r02	13-privatized_19-publish-precision_unknown_2_pos.yml	false(unreach-call)	correct	0.071533415	0.07980500697158277	26009600.0	42	0	0														
baseline	pso	r02	13-privatized_19-publish-precision_unknown_1_neg.yml	false(unreach-call)	correct	0.06477173	0.07177815400063992	26013696.0	42	0	0														
baseline	pso	r02	13-privatized_19-publish-precision_unknown_2_neg.yml	false(unreach-call)	correct	0.055090896	0.06138353003188968	26095616.0	42	0	2														
baseline	pso	r02	13-privatized_45-traces-per-global-and-current-lock-mine-incomparable_true.yml	true	correct	0.067049946	0.07011546404100955	26062848.0	0	2	58														
baseline	pso	r02	13-privatized_01-priv_nr_true.yml	true	correct	0.068544566	0.07664414204191417	25980928.0	0	2	20														
baseline	pso	r02	13-privatized_19-publish-precision_true.yml	true	correct	0.062817994	0.06931810092646629	26038272.0	0	3	66														
baseline	pso	r02	13-privatized_42-traces-ex-mini_true.yml	true	correct	0.068140869	0.07503298099618405	25944064.0	0	2	40														
baseline	pso	r02	13-privatized_33-traces-v-matters_true.yml	true	correct	0.060028456	0.07000673201400787	26054656.0	0	1	20														
baseline	pso	r02	13-privatized_25-struct_nr_true.yml	true	correct	0.058732633	0.06409565801732242	26087424.0	0	2	20														
baseline	pso	r02	13-privatized_69-refine-protected-loop-interval_true.yml	true	correct	0.067454957	0.07580828899517655	26087424.0	0	0	2														
baseline	pso	r02	36-apron_17-traces-rpb-litmus_unknown_1_neg.yml	false(unreach-call)	correct	0.067855855	0.07085088198073208	25993216.0	42	0	0														
baseline	pso	r02	13-privatized_31-traces-mine-vs-mutex_true.yml	true	correct	0.066973346	0.07256397395394742	26038272.0	0	4	168														
baseline	pso	r02	13-privatized_20-publish-regression_true.yml	true	correct	0.064355047	0.07211985404137522	26062848.0	0	2	36														
baseline	pso	r02	13-privatized_30-traces-oplus-vs-meet_true.yml	true	correct	0.056389559	0.06555466796271503	25993216.0	0	2	60														
baseline	pso	r02	13-privatized_32-traces-mine-vs-oplus-vs-meet_true.yml	true	correct	0.073552994	0.08050477702636272	26038272.0	0	3	152														
baseline	pso	r02	13-privatized_34-traces-minepp-L-needs-to-be-um_true.yml	true	correct	0.063383792	0.06984036299400032	26079232.0	0	1	24														
baseline	pso	r02	13-privatized_68-pfscan_protected_loop_minimal_interval_true.yml	true	correct	0.061775531	0.06596161203924567	26152960.0	0	0	2														
baseline	pso	r02	13-privatized_29-multiple-protecting2-vesal_true.yml	true	correct	0.073396788	0.07847161404788494	26083328.0	0	4	176														
baseline	pso	r02	13-privatized_24-multiple-protecting_true.yml	true	correct	0.101213001	0.10537188709713519	26017792.0	0	7	852														
baseline	pso	r02	36-apron_21-traces-cluster-based_true.yml	true	correct	0.075299695	0.08638347696978599	26140672.0	0	6	172														
baseline	pso	r02	36-apron_22-traces-write-centered-vs-meet-mutex_true_no-overflow.yml	true	correct	0.075728897	0.0825516990153119	26112000.0	0	1	0														
baseline	pso	r02	13-privatized_27-multiple-protecting2_true.yml	true	correct	0.156537938	0.16378073301166296	26071040.0	0	26	3092														
baseline	pso	r02	14_spin2003.yml	true	correct	0.068024376	0.07601952902041376	26030080.0	0	0	2														
baseline	pso	r02	29_conditionals_vs.yml	true	correct	0.060745263	0.06634884898085147	25931776.0	0	0	0														
baseline	pso	r02	48_ticket_lock_low_contention_vs-pthread.yml	true	correct	0.063313313	0.07097770599648356	26034176.0	0	0	2														
baseline	pso	r02	46_monabsex2_vs.yml	true	correct	0.066218303	0.07053700101096183	25989120.0	0	0	18														
baseline	pso	r02	45_monabsex1_vs.yml	true	correct	0.07310533	0.0773870840203017	25972736.0	0	0	8														
baseline	pso	r02	stateful01-1.yml	false(unreach-call)	correct	0.071671837	0.07624379300978035	26116096.0	42	0	20														
baseline	pso	r02	stateful01-2.yml	true	correct	0.079600439	0.08636255306191742	26083328.0	0	6	246														
baseline	pso	r02	time_var_mutex.yml	true	correct	0.063129149	0.07078512897714972	26177536.0	0	2	44														
baseline	pso	r02	01b_inc.yml	true	correct	0.064368209	0.07145862700417638	26034176.0	0	0	10														
baseline	pso	r02	triangular-1.yml	TIMEOUT	error	60.97268007	61.010226223035716	26079232.0																	
baseline	pso	r02	triangular-2.yml	false(unreach-call)	correct	22.096731059	22.144986151950434	26046464.0	42	3638	493952														
baseline	pso	r02	02_inc_cas.yml	true	correct	0.068598889	0.07168369099963456	26042368.0	0	0	0														
baseline	pso	r02	28-race_reach_21-deref_read_racing.yml	false(unreach-call)	correct	3.33235963	3.3502415029797703	56766464.0	42	0	0														
baseline	pso	r02	48_ticket_lock_low_contention_vs.yml	true	correct	0.067931406	0.07284507504664361	26091520.0	0	0	8														
baseline	pso	r02	28-race_reach_37-indirect_racing.yml	TIMEOUT	error	61.037178055	61.06437991699204	1057136640.0																	
baseline	pso	r02	28-race_reach_45-escape_racing.yml	false(unreach-call)	correct	0.061146946	0.06264610996004194	26017792.0	42	0	2														
baseline	pso	r02	28-race_reach_46-escape_racefree.yml	true	correct	0.070282011	0.07524648797698319	26112000.0	0	2	56														
baseline	pso	r02	28-race_reach_01-simple_racing.yml	TIMEOUT	error	60.856383	61.065854826010764	1057136640.0																	
baseline	pso	r02	28-race_reach_11-ptr_racing.yml	TIMEOUT	error	61.032693173	61.06096144404728	1057136640.0																	
baseline	pso	r02	circular_buffer_bad.yml	false(unreach-call)	correct	0.090385924	0.09752395597752184	26214400.0	42	1	476														
baseline	pso	r02	fib_safe-5.yml	TIMEOUT	error	60.970309506	61.01235283189453	26099712.0																	
baseline	pso	r02	fib_safe-6.yml	TIMEOUT	error	60.817749402	61.01206544099841	26054656.0																	
baseline	pso	r02	fib_unsafe-5.yml	false(unreach-call)	correct	15.244817192	15.260982337989844	25997312.0	42	632	96526														
baseline	pso	r02	fib_unsafe-6.yml	TIMEOUT	error	60.977104229	61.01019046898	26083328.0																	
baseline	pso	r02	fib_unsafe-7.yml	TIMEOUT	error	60.978016482	61.013521907967515	26054656.0																	
baseline	pso	r02	28-race_reach_24-sound_lock_racing.yml	TIMEOUT	error	61.049192794	61.06683285406325	1057144832.0																	
baseline	pso	r02	lazy01.yml	false(unreach-call)	correct	0.059606193	0.06668265396729112	26177536.0	42	1	36														
baseline	pso	r02	circular_buffer_ok.yml	TIMEOUT	error	60.893419798	61.01253198401537	26087424.0																	
baseline	pso	r02	szymanski.yml	true	correct	0.076125239	0.08304497099015862	26050560.0	0	6	756														
baseline	pso	r02	dekker.yml	true	correct	0.062449188	0.06894868309609592	26075136.0	0	4	70														
baseline	pso	r02	dekker-unfair.yml	true	correct	0.065048109	0.07171017897780985	26058752.0	0	4	74														
baseline	pso	r02	unwind3-1.yml	false(unreach-call)	correct	0.063810596	0.07063816499430686	26083328.0	42	1	6														
baseline	pso	r02	exponential-nondet.yml	true	correct	0.062280414	0.06865037698298693	26099712.0	0	1	0														
baseline	pso	r02	unwind2-1.yml	false(unreach-call)	correct	0.064957976	0.07094648201018572	26083328.0	42	1	6														
baseline	pso	r02	unwind2-100.yml	false(unreach-call)	correct	0.062401551	0.06391380389686674	26144768.0	42	1	6														
baseline	pso	r02	butterfly.yml	true	correct	26.643344624	26.662199216079898	26214400.0	0	64560	694890														
baseline	pso	r02	43_NetBSD_sysmon_power_sliced.yml	true	correct	0.059976987	0.06419704994186759	25939968.0	0	0	0														
baseline	pso	r02	28-race_reach_06-cond_racing1.yml	TIMEOUT	error	60.950176443	61.0614769179374	1057148928.0																	
baseline	pso	r02	queue_ok.yml	true	correct	0.078803372	0.08419939002487808	26214400.0	0	2	34														
baseline	pso	r02	queue_ok_longer.yml	true	correct	3.962492212	3.970971903996542	120930304.0	0	2	34														
baseline	pso	r02	queue_ok_longest.yml	true	correct	19.993611098	20.004572444944642	511123456.0	0	2	34														
baseline	pso	r02	queue_longer.yml	TIMEOUT	error	60.98635202	61.01606166805141	80498688.0																	
baseline	pso	r02	queue.yml	false(unreach-call)	correct	1.103439515	1.1100811309879646	26292224.0	42	2	5918														
baseline	pso	r02	singleton.yml	false(unreach-call)	correct	0.072645252	0.07980186492204666	26222592.0	42	1	40														
baseline	pso	r02	singleton_with-uninit-problems.yml	true	correct	0.076912157	0.08078973996452987	26222592.0	0	4	130														
baseline	pso	r02	pthread-demo-datarace-3.yml	false(unreach-call)	correct	0.146810146	0.1543432620819658	26087424.0	42	0	80														
baseline	pso	r02	reorder_2.yml	false(unreach-call)	correct	0.626663869	0.633699793019332	26214400.0	42	162	12692														
baseline	pso	r02	twostage_3.yml	false(unreach-call)	correct	0.083034076	0.09101347997784615	26357760.0	42	4	138														
baseline	pso	r02	race-1_1-join.yml	true	correct	0.068369547	0.07474938093218952	26230784.0	0	1	6														
baseline	pso	r02	race-1_3-join.yml	false(unreach-call)	correct	0.07111271	0.07814227300696075	26218496.0	42	1	26														
baseline	pso	r02	race-1_2-join.yml	false(unreach-call)	correct	0.068757501	0.0751574399182573	26361856.0	42	1	26														
baseline	pso	r02	race-4_1-thread_local_vars.yml	true	correct	0.070302998	0.07904172397684306	26357760.0	0	0	0														
baseline	pso	r02	race-2_1-container_of.yml	true	correct	0.07070874	0.07754426903557032	26345472.0	0	1	0														
baseline	pso	r02	race-3_1-container_of-global.yml	true	correct	0.068997038	0.0757248280569911	26345472.0	0	1	0														
baseline	pso	r03	13-privatized_66-mine-W-init_true.yml	true	correct	0.07230596	0.07649074692744762	25968640.0	0	1	0														
baseline	pso	r03	36-apron_41-threadenter-no-locals_unknown_1_pos.yml	false(unreach-call)	correct	0.065402761	0.07053933397401124	25993216.0	42	0	0														
baseline	pso	r03	36-apron_16-traces-unprot2_true.yml	true	correct	0.070454753	0.07660490099806339	25964544.0	0	1	0														
baseline	pso	r03	13-privatized_57-singlethreaded-unlock_true.yml	true	correct	0.075830653	0.08199964906089008	25985024.0	0	1	2														
baseline	pso	r03	13-privatized_47-refine-protected2_true.yml	true	correct	0.067293169	0.07530786201823503	25919488.0	0	2	20														
baseline	pso	r03	13-privatized_46-refine-protected1_true.yml	true	correct	0.057880154	0.06463228596840054	25976832.0	0	1	8														
baseline	pso	r03	36-apron_11-traces-max-simple_true.yml	true	correct	0.069645072	0.07214434002526104	25956352.0	0	2	20														
baseline	pso	r03	13-privatized_41-traces-ex-7_unknown_1_pos.yml	false(unreach-call)	correct	0.057047633	0.0637482050806284	26030080.0	42	0	2														
baseline	pso	r03	13-privatized_41-traces-ex-7_unknown_1_neg.yml	false(unreach-call)	correct	0.070676244	0.0749731429386884	26030080.0	42	0	0														
baseline	pso	r03	13-privatized_40-traces-ex-6_true.yml	true	correct	0.071146556	0.08134053403045982	25935872.0	0	1	16														
baseline	pso	r03	13-privatized_58-singlethreaded-lock_true.yml	true	correct	0.070283398	0.07536741299554706	26025984.0	0	1	2														
baseline	pso	r03	13-privatized_44-traces-mine2_true.yml	true	correct	0.069590799	0.07741310796700418	26025984.0	0	1	6														
baseline	pso	r03	13-privatized_18-first-reads_unknown_2_pos.yml	false(unreach-call)	correct	0.054951523	0.05934096500277519	26079232.0	42	0	2														
baseline	pso	r03	13-privatized_18-first-reads_unknown_1_neg.yml	false(unreach-call)	correct	0.059150124	0.06345066404901445	26091520.0	42	0	2														
baseline	pso	r03	13-privatized_36-traces-ex-3_true.yml	true	correct	0.064674877	0.06918255402706563	25980928.0	0	3	54														
baseline	pso	r03	13-privatized_18-first-reads_true.yml	true	correct	0.067641767	0.07272820605430752	25997312.0	0	2	20														
baseline	pso	r03	13-privatized_35-traces-ex-2_true.yml	true	correct	0.071092554	0.09506356902420521	25997312.0	0	2	60														
baseline	pso	r03	13-privatized_37-traces-ex-4_true.yml	true	correct	0.072899228	0.0751283320132643	26013696.0	0	2	56														
baseline	pso	r03	13-privatized_38-traces-ex-4-switch_true.yml	true	correct	0.069832644	0.07231768895871937	26005504.0	0	2	60														
baseline	pso	r03	13-privatized_19-publish-precision_unknown_1_pos.yml	false(unreach-call)	correct	0.058198543	0.05978880904149264	26099712.0	42	0	2														
baseline	pso	r03	13-privatized_19-publish-precision_unknown_2_pos.yml	false(unreach-call)	correct	0.059202142	0.06256504100747406	25985024.0	42	0	0														
baseline	pso	r03	13-privatized_19-publish-precision_unknown_1_neg.yml	false(unreach-call)	correct	0.061892814	0.06918638700153679	26013696.0	42	0	0														
baseline	pso	r03	13-privatized_19-publish-precision_unknown_2_neg.yml	false(unreach-call)	correct	0.067348082	0.07188617798965424	26120192.0	42	0	2														
baseline	pso	r03	13-privatized_45-traces-per-global-and-current-lock-mine-incomparable_true.yml	true	correct	0.069962985	0.07158205192536116	26013696.0	0	2	58														
baseline	pso	r03	13-privatized_01-priv_nr_true.yml	true	correct	0.071033512	0.07600578397978097	26071040.0	0	2	20														
baseline	pso	r03	13-privatized_19-publish-precision_true.yml	true	correct	0.072185074	0.07885056198574603	26013696.0	0	3	66														
baseline	pso	r03	13-privatized_42-traces-ex-mini_true.yml	true	correct	0.076271244	0.08069903100840747	25997312.0	0	2	40														
baseline	pso	r03	13-privatized_33-traces-v-matters_true.yml	true	correct	0.058975762	0.06268536299467087	26050560.0	0	1	20														
baseline	pso	r03	13-privatized_25-struct_nr_true.yml	true	correct	0.057581862	0.06326762295793742	26017792.0	0	2	20														
baseline	pso	r03	13-privatized_69-refine-protected-loop-interval_true.yml	true	correct	0.067031341	0.07101511291693896	26075136.0	0	0	2														
baseline	pso	r03	36-apron_17-traces-rpb-litmus_unknown_1_neg.yml	false(unreach-call)	correct	0.067654792	0.07044893398415297	25960448.0	42	0	0														
baseline	pso	r03	13-privatized_31-traces-mine-vs-mutex_true.yml	true	correct	0.072153256	0.07820655300747603	26071040.0	0	4	168														
baseline	pso	r03	13-privatized_20-publish-regression_true.yml	true	correct	0.070162298	0.0766680910019204	26091520.0	0	2	36														
baseline	pso	r03	13-privatized_30-traces-oplus-vs-meet_true.yml	true	correct	0.072785807	0.07475014100782573	26025984.0	0	2	60														
baseline	pso	r03	13-privatized_32-traces-mine-vs-oplus-vs-meet_true.yml	true	correct	0.069217477	0.07418360095471144	26112000.0	0	3	152														
baseline	pso	r03	13-privatized_34-traces-minepp-L-needs-to-be-um_true.yml	true	correct	0.070815959	0.07503182103391737	25976832.0	0	1	24														
baseline	pso	r03	13-privatized_68-pfscan_protected_loop_minimal_interval_true.yml	true	correct	0.069769365	0.07206799299456179	26075136.0	0	0	2														
baseline	pso	r03	13-privatized_29-multiple-protecting2-vesal_true.yml	true	correct	0.0728675	0.07815622806083411	26046464.0	0	4	176														
baseline	pso	r03	13-privatized_24-multiple-protecting_true.yml	true	correct	0.09939324	0.10526740795467049	26107904.0	0	7	852														
baseline	pso	r03	36-apron_21-traces-cluster-based_true.yml	true	correct	0.075756935	0.0773489810526371	26136576.0	0	6	172														
baseline	pso	r03	36-apron_22-traces-write-centered-vs-meet-mutex_true_no-overflow.yml	true	correct	0.075109246	0.07740264700260013	26066944.0	0	1	0														
baseline	pso	r03	13-privatized_27-multiple-protecting2_true.yml	true	correct	0.194157081	0.19875713903456926	26144768.0	0	26	3092														
baseline	pso	r03	14_spin2003.yml	true	correct	0.061550483	0.06683840800542384	25972736.0	0	0	2														
baseline	pso	r03	29_conditionals_vs.yml	true	correct	0.071098975	0.0759513609809801	26038272.0	0	0	0														
baseline	pso	r03	48_ticket_lock_low_contention_vs-pthread.yml	true	correct	0.068774394	0.07329691504128277	26066944.0	0	0	2														
baseline	pso	r03	46_monabsex2_vs.yml	true	correct	0.069205225	0.07281855610199273	26050560.0	0	0	18														
baseline	pso	r03	45_monabsex1_vs.yml	true	correct	0.066218453	0.07260672689881176	26066944.0	0	0	8														
baseline	pso	r03	stateful01-1.yml	false(unreach-call)	correct	0.069456064	0.07163893501274288	26087424.0	42	0	20														
baseline	pso	r03	stateful01-2.yml	true	correct	0.070467971	0.0745818669674918	26050560.0	0	6	246														
baseline	pso	r03	time_var_mutex.yml	true	correct	0.071890135	0.07487906899768859	26198016.0	0	2	44														
baseline	pso	r03	01b_inc.yml	true	correct	0.072215867	0.07775892096105963	25972736.0	0	0	10														
baseline	pso	r03	triangular-1.yml	TIMEOUT	error	60.974218439	61.0067550370004	26120192.0																	
baseline	pso	r03	triangular-2.yml	false(unreach-call)	correct	22.034114801	22.050831562955864	26140672.0	42	3638	493952														
baseline	pso	r03	02_inc_cas.yml	true	correct	0.068875146	0.07522043806966394	25956352.0	0	0	0														
baseline	pso	r03	28-race_reach_21-deref_read_racing.yml	false(unreach-call)	correct	3.281059149	3.2931439300300553	56455168.0	42	0	0														
baseline	pso	r03	48_ticket_lock_low_contention_vs.yml	true	correct	0.068543126	0.07470224099233747	26038272.0	0	0	8														
baseline	pso	r03	28-race_reach_37-indirect_racing.yml	TIMEOUT	error	61.025078119	61.0639666459756	1057136640.0																	
baseline	pso	r03	28-race_reach_45-escape_racing.yml	false(unreach-call)	correct	0.058328686	0.06260669697076082	26021888.0	42	0	2														
baseline	pso	r03	28-race_reach_46-escape_racefree.yml	true	correct	0.074278468	0.07615197403356433	26038272.0	0	2	56														
baseline	pso	r03	28-race_reach_01-simple_racing.yml	TIMEOUT	error	61.045105747	61.064334535971284	1057062912.0																	
baseline	pso	r03	28-race_reach_11-ptr_racing.yml	TIMEOUT	error	60.918978093	61.06322614301462	1057120256.0																	
baseline	pso	r03	circular_buffer_bad.yml	false(unreach-call)	correct	0.087403953	0.09314117208123207	26193920.0	42	1	476														
baseline	pso	r03	fib_safe-5.yml	TIMEOUT	error	60.969324016	61.00979132892098	26021888.0																	
baseline	pso	r03	fib_safe-6.yml	TIMEOUT	error	60.975456206	61.01207549707033	26038272.0																	
baseline	pso	r03	fib_unsafe-5.yml	false(unreach-call)	correct	15.164533892	15.178634199895896	26001408.0	42	632	96526														
baseline	pso	r03	fib_unsafe-6.yml	TIMEOUT	error	60.977575159	61.010067860013805	26091520.0																	
baseline	pso	r03	fib_unsafe-7.yml	TIMEOUT	error	60.976239921	61.008854187093675	26087424.0																	
baseline	pso	r03	28-race_reach_24-sound_lock_racing.yml	TIMEOUT	error	61.049105589	61.06895896606147	1057120256.0																	
baseline	pso	r03	lazy01.yml	false(unreach-call)	correct	0.067742876	0.07302345510106534	26157056.0	42	1	36														
baseline	pso	r03	circular_buffer_ok.yml	TIMEOUT	error	60.976824258	61.00956685596611	26210304.0																	
baseline	pso	r03	szymanski.yml	true	correct	0.070312059	0.07723465107847005	26038272.0	0	6	756														
baseline	pso	r03	dekker.yml	true	correct	0.066288381	0.07328521797899157	26087424.0	0	4	70														
baseline	pso	r03	dekker-unfair.yml	true	correct	0.066802673	0.07033000991214067	26079232.0	0	4	74														
baseline	pso	r03	unwind3-1.yml	false(unreach-call)	correct	0.05896464	0.0655227960087359	26128384.0	42	1	6														
baseline	pso	r03	exponential-nondet.yml	true	correct	0.060695541	0.06764169002417475	26042368.0	0	1	0														
baseline	pso	r03	unwind2-1.yml	false(unreach-call)	correct	0.061188801	0.06607497506774962	26116096.0	42	1	6														
baseline	pso	r03	unwind2-100.yml	false(unreach-call)	correct	0.063240558	0.07082756701856852	26062848.0	42	1	6														
baseline	pso	r03	butterfly.yml	true	correct	26.706720496	26.76719954807777	26222592.0	0	64560	694890														
baseline	pso	r03	43_NetBSD_sysmon_power_sliced.yml	true	correct	0.066016739	0.0683532051043585	25956352.0	0	0	0														
baseline	pso	r03	28-race_reach_06-cond_racing1.yml	TIMEOUT	error	61.042439674	61.06431099702604	1057095680.0																	
baseline	pso	r03	queue_ok.yml	true	correct	0.079789126	0.08648116607218981	26251264.0	0	2	34														
baseline	pso	r03	queue_ok_longer.yml	true	correct	3.901686089	3.910146872047335	120569856.0	0	2	34														
baseline	pso	r03	queue_ok_longest.yml	true	correct	19.909894374	19.92430884100031	478953472.0	0	2	34														
baseline	pso	r03	queue_longer.yml	TIMEOUT	error	60.986314195	61.014025678974576	80699392.0																	
baseline	pso	r03	queue.yml	false(unreach-call)	correct	1.098473341	1.1066319849342108	26161152.0	42	2	5918														
baseline	pso	r03	singleton.yml	false(unreach-call)	correct	0.075930688	0.08253441995475441	26206208.0	42	1	40														
baseline	pso	r03	singleton_with-uninit-problems.yml	true	correct	0.074308617	0.08095709490589797	26222592.0	0	4	130														
baseline	pso	r03	pthread-demo-datarace-3.yml	false(unreach-call)	correct	0.146707268	0.15359739295672625	26091520.0	42	0	80														
baseline	pso	r03	reorder_2.yml	false(unreach-call)	correct	0.632877271	0.6407932930160314	26128384.0	42	162	12692														
baseline	pso	r03	twostage_3.yml	false(unreach-call)	correct	0.085155913	0.09271453600376844	26349568.0	42	4	138														
baseline	pso	r03	race-1_1-join.yml	true	correct	0.066811869	0.0733316489495337	26214400.0	0	1	6														
baseline	pso	r03	race-1_3-join.yml	false(unreach-call)	correct	0.069100373	0.07503097294829786	26214400.0	42	1	26														
baseline	pso	r03	race-1_2-join.yml	false(unreach-call)	correct	0.068097776	0.07484345708508044	26214400.0	42	1	26														
baseline	pso	r03	race-4_1-thread_local_vars.yml	true	correct	0.074037094	0.07749717496335506	26353664.0	0	0	0														
baseline	pso	r03	race-2_1-container_of.yml	true	correct	0.070089324	0.07745908992365003	26349568.0	0	1	0														
baseline	pso	r03	race-3_1-container_of-global.yml	true	correct	0.069831998	0.07757901505101472	26357760.0	0	1	0														
baseline	pso	r04	13-privatized_66-mine-W-init_true.yml	true	correct	0.091797668	0.09303607803303748	25980928.0	0	1	0														
baseline	pso	r04	36-apron_41-threadenter-no-locals_unknown_1_pos.yml	false(unreach-call)	correct	0.071827042	0.07570254697930068	25931776.0	42	0	0														
baseline	pso	r04	36-apron_16-traces-unprot2_true.yml	true	correct	0.060797036	0.06643508200068027	25944064.0	0	1	0														
baseline	pso	r04	13-privatized_57-singlethreaded-unlock_true.yml	true	correct	0.068520544	0.07400816504377872	25911296.0	0	1	2														
baseline	pso	r04	13-privatized_47-refine-protected2_true.yml	true	correct	0.057936054	0.07538970501627773	25919488.0	0	2	20														
baseline	pso	r04	13-privatized_46-refine-protected1_true.yml	true	correct	0.068074615	0.07897934399079531	25964544.0	0	1	8														
baseline	pso	r04	36-apron_11-traces-max-simple_true.yml	true	correct	0.068403739	0.07923029700759798	25960448.0	0	2	20														
baseline	pso	r04	13-privatized_41-traces-ex-7_unknown_1_pos.yml	false(unreach-call)	correct	0.06621825	0.07519358105491847	25964544.0	42	0	2														
baseline	pso	r04	13-privatized_41-traces-ex-7_unknown_1_neg.yml	false(unreach-call)	correct	0.070479311	0.07963835005648434	25939968.0	42	0	0														
baseline	pso	r04	13-privatized_40-traces-ex-6_true.yml	true	correct	0.0719197	0.07633973297197372	25931776.0	0	1	16														
baseline	pso	r04	13-privatized_58-singlethreaded-lock_true.yml	true	correct	0.059356564	0.06455359305255115	25980928.0	0	1	2														
baseline	pso	r04	13-privatized_44-traces-mine2_true.yml	true	correct	0.074063603	0.07544772408436984	25948160.0	0	1	6														
baseline	pso	r04	13-privatized_18-first-reads_unknown_2_pos.yml	false(unreach-call)	correct	0.065362142	0.06742077402304858	26095616.0	42	0	2														
baseline	pso	r04	13-privatized_18-first-reads_unknown_1_neg.yml	false(unreach-call)	correct	0.067804134	0.07238997390959412	26025984.0	42	0	2														
baseline	pso	r04	13-privatized_36-traces-ex-3_true.yml	true	correct	0.070817656	0.07541201892308891	25985024.0	0	3	54														
baseline	pso	r04	13-privatized_18-first-reads_true.yml	true	correct	0.067824249	0.07690202293451875	25993216.0	0	2	20														
baseline	pso	r04	13-privatized_35-traces-ex-2_true.yml	true	correct	0.068809058	0.07278330496046692	25952256.0	0	2	60														
baseline	pso	r04	13-privatized_37-traces-ex-4_true.yml	true	correct	0.069324824	0.07479318301193416	26017792.0	0	2	56														
baseline	pso	r04	13-privatized_38-traces-ex-4-switch_true.yml	true	correct	0.071071087	0.07535290601663291	25972736.0	0	2	60														
baseline	pso	r04	13-privatized_19-publish-precision_unknown_1_pos.yml	false(unreach-call)	correct	0.064066377	0.06721301900688559	26013696.0	42	0	2														
baseline	pso	r04	13-privatized_19-publish-precision_unknown_2_pos.yml	false(unreach-call)	correct	0.069422558	0.07884421793278307	26021888.0	42	0	0														
baseline	pso	r04	13-privatized_19-publish-precision_unknown_1_neg.yml	false(unreach-call)	correct	0.072953735	0.08017755893524736	26025984.0	42	0	0														
baseline	pso	r04	13-privatized_19-publish-precision_unknown_2_neg.yml	false(unreach-call)	correct	0.067007136	0.07321244501508772	26042368.0	42	0	2														
baseline	pso	r04	13-privatized_45-traces-per-global-and-current-lock-mine-incomparable_true.yml	true	correct	0.068636901	0.07475555606652051	26079232.0	0	2	58														
baseline	pso	r04	13-privatized_01-priv_nr_true.yml	true	correct	0.067193073	0.07169404998421669	25952256.0	0	2	20														
baseline	pso	r04	13-privatized_19-publish-precision_true.yml	true	correct	0.075904685	0.07794855395331979	25972736.0	0	3	66														
baseline	pso	r04	13-privatized_42-traces-ex-mini_true.yml	true	correct	0.065849645	0.06829908792860806	26005504.0	0	2	40														
baseline	pso	r04	13-privatized_33-traces-v-matters_true.yml	true	correct	0.068063235	0.07257702806964517	25997312.0	0	1	20														
baseline	pso	r04	13-privatized_25-struct_nr_true.yml	true	correct	0.071337783	0.07737940095830709	26034176.0	0	2	20														
baseline	pso	r04	13-privatized_69-refine-protected-loop-interval_true.yml	true	correct	0.064243365	0.0690845069475472	26144768.0	0	0	2														
baseline	pso	r04	36-apron_17-traces-rpb-litmus_unknown_1_neg.yml	false(unreach-call)	correct	0.071129959	0.07856685493607074	26050560.0	42	0	0														
baseline	pso	r04	13-privatized_31-traces-mine-vs-mutex_true.yml	true	correct	0.072778795	0.0755744050256908	26128384.0	0	4	168														
baseline	pso	r04	13-privatized_20-publish-regression_true.yml	true	correct	0.063994368	0.06968332407996058	25980928.0	0	2	36														
baseline	pso	r04	13-privatized_30-traces-oplus-vs-meet_true.yml	true	correct	0.074397669	0.08159661502577364	26091520.0	0	2	60														
baseline	pso	r04	13-privatized_32-traces-mine-vs-oplus-vs-meet_true.yml	true	correct	0.066090148	0.07191626203712076	26116096.0	0	3	152														
baseline	pso	r04	13-privatized_34-traces-minepp-L-needs-to-be-um_true.yml	true	correct	0.06943323	0.0743528880411759	26021888.0	0	1	24														
baseline	pso	r04	13-privatized_68-pfscan_protected_loop_minimal_interval_true.yml	true	correct	0.07031134	0.0750818660017103	26103808.0	0	0	2														
baseline	pso	r04	13-privatized_29-multiple-protecting2-vesal_true.yml	true	correct	0.073029658	0.0780468910234049	26050560.0	0	4	176														
baseline	pso	r04	13-privatized_24-multiple-protecting_true.yml	true	correct	0.102626671	0.10936787899117917	26091520.0	0	7	852														
baseline	pso	r04	36-apron_21-traces-cluster-based_true.yml	true	correct	0.075906782	0.08230902906507254	26075136.0	0	6	172														
baseline	pso	r04	36-apron_22-traces-write-centered-vs-meet-mutex_true_no-overflow.yml	true	correct	0.060805093	0.0645985909504816	26034176.0	0	1	0														
baseline	pso	r04	13-privatized_27-multiple-protecting2_true.yml	true	correct	0.198258496	0.20753128395881504	26177536.0	0	26	3092														
baseline	pso	r04	14_spin2003.yml	true	correct	0.060786139	0.06949622393585742	26001408.0	0	0	2														
baseline	pso	r04	29_conditionals_vs.yml	true	correct	0.065905782	0.07202936697285622	25968640.0	0	0	0														
baseline	pso	r04	48_ticket_lock_low_contention_vs-pthread.yml	true	correct	0.067273309	0.07583961600903422	25948160.0	0	0	2														
baseline	pso	r04	46_monabsex2_vs.yml	true	correct	0.070567779	0.07551645999774337	25919488.0	0	0	18														
baseline	pso	r04	45_monabsex1_vs.yml	true	correct	0.069421296	0.08064578997436911	25952256.0	0	0	8														
baseline	pso	r04	stateful01-1.yml	false(unreach-call)	correct	0.06986833	0.07473241293337196	26034176.0	42	0	20														
baseline	pso	r04	stateful01-2.yml	true	correct	0.061192885	0.06837687199003994	26062848.0	0	6	246														
baseline	pso	r04	time_var_mutex.yml	true	correct	0.067155494	0.07192509598098695	26177536.0	0	2	44														
baseline	pso	r04	01b_inc.yml	true	correct	0.069399751	0.07594307395629585	26075136.0	0	0	10														
baseline	pso	r04	triangular-1.yml	TIMEOUT	error	60.977487929	61.01291387400124	26091520.0																	
baseline	pso	r04	triangular-2.yml	false(unreach-call)	correct	22.063163928	22.079171602032147	26062848.0	42	3638	493952														
baseline	pso	r04	02_inc_cas.yml	true	correct	0.067433035	0.07274671003688127	25985024.0	0	0	0														
baseline	pso	r04	28-race_reach_21-deref_read_racing.yml	false(unreach-call)	correct	3.289840535	3.302057289984077	56639488.0	42	0	0														
baseline	pso	r04	48_ticket_lock_low_contention_vs.yml	true	correct	0.075168125	0.08147249696776271	25993216.0	0	0	8														
baseline	pso	r04	28-race_reach_37-indirect_racing.yml	TIMEOUT	error	60.894339429	61.06542795000132	1057128448.0																	
baseline	pso	r04	28-race_reach_45-escape_racing.yml	false(unreach-call)	correct	0.066079365	0.0735217509791255	26107904.0	42	0	2														
baseline	pso	r04	28-race_reach_46-escape_racefree.yml	true	correct	0.063310462	0.06568469607736915	26038272.0	0	2	56														
baseline	pso	r04	28-race_reach_01-simple_racing.yml	TIMEOUT	error	61.044584119	61.06079228303861	1057091584.0																	
baseline	pso	r04	28-race_reach_11-ptr_racing.yml	TIMEOUT	error	61.043287061	61.066054170019925	1057136640.0																	
baseline	pso	r04	circular_buffer_bad.yml	false(unreach-call)	correct	0.093031298	0.10063748899847269	26210304.0	42	1	476														
baseline	pso	r04	fib_safe-5.yml	TIMEOUT	error	60.973195115	61.00574647204485	26046464.0																	
baseline	pso	r04	fib_safe-6.yml	TIMEOUT	error	60.820898169	61.01198439206928	26042368.0																	
baseline	pso	r04	fib_unsafe-5.yml	false(unreach-call)	correct	15.257107391	15.271760546020232	26091520.0	42	632	96526														
baseline	pso	r04	fib_unsafe-6.yml	TIMEOUT	error	60.976181964	61.011286448920146	26091520.0																	
baseline	pso	r04	fib_unsafe-7.yml	TIMEOUT	error	60.975653915	61.00682216894347	26107904.0																	
baseline	pso	r04	28-race_reach_24-sound_lock_racing.yml	TIMEOUT	error	61.049538633	61.071012106956914	1057140736.0																	
baseline	pso	r04	lazy01.yml	false(unreach-call)	correct	0.077877154	0.08342219702899456	26087424.0	42	1	36														
baseline	pso	r04	circular_buffer_ok.yml	TIMEOUT	error	60.978182432	61.01277657598257	26083328.0																	
baseline	pso	r04	szymanski.yml	true	correct	0.074844901	0.07872987701557577	26075136.0	0	6	756														
baseline	pso	r04	dekker.yml	true	correct	0.060541678	0.06656069005839527	26107904.0	0	4	70														
baseline	pso	r04	dekker-unfair.yml	true	correct	0.061465132	0.06757589103654027	26079232.0	0	4	74														
baseline	pso	r04	unwind3-1.yml	false(unreach-call)	correct	0.059752272	0.06613709195517004	26091520.0	42	1	6														
baseline	pso	r04	exponential-nondet.yml	true	correct	0.060827562	0.06491147796623409	26046464.0	0	1	0														
baseline	pso	r04	unwind2-1.yml	false(unreach-call)	correct	0.06227359	0.06403869506902993	26161152.0	42	1	6														
baseline	pso	r04	unwind2-100.yml	false(unreach-call)	correct	0.05998116	0.06651134393177927	26079232.0	42	1	6														
baseline	pso	r04	butterfly.yml	true	correct	26.586149611	26.60505021503195	26214400.0	0	64560	694890														
baseline	pso	r04	43_NetBSD_sysmon_power_sliced.yml	true	correct	0.060091651	0.06317325704731047	25960448.0	0	0	0														
baseline	pso	r04	28-race_reach_06-cond_racing1.yml	TIMEOUT	error	61.045275226	61.06338174198754	1057120256.0																	
baseline	pso	r04	queue_ok.yml	true	correct	0.082826232	0.08752141904551536	26165248.0	0	2	34														
baseline	pso	r04	queue_ok_longer.yml	true	correct	3.96080026	3.9763546279864386	120995840.0	0	2	34														
baseline	pso	r04	queue_ok_longest.yml	true	correct	19.699023909	19.753296656999737	477188096.0	0	2	34														
baseline	pso	r04	queue_longer.yml	TIMEOUT	error	60.88840327	61.01652933098376	81289216.0																	
baseline	pso	r04	queue.yml	false(unreach-call)	correct	1.102314693	1.1109426100738347	26165248.0	42	2	5918														
baseline	pso	r04	singleton.yml	false(unreach-call)	correct	0.073642292	0.0791503390064463	26337280.0	42	1	40														
baseline	pso	r04	singleton_with-uninit-problems.yml	true	correct	0.077526392	0.0805090379435569	26218496.0	0	4	130														
baseline	pso	r04	pthread-demo-datarace-3.yml	false(unreach-call)	correct	0.14488471	0.1521205820608884	26083328.0	42	0	80														
baseline	pso	r04	reorder_2.yml	false(unreach-call)	correct	0.625351214	0.6323619689792395	26238976.0	42	162	12692														
baseline	pso	r04	twostage_3.yml	false(unreach-call)	correct	0.084911141	0.09226874599698931	26357760.0	42	4	138														
baseline	pso	r04	race-1_1-join.yml	true	correct	0.072343055	0.07489610102493316	26218496.0	0	1	6														
baseline	pso	r04	race-1_3-join.yml	false(unreach-call)	correct	0.069195992	0.07628236396703869	26218496.0	42	1	26														
baseline	pso	r04	race-1_2-join.yml	false(unreach-call)	correct	0.074069514	0.07828162796795368	26222592.0	42	1	26														
baseline	pso	r04	race-4_1-thread_local_vars.yml	true	correct	0.066501563	0.07321794203016907	26353664.0	0	0	0														
baseline	pso	r04	race-2_1-container_of.yml	true	correct	0.070355103	0.07691787206567824	26349568.0	0	1	0														
baseline	pso	r04	race-3_1-container_of-global.yml	true	correct	0.070188919	0.07370583096053451	26349568.0	0	1	0														
candidate	sc	r01	13-privatized_66-mine-W-init_true.yml	true	correct	0.069329502	0.07329810399096459	25763840.0	0	1	0	0	0	0	0	0	0	0	0	0	0	0	0	0	0
candidate	sc	r01	36-apron_41-threadenter-no-locals_unknown_1_pos.yml	false(unreach-call)	correct	0.066059546	0.0699652109760791	25755648.0	42	0	0	0	0	0	0	0	0	0	0	0	0	0	0	0	0
candidate	sc	r01	36-apron_16-traces-unprot2_true.yml	true	correct	0.060473263	0.0669596700463444	25763840.0	0	1	0	0	0	0	0	0	0	0	0	0	0	0	0	0	0
candidate	sc	r01	13-privatized_57-singlethreaded-unlock_true.yml	true	correct	0.067542417	0.07623712392523885	25837568.0	0	1	0	0	0	0	0	0	0	0	0	0	0	0	0	0	0
candidate	sc	r01	13-privatized_47-refine-protected2_true.yml	true	correct	0.068952435	0.07640425802674145	25849856.0	0	2	0	0	0	0	0	0	0	0	0	0	0	3	0	0	0
candidate	sc	r01	13-privatized_46-refine-protected1_true.yml	true	correct	0.065343509	0.0738193920115009	25755648.0	0	1	0	0	0	0	0	0	0	0	0	0	0	0	0	0	0
candidate	sc	r01	36-apron_11-traces-max-simple_true.yml	true	correct	0.057114221	0.06388706096913666	25800704.0	0	2	0	0	0	0	0	0	0	0	0	0	0	3	0	0	0
candidate	sc	r01	13-privatized_41-traces-ex-7_unknown_1_pos.yml	false(unreach-call)	correct	0.067621138	0.07103003608062863	25792512.0	42	0	0	0	0	0	0	0	0	0	0	0	0	1	0	0	0
candidate	sc	r01	13-privatized_41-traces-ex-7_unknown_1_neg.yml	false(unreach-call)	correct	0.072732555	0.07706582103855908	25776128.0	42	0	0	0	0	0	0	0	0	0	0	0	0	0	0	0	0
candidate	sc	r01	13-privatized_40-traces-ex-6_true.yml	true	correct	0.060508603	0.06787608098238707	25788416.0	0	1	0	0	0	0	0	0	0	0	0	0	0	3	0	0	0
candidate	sc	r01	13-privatized_58-singlethreaded-lock_true.yml	true	correct	0.062941132	0.06882149004377425	25767936.0	0	1	0	0	0	0	0	0	0	0	0	0	0	0	0	0	0
candidate	sc	r01	13-privatized_44-traces-mine2_true.yml	true	correct	0.067912443	0.07403258595149964	25817088.0	0	1	0	0	0	0	0	0	0	0	0	0	0	1	0	0	0
candidate	sc	r01	13-privatized_18-first-reads_unknown_2_pos.yml	false(unreach-call)	correct	0.066935833	0.07106451701838523	25837568.0	42	0	0	0	0	0	0	0	0	0	0	0	0	1	0	0	0
candidate	sc	r01	13-privatized_18-first-reads_unknown_1_neg.yml	false(unreach-call)	correct	0.065851934	0.07047136104665697	25808896.0	42	0	0	0	0	0	0	0	0	0	0	0	0	1	0	0	0
candidate	sc	r01	13-privatized_36-traces-ex-3_true.yml	true	correct	0.056340708	0.06122335896361619	25767936.0	0	3	0	0	0	0	0	0	0	0	0	0	0	6	0	0	0
candidate	sc	r01	13-privatized_18-first-reads_true.yml	true	correct	0.066720454	0.06950168102048337	25882624.0	0	2	0	0	0	0	0	0	0	0	0	0	0	3	0	0	0
candidate	sc	r01	13-privatized_35-traces-ex-2_true.yml	true	correct	0.069002128	0.07782528200186789	25767936.0	0	2	0	0	0	0	0	0	0	0	0	0	0	5	0	0	0
candidate	sc	r01	13-privatized_37-traces-ex-4_true.yml	true	correct	0.061750461	0.06712448003236204	25862144.0	0	2	0	0	0	0	0	0	0	0	0	0	0	3	0	0	0
candidate	sc	r01	13-privatized_38-traces-ex-4-switch_true.yml	true	correct	0.067381	0.07056040200404823	25767936.0	0	2	0	0	0	0	0	0	0	0	0	0	0	5	0	0	0
candidate	sc	r01	13-privatized_19-publish-precision_unknown_1_pos.yml	false(unreach-call)	correct	0.068280066	0.07292800804134458	25833472.0	42	0	0	0	0	0	0	0	0	0	0	0	0	1	0	0	0
candidate	sc	r01	13-privatized_19-publish-precision_unknown_2_pos.yml	false(unreach-call)	correct	0.070207318	0.07478201005142182	25886720.0	42	0	0	0	0	0	0	0	0	0	0	0	0	0	0	0	0
candidate	sc	r01	13-privatized_19-publish-precision_unknown_1_neg.yml	false(unreach-call)	correct	0.062132802	0.06720298295840621	25899008.0	42	0	0	0	0	0	0	0	0	0	0	0	0	0	0	0	0
candidate	sc	r01	13-privatized_19-publish-precision_unknown_2_neg.yml	false(unreach-call)	correct	0.068375021	0.07082873699255288	25878528.0	42	0	0	0	0	0	0	0	0	0	0	0	0	1	0	0	0
candidate	sc	r01	13-privatized_45-traces-per-global-and-current-lock-mine-incomparable_true.yml	true	correct	0.065854063	0.06921870494261384	25878528.0	0	2	0	0	0	0	0	0	0	0	0	0	0	4	0	0	0
candidate	sc	r01	13-privatized_01-priv_nr_true.yml	true	correct	0.071109401	0.08032427600119263	25780224.0	0	2	0	0	0	0	0	0	0	0	0	0	0	3	0	0	0
candidate	sc	r01	13-privatized_19-publish-precision_true.yml	true	correct	0.066404084	0.06856511905789375	25882624.0	0	3	0	0	0	0	0	0	0	0	0	0	0	6	0	0	0
candidate	sc	r01	13-privatized_42-traces-ex-mini_true.yml	true	correct	0.074542254	0.080840019043535	25808896.0	0	2	0	0	0	0	0	0	0	0	0	0	0	3	0	0	0
candidate	sc	r01	13-privatized_33-traces-v-matters_true.yml	true	correct	0.071252858	0.07261147198732942	25878528.0	0	1	0	0	0	0	0	0	0	0	0	0	0	4	0	0	0
candidate	sc	r01	13-privatized_25-struct_nr_true.yml	true	correct	0.067287335	0.0734049869934097	25767936.0	0	2	0	0	0	0	0	0	0	0	0	0	0	3	0	0	0
candidate	sc	r01	13-privatized_69-refine-protected-loop-interval_true.yml	true	correct	0.061106662	0.06910938897635788	25923584.0	0	0	0	0	0	0	0	0	0	0	0	0	0	0	0	0	0
candidate	sc	r01	36-apron_17-traces-rpb-litmus_unknown_1_neg.yml	false(unreach-call)	correct	0.068754164	0.07307538902387023	25858048.0	42	0	0	0	0	0	0	0	0	0	0	0	0	0	0	0	0
candidate	sc	r01	13-privatized_31-traces-mine-vs-mutex_true.yml	true	correct	0.071703254	0.07665222405921668	25886720.0	0	4	0	0	0	0	0	0	0	0	0	0	0	9	0	0	0
candidate	sc	r01	13-privatized_20-publish-regression_true.yml	true	correct	0.057510027	0.06280728103592992	25862144.0	0	2	0	0	0	0	0	0	0	0	0	0	0	3	0	0	0
candidate	sc	r01	13-privatized_30-traces-oplus-vs-meet_true.yml	true	correct	0.07065825	0.0750616469886154	25903104.0	0	2	0	0	0	0	0	0	0	0	0	0	0	5	0	0	0
candidate	sc	r01	13-privatized_32-traces-mine-vs-oplus-vs-meet_true.yml	true	correct	0.075089864	0.07647500792518258	25841664.0	0	3	0	0	0	0	0	0	0	0	0	0	0	8	0	0	0
candidate	sc	r01	13-privatized_34-traces-minepp-L-needs-to-be-um_true.yml	true	correct	0.06829558	0.07201871601864696	25792512.0	0	1	0	0	0	0	0	0	0	0	0	0	0	3	0	0	0
candidate	sc	r01	13-privatized_68-pfscan_protected_loop_minimal_interval_true.yml	true	correct	0.073250069	0.07758307503536344	25931776.0	0	0	0	0	0	0	0	0	0	0	0	0	0	0	0	0	0
candidate	sc	r01	13-privatized_29-multiple-protecting2-vesal_true.yml	true	correct	0.065355449	0.06897269806358963	25915392.0	0	4	0	0	0	0	0	0	0	0	0	0	0	9	0	0	0
candidate	sc	r01	13-privatized_24-multiple-protecting_true.yml	true	correct	0.072751169	0.07681451609823853	25960448.0	0	7	0	0	0	0	0	0	0	0	0	0	0	18	0	0	0
candidate	sc	r01	36-apron_21-traces-cluster-based_true.yml	true	correct	0.070672724	0.07629880891181529	25980928.0	0	6	0	0	0	0	0	0	0	0	0	0	0	18	0	0	0
candidate	sc	r01	36-apron_22-traces-write-centered-vs-meet-mutex_true_no-overflow.yml	true	correct	0.068180399	0.07305433403234929	25874432.0	0	1	0	0	0	0	0	0	0	0	0	0	0	0	0	0	0
candidate	sc	r01	13-privatized_27-multiple-protecting2_true.yml	true	correct	0.078274669	0.0839105659397319	25911296.0	0	26	0	0	0	0	0	0	0	0	0	0	0	54	0	0	0
candidate	sc	r01	14_spin2003.yml	true	correct	0.069084392	0.07373062893748283	25755648.0	0	0	0	0	0	0	0	0	0	0	0	0	0	0	0	0	0
candidate	sc	r01	29_conditionals_vs.yml	true	correct	0.068782614	0.07794675999321043	25726976.0	0	0	0	0	0	0	0	0	0	0	0	0	0	0	0	0	0
candidate	sc	r01	48_ticket_lock_low_contention_vs-pthread.yml	true	correct	0.068341464	0.07021798798814416	25821184.0	0	0	0	0	0	0	0	0	0	0	0	0	0	0	0	0	0
candidate	sc	r01	46_monabsex2_vs.yml	true	correct	0.058112691	0.06175533100031316	25772032.0	0	0	0	0	0	0	0	0	0	0	0	0	0	0	0	0	0
candidate	sc	r01	45_monabsex1_vs.yml	true	correct	0.067679134	0.07048789807595313	25858048.0	0	0	0	0	0	0	0	0	0	0	0	0	0	0	0	0	0
candidate	sc	r01	stateful01-1.yml	false(unreach-call)	correct	0.068557711	0.07051685592159629	25923584.0	42	0	0	0	0	0	0	0	0	0	0	0	0	2	0	0	0
candidate	sc	r01	stateful01-2.yml	true	correct	0.062569864	0.07023070007562637	25907200.0	0	6	0	0	0	0	0	0	0	0	0	0	0	9	0	0	0
candidate	sc	r01	time_var_mutex.yml	true	correct	0.067022128	0.07157539494801313	25890816.0	0	2	0	0	0	0	0	0	0	0	0	0	0	3	0	0	0
candidate	sc	r01	01b_inc.yml	true	correct	0.064206793	0.06860801903530955	25845760.0	0	0	0	0	0	0	0	0	0	0	0	0	0	0	0	0	0
candidate	sc	r01	triangular-1.yml	true	correct	5.958214268	5.9752897849539295	25886720.0	0	16632	0	0	0	0	0	0	0	0	0	0	0	32277	0	0	0
candidate	sc	r01	triangular-2.yml	false(unreach-call)	correct	1.462510238	1.4704187989700586	25952256.0	42	3638	0	0	0	0	0	0	0	0	0	0	0	7732	0	0	0
candidate	sc	r01	02_inc_cas.yml	true	correct	0.069215222	0.07493296603206545	25772032.0	0	0	0	0	0	0	0	0	0	0	0	0	0	0	0	0	0
candidate	sc	r01	28-race_reach_21-deref_read_racing.yml	false(unreach-call)	correct	3.409785899	3.4226185739971697	56352768.0	42	0	0	0	0	0	0	0	0	0	0	0	0	0	0	0	0
candidate	sc	r01	48_ticket_lock_low_contention_vs.yml	true	correct	0.067092348	0.06954245897941291	25833472.0	0	0	0	0	0	0	0	0	0	0	0	0	0	0	0	0	0
candidate	sc	r01	28-race_reach_37-indirect_racing.yml	false(unreach-call)	correct	12.006005605	12.02583921700716	2061107200.0	42	0	0	0	0	0	0	0	0	0	0	0	0	1	0	0	0
candidate	sc	r01	28-race_reach_45-escape_racing.yml	false(unreach-call)	correct	0.073245187	0.07697926298715174	25899008.0	42	0	0	0	0	0	0	0	0	0	0	0	0	1	0	0	0
candidate	sc	r01	28-race_reach_46-escape_racefree.yml	true	correct	0.068348948	0.0728713619755581	25882624.0	0	2	0	0	0	0	0	0	0	0	0	0	0	3	0	0	0
candidate	sc	r01	28-race_reach_01-simple_racing.yml	false(unreach-call)	correct	12.043178193	12.066275399061851	2061062144.0	42	0	0	0	0	0	0	0	0	0	0	0	0	1	0	0	0
candidate	sc	r01	28-race_reach_11-ptr_racing.yml	false(unreach-call)	correct	12.024970885	12.058066093013622	2061008896.0	42	0	0	0	0	0	0	0	0	0	0	0	0	1	0	0	0
candidate	sc	r01	circular_buffer_bad.yml	false(unreach-call)	correct	0.079411266	0.08276975702028722	25985024.0	42	1	0	0	0	0	0	0	0	0	0	0	0	7	0	0	0
candidate	sc	r01	fib_safe-5.yml	true	correct	3.568009267	3.5843028449453413	25939968.0	0	2772	0	0	0	0	0	0	0	0	0	0	0	5163	0	0	0
candidate	sc	r01	fib_safe-6.yml	true	correct	17.766437206	17.787456223042682	25862144.0	0	12012	0	0	0	0	0	0	0	0	0	0	0	21777	0	0	0
candidate	sc	r01	fib_unsafe-5.yml	false(unreach-call)	correct	0.975573374	0.9851483179954812	25858048.0	42	632	0	0	0	0	0	0	0	0	0	0	0	1405	0	0	0
candidate	sc	r01	fib_unsafe-6.yml	false(unreach-call)	correct	4.954052243	4.964627632056363	25821184.0	42	2942	0	0	0	0	0	0	0	0	0	0	0	6177	0	0	0
candidate	sc	r01	fib_unsafe-7.yml	false(unreach-call)	correct	24.245009194	24.270879132905975	25882624.0	42	13238	0	0	0	0	0	0	0	0	0	0	0	26672	0	0	0
candidate	sc	r01	28-race_reach_24-sound_lock_racing.yml	false(unreach-call)	correct	11.730855788	11.750060947029851	2060951552.0	42	0	0	0	0	0	0	0	0	0	0	0	0	1	0	0	0
candidate	sc	r01	lazy01.yml	false(unreach-call)	correct	0.067453558	0.06929027906153351	25886720.0	42	1	0	0	0	0	0	0	0	0	0	0	0	4	0	0	0
candidate	sc	r01	circular_buffer_ok.yml	true	correct	2.888372054	2.897955883992836	25907200.0	0	3432	0	0	0	0	0	0	0	0	0	0	0	5148	0	0	0
candidate	sc	r01	szymanski.yml	true	correct	0.062260178	0.07241478806827217	25833472.0	0	6	0	1	365657	8228	7744	0	0	0	0	1	1	31	43	3	558
candidate	sc	r01	dekker.yml	true	correct	0.064736936	0.06949508294928819	25833472.0	0	4	0	1	446228	10625	10000	0	0	0	0	1	1	7	8	0	718
candidate	sc	r01	dekker-unfair.yml	true	correct	0.067025235	0.07350980106275529	25894912.0	0	4	0	1	442755	10625	10000	0	0	0	0	1	1	7	8	0	718
candidate	sc	r01	unwind3-1.yml	false(unreach-call)	correct	0.066029746	0.07217232102993876	25882624.0	42	1	0	0	0	0	0	0	0	0	0	0	0	1	0	0	0
candidate	sc	r01	exponential-nondet.yml	true	correct	0.064391298	0.06880179699510336	25931776.0	0	1	0	0	0	0	0	0	0	0	0	0	0	0	0	0	0
candidate	sc	r01	unwind2-1.yml	false(unreach-call)	correct	0.065132337	0.07206651195883751	25899008.0	42	1	0	0	0	0	0	0	0	0	0	0	0	0	0	0	0
candidate	sc	r01	unwind2-100.yml	false(unreach-call)	correct	0.061895557	0.06739392492454499	25972736.0	42	1	0	0	0	0	0	0	0	0	0	0	0	0	0	0	0
candidate	sc	r01	butterfly.yml	true	correct	12.571732903	12.58455554395914	26071040.0	0	64560	0	14	20304946	818873	808073	4090	0	0	0	14	14	196280	2206029	26358	3700
candidate	sc	r01	43_NetBSD_sysmon_power_sliced.yml	true	correct	0.065118534	0.06793241703417152	25767936.0	0	0	0	0	0	0	0	0	0	0	0	0	0	0	0	0	0
candidate	sc	r01	28-race_reach_06-cond_racing1.yml	false(unreach-call)	correct	11.550651876	11.571015533991158	2061033472.0	42	0	0	0	0	0	0	0	0	0	0	0	0	1	0	0	0
candidate	sc	r01	queue_ok.yml	true	correct	0.067947098	0.07385045802220702	26038272.0	0	2	0	0	0	0	0	0	0	0	0	0	0	3	0	0	0
candidate	sc	r01	queue_ok_longer.yml	true	correct	0.425507205	0.43046351592056453	79409152.0	0	2	0	0	0	0	0	0	0	0	0	0	0	3	0	0	0
candidate	sc	r01	queue_ok_longest.yml	true	correct	1.527356149	1.5322911839466542	276926464.0	0	2	0	0	0	0	0	0	0	0	0	0	0	3	0	0	0
candidate	sc	r01	queue_longer.yml	TIMEOUT	error	61.050171287	61.0843373099342	1157804032.0																	
candidate	sc	r01	queue.yml	false(unreach-call)	correct	0.087801396	0.09219870797824115	26017792.0	42	2	0	0	0	0	0	0	0	0	0	0	0	20	0	0	0
candidate	sc	r01	singleton.yml	false(unreach-call)	correct	0.074226484	0.07600132701918483	26062848.0	42	1	0	0	0	0	0	0	0	0	0	0	0	5	0	0	0
candidate	sc	r01	singleton_with-uninit-problems.yml	true	correct	0.07040288	0.0775833239313215	26062848.0	0	4	0	0	0	0	0	0	0	0	0	0	0	9	0	0	0
candidate	sc	r01	pthread-demo-datarace-3.yml	false(unreach-call)	correct	0.114744714	0.12179337604902685	25923584.0	42	0	0	0	0	0	0	0	0	0	0	0	0	40	0	0	0
candidate	sc	r01	reorder_2.yml	false(unreach-call)	correct	0.136630421	0.14423697802703828	25989120.0	42	162	0	0	0	0	0	0	0	0	0	0	0	322	0	0	0
candidate	sc	r01	twostage_3.yml	false(unreach-call)	correct	0.079856306	0.08759741100948304	26161152.0	42	4	0	0	0	0	0	0	0	0	0	0	0	20	0	0	0
candidate	sc	r01	race-1_1-join.yml	true	correct	0.061635345	0.06861628300976008	26066944.0	0	1	0	0	0	0	0	0	0	0	0	0	0	0	0	0	0
candidate	sc	r01	race-1_3-join.yml	false(unreach-call)	correct	0.064297995	0.07028153701685369	26030080.0	42	1	0	0	0	0	0	0	0	0	0	0	0	1	0	0	0
candidate	sc	r01	race-1_2-join.yml	false(unreach-call)	correct	0.064622122	0.07288943405728787	26025984.0	42	1	0	0	0	0	0	0	0	0	0	0	0	1	0	0	0
candidate	sc	r01	race-4_1-thread_local_vars.yml	true	correct	0.069860439	0.07491587090771645	26095616.0	0	0	0	0	0	0	0	0	0	0	0	0	0	0	0	0	0
candidate	sc	r01	race-2_1-container_of.yml	true	correct	0.064025375	0.06900122098159045	26210304.0	0	1	0	0	0	0	0	0	0	0	0	0	0	0	0	0	0
candidate	sc	r01	race-3_1-container_of-global.yml	true	correct	0.069605648	0.07265539397485554	26157056.0	0	1	0	0	0	0	0	0	0	0	0	0	0	0	0	0	0
candidate	sc	r02	13-privatized_66-mine-W-init_true.yml	true	correct	0.051380631	0.05903373705223203	25763840.0	0	1	0	0	0	0	0	0	0	0	0	0	0	0	0	0	0
candidate	sc	r02	36-apron_41-threadenter-no-locals_unknown_1_pos.yml	false(unreach-call)	correct	0.063749022	0.08483090496156365	25767936.0	42	0	0	0	0	0	0	0	0	0	0	0	0	0	0	0	0
candidate	sc	r02	36-apron_16-traces-unprot2_true.yml	true	correct	0.065865562	0.06980319099966437	25739264.0	0	1	0	0	0	0	0	0	0	0	0	0	0	0	0	0	0
candidate	sc	r02	13-privatized_57-singlethreaded-unlock_true.yml	true	correct	0.06160155	0.0805642360355705	25722880.0	0	1	0	0	0	0	0	0	0	0	0	0	0	0	0	0	0
candidate	sc	r02	13-privatized_47-refine-protected2_true.yml	true	correct	0.07226483	0.08224773406982422	25739264.0	0	2	0	0	0	0	0	0	0	0	0	0	0	3	0	0	0
candidate	sc	r02	13-privatized_46-refine-protected1_true.yml	true	correct	0.059578771	0.07107607403304428	25829376.0	0	1	0	0	0	0	0	0	0	0	0	0	0	0	0	0	0
candidate	sc	r02	36-apron_11-traces-max-simple_true.yml	true	correct	0.067683196	0.07250961498357356	25833472.0	0	2	0	0	0	0	0	0	0	0	0	0	0	3	0	0	0
candidate	sc	r02	13-privatized_41-traces-ex-7_unknown_1_pos.yml	false(unreach-call)	correct	0.071139843	0.08782751299440861	25796608.0	42	0	0	0	0	0	0	0	0	0	0	0	0	1	0	0	0
candidate	sc	r02	13-privatized_41-traces-ex-7_unknown_1_neg.yml	false(unreach-call)	correct	0.056665493	0.06275092798750848	25776128.0	42	0	0	0	0	0	0	0	0	0	0	0	0	0	0	0	0
candidate	sc	r02	13-privatized_40-traces-ex-6_true.yml	true	correct	0.068517764	0.07507018593605608	25759744.0	0	1	0	0	0	0	0	0	0	0	0	0	0	3	0	0	0
candidate	sc	r02	13-privatized_58-singlethreaded-lock_true.yml	true	correct	0.0717744	0.07945998199284077	25849856.0	0	1	0	0	0	0	0	0	0	0	0	0	0	0	0	0	0
candidate	sc	r02	13-privatized_44-traces-mine2_true.yml	true	correct	0.059528595	0.06301751802675426	25755648.0	0	1	0	0	0	0	0	0	0	0	0	0	0	1	0	0	0
candidate	sc	r02	13-privatized_18-first-reads_unknown_2_pos.yml	false(unreach-call)	correct	0.067367579	0.07191180996596813	25886720.0	42	0	0	0	0	0	0	0	0	0	0	0	0	1	0	0	0
candidate	sc	r02	13-privatized_18-first-reads_unknown_1_neg.yml	false(unreach-call)	correct	0.070182068	0.0725877289660275	25849856.0	42	0	0	0	0	0	0	0	0	0	0	0	0	1	0	0	0
candidate	sc	r02	13-privatized_36-traces-ex-3_true.yml	true	correct	0.076371828	0.07945557206403464	25792512.0	0	3	0	0	0	0	0	0	0	0	0	0	0	6	0	0	0
candidate	sc	r02	13-privatized_18-first-reads_true.yml	true	correct	0.068815847	0.07360297499690205	25817088.0	0	2	0	0	0	0	0	0	0	0	0	0	0	3	0	0	0
candidate	sc	r02	13-privatized_35-traces-ex-2_true.yml	true	correct	0.057386039	0.06460889405570924	25767936.0	0	2	0	0	0	0	0	0	0	0	0	0	0	5	0	0	0
candidate	sc	r02	13-privatized_37-traces-ex-4_true.yml	true	correct	0.068354237	0.07743798301089555	25776128.0	0	2	0	0	0	0	0	0	0	0	0	0	0	3	0	0	0
candidate	sc	r02	13-privatized_38-traces-ex-4-switch_true.yml	true	correct	0.062310632	0.07272569509223104	25792512.0	0	2	0	0	0	0	0	0	0	0	0	0	0	5	0	0	0
candidate	sc	r02	13-privatized_19-publish-precision_unknown_1_pos.yml	false(unreach-call)	correct	0.06906323	0.08077404100913554	25894912.0	42	0	0	0	0	0	0	0	0	0	0	0	0	1	0	0	0
candidate	sc	r02	13-privatized_19-publish-precision_unknown_2_pos.yml	false(unreach-call)	correct	0.065728505	0.06809952296316624	25821184.0	42	0	0	0	0	0	0	0	0	0	0	0	0	0	0	0	0
candidate	sc	r02	13-privatized_19-publish-precision_unknown_1_neg.yml	false(unreach-call)	correct	0.062321387	0.06449524604249746	25853952.0	42	0	0	0	0	0	0	0	0	0	0	0	0	0	0	0	0
candidate	sc	r02	13-privatized_19-publish-precision_unknown_2_neg.yml	false(unreach-call)	correct	0.06792046	0.07559519598726183	25780224.0	42	0	0	0	0	0	0	0	0	0	0	0	0	1	0	0	0
candidate	sc	r02	13-privatized_45-traces-per-global-and-current-lock-mine-incomparable_true.yml	true	correct	0.069147802	0.07508483598940074	25874432.0	0	2	0	0	0	0	0	0	0	0	0	0	0	4	0	0	0
candidate	sc	r02	13-privatized_01-priv_nr_true.yml	true	correct	0.060926649	0.0685459200758487	25751552.0	0	2	0	0	0	0	0	0	0	0	0	0	0	3	0	0	0
candidate	sc	r02	13-privatized_19-publish-precision_true.yml	true	correct	0.067786226	0.07610026898328215	25903104.0	0	3	0	0	0	0	0	0	0	0	0	0	0	6	0	0	0
candidate	sc	r02	13-privatized_42-traces-ex-mini_true.yml	true	correct	0.056720102	0.06512176594696939	25800704.0	0	2	0	0	0	0	0	0	0	0	0	0	0	3	0	0	0
candidate	sc	r02	13-privatized_33-traces-v-matters_true.yml	true	correct	0.072055322	0.08222855697385967	25849856.0	0	1	0	0	0	0	0	0	0	0	0	0	0	4	0	0	0
candidate	sc	r02	13-privatized_25-struct_nr_true.yml	true	correct	0.071466191	0.07740682503208518	25903104.0	0	2	0	0	0	0	0	0	0	0	0	0	0	3	0	0	0
candidate	sc	r02	13-privatized_69-refine-protected-loop-interval_true.yml	true	correct	0.05974948	0.0664043320575729	25919488.0	0	0	0	0	0	0	0	0	0	0	0	0	0	0	0	0	0
candidate	sc	r02	36-apron_17-traces-rpb-litmus_unknown_1_neg.yml	false(unreach-call)	correct	0.068669484	0.08161551994271576	25784320.0	42	0	0	0	0	0	0	0	0	0	0	0	0	0	0	0	0
candidate	sc	r02	13-privatized_31-traces-mine-vs-mutex_true.yml	true	correct	0.067618075	0.07281819102354348	25866240.0	0	4	0	0	0	0	0	0	0	0	0	0	0	9	0	0	0
candidate	sc	r02	13-privatized_20-publish-regression_true.yml	true	correct	0.061569942	0.06613393896259367	25804800.0	0	2	0	0	0	0	0	0	0	0	0	0	0	3	0	0	0
candidate	sc	r02	13-privatized_30-traces-oplus-vs-meet_true.yml	true	correct	0.070615764	0.07601027598138899	25796608.0	0	2	0	0	0	0	0	0	0	0	0	0	0	5	0	0	0
candidate	sc	r02	13-privatized_32-traces-mine-vs-oplus-vs-meet_true.yml	true	correct	0.06074423	0.06483389704953879	25899008.0	0	3	0	0	0	0	0	0	0	0	0	0	0	8	0	0	0
candidate	sc	r02	13-privatized_34-traces-minepp-L-needs-to-be-um_true.yml	true	correct	0.067944242	0.07165918801911175	25763840.0	0	1	0	0	0	0	0	0	0	0	0	0	0	3	0	0	0
candidate	sc	r02	13-privatized_68-pfscan_protected_loop_minimal_interval_true.yml	true	correct	0.073125599	0.07752428203821182	25849856.0	0	0	0	0	0	0	0	0	0	0	0	0	0	0	0	0	0
candidate	sc	r02	13-privatized_29-multiple-protecting2-vesal_true.yml	true	correct	0.064973527	0.07195691403467208	25923584.0	0	4	0	0	0	0	0	0	0	0	0	0	0	9	0	0	0
candidate	sc	r02	13-privatized_24-multiple-protecting_true.yml	true	correct	0.074110387	0.07909110095351934	25964544.0	0	7	0	0	0	0	0	0	0	0	0	0	0	18	0	0	0
candidate	sc	r02	36-apron_21-traces-cluster-based_true.yml	true	correct	0.074099051	0.08120134205091745	25935872.0	0	6	0	0	0	0	0	0	0	0	0	0	0	18	0	0	0
candidate	sc	r02	36-apron_22-traces-write-centered-vs-meet-mutex_true_no-overflow.yml	true	correct	0.059729562	0.06438297894783318	25899008.0	0	1	0	0	0	0	0	0	0	0	0	0	0	0	0	0	0
candidate	sc	r02	13-privatized_27-multiple-protecting2_true.yml	true	correct	0.081674301	0.09197251102887094	25927680.0	0	26	0	0	0	0	0	0	0	0	0	0	0	54	0	0	0
candidate	sc	r02	14_spin2003.yml	true	correct	0.054187555	0.06612646102439612	25739264.0	0	0	0	0	0	0	0	0	0	0	0	0	0	0	0	0	0
candidate	sc	r02	29_conditionals_vs.yml	true	correct	0.074464336	0.07900976703967899	25788416.0	0	0	0	0	0	0	0	0	0	0	0	0	0	0	0	0	0
candidate	sc	r02	48_ticket_lock_low_contention_vs-pthread.yml	true	correct	0.069360704	0.0742711320053786	25788416.0	0	0	0	0	0	0	0	0	0	0	0	0	0	0	0	0	0
candidate	sc	r02	46_monabsex2_vs.yml	true	correct	0.058090087	0.06403975002467632	25788416.0	0	0	0	0	0	0	0	0	0	0	0	0	0	0	0	0	0
candidate	sc	r02	45_monabsex1_vs.yml	true	correct	0.072260543	0.07529087201692164	25837568.0	0	0	0	0	0	0	0	0	0	0	0	0	0	0	0	0	0
candidate	sc	r02	stateful01-1.yml	false(unreach-call)	correct	0.061414037	0.066466114949435	25853952.0	42	0	0	0	0	0	0	0	0	0	0	0	0	2	0	0	0
candidate	sc	r02	stateful01-2.yml	true	correct	0.069246526	0.07179039099719375	25903104.0	0	6	0	0	0	0	0	0	0	0	0	0	0	9	0	0	0
candidate	sc	r02	time_var_mutex.yml	true	correct	0.068800942	0.07715775503311306	25935872.0	0	2	0	0	0	0	0	0	0	0	0	0	0	3	0	0	0
candidate	sc	r02	01b_inc.yml	true	correct	0.061811722	0.06423938705120236	25862144.0	0	0	0	0	0	0	0	0	0	0	0	0	0	0	0	0	0
candidate	sc	r02	triangular-1.yml	true	correct	6.024259501	6.036259310902096	25890816.0	0	16632	0	0	0	0	0	0	0	0	0	0	0	32277	0	0	0
candidate	sc	r02	triangular-2.yml	false(unreach-call)	correct	1.498794925	1.5035035200417042	25935872.0	42	3638	0	0	0	0	0	0	0	0	0	0	0	7732	0	0	0
candidate	sc	r02	02_inc_cas.yml	true	correct	0.060768668	0.06510902207810432	25903104.0	0	0	0	0	0	0	0	0	0	0	0	0	0	0	0	0	0
candidate	sc	r02	28-race_reach_21-deref_read_racing.yml	false(unreach-call)	correct	3.456667195	3.4909017889294773	56414208.0	42	0	0	0	0	0	0	0	0	0	0	0	0	0	0	0	0
candidate	sc	r02	48_ticket_lock_low_contention_vs.yml	true	correct	0.064478341	0.06896269507706165	25817088.0	0	0	0	0	0	0	0	0	0	0	0	0	0	0	0	0	0
candidate	sc	r02	28-race_reach_37-indirect_racing.yml	false(unreach-call)	correct	12.253935639	12.283131184987724	2061115392.0	42	0	0	0	0	0	0	0	0	0	0	0	0	1	0	0	0
candidate	sc	r02	28-race_reach_45-escape_racing.yml	false(unreach-call)	correct	0.069346929	0.07292577403131872	25907200.0	42	0	0	0	0	0	0	0	0	0	0	0	0	1	0	0	0
candidate	sc	r02	28-race_reach_46-escape_racefree.yml	true	correct	0.059077202	0.06278069003019482	25939968.0	0	2	0	0	0	0	0	0	0	0	0	0	0	3	0	0	0
candidate	sc	r02	28-race_reach_01-simple_racing.yml	false(unreach-call)	correct	12.114849113	12.135899198940024	2061066240.0	42	0	0	0	0	0	0	0	0	0	0	0	0	1	0	0	0
candidate	sc	r02	28-race_reach_11-ptr_racing.yml	false(unreach-call)	correct	12.16745487	12.194159964914434	2060935168.0	42	0	0	0	0	0	0	0	0	0	0	0	0	1	0	0	0
candidate	sc	r02	circular_buffer_bad.yml	false(unreach-call)	correct	0.076716111	0.08171659195795655	25899008.0	42	1	0	0	0	0	0	0	0	0	0	0	0	7	0	0	0
candidate	sc	r02	fib_safe-5.yml	true	correct	3.535559331	3.5558315260568634	25878528.0	0	2772	0	0	0	0	0	0	0	0	0	0	0	5163	0	0	0
candidate	sc	r02	fib_safe-6.yml	true	correct	18.075851229	18.115145704941824	25903104.0	0	12012	0	0	0	0	0	0	0	0	0	0	0	21777	0	0	0
candidate	sc	r02	fib_unsafe-5.yml	false(unreach-call)	correct	0.994220747	1.0015942360041663	25886720.0	42	632	0	0	0	0	0	0	0	0	0	0	0	1405	0	0	0
candidate	sc	r02	fib_unsafe-6.yml	false(unreach-call)	correct	5.012118298	5.024123891955242	25886720.0	42	2942	0	0	0	0	0	0	0	0	0	0	0	6177	0	0	0
candidate	sc	r02	fib_unsafe-7.yml	false(unreach-call)	correct	24.499948144	24.56317381199915	25858048.0	42	13238	0	0	0	0	0	0	0	0	0	0	0	26672	0	0	0
candidate	sc	r02	28-race_reach_24-sound_lock_racing.yml	false(unreach-call)	correct	11.803177831	11.829464520909823	2061058048.0	42	0	0	0	0	0	0	0	0	0	0	0	0	1	0	0	0
candidate	sc	r02	lazy01.yml	false(unreach-call)	correct	0.061983226	0.06396413594484329	25976832.0	42	1	0	0	0	0	0	0	0	0	0	0	0	4	0	0	0
candidate	sc	r02	circular_buffer_ok.yml	true	correct	2.886100082	2.9071321489755064	25989120.0	0	3432	0	0	0	0	0	0	0	0	0	0	0	5148	0	0	0
candidate	sc	r02	szymanski.yml	true	correct	0.065886959	0.07364979293197393	25862144.0	0	6	0	1	381419	8228	7744	0	0	0	0	1	1	31	43	3	558
candidate	sc	r02	dekker.yml	true	correct	0.067835602	0.07414770300965756	25849856.0	0	4	0	1	452021	10625	10000	0	0	0	0	1	1	7	8	0	718
candidate	sc	r02	dekker-unfair.yml	true	correct	0.061813464	0.07086220104247332	25919488.0	0	4	0	1	491891	10625	10000	0	0	0	0	1	1	7	8	0	718
candidate	sc	r02	unwind3-1.yml	false(unreach-call)	correct	0.06460202	0.07378160604275763	25894912.0	42	1	0	0	0	0	0	0	0	0	0	0	0	1	0	0	0
candidate	sc	r02	exponential-nondet.yml	true	correct	0.059626748	0.0680583369685337	25944064.0	0	1	0	0	0	0	0	0	0	0	0	0	0	0	0	0	0
candidate	sc	r02	unwind2-1.yml	false(unreach-call)	correct	0.06353934	0.0702378440182656	25915392.0	42	1	0	0	0	0	0	0	0	0	0	0	0	0	0	0	0
candidate	sc	r02	unwind2-100.yml	false(unreach-call)	correct	0.06399702	0.06883700401522219	25858048.0	42	1	0	0	0	0	0	0	0	0	0	0	0	0	0	0	0
candidate	sc	r02	butterfly.yml	true	correct	12.697511019	12.730379251996055	26034176.0	0	64560	0	14	20330759	818873	808073	4090	0	0	0	14	14	196280	2206029	26358	3700
candidate	sc	r02	43_NetBSD_sysmon_power_sliced.yml	true	correct	0.062240766	0.06927309208549559	25722880.0	0	0	0	0	0	0	0	0	0	0	0	0	0	0	0	0	0
candidate	sc	r02	28-race_reach_06-cond_racing1.yml	false(unreach-call)	correct	11.626928274	11.696569834952243	2061078528.0	42	0	0	0	0	0	0	0	0	0	0	0	0	1	0	0	0
candidate	sc	r02	queue_ok.yml	true	correct	0.072346062	0.07629119604825974	25985024.0	0	2	0	0	0	0	0	0	0	0	0	0	0	3	0	0	0
candidate	sc	r02	queue_ok_longer.yml	true	correct	0.430723783	0.4380365170072764	79421440.0	0	2	0	0	0	0	0	0	0	0	0	0	0	3	0	0	0
candidate	sc	r02	queue_ok_longest.yml	true	correct	1.527310553	1.5373598809819669	276967424.0	0	2	0	0	0	0	0	0	0	0	0	0	0	3	0	0	0
candidate	sc	r02	queue_longer.yml	TIMEOUT	error	61.047487494	61.081834731972776	1151414272.0																	
candidate	sc	r02	queue.yml	false(unreach-call)	correct	0.087561337	0.09626891394145787	26025984.0	42	2	0	0	0	0	0	0	0	0	0	0	0	20	0	0	0
candidate	sc	r02	singleton.yml	false(unreach-call)	correct	0.072566358	0.07839280704502016	26046464.0	42	1	0	0	0	0	0	0	0	0	0	0	0	5	0	0	0
candidate	sc	r02	singleton_with-uninit-problems.yml	true	correct	0.070890561	0.07905730500351638	26034176.0	0	4	0	0	0	0	0	0	0	0	0	0	0	9	0	0	0
candidate	sc	r02	pthread-demo-datarace-3.yml	false(unreach-call)	correct	0.11845474	0.12384736200328916	25886720.0	42	0	0	0	0	0	0	0	0	0	0	0	0	40	0	0	0
candidate	sc	r02	reorder_2.yml	false(unreach-call)	correct	0.140783366	0.14625598501879722	26034176.0	42	162	0	0	0	0	0	0	0	0	0	0	0	322	0	0	0
candidate	sc	r02	twostage_3.yml	false(unreach-call)	correct	0.076296687	0.08846695604734123	26152960.0	42	4	0	0	0	0	0	0	0	0	0	0	0	20	0	0	0
candidate	sc	r02	race-1_1-join.yml	true	correct	0.064245377	0.0701041310094297	25993216.0	0	1	0	0	0	0	0	0	0	0	0	0	0	0	0	0	0
candidate	sc	r02	race-1_3-join.yml	false(unreach-call)	correct	0.065961615	0.075358608039096	26038272.0	42	1	0	0	0	0	0	0	0	0	0	0	0	1	0	0	0
candidate	sc	r02	race-1_2-join.yml	false(unreach-call)	correct	0.067104	0.07009926601313055	26038272.0	42	1	0	0	0	0	0	0	0	0	0	0	0	1	0	0	0
candidate	sc	r02	race-4_1-thread_local_vars.yml	true	correct	0.069998051	0.07766252593137324	26189824.0	0	0	0	0	0	0	0	0	0	0	0	0	0	0	0	0	0
candidate	sc	r02	race-2_1-container_of.yml	true	correct	0.065040266	0.07002087600994855	26066944.0	0	1	0	0	0	0	0	0	0	0	0	0	0	0	0	0	0
candidate	sc	r02	race-3_1-container_of-global.yml	true	correct	0.067187451	0.07468568300828338	26157056.0	0	1	0	0	0	0	0	0	0	0	0	0	0	0	0	0	0
candidate	sc	r03	13-privatized_66-mine-W-init_true.yml	true	correct	0.070767476	0.07764977600891143	25755648.0	0	1	0	0	0	0	0	0	0	0	0	0	0	0	0	0	0
candidate	sc	r03	36-apron_41-threadenter-no-locals_unknown_1_pos.yml	false(unreach-call)	correct	0.057926815	0.06419445399660617	25780224.0	42	0	0	0	0	0	0	0	0	0	0	0	0	0	0	0	0
candidate	sc	r03	36-apron_16-traces-unprot2_true.yml	true	correct	0.065024369	0.07453389908187091	25833472.0	0	1	0	0	0	0	0	0	0	0	0	0	0	0	0	0	0
candidate	sc	r03	13-privatized_57-singlethreaded-unlock_true.yml	true	correct	0.077440437	0.08056884096004069	25862144.0	0	1	0	0	0	0	0	0	0	0	0	0	0	0	0	0	0
candidate	sc	r03	13-privatized_47-refine-protected2_true.yml	true	correct	0.06717849	0.0744236649479717	25841664.0	0	2	0	0	0	0	0	0	0	0	0	0	0	3	0	0	0
candidate	sc	r03	13-privatized_46-refine-protected1_true.yml	true	correct	0.06773637	0.07272338098846376	25759744.0	0	1	0	0	0	0	0	0	0	0	0	0	0	0	0	0	0
candidate	sc	r03	36-apron_11-traces-max-simple_true.yml	true	correct	0.065310909	0.07204417407047004	25833472.0	0	2	0	0	0	0	0	0	0	0	0	0	0	3	0	0	0
candidate	sc	r03	13-privatized_41-traces-ex-7_unknown_1_pos.yml	false(unreach-call)	correct	0.065172872	0.06702855206094682	25841664.0	42	0	0	0	0	0	0	0	0	0	0	0	0	1	0	0	0
candidate	sc	r03	13-privatized_41-traces-ex-7_unknown_1_neg.yml	false(unreach-call)	correct	0.05958131	0.06683667399920523	25763840.0	42	0	0	0	0	0	0	0	0	0	0	0	0	0	0	0	0
candidate	sc	r03	13-privatized_40-traces-ex-6_true.yml	true	correct	0.06487492	0.07334435102529824	25792512.0	0	1	0	0	0	0	0	0	0	0	0	0	0	3	0	0	0
candidate	sc	r03	13-privatized_58-singlethreaded-lock_true.yml	true	correct	0.069752555	0.0734162760199979	25739264.0	0	1	0	0	0	0	0	0	0	0	0	0	0	0	0	0	0
candidate	sc	r03	13-privatized_44-traces-mine2_true.yml	true	correct	0.067794571	0.07589828304480761	25751552.0	0	1	0	0	0	0	0	0	0	0	0	0	0	1	0	0	0
candidate	sc	r03	13-privatized_18-first-reads_unknown_2_pos.yml	false(unreach-call)	correct	0.069255607	0.07475495093967766	25821184.0	42	0	0	0	0	0	0	0	0	0	0	0	0	1	0	0	0
candidate	sc	r03	13-privatized_18-first-reads_unknown_1_neg.yml	false(unreach-call)	correct	0.06573515	0.07267435302492231	25886720.0	42	0	0	0	0	0	0	0	0	0	0	0	0	1	0	0	0
candidate	sc	r03	13-privatized_36-traces-ex-3_true.yml	true	correct	0.067679992	0.07379256992135197	25780224.0	0	3	0	0	0	0	0	0	0	0	0	0	0	6	0	0	0
candidate	sc	r03	13-privatized_18-first-reads_true.yml	true	correct	0.06703876	0.07184336904902011	25882624.0	0	2	0	0	0	0	0	0	0	0	0	0	0	3	0	0	0
candidate	sc	r03	13-privatized_35-traces-ex-2_true.yml	true	correct	0.064021805	0.06925217702519149	25862144.0	0	2	0	0	0	0	0	0	0	0	0	0	0	5	0	0	0
candidate	sc	r03	13-privatized_37-traces-ex-4_true.yml	true	correct	0.067997517	0.07567363698035479	25800704.0	0	2	0	0	0	0	0	0	0	0	0	0	0	3	0	0	0
candidate	sc	r03	13-privatized_38-traces-ex-4-switch_true.yml	true	correct	0.06970681	0.08015855401754379	25845760.0	0	2	0	0	0	0	0	0	0	0	0	0	0	5	0	0	0
candidate	sc	r03	13-privatized_19-publish-precision_unknown_1_pos.yml	false(unreach-call)	correct	0.075478608	0.09647172898985445	25800704.0	42	0	0	0	0	0	0	0	0	0	0	0	0	1	0	0	0
candidate	sc	r03	13-privatized_19-publish-precision_unknown_2_pos.yml	false(unreach-call)	correct	0.072941326	0.0938757659168914	25841664.0	42	0	0	0	0	0	0	0	0	0	0	0	0	0	0	0	0
candidate	sc	r03	13-privatized_19-publish-precision_unknown_1_neg.yml	false(unreach-call)	correct	0.06829541	0.07297371700406075	25784320.0	42	0	0	0	0	0	0	0	0	0	0	0	0	0	0	0	0
candidate	sc	r03	13-privatized_19-publish-precision_unknown_2_neg.yml	false(unreach-call)	correct	0.069401298	0.07400309096556157	25808896.0	42	0	0	0	0	0	0	0	0	0	0	0	0	1	0	0	0
candidate	sc	r03	13-privatized_45-traces-per-global-and-current-lock-mine-incomparable_true.yml	true	correct	0.065233403	0.07066934800241143	25829376.0	0	2	0	0	0	0	0	0	0	0	0	0	0	4	0	0	0
candidate	sc	r03	13-privatized_01-priv_nr_true.yml	true	correct	0.062299507	0.06603842205367982	25903104.0	0	2	0	0	0	0	0	0	0	0	0	0	0	3	0	0	0
candidate	sc	r03	13-privatized_19-publish-precision_true.yml	true	correct	0.070563416	0.07270397595129907	25899008.0	0	3	0	0	0	0	0	0	0	0	0	0	0	6	0	0	0
candidate	sc	r03	13-privatized_42-traces-ex-mini_true.yml	true	correct	0.069556871	0.07631439005490392	25870336.0	0	2	0	0	0	0	0	0	0	0	0	0	0	3	0	0	0
candidate	sc	r03	13-privatized_33-traces-v-matters_true.yml	true	correct	0.070310309	0.0743042939575389	25808896.0	0	1	0	0	0	0	0	0	0	0	0	0	0	4	0	0	0
candidate	sc	r03	13-privatized_25-struct_nr_true.yml	true	correct	0.07195758	0.07864490989595652	25808896.0	0	2	0	0	0	0	0	0	0	0	0	0	0	3	0	0	0
candidate	sc	r03	13-privatized_69-refine-protected-loop-interval_true.yml	true	correct	0.068932835	0.07844681199640036	25862144.0	0	0	0	0	0	0	0	0	0	0	0	0	0	0	0	0	0
candidate	sc	r03	36-apron_17-traces-rpb-litmus_unknown_1_neg.yml	false(unreach-call)	correct	0.068533633	0.07761265500448644	25808896.0	42	0	0	0	0	0	0	0	0	0	0	0	0	0	0	0	0
candidate	sc	r03	13-privatized_31-traces-mine-vs-mutex_true.yml	true	correct	0.072167646	0.0750710170250386	25899008.0	0	4	0	0	0	0	0	0	0	0	0	0	0	9	0	0	0
candidate	sc	r03	13-privatized_20-publish-regression_true.yml	true	correct	0.065747999	0.07006031402852386	25858048.0	0	2	0	0	0	0	0	0	0	0	0	0	0	3	0	0	0
candidate	sc	r03	13-privatized_30-traces-oplus-vs-meet_true.yml	true	correct	0.070211756	0.08099481195677072	25759744.0	0	2	0	0	0	0	0	0	0	0	0	0	0	5	0	0	0
candidate	sc	r03	13-privatized_32-traces-mine-vs-oplus-vs-meet_true.yml	true	correct	0.070115977	0.08249861805234104	25890816.0	0	3	0	0	0	0	0	0	0	0	0	0	0	8	0	0	0
candidate	sc	r03	13-privatized_34-traces-minepp-L-needs-to-be-um_true.yml	true	correct	0.070569615	0.07590292394161224	25862144.0	0	1	0	0	0	0	0	0	0	0	0	0	0	3	0	0	0
candidate	sc	r03	13-privatized_68-pfscan_protected_loop_minimal_interval_true.yml	true	correct	0.071976426	0.08019532600883394	25894912.0	0	0	0	0	0	0	0	0	0	0	0	0	0	0	0	0	0
candidate	sc	r03	13-privatized_29-multiple-protecting2-vesal_true.yml	true	correct	0.071465617	0.07696127297822386	25841664.0	0	4	0	0	0	0	0	0	0	0	0	0	0	9	0	0	0
candidate	sc	r03	13-privatized_24-multiple-protecting_true.yml	true	correct	0.074437286	0.07610485993791372	25944064.0	0	7	0	0	0	0	0	0	0	0	0	0	0	18	0	0	0
candidate	sc	r03	36-apron_21-traces-cluster-based_true.yml	true	correct	0.068372913	0.07332244794815779	25915392.0	0	6	0	0	0	0	0	0	0	0	0	0	0	18	0	0	0
candidate	sc	r03	36-apron_22-traces-write-centered-vs-meet-mutex_true_no-overflow.yml	true	correct	0.066512176	0.06985598907340318	25874432.0	0	1	0	0	0	0	0	0	0	0	0	0	0	0	0	0	0
candidate	sc	r03	13-privatized_27-multiple-protecting2_true.yml	true	correct	0.083259924	0.0866931569762528	25960448.0	0	26	0	0	0	0	0	0	0	0	0	0	0	54	0	0	0
candidate	sc	r03	14_spin2003.yml	true	correct	0.070825902	0.07713341095950454	25731072.0	0	0	0	0	0	0	0	0	0	0	0	0	0	0	0	0	0
candidate	sc	r03	29_conditionals_vs.yml	true	correct	0.06836117	0.07767825399059802	25731072.0	0	0	0	0	0	0	0	0	0	0	0	0	0	0	0	0	0
candidate	sc	r03	48_ticket_lock_low_contention_vs-pthread.yml	true	correct	0.070189636	0.07496032502967864	25808896.0	0	0	0	0	0	0	0	0	0	0	0	0	0	0	0	0	0
candidate	sc	r03	46_monabsex2_vs.yml	true	correct	0.065745477	0.07077348104212433	25829376.0	0	0	0	0	0	0	0	0	0	0	0	0	0	0	0	0	0
candidate	sc	r03	45_monabsex1_vs.yml	true	correct	0.06619602	0.0709468339337036	25833472.0	0	0	0	0	0	0	0	0	0	0	0	0	0	0	0	0	0
candidate	sc	r03	stateful01-1.yml	false(unreach-call)	correct	0.06846146	0.07342448004055768	25858048.0	42	0	0	0	0	0	0	0	0	0	0	0	0	2	0	0	0
candidate	sc	r03	stateful01-2.yml	true	correct	0.061017651	0.0657941639656201	25927680.0	0	6	0	0	0	0	0	0	0	0	0	0	0	9	0	0	0
candidate	sc	r03	time_var_mutex.yml	true	correct	0.071122411	0.07545171503443271	25923584.0	0	2	0	0	0	0	0	0	0	0	0	0	0	3	0	0	0
candidate	sc	r03	01b_inc.yml	true	correct	0.064633128	0.07077592797577381	25866240.0	0	0	0	0	0	0	0	0	0	0	0	0	0	0	0	0	0
candidate	sc	r03	triangular-1.yml	true	correct	6.071332943	6.110512711922638	25952256.0	0	16632	0	0	0	0	0	0	0	0	0	0	0	32277	0	0	0
candidate	sc	r03	triangular-2.yml	false(unreach-call)	correct	1.482166799	1.487219517934136	25882624.0	42	3638	0	0	0	0	0	0	0	0	0	0	0	7732	0	0	0
candidate	sc	r03	02_inc_cas.yml	true	correct	0.071167681	0.075003387988545	25870336.0	0	0	0	0	0	0	0	0	0	0	0	0	0	0	0	0	0
candidate	sc	r03	28-race_reach_21-deref_read_racing.yml	false(unreach-call)	correct	3.405431637	3.420081184944138	56516608.0	42	0	0	0	0	0	0	0	0	0	0	0	0	0	0	0	0
candidate	sc	r03	48_ticket_lock_low_contention_vs.yml	true	correct	0.070475754	0.07586803496815264	25866240.0	0	0	0	0	0	0	0	0	0	0	0	0	0	0	0	0	0
candidate	sc	r03	28-race_reach_37-indirect_racing.yml	false(unreach-call)	correct	12.040112004	12.072619938058779	2061029376.0	42	0	0	0	0	0	0	0	0	0	0	0	0	1	0	0	0
candidate	sc	r03	28-race_reach_45-escape_racing.yml	false(unreach-call)	correct	0.070960497	0.0777895050123334	25894912.0	42	0	0	0	0	0	0	0	0	0	0	0	0	1	0	0	0
candidate	sc	r03	28-race_reach_46-escape_racefree.yml	true	correct	0.072112309	0.08099541603587568	25935872.0	0	2	0	0	0	0	0	0	0	0	0	0	0	3	0	0	0
candidate	sc	r03	28-race_reach_01-simple_racing.yml	false(unreach-call)	correct	12.174694715	12.200345348916017	2061062144.0	42	0	0	0	0	0	0	0	0	0	0	0	0	1	0	0	0
candidate	sc	r03	28-race_reach_11-ptr_racing.yml	false(unreach-call)	correct	12.136324616	12.1581412559608	2060951552.0	42	0	0	0	0	0	0	0	0	0	0	0	0	1	0	0	0
candidate	sc	r03	circular_buffer_bad.yml	false(unreach-call)	correct	0.078594581	0.08330945996567607	25899008.0	42	1	0	0	0	0	0	0	0	0	0	0	0	7	0	0	0
candidate	sc	r03	fib_safe-5.yml	true	correct	3.628110516	3.650153598980978	25858048.0	0	2772	0	0	0	0	0	0	0	0	0	0	0	5163	0	0	0
candidate	sc	r03	fib_safe-6.yml	true	correct	17.955940136	18.00518782902509	25907200.0	0	12012	0	0	0	0	0	0	0	0	0	0	0	21777	0	0	0
candidate	sc	r03	fib_unsafe-5.yml	false(unreach-call)	correct	1.003834079	1.0502534890547395	25849856.0	42	632	0	0	0	0	0	0	0	0	0	0	0	1405	0	0	0
candidate	sc	r03	fib_unsafe-6.yml	false(unreach-call)	correct	4.985403289	5.028037590091117	25837568.0	42	2942	0	0	0	0	0	0	0	0	0	0	0	6177	0	0	0
candidate	sc	r03	fib_unsafe-7.yml	false(unreach-call)	correct	24.529864394	24.664125927025452	25882624.0	42	13238	0	0	0	0	0	0	0	0	0	0	0	26672	0	0	0
candidate	sc	r03	28-race_reach_24-sound_lock_racing.yml	false(unreach-call)	correct	11.794709013	11.815889501012862	2060967936.0	42	0	0	0	0	0	0	0	0	0	0	0	0	1	0	0	0
candidate	sc	r03	lazy01.yml	false(unreach-call)	correct	0.066234893	0.07214315596502274	25907200.0	42	1	0	0	0	0	0	0	0	0	0	0	0	4	0	0	0
candidate	sc	r03	circular_buffer_ok.yml	true	correct	2.920370122	2.9358122600242496	25985024.0	0	3432	0	0	0	0	0	0	0	0	0	0	0	5148	0	0	0
candidate	sc	r03	szymanski.yml	true	correct	0.063790576	0.07159559894353151	25849856.0	0	6	0	1	360205	8228	7744	0	0	0	0	1	1	31	43	3	558
candidate	sc	r03	dekker.yml	true	correct	0.065162085	0.07521893107332289	25890816.0	0	4	0	1	456080	10625	10000	0	0	0	0	1	1	7	8	0	718
candidate	sc	r03	dekker-unfair.yml	true	correct	0.066201223	0.07918909704312682	25886720.0	0	4	0	1	498992	10625	10000	0	0	0	0	1	1	7	8	0	718
candidate	sc	r03	unwind3-1.yml	false(unreach-call)	correct	0.064912858	0.06964853894896805	25841664.0	42	1	0	0	0	0	0	0	0	0	0	0	0	1	0	0	0
candidate	sc	r03	exponential-nondet.yml	true	correct	0.064912419	0.06680594803765416	25890816.0	0	1	0	0	0	0	0	0	0	0	0	0	0	0	0	0	0
candidate	sc	r03	unwind2-1.yml	false(unreach-call)	correct	0.059919649	0.06839872803539038	25882624.0	42	1	0	0	0	0	0	0	0	0	0	0	0	0	0	0	0
candidate	sc	r03	unwind2-100.yml	false(unreach-call)	correct	0.059328127	0.064577147946693	25911296.0	42	1	0	0	0	0	0	0	0	0	0	0	0	0	0	0	0
candidate	sc	r03	butterfly.yml	true	correct	12.796543242	12.81745463295374	26009600.0	0	64560	0	14	20347691	818873	808073	4090	0	0	0	14	14	196280	2206029	26358	3700
candidate	sc	r03	43_NetBSD_sysmon_power_sliced.yml	true	correct	0.058481296	0.06381424400024116	25800704.0	0	0	0	0	0	0	0	0	0	0	0	0	0	0	0	0	0
candidate	sc	r03	28-race_reach_06-cond_racing1.yml	false(unreach-call)	correct	11.681590804	11.706088136998005	2061000704.0	42	0	0	0	0	0	0	0	0	0	0	0	0	1	0	0	0
candidate	sc	r03	queue_ok.yml	true	correct	0.072698829	0.07845998904667795	26013696.0	0	2	0	0	0	0	0	0	0	0	0	0	0	3	0	0	0
candidate	sc	r03	queue_ok_longer.yml	true	correct	0.433732417	0.4405426310840994	79355904.0	0	2	0	0	0	0	0	0	0	0	0	0	0	3	0	0	0
candidate	sc	r03	queue_ok_longest.yml	true	correct	1.509719284	1.5231759060407057	276951040.0	0	2	0	0	0	0	0	0	0	0	0	0	0	3	0	0	0
candidate	sc	r03	queue_longer.yml	TIMEOUT	error	61.045634284	61.080941310035996	1146408960.0																	
candidate	sc	r03	queue.yml	false(unreach-call)	correct	0.089325838	0.09334377595223486	26095616.0	42	2	0	0	0	0	0	0	0	0	0	0	0	20	0	0	0
candidate	sc	r03	singleton.yml	false(unreach-call)	correct	0.065203987	0.07149894000031054	25997312.0	42	1	0	0	0	0	0	0	0	0	0	0	0	5	0	0	0
candidate	sc	r03	singleton_with-uninit-problems.yml	true	correct	0.068677594	0.0764173959614709	26116096.0	0	4	0	0	0	0	0	0	0	0	0	0	0	9	0	0	0
candidate	sc	r03	pthread-demo-datarace-3.yml	false(unreach-call)	correct	0.11731579	0.12537059106398374	25837568.0	42	0	0	0	0	0	0	0	0	0	0	0	0	40	0	0	0
candidate	sc	r03	reorder_2.yml	false(unreach-call)	correct	0.133059006	0.1405084499856457	25939968.0	42	162	0	0	0	0	0	0	0	0	0	0	0	322	0	0	0
candidate	sc	r03	twostage_3.yml	false(unreach-call)	correct	0.077570073	0.08381605800241232	26157056.0	42	4	0	0	0	0	0	0	0	0	0	0	0	20	0	0	0
candidate	sc	r03	race-1_1-join.yml	true	correct	0.06055863	0.06344815902411938	26054656.0	0	1	0	0	0	0	0	0	0	0	0	0	0	0	0	0	0
candidate	sc	r03	race-1_3-join.yml	false(unreach-call)	correct	0.070099615	0.07754922099411488	26124288.0	42	1	0	0	0	0	0	0	0	0	0	0	0	1	0	0	0
candidate	sc	r03	race-1_2-join.yml	false(unreach-call)	correct	0.062304388	0.06827384093776345	26030080.0	42	1	0	0	0	0	0	0	0	0	0	0	0	1	0	0	0
candidate	sc	r03	race-4_1-thread_local_vars.yml	true	correct	0.064731767	0.07207096600905061	26148864.0	0	0	0	0	0	0	0	0	0	0	0	0	0	0	0	0	0
candidate	sc	r03	race-2_1-container_of.yml	true	correct	0.062487113	0.07006075500976294	26120192.0	0	1	0	0	0	0	0	0	0	0	0	0	0	0	0	0	0
candidate	sc	r03	race-3_1-container_of-global.yml	true	correct	0.06597399	0.0713604079792276	26091520.0	0	1	0	0	0	0	0	0	0	0	0	0	0	0	0	0	0
candidate	sc	r04	13-privatized_66-mine-W-init_true.yml	true	correct	0.06417375	0.06956308404915035	25722880.0	0	1	0	0	0	0	0	0	0	0	0	0	0	0	0	0	0
candidate	sc	r04	36-apron_41-threadenter-no-locals_unknown_1_pos.yml	false(unreach-call)	correct	0.065991693	0.0674380799755454	25726976.0	42	0	0	0	0	0	0	0	0	0	0	0	0	0	0	0	0
candidate	sc	r04	36-apron_16-traces-unprot2_true.yml	true	correct	0.070566564	0.07451301102992147	25800704.0	0	1	0	0	0	0	0	0	0	0	0	0	0	0	0	0	0
candidate	sc	r04	13-privatized_57-singlethreaded-unlock_true.yml	true	correct	0.07134022	0.07520259299781173	25755648.0	0	1	0	0	0	0	0	0	0	0	0	0	0	0	0	0	0
candidate	sc	r04	13-privatized_47-refine-protected2_true.yml	true	correct	0.073052277	0.07729227398522198	25759744.0	0	2	0	0	0	0	0	0	0	0	0	0	0	3	0	0	0
candidate	sc	r04	13-privatized_46-refine-protected1_true.yml	true	correct	0.063319223	0.07376781199127436	25812992.0	0	1	0	0	0	0	0	0	0	0	0	0	0	0	0	0	0
candidate	sc	r04	36-apron_11-traces-max-simple_true.yml	true	correct	0.069401868	0.07550816098228097	25792512.0	0	2	0	0	0	0	0	0	0	0	0	0	0	3	0	0	0
candidate	sc	r04	13-privatized_41-traces-ex-7_unknown_1_pos.yml	false(unreach-call)	correct	0.067449537	0.06980942003428936	25772032.0	42	0	0	0	0	0	0	0	0	0	0	0	0	1	0	0	0
candidate	sc	r04	13-privatized_41-traces-ex-7_unknown_1_neg.yml	false(unreach-call)	correct	0.070362563	0.07617419399321079	25825280.0	42	0	0	0	0	0	0	0	0	0	0	0	0	0	0	0	0
candidate	sc	r04	13-privatized_40-traces-ex-6_true.yml	true	correct	0.06617384	0.07107510906644166	25837568.0	0	1	0	0	0	0	0	0	0	0	0	0	0	3	0	0	0
candidate	sc	r04	13-privatized_58-singlethreaded-lock_true.yml	true	correct	0.061813244	0.06812525901477784	25784320.0	0	1	0	0	0	0	0	0	0	0	0	0	0	0	0	0	0
candidate	sc	r04	13-privatized_44-traces-mine2_true.yml	true	correct	0.066759382	0.07330915296915919	25792512.0	0	1	0	0	0	0	0	0	0	0	0	0	0	1	0	0	0
candidate	sc	r04	13-privatized_18-first-reads_unknown_2_pos.yml	false(unreach-call)	correct	0.070946155	0.0764298849971965	25772032.0	42	0	0	0	0	0	0	0	0	0	0	0	0	1	0	0	0
candidate	sc	r04	13-privatized_18-first-reads_unknown_1_neg.yml	false(unreach-call)	correct	0.074839725	0.07633504807017744	25899008.0	42	0	0	0	0	0	0	0	0	0	0	0	0	1	0	0	0
candidate	sc	r04	13-privatized_36-traces-ex-3_true.yml	true	correct	0.064205655	0.0667037699604407	25804800.0	0	3	0	0	0	0	0	0	0	0	0	0	0	6	0	0	0
candidate	sc	r04	13-privatized_18-first-reads_true.yml	true	correct	0.066789422	0.07389718003105372	25890816.0	0	2	0	0	0	0	0	0	0	0	0	0	0	3	0	0	0
candidate	sc	r04	13-privatized_35-traces-ex-2_true.yml	true	correct	0.064809964	0.07098555599804968	25841664.0	0	2	0	0	0	0	0	0	0	0	0	0	0	5	0	0	0
candidate	sc	r04	13-privatized_37-traces-ex-4_true.yml	true	correct	0.068417781	0.08023542794398963	25800704.0	0	2	0	0	0	0	0	0	0	0	0	0	0	3	0	0	0
candidate	sc	r04	13-privatized_38-traces-ex-4-switch_true.yml	true	correct	0.069293215	0.07591001503169537	25759744.0	0	2	0	0	0	0	0	0	0	0	0	0	0	5	0	0	0
candidate	sc	r04	13-privatized_19-publish-precision_unknown_1_pos.yml	false(unreach-call)	correct	0.072693344	0.0795011919690296	25899008.0	42	0	0	0	0	0	0	0	0	0	0	0	0	1	0	0	0
candidate	sc	r04	13-privatized_19-publish-precision_unknown_2_pos.yml	false(unreach-call)	correct	0.075457163	0.08469614700879902	25890816.0	42	0	0	0	0	0	0	0	0	0	0	0	0	0	0	0	0
candidate	sc	r04	13-privatized_19-publish-precision_unknown_1_neg.yml	false(unreach-call)	correct	0.077784483	0.08250553999096155	25800704.0	42	0	0	0	0	0	0	0	0	0	0	0	0	0	0	0	0
candidate	sc	r04	13-privatized_19-publish-precision_unknown_2_neg.yml	false(unreach-call)	correct	0.060942658	0.06565292493905872	25780224.0	42	0	0	0	0	0	0	0	0	0	0	0	0	1	0	0	0
candidate	sc	r04	13-privatized_45-traces-per-global-and-current-lock-mine-incomparable_true.yml	true	correct	0.066240997	0.07063764298800379	25739264.0	0	2	0	0	0	0	0	0	0	0	0	0	0	4	0	0	0
candidate	sc	r04	13-privatized_01-priv_nr_true.yml	true	correct	0.068291427	0.0729081790195778	25862144.0	0	2	0	0	0	0	0	0	0	0	0	0	0	3	0	0	0
candidate	sc	r04	13-privatized_19-publish-precision_true.yml	true	correct	0.06946752	0.07690727105364203	25759744.0	0	3	0	0	0	0	0	0	0	0	0	0	0	6	0	0	0
candidate	sc	r04	13-privatized_42-traces-ex-mini_true.yml	true	correct	0.064867169	0.07347844203468412	25780224.0	0	2	0	0	0	0	0	0	0	0	0	0	0	3	0	0	0
candidate	sc	r04	13-privatized_33-traces-v-matters_true.yml	true	correct	0.071041818	0.07247961300890893	25759744.0	0	1	0	0	0	0	0	0	0	0	0	0	0	4	0	0	0
candidate	sc	r04	13-privatized_25-struct_nr_true.yml	true	correct	0.071728562	0.07595460291486233	25874432.0	0	2	0	0	0	0	0	0	0	0	0	0	0	3	0	0	0
candidate	sc	r04	13-privatized_69-refine-protected-loop-interval_true.yml	true	correct	0.07012839	0.07673456205520779	25886720.0	0	0	0	0	0	0	0	0	0	0	0	0	0	0	0	0	0
candidate	sc	r04	36-apron_17-traces-rpb-litmus_unknown_1_neg.yml	false(unreach-call)	correct	0.06832682	0.07291034597437829	25792512.0	42	0	0	0	0	0	0	0	0	0	0	0	0	0	0	0	0
candidate	sc	r04	13-privatized_31-traces-mine-vs-mutex_true.yml	true	correct	0.058915004	0.06287405302282423	25845760.0	0	4	0	0	0	0	0	0	0	0	0	0	0	9	0	0	0
candidate	sc	r04	13-privatized_20-publish-regression_true.yml	true	correct	0.068055423	0.07221736491192132	25903104.0	0	2	0	0	0	0	0	0	0	0	0	0	0	3	0	0	0
candidate	sc	r04	13-privatized_30-traces-oplus-vs-meet_true.yml	true	correct	0.073762773	0.07560335099697113	25894912.0	0	2	0	0	0	0	0	0	0	0	0	0	0	5	0	0	0
candidate	sc	r04	13-privatized_32-traces-mine-vs-oplus-vs-meet_true.yml	true	correct	0.06984613	0.07320424704812467	25882624.0	0	3	0	0	0	0	0	0	0	0	0	0	0	8	0	0	0
candidate	sc	r04	13-privatized_34-traces-minepp-L-needs-to-be-um_true.yml	true	correct	0.067993736	0.07522623392287642	25767936.0	0	1	0	0	0	0	0	0	0	0	0	0	0	3	0	0	0
candidate	sc	r04	13-privatized_68-pfscan_protected_loop_minimal_interval_true.yml	true	correct	0.073844311	0.07793041097465903	25907200.0	0	0	0	0	0	0	0	0	0	0	0	0	0	0	0	0	0
candidate	sc	r04	13-privatized_29-multiple-protecting2-vesal_true.yml	true	correct	0.072377291	0.08025994198396802	25894912.0	0	4	0	0	0	0	0	0	0	0	0	0	0	9	0	0	0
candidate	sc	r04	13-privatized_24-multiple-protecting_true.yml	true	correct	0.067038765	0.07225099590141326	25919488.0	0	7	0	0	0	0	0	0	0	0	0	0	0	18	0	0	0
candidate	sc	r04	36-apron_21-traces-cluster-based_true.yml	true	correct	0.059713817	0.06728924391791224	25931776.0	0	6	0	0	0	0	0	0	0	0	0	0	0	18	0	0	0
candidate	sc	r04	36-apron_22-traces-write-centered-vs-meet-mutex_true_no-overflow.yml	true	correct	0.069427404	0.07533240597695112	25825280.0	0	1	0	0	0	0	0	0	0	0	0	0	0	0	0	0	0
candidate	sc	r04	13-privatized_27-multiple-protecting2_true.yml	true	correct	0.08499094	0.08726901898626238	25972736.0	0	26	0	0	0	0	0	0	0	0	0	0	0	54	0	0	0
candidate	sc	r04	14_spin2003.yml	true	correct	0.070113315	0.07597776700276881	25755648.0	0	0	0	0	0	0	0	0	0	0	0	0	0	0	0	0	0
candidate	sc	r04	29_conditionals_vs.yml	true	correct	0.071420507	0.07507872697897255	25747456.0	0	0	0	0	0	0	0	0	0	0	0	0	0	0	0	0	0
candidate	sc	r04	48_ticket_lock_low_contention_vs-pthread.yml	true	correct	0.068653504	0.078399992082268	25747456.0	0	0	0	0	0	0	0	0	0	0	0	0	0	0	0	0	0
candidate	sc	r04	46_monabsex2_vs.yml	true	correct	0.066244548	0.06986449495889246	25845760.0	0	0	0	0	0	0	0	0	0	0	0	0	0	0	0	0	0
candidate	sc	r04	45_monabsex1_vs.yml	true	correct	0.058579325	0.0651823659427464	25870336.0	0	0	0	0	0	0	0	0	0	0	0	0	0	0	0	0	0
candidate	sc	r04	stateful01-1.yml	false(unreach-call)	correct	0.068783193	0.07442749303299934	25886720.0	42	0	0	0	0	0	0	0	0	0	0	0	0	2	0	0	0
candidate	sc	r04	stateful01-2.yml	true	correct	0.072509097	0.07614664197899401	25845760.0	0	6	0	0	0	0	0	0	0	0	0	0	0	9	0	0	0
candidate	sc	r04	time_var_mutex.yml	true	correct	0.072694803	0.0819285799516365	25862144.0	0	2	0	0	0	0	0	0	0	0	0	0	0	3	0	0	0
candidate	sc	r04	01b_inc.yml	true	correct	0.068825409	0.07834179501514882	25890816.0	0	0	0	0	0	0	0	0	0	0	0	0	0	0	0	0	0
candidate	sc	r04	triangular-1.yml	true	correct	6.009622501	6.0229184470372275	25919488.0	0	16632	0	0	0	0	0	0	0	0	0	0	0	32277	0	0	0
candidate	sc	r04	triangular-2.yml	false(unreach-call)	correct	1.45986129	1.471004834980704	25899008.0	42	3638	0	0	0	0	0	0	0	0	0	0	0	7732	0	0	0
candidate	sc	r04	02_inc_cas.yml	true	correct	0.068747402	0.07621985604055226	25882624.0	0	0	0	0	0	0	0	0	0	0	0	0	0	0	0	0	0
candidate	sc	r04	28-race_reach_21-deref_read_racing.yml	false(unreach-call)	correct	3.272486839	3.2865881259785965	56401920.0	42	0	0	0	0	0	0	0	0	0	0	0	0	0	0	0	0
candidate	sc	r04	48_ticket_lock_low_contention_vs.yml	true	correct	0.066046153	0.0710913969669491	25886720.0	0	0	0	0	0	0	0	0	0	0	0	0	0	0	0	0	0
candidate	sc	r04	28-race_reach_37-indirect_racing.yml	false(unreach-call)	correct	12.170643239	12.19392682693433	2061103104.0	42	0	0	0	0	0	0	0	0	0	0	0	0	1	0	0	0
candidate	sc	r04	28-race_reach_45-escape_racing.yml	false(unreach-call)	correct	0.070290593	0.07739929400850087	25894912.0	42	0	0	0	0	0	0	0	0	0	0	0	0	1	0	0	0
candidate	sc	r04	28-race_reach_46-escape_racefree.yml	true	correct	0.07351074	0.07931918103713542	25845760.0	0	2	0	0	0	0	0	0	0	0	0	0	0	3	0	0	0
candidate	sc	r04	28-race_reach_01-simple_racing.yml	false(unreach-call)	correct	12.221513606	12.271067979978397	2060984320.0	42	0	0	0	0	0	0	0	0	0	0	0	0	1	0	0	0
candidate	sc	r04	28-race_reach_11-ptr_racing.yml	false(unreach-call)	correct	12.210309998	12.23562780302018	2061037568.0	42	0	0	0	0	0	0	0	0	0	0	0	0	1	0	0	0
candidate	sc	r04	circular_buffer_bad.yml	false(unreach-call)	correct	0.076116576	0.07850839698221534	26005504.0	42	1	0	0	0	0	0	0	0	0	0	0	0	7	0	0	0
candidate	sc	r04	fib_safe-5.yml	true	correct	3.577944977	3.610714417998679	25890816.0	0	2772	0	0	0	0	0	0	0	0	0	0	0	5163	0	0	0
candidate	sc	r04	fib_safe-6.yml	true	correct	17.965837218	17.998516230960377	25927680.0	0	12012	0	0	0	0	0	0	0	0	0	0	0	21777	0	0	0
candidate	sc	r04	fib_unsafe-5.yml	false(unreach-call)	correct	0.985512257	0.9982672150945291	25894912.0	42	632	0	0	0	0	0	0	0	0	0	0	0	1405	0	0	0
candidate	sc	r04	fib_unsafe-6.yml	false(unreach-call)	correct	4.95983628	4.978048482909799	25853952.0	42	2942	0	0	0	0	0	0	0	0	0	0	0	6177	0	0	0
candidate	sc	r04	fib_unsafe-7.yml	false(unreach-call)	correct	24.418896672	24.448628870071843	25890816.0	42	13238	0	0	0	0	0	0	0	0	0	0	0	26672	0	0	0
candidate	sc	r04	28-race_reach_24-sound_lock_racing.yml	false(unreach-call)	correct	11.801624652	11.83048363099806	2061074432.0	42	0	0	0	0	0	0	0	0	0	0	0	0	1	0	0	0
candidate	sc	r04	lazy01.yml	false(unreach-call)	correct	0.060027221	0.06768099498003721	25976832.0	42	1	0	0	0	0	0	0	0	0	0	0	0	4	0	0	0
candidate	sc	r04	circular_buffer_ok.yml	true	correct	2.918626924	2.9481693980051205	25886720.0	0	3432	0	0	0	0	0	0	0	0	0	0	0	5148	0	0	0
candidate	sc	r04	szymanski.yml	true	correct	0.068834766	0.07573664397932589	25886720.0	0	6	0	1	366032	8228	7744	0	0	0	0	1	1	31	43	3	558
candidate	sc	r04	dekker.yml	true	correct	0.06627166	0.07131723500788212	25853952.0	0	4	0	1	446391	10625	10000	0	0	0	0	1	1	7	8	0	718
candidate	sc	r04	dekker-unfair.yml	true	correct	0.064048598	0.07291293900925666	25853952.0	0	4	0	1	441244	10625	10000	0	0	0	0	1	1	7	8	0	718
candidate	sc	r04	unwind3-1.yml	false(unreach-call)	correct	0.06396196	0.0766481680329889	25882624.0	42	1	0	0	0	0	0	0	0	0	0	0	0	1	0	0	0
candidate	sc	r04	exponential-nondet.yml	true	correct	0.063968317	0.07295781397260725	25903104.0	0	1	0	0	0	0	0	0	0	0	0	0	0	0	0	0	0
candidate	sc	r04	unwind2-1.yml	false(unreach-call)	correct	0.064154106	0.07090464804787189	25899008.0	42	1	0	0	0	0	0	0	0	0	0	0	0	0	0	0	0
candidate	sc	r04	unwind2-100.yml	false(unreach-call)	correct	0.061539047	0.06926018698140979	25927680.0	42	1	0	0	0	0	0	0	0	0	0	0	0	0	0	0	0
candidate	sc	r04	butterfly.yml	true	correct	12.730951963	12.82020586496219	26030080.0	0	64560	0	14	20178234	818873	808073	4090	0	0	0	14	14	196280	2206029	26358	3700
candidate	sc	r04	43_NetBSD_sysmon_power_sliced.yml	true	correct	0.061802982	0.07123561506159604	25731072.0	0	0	0	0	0	0	0	0	0	0	0	0	0	0	0	0	0
candidate	sc	r04	28-race_reach_06-cond_racing1.yml	false(unreach-call)	correct	11.762068416	11.846801656065509	2061017088.0	42	0	0	0	0	0	0	0	0	0	0	0	0	1	0	0	0
candidate	sc	r04	queue_ok.yml	true	correct	0.066282201	0.07409283600281924	26009600.0	0	2	0	0	0	0	0	0	0	0	0	0	0	3	0	0	0
candidate	sc	r04	queue_ok_longer.yml	true	correct	0.426892917	0.4326703199185431	79413248.0	0	2	0	0	0	0	0	0	0	0	0	0	0	3	0	0	0
candidate	sc	r04	queue_ok_longest.yml	true	correct	1.542700293	1.566212180070579	276914176.0	0	2	0	0	0	0	0	0	0	0	0	0	0	3	0	0	0
candidate	sc	r04	queue_longer.yml	TIMEOUT	error	60.985209865	61.08264088095166	1147998208.0																	
candidate	sc	r04	queue.yml	false(unreach-call)	correct	0.089531841	0.09827574901282787	26099712.0	42	2	0	0	0	0	0	0	0	0	0	0	0	20	0	0	0
candidate	sc	r04	singleton.yml	false(unreach-call)	correct	0.068648462	0.0747036860557273	26054656.0	42	1	0	0	0	0	0	0	0	0	0	0	0	5	0	0	0
candidate	sc	r04	singleton_with-uninit-problems.yml	true	correct	0.071848703	0.08053138700779527	26124288.0	0	4	0	0	0	0	0	0	0	0	0	0	0	9	0	0	0
candidate	sc	r04	pthread-demo-datarace-3.yml	false(unreach-call)	correct	0.119135691	0.12594741606153548	25944064.0	42	0	0	0	0	0	0	0	0	0	0	0	0	40	0	0	0
candidate	sc	r04	reorder_2.yml	false(unreach-call)	correct	0.136148006	0.14241867093369365	25989120.0	42	162	0	0	0	0	0	0	0	0	0	0	0	322	0	0	0
candidate	sc	r04	twostage_3.yml	false(unreach-call)	correct	0.077365631	0.084506198996678	26165248.0	42	4	0	0	0	0	0	0	0	0	0	0	0	20	0	0	0
candidate	sc	r04	race-1_1-join.yml	true	correct	0.063972769	0.07533155602868646	26001408.0	0	1	0	0	0	0	0	0	0	0	0	0	0	0	0	0	0
candidate	sc	r04	race-1_3-join.yml	false(unreach-call)	correct	0.067109118	0.07450526708271354	26030080.0	42	1	0	0	0	0	0	0	0	0	0	0	0	1	0	0	0
candidate	sc	r04	race-1_2-join.yml	false(unreach-call)	correct	0.062947909	0.07223147095646709	26030080.0	42	1	0	0	0	0	0	0	0	0	0	0	0	1	0	0	0
candidate	sc	r04	race-4_1-thread_local_vars.yml	true	correct	0.066593156	0.07370327902026474	26165248.0	0	0	0	0	0	0	0	0	0	0	0	0	0	0	0	0	0
candidate	sc	r04	race-2_1-container_of.yml	true	correct	0.064003955	0.07468274398706853	26169344.0	0	1	0	0	0	0	0	0	0	0	0	0	0	0	0	0	0
candidate	sc	r04	race-3_1-container_of-global.yml	true	correct	0.066946788	0.07459098496474326	26169344.0	0	1	0	0	0	0	0	0	0	0	0	0	0	0	0	0	0
candidate	tso	r01	13-privatized_66-mine-W-init_true.yml	true	correct	0.077869084	0.0801658860873431	25935872.0	0	1	0	0	0	0	0	0	0	0	0	0	0	0	0	0	0
candidate	tso	r01	36-apron_41-threadenter-no-locals_unknown_1_pos.yml	false(unreach-call)	correct	0.071517814	0.07503387308679521	25899008.0	42	0	0	0	0	0	0	0	0	0	0	0	0	0	0	0	0
candidate	tso	r01	36-apron_16-traces-unprot2_true.yml	true	correct	0.06584011	0.06989724200684577	25976832.0	0	1	0	0	0	0	0	0	0	0	0	0	0	0	0	0	0
candidate	tso	r01	13-privatized_57-singlethreaded-unlock_true.yml	true	correct	0.072182972	0.0766822180012241	25935872.0	0	1	0	0	0	0	0	0	0	0	0	0	0	0	0	0	0
candidate	tso	r01	13-privatized_47-refine-protected2_true.yml	true	correct	0.057845803	0.06628104893025011	25927680.0	0	2	4	0	0	0	0	0	0	0	0	0	0	3	0	0	0
candidate	tso	r01	13-privatized_46-refine-protected1_true.yml	true	correct	0.059638878	0.06638814904727042	25968640.0	0	1	0	0	0	0	0	0	0	0	0	0	0	0	0	0	0
candidate	tso	r01	36-apron_11-traces-max-simple_true.yml	true	correct	0.069545198	0.07470675406511873	25944064.0	0	2	4	0	0	0	0	0	0	0	0	0	0	3	0	0	0
candidate	tso	r01	13-privatized_41-traces-ex-7_unknown_1_pos.yml	false(unreach-call)	correct	0.067555489	0.07024253997951746	26030080.0	42	0	2	0	0	0	0	0	0	0	0	0	0	1	0	0	0
candidate	tso	r01	13-privatized_41-traces-ex-7_unknown_1_neg.yml	false(unreach-call)	correct	0.071009857	0.07717439089901745	25960448.0	42	0	0	0	0	0	0	0	0	0	0	0	0	0	0	0	0
candidate	tso	r01	13-privatized_40-traces-ex-6_true.yml	true	correct	0.073531278	0.08090298797469586	26001408.0	0	1	4	0	0	0	0	0	0	0	0	0	0	3	0	0	0
candidate	tso	r01	13-privatized_58-singlethreaded-lock_true.yml	true	correct	0.067194592	0.07195789704564959	25915392.0	0	1	0	0	0	0	0	0	0	0	0	0	0	0	0	0	0
candidate	tso	r01	13-privatized_44-traces-mine2_true.yml	true	correct	0.062474771	0.07160685199778527	25939968.0	0	1	2	0	0	0	0	0	0	0	0	0	0	1	0	0	0
candidate	tso	r01	13-privatized_18-first-reads_unknown_2_pos.yml	false(unreach-call)	correct	0.072452758	0.07693118904717267	26042368.0	42	0	2	0	0	0	0	0	0	0	0	0	0	1	0	0	0
candidate	tso	r01	13-privatized_18-first-reads_unknown_1_neg.yml	false(unreach-call)	correct	0.060824274	0.0650874930433929	25993216.0	42	0	2	0	0	0	0	0	0	0	0	0	0	1	0	0	0
candidate	tso	r01	13-privatized_36-traces-ex-3_true.yml	true	correct	0.068650913	0.07321920699905604	25944064.0	0	3	8	0	0	0	0	0	0	0	0	0	0	6	0	0	0
candidate	tso	r01	13-privatized_18-first-reads_true.yml	true	correct	0.063769789	0.0685730678960681	26021888.0	0	2	4	0	0	0	0	0	0	0	0	0	0	3	0	0	0
candidate	tso	r01	13-privatized_35-traces-ex-2_true.yml	true	correct	0.067445751	0.07613474293611944	25931776.0	0	2	8	0	0	0	0	0	0	0	0	0	0	5	0	0	0
candidate	tso	r01	13-privatized_37-traces-ex-4_true.yml	true	correct	0.073436474	0.07860923395492136	25944064.0	0	2	4	0	0	0	0	0	0	0	0	0	0	3	0	0	0
candidate	tso	r01	13-privatized_38-traces-ex-4-switch_true.yml	true	correct	0.073304975	0.08025885000824928	26021888.0	0	2	8	0	0	0	0	0	0	0	0	0	0	5	0	0	0
candidate	tso	r01	13-privatized_19-publish-precision_unknown_1_pos.yml	false(unreach-call)	correct	0.062773942	0.07084947498515248	25960448.0	42	0	2	0	0	0	0	0	0	0	0	0	0	1	0	0	0
candidate	tso	r01	13-privatized_19-publish-precision_unknown_2_pos.yml	false(unreach-call)	correct	0.072880323	0.07674674596637487	25927680.0	42	0	0	0	0	0	0	0	0	0	0	0	0	0	0	0	0
candidate	tso	r01	13-privatized_19-publish-precision_unknown_1_neg.yml	false(unreach-call)	correct	0.062258731	0.06828069593757391	26030080.0	42	0	0	0	0	0	0	0	0	0	0	0	0	0	0	0	0
candidate	tso	r01	13-privatized_19-publish-precision_unknown_2_neg.yml	false(unreach-call)	correct	0.068111625	0.07239286496769637	26066944.0	42	0	2	0	0	0	0	0	0	0	0	0	0	1	0	0	0
candidate	tso	r01	13-privatized_45-traces-per-global-and-current-lock-mine-incomparable_true.yml	true	correct	0.071025365	0.07324033207260072	26058752.0	0	2	6	0	0	0	0	0	0	0	0	0	0	4	0	0	0
candidate	tso	r01	13-privatized_01-priv_nr_true.yml	true	correct	0.069155066	0.07364702294580638	25952256.0	0	2	4	0	0	0	0	0	0	0	0	0	0	3	0	0	0
candidate	tso	r01	13-privatized_19-publish-precision_true.yml	true	correct	0.073825321	0.07811609900090843	25997312.0	0	3	8	0	0	0	0	0	0	0	0	0	0	6	0	0	0
candidate	tso	r01	13-privatized_42-traces-ex-mini_true.yml	true	correct	0.062062091	0.06658871204126626	26017792.0	0	2	4	0	0	0	0	0	0	0	0	0	0	3	0	0	0
candidate	tso	r01	13-privatized_33-traces-v-matters_true.yml	true	correct	0.0696533	0.07668842398561537	26017792.0	0	1	6	0	0	0	0	0	0	0	0	0	0	4	0	0	0
candidate	tso	r01	13-privatized_25-struct_nr_true.yml	true	correct	0.076605023	0.08262960310094059	26058752.0	0	2	4	0	0	0	0	0	0	0	0	0	0	3	0	0	0
candidate	tso	r01	13-privatized_69-refine-protected-loop-interval_true.yml	true	correct	0.066697351	0.07255329808685929	26091520.0	0	0	0	0	0	0	0	0	0	0	0	0	0	0	0	0	0
candidate	tso	r01	36-apron_17-traces-rpb-litmus_unknown_1_neg.yml	false(unreach-call)	correct	0.070855199	0.07697970990557224	26013696.0	42	0	0	0	0	0	0	0	0	0	0	0	0	0	0	0	0
candidate	tso	r01	13-privatized_31-traces-mine-vs-mutex_true.yml	true	correct	0.073263658	0.076268021017313	25989120.0	0	4	12	0	0	0	0	0	0	0	0	0	0	9	0	0	0
candidate	tso	r01	13-privatized_20-publish-regression_true.yml	true	correct	0.06936524	0.07587653200607747	26079232.0	0	2	4	0	0	0	0	0	0	0	0	0	0	3	0	0	0
candidate	tso	r01	13-privatized_30-traces-oplus-vs-meet_true.yml	true	correct	0.06108428	0.06617561599705368	25960448.0	0	2	8	0	0	0	0	0	0	0	0	0	0	5	0	0	0
candidate	tso	r01	13-privatized_32-traces-mine-vs-oplus-vs-meet_true.yml	true	correct	0.071899506	0.0783214180264622	26009600.0	0	3	12	0	0	0	0	0	0	0	0	0	0	8	0	0	0
candidate	tso	r01	13-privatized_34-traces-minepp-L-needs-to-be-um_true.yml	true	correct	0.061361218	0.06584048306103796	26054656.0	0	1	4	0	0	0	0	0	0	0	0	0	0	3	0	0	0
candidate	tso	r01	13-privatized_68-pfscan_protected_loop_minimal_interval_true.yml	true	correct	0.071404931	0.07680937508121133	26042368.0	0	0	0	0	0	0	0	0	0	0	0	0	0	0	0	0	0
candidate	tso	r01	13-privatized_29-multiple-protecting2-vesal_true.yml	true	correct	0.068267501	0.07515672303270549	25989120.0	0	4	12	0	0	0	0	0	0	0	0	0	0	9	0	0	0
candidate	tso	r01	13-privatized_24-multiple-protecting_true.yml	true	correct	0.071897914	0.07614275300875306	26017792.0	0	7	24	0	0	0	0	0	0	0	0	0	0	18	0	0	0
candidate	tso	r01	36-apron_21-traces-cluster-based_true.yml	true	correct	0.073552209	0.07967821892816573	26144768.0	0	6	26	0	0	0	0	0	0	0	0	0	0	18	0	0	0
candidate	tso	r01	36-apron_22-traces-write-centered-vs-meet-mutex_true_no-overflow.yml	true	correct	0.060234573	0.07052705402020365	26095616.0	0	1	0	0	0	0	0	0	0	0	0	0	0	0	0	0	0
candidate	tso	r01	13-privatized_27-multiple-protecting2_true.yml	true	correct	0.081131787	0.08884572796523571	26128384.0	0	26	72	0	0	0	0	0	0	0	0	0	0	54	0	0	0
candidate	tso	r01	14_spin2003.yml	true	correct	0.060713087	0.06738254299852997	25915392.0	0	0	0	0	0	0	0	0	0	0	0	0	0	0	0	0	0
candidate	tso	r01	29_conditionals_vs.yml	true	correct	0.072737545	0.0773960700025782	25866240.0	0	0	0	0	0	0	0	0	0	0	0	0	0	0	0	0	0
candidate	tso	r01	48_ticket_lock_low_contention_vs-pthread.yml	true	correct	0.065454596	0.07327049190644175	26013696.0	0	0	0	0	0	0	0	0	0	0	0	0	0	0	0	0	0
candidate	tso	r01	46_monabsex2_vs.yml	true	correct	0.068314452	0.07396117597818375	25960448.0	0	0	0	0	0	0	0	0	0	0	0	0	0	0	0	0	0
candidate	tso	r01	45_monabsex1_vs.yml	true	correct	0.070135548	0.07751636509783566	26025984.0	0	0	0	0	0	0	0	0	0	0	0	0	0	0	0	0	0
candidate	tso	r01	stateful01-1.yml	false(unreach-call)	correct	0.068318276	0.07752157899085432	26050560.0	42	0	4	0	0	0	0	0	0	0	0	0	0	2	0	0	0
candidate	tso	r01	stateful01-2.yml	true	correct	0.060612426	0.06905239005573094	26091520.0	0	6	12	0	0	0	0	0	0	0	0	0	0	9	0	0	0
candidate	tso	r01	time_var_mutex.yml	true	correct	0.068068526	0.07503192499279976	26161152.0	0	2	4	0	0	0	0	0	0	0	0	0	0	3	0	0	0
candidate	tso	r01	01b_inc.yml	true	correct	0.070889765	0.07668361300602555	25976832.0	0	0	0	0	0	0	0	0	0	0	0	0	0	0	0	0	0
candidate	tso	r01	triangular-1.yml	true	correct	7.756615351	7.776507482980378	26083328.0	0	16632	43036	0	0	0	0	0	0	0	0	0	0	32277	0	0	0
candidate	tso	r01	triangular-2.yml	false(unreach-call)	correct	1.863894955	1.8694461580598727	26025984.0	42	3638	10316	0	0	0	0	0	0	0	0	0	0	7732	0	0	0
candidate	tso	r01	02_inc_cas.yml	true	correct	0.077214122	0.07962728897109628	26034176.0	0	0	0	0	0	0	0	0	0	0	0	0	0	0	0	0	0
candidate	tso	r01	28-race_reach_21-deref_read_racing.yml	false(unreach-call)	correct	3.371105332	3.390893431031145	56676352.0	42	0	0	0	0	0	0	0	0	0	0	0	0	0	0	0	0
candidate	tso	r01	48_ticket_lock_low_contention_vs.yml	true	correct	0.064919487	0.07010791299398988	25997312.0	0	0	0	0	0	0	0	0	0	0	0	0	0	0	0	0	0
candidate	tso	r01	28-race_reach_37-indirect_racing.yml	TIMEOUT	error	61.031135866	61.07015329191927	1057144832.0																	
candidate	tso	r01	28-race_reach_45-escape_racing.yml	false(unreach-call)	correct	0.063295083	0.06676205201074481	26062848.0	42	0	2	0	0	0	0	0	0	0	0	0	0	1	0	0	0
candidate	tso	r01	28-race_reach_46-escape_racefree.yml	true	correct	0.065500511	0.07277084898669273	26021888.0	0	2	4	0	0	0	0	0	0	0	0	0	0	3	0	0	0
candidate	tso	r01	28-race_reach_01-simple_racing.yml	TIMEOUT	error	60.880916432	61.06656192603987	1057165312.0																	
candidate	tso	r01	28-race_reach_11-ptr_racing.yml	TIMEOUT	error	61.038940697	61.0676328970585	1057079296.0																	
candidate	tso	r01	circular_buffer_bad.yml	false(unreach-call)	correct	0.068550373	0.07512653502635658	26165248.0	42	1	14	0	0	0	0	0	0	0	0	0	0	7	0	0	0
candidate	tso	r01	fib_safe-5.yml	true	correct	6.40728502	6.435687502962537	26058752.0	0	2772	6884	0	0	0	0	0	0	0	0	0	0	5163	0	0	0
candidate	tso	r01	fib_safe-6.yml	true	correct	33.391893737	33.55724465404637	26030080.0	0	12012	29036	0	0	0	0	0	0	0	0	0	0	21777	0	0	0
candidate	tso	r01	fib_unsafe-5.yml	false(unreach-call)	correct	1.771964197	1.780603616964072	26034176.0	42	632	1880	0	0	0	0	0	0	0	0	0	0	1405	0	0	0
candidate	tso	r01	fib_unsafe-6.yml	false(unreach-call)	correct	9.293766329	9.693497402011417	26025984.0	42	2942	8244	0	0	0	0	0	0	0	0	0	0	6177	0	0	0
candidate	tso	r01	fib_unsafe-7.yml	false(unreach-call)	correct	48.340585939	48.38276728603523	26021888.0	42	13238	35572	0	0	0	0	0	0	0	0	0	0	26672	0	0	0
candidate	tso	r01	28-race_reach_24-sound_lock_racing.yml	TIMEOUT	error	61.038373513	61.05963062203955	1057161216.0																	
candidate	tso	r01	lazy01.yml	false(unreach-call)	correct	0.069065823	0.0749757649609819	26030080.0	42	1	6	0	0	0	0	0	0	0	0	0	0	4	0	0	0
candidate	tso	r01	circular_buffer_ok.yml	true	correct	4.082755097	4.099506436963566	26165248.0	0	3432	6864	0	0	0	0	0	0	0	0	0	0	5148	0	0	0
candidate	tso	r01	szymanski.yml	true	correct	0.074031878	0.07947455497924238	26071040.0	0	6	56	1	1296765	21912	32516	6424	1	29642	38	1	1	31	67	3	1163
candidate	tso	r01	dekker.yml	true	correct	0.068911019	0.07552916998974979	26017792.0	0	4	14	1	1469280	28275	41975	7100	1	33340	38	1	1	7	8	0	1163
candidate	tso	r01	dekker-unfair.yml	true	correct	0.070885399	0.08160686492919922	26050560.0	0	4	14	1	1442036	28275	41975	7100	1	32198	38	1	1	7	8	0	1163
candidate	tso	r01	unwind3-1.yml	false(unreach-call)	correct	0.069378051	0.07123247906565666	26025984.0	42	1	2	0	0	0	0	0	0	0	0	0	0	1	0	0	0
candidate	tso	r01	exponential-nondet.yml	true	correct	0.06811026	0.07468096003867686	26025984.0	0	1	0	0	0	0	0	0	0	0	0	0	0	0	0	0	0
candidate	tso	r01	unwind2-1.yml	false(unreach-call)	correct	0.066071382	0.07437957299407572	26173440.0	42	1	0	0	0	0	0	0	0	0	0	0	0	0	0	0	0
candidate	tso	r01	unwind2-100.yml	false(unreach-call)	correct	0.067776528	0.07508693810086697	26161152.0	42	1	0	0	0	0	0	0	0	0	0	0	0	0	0	0	0
candidate	tso	r01	butterfly.yml	true	correct	18.007860823	18.180843999027275	26136576.0	0	64560	251398	14	65943900	2172507	3205331	406042	14	1082483	532	14	14	196280	2644670	26358	7720
candidate	tso	r01	43_NetBSD_sysmon_power_sliced.yml	true	correct	0.064087178	0.0680825230665505	25923584.0	0	0	0	0	0	0	0	0	0	0	0	0	0	0	0	0	0
candidate	tso	r01	28-race_reach_06-cond_racing1.yml	TIMEOUT	error	60.993204827	61.057062718085945	1057087488.0																	
candidate	tso	r01	queue_ok.yml	true	correct	0.081116749	0.08519676001742482	26243072.0	0	2	4	0	0	0	0	0	0	0	0	0	0	3	0	0	0
candidate	tso	r01	queue_ok_longer.yml	true	correct	1.146800998	1.1524563969578594	54853632.0	0	2	4	0	0	0	0	0	0	0	0	0	0	3	0	0	0
candidate	tso	r01	queue_ok_longest.yml	true	correct	4.94689536	4.9567103740992025	241598464.0	0	2	4	0	0	0	0	0	0	0	0	0	0	3	0	0	0
candidate	tso	r01	queue_longer.yml	TIMEOUT	error	61.010809305	61.04710060497746	591818752.0																	
candidate	tso	r01	queue.yml	false(unreach-call)	correct	0.102394256	0.10870145610533655	26238976.0	42	2	40	0	0	0	0	0	0	0	0	0	0	20	0	0	0
candidate	tso	r01	singleton.yml	false(unreach-call)	correct	0.07331331	0.08028787805233151	26296320.0	42	1	8	0	0	0	0	0	0	0	0	0	0	5	0	0	0
candidate	tso	r01	singleton_with-uninit-problems.yml	true	correct	0.072812637	0.07677666598465294	26300416.0	0	4	12	0	0	0	0	0	0	0	0	0	0	9	0	0	0
candidate	tso	r01	pthread-demo-datarace-3.yml	false(unreach-call)	correct	0.149240528	0.15552914899308234	26095616.0	42	0	80	0	0	0	0	0	0	0	0	0	0	40	0	0	0
candidate	tso	r01	reorder_2.yml	false(unreach-call)	correct	0.159117178	0.16625186696182936	26161152.0	42	162	432	0	0	0	0	0	0	0	0	0	0	322	0	0	0
candidate	tso	r01	twostage_3.yml	false(unreach-call)	correct	0.081580425	0.08853803901001811	26292224.0	42	4	30	0	0	0	0	0	0	0	0	0	0	20	0	0	0
candidate	tso	r01	race-1_1-join.yml	true	correct	0.070311602	0.07652122108265758	26165248.0	0	1	0	0	0	0	0	0	0	0	0	0	0	0	0	0	0
candidate	tso	r01	race-1_3-join.yml	false(unreach-call)	correct	0.075722436	0.08055576402693987	26296320.0	42	1	2	0	0	0	0	0	0	0	0	0	0	1	0	0	0
candidate	tso	r01	race-1_2-join.yml	false(unreach-call)	correct	0.072800503	0.08051202795468271	26275840.0	42	1	2	0	0	0	0	0	0	0	0	0	0	1	0	0	0
candidate	tso	r01	race-4_1-thread_local_vars.yml	true	correct	0.077220777	0.0820886050350964	26284032.0	0	0	0	0	0	0	0	0	0	0	0	0	0	0	0	0	0
candidate	tso	r01	race-2_1-container_of.yml	true	correct	0.074070368	0.0811923979781568	26288128.0	0	1	0	0	0	0	0	0	0	0	0	0	0	0	0	0	0
candidate	tso	r01	race-3_1-container_of-global.yml	true	correct	0.07287739	0.08077300002332777	26267648.0	0	1	0	0	0	0	0	0	0	0	0	0	0	0	0	0	0
candidate	tso	r02	13-privatized_66-mine-W-init_true.yml	true	correct	0.062487529	0.06751453795004636	25923584.0	0	1	0	0	0	0	0	0	0	0	0	0	0	0	0	0	0
candidate	tso	r02	36-apron_41-threadenter-no-locals_unknown_1_pos.yml	false(unreach-call)	correct	0.055912696	0.06353406794369221	25899008.0	42	0	0	0	0	0	0	0	0	0	0	0	0	0	0	0	0
candidate	tso	r02	36-apron_16-traces-unprot2_true.yml	true	correct	0.068549416	0.0746718879090622	25976832.0	0	1	0	0	0	0	0	0	0	0	0	0	0	0	0	0	0
candidate	tso	r02	13-privatized_57-singlethreaded-unlock_true.yml	true	correct	0.070101295	0.08638536802027375	25899008.0	0	1	0	0	0	0	0	0	0	0	0	0	0	0	0	0	0
candidate	tso	r02	13-privatized_47-refine-protected2_true.yml	true	correct	0.067794866	0.07843641994986683	26030080.0	0	2	4	0	0	0	0	0	0	0	0	0	0	3	0	0	0
candidate	tso	r02	13-privatized_46-refine-protected1_true.yml	true	correct	0.074223802	0.07863166101742536	26030080.0	0	1	0	0	0	0	0	0	0	0	0	0	0	0	0	0	0
candidate	tso	r02	36-apron_11-traces-max-simple_true.yml	true	correct	0.069230223	0.07190750201698393	26042368.0	0	2	4	0	0	0	0	0	0	0	0	0	0	3	0	0	0
candidate	tso	r02	13-privatized_41-traces-ex-7_unknown_1_pos.yml	false(unreach-call)	correct	0.068090545	0.07934954308439046	26025984.0	42	0	2	0	0	0	0	0	0	0	0	0	0	1	0	0	0
candidate	tso	r02	13-privatized_41-traces-ex-7_unknown_1_neg.yml	false(unreach-call)	correct	0.063784225	0.07166016206610948	26034176.0	42	0	0	0	0	0	0	0	0	0	0	0	0	0	0	0	0
candidate	tso	r02	13-privatized_40-traces-ex-6_true.yml	true	correct	0.060792152	0.06348317500669509	25919488.0	0	1	4	0	0	0	0	0	0	0	0	0	0	3	0	0	0
candidate	tso	r02	13-privatized_58-singlethreaded-lock_true.yml	true	correct	0.067793047	0.07239977002609521	25931776.0	0	1	0	0	0	0	0	0	0	0	0	0	0	0	0	0	0
candidate	tso	r02	13-privatized_44-traces-mine2_true.yml	true	correct	0.067812972	0.07903728901874274	25919488.0	0	1	2	0	0	0	0	0	0	0	0	0	0	1	0	0	0
candidate	tso	r02	13-privatized_18-first-reads_unknown_2_pos.yml	false(unreach-call)	correct	0.070054496	0.07554865709971637	25944064.0	42	0	2	0	0	0	0	0	0	0	0	0	0	1	0	0	0
candidate	tso	r02	13-privatized_18-first-reads_unknown_1_neg.yml	false(unreach-call)	correct	0.067122103	0.07463407795876265	26021888.0	42	0	2	0	0	0	0	0	0	0	0	0	0	1	0	0	0
candidate	tso	r02	13-privatized_36-traces-ex-3_true.yml	true	correct	0.067980545	0.0765671789413318	25989120.0	0	3	8	0	0	0	0	0	0	0	0	0	0	6	0	0	0
candidate	tso	r02	13-privatized_18-first-reads_true.yml	true	correct	0.067635311	0.0736004599602893	26021888.0	0	2	4	0	0	0	0	0	0	0	0	0	0	3	0	0	0
candidate	tso	r02	13-privatized_35-traces-ex-2_true.yml	true	correct	0.066261595	0.07134282495826483	25993216.0	0	2	8	0	0	0	0	0	0	0	0	0	0	5	0	0	0
candidate	tso	r02	13-privatized_37-traces-ex-4_true.yml	true	correct	0.056656451	0.06077409698627889	25939968.0	0	2	4	0	0	0	0	0	0	0	0	0	0	3	0	0	0
candidate	tso	r02	13-privatized_38-traces-ex-4-switch_true.yml	true	correct	0.071947307	0.0750683699734509	25952256.0	0	2	8	0	0	0	0	0	0	0	0	0	0	5	0	0	0
candidate	tso	r02	13-privatized_19-publish-precision_unknown_1_pos.yml	false(unreach-call)	correct	0.072060413	0.07925781304948032	26038272.0	42	0	2	0	0	0	0	0	0	0	0	0	0	1	0	0	0
candidate	tso	r02	13-privatized_19-publish-precision_unknown_2_pos.yml	false(unreach-call)	correct	0.066810444	0.0759992350358516	25964544.0	42	0	0	0	0	0	0	0	0	0	0	0	0	0	0	0	0
candidate	tso	r02	13-privatized_19-publish-precision_unknown_1_neg.yml	false(unreach-call)	correct	0.067661335	0.08096134394872934	26021888.0	42	0	0	0	0	0	0	0	0	0	0	0	0	0	0	0	0
candidate	tso	r02	13-privatized_19-publish-precision_unknown_2_neg.yml	false(unreach-call)	correct	0.067199738	0.07310674199834466	26034176.0	42	0	2	0	0	0	0	0	0	0	0	0	0	1	0	0	0
candidate	tso	r02	13-privatized_45-traces-per-global-and-current-lock-mine-incomparable_true.yml	true	correct	0.067084093	0.0706773700658232	26042368.0	0	2	6	0	0	0	0	0	0	0	0	0	0	4	0	0	0
candidate	tso	r02	13-privatized_01-priv_nr_true.yml	true	correct	0.056487421	0.060623461031354964	26058752.0	0	2	4	0	0	0	0	0	0	0	0	0	0	3	0	0	0
candidate	tso	r02	13-privatized_19-publish-precision_true.yml	true	correct	0.070580929	0.07252499100286514	26030080.0	0	3	8	0	0	0	0	0	0	0	0	0	0	6	0	0	0
candidate	tso	r02	13-privatized_42-traces-ex-mini_true.yml	true	correct	0.063947047	0.07124440092593431	25964544.0	0	2	4	0	0	0	0	0	0	0	0	0	0	3	0	0	0
candidate	tso	r02	13-privatized_33-traces-v-matters_true.yml	true	correct	0.065694389	0.06963479798287153	26001408.0	0	1	6	0	0	0	0	0	0	0	0	0	0	4	0	0	0
candidate	tso	r02	13-privatized_25-struct_nr_true.yml	true	correct	0.07080229	0.08016096602659672	26034176.0	0	2	4	0	0	0	0	0	0	0	0	0	0	3	0	0	0
candidate	tso	r02	13-privatized_69-refine-protected-loop-interval_true.yml	true	correct	0.072982022	0.07787445897702128	26066944.0	0	0	0	0	0	0	0	0	0	0	0	0	0	0	0	0	0
candidate	tso	r02	36-apron_17-traces-rpb-litmus_unknown_1_neg.yml	false(unreach-call)	correct	0.070355191	0.07465392805170268	26050560.0	42	0	0	0	0	0	0	0	0	0	0	0	0	0	0	0	0
candidate	tso	r02	13-privatized_31-traces-mine-vs-mutex_true.yml	true	correct	0.06777405	0.07884571596514434	26030080.0	0	4	12	0	0	0	0	0	0	0	0	0	0	9	0	0	0
candidate	tso	r02	13-privatized_20-publish-regression_true.yml	true	correct	0.054658094	0.06670342211145908	26005504.0	0	2	4	0	0	0	0	0	0	0	0	0	0	3	0	0	0
candidate	tso	r02	13-privatized_30-traces-oplus-vs-meet_true.yml	true	correct	0.071301488	0.07496911392081529	25960448.0	0	2	8	0	0	0	0	0	0	0	0	0	0	5	0	0	0
candidate	tso	r02	13-privatized_32-traces-mine-vs-oplus-vs-meet_true.yml	true	correct	0.068327748	0.07525593193713576	25980928.0	0	3	12	0	0	0	0	0	0	0	0	0	0	8	0	0	0
candidate	tso	r02	13-privatized_34-traces-minepp-L-needs-to-be-um_true.yml	true	correct	0.070791996	0.07798714598175138	26079232.0	0	1	4	0	0	0	0	0	0	0	0	0	0	3	0	0	0
candidate	tso	r02	13-privatized_68-pfscan_protected_loop_minimal_interval_true.yml	true	correct	0.075672605	0.07707251107785851	26021888.0	0	0	0	0	0	0	0	0	0	0	0	0	0	0	0	0	0
candidate	tso	r02	13-privatized_29-multiple-protecting2-vesal_true.yml	true	correct	0.068766616	0.0747105450136587	26099712.0	0	4	12	0	0	0	0	0	0	0	0	0	0	9	0	0	0
candidate	tso	r02	13-privatized_24-multiple-protecting_true.yml	true	correct	0.074460432	0.07610886904876679	26120192.0	0	7	24	0	0	0	0	0	0	0	0	0	0	18	0	0	0
candidate	tso	r02	36-apron_21-traces-cluster-based_true.yml	true	correct	0.072668211	0.07571873289998621	26128384.0	0	6	26	0	0	0	0	0	0	0	0	0	0	18	0	0	0
candidate	tso	r02	36-apron_22-traces-write-centered-vs-meet-mutex_true_no-overflow.yml	true	correct	0.057059126	0.061857959954068065	26083328.0	0	1	0	0	0	0	0	0	0	0	0	0	0	0	0	0	0
candidate	tso	r02	13-privatized_27-multiple-protecting2_true.yml	true	correct	0.08327475	0.08912475896067917	26083328.0	0	26	72	0	0	0	0	0	0	0	0	0	0	54	0	0	0
candidate	tso	r02	14_spin2003.yml	true	correct	0.064844234	0.07097724301274866	25944064.0	0	0	0	0	0	0	0	0	0	0	0	0	0	0	0	0	0
candidate	tso	r02	29_conditionals_vs.yml	true	correct	0.069136858	0.08515449694823474	25915392.0	0	0	0	0	0	0	0	0	0	0	0	0	0	0	0	0	0
candidate	tso	r02	48_ticket_lock_low_contention_vs-pthread.yml	true	correct	0.071982444	0.07473624998237938	26017792.0	0	0	0	0	0	0	0	0	0	0	0	0	0	0	0	0	0
candidate	tso	r02	46_monabsex2_vs.yml	true	correct	0.068503371	0.07472549506928772	26058752.0	0	0	0	0	0	0	0	0	0	0	0	0	0	0	0	0	0
candidate	tso	r02	45_monabsex1_vs.yml	true	correct	0.071927074	0.07677008700557053	25980928.0	0	0	0	0	0	0	0	0	0	0	0	0	0	0	0	0	0
candidate	tso	r02	stateful01-1.yml	false(unreach-call)	correct	0.069753201	0.07428482396062464	26030080.0	42	0	4	0	0	0	0	0	0	0	0	0	0	2	0	0	0
candidate	tso	r02	stateful01-2.yml	true	correct	0.064034625	0.06848211400210857	26083328.0	0	6	12	0	0	0	0	0	0	0	0	0	0	9	0	0	0
candidate	tso	r02	time_var_mutex.yml	true	correct	0.071907297	0.0763528059469536	26124288.0	0	2	4	0	0	0	0	0	0	0	0	0	0	3	0	0	0
candidate	tso	r02	01b_inc.yml	true	correct	0.066687555	0.07061980094294995	25939968.0	0	0	0	0	0	0	0	0	0	0	0	0	0	0	0	0	0
candidate	tso	r02	triangular-1.yml	true	correct	7.867579343	7.8840567409060895	26038272.0	0	16632	43036	0	0	0	0	0	0	0	0	0	0	32277	0	0	0
candidate	tso	r02	triangular-2.yml	false(unreach-call)	correct	1.876908701	1.8824000679887831	26042368.0	42	3638	10316	0	0	0	0	0	0	0	0	0	0	7732	0	0	0
candidate	tso	r02	02_inc_cas.yml	true	correct	0.068346957	0.07833100599236786	26062848.0	0	0	0	0	0	0	0	0	0	0	0	0	0	0	0	0	0
candidate	tso	r02	28-race_reach_21-deref_read_racing.yml	false(unreach-call)	correct	3.461948886	3.4767210570862517	56426496.0	42	0	0	0	0	0	0	0	0	0	0	0	0	0	0	0	0
candidate	tso	r02	48_ticket_lock_low_contention_vs.yml	true	correct	0.073507046	0.07615433703176677	26005504.0	0	0	0	0	0	0	0	0	0	0	0	0	0	0	0	0	0
candidate	tso	r02	28-race_reach_37-indirect_racing.yml	TIMEOUT	error	61.004288322	61.0623112070607	1057181696.0																	
candidate	tso	r02	28-race_reach_45-escape_racing.yml	false(unreach-call)	correct	0.067014043	0.0753116839332506	26038272.0	42	0	2	0	0	0	0	0	0	0	0	0	0	1	0	0	0
candidate	tso	r02	28-race_reach_46-escape_racefree.yml	true	correct	0.069148385	0.07293860998470336	26087424.0	0	2	4	0	0	0	0	0	0	0	0	0	0	3	0	0	0
candidate	tso	r02	28-race_reach_01-simple_racing.yml	TIMEOUT	error	61.029622177	61.05919576599263	1057087488.0																	
candidate	tso	r02	28-race_reach_11-ptr_racing.yml	TIMEOUT	error	61.029177835	61.0607151070144	1057140736.0																	
candidate	tso	r02	circular_buffer_bad.yml	false(unreach-call)	correct	0.079131604	0.08557136997114867	26132480.0	42	1	14	0	0	0	0	0	0	0	0	0	0	7	0	0	0
candidate	tso	r02	fib_safe-5.yml	true	correct	6.47295441	6.495527465012856	26001408.0	0	2772	6884	0	0	0	0	0	0	0	0	0	0	5163	0	0	0
candidate	tso	r02	fib_safe-6.yml	true	correct	32.77497169	32.824805461918004	26030080.0	0	12012	29036	0	0	0	0	0	0	0	0	0	0	21777	0	0	0
candidate	tso	r02	fib_unsafe-5.yml	false(unreach-call)	correct	1.78335249	1.7944720570230857	26001408.0	42	632	1880	0	0	0	0	0	0	0	0	0	0	1405	0	0	0
candidate	tso	r02	fib_unsafe-6.yml	false(unreach-call)	correct	9.496339006	9.513659249059856	25985024.0	42	2942	8244	0	0	0	0	0	0	0	0	0	0	6177	0	0	0
candidate	tso	r02	fib_unsafe-7.yml	false(unreach-call)	correct	46.896622216	46.93029649404343	26021888.0	42	13238	35572	0	0	0	0	0	0	0	0	0	0	26672	0	0	0
candidate	tso	r02	28-race_reach_24-sound_lock_racing.yml	TIMEOUT	error	61.018637688	61.05076261598151	1057112064.0																	
candidate	tso	r02	lazy01.yml	false(unreach-call)	correct	0.065880848	0.0686215489404276	26144768.0	42	1	6	0	0	0	0	0	0	0	0	0	0	4	0	0	0
candidate	tso	r02	circular_buffer_ok.yml	true	correct	4.138428734	4.147497880039737	26177536.0	0	3432	6864	0	0	0	0	0	0	0	0	0	0	5148	0	0	0
candidate	tso	r02	szymanski.yml	true	correct	0.069928811	0.07813999603968114	26025984.0	0	6	56	1	1331245	21912	32516	6424	1	28074	38	1	1	31	67	3	1163
candidate	tso	r02	dekker.yml	true	correct	0.060992892	0.06870719406288117	26021888.0	0	4	14	1	1543881	28275	41975	7100	1	32123	38	1	1	7	8	0	1163
candidate	tso	r02	dekker-unfair.yml	true	correct	0.069493308	0.07573138806037605	26042368.0	0	4	14	1	1654670	28275	41975	7100	1	34669	38	1	1	7	8	0	1163
candidate	tso	r02	unwind3-1.yml	false(unreach-call)	correct	0.06266973	0.06937019200995564	26025984.0	42	1	2	0	0	0	0	0	0	0	0	0	0	1	0	0	0
candidate	tso	r02	exponential-nondet.yml	true	correct	0.065331462	0.07068237790372223	26034176.0	0	1	0	0	0	0	0	0	0	0	0	0	0	0	0	0	0
candidate	tso	r02	unwind2-1.yml	false(unreach-call)	correct	0.062688118	0.06985511304810643	26054656.0	42	1	0	0	0	0	0	0	0	0	0	0	0	0	0	0	0
candidate	tso	r02	unwind2-100.yml	false(unreach-call)	correct	0.067836093	0.07354502205271274	26152960.0	42	1	0	0	0	0	0	0	0	0	0	0	0	0	0	0	0
candidate	tso	r02	butterfly.yml	true	correct	17.185763597	17.20229553594254	26206208.0	0	64560	251398	14	65444906	2172507	3205331	406042	14	1065544	532	14	14	196280	2644670	26358	7720
candidate	tso	r02	43_NetBSD_sysmon_power_sliced.yml	true	correct	0.065581317	0.07128414593171328	25935872.0	0	0	0	0	0	0	0	0	0	0	0	0	0	0	0	0	0
candidate	tso	r02	28-race_reach_06-cond_racing1.yml	TIMEOUT	error	61.043323852	61.06297521898523	1057185792.0																	
candidate	tso	r02	queue_ok.yml	true	correct	0.074763809	0.07883832196239382	26243072.0	0	2	4	0	0	0	0	0	0	0	0	0	0	3	0	0	0
candidate	tso	r02	queue_ok_longer.yml	true	correct	1.082655684	1.0906140439910814	55525376.0	0	2	4	0	0	0	0	0	0	0	0	0	0	3	0	0	0
candidate	tso	r02	queue_ok_longest.yml	true	correct	4.692298911	4.702398365014233	241373184.0	0	2	4	0	0	0	0	0	0	0	0	0	0	3	0	0	0
candidate	tso	r02	queue_longer.yml	TIMEOUT	error	61.021108579	61.04829977301415	610361344.0																	
candidate	tso	r02	queue.yml	false(unreach-call)	correct	0.096589546	0.10260983894113451	26234880.0	42	2	40	0	0	0	0	0	0	0	0	0	0	20	0	0	0
candidate	tso	r02	singleton.yml	false(unreach-call)	correct	0.073799904	0.07678907597437501	26300416.0	42	1	8	0	0	0	0	0	0	0	0	0	0	5	0	0	0
candidate	tso	r02	singleton_with-uninit-problems.yml	true	correct	0.06850414	0.07548076391685754	26292224.0	0	4	12	0	0	0	0	0	0	0	0	0	0	9	0	0	0
candidate	tso	r02	pthread-demo-datarace-3.yml	false(unreach-call)	correct	0.142098224	0.14912694308441132	26062848.0	42	0	80	0	0	0	0	0	0	0	0	0	0	40	0	0	0
candidate	tso	r02	reorder_2.yml	false(unreach-call)	correct	0.149930499	0.15278191992547363	26202112.0	42	162	432	0	0	0	0	0	0	0	0	0	0	322	0	0	0
candidate	tso	r02	twostage_3.yml	false(unreach-call)	correct	0.075685042	0.08323127299081534	26378240.0	42	4	30	0	0	0	0	0	0	0	0	0	0	20	0	0	0
candidate	tso	r02	race-1_1-join.yml	true	correct	0.065942965	0.07283838302828372	26288128.0	0	1	0	0	0	0	0	0	0	0	0	0	0	0	0	0	0
candidate	tso	r02	race-1_3-join.yml	false(unreach-call)	correct	0.065423461	0.06925883295480162	26210304.0	42	1	2	0	0	0	0	0	0	0	0	0	0	1	0	0	0
candidate	tso	r02	race-1_2-join.yml	false(unreach-call)	correct	0.06710732	0.07339871500153095	26292224.0	42	1	2	0	0	0	0	0	0	0	0	0	0	1	0	0	0
candidate	tso	r02	race-4_1-thread_local_vars.yml	true	correct	0.068871074	0.07271369395311922	26365952.0	0	0	0	0	0	0	0	0	0	0	0	0	0	0	0	0	0
candidate	tso	r02	race-2_1-container_of.yml	true	correct	0.069340855	0.07681528991088271	26284032.0	0	1	0	0	0	0	0	0	0	0	0	0	0	0	0	0	0
candidate	tso	r02	race-3_1-container_of-global.yml	true	correct	0.063760584	0.07144789502490312	26275840.0	0	1	0	0	0	0	0	0	0	0	0	0	0	0	0	0	0
candidate	tso	r03	13-privatized_66-mine-W-init_true.yml	true	correct	0.074275717	0.07563826395198703	25907200.0	0	1	0	0	0	0	0	0	0	0	0	0	0	0	0	0	0
candidate	tso	r03	36-apron_41-threadenter-no-locals_unknown_1_pos.yml	false(unreach-call)	correct	0.058518541	0.060989702004007995	25923584.0	42	0	0	0	0	0	0	0	0	0	0	0	0	0	0	0	0
candidate	tso	r03	36-apron_16-traces-unprot2_true.yml	true	correct	0.067866349	0.07207921193912625	25980928.0	0	1	0	0	0	0	0	0	0	0	0	0	0	0	0	0	0
candidate	tso	r03	13-privatized_57-singlethreaded-unlock_true.yml	true	correct	0.070910553	0.0769804809242487	25972736.0	0	1	0	0	0	0	0	0	0	0	0	0	0	0	0	0	0
candidate	tso	r03	13-privatized_47-refine-protected2_true.yml	true	correct	0.067420397	0.07146001502405852	25964544.0	0	2	4	0	0	0	0	0	0	0	0	0	0	3	0	0	0
candidate	tso	r03	13-privatized_46-refine-protected1_true.yml	true	correct	0.070301556	0.07745569793041795	25997312.0	0	1	0	0	0	0	0	0	0	0	0	0	0	0	0	0	0
candidate	tso	r03	36-apron_11-traces-max-simple_true.yml	true	correct	0.065080929	0.071801413083449	25935872.0	0	2	4	0	0	0	0	0	0	0	0	0	0	3	0	0	0
candidate	tso	r03	13-privatized_41-traces-ex-7_unknown_1_pos.yml	false(unreach-call)	correct	0.068034798	0.07197607902344316	26054656.0	42	0	2	0	0	0	0	0	0	0	0	0	0	1	0	0	0
candidate	tso	r03	13-privatized_41-traces-ex-7_unknown_1_neg.yml	false(unreach-call)	correct	0.06363207	0.07143405894748867	26038272.0	42	0	0	0	0	0	0	0	0	0	0	0	0	0	0	0	0
candidate	tso	r03	13-privatized_40-traces-ex-6_true.yml	true	correct	0.07127798	0.07655758899636567	26038272.0	0	1	4	0	0	0	0	0	0	0	0	0	0	3	0	0	0
candidate	tso	r03	13-privatized_58-singlethreaded-lock_true.yml	true	correct	0.062997438	0.06873098108917475	26001408.0	0	1	0	0	0	0	0	0	0	0	0	0	0	0	0	0	0
candidate	tso	r03	13-privatized_44-traces-mine2_true.yml	true	correct	0.069129292	0.07447284692898393	26050560.0	0	1	2	0	0	0	0	0	0	0	0	0	0	1	0	0	0
candidate	tso	r03	13-privatized_18-first-reads_unknown_2_pos.yml	false(unreach-call)	correct	0.068868613	0.07671017700340599	25944064.0	42	0	2	0	0	0	0	0	0	0	0	0	0	1	0	0	0
candidate	tso	r03	13-privatized_18-first-reads_unknown_1_neg.yml	false(unreach-call)	correct	0.067137995	0.07354688202030957	26079232.0	42	0	2	0	0	0	0	0	0	0	0	0	0	1	0	0	0
candidate	tso	r03	13-privatized_36-traces-ex-3_true.yml	true	correct	0.06473225	0.06918088300153613	25931776.0	0	3	8	0	0	0	0	0	0	0	0	0	0	6	0	0	0
candidate	tso	r03	13-privatized_18-first-reads_true.yml	true	correct	0.067287279	0.07430810201913118	25976832.0	0	2	4	0	0	0	0	0	0	0	0	0	0	3	0	0	0
candidate	tso	r03	13-privatized_35-traces-ex-2_true.yml	true	correct	0.069998119	0.0887348959222436	26017792.0	0	2	8	0	0	0	0	0	0	0	0	0	0	5	0	0	0
candidate	tso	r03	13-privatized_37-traces-ex-4_true.yml	true	correct	0.063882026	0.06940361298620701	26001408.0	0	2	4	0	0	0	0	0	0	0	0	0	0	3	0	0	0
candidate	tso	r03	13-privatized_38-traces-ex-4-switch_true.yml	true	correct	0.072303527	0.07836423104163259	25939968.0	0	2	8	0	0	0	0	0	0	0	0	0	0	5	0	0	0
candidate	tso	r03	13-privatized_19-publish-precision_unknown_1_pos.yml	false(unreach-call)	correct	0.068216661	0.07642556307837367	26083328.0	42	0	2	0	0	0	0	0	0	0	0	0	0	1	0	0	0
candidate	tso	r03	13-privatized_19-publish-precision_unknown_2_pos.yml	false(unreach-call)	correct	0.070893245	0.07698125496972352	26083328.0	42	0	0	0	0	0	0	0	0	0	0	0	0	0	0	0	0
candidate	tso	r03	13-privatized_19-publish-precision_unknown_1_neg.yml	false(unreach-call)	correct	0.068889585	0.0743796470342204	25985024.0	42	0	0	0	0	0	0	0	0	0	0	0	0	0	0	0	0
candidate	tso	r03	13-privatized_19-publish-precision_unknown_2_neg.yml	false(unreach-call)	correct	0.067640755	0.06956152198836207	25944064.0	42	0	2	0	0	0	0	0	0	0	0	0	0	1	0	0	0
candidate	tso	r03	13-privatized_45-traces-per-global-and-current-lock-mine-incomparable_true.yml	true	correct	0.070367547	0.07225423294585198	25939968.0	0	2	6	0	0	0	0	0	0	0	0	0	0	4	0	0	0
candidate	tso	r03	13-privatized_01-priv_nr_true.yml	true	correct	0.06678051	0.07269231602549553	26030080.0	0	2	4	0	0	0	0	0	0	0	0	0	0	3	0	0	0
candidate	tso	r03	13-privatized_19-publish-precision_true.yml	true	correct	0.077026754	0.07888470601756126	26025984.0	0	3	8	0	0	0	0	0	0	0	0	0	0	6	0	0	0
candidate	tso	r03	13-privatized_42-traces-ex-mini_true.yml	true	correct	0.076974558	0.08282575604971498	25968640.0	0	2	4	0	0	0	0	0	0	0	0	0	0	3	0	0	0
candidate	tso	r03	13-privatized_33-traces-v-matters_true.yml	true	correct	0.07661914	0.08149542508181185	26034176.0	0	1	6	0	0	0	0	0	0	0	0	0	0	4	0	0	0
candidate	tso	r03	13-privatized_25-struct_nr_true.yml	true	correct	0.064153165	0.07310526398941875	26050560.0	0	2	4	0	0	0	0	0	0	0	0	0	0	3	0	0	0
candidate	tso	r03	13-privatized_69-refine-protected-loop-interval_true.yml	true	correct	0.066956582	0.0715969359735027	26046464.0	0	0	0	0	0	0	0	0	0	0	0	0	0	0	0	0	0
candidate	tso	r03	36-apron_17-traces-rpb-litmus_unknown_1_neg.yml	false(unreach-call)	correct	0.067844471	0.06954834400676191	26062848.0	42	0	0	0	0	0	0	0	0	0	0	0	0	0	0	0	0
candidate	tso	r03	13-privatized_31-traces-mine-vs-mutex_true.yml	true	correct	0.067935288	0.07084778801072389	26066944.0	0	4	12	0	0	0	0	0	0	0	0	0	0	9	0	0	0
candidate	tso	r03	13-privatized_20-publish-regression_true.yml	true	correct	0.075383127	0.0818904279731214	26017792.0	0	2	4	0	0	0	0	0	0	0	0	0	0	3	0	0	0
candidate	tso	r03	13-privatized_30-traces-oplus-vs-meet_true.yml	true	correct	0.066070724	0.06884301803074777	25972736.0	0	2	8	0	0	0	0	0	0	0	0	0	0	5	0	0	0
candidate	tso	r03	13-privatized_32-traces-mine-vs-oplus-vs-meet_true.yml	true	correct	0.067812901	0.07272228202782571	26038272.0	0	3	12	0	0	0	0	0	0	0	0	0	0	8	0	0	0
candidate	tso	r03	13-privatized_34-traces-minepp-L-needs-to-be-um_true.yml	true	correct	0.057921317	0.062496287981048226	26001408.0	0	1	4	0	0	0	0	0	0	0	0	0	0	3	0	0	0
candidate	tso	r03	13-privatized_68-pfscan_protected_loop_minimal_interval_true.yml	true	correct	0.071956383	0.07988427905365825	26054656.0	0	0	0	0	0	0	0	0	0	0	0	0	0	0	0	0	0
candidate	tso	r03	13-privatized_29-multiple-protecting2-vesal_true.yml	true	correct	0.067127597	0.07188880909234285	25976832.0	0	4	12	0	0	0	0	0	0	0	0	0	0	9	0	0	0
candidate	tso	r03	13-privatized_24-multiple-protecting_true.yml	true	correct	0.066487931	0.07083129999227822	26025984.0	0	7	24	0	0	0	0	0	0	0	0	0	0	18	0	0	0
candidate	tso	r03	36-apron_21-traces-cluster-based_true.yml	true	correct	0.0767067	0.07917668402660638	26148864.0	0	6	26	0	0	0	0	0	0	0	0	0	0	18	0	0	0
candidate	tso	r03	36-apron_22-traces-write-centered-vs-meet-mutex_true_no-overflow.yml	true	correct	0.062110801	0.06823284993879497	26120192.0	0	1	0	0	0	0	0	0	0	0	0	0	0	0	0	0	0
candidate	tso	r03	13-privatized_27-multiple-protecting2_true.yml	true	correct	0.093576197	0.09691934403963387	26050560.0	0	26	72	0	0	0	0	0	0	0	0	0	0	54	0	0	0
candidate	tso	r03	14_spin2003.yml	true	correct	0.070872015	0.07906030304729939	25976832.0	0	0	0	0	0	0	0	0	0	0	0	0	0	0	0	0	0
candidate	tso	r03	29_conditionals_vs.yml	true	correct	0.067573835	0.07098795392084867	25907200.0	0	0	0	0	0	0	0	0	0	0	0	0	0	0	0	0	0
candidate	tso	r03	48_ticket_lock_low_contention_vs-pthread.yml	true	correct	0.070087479	0.0768807289423421	26021888.0	0	0	0	0	0	0	0	0	0	0	0	0	0	0	0	0	0
candidate	tso	r03	46_monabsex2_vs.yml	true	correct	0.069530417	0.07648364698980004	25985024.0	0	0	0	0	0	0	0	0	0	0	0	0	0	0	0	0	0
candidate	tso	r03	45_monabsex1_vs.yml	true	correct	0.067176313	0.07242372701875865	26034176.0	0	0	0	0	0	0	0	0	0	0	0	0	0	0	0	0	0
candidate	tso	r03	stateful01-1.yml	false(unreach-call)	correct	0.069045275	0.07347901503089815	26136576.0	42	0	4	0	0	0	0	0	0	0	0	0	0	2	0	0	0
candidate	tso	r03	stateful01-2.yml	true	correct	0.060966598	0.06512544490396976	26021888.0	0	6	12	0	0	0	0	0	0	0	0	0	0	9	0	0	0
candidate	tso	r03	time_var_mutex.yml	true	correct	0.073123671	0.08854768797755241	26062848.0	0	2	4	0	0	0	0	0	0	0	0	0	0	3	0	0	0
candidate	tso	r03	01b_inc.yml	true	correct	0.064288072	0.08941362099722028	26013696.0	0	0	0	0	0	0	0	0	0	0	0	0	0	0	0	0	0
candidate	tso	r03	triangular-1.yml	true	correct	7.743756927	7.75612822000403	26148864.0	0	16632	43036	0	0	0	0	0	0	0	0	0	0	32277	0	0	0
candidate	tso	r03	triangular-2.yml	false(unreach-call)	correct	1.866986503	1.8712674510898069	26099712.0	42	3638	10316	0	0	0	0	0	0	0	0	0	0	7732	0	0	0
candidate	tso	r03	02_inc_cas.yml	true	correct	0.068370028	0.07266901596449316	26046464.0	0	0	0	0	0	0	0	0	0	0	0	0	0	0	0	0	0
candidate	tso	r03	28-race_reach_21-deref_read_racing.yml	false(unreach-call)	correct	3.356863021	3.366994844051078	56311808.0	42	0	0	0	0	0	0	0	0	0	0	0	0	0	0	0	0
candidate	tso	r03	48_ticket_lock_low_contention_vs.yml	true	correct	0.07209762	0.07610114791896194	26009600.0	0	0	0	0	0	0	0	0	0	0	0	0	0	0	0	0	0
candidate	tso	r03	28-race_reach_37-indirect_racing.yml	TIMEOUT	error	61.026371892	61.065160045051016	1057124352.0																	
candidate	tso	r03	28-race_reach_45-escape_racing.yml	false(unreach-call)	correct	0.071370781	0.07962107902858406	26001408.0	42	0	2	0	0	0	0	0	0	0	0	0	0	1	0	0	0
candidate	tso	r03	28-race_reach_46-escape_racefree.yml	true	correct	0.073448719	0.07885460904799402	26095616.0	0	2	4	0	0	0	0	0	0	0	0	0	0	3	0	0	0
candidate	tso	r03	28-race_reach_01-simple_racing.yml	TIMEOUT	error	60.802677817	61.067020197049715	1057116160.0																	
candidate	tso	r03	28-race_reach_11-ptr_racing.yml	TIMEOUT	error	61.04294682	61.06535418110434	1057169408.0																	
candidate	tso	r03	circular_buffer_bad.yml	false(unreach-call)	correct	0.077089475	0.08487218909431249	26173440.0	42	1	14	0	0	0	0	0	0	0	0	0	0	7	0	0	0
candidate	tso	r03	fib_safe-5.yml	true	correct	6.382112942	6.405772790079936	26091520.0	0	2772	6884	0	0	0	0	0	0	0	0	0	0	5163	0	0	0
candidate	tso	r03	fib_safe-6.yml	true	correct	32.619950593	32.64444363990333	26079232.0	0	12012	29036	0	0	0	0	0	0	0	0	0	0	21777	0	0	0
candidate	tso	r03	fib_unsafe-5.yml	false(unreach-call)	correct	1.756394048	1.7637184810591862	26025984.0	42	632	1880	0	0	0	0	0	0	0	0	0	0	1405	0	0	0
candidate	tso	r03	fib_unsafe-6.yml	false(unreach-call)	correct	9.225921957	9.239959624013864	26075136.0	42	2942	8244	0	0	0	0	0	0	0	0	0	0	6177	0	0	0
candidate	tso	r03	fib_unsafe-7.yml	false(unreach-call)	correct	46.920584383	46.95965569501277	26030080.0	42	13238	35572	0	0	0	0	0	0	0	0	0	0	26672	0	0	0
candidate	tso	r03	28-race_reach_24-sound_lock_racing.yml	TIMEOUT	error	61.038479198	61.05820066598244	1057103872.0																	
candidate	tso	r03	lazy01.yml	false(unreach-call)	correct	0.067182335	0.07384251500479877	26169344.0	42	1	6	0	0	0	0	0	0	0	0	0	0	4	0	0	0
candidate	tso	r03	circular_buffer_ok.yml	true	correct	4.04093668	4.047448856988922	26152960.0	0	3432	6864	0	0	0	0	0	0	0	0	0	0	5148	0	0	0
candidate	tso	r03	szymanski.yml	true	correct	0.072499879	0.0751084559597075	26001408.0	0	6	56	1	1193556	21912	32516	6424	1	28579	38	1	1	31	67	3	1163
candidate	tso	r03	dekker.yml	true	correct	0.071192836	0.07698212109971792	26038272.0	0	4	14	1	1473511	28275	41975	7100	1	32155	38	1	1	7	8	0	1163
candidate	tso	r03	dekker-unfair.yml	true	correct	0.065422717	0.07622955704573542	26071040.0	0	4	14	1	1476919	28275	41975	7100	1	33512	38	1	1	7	8	0	1163
candidate	tso	r03	unwind3-1.yml	false(unreach-call)	correct	0.065913662	0.07146701402962208	26062848.0	42	1	2	0	0	0	0	0	0	0	0	0	0	1	0	0	0
candidate	tso	r03	exponential-nondet.yml	true	correct	0.063381367	0.06692580401431769	26071040.0	0	1	0	0	0	0	0	0	0	0	0	0	0	0	0	0	0
candidate	tso	r03	unwind2-1.yml	false(unreach-call)	correct	0.071444537	0.07726333092432469	26152960.0	42	1	0	0	0	0	0	0	0	0	0	0	0	0	0	0	0
candidate	tso	r03	unwind2-100.yml	false(unreach-call)	correct	0.063753908	0.06937670800834894	26050560.0	42	1	0	0	0	0	0	0	0	0	0	0	0	0	0	0	0
candidate	tso	r03	butterfly.yml	true	correct	17.508770623	17.52975383400917	26193920.0	0	64560	251398	14	64269151	2172507	3205331	406042	14	1073320	532	14	14	196280	2644670	26358	7720
candidate	tso	r03	43_NetBSD_sysmon_power_sliced.yml	true	correct	0.059732722	0.06634887703694403	26013696.0	0	0	0	0	0	0	0	0	0	0	0	0	0	0	0	0	0
candidate	tso	r03	28-race_reach_06-cond_racing1.yml	TIMEOUT	error	61.035676516	61.05478720308747	1057198080.0																	
candidate	tso	r03	queue_ok.yml	true	correct	0.071848408	0.07818773505277932	26238976.0	0	2	4	0	0	0	0	0	0	0	0	0	0	3	0	0	0
candidate	tso	r03	queue_ok_longer.yml	true	correct	1.105583513	1.112840373069048	55508992.0	0	2	4	0	0	0	0	0	0	0	0	0	0	3	0	0	0
candidate	tso	r03	queue_ok_longest.yml	true	correct	4.77531964	4.784506598021835	242982912.0	0	2	4	0	0	0	0	0	0	0	0	0	0	3	0	0	0
candidate	tso	r03	queue_longer.yml	TIMEOUT	error	61.013721469	61.050931161036715	604766208.0																	
candidate	tso	r03	queue.yml	false(unreach-call)	correct	0.099173386	0.10538373794406652	26243072.0	42	2	40	0	0	0	0	0	0	0	0	0	0	20	0	0	0
candidate	tso	r03	singleton.yml	false(unreach-call)	correct	0.075174331	0.08186312601901591	26165248.0	42	1	8	0	0	0	0	0	0	0	0	0	0	5	0	0	0
candidate	tso	r03	singleton_with-uninit-problems.yml	true	correct	0.076641078	0.0803760050330311	26206208.0	0	4	12	0	0	0	0	0	0	0	0	0	0	9	0	0	0
candidate	tso	r03	pthread-demo-datarace-3.yml	false(unreach-call)	correct	0.146689893	0.15279590501450002	26034176.0	42	0	80	0	0	0	0	0	0	0	0	0	0	40	0	0	0
candidate	tso	r03	reorder_2.yml	false(unreach-call)	correct	0.154898732	0.1623271011048928	26181632.0	42	162	432	0	0	0	0	0	0	0	0	0	0	322	0	0	0
candidate	tso	r03	twostage_3.yml	false(unreach-call)	correct	0.082855306	0.0886806360213086	26284032.0	42	4	30	0	0	0	0	0	0	0	0	0	0	20	0	0	0
candidate	tso	r03	race-1_1-join.yml	true	correct	0.071294837	0.07811795198358595	26169344.0	0	1	0	0	0	0	0	0	0	0	0	0	0	0	0	0	0
candidate	tso	r03	race-1_3-join.yml	false(unreach-call)	correct	0.071545493	0.07678410795051605	26292224.0	42	1	2	0	0	0	0	0	0	0	0	0	0	1	0	0	0
candidate	tso	r03	race-1_2-join.yml	false(unreach-call)	correct	0.074859794	0.07646284799557179	26214400.0	42	1	2	0	0	0	0	0	0	0	0	0	0	1	0	0	0
candidate	tso	r03	race-4_1-thread_local_vars.yml	true	correct	0.076635909	0.08183197397738695	26292224.0	0	0	0	0	0	0	0	0	0	0	0	0	0	0	0	0	0
candidate	tso	r03	race-2_1-container_of.yml	true	correct	0.069978836	0.07617236801888794	26279936.0	0	1	0	0	0	0	0	0	0	0	0	0	0	0	0	0	0
candidate	tso	r03	race-3_1-container_of-global.yml	true	correct	0.070319881	0.07558630697894841	26288128.0	0	1	0	0	0	0	0	0	0	0	0	0	0	0	0	0	0
candidate	tso	r04	13-privatized_66-mine-W-init_true.yml	true	correct	0.055106202	0.06086570105981082	26001408.0	0	1	0	0	0	0	0	0	0	0	0	0	0	0	0	0	0
candidate	tso	r04	36-apron_41-threadenter-no-locals_unknown_1_pos.yml	false(unreach-call)	correct	0.071288484	0.07246262999251485	25960448.0	42	0	0	0	0	0	0	0	0	0	0	0	0	0	0	0	0
candidate	tso	r04	36-apron_16-traces-unprot2_true.yml	true	correct	0.065582619	0.07399916800204664	25976832.0	0	1	0	0	0	0	0	0	0	0	0	0	0	0	0	0	0
candidate	tso	r04	13-privatized_57-singlethreaded-unlock_true.yml	true	correct	0.064887847	0.07074168405961245	25907200.0	0	1	0	0	0	0	0	0	0	0	0	0	0	0	0	0	0
candidate	tso	r04	13-privatized_47-refine-protected2_true.yml	true	correct	0.068467164	0.07234246307052672	25927680.0	0	2	4	0	0	0	0	0	0	0	0	0	0	3	0	0	0
candidate	tso	r04	13-privatized_46-refine-protected1_true.yml	true	correct	0.06915852	0.07396631292067468	26030080.0	0	1	0	0	0	0	0	0	0	0	0	0	0	0	0	0	0
candidate	tso	r04	36-apron_11-traces-max-simple_true.yml	true	correct	0.06714684	0.07193975301925093	25980928.0	0	2	4	0	0	0	0	0	0	0	0	0	0	3	0	0	0
candidate	tso	r04	13-privatized_41-traces-ex-7_unknown_1_pos.yml	false(unreach-call)	correct	0.066692267	0.07258795492816716	26046464.0	42	0	2	0	0	0	0	0	0	0	0	0	0	1	0	0	0
candidate	tso	r04	13-privatized_41-traces-ex-7_unknown_1_neg.yml	false(unreach-call)	correct	0.055832521	0.060417392989620566	26034176.0	42	0	0	0	0	0	0	0	0	0	0	0	0	0	0	0	0
candidate	tso	r04	13-privatized_40-traces-ex-6_true.yml	true	correct	0.070409693	0.07630949793383479	26054656.0	0	1	4	0	0	0	0	0	0	0	0	0	0	3	0	0	0
candidate	tso	r04	13-privatized_58-singlethreaded-lock_true.yml	true	correct	0.068942665	0.07793505303561687	26001408.0	0	1	0	0	0	0	0	0	0	0	0	0	0	0	0	0	0
candidate	tso	r04	13-privatized_44-traces-mine2_true.yml	true	correct	0.06383157	0.06830244301818311	25997312.0	0	1	2	0	0	0	0	0	0	0	0	0	0	1	0	0	0
candidate	tso	r04	13-privatized_18-first-reads_unknown_2_pos.yml	false(unreach-call)	correct	0.07369345	0.07932411809451878	26034176.0	42	0	2	0	0	0	0	0	0	0	0	0	0	1	0	0	0
candidate	tso	r04	13-privatized_18-first-reads_unknown_1_neg.yml	false(unreach-call)	correct	0.068400263	0.07543205702677369	26001408.0	42	0	2	0	0	0	0	0	0	0	0	0	0	1	0	0	0
candidate	tso	r04	13-privatized_36-traces-ex-3_true.yml	true	correct	0.066972999	0.07487159001175314	25993216.0	0	3	8	0	0	0	0	0	0	0	0	0	0	6	0	0	0
candidate	tso	r04	13-privatized_18-first-reads_true.yml	true	correct	0.068019268	0.07279136695433408	25989120.0	0	2	4	0	0	0	0	0	0	0	0	0	0	3	0	0	0
candidate	tso	r04	13-privatized_35-traces-ex-2_true.yml	true	correct	0.061570815	0.0661097289994359	25919488.0	0	2	8	0	0	0	0	0	0	0	0	0	0	5	0	0	0
candidate	tso	r04	13-privatized_37-traces-ex-4_true.yml	true	correct	0.070245828	0.07472376991063356	26009600.0	0	2	4	0	0	0	0	0	0	0	0	0	0	3	0	0	0
candidate	tso	r04	13-privatized_38-traces-ex-4-switch_true.yml	true	correct	0.065617024	0.07168985903263092	26013696.0	0	2	8	0	0	0	0	0	0	0	0	0	0	5	0	0	0
candidate	tso	r04	13-privatized_19-publish-precision_unknown_1_pos.yml	false(unreach-call)	correct	0.075026563	0.07781193102709949	25964544.0	42	0	2	0	0	0	0	0	0	0	0	0	0	1	0	0	0
candidate	tso	r04	13-privatized_19-publish-precision_unknown_2_pos.yml	false(unreach-call)	correct	0.069215393	0.07259556301869452	26058752.0	42	0	0	0	0	0	0	0	0	0	0	0	0	0	0	0	0
candidate	tso	r04	13-privatized_19-publish-precision_unknown_1_neg.yml	false(unreach-call)	correct	0.067560232	0.07185312604997307	26083328.0	42	0	0	0	0	0	0	0	0	0	0	0	0	0	0	0	0
candidate	tso	r04	13-privatized_19-publish-precision_unknown_2_neg.yml	false(unreach-call)	correct	0.069904284	0.07340993802063167	26058752.0	42	0	2	0	0	0	0	0	0	0	0	0	0	1	0	0	0
candidate	tso	r04	13-privatized_45-traces-per-global-and-current-lock-mine-incomparable_true.yml	true	correct	0.06997514	0.07433564402163029	25997312.0	0	2	6	0	0	0	0	0	0	0	0	0	0	4	0	0	0
candidate	tso	r04	13-privatized_01-priv_nr_true.yml	true	correct	0.060065699	0.06595606100745499	26046464.0	0	2	4	0	0	0	0	0	0	0	0	0	0	3	0	0	0
candidate	tso	r04	13-privatized_19-publish-precision_true.yml	true	correct	0.065896668	0.07279208104591817	26025984.0	0	3	8	0	0	0	0	0	0	0	0	0	0	6	0	0	0
candidate	tso	r04	13-privatized_42-traces-ex-mini_true.yml	true	correct	0.059139698	0.06379536795429885	26005504.0	0	2	4	0	0	0	0	0	0	0	0	0	0	3	0	0	0
candidate	tso	r04	13-privatized_33-traces-v-matters_true.yml	true	correct	0.072585074	0.07682918210048229	26025984.0	0	1	6	0	0	0	0	0	0	0	0	0	0	4	0	0	0
candidate	tso	r04	13-privatized_25-struct_nr_true.yml	true	correct	0.06724148	0.07267586200032383	26017792.0	0	2	4	0	0	0	0	0	0	0	0	0	0	3	0	0	0
candidate	tso	r04	13-privatized_69-refine-protected-loop-interval_true.yml	true	correct	0.071485011	0.07517777406610548	26120192.0	0	0	0	0	0	0	0	0	0	0	0	0	0	0	0	0	0
candidate	tso	r04	36-apron_17-traces-rpb-litmus_unknown_1_neg.yml	false(unreach-call)	correct	0.066487594	0.06932997703552246	25956352.0	42	0	0	0	0	0	0	0	0	0	0	0	0	0	0	0	0
candidate	tso	r04	13-privatized_31-traces-mine-vs-mutex_true.yml	true	correct	0.069049151	0.07404866605065763	26046464.0	0	4	12	0	0	0	0	0	0	0	0	0	0	9	0	0	0
candidate	tso	r04	13-privatized_20-publish-regression_true.yml	true	correct	0.061612188	0.06769728695508093	26017792.0	0	2	4	0	0	0	0	0	0	0	0	0	0	3	0	0	0
candidate	tso	r04	13-privatized_30-traces-oplus-vs-meet_true.yml	true	correct	0.069175783	0.07492033403832465	26071040.0	0	2	8	0	0	0	0	0	0	0	0	0	0	5	0	0	0
candidate	tso	r04	13-privatized_32-traces-mine-vs-oplus-vs-meet_true.yml	true	correct	0.068762734	0.07378006994258612	26001408.0	0	3	12	0	0	0	0	0	0	0	0	0	0	8	0	0	0
candidate	tso	r04	13-privatized_34-traces-minepp-L-needs-to-be-um_true.yml	true	correct	0.073126821	0.08103723998647183	26017792.0	0	1	4	0	0	0	0	0	0	0	0	0	0	3	0	0	0
candidate	tso	r04	13-privatized_68-pfscan_protected_loop_minimal_interval_true.yml	true	correct	0.074681486	0.08215831592679024	26058752.0	0	0	0	0	0	0	0	0	0	0	0	0	0	0	0	0	0
candidate	tso	r04	13-privatized_29-multiple-protecting2-vesal_true.yml	true	correct	0.071581105	0.07750894594937563	25985024.0	0	4	12	0	0	0	0	0	0	0	0	0	0	9	0	0	0
candidate	tso	r04	13-privatized_24-multiple-protecting_true.yml	true	correct	0.071960549	0.0763287510490045	26054656.0	0	7	24	0	0	0	0	0	0	0	0	0	0	18	0	0	0
candidate	tso	r04	36-apron_21-traces-cluster-based_true.yml	true	correct	0.077753659	0.08237519499380141	26025984.0	0	6	26	0	0	0	0	0	0	0	0	0	0	18	0	0	0
candidate	tso	r04	36-apron_22-traces-write-centered-vs-meet-mutex_true_no-overflow.yml	true	correct	0.07508089	0.08109220606274903	26071040.0	0	1	0	0	0	0	0	0	0	0	0	0	0	0	0	0	0
candidate	tso	r04	13-privatized_27-multiple-protecting2_true.yml	true	correct	0.087516566	0.0907003830652684	26034176.0	0	26	72	0	0	0	0	0	0	0	0	0	0	54	0	0	0
candidate	tso	r04	14_spin2003.yml	true	correct	0.062839906	0.06702255795244128	26013696.0	0	0	0	0	0	0	0	0	0	0	0	0	0	0	0	0	0
candidate	tso	r04	29_conditionals_vs.yml	true	correct	0.074832547	0.08043299394194037	25939968.0	0	0	0	0	0	0	0	0	0	0	0	0	0	0	0	0	0
candidate	tso	r04	48_ticket_lock_low_contention_vs-pthread.yml	true	correct	0.070274762	0.07354918692726642	26034176.0	0	0	0	0	0	0	0	0	0	0	0	0	0	0	0	0	0
candidate	tso	r04	46_monabsex2_vs.yml	true	correct	0.0694717	0.07845435896888375	26001408.0	0	0	0	0	0	0	0	0	0	0	0	0	0	0	0	0	0
candidate	tso	r04	45_monabsex1_vs.yml	true	correct	0.070275055	0.07257450208999217	26017792.0	0	0	0	0	0	0	0	0	0	0	0	0	0	0	0	0	0
candidate	tso	r04	stateful01-1.yml	false(unreach-call)	correct	0.074573818	0.07821857498493046	26083328.0	42	0	4	0	0	0	0	0	0	0	0	0	0	2	0	0	0
candidate	tso	r04	stateful01-2.yml	true	correct	0.070710906	0.0777305739466101	26120192.0	0	6	12	0	0	0	0	0	0	0	0	0	0	9	0	0	0
candidate	tso	r04	time_var_mutex.yml	true	correct	0.075759387	0.08343614905606955	26021888.0	0	2	4	0	0	0	0	0	0	0	0	0	0	3	0	0	0
candidate	tso	r04	01b_inc.yml	true	correct	0.065429244	0.06907725206110626	26021888.0	0	0	0	0	0	0	0	0	0	0	0	0	0	0	0	0	0
candidate	tso	r04	triangular-1.yml	true	correct	7.828421094	7.8395965120289475	26034176.0	0	16632	43036	0	0	0	0	0	0	0	0	0	0	32277	0	0	0
candidate	tso	r04	triangular-2.yml	false(unreach-call)	correct	1.903203696	1.908780285040848	26079232.0	42	3638	10316	0	0	0	0	0	0	0	0	0	0	7732	0	0	0
candidate	tso	r04	02_inc_cas.yml	true	correct	0.066352181	0.07035011006519198	26075136.0	0	0	0	0	0	0	0	0	0	0	0	0	0	0	0	0	0
candidate	tso	r04	28-race_reach_21-deref_read_racing.yml	false(unreach-call)	correct	3.415047665	3.4283912180690095	56553472.0	42	0	0	0	0	0	0	0	0	0	0	0	0	0	0	0	0
candidate	tso	r04	48_ticket_lock_low_contention_vs.yml	true	correct	0.072765535	0.07611944701056927	26030080.0	0	0	0	0	0	0	0	0	0	0	0	0	0	0	0	0	0
candidate	tso	r04	28-race_reach_37-indirect_racing.yml	TIMEOUT	error	61.041114381	61.06204351701308	1057103872.0																	
candidate	tso	r04	28-race_reach_45-escape_racing.yml	false(unreach-call)	correct	0.067413019	0.07072586298454553	26025984.0	42	0	2	0	0	0	0	0	0	0	0	0	0	1	0	0	0
candidate	tso	r04	28-race_reach_46-escape_racefree.yml	true	correct	0.068952993	0.078827841905877	26017792.0	0	2	4	0	0	0	0	0	0	0	0	0	0	3	0	0	0
candidate	tso	r04	28-race_reach_01-simple_racing.yml	TIMEOUT	error	60.95417401	61.06197598099243	1057161216.0																	
candidate	tso	r04	28-race_reach_11-ptr_racing.yml	TIMEOUT	error	61.029419707	61.06065752194263	1057140736.0																	
candidate	tso	r04	circular_buffer_bad.yml	false(unreach-call)	correct	0.067902283	0.0721080939983949	26152960.0	42	1	14	0	0	0	0	0	0	0	0	0	0	7	0	0	0
candidate	tso	r04	fib_safe-5.yml	true	correct	6.446324303	6.459918241947889	26021888.0	0	2772	6884	0	0	0	0	0	0	0	0	0	0	5163	0	0	0
candidate	tso	r04	fib_safe-6.yml	true	correct	32.771521333	32.81044155289419	26005504.0	0	12012	29036	0	0	0	0	0	0	0	0	0	0	21777	0	0	0
candidate	tso	r04	fib_unsafe-5.yml	false(unreach-call)	correct	1.790915403	1.8092515260213986	26030080.0	42	632	1880	0	0	0	0	0	0	0	0	0	0	1405	0	0	0
candidate	tso	r04	fib_unsafe-6.yml	false(unreach-call)	correct	9.481134683	9.492810577969067	26025984.0	42	2942	8244	0	0	0	0	0	0	0	0	0	0	6177	0	0	0
candidate	tso	r04	fib_unsafe-7.yml	false(unreach-call)	correct	47.103173805	47.13819904602133	26042368.0	42	13238	35572	0	0	0	0	0	0	0	0	0	0	26672	0	0	0
candidate	tso	r04	28-race_reach_24-sound_lock_racing.yml	TIMEOUT	error	60.989698937	61.05075429100543	1057198080.0																	
candidate	tso	r04	lazy01.yml	false(unreach-call)	correct	0.059948806	0.06610368192195892	26099712.0	42	1	6	0	0	0	0	0	0	0	0	0	0	4	0	0	0
candidate	tso	r04	circular_buffer_ok.yml	true	correct	4.145048802	4.152719883946702	26157056.0	0	3432	6864	0	0	0	0	0	0	0	0	0	0	5148	0	0	0
candidate	tso	r04	szymanski.yml	true	correct	0.060611439	0.06798690801952034	26054656.0	0	6	56	1	1226650	21912	32516	6424	1	28207	38	1	1	31	67	3	1163
candidate	tso	r04	dekker.yml	true	correct	0.063777973	0.07065848901402205	26025984.0	0	4	14	1	1504687	28275	41975	7100	1	32754	38	1	1	7	8	0	1163
candidate	tso	r04	dekker-unfair.yml	true	correct	0.069251388	0.07649086404126137	26099712.0	0	4	14	1	1506935	28275	41975	7100	1	33953	38	1	1	7	8	0	1163
candidate	tso	r04	unwind3-1.yml	false(unreach-call)	correct	0.066631004	0.07152762007899582	26017792.0	42	1	2	0	0	0	0	0	0	0	0	0	0	1	0	0	0
candidate	tso	r04	exponential-nondet.yml	true	correct	0.064380054	0.07197634398471564	26124288.0	0	1	0	0	0	0	0	0	0	0	0	0	0	0	0	0	0
candidate	tso	r04	unwind2-1.yml	false(unreach-call)	correct	0.063002261	0.07088565593585372	26173440.0	42	1	0	0	0	0	0	0	0	0	0	0	0	0	0	0	0
candidate	tso	r04	unwind2-100.yml	false(unreach-call)	correct	0.065384213	0.07883273996412754	26050560.0	42	1	0	0	0	0	0	0	0	0	0	0	0	0	0	0	0
candidate	tso	r04	butterfly.yml	true	correct	17.294703227	17.3070671800524	26189824.0	0	64560	251398	14	65977314	2172507	3205331	406042	14	1082836	532	14	14	196280	2644670	26358	7720
candidate	tso	r04	43_NetBSD_sysmon_power_sliced.yml	true	correct	0.061652623	0.0766329379985109	25960448.0	0	0	0	0	0	0	0	0	0	0	0	0	0	0	0	0	0
candidate	tso	r04	28-race_reach_06-cond_racing1.yml	TIMEOUT	error	61.043736806	61.06310868100263	1057087488.0																	
candidate	tso	r04	queue_ok.yml	true	correct	0.071590331	0.07637823303230107	26234880.0	0	2	4	0	0	0	0	0	0	0	0	0	0	3	0	0	0
candidate	tso	r04	queue_ok_longer.yml	true	correct	1.093927642	1.0979244359768927	55504896.0	0	2	4	0	0	0	0	0	0	0	0	0	0	3	0	0	0
candidate	tso	r04	queue_ok_longest.yml	true	correct	4.702679931	4.710689224069938	242118656.0	0	2	4	0	0	0	0	0	0	0	0	0	0	3	0	0	0
candidate	tso	r04	queue_longer.yml	TIMEOUT	error	61.021824385	61.053566374932416	604315648.0																	
candidate	tso	r04	queue.yml	false(unreach-call)	correct	0.089511933	0.09449342894367874	26243072.0	42	2	40	0	0	0	0	0	0	0	0	0	0	20	0	0	0
candidate	tso	r04	singleton.yml	false(unreach-call)	correct	0.06312734	0.07018685003276914	26173440.0	42	1	8	0	0	0	0	0	0	0	0	0	0	5	0	0	0
candidate	tso	r04	singleton_with-uninit-problems.yml	true	correct	0.068686655	0.07571087300311774	26308608.0	0	4	12	0	0	0	0	0	0	0	0	0	0	9	0	0	0
candidate	tso	r04	pthread-demo-datarace-3.yml	false(unreach-call)	correct	0.143904652	0.1474169431021437	26050560.0	42	0	80	0	0	0	0	0	0	0	0	0	0	40	0	0	0
candidate	tso	r04	reorder_2.yml	false(unreach-call)	correct	0.149786841	0.15439468703698367	26165248.0	42	162	432	0	0	0	0	0	0	0	0	0	0	322	0	0	0
candidate	tso	r04	twostage_3.yml	false(unreach-call)	correct	0.075524053	0.08345189900137484	26296320.0	42	4	30	0	0	0	0	0	0	0	0	0	0	20	0	0	0
candidate	tso	r04	race-1_1-join.yml	true	correct	0.063167542	0.07047359901480377	26288128.0	0	1	0	0	0	0	0	0	0	0	0	0	0	0	0	0	0
candidate	tso	r04	race-1_3-join.yml	false(unreach-call)	correct	0.068322874	0.07326592493336648	26288128.0	42	1	2	0	0	0	0	0	0	0	0	0	0	1	0	0	0
candidate	tso	r04	race-1_2-join.yml	false(unreach-call)	correct	0.067390133	0.07449688599444926	26296320.0	42	1	2	0	0	0	0	0	0	0	0	0	0	1	0	0	0
candidate	tso	r04	race-4_1-thread_local_vars.yml	true	correct	0.075468892	0.0813345960341394	26296320.0	0	0	0	0	0	0	0	0	0	0	0	0	0	0	0	0	0
candidate	tso	r04	race-2_1-container_of.yml	true	correct	0.065106082	0.0729858010308817	26288128.0	0	1	0	0	0	0	0	0	0	0	0	0	0	0	0	0	0
candidate	tso	r04	race-3_1-container_of-global.yml	true	correct	0.063352793	0.07008779200259596	26288128.0	0	1	0	0	0	0	0	0	0	0	0	0	0	0	0	0	0
candidate	pso	r01	13-privatized_66-mine-W-init_true.yml	true	correct	0.075704359	0.08021861303132027	26042368.0	0	1	0	0	0	0	0	0	0	0	0	0	0	0	0	0	0
candidate	pso	r01	36-apron_41-threadenter-no-locals_unknown_1_pos.yml	false(unreach-call)	correct	0.069543956	0.07314162503462285	25980928.0	42	0	0	0	0	0	0	0	0	0	0	0	0	0	0	0	0
candidate	pso	r01	36-apron_16-traces-unprot2_true.yml	true	correct	0.06852703	0.06982365704607219	26021888.0	0	1	0	0	0	0	0	0	0	0	0	0	0	0	0	0	0
candidate	pso	r01	13-privatized_57-singlethreaded-unlock_true.yml	true	correct	0.071021646	0.07482509803958237	26025984.0	0	1	2	1	133401	1758	2274	108	1	25204	40	1	1	1	0	0	613
candidate	pso	r01	13-privatized_47-refine-protected2_true.yml	true	correct	0.074046789	0.0778789019677788	25993216.0	0	2	14	1	833443	10875	15090	930	1	31097	40	1	1	11	15	3	613
candidate	pso	r01	13-privatized_46-refine-protected1_true.yml	true	correct	0.075536554	0.07764273299835622	26042368.0	0	1	4	1	692011	9478	12950	1372	1	32202	40	1	1	4	7	2	613
candidate	pso	r01	36-apron_11-traces-max-simple_true.yml	true	correct	0.081158693	0.08805839798878878	26025984.0	0	2	14	1	783748	12368	17168	1184	1	31682	40	1	1	11	15	3	613
candidate	pso	r01	13-privatized_41-traces-ex-7_unknown_1_pos.yml	false(unreach-call)	correct	0.070266163	0.07573634700383991	26058752.0	42	0	2	0	0	0	0	0	0	0	0	0	0	1	0	0	0
candidate	pso	r01	13-privatized_41-traces-ex-7_unknown_1_neg.yml	false(unreach-call)	correct	0.072675159	0.07865749101620167	25985024.0	42	0	0	0	0	0	0	0	0	0	0	0	0	0	0	0	0
candidate	pso	r01	13-privatized_40-traces-ex-6_true.yml	true	correct	0.075961373	0.08496289094910026	26071040.0	0	1	10	1	1347298	21273	29568	3150	1	46922	40	1	1	9	13	3	613
candidate	pso	r01	13-privatized_58-singlethreaded-lock_true.yml	true	correct	0.074420692	0.07986344094388187	26017792.0	0	1	2	1	138559	1758	2274	108	1	26434	40	1	1	1	0	0	613
candidate	pso	r01	13-privatized_44-traces-mine2_true.yml	true	correct	0.068816114	0.07839039899408817	25960448.0	0	1	6	1	1238774	21273	29127	2856	1	44107	40	1	1	3	1	0	613
candidate	pso	r01	13-privatized_18-first-reads_unknown_2_pos.yml	false(unreach-call)	correct	0.068138838	0.07415813906118274	26075136.0	42	0	2	0	0	0	0	0	0	0	0	0	0	1	0	0	0
candidate	pso	r01	13-privatized_18-first-reads_unknown_1_neg.yml	false(unreach-call)	correct	0.069408184	0.07462967396713793	26058752.0	42	0	2	0	0	0	0	0	0	0	0	0	0	1	0	0	0
candidate	pso	r01	13-privatized_36-traces-ex-3_true.yml	true	correct	0.069896455	0.07559249992482364	25980928.0	0	3	42	1	1467106	23342	32450	3916	1	48125	40	1	1	29	38	6	613
candidate	pso	r01	13-privatized_18-first-reads_true.yml	true	correct	0.072021598	0.07625302497763187	25985024.0	0	2	14	1	831280	12368	17168	1472	1	37351	40	1	1	11	15	3	613
candidate	pso	r01	13-privatized_35-traces-ex-2_true.yml	true	correct	0.082301706	0.08619026991073042	25993216.0	0	2	50	1	2008622	30125	41900	6750	1	48412	40	1	1	31	37	5	613
candidate	pso	r01	13-privatized_37-traces-ex-4_true.yml	true	correct	0.078221542	0.0820422190008685	26025984.0	0	2	50	1	1991736	30125	41900	6750	1	45867	40	1	1	29	33	3	613
candidate	pso	r01	13-privatized_38-traces-ex-4-switch_true.yml	true	correct	0.076911293	0.0840910489205271	25927680.0	0	2	54	1	1989034	30125	41900	6750	1	47367	40	1	1	31	33	3	613
candidate	pso	r01	13-privatized_19-publish-precision_unknown_1_pos.yml	false(unreach-call)	correct	0.067300469	0.08016953803598881	26025984.0	42	0	2	0	0	0	0	0	0	0	0	0	0	1	0	0	0
candidate	pso	r01	13-privatized_19-publish-precision_unknown_2_pos.yml	false(unreach-call)	correct	0.0686111	0.07597140700090677	26038272.0	42	0	0	0	0	0	0	0	0	0	0	0	0	0	0	0	0
candidate	pso	r01	13-privatized_19-publish-precision_unknown_1_neg.yml	false(unreach-call)	correct	0.067950803	0.07597436895594001	26054656.0	42	0	0	0	0	0	0	0	0	0	0	0	0	0	0	0	0
candidate	pso	r01	13-privatized_19-publish-precision_unknown_2_neg.yml	false(unreach-call)	correct	0.06786832	0.07571090804412961	26054656.0	42	0	2	0	0	0	0	0	0	0	0	0	0	1	0	0	0
candidate	pso	r01	13-privatized_45-traces-per-global-and-current-lock-mine-incomparable_true.yml	true	correct	0.070034706	0.08008824801072478	26038272.0	0	2	52	1	1950499	30125	41900	6200	1	48081	40	1	1	30	33	3	613
candidate	pso	r01	13-privatized_01-priv_nr_true.yml	true	correct	0.082593164	0.08797949901781976	26042368.0	0	2	14	1	1576034	23342	32934	4356	1	48156	40	1	1	11	15	3	613
candidate	pso	r01	13-privatized_19-publish-precision_true.yml	true	correct	0.071626602	0.08104023500345647	26071040.0	0	3	50	1	2118940	25507	35466	6624	1	45549	40	1	1	35	48	8	613
candidate	pso	r01	13-privatized_42-traces-ex-mini_true.yml	true	correct	0.074138183	0.08211014198604971	26021888.0	0	2	34	1	2077787	32578	45318	6344	1	51131	40	1	1	21	25	3	613
candidate	pso	r01	13-privatized_33-traces-v-matters_true.yml	true	correct	0.071725309	0.07758248795289546	26038272.0	0	1	14	1	2085689	35127	48870	5940	1	50059	40	1	1	11	15	3	613
candidate	pso	r01	13-privatized_25-struct_nr_true.yml	true	correct	0.074158946	0.08028561889659613	25989120.0	0	2	14	1	1578612	23342	32934	4356	1	49389	40	1	1	11	15	3	613
candidate	pso	r01	13-privatized_69-refine-protected-loop-interval_true.yml	true	correct	0.071588369	0.07767271401826292	26087424.0	0	0	2	1	265766	4850	6110	420	1	26970	40	1	1	1	0	0	653
candidate	pso	r01	36-apron_17-traces-rpb-litmus_unknown_1_neg.yml	false(unreach-call)	correct	0.073923784	0.08163378003519028	26054656.0	42	0	0	0	0	0	0	0	0	0	0	0	0	0	0	0	0
candidate	pso	r01	13-privatized_31-traces-mine-vs-mutex_true.yml	true	correct	0.078440218	0.08326863299589604	26103808.0	0	4	150	1	2871667	43350	60330	11700	1	56379	40	1	1	87	101	9	613
candidate	pso	r01	13-privatized_20-publish-regression_true.yml	true	correct	0.077604346	0.08410632598679513	26062848.0	0	2	30	1	1894838	27768	38616	7104	1	48948	40	1	1	19	23	3	613
candidate	pso	r01	13-privatized_30-traces-oplus-vs-meet_true.yml	true	correct	0.07936947	0.0849361150758341	26046464.0	0	2	50	1	2198054	32578	45318	8164	1	53204	40	1	1	31	37	5	613
candidate	pso	r01	13-privatized_32-traces-mine-vs-oplus-vs-meet_true.yml	true	correct	0.078681936	0.08707469701766968	26099712.0	0	3	140	1	4149529	62388	86868	20592	1	63316	40	1	1	78	85	6	613
candidate	pso	r01	13-privatized_34-traces-minepp-L-needs-to-be-um_true.yml	true	correct	0.073553885	0.07490083097945899	26017792.0	0	1	18	1	2487038	37772	52556	10080	1	51801	40	1	1	13	17	3	613
candidate	pso	r01	13-privatized_68-pfscan_protected_loop_minimal_interval_true.yml	true	correct	0.068412471	0.07474136096425354	26079232.0	0	0	2	1	259957	4850	6110	420	1	27246	40	1	1	1	0	0	653
candidate	pso	r01	13-privatized_29-multiple-protecting2-vesal_true.yml	true	correct	0.079850362	0.0895137059269473	26038272.0	0	4	170	1	4110949	62388	86868	19296	1	66001	40	1	1	91	93	3	613
candidate	pso	r01	13-privatized_24-multiple-protecting_true.yml	true	correct	0.116516677	0.11968751205131412	26132480.0	0	7	816	1	11169120	156237	217740	90858	1	107096	40	1	1	432	463	18	613
candidate	pso	r01	36-apron_21-traces-cluster-based_true.yml	true	correct	0.07831089	0.08127999899443239	26157056.0	0	6	140	1	3458755	58975	83335	10220	1	61013	40	1	1	91	119	16	613
candidate	pso	r01	36-apron_22-traces-write-centered-vs-meet-mutex_true_no-overflow.yml	true	correct	0.077538801	0.08526952902320772	26013696.0	0	1	0	0	0	0	0	0	0	0	0	0	0	0	0	0	0
candidate	pso	r01	13-privatized_27-multiple-protecting2_true.yml	true	correct	0.205607838	0.2117310620378703	26050560.0	0	26	3004	1	11966252	178913	253089	73078	1	109619	40	1	1	1564	1647	44	613
candidate	pso	r01	14_spin2003.yml	true	correct	0.06696937	0.0743785829981789	26009600.0	0	0	2	1	460640	6972	9516	888	1	29340	40	1	1	1	0	0	613
candidate	pso	r01	29_conditionals_vs.yml	true	correct	0.070989012	0.0763709619641304	26030080.0	0	0	0	0	0	0	0	0	0	0	0	0	0	0	0	0	0
candidate	pso	r01	48_ticket_lock_low_contention_vs-pthread.yml	true	correct	0.069998417	0.0753011389169842	26030080.0	0	0	2	1	478738	6972	9516	888	1	29359	40	1	1	1	0	0	613
candidate	pso	r01	46_monabsex2_vs.yml	true	correct	0.069438633	0.0757005779305473	25960448.0	0	0	10	1	1571857	21273	29127	6342	1	38320	40	1	1	9	16	4	613
candidate	pso	r01	45_monabsex1_vs.yml	true	correct	0.071544197	0.07426745491102338	26050560.0	0	0	4	1	870309	12368	16912	2624	1	33044	40	1	1	4	7	2	613
candidate	pso	r01	stateful01-1.yml	false(unreach-call)	correct	0.07081849	0.07409533997997642	26103808.0	42	0	16	1	547607	9478	11970	1428	1	32374	40	1	1	10	15	2	653
candidate	pso	r01	stateful01-2.yml	true	correct	0.084119698	0.09124472097028047	26071040.0	0	6	242	1	557253	9478	11970	1428	1	31139	40	1	1	126	131	2	653
candidate	pso	r01	time_var_mutex.yml	true	correct	0.073442707	0.08235859195701778	26169344.0	0	2	44	1	580897	9478	12754	1288	1	29587	40	1	1	23	22	0	653
candidate	pso	r01	01b_inc.yml	true	correct	0.075928534	0.08131506992504	26001408.0	0	0	6	1	1516669	21273	29127	6048	1	38940	40	1	1	5	8	2	613
candidate	pso	r01	triangular-1.yml	TIMEOUT	error	60.957619193	61.00845422199927	26054656.0																	
candidate	pso	r01	triangular-2.yml	false(unreach-call)	correct	13.912510757	14.0351247289218	26112000.0	42	3638	11010	11	105394473	2445212	3408636	846056	11	1327605	440	11	11	249550	1751614	241471	2053
candidate	pso	r01	02_inc_cas.yml	true	correct	0.069585337	0.07593699300196022	26050560.0	0	0	0	0	0	0	0	0	0	0	0	0	0	0	0	0	0
candidate	pso	r01	28-race_reach_21-deref_read_racing.yml	false(unreach-call)	correct	3.338503448	3.3569647839758545	56791040.0	42	0	0	0	0	0	0	0	0	0	0	0	0	0	0	0	0
candidate	pso	r01	48_ticket_lock_low_contention_vs.yml	true	correct	0.077342986	0.08190824300982058	26025984.0	0	0	4	1	2062277	30125	41275	10100	1	42492	40	1	1	4	7	2	613
candidate	pso	r01	28-race_reach_37-indirect_racing.yml	TIMEOUT	error	61.039136109	61.06972033996135	1057177600.0																	
candidate	pso	r01	28-race_reach_45-escape_racing.yml	false(unreach-call)	correct	0.069636878	0.07643400598317385	26107904.0	42	0	2	0	0	0	0	0	0	0	0	0	0	1	0	0	0
candidate	pso	r01	28-race_reach_46-escape_racefree.yml	true	correct	0.073458289	0.0796339069493115	26075136.0	0	2	50	1	2735207	40513	56376	11948	1	56856	40	1	1	29	33	3	613
candidate	pso	r01	28-race_reach_01-simple_racing.yml	TIMEOUT	error	61.030527411	61.065360929002054	1057091584.0																	
candidate	pso	r01	28-race_reach_11-ptr_racing.yml	TIMEOUT	error	61.006855791	61.06417767307721	1057083392.0																	
candidate	pso	r01	circular_buffer_bad.yml	false(unreach-call)	correct	0.107306155	0.11553204501979053	26161152.0	42	1	462	1	872732	15642	19782	3060	1	31410	40	1	1	238	258	7	653
candidate	pso	r01	fib_safe-5.yml	true	correct	46.653591063	46.69387828500476	121241600.0	0	2772	7668	12	2342793134	34026804	47655459	59458212	12	11044449	480	12	12	213722	1698158	208167	2197
candidate	pso	r01	fib_safe-6.yml	TIMEOUT	error	60.803257716	61.01896931999363	158527488.0																	
candidate	pso	r01	fib_unsafe-5.yml	false(unreach-call)	correct	12.452132994	12.499725302914158	121204736.0	42	632	2658	10	2007014374	28355670	39978603	54919944	10	9109267	400	10	10	48728	355539	46934	1909
candidate	pso	r01	fib_unsafe-6.yml	TIMEOUT	error	60.725995401	61.02086246793624	158466048.0																	
candidate	pso	r01	fib_unsafe-7.yml	TIMEOUT	error	60.988270937	61.01945720403455	201199616.0																	
candidate	pso	r01	28-race_reach_24-sound_lock_racing.yml	TIMEOUT	error	61.035505786	61.05391874304041	1057144832.0																	
candidate	pso	r01	lazy01.yml	false(unreach-call)	correct	0.072365628	0.0780676220310852	26169344.0	42	1	32	1	233963	4850	6010	480	1	22368	40	1	1	19	24	2	653
candidate	pso	r01	circular_buffer_ok.yml	TIMEOUT	error	60.977533983	61.01008044893388	26165248.0																	
candidate	pso	r01	szymanski.yml	true	correct	0.072915955	0.07682165096048266	26025984.0	0	6	740	1	1261059	23342	35376	7260	1	28457	40	1	1	378	585	8	908
candidate	pso	r01	dekker.yml	true	correct	0.065389622	0.07459228299558163	26066944.0	0	4	68	1	1494546	30125	45675	7350	1	31942	40	1	1	35	58	1	908
candidate	pso	r01	dekker-unfair.yml	true	correct	0.069850253	0.0739901449996978	26030080.0	0	4	72	1	1521903	30125	45675	7350	1	31648	40	1	1	37	60	1	908
candidate	pso	r01	unwind3-1.yml	false(unreach-call)	correct	0.060546313	0.06536812800914049	26152960.0	42	1	6	1	562198	10875	15555	2580	1	22106	40	1	1	3	2	0	653
candidate	pso	r01	exponential-nondet.yml	true	correct	0.063029361	0.07102230400778353	26152960.0	0	1	0	0	0	0	0	0	0	0	0	0	0	0	0	0	0
candidate	pso	r01	unwind2-1.yml	false(unreach-call)	correct	0.061052206	0.06852497300133109	26165248.0	42	1	6	1	384750	8177	11518	1222	1	21738	40	1	1	3	2	0	613
candidate	pso	r01	unwind2-100.yml	false(unreach-call)	correct	0.066747511	0.0698802819242701	26132480.0	42	1	6	1	417076	8177	11518	1222	1	21578	40	1	1	3	2	0	613
candidate	pso	r01	butterfly.yml	true	correct	22.145763895	22.162772238021716	26173440.0	0	64560	393060	16	79654539	2749592	4145199	644792	16	1250713	640	16	16	391668	4478982	150915	7463
candidate	pso	r01	43_NetBSD_sysmon_power_sliced.yml	true	correct	0.061611501	0.06701222492847592	26025984.0	0	0	0	0	0	0	0	0	0	0	0	0	0	0	0	0	0
candidate	pso	r01	28-race_reach_06-cond_racing1.yml	TIMEOUT	error	61.041889319	61.06249293498695	1057087488.0																	
candidate	pso	r01	queue_ok.yml	true	correct	0.079735981	0.08639952703379095	26181632.0	0	2	32	1	856842	19300	26420	4560	1	43497	40	1	1	18	20	1	653
candidate	pso	r01	queue_ok_longer.yml	true	correct	4.038168363	4.047534625977278	122982400.0	0	2	32	1	797382	19300	26420	4560	1	25331	40	1	1	18	20	1	653
candidate	pso	r01	queue_ok_longest.yml	true	correct	20.318430174	20.369643747922964	500891648.0	0	2	32	1	895023	19300	26420	4560	1	26975	40	1	1	18	20	1	653
candidate	pso	r01	queue_longer.yml	TIMEOUT	error	60.985603145	61.01419978600461	80715776.0																	
candidate	pso	r01	queue.yml	false(unreach-call)	correct	1.117054672	1.1273763111094013	26238976.0	42	2	5878	1	860590	19300	26420	4560	1	26538	40	1	1	2959	3018	20	653
candidate	pso	r01	singleton.yml	false(unreach-call)	correct	0.079990347	0.08715087699238211	26284032.0	42	1	28	1	4640100	101798	148166	33396	1	55654	40	1	1	21	31	6	613
candidate	pso	r01	singleton_with-uninit-problems.yml	true	correct	0.07987356	0.08737086108885705	26288128.0	0	4	80	1	4828079	101798	148166	33396	1	80913	40	1	1	68	116	25	613
candidate	pso	r01	pthread-demo-datarace-3.yml	false(unreach-call)	correct	0.150898836	0.15916820301208645	26034176.0	42	0	80	0	0	0	0	0	0	0	0	0	0	40	0	0	0
candidate	pso	r01	reorder_2.yml	false(unreach-call)	correct	0.461310393	0.4678800089750439	26181632.0	42	162	826	7	77066756	2262134	3194474	878220	7	891455	280	7	7	6452	32662	5933	1477
candidate	pso	r01	twostage_3.yml	false(unreach-call)	correct	0.111998833	0.11620106105692685	29605888.0	42	4	116	1	25704139	490153	693769	372690	1	200712	40	1	1	74	88	11	613
candidate	pso	r01	race-1_1-join.yml	true	correct	0.074777862	0.07873919198755175	26198016.0	0	1	6	1	324698	6972	9516	792	1	20611	40	1	1	3	2	0	653
candidate	pso	r01	race-1_3-join.yml	false(unreach-call)	correct	0.077397092	0.08174432697705925	26292224.0	42	1	26	1	1081075	21273	29568	5628	1	28806	40	1	1	13	12	0	653
candidate	pso	r01	race-1_2-join.yml	false(unreach-call)	correct	0.072077328	0.08022157801315188	26292224.0	42	1	26	1	1096681	21273	29568	5628	1	28327	40	1	1	13	12	0	653
candidate	pso	r01	race-4_1-thread_local_vars.yml	true	correct	0.072402329	0.08017609198577702	26288128.0	0	0	0	0	0	0	0	0	0	0	0	0	0	0	0	0	0
candidate	pso	r01	race-2_1-container_of.yml	true	correct	0.070448535	0.07799013005569577	26296320.0	0	1	0	0	0	0	0	0	0	0	0	0	0	0	0	0	0
candidate	pso	r01	race-3_1-container_of-global.yml	true	correct	0.068948685	0.0738463350571692	26333184.0	0	1	0	0	0	0	0	0	0	0	0	0	0	0	0	0	0
candidate	pso	r02	13-privatized_66-mine-W-init_true.yml	true	correct	0.071354486	0.08850984298624098	25956352.0	0	1	0	0	0	0	0	0	0	0	0	0	0	0	0	0	0
candidate	pso	r02	36-apron_41-threadenter-no-locals_unknown_1_pos.yml	false(unreach-call)	correct	0.067807871	0.07623471203260124	25989120.0	42	0	0	0	0	0	0	0	0	0	0	0	0	0	0	0	0
candidate	pso	r02	36-apron_16-traces-unprot2_true.yml	true	correct	0.063399364	0.0665569209959358	25907200.0	0	1	0	0	0	0	0	0	0	0	0	0	0	0	0	0	0
candidate	pso	r02	13-privatized_57-singlethreaded-unlock_true.yml	true	correct	0.069053262	0.07646450202446431	25964544.0	0	1	2	1	134562	1758	2274	108	1	25582	40	1	1	1	0	0	613
candidate	pso	r02	13-privatized_47-refine-protected2_true.yml	true	correct	0.066593038	0.07665672292932868	26046464.0	0	2	14	1	703279	10875	15090	930	1	32081	40	1	1	11	15	3	613
candidate	pso	r02	13-privatized_46-refine-protected1_true.yml	true	correct	0.065751099	0.08450641098897904	25989120.0	0	1	4	1	681337	9478	12950	1372	1	30065	40	1	1	4	7	2	613
candidate	pso	r02	36-apron_11-traces-max-simple_true.yml	true	correct	0.07239437	0.07526065199635923	26025984.0	0	2	14	1	786608	12368	17168	1184	1	31962	40	1	1	11	15	3	613
candidate	pso	r02	13-privatized_41-traces-ex-7_unknown_1_pos.yml	false(unreach-call)	correct	0.067035116	0.07687648793216795	25952256.0	42	0	2	0	0	0	0	0	0	0	0	0	0	1	0	0	0
candidate	pso	r02	13-privatized_41-traces-ex-7_unknown_1_neg.yml	false(unreach-call)	correct	0.068680175	0.08095854998100549	26030080.0	42	0	0	0	0	0	0	0	0	0	0	0	0	0	0	0	0
candidate	pso	r02	13-privatized_40-traces-ex-6_true.yml	true	correct	0.067252742	0.07301730406470597	26001408.0	0	1	10	1	1315654	21273	29568	3150	1	47573	40	1	1	9	13	3	613
candidate	pso	r02	13-privatized_58-singlethreaded-lock_true.yml	true	correct	0.066747477	0.07732456002850085	25972736.0	0	1	2	1	187067	1758	2274	108	1	36791	40	1	1	1	0	0	613
candidate	pso	r02	13-privatized_44-traces-mine2_true.yml	true	correct	0.076610591	0.08993148896843195	26021888.0	0	1	6	1	1255780	21273	29127	2856	1	45289	40	1	1	3	1	0	613
candidate	pso	r02	13-privatized_18-first-reads_unknown_2_pos.yml	false(unreach-call)	correct	0.072324171	0.08889228000771254	26013696.0	42	0	2	0	0	0	0	0	0	0	0	0	0	1	0	0	0
candidate	pso	r02	13-privatized_18-first-reads_unknown_1_neg.yml	false(unreach-call)	correct	0.065423938	0.07103097497019917	26075136.0	42	0	2	0	0	0	0	0	0	0	0	0	0	1	0	0	0
candidate	pso	r02	13-privatized_36-traces-ex-3_true.yml	true	correct	0.068640532	0.0730237130774185	25948160.0	0	3	42	1	1491057	23342	32450	3916	1	45363	40	1	1	29	38	6	613
candidate	pso	r02	13-privatized_18-first-reads_true.yml	true	correct	0.070888002	0.07430476299487054	26087424.0	0	2	14	1	804367	12368	17168	1472	1	37633	40	1	1	11	15	3	613
candidate	pso	r02	13-privatized_35-traces-ex-2_true.yml	true	correct	0.066662977	0.07416931493207812	25993216.0	0	2	50	1	1968428	30125	41900	6750	1	47572	40	1	1	31	37	5	613
candidate	pso	r02	13-privatized_37-traces-ex-4_true.yml	true	correct	0.058572018	0.06385600799694657	26030080.0	0	2	50	1	1737013	30125	41900	6750	1	35018	40	1	1	29	33	3	613
candidate	pso	r02	13-privatized_38-traces-ex-4-switch_true.yml	true	correct	0.069028369	0.07631711603607982	25956352.0	0	2	54	1	1980871	30125	41900	6750	1	46998	40	1	1	31	33	3	613
candidate	pso	r02	13-privatized_19-publish-precision_unknown_1_pos.yml	false(unreach-call)	correct	0.070499981	0.07253411097917706	26087424.0	42	0	2	0	0	0	0	0	0	0	0	0	0	1	0	0	0
candidate	pso	r02	13-privatized_19-publish-precision_unknown_2_pos.yml	false(unreach-call)	correct	0.068351203	0.0779917270410806	26042368.0	42	0	0	0	0	0	0	0	0	0	0	0	0	0	0	0	0
candidate	pso	r02	13-privatized_19-publish-precision_unknown_1_neg.yml	false(unreach-call)	correct	0.067664186	0.07192926306743175	26042368.0	42	0	0	0	0	0	0	0	0	0	0	0	0	0	0	0	0
candidate	pso	r02	13-privatized_19-publish-precision_unknown_2_neg.yml	false(unreach-call)	correct	0.069701997	0.07663373206742108	25993216.0	42	0	2	0	0	0	0	0	0	0	0	0	0	1	0	0	0
candidate	pso	r02	13-privatized_45-traces-per-global-and-current-lock-mine-incomparable_true.yml	true	correct	0.069883723	0.07487627200316638	25935872.0	0	2	52	1	1914324	30125	41900	6200	1	50178	40	1	1	30	33	3	613
candidate	pso	r02	13-privatized_01-priv_nr_true.yml	true	correct	0.066587937	0.07288562704343349	26087424.0	0	2	14	1	1231767	23342	32934	4356	1	36147	40	1	1	11	15	3	613
candidate	pso	r02	13-privatized_19-publish-precision_true.yml	true	correct	0.076659492	0.0876175919547677	25989120.0	0	3	50	1	1791199	25507	35466	6624	1	45053	40	1	1	35	48	8	613
candidate	pso	r02	13-privatized_42-traces-ex-mini_true.yml	true	correct	0.073685036	0.08082154102157801	25985024.0	0	2	34	1	2047405	32578	45318	6344	1	50685	40	1	1	21	25	3	613
candidate	pso	r02	13-privatized_33-traces-v-matters_true.yml	true	correct	0.068004567	0.07254709803964943	26050560.0	0	1	14	1	2080974	35127	48870	5940	1	51296	40	1	1	11	15	3	613
candidate	pso	r02	13-privatized_25-struct_nr_true.yml	true	correct	0.068577807	0.07364592293743044	26030080.0	0	2	14	1	1570023	23342	32934	4356	1	47628	40	1	1	11	15	3	613
candidate	pso	r02	13-privatized_69-refine-protected-loop-interval_true.yml	true	correct	0.071565001	0.08179617894347757	26054656.0	0	0	2	1	265844	4850	6110	420	1	27724	40	1	1	1	0	0	653
candidate	pso	r02	36-apron_17-traces-rpb-litmus_unknown_1_neg.yml	false(unreach-call)	correct	0.065555274	0.0705135070020333	26005504.0	42	0	0	0	0	0	0	0	0	0	0	0	0	0	0	0	0
candidate	pso	r02	13-privatized_31-traces-mine-vs-mutex_true.yml	true	correct	0.075490938	0.08196767803747207	26107904.0	0	4	150	1	2839236	43350	60330	11700	1	53741	40	1	1	87	101	9	613
candidate	pso	r02	13-privatized_20-publish-regression_true.yml	true	correct	0.062168365	0.06970503297634423	26058752.0	0	2	30	1	1460715	27768	38616	7104	1	37096	40	1	1	19	23	3	613
candidate	pso	r02	13-privatized_30-traces-oplus-vs-meet_true.yml	true	correct	0.072976002	0.0765080819837749	26091520.0	0	2	50	1	2183211	32578	45318	8164	1	51504	40	1	1	31	37	5	613
candidate	pso	r02	13-privatized_32-traces-mine-vs-oplus-vs-meet_true.yml	true	correct	0.074451297	0.08271530002821237	26112000.0	0	3	140	1	4153403	62388	86868	20592	1	63486	40	1	1	78	85	6	613
candidate	pso	r02	13-privatized_34-traces-minepp-L-needs-to-be-um_true.yml	true	correct	0.072433398	0.07527829392347485	26038272.0	0	1	18	1	2469906	37772	52556	10080	1	52187	40	1	1	13	17	3	613
candidate	pso	r02	13-privatized_68-pfscan_protected_loop_minimal_interval_true.yml	true	correct	0.075136712	0.08063153002876788	26128384.0	0	0	2	1	267493	4850	6110	420	1	27230	40	1	1	1	0	0	653
candidate	pso	r02	13-privatized_29-multiple-protecting2-vesal_true.yml	true	correct	0.082093566	0.08938306698109955	26034176.0	0	4	170	1	4037868	62388	86868	19296	1	64436	40	1	1	91	93	3	613
candidate	pso	r02	13-privatized_24-multiple-protecting_true.yml	true	correct	0.115001383	0.12000237603206187	26083328.0	0	7	816	1	11019757	156237	217740	90858	1	105748	40	1	1	432	463	18	613
candidate	pso	r02	36-apron_21-traces-cluster-based_true.yml	true	correct	0.08079433	0.09171337902080268	26124288.0	0	6	140	1	3980134	58975	83335	10220	1	73881	40	1	1	91	119	16	613
candidate	pso	r02	36-apron_22-traces-write-centered-vs-meet-mutex_true_no-overflow.yml	true	correct	0.059789439	0.0634899860015139	26095616.0	0	1	0	0	0	0	0	0	0	0	0	0	0	0	0	0	0
candidate	pso	r02	13-privatized_27-multiple-protecting2_true.yml	true	correct	0.208655003	0.21668311802204698	26083328.0	0	26	3004	1	11748076	178913	253089	73078	1	109454	40	1	1	1564	1647	44	613
candidate	pso	r02	14_spin2003.yml	true	correct	0.068359646	0.07441229291725904	25944064.0	0	0	2	1	457617	6972	9516	888	1	29158	40	1	1	1	0	0	613
candidate	pso	r02	29_conditionals_vs.yml	true	correct	0.065478294	0.07146950101014227	25952256.0	0	0	0	0	0	0	0	0	0	0	0	0	0	0	0	0	0
candidate	pso	r02	48_ticket_lock_low_contention_vs-pthread.yml	true	correct	0.067416152	0.0794862339971587	26030080.0	0	0	2	1	462773	6972	9516	888	1	29314	40	1	1	1	0	0	613
candidate	pso	r02	46_monabsex2_vs.yml	true	correct	0.072136686	0.07402370008639991	26025984.0	0	0	10	1	1563869	21273	29127	6342	1	39796	40	1	1	9	16	4	613
candidate	pso	r02	45_monabsex1_vs.yml	true	correct	0.072287968	0.07779494405258447	25964544.0	0	0	4	1	865456	12368	16912	2624	1	33576	40	1	1	4	7	2	613
candidate	pso	r02	stateful01-1.yml	false(unreach-call)	correct	0.072274454	0.08269054593984038	26128384.0	42	0	16	1	552257	9478	11970	1428	1	32001	40	1	1	10	15	2	653
candidate	pso	r02	stateful01-2.yml	true	correct	0.066069898	0.07271158695220947	26079232.0	0	6	242	1	443808	9478	11970	1428	1	25426	40	1	1	126	131	2	653
candidate	pso	r02	time_var_mutex.yml	true	correct	0.073536339	0.07728248403873295	26189824.0	0	2	44	1	582552	9478	12754	1288	1	29357	40	1	1	23	22	0	653
candidate	pso	r02	01b_inc.yml	true	correct	0.078289309	0.08144070208072662	26034176.0	0	0	6	1	1510620	21273	29127	6048	1	39184	40	1	1	5	8	2	613
candidate	pso	r02	triangular-1.yml	TIMEOUT (true)	error	60.226710854	60.26497547898907	26058752.0	0	16632	43732	12	111162253	2667504	3713888	849320	12	1425628	480	12	12	1138907	8683361	1106282	2197
candidate	pso	r02	triangular-2.yml	false(unreach-call)	correct	13.861703535	13.879352879012004	26095616.0	42	3638	11010	11	105715242	2445212	3408636	846056	11	1322956	440	11	11	249550	1751614	241471	2053
candidate	pso	r02	02_inc_cas.yml	true	correct	0.071983706	0.07748969702515751	26083328.0	0	0	0	0	0	0	0	0	0	0	0	0	0	0	0	0	0
candidate	pso	r02	28-race_reach_21-deref_read_racing.yml	false(unreach-call)	correct	3.252935881	3.2744531630305573	56520704.0	42	0	0	0	0	0	0	0	0	0	0	0	0	0	0	0	0
candidate	pso	r02	48_ticket_lock_low_contention_vs.yml	true	correct	0.079177797	0.08168379706330597	26046464.0	0	0	4	1	2099375	30125	41275	10100	1	44022	40	1	1	4	7	2	613
candidate	pso	r02	28-race_reach_37-indirect_racing.yml	TIMEOUT	error	60.774501844	61.06251927406993	1057181696.0																	
candidate	pso	r02	28-race_reach_45-escape_racing.yml	false(unreach-call)	correct	0.073999045	0.08017781504895538	26001408.0	42	0	2	0	0	0	0	0	0	0	0	0	0	1	0	0	0
candidate	pso	r02	28-race_reach_46-escape_racefree.yml	true	correct	0.069415053	0.07806222804356366	26046464.0	0	2	50	1	2684854	40513	56376	11948	1	52994	40	1	1	29	33	3	613
candidate	pso	r02	28-race_reach_01-simple_racing.yml	TIMEOUT	error	61.031148436	61.057732047047466	1057062912.0																	
candidate	pso	r02	28-race_reach_11-ptr_racing.yml	TIMEOUT	error	61.03485132	61.06127832992934	1057116160.0																	
candidate	pso	r02	circular_buffer_bad.yml	false(unreach-call)	correct	0.105203494	0.11067109799478203	26157056.0	42	1	462	1	836788	15642	19782	3060	1	33443	40	1	1	238	258	7	653
candidate	pso	r02	fib_safe-5.yml	true	correct	45.530623136	45.564599476987496	121282560.0	0	2772	7668	12	2317239257	34026804	47655459	59458212	12	10978609	480	12	12	213722	1698158	208167	2197
candidate	pso	r02	fib_safe-6.yml	TIMEOUT	error	60.974896795	61.020400071982294	158420992.0																	
candidate	pso	r02	fib_unsafe-5.yml	false(unreach-call)	correct	12.350747273	12.395697002997622	121245696.0	42	632	2658	10	2008276490	28355670	39978603	54919944	10	9149849	400	10	10	48728	355539	46934	1909
candidate	pso	r02	fib_unsafe-6.yml	TIMEOUT	error	60.98609398	61.02170824597124	158511104.0																	
candidate	pso	r02	fib_unsafe-7.yml	TIMEOUT	error	60.987362322	61.02021446696017	201187328.0																	
candidate	pso	r02	28-race_reach_24-sound_lock_racing.yml	TIMEOUT	error	61.036092648	61.05885570310056	1057099776.0																	
candidate	pso	r02	lazy01.yml	false(unreach-call)	correct	0.069022424	0.07505101105198264	26144768.0	42	1	32	1	217666	4850	6010	480	1	21192	40	1	1	19	24	2	653
candidate	pso	r02	circular_buffer_ok.yml	TIMEOUT	error	60.97554441	61.00931470806245	26095616.0																	
candidate	pso	r02	szymanski.yml	true	correct	0.079449852	0.08632723498158157	26013696.0	0	6	740	1	1265668	23342	35376	7260	1	28662	40	1	1	378	585	8	908
candidate	pso	r02	dekker.yml	true	correct	0.063547694	0.07059835398104042	26005504.0	0	4	68	1	1492596	30125	45675	7350	1	30417	40	1	1	35	58	1	908
candidate	pso	r02	dekker-unfair.yml	true	correct	0.070991855	0.07503605098463595	26120192.0	0	4	72	1	1444221	30125	45675	7350	1	31438	40	1	1	37	60	1	908
candidate	pso	r02	unwind3-1.yml	false(unreach-call)	correct	0.061932498	0.07063175807707012	26116096.0	42	1	6	1	555782	10875	15555	2580	1	22362	40	1	1	3	2	0	653
candidate	pso	r02	exponential-nondet.yml	true	correct	0.062792099	0.06805381900630891	26161152.0	0	1	0	0	0	0	0	0	0	0	0	0	0	0	0	0	0
candidate	pso	r02	unwind2-1.yml	false(unreach-call)	correct	0.06808694	0.07127955509349704	26169344.0	42	1	6	1	408493	8177	11518	1222	1	22393	40	1	1	3	2	0	613
candidate	pso	r02	unwind2-100.yml	false(unreach-call)	correct	0.06281588	0.06946319690905511	26116096.0	42	1	6	1	393543	8177	11518	1222	1	22826	40	1	1	3	2	0	613
candidate	pso	r02	butterfly.yml	true	correct	21.990268594	22.005148484022357	26177536.0	0	64560	393060	16	78985453	2749592	4145199	644792	16	1252135	640	16	16	391668	4478982	150915	7463
candidate	pso	r02	43_NetBSD_sysmon_power_sliced.yml	true	correct	0.062358861	0.0693069479893893	26030080.0	0	0	0	0	0	0	0	0	0	0	0	0	0	0	0	0	0
candidate	pso	r02	28-race_reach_06-cond_racing1.yml	TIMEOUT	error	61.043145793	61.06174014089629	1057140736.0																	
candidate	pso	r02	queue_ok.yml	true	correct	0.080235799	0.08695366000756621	26218496.0	0	2	32	1	919831	19300	26420	4560	1	26376	40	1	1	18	20	1	653
candidate	pso	r02	queue_ok_longer.yml	true	correct	4.000397538	4.009810414980166	122974208.0	0	2	32	1	811628	19300	26420	4560	1	26020	40	1	1	18	20	1	653
candidate	pso	r02	queue_ok_longest.yml	true	correct	19.909066914	19.98245235311333	478965760.0	0	2	32	1	865556	19300	26420	4560	1	26077	40	1	1	18	20	1	653
candidate	pso	r02	queue_longer.yml	TIMEOUT	error	60.987343739	61.017273733974434	80683008.0																	
candidate	pso	r02	queue.yml	false(unreach-call)	correct	1.104541565	1.1092368309618905	26243072.0	42	2	5878	1	865309	19300	26420	4560	1	25806	40	1	1	2959	3018	20	653
candidate	pso	r02	singleton.yml	false(unreach-call)	correct	0.081202825	0.083337297081016	26292224.0	42	1	28	1	4601391	101798	148166	33396	1	55687	40	1	1	21	31	6	613
candidate	pso	r02	singleton_with-uninit-problems.yml	true	correct	0.081835567	0.08923262706957757	26288128.0	0	4	80	1	4802847	101798	148166	33396	1	56993	40	1	1	68	116	25	613
candidate	pso	r02	pthread-demo-datarace-3.yml	false(unreach-call)	correct	0.154588134	0.15824211202561855	26034176.0	42	0	80	0	0	0	0	0	0	0	0	0	0	40	0	0	0
candidate	pso	r02	reorder_2.yml	false(unreach-call)	correct	0.458495392	0.46614892897196114	26177536.0	42	162	826	7	76224548	2262134	3194474	878220	7	882080	280	7	7	6452	32662	5933	1477
candidate	pso	r02	twostage_3.yml	false(unreach-call)	correct	0.11509243	0.11909499298781157	29642752.0	42	4	116	1	25933737	490153	693769	372690	1	200052	40	1	1	74	88	11	613
candidate	pso	r02	race-1_1-join.yml	true	correct	0.069605888	0.07568610308226198	26284032.0	0	1	6	1	328657	6972	9516	792	1	21854	40	1	1	3	2	0	653
candidate	pso	r02	race-1_3-join.yml	false(unreach-call)	correct	0.073101592	0.08112018695101142	26288128.0	42	1	26	1	1093395	21273	29568	5628	1	28419	40	1	1	13	12	0	653
candidate	pso	r02	race-1_2-join.yml	false(unreach-call)	correct	0.072911559	0.07991363503970206	26300416.0	42	1	26	1	1083293	21273	29568	5628	1	28558	40	1	1	13	12	0	653
candidate	pso	r02	race-4_1-thread_local_vars.yml	true	correct	0.075857681	0.08078005607239902	26292224.0	0	0	0	0	0	0	0	0	0	0	0	0	0	0	0	0	0
candidate	pso	r02	race-2_1-container_of.yml	true	correct	0.076138444	0.07975630008149892	26296320.0	0	1	0	0	0	0	0	0	0	0	0	0	0	0	0	0	0
candidate	pso	r02	race-3_1-container_of-global.yml	true	correct	0.070864444	0.0782020480837673	26300416.0	0	1	0	0	0	0	0	0	0	0	0	0	0	0	0	0	0
candidate	pso	r03	13-privatized_66-mine-W-init_true.yml	true	correct	0.058514915	0.06230923603288829	25931776.0	0	1	0	0	0	0	0	0	0	0	0	0	0	0	0	0	0
candidate	pso	r03	36-apron_41-threadenter-no-locals_unknown_1_pos.yml	false(unreach-call)	correct	0.064806484	0.0698148530209437	25952256.0	42	0	0	0	0	0	0	0	0	0	0	0	0	0	0	0	0
candidate	pso	r03	36-apron_16-traces-unprot2_true.yml	true	correct	0.066247773	0.07495090796146542	25931776.0	0	1	0	0	0	0	0	0	0	0	0	0	0	0	0	0	0
candidate	pso	r03	13-privatized_57-singlethreaded-unlock_true.yml	true	correct	0.067080359	0.07270059699658304	25931776.0	0	1	2	1	134470	1758	2274	108	1	26352	40	1	1	1	0	0	613
candidate	pso	r03	13-privatized_47-refine-protected2_true.yml	true	correct	0.072265343	0.07613093801774085	25919488.0	0	2	14	1	700233	10875	15090	930	1	32323	40	1	1	11	15	3	613
candidate	pso	r03	13-privatized_46-refine-protected1_true.yml	true	correct	0.056988388	0.06955624802503735	25968640.0	0	1	4	1	520738	9478	12950	1372	1	25998	40	1	1	4	7	2	613
candidate	pso	r03	36-apron_11-traces-max-simple_true.yml	true	correct	0.069641836	0.07679957908112556	26030080.0	0	2	14	1	769754	12368	17168	1184	1	31722	40	1	1	11	15	3	613
candidate	pso	r03	13-privatized_41-traces-ex-7_unknown_1_pos.yml	false(unreach-call)	correct	0.057794925	0.062110356986522675	26046464.0	42	0	2	0	0	0	0	0	0	0	0	0	0	1	0	0	0
candidate	pso	r03	13-privatized_41-traces-ex-7_unknown_1_neg.yml	false(unreach-call)	correct	0.070968802	0.07630703400354832	25993216.0	42	0	0	0	0	0	0	0	0	0	0	0	0	0	0	0	0
candidate	pso	r03	13-privatized_40-traces-ex-6_true.yml	true	correct	0.070076047	0.07591110502835363	25935872.0	0	1	10	1	1337439	21273	29568	3150	1	47768	40	1	1	9	13	3	613
candidate	pso	r03	13-privatized_58-singlethreaded-lock_true.yml	true	correct	0.068209325	0.06981437199283391	26013696.0	0	1	2	1	137200	1758	2274	108	1	25172	40	1	1	1	0	0	613
candidate	pso	r03	13-privatized_44-traces-mine2_true.yml	true	correct	0.067869951	0.07223227003123611	26021888.0	0	1	6	1	1275479	21273	29127	2856	1	45317	40	1	1	3	1	0	613
candidate	pso	r03	13-privatized_18-first-reads_unknown_2_pos.yml	false(unreach-call)	correct	0.059453412	0.06402907206211239	26062848.0	42	0	2	0	0	0	0	0	0	0	0	0	0	1	0	0	0
candidate	pso	r03	13-privatized_18-first-reads_unknown_1_neg.yml	false(unreach-call)	correct	0.073489993	0.08151841210201383	26017792.0	42	0	2	0	0	0	0	0	0	0	0	0	0	1	0	0	0
candidate	pso	r03	13-privatized_36-traces-ex-3_true.yml	true	correct	0.061912871	0.06917625397909433	25985024.0	0	3	42	1	1154985	23342	32450	3916	1	36006	40	1	1	29	38	6	613
candidate	pso	r03	13-privatized_18-first-reads_true.yml	true	correct	0.068225836	0.07365068199578673	26009600.0	0	2	14	1	813346	12368	17168	1472	1	37618	40	1	1	11	15	3	613
candidate	pso	r03	13-privatized_35-traces-ex-2_true.yml	true	correct	0.069829641	0.07757784810382873	26001408.0	0	2	50	1	1545029	30125	41900	6750	1	38159	40	1	1	31	37	5	613
candidate	pso	r03	13-privatized_37-traces-ex-4_true.yml	true	correct	0.081638322	0.1034109570318833	26005504.0	0	2	50	1	4873016	30125	41900	6750	1	120285	40	1	1	29	33	3	613
candidate	pso	r03	13-privatized_38-traces-ex-4-switch_true.yml	true	correct	0.076836476	0.08289195399265736	25931776.0	0	2	54	1	2006370	30125	41900	6750	1	48368	40	1	1	31	33	3	613
candidate	pso	r03	13-privatized_19-publish-precision_unknown_1_pos.yml	false(unreach-call)	correct	0.065042969	0.07125232100952417	26083328.0	42	0	2	0	0	0	0	0	0	0	0	0	0	1	0	0	0
candidate	pso	r03	13-privatized_19-publish-precision_unknown_2_pos.yml	false(unreach-call)	correct	0.065174388	0.0854337359778583	26107904.0	42	0	0	0	0	0	0	0	0	0	0	0	0	0	0	0	0
candidate	pso	r03	13-privatized_19-publish-precision_unknown_1_neg.yml	false(unreach-call)	correct	0.07012569	0.0782456670422107	26087424.0	42	0	0	0	0	0	0	0	0	0	0	0	0	0	0	0	0
candidate	pso	r03	13-privatized_19-publish-precision_unknown_2_neg.yml	false(unreach-call)	correct	0.064879102	0.08758062799461186	26034176.0	42	0	2	0	0	0	0	0	0	0	0	0	0	1	0	0	0
candidate	pso	r03	13-privatized_45-traces-per-global-and-current-lock-mine-incomparable_true.yml	true	correct	0.070737622	0.07582932303193957	26030080.0	0	2	52	1	1930450	30125	41900	6200	1	49802	40	1	1	30	33	3	613
candidate	pso	r03	13-privatized_01-priv_nr_true.yml	true	correct	0.067835262	0.0707692209398374	26030080.0	0	2	14	1	1310157	23342	32934	4356	1	36303	40	1	1	11	15	3	613
candidate	pso	r03	13-privatized_19-publish-precision_true.yml	true	correct	0.074031858	0.08186067303176969	26030080.0	0	3	50	1	1876830	25507	35466	6624	1	43821	40	1	1	35	48	8	613
candidate	pso	r03	13-privatized_42-traces-ex-mini_true.yml	true	correct	0.07657251	0.08557821600697935	25972736.0	0	2	34	1	2112242	32578	45318	6344	1	51049	40	1	1	21	25	3	613
candidate	pso	r03	13-privatized_33-traces-v-matters_true.yml	true	correct	0.07061295	0.07735093799419701	25939968.0	0	1	14	1	2103138	35127	48870	5940	1	53343	40	1	1	11	15	3	613
candidate	pso	r03	13-privatized_25-struct_nr_true.yml	true	correct	0.06948102	0.07623113295994699	26095616.0	0	2	14	1	1602680	23342	32934	4356	1	48124	40	1	1	11	15	3	613
candidate	pso	r03	13-privatized_69-refine-protected-loop-interval_true.yml	true	correct	0.0620457	0.06883031397592276	26091520.0	0	0	2	1	219255	4850	6110	420	1	21586	40	1	1	1	0	0	653
candidate	pso	r03	36-apron_17-traces-rpb-litmus_unknown_1_neg.yml	false(unreach-call)	correct	0.058582662	0.0649472241057083	26058752.0	42	0	0	0	0	0	0	0	0	0	0	0	0	0	0	0	0
candidate	pso	r03	13-privatized_31-traces-mine-vs-mutex_true.yml	true	correct	0.077805752	0.08224193600472063	26030080.0	0	4	150	1	2878176	43350	60330	11700	1	55767	40	1	1	87	101	9	613
candidate	pso	r03	13-privatized_20-publish-regression_true.yml	true	correct	0.065051646	0.07290483091492206	26030080.0	0	2	30	1	1481489	27768	38616	7104	1	36315	40	1	1	19	23	3	613
candidate	pso	r03	13-privatized_30-traces-oplus-vs-meet_true.yml	true	correct	0.076207952	0.08435011398978531	26050560.0	0	2	50	1	2221573	32578	45318	8164	1	49074	40	1	1	31	37	5	613
candidate	pso	r03	13-privatized_32-traces-mine-vs-oplus-vs-meet_true.yml	true	correct	0.078180601	0.0894290650030598	26095616.0	0	3	140	1	4141465	62388	86868	20592	1	62417	40	1	1	78	85	6	613
candidate	pso	r03	13-privatized_34-traces-minepp-L-needs-to-be-um_true.yml	true	correct	0.061344173	0.06391160702332854	25989120.0	0	1	18	1	2164362	37772	52556	10080	1	38832	40	1	1	13	17	3	613
candidate	pso	r03	13-privatized_68-pfscan_protected_loop_minimal_interval_true.yml	true	correct	0.076328131	0.08246620197314769	26038272.0	0	0	2	1	257072	4850	6110	420	1	26410	40	1	1	1	0	0	653
candidate	pso	r03	13-privatized_29-multiple-protecting2-vesal_true.yml	true	correct	0.068684927	0.0783906769938767	26038272.0	0	4	170	1	3293553	62388	86868	19296	1	49146	40	1	1	91	93	3	613
candidate	pso	r03	13-privatized_24-multiple-protecting_true.yml	true	correct	0.116131388	0.12483837397303432	26046464.0	0	7	816	1	11362588	156237	217740	90858	1	103668	40	1	1	432	463	18	613
candidate	pso	r03	36-apron_21-traces-cluster-based_true.yml	true	correct	0.084214331	0.08594634500332177	26046464.0	0	6	140	1	3495674	58975	83335	10220	1	61437	40	1	1	91	119	16	613
candidate	pso	r03	36-apron_22-traces-write-centered-vs-meet-mutex_true_no-overflow.yml	true	correct	0.067345055	0.0742980029899627	26054656.0	0	1	0	0	0	0	0	0	0	0	0	0	0	0	0	0	0
candidate	pso	r03	13-privatized_27-multiple-protecting2_true.yml	true	correct	0.208676738	0.21482909691985697	26099712.0	0	26	3004	1	11736798	178913	253089	73078	1	109203	40	1	1	1564	1647	44	613
candidate	pso	r03	14_spin2003.yml	true	correct	0.062043989	0.06813378899823874	26038272.0	0	0	2	1	348955	6972	9516	888	1	21621	40	1	1	1	0	0	613
candidate	pso	r03	29_conditionals_vs.yml	true	correct	0.068862493	0.07698335801251233	25964544.0	0	0	0	0	0	0	0	0	0	0	0	0	0	0	0	0	0
candidate	pso	r03	48_ticket_lock_low_contention_vs-pthread.yml	true	correct	0.06089047	0.06521856703329831	25948160.0	0	0	2	1	381361	6972	9516	888	1	23507	40	1	1	1	0	0	613
candidate	pso	r03	46_monabsex2_vs.yml	true	correct	0.073085317	0.08028662600554526	25956352.0	0	0	10	1	1577170	21273	29127	6342	1	38485	40	1	1	9	16	4	613
candidate	pso	r03	45_monabsex1_vs.yml	true	correct	0.069840959	0.0719445840222761	26054656.0	0	0	4	1	864717	12368	16912	2624	1	32630	40	1	1	4	7	2	613
candidate	pso	r03	stateful01-1.yml	false(unreach-call)	correct	0.067200556	0.07294806407298893	26038272.0	42	0	16	1	548362	9478	11970	1428	1	32112	40	1	1	10	15	2	653
candidate	pso	r03	stateful01-2.yml	true	correct	0.071695296	0.08097060304135084	26091520.0	0	6	242	1	456170	9478	11970	1428	1	26576	40	1	1	126	131	2	653
candidate	pso	r03	time_var_mutex.yml	true	correct	0.068071795	0.07333099003881216	26173440.0	0	2	44	1	435281	9478	12754	1288	1	21273	40	1	1	23	22	0	653
candidate	pso	r03	01b_inc.yml	true	correct	0.065552007	0.07796410890296102	25964544.0	0	0	6	1	1147763	21273	29127	6048	1	28697	40	1	1	5	8	2	613
candidate	pso	r03	triangular-1.yml	true	correct	59.784924744	59.82143400295172	26157056.0	0	16632	43732	12	111305244	2667504	3713888	849320	12	1393559	480	12	12	1138907	8683361	1106282	2197
candidate	pso	r03	triangular-2.yml	false(unreach-call)	correct	13.705000196	13.768383406917565	26095616.0	42	3638	11010	11	104848844	2445212	3408636	846056	11	1306995	440	11	11	249550	1751614	241471	2053
candidate	pso	r03	02_inc_cas.yml	true	correct	0.066896499	0.07238239899743348	25944064.0	0	0	0	0	0	0	0	0	0	0	0	0	0	0	0	0	0
candidate	pso	r03	28-race_reach_21-deref_read_racing.yml	false(unreach-call)	correct	3.279303067	3.2904454509261996	56586240.0	42	0	0	0	0	0	0	0	0	0	0	0	0	0	0	0	0
candidate	pso	r03	48_ticket_lock_low_contention_vs.yml	true	correct	0.073223525	0.07795027596876025	26025984.0	0	0	4	1	2084993	30125	41275	10100	1	42740	40	1	1	4	7	2	613
candidate	pso	r03	28-race_reach_37-indirect_racing.yml	TIMEOUT	error	61.045037366	61.06563763995655	1057140736.0																	
candidate	pso	r03	28-race_reach_45-escape_racing.yml	false(unreach-call)	correct	0.060978072	0.06733893090859056	26087424.0	42	0	2	0	0	0	0	0	0	0	0	0	0	1	0	0	0
candidate	pso	r03	28-race_reach_46-escape_racefree.yml	true	correct	0.066142867	0.07022263307590038	26009600.0	0	2	50	1	2189292	40513	56376	11948	1	41826	40	1	1	29	33	3	613
candidate	pso	r03	28-race_reach_01-simple_racing.yml	TIMEOUT	error	60.814281918	61.06239078298677	1057157120.0																	
candidate	pso	r03	28-race_reach_11-ptr_racing.yml	TIMEOUT	error	61.043547956	61.064188900985755	1057124352.0																	
candidate	pso	r03	circular_buffer_bad.yml	false(unreach-call)	correct	0.089133574	0.09998063300736248	26193920.0	42	1	462	1	685002	15642	19782	3060	1	25417	40	1	1	238	258	7	653
candidate	pso	r03	fib_safe-5.yml	true	correct	45.211276422	45.2414032809902	121266176.0	0	2772	7668	12	2239341524	34026804	47655459	59458212	12	10510412	480	12	12	213722	1698158	208167	2197
candidate	pso	r03	fib_safe-6.yml	TIMEOUT	error	60.986727475	61.02100427495316	158511104.0																	
candidate	pso	r03	fib_unsafe-5.yml	false(unreach-call)	correct	12.301829527	12.31388093996793	121294848.0	42	632	2658	10	2008982229	28355670	39978603	54919944	10	9067412	400	10	10	48728	355539	46934	1909
candidate	pso	r03	fib_unsafe-6.yml	TIMEOUT	error	60.838975507	61.01905171503313	158478336.0																	
candidate	pso	r03	fib_unsafe-7.yml	TIMEOUT	error	60.989820539	61.01904602290597	201203712.0																	
candidate	pso	r03	28-race_reach_24-sound_lock_racing.yml	TIMEOUT	error	61.034474466	61.05432818410918	1057103872.0																	
candidate	pso	r03	lazy01.yml	false(unreach-call)	correct	0.062455791	0.06901458196807653	26120192.0	42	1	32	1	217044	4850	6010	480	1	21408	40	1	1	19	24	2	653
candidate	pso	r03	circular_buffer_ok.yml	TIMEOUT	error	60.976755778	61.011728542041965	26157056.0																	
candidate	pso	r03	szymanski.yml	true	correct	0.076811504	0.08360522205475718	26071040.0	0	6	740	1	1242367	23342	35376	7260	1	28788	40	1	1	378	585	8	908
candidate	pso	r03	dekker.yml	true	correct	0.066811201	0.07311921194195747	26050560.0	0	4	68	1	1471614	30125	45675	7350	1	34308	40	1	1	35	58	1	908
candidate	pso	r03	dekker-unfair.yml	true	correct	0.064132106	0.0698882769793272	26107904.0	0	4	72	1	1417828	30125	45675	7350	1	30583	40	1	1	37	60	1	908
candidate	pso	r03	unwind3-1.yml	false(unreach-call)	correct	0.057986309	0.06553045194596052	26107904.0	42	1	6	1	540381	10875	15555	2580	1	21851	40	1	1	3	2	0	653
candidate	pso	r03	exponential-nondet.yml	true	correct	0.063969593	0.06967878190334886	26181632.0	0	1	0	0	0	0	0	0	0	0	0	0	0	0	0	0	0
candidate	pso	r03	unwind2-1.yml	false(unreach-call)	correct	0.066672931	0.07377206708770245	26157056.0	42	1	6	1	457721	8177	11518	1222	1	21777	40	1	1	3	2	0	613
candidate	pso	r03	unwind2-100.yml	false(unreach-call)	correct	0.058060879	0.06469606107566506	26132480.0	42	1	6	1	378368	8177	11518	1222	1	22291	40	1	1	3	2	0	613
candidate	pso	r03	butterfly.yml	true	correct	22.038049818	22.053832137957215	26222592.0	0	64560	393060	16	77893433	2749592	4145199	644792	16	1251245	640	16	16	391668	4478982	150915	7463
candidate	pso	r03	43_NetBSD_sysmon_power_sliced.yml	true	correct	0.061633707	0.06974550592713058	25960448.0	0	0	0	0	0	0	0	0	0	0	0	0	0	0	0	0	0
candidate	pso	r03	28-race_reach_06-cond_racing1.yml	TIMEOUT	error	61.042976389	61.06463542196434	1057112064.0																	
candidate	pso	r03	queue_ok.yml	true	correct	0.077169793	0.08110559405758977	26263552.0	0	2	32	1	856068	19300	26420	4560	1	27216	40	1	1	18	20	1	653
candidate	pso	r03	queue_ok_longer.yml	true	correct	3.986514008	4.000084666884504	123244544.0	0	2	32	1	859993	19300	26420	4560	1	26478	40	1	1	18	20	1	653
candidate	pso	r03	queue_ok_longest.yml	true	correct	19.95690292	19.97240237693768	454569984.0	0	2	32	1	870479	19300	26420	4560	1	26531	40	1	1	18	20	1	653
candidate	pso	r03	queue_longer.yml	TIMEOUT	error	60.876109565	61.01485568808857	80453632.0																	
candidate	pso	r03	queue.yml	false(unreach-call)	correct	1.109963003	1.1203053360804915	26230784.0	42	2	5878	1	984965	19300	26420	4560	1	26477	40	1	1	2959	3018	20	653
candidate	pso	r03	singleton.yml	false(unreach-call)	correct	0.082544868	0.0870465210173279	26284032.0	42	1	28	1	4538417	101798	148166	33396	1	55499	40	1	1	21	31	6	613
candidate	pso	r03	singleton_with-uninit-problems.yml	true	correct	0.080143799	0.08763630699831992	26304512.0	0	4	80	1	4689061	101798	148166	33396	1	56208	40	1	1	68	116	25	613
candidate	pso	r03	pthread-demo-datarace-3.yml	false(unreach-call)	correct	0.150122212	0.15832166303880513	26017792.0	42	0	80	0	0	0	0	0	0	0	0	0	0	40	0	0	0
candidate	pso	r03	reorder_2.yml	false(unreach-call)	correct	0.460983001	0.4676781069720164	26157056.0	42	162	826	7	77574965	2262134	3194474	878220	7	884620	280	7	7	6452	32662	5933	1477
candidate	pso	r03	twostage_3.yml	false(unreach-call)	correct	0.111617208	0.1166174520039931	29650944.0	42	4	116	1	25420922	490153	693769	372690	1	198565	40	1	1	74	88	11	613
candidate	pso	r03	race-1_1-join.yml	true	correct	0.070763206	0.07657885097432882	26284032.0	0	1	6	1	306166	6972	9516	792	1	21394	40	1	1	3	2	0	653
candidate	pso	r03	race-1_3-join.yml	false(unreach-call)	correct	0.074801373	0.07956950389780104	26312704.0	42	1	26	1	1098217	21273	29568	5628	1	30370	40	1	1	13	12	0	653
candidate	pso	r03	race-1_2-join.yml	false(unreach-call)	correct	0.0702524	0.07761370309162885	26230784.0	42	1	26	1	1082110	21273	29568	5628	1	28968	40	1	1	13	12	0	653
candidate	pso	r03	race-4_1-thread_local_vars.yml	true	correct	0.072459954	0.07928725995589048	26288128.0	0	0	0	0	0	0	0	0	0	0	0	0	0	0	0	0	0
candidate	pso	r03	race-2_1-container_of.yml	true	correct	0.0706737	0.07806004001758993	26296320.0	0	1	0	0	0	0	0	0	0	0	0	0	0	0	0	0	0
candidate	pso	r03	race-3_1-container_of-global.yml	true	correct	0.071878962	0.07894212193787098	26370048.0	0	1	0	0	0	0	0	0	0	0	0	0	0	0	0	0	0
candidate	pso	r04	13-privatized_66-mine-W-init_true.yml	true	correct	0.081629941	0.08740556403063238	26009600.0	0	1	0	0	0	0	0	0	0	0	0	0	0	0	0	0	0
candidate	pso	r04	36-apron_41-threadenter-no-locals_unknown_1_pos.yml	false(unreach-call)	correct	0.071710166	0.07735108095221221	25911296.0	42	0	0	0	0	0	0	0	0	0	0	0	0	0	0	0	0
candidate	pso	r04	36-apron_16-traces-unprot2_true.yml	true	correct	0.072622479	0.07847861503250897	26005504.0	0	1	0	0	0	0	0	0	0	0	0	0	0	0	0	0	0
candidate	pso	r04	13-privatized_57-singlethreaded-unlock_true.yml	true	correct	0.070380659	0.0779894859297201	25956352.0	0	1	2	1	101856	1758	2274	108	1	19615	40	1	1	1	0	0	613
candidate	pso	r04	13-privatized_47-refine-protected2_true.yml	true	correct	0.067654756	0.07490952603984624	26054656.0	0	2	14	1	693973	10875	15090	930	1	31167	40	1	1	11	15	3	613
candidate	pso	r04	13-privatized_46-refine-protected1_true.yml	true	correct	0.076198997	0.08259204600472003	26017792.0	0	1	4	1	686757	9478	12950	1372	1	32204	40	1	1	4	7	2	613
candidate	pso	r04	36-apron_11-traces-max-simple_true.yml	true	correct	0.068000443	0.07076848798897117	25997312.0	0	2	14	1	785237	12368	17168	1184	1	31258	40	1	1	11	15	3	613
candidate	pso	r04	13-privatized_41-traces-ex-7_unknown_1_pos.yml	false(unreach-call)	correct	0.05808523	0.06234534096438438	26050560.0	42	0	2	0	0	0	0	0	0	0	0	0	0	1	0	0	0
candidate	pso	r04	13-privatized_41-traces-ex-7_unknown_1_neg.yml	false(unreach-call)	correct	0.069923782	0.07619576202705503	25952256.0	42	0	0	0	0	0	0	0	0	0	0	0	0	0	0	0	0
candidate	pso	r04	13-privatized_40-traces-ex-6_true.yml	true	correct	0.068126838	0.07255912304390222	26021888.0	0	1	10	1	1389993	21273	29568	3150	1	48378	40	1	1	9	13	3	613
candidate	pso	r04	13-privatized_58-singlethreaded-lock_true.yml	true	correct	0.068311806	0.07972194789908826	26030080.0	0	1	2	1	136404	1758	2274	108	1	26449	40	1	1	1	0	0	613
candidate	pso	r04	13-privatized_44-traces-mine2_true.yml	true	correct	0.064564932	0.0700858369236812	26050560.0	0	1	6	1	1012934	21273	29127	2856	1	34013	40	1	1	3	1	0	613
candidate	pso	r04	13-privatized_18-first-reads_unknown_2_pos.yml	false(unreach-call)	correct	0.06706853	0.07234304398298264	26009600.0	42	0	2	0	0	0	0	0	0	0	0	0	0	1	0	0	0
candidate	pso	r04	13-privatized_18-first-reads_unknown_1_neg.yml	false(unreach-call)	correct	0.066299337	0.07317776908166707	26058752.0	42	0	2	0	0	0	0	0	0	0	0	0	0	1	0	0	0
candidate	pso	r04	13-privatized_36-traces-ex-3_true.yml	true	correct	0.06719173	0.07269095606170595	25980928.0	0	3	42	1	1463668	23342	32450	3916	1	42758	40	1	1	29	38	6	613
candidate	pso	r04	13-privatized_18-first-reads_true.yml	true	correct	0.063223289	0.07069731794763356	26103808.0	0	2	14	1	610696	12368	17168	1472	1	26898	40	1	1	11	15	3	613
candidate	pso	r04	13-privatized_35-traces-ex-2_true.yml	true	correct	0.074690293	0.07773511798586696	26021888.0	0	2	50	1	2009928	30125	41900	6750	1	47908	40	1	1	31	37	5	613
candidate	pso	r04	13-privatized_37-traces-ex-4_true.yml	true	correct	0.077509482	0.08205889898817986	25993216.0	0	2	50	1	1990858	30125	41900	6750	1	47561	40	1	1	29	33	3	613
candidate	pso	r04	13-privatized_38-traces-ex-4-switch_true.yml	true	correct	0.078170489	0.0850584990112111	25968640.0	0	2	54	1	2015232	30125	41900	6750	1	47735	40	1	1	31	33	3	613
candidate	pso	r04	13-privatized_19-publish-precision_unknown_1_pos.yml	false(unreach-call)	correct	0.063332001	0.07028207404073328	26009600.0	42	0	2	0	0	0	0	0	0	0	0	0	0	1	0	0	0
candidate	pso	r04	13-privatized_19-publish-precision_unknown_2_pos.yml	false(unreach-call)	correct	0.068445067	0.07355637708678842	26034176.0	42	0	0	0	0	0	0	0	0	0	0	0	0	0	0	0	0
candidate	pso	r04	13-privatized_19-publish-precision_unknown_1_neg.yml	false(unreach-call)	correct	0.067317657	0.0722205740166828	25980928.0	42	0	0	0	0	0	0	0	0	0	0	0	0	0	0	0	0
candidate	pso	r04	13-privatized_19-publish-precision_unknown_2_neg.yml	false(unreach-call)	correct	0.066193996	0.07270856306422502	26001408.0	42	0	2	0	0	0	0	0	0	0	0	0	0	1	0	0	0
candidate	pso	r04	13-privatized_45-traces-per-global-and-current-lock-mine-incomparable_true.yml	true	correct	0.06309732	0.06606714089866728	26025984.0	0	2	52	1	1462375	30125	41900	6200	1	36958	40	1	1	30	33	3	613
candidate	pso	r04	13-privatized_01-priv_nr_true.yml	true	correct	0.084996062	0.09210203599650413	26021888.0	0	2	14	1	1601322	23342	32934	4356	1	63101	40	1	1	11	15	3	613
candidate	pso	r04	13-privatized_19-publish-precision_true.yml	true	correct	0.074591167	0.07890076003968716	26001408.0	0	3	50	1	1795555	25507	35466	6624	1	44304	40	1	1	35	48	8	613
candidate	pso	r04	13-privatized_42-traces-ex-mini_true.yml	true	correct	0.076396091	0.07824518496636301	26021888.0	0	2	34	1	2059974	32578	45318	6344	1	53376	40	1	1	21	25	3	613
candidate	pso	r04	13-privatized_33-traces-v-matters_true.yml	true	correct	0.06510997	0.0685466070426628	26030080.0	0	1	14	1	1967789	35127	48870	5940	1	41015	40	1	1	11	15	3	613
candidate	pso	r04	13-privatized_25-struct_nr_true.yml	true	correct	0.072049677	0.07831937889568508	26087424.0	0	2	14	1	1552851	23342	32934	4356	1	48256	40	1	1	11	15	3	613
candidate	pso	r04	13-privatized_69-refine-protected-loop-interval_true.yml	true	correct	0.068638949	0.07373199600260705	26112000.0	0	0	2	1	262165	4850	6110	420	1	26726	40	1	1	1	0	0	653
candidate	pso	r04	36-apron_17-traces-rpb-litmus_unknown_1_neg.yml	false(unreach-call)	correct	0.067365842	0.07262159197125584	25972736.0	42	0	0	0	0	0	0	0	0	0	0	0	0	0	0	0	0
candidate	pso	r04	13-privatized_31-traces-mine-vs-mutex_true.yml	true	correct	0.063804996	0.06866157695185393	26091520.0	0	4	150	1	2215375	43350	60330	11700	1	43008	40	1	1	87	101	9	613
candidate	pso	r04	13-privatized_20-publish-regression_true.yml	true	correct	0.074739526	0.07974936196114868	26013696.0	0	2	30	1	1903308	27768	38616	7104	1	49010	40	1	1	19	23	3	613
candidate	pso	r04	13-privatized_30-traces-oplus-vs-meet_true.yml	true	correct	0.076811104	0.08308829402085394	25972736.0	0	2	50	1	2195993	32578	45318	8164	1	50666	40	1	1	31	37	5	613
candidate	pso	r04	13-privatized_32-traces-mine-vs-oplus-vs-meet_true.yml	true	correct	0.071328786	0.07565229898318648	26091520.0	0	3	140	1	3256718	62388	86868	20592	1	47315	40	1	1	78	85	6	613
candidate	pso	r04	13-privatized_34-traces-minepp-L-needs-to-be-um_true.yml	true	correct	0.072072388	0.07566555205266923	26075136.0	0	1	18	1	2481743	37772	52556	10080	1	51370	40	1	1	13	17	3	613
candidate	pso	r04	13-privatized_68-pfscan_protected_loop_minimal_interval_true.yml	true	correct	0.074011453	0.07923138106707484	26152960.0	0	0	2	1	256867	4850	6110	420	1	26395	40	1	1	1	0	0	653
candidate	pso	r04	13-privatized_29-multiple-protecting2-vesal_true.yml	true	correct	0.080783725	0.08357461600098759	26046464.0	0	4	170	1	4097053	62388	86868	19296	1	63588	40	1	1	91	93	3	613
candidate	pso	r04	13-privatized_24-multiple-protecting_true.yml	true	correct	0.114504582	0.11914047598838806	26144768.0	0	7	816	1	11151434	156237	217740	90858	1	107767	40	1	1	432	463	18	613
candidate	pso	r04	36-apron_21-traces-cluster-based_true.yml	true	correct	0.067198615	0.07200071995612234	26116096.0	0	6	140	1	2703220	58975	83335	10220	1	45967	40	1	1	91	119	16	613
candidate	pso	r04	36-apron_22-traces-write-centered-vs-meet-mutex_true_no-overflow.yml	true	correct	0.077882149	0.0812058380106464	26103808.0	0	1	0	0	0	0	0	0	0	0	0	0	0	0	0	0	0
candidate	pso	r04	13-privatized_27-multiple-protecting2_true.yml	true	correct	0.210910943	0.21645980491302907	26169344.0	0	26	3004	1	11772934	178913	253089	73078	1	112518	40	1	1	1564	1647	44	613
candidate	pso	r04	14_spin2003.yml	true	correct	0.061409128	0.06600245204754174	26030080.0	0	0	2	1	349308	6972	9516	888	1	21539	40	1	1	1	0	0	613
candidate	pso	r04	29_conditionals_vs.yml	true	correct	0.069061448	0.07600769202690572	26009600.0	0	0	0	0	0	0	0	0	0	0	0	0	0	0	0	0	0
candidate	pso	r04	48_ticket_lock_low_contention_vs-pthread.yml	true	correct	0.06597732	0.0722878979286179	26005504.0	0	0	2	1	469997	6972	9516	888	1	29685	40	1	1	1	0	0	613
candidate	pso	r04	46_monabsex2_vs.yml	true	correct	0.069708299	0.08087421802338213	25980928.0	0	0	10	1	1618477	21273	29127	6342	1	38249	40	1	1	9	16	4	613
candidate	pso	r04	45_monabsex1_vs.yml	true	correct	0.064942539	0.06829226110130548	26025984.0	0	0	4	1	672607	12368	16912	2624	1	37175	40	1	1	4	7	2	613
candidate	pso	r04	stateful01-1.yml	false(unreach-call)	correct	0.070989228	0.07716558699030429	26124288.0	42	0	16	1	559619	9478	11970	1428	1	31676	40	1	1	10	15	2	653
candidate	pso	r04	stateful01-2.yml	true	correct	0.067073431	0.07155166997108608	26120192.0	0	6	242	1	426832	9478	11970	1428	1	24806	40	1	1	126	131	2	653
candidate	pso	r04	time_var_mutex.yml	true	correct	0.080699476	0.08421695092692971	26099712.0	0	2	44	1	584983	9478	12754	1288	1	28691	40	1	1	23	22	0	653
candidate	pso	r04	01b_inc.yml	true	correct	0.070737001	0.07531343295704573	26083328.0	0	0	6	1	1517947	21273	29127	6048	1	39108	40	1	1	5	8	2	613
candidate	pso	r04	triangular-1.yml	true	correct	59.978196553	60.01877050299663	26140672.0	0	16632	43732	12	111558894	2667504	3713888	849320	12	1400320	480	12	12	1138907	8683361	1106282	2197
candidate	pso	r04	triangular-2.yml	false(unreach-call)	correct	13.774459156	13.786723913974129	26017792.0	42	3638	11010	11	104289755	2445212	3408636	846056	11	1278369	440	11	11	249550	1751614	241471	2053
candidate	pso	r04	02_inc_cas.yml	true	correct	0.05897332	0.0658224510261789	25960448.0	0	0	0	0	0	0	0	0	0	0	0	0	0	0	0	0	0
candidate	pso	r04	28-race_reach_21-deref_read_racing.yml	false(unreach-call)	correct	3.333941078	3.3460379450116307	56705024.0	42	0	0	0	0	0	0	0	0	0	0	0	0	0	0	0	0
candidate	pso	r04	48_ticket_lock_low_contention_vs.yml	true	correct	0.068397341	0.07242558000143617	26050560.0	0	0	4	1	2097230	30125	41275	10100	1	43440	40	1	1	4	7	2	613
candidate	pso	r04	28-race_reach_37-indirect_racing.yml	TIMEOUT	error	61.022908859	61.06081477110274	1057206272.0																	
candidate	pso	r04	28-race_reach_45-escape_racing.yml	false(unreach-call)	correct	0.074012889	0.07584518496878445	26128384.0	42	0	2	0	0	0	0	0	0	0	0	0	0	1	0	0	0
candidate	pso	r04	28-race_reach_46-escape_racefree.yml	true	correct	0.074535783	0.08019679097924381	26042368.0	0	2	50	1	2721378	40513	56376	11948	1	52518	40	1	1	29	33	3	613
candidate	pso	r04	28-race_reach_01-simple_racing.yml	TIMEOUT	error	61.037775064	61.067081713932566	1057140736.0																	
candidate	pso	r04	28-race_reach_11-ptr_racing.yml	TIMEOUT	error	61.041310456	61.06556042202283	1057075200.0																	
candidate	pso	r04	circular_buffer_bad.yml	false(unreach-call)	correct	0.101675686	0.10748863499611616	26206208.0	42	1	462	1	864947	15642	19782	3060	1	31799	40	1	1	238	258	7	653
candidate	pso	r04	fib_safe-5.yml	true	correct	45.552615046	45.706439914996736	121257984.0	0	2772	7668	12	2319452604	34026804	47655459	59458212	12	10908790	480	12	12	213722	1698158	208167	2197
candidate	pso	r04	fib_safe-6.yml	TIMEOUT	error	60.984499839	61.021303460001945	158474240.0																	
candidate	pso	r04	fib_unsafe-5.yml	false(unreach-call)	correct	12.329073248	12.349756139912643	121294848.0	42	632	2658	10	2014966995	28355670	39978603	54919944	10	8955067	400	10	10	48728	355539	46934	1909
candidate	pso	r04	fib_unsafe-6.yml	TIMEOUT	error	60.984550803	61.01468527095858	158470144.0																	
candidate	pso	r04	fib_unsafe-7.yml	TIMEOUT	error	60.984348447	61.01876045903191	201175040.0																	
candidate	pso	r04	28-race_reach_24-sound_lock_racing.yml	TIMEOUT	error	60.993300358	61.05355250102002	1057112064.0																	
candidate	pso	r04	lazy01.yml	false(unreach-call)	correct	0.07008089	0.07379879895597696	26034176.0	42	1	32	1	227720	4850	6010	480	1	21957	40	1	1	19	24	2	653
candidate	pso	r04	circular_buffer_ok.yml	TIMEOUT	error	60.976188008	61.00719994993415	26157056.0																	
candidate	pso	r04	szymanski.yml	true	correct	0.087050394	0.09175740601494908	26038272.0	0	6	740	1	1242550	23342	35376	7260	1	27920	40	1	1	378	585	8	908
candidate	pso	r04	dekker.yml	true	correct	0.066802582	0.07319429994095117	26095616.0	0	4	68	1	1408170	30125	45675	7350	1	30805	40	1	1	35	58	1	908
candidate	pso	r04	dekker-unfair.yml	true	correct	0.066550482	0.07290026301052421	26050560.0	0	4	72	1	1580744	30125	45675	7350	1	30848	40	1	1	37	60	1	908
candidate	pso	r04	unwind3-1.yml	false(unreach-call)	correct	0.067420563	0.07352681492920965	26152960.0	42	1	6	1	564731	10875	15555	2580	1	22419	40	1	1	3	2	0	653
candidate	pso	r04	exponential-nondet.yml	true	correct	0.063567814	0.07075535994954407	26177536.0	0	1	0	0	0	0	0	0	0	0	0	0	0	0	0	0	0
candidate	pso	r04	unwind2-1.yml	false(unreach-call)	correct	0.066897788	0.07355852099135518	26148864.0	42	1	6	1	405530	8177	11518	1222	1	22373	40	1	1	3	2	0	613
candidate	pso	r04	unwind2-100.yml	false(unreach-call)	correct	0.068691962	0.07186325790826231	26144768.0	42	1	6	1	381727	8177	11518	1222	1	21677	40	1	1	3	2	0	613
candidate	pso	r04	butterfly.yml	true	correct	22.020104924	22.0356657509692	26161152.0	0	64560	393060	16	78367650	2749592	4145199	644792	16	1248674	640	16	16	391668	4478982	150915	7463
candidate	pso	r04	43_NetBSD_sysmon_power_sliced.yml	true	correct	0.063621832	0.070598348043859	26025984.0	0	0	0	0	0	0	0	0	0	0	0	0	0	0	0	0	0
candidate	pso	r04	28-race_reach_06-cond_racing1.yml	TIMEOUT	error	61.040876948	61.06022112700157	1057091584.0																	
candidate	pso	r04	queue_ok.yml	true	correct	0.07985405	0.08568527607712895	26243072.0	0	2	32	1	803041	19300	26420	4560	1	26501	40	1	1	18	20	1	653
candidate	pso	r04	queue_ok_longer.yml	true	correct	3.994709626	4.000073755974881	122994688.0	0	2	32	1	834020	19300	26420	4560	1	26322	40	1	1	18	20	1	653
candidate	pso	r04	queue_ok_longest.yml	true	correct	19.902534312	19.917770556057803	478863360.0	0	2	32	1	867090	19300	26420	4560	1	26286	40	1	1	18	20	1	653
candidate	pso	r04	queue_longer.yml	TIMEOUT	error	60.986095468	61.01258203096222	80777216.0																	
candidate	pso	r04	queue.yml	false(unreach-call)	correct	1.110091122	1.114293972030282	26230784.0	42	2	5878	1	858817	19300	26420	4560	1	26480	40	1	1	2959	3018	20	653
candidate	pso	r04	singleton.yml	false(unreach-call)	correct	0.075618863	0.08376076305285096	26284032.0	42	1	28	1	4723922	101798	148166	33396	1	56771	40	1	1	21	31	6	613
candidate	pso	r04	singleton_with-uninit-problems.yml	true	correct	0.083720507	0.0905985840363428	26292224.0	0	4	80	1	4759222	101798	148166	33396	1	56145	40	1	1	68	116	25	613
candidate	pso	r04	pthread-demo-datarace-3.yml	false(unreach-call)	correct	0.148635215	0.1561724249040708	26038272.0	42	0	80	0	0	0	0	0	0	0	0	0	0	40	0	0	0
candidate	pso	r04	reorder_2.yml	false(unreach-call)	correct	0.456467465	0.46314687305130064	26144768.0	42	162	826	7	75471727	2262134	3194474	878220	7	879044	280	7	7	6452	32662	5933	1477
candidate	pso	r04	twostage_3.yml	false(unreach-call)	correct	0.114441869	0.12031799496617168	29626368.0	42	4	116	1	25534022	490153	693769	372690	1	201350	40	1	1	74	88	11	613
candidate	pso	r04	race-1_1-join.yml	true	correct	0.071758723	0.0769914600532502	26296320.0	0	1	6	1	319228	6972	9516	792	1	20745	40	1	1	3	2	0	653
candidate	pso	r04	race-1_3-join.yml	false(unreach-call)	correct	0.073334402	0.0776411120314151	26300416.0	42	1	26	1	1082081	21273	29568	5628	1	29303	40	1	1	13	12	0	653
candidate	pso	r04	race-1_2-join.yml	false(unreach-call)	correct	0.071580553	0.07945367100182921	26288128.0	42	1	26	1	1036469	21273	29568	5628	1	28487	40	1	1	13	12	0	653
candidate	pso	r04	race-4_1-thread_local_vars.yml	true	correct	0.072743395	0.0801203359151259	26312704.0	0	0	0	0	0	0	0	0	0	0	0	0	0	0	0	0	0
candidate	pso	r04	race-2_1-container_of.yml	true	correct	0.068869	0.07590440195053816	26296320.0	0	1	0	0	0	0	0	0	0	0	0	0	0	0	0	0	0
candidate	pso	r04	race-3_1-container_of-global.yml	true	correct	0.072336763	0.07891667704097927	26304512.0	0	1	0	0	0	0	0	0	0	0	0	0	0	0	0	0	0
