model	repetition	task	baseline_status	candidate_status	baseline_category	candidate_category	baseline_terminal	candidate_terminal	common_terminal	terminal_verdict_match	baseline_cpu_s	candidate_cpu_s	baseline_wall_s	candidate_wall_s	baseline_memory_bytes	candidate_memory_bytes	baseline_executions	candidate_executions	cpu_ratio	wall_ratio	memory_ratio	execution_match
sc	r01	01b_inc.yml	true	true	correct	correct	True	True	True	True	0.067817648	0.064206793	0.07613952609244734	0.06860801903530955	25878528.0	25845760.0	0	0	0.9467564106617204	0.9010828219761552	0.9987337765115543	True
sc	r01	02_inc_cas.yml	true	true	correct	correct	True	True	True	True	0.071610078	0.069215222	0.07664793310686946	0.07493296603206545	25841664.0	25772032.0	0	0	0.9665569977454851	0.97762539698999	0.997305436677762	True
sc	r01	13-privatized_01-priv_nr_true.yml	true	true	correct	correct	True	True	True	True	0.073322782	0.071109401	0.07693392399232835	0.08032427600119263	25903104.0	25780224.0	2	2	0.9698131884848559	1.0440683619517752	0.9952561669829222	True
sc	r01	13-privatized_18-first-reads_true.yml	true	true	correct	correct	True	True	True	True	0.067150909	0.066720454	0.07022714195773005	0.06950168102048337	25776128.0	25882624.0	2	2	0.9935897368120512	0.9896697926610293	1.0041315747656125	True
sc	r01	13-privatized_18-first-reads_unknown_1_neg.yml	false(unreach-call)	false(unreach-call)	correct	correct	True	True	True	True	0.063503974	0.065851934	0.06778192589990795	0.07047136104665697	25812992.0	25808896.0	0	0	1.0369734341350039	1.0396777623391884	0.9998413202158045	True
sc	r01	13-privatized_18-first-reads_unknown_2_pos.yml	false(unreach-call)	false(unreach-call)	correct	correct	True	True	True	True	0.067607174	0.066935833	0.07362855388782918	0.07106451701838523	25890816.0	25837568.0	0	0	0.9900699739350146	0.9651760528483259	0.9979433633918684	True
sc	r01	13-privatized_19-publish-precision_true.yml	true	true	correct	correct	True	True	True	True	0.067043996	0.066404084	0.0748252619523555	0.06856511905789375	25894912.0	25882624.0	3	3	0.9904553421905223	0.9163365054645869	0.9995254666244859	True
sc	r01	13-privatized_19-publish-precision_unknown_1_neg.yml	false(unreach-call)	false(unreach-call)	correct	correct	True	True	True	True	0.067350537	0.062132802	0.07146793697029352	0.06720298295840621	25796608.0	25899008.0	0	0	0.9225286800608583	0.940323532584128	1.0039695141314704	True
sc	r01	13-privatized_19-publish-precision_unknown_1_pos.yml	false(unreach-call)	false(unreach-call)	correct	correct	True	True	True	True	0.072118107	0.068280066	0.0764407659880817	0.07292800804134458	25784320.0	25833472.0	0	0	0.9467811738319754	0.95404601325836	1.0019062748212868	True
sc	r01	13-privatized_19-publish-precision_unknown_2_neg.yml	false(unreach-call)	false(unreach-call)	correct	correct	True	True	True	True	0.066399331	0.068375021	0.06972584594041109	0.07082873699255288	25788416.0	25878528.0	0	0	1.0297546672571143	1.0158175356249437	1.0034942820838628	True
sc	r01	13-privatized_19-publish-precision_unknown_2_pos.yml	false(unreach-call)	false(unreach-call)	correct	correct	True	True	True	True	0.066785108	0.070207318	0.07163981790654361	0.07478201005142182	25788416.0	25886720.0	0	0	1.051242112238555	1.04386097336229	1.0038119440914866	True
sc	r01	13-privatized_20-publish-regression_true.yml	true	true	correct	correct	True	True	True	True	0.066902704	0.057510027	0.07700169901363552	0.06280728103592992	25825280.0	25862144.0	2	2	0.8596069151405301	0.8156609768416663	1.0014274385408406	True
sc	r01	13-privatized_24-multiple-protecting_true.yml	true	true	correct	correct	True	True	True	True	0.069218147	0.072751169	0.07509209599811584	0.07681451609823853	25821184.0	25960448.0	7	7	1.051041846006077	1.0229374353882186	1.0053934010152283	True
sc	r01	13-privatized_25-struct_nr_true.yml	true	true	correct	correct	True	True	True	True	0.066431747	0.067287335	0.07277262501884252	0.0734049869934097	25837568.0	25767936.0	2	2	1.0128792036735088	1.0086895583937427	0.9973050095117312	True
sc	r01	13-privatized_27-multiple-protecting2_true.yml	true	true	correct	correct	True	True	True	True	0.08292621	0.078274669	0.08753933198750019	0.0839105659397319	25952256.0	25911296.0	26	26	0.9439074690619529	0.9585470214887355	0.9984217171717171	True
sc	r01	13-privatized_29-multiple-protecting2-vesal_true.yml	true	true	correct	correct	True	True	True	True	0.067805312	0.065355449	0.07338914694264531	0.06897269806358963	25829376.0	25915392.0	4	4	0.9638691582158045	0.9398214986405661	1.0033301617507135	True
sc	r01	13-privatized_30-traces-oplus-vs-meet_true.yml	true	true	correct	correct	True	True	True	True	0.0669809	0.07065825	0.07283112197183073	0.0750616469886154	25804800.0	25903104.0	2	2	1.0549014719121423	1.0306259873031667	1.0038095238095237	True
sc	r01	13-privatized_31-traces-mine-vs-mutex_true.yml	true	true	correct	correct	True	True	True	True	0.066089668	0.071703254	0.07290264498442411	0.07665222405921668	25833472.0	25886720.0	4	4	1.0849389347817573	1.0514326891101642	1.0020612018392263	True
sc	r01	13-privatized_32-traces-mine-vs-oplus-vs-meet_true.yml	true	true	correct	correct	True	True	True	True	0.075182922	0.075089864	0.07778856705408543	0.07647500792518258	25899008.0	25841664.0	3	3	0.9987622455003812	0.983113725080068	0.9977858611418631	True
sc	r01	13-privatized_33-traces-v-matters_true.yml	true	true	correct	correct	True	True	True	True	0.064958475	0.071252858	0.07105510798282921	0.07261147198732942	25825280.0	25878528.0	1	1	1.096898564813906	1.0219036188767219	1.002061855670103	True
sc	r01	13-privatized_34-traces-minepp-L-needs-to-be-um_true.yml	true	true	correct	correct	True	True	True	True	0.06642383	0.06829558	0.07228105794638395	0.07201871601864696	25788416.0	25792512.0	1	1	1.0281788930267945	0.996370530050465	1.0001588310038119	True
sc	r01	13-privatized_35-traces-ex-2_true.yml	true	true	correct	correct	True	True	True	True	0.071268618	0.069002128	0.07691290194634348	0.07782528200186789	25837568.0	25767936.0	2	2	0.9681979240849036	1.0118625098317173	0.9973050095117312	True
sc	r01	13-privatized_36-traces-ex-3_true.yml	true	true	correct	correct	True	True	True	True	0.067788574	0.056340708	0.07051618292462081	0.06122335896361619	25841664.0	25767936.0	3	3	0.8311239590317979	0.8682171442697303	0.9971469329529244	True
sc	r01	13-privatized_37-traces-ex-4_true.yml	true	true	correct	correct	True	True	True	True	0.06841293	0.061750461	0.0753398920642212	0.06712448003236204	25796608.0	25862144.0	2	2	0.9026138918476376	0.8909553517165092	1.002540489044141	True
sc	r01	13-privatized_38-traces-ex-4-switch_true.yml	true	true	correct	correct	True	True	True	True	0.068149327	0.067381	0.07711322500836104	0.07056040200404823	25796608.0	25767936.0	2	2	0.9887258314377778	0.9150233568418087	0.9988885360431883	True
sc	r01	13-privatized_40-traces-ex-6_true.yml	true	true	correct	correct	True	True	True	True	0.069028952	0.060508603	0.07632761995773762	0.06787608098238707	25829376.0	25788416.0	1	1	0.8765684723128927	0.8892728611211754	0.9984142086901364	True
sc	r01	13-privatized_41-traces-ex-7_unknown_1_neg.yml	false(unreach-call)	false(unreach-call)	correct	correct	True	True	True	True	0.064797257	0.072732555	0.07143054297193885	0.07706582103855908	25849856.0	25776128.0	0	0	1.1224634863787522	1.078891715394548	0.9971478371098083	True
sc	r01	13-privatized_41-traces-ex-7_unknown_1_pos.yml	false(unreach-call)	false(unreach-call)	correct	correct	True	True	True	True	0.066651993	0.067621138	0.07196931098587811	0.07103003608062863	25800704.0	25792512.0	0	0	1.0145403754093294	0.9869489523745227	0.9996824892840134	True
sc	r01	13-privatized_42-traces-ex-mini_true.yml	true	true	correct	correct	True	True	True	True	0.069426139	0.074542254	0.07520661503076553	0.080840019043535	25808896.0	25808896.0	2	2	1.073691480956474	1.0749056982615817	1.0	True
sc	r01	13-privatized_44-traces-mine2_true.yml	true	true	correct	correct	True	True	True	True	0.066323648	0.067912443	0.07477190205827355	0.07403258595149964	25845760.0	25817088.0	1	1	1.0239551811142837	0.9901123806346704	0.9988906497622821	True
sc	r01	13-privatized_45-traces-per-global-and-current-lock-mine-incomparable_true.yml	true	true	correct	correct	True	True	True	True	0.064658756	0.065854063	0.0703241239534691	0.06921870494261384	25833472.0	25878528.0	2	2	1.0184863903041996	0.9842810838057979	1.0017440938639606	True
sc	r01	13-privatized_46-refine-protected1_true.yml	true	true	correct	correct	True	True	True	True	0.066461428	0.065343509	0.07467014994472265	0.0738193920115009	25792512.0	25755648.0	1	1	0.9831794315343328	0.9886064520581308	0.9985707479752263	True
sc	r01	13-privatized_47-refine-protected2_true.yml	true	true	correct	correct	True	True	True	True	0.066489587	0.068952435	0.07268300105351955	0.07640425802674145	25755648.0	25849856.0	2	2	1.037041108406945	1.0511984496963984	1.0036577608142494	True
sc	r01	13-privatized_57-singlethreaded-unlock_true.yml	true	true	correct	correct	True	True	True	True	0.066219192	0.067542417	0.06739531306084245	0.07623712392523885	25743360.0	25837568.0	1	1	1.0199824999374802	1.131193260522646	1.0036595067621321	True
sc	r01	13-privatized_58-singlethreaded-lock_true.yml	true	true	correct	correct	True	True	True	True	0.064916106	0.062941132	0.07147286203689873	0.06882149004377425	25755648.0	25767936.0	1	1	0.9695765177288976	0.9629037942855054	1.0004770992366412	True
sc	r01	13-privatized_66-mine-W-init_true.yml	true	true	correct	correct	True	True	True	True	0.073780243	0.069329502	0.07875391899142414	0.07329810399096459	25698304.0	25763840.0	1	1	0.9396757069504367	0.9307232570730396	1.0025502072043353	True
sc	r01	13-privatized_68-pfscan_protected_loop_minimal_interval_true.yml	true	true	correct	correct	True	True	True	True	0.067246679	0.073250069	0.07283089600969106	0.07758307503536344	25874432.0	25931776.0	0	0	1.089274148393261	1.0652494928119522	1.0022162418869716	True
sc	r01	13-privatized_69-refine-protected-loop-interval_true.yml	true	true	correct	correct	True	True	True	True	0.063123561	0.061106662	0.06757182395085692	0.06910938897635788	25919488.0	25923584.0	0	0	0.9680483963824539	1.0227545289678606	1.000158027812895	True
sc	r01	14_spin2003.yml	true	true	correct	correct	True	True	True	True	0.066612342	0.069084392	0.06914542592130601	0.07373062893748283	25763840.0	25755648.0	0	0	1.037110990632937	1.066312456031368	0.9996820349761526	True
sc	r01	28-race_reach_01-simple_racing.yml	false(unreach-call)	false(unreach-call)	correct	correct	True	True	True	True	12.11664983	12.043178193	12.14372649998404	12.066275399061851	2060976128.0	2061062144.0	0	0	0.9939363076402448	0.9936221306596216	1.0000417355634699	True
sc	r01	28-race_reach_06-cond_racing1.yml	false(unreach-call)	false(unreach-call)	correct	correct	True	True	True	True	11.493025383	11.550651876	11.52113707899116	11.571015533991158	2061017088.0	2061033472.0	0	0	1.0050140403487873	1.0043292996739837	1.0000079494731486	True
sc	r01	28-race_reach_11-ptr_racing.yml	false(unreach-call)	false(unreach-call)	correct	correct	True	True	True	True	12.076738987	12.024970885	12.101166127016768	12.058066093013622	2060992512.0	2061008896.0	0	0	0.9957134039200709	0.9964383569690096	1.000007949567941	True
sc	r01	28-race_reach_21-deref_read_racing.yml	false(unreach-call)	false(unreach-call)	correct	correct	True	True	True	True	3.345018371	3.409785899	3.362040444975719	3.4226185739971697	56700928.0	56352768.0	0	0	1.0193623833463843	1.01801826302	0.9938597124900672	True
sc	r01	28-race_reach_24-sound_lock_racing.yml	false(unreach-call)	false(unreach-call)	correct	correct	True	True	True	True	11.709674101	11.730855788	11.731764990952797	11.750060947029851	2060955648.0	2060951552.0	0	0	1.0018089049120669	1.0015595228928609	0.9999980125724666	True
sc	r01	28-race_reach_37-indirect_racing.yml	false(unreach-call)	false(unreach-call)	correct	correct	True	True	True	True	12.089730189	12.006005605	12.11138876201585	12.02583921700716	2061086720.0	2061107200.0	0	0	0.9930747351106166	0.9929364380345058	1.0000099365057284	True
sc	r01	28-race_reach_45-escape_racing.yml	false(unreach-call)	false(unreach-call)	correct	correct	True	True	True	True	0.068118042	0.073245187	0.07448542607016861	0.07697926298715174	25808896.0	25899008.0	0	0	1.0752685316468726	1.0334808706690328	1.0034915092842407	True
sc	r01	28-race_reach_46-escape_racefree.yml	true	true	correct	correct	True	True	True	True	0.066471412	0.068348948	0.07355960202403367	0.0728713619755581	25812992.0	25882624.0	2	2	1.0282457667666216	0.9906437768892401	1.0026975563313234	True
sc	r01	29_conditionals_vs.yml	true	true	correct	correct	True	True	True	True	0.067438745	0.068782614	0.07105879602022469	0.07794675999321043	25808896.0	25726976.0	0	0	1.019927253984338	1.0969333053577954	0.9968259006506903	True
sc	r01	36-apron_11-traces-max-simple_true.yml	true	true	correct	correct	True	True	True	True	0.066073292	0.057114221	0.07390683400444686	0.06388706096913666	25767936.0	25800704.0	2	2	0.8644070738900068	0.8644269752549901	1.0012716579240184	True
sc	r01	36-apron_16-traces-unprot2_true.yml	true	true	correct	correct	True	True	True	True	0.072230577	0.060473263	0.07750261295586824	0.0669596700463444	25735168.0	25763840.0	1	1	0.8372252515717823	0.8639666134156375	1.0011141174598122	True
sc	r01	36-apron_17-traces-rpb-litmus_unknown_1_neg.yml	false(unreach-call)	false(unreach-call)	correct	correct	True	True	True	True	0.066079303	0.068754164	0.07046383491251618	0.07307538902387023	25800704.0	25858048.0	0	0	1.0404795583270605	1.0370623329626667	1.0022225750119067	True
sc	r01	36-apron_21-traces-cluster-based_true.yml	true	true	correct	correct	True	True	True	True	0.069608204	0.070672724	0.0745760400313884	0.07629880891181529	25849856.0	25980928.0	6	6	1.0152930249428644	1.023100836135866	1.0050705118047853	True
sc	r01	36-apron_22-traces-write-centered-vs-meet-mutex_true_no-overflow.yml	true	true	correct	correct	True	True	True	True	0.07443916	0.068180399	0.08617483300622553	0.07305433403234929	25821184.0	25874432.0	1	1	0.9159211226993964	0.847745582832422	1.0020621827411167	True
sc	r01	36-apron_41-threadenter-no-locals_unknown_1_pos.yml	false(unreach-call)	false(unreach-call)	correct	correct	True	True	True	True	0.065236598	0.066059546	0.07066790899261832	0.0699652109760791	25702400.0	25755648.0	0	0	1.0126148209016048	0.990056334953782	1.0020717131474104	True
sc	r01	43_NetBSD_sysmon_power_sliced.yml	true	true	correct	correct	True	True	True	True	0.061911666	0.065118534	0.06588072597514838	0.06793241703417152	25747456.0	25767936.0	0	0	1.0517974754547876	1.031142508353613	1.0007954183900731	True
sc	r01	45_monabsex1_vs.yml	true	true	correct	correct	True	True	True	True	0.064140249	0.067679134	0.06742920400574803	0.07048789807595313	25870336.0	25858048.0	0	0	1.055174169966194	1.04536156277248	0.9995250158328056	True
sc	r01	46_monabsex2_vs.yml	true	true	correct	correct	True	True	True	True	0.066794008	0.058112691	0.0733493739971891	0.06175533100031316	25784320.0	25772032.0	0	0	0.8700285061498331	0.841933988457485	0.9995234312946784	True
sc	r01	48_ticket_lock_low_contention_vs-pthread.yml	true	true	correct	correct	True	True	True	True	0.070136972	0.068341464	0.0740448459982872	0.07021798798814416	25866240.0	25821184.0	0	0	0.9743999783737456	0.9483170238448255	0.9982581155977831	True
sc	r01	48_ticket_lock_low_contention_vs.yml	true	true	correct	correct	True	True	True	True	0.062912191	0.067092348	0.06949545198585838	0.06954245897941291	25829376.0	25833472.0	0	0	1.066444308067414	1.0006764038827187	1.0001585791309864	True
sc	r01	butterfly.yml	true	true	correct	correct	True	True	True	True	12.913672243	12.571732903	12.924113298999146	12.58455554395914	26042368.0	26071040.0	64560	64560	0.9735211384054328	0.9737268045254369	1.001100975149418	True
sc	r01	circular_buffer_bad.yml	false(unreach-call)	false(unreach-call)	correct	correct	True	True	True	True	0.073598662	0.079411266	0.08032190497033298	0.08276975702028722	25968640.0	25985024.0	1	1	1.0789770335770505	1.030475522845958	1.0006309148264985	True
sc	r01	circular_buffer_ok.yml	true	true	correct	correct	True	True	True	True	2.89042278	2.888372054	2.90232938202098	2.897955883992836	25894912.0	25907200.0	3432	3432	0.9992905100201293	0.9984931076206455	1.000474533375514	True
sc	r01	dekker-unfair.yml	true	true	correct	correct	True	True	True	True	0.063478152	0.067025235	0.07026639301329851	0.07350980106275529	25825280.0	25894912.0	4	4	1.055878800630491	1.0461587383437048	1.0026962727993656	True
sc	r01	dekker.yml	true	true	correct	correct	True	True	True	True	0.062304806	0.064736936	0.0679409559816122	0.06949508294928819	25837568.0	25833472.0	4	4	1.0390359934673419	1.022874670296023	0.9998414711477489	True
sc	r01	exponential-nondet.yml	true	true	correct	correct	True	True	True	True	0.067833386	0.064391298	0.07535927393473685	0.06880179699510336	25919488.0	25931776.0	1	1	0.9492567273584133	0.9129838094603666	1.0004740834386852	True
sc	r01	fib_safe-5.yml	true	true	correct	correct	True	True	True	True	3.561425105	3.568009267	3.5733733070082963	3.5843028449453413	25882624.0	25939968.0	2772	2772	1.0018487436365728	1.0030586051324695	1.0022155404336128	True
sc	r01	fib_safe-6.yml	true	true	correct	correct	True	True	True	True	17.802178181	17.766437206	17.8455705139786	17.787456223042682	25829376.0	25862144.0	12012	12012	0.9979923257347157	0.9967434893218797	1.0012686330478908	True
sc	r01	fib_unsafe-5.yml	false(unreach-call)	false(unreach-call)	correct	correct	True	True	True	True	0.965657988	0.975573374	0.9774326049955562	0.9851483179954812	25903104.0	25858048.0	632	632	1.0102680101269974	1.0078938567840798	0.9982605945604048	True
sc	r01	fib_unsafe-6.yml	false(unreach-call)	false(unreach-call)	correct	correct	True	True	True	True	4.906669897	4.954052243	4.918087575002573	4.964627632056363	25862144.0	25821184.0	2942	2942	1.0096567217674395	1.0094630395136397	0.9984162179284131	True
sc	r01	fib_unsafe-7.yml	false(unreach-call)	false(unreach-call)	correct	correct	True	True	True	True	24.014909262	24.245009194	24.052096250932664	24.270879132905975	25948160.0	25882624.0	13238	13238	1.0095815449265138	1.0090962084839	0.9974743488555643	True
sc	r01	lazy01.yml	false(unreach-call)	false(unreach-call)	correct	correct	True	True	True	True	0.057920928	0.067453558	0.06500814901664853	0.06929027906153351	25903104.0	25886720.0	1	1	1.1645800633581007	1.0658706655959136	0.9993674889310563	True
sc	r01	pthread-demo-datarace-3.yml	false(unreach-call)	false(unreach-call)	correct	correct	True	True	True	True	0.118027751	0.114744714	0.12188592797610909	0.12179337604902685	25825280.0	25923584.0	0	0	0.9721841942070047	0.9992406676585308	1.003806502775575	True
sc	r01	queue.yml	false(unreach-call)	false(unreach-call)	correct	correct	True	True	True	True	0.086712732	0.087801396	0.09446788008790463	0.09219870797824115	25993216.0	26017792.0	2	2	1.0125548345080397	0.9759794322943209	1.0009454774661204	True
sc	r01	queue_longer.yml	TIMEOUT	TIMEOUT	error	error	False	False	False	True	61.041052573	61.050171287	61.08034266694449	61.0843373099342	1159892992.0	1157804032.0						True
sc	r01	queue_ok.yml	true	true	correct	correct	True	True	True	True	0.065368986	0.067947098	0.07188959501218051	0.07385045802220702	26091520.0	26038272.0	2	2	1.0394393757308702	1.0272760336136861	0.9979591836734694	True
sc	r01	queue_ok_longer.yml	true	true	correct	correct	True	True	True	True	0.429308364	0.425507205	0.43668851105030626	0.43046351592056453	79360000.0	79409152.0	2	2	0.9911458538459782	0.9857449990732076	1.0006193548387097	True
sc	r01	queue_ok_longest.yml	true	true	correct	correct	True	True	True	True	1.497634124	1.527356149	1.516113455989398	1.5322911839466542	276955136.0	276926464.0	2	2	1.019845985427079	1.0106705259381124	0.9998964742072882	True
sc	r01	race-1_1-join.yml	true	true	correct	correct	True	True	True	True	0.063690639	0.061635345	0.07079683803021908	0.06861628300976008	26095616.0	26066944.0	1	1	0.9677300458549334	0.969199824721999	0.9989012713859676	True
sc	r01	race-1_2-join.yml	false(unreach-call)	false(unreach-call)	correct	correct	True	True	True	True	0.067936126	0.064622122	0.07379655493423343	0.07288943405728787	26083328.0	26025984.0	1	1	0.951218825754062	0.987707815388483	0.9978015075376885	True
sc	r01	race-1_3-join.yml	false(unreach-call)	false(unreach-call)	correct	correct	True	True	True	True	0.059598648	0.064297995	0.06481748993974179	0.07028153701685369	26075136.0	26030080.0	1	1	1.078849892702264	1.0842989613172556	0.9982720703738611	True
sc	r01	race-2_1-container_of.yml	true	true	correct	correct	True	True	True	True	0.064592361	0.064025375	0.07095181196928024	0.06900122098159045	26165248.0	26210304.0	1	1	0.9912220889402076	0.9725082287040909	1.0017219787100815	True
sc	r01	race-3_1-container_of-global.yml	true	true	correct	correct	True	True	True	True	0.064680124	0.069605648	0.07139928301330656	0.07265539397485554	26083328.0	26157056.0	1	1	1.0761520494302084	1.0175927671614697	1.002826633165829	True
sc	r01	race-4_1-thread_local_vars.yml	true	true	correct	correct	True	True	True	True	0.064897998	0.069860439	0.06913479196373373	0.07491587090771645	26124288.0	26095616.0	0	0	1.0764652401141865	1.0836203997983436	0.9989024772656006	True
sc	r01	reorder_2.yml	false(unreach-call)	false(unreach-call)	correct	correct	True	True	True	True	0.13006423	0.136630421	0.13695859594736248	0.14423697802703828	25964544.0	25989120.0	162	162	1.0504842184511451	1.053142937318612	1.0009465215333648	True
sc	r01	singleton.yml	false(unreach-call)	false(unreach-call)	correct	correct	True	True	True	True	0.072800495	0.074226484	0.07978479494340718	0.07600132701918483	26083328.0	26062848.0	1	1	1.0195876278039042	0.9525790856903745	0.999214824120603	True
sc	r01	singleton_with-uninit-problems.yml	true	true	correct	correct	True	True	True	True	0.070887243	0.07040288	0.07859565794933587	0.0775833239313215	26083328.0	26062848.0	4	4	0.9931671344588757	0.9871197208035724	0.999214824120603	True
sc	r01	stateful01-1.yml	false(unreach-call)	false(unreach-call)	correct	correct	True	True	True	True	0.06544641	0.068557711	0.069656748091802	0.07051685592159629	25960448.0	25923584.0	0	0	1.0475396740630998	1.0123478033838262	0.9985799936888609	True
sc	r01	stateful01-2.yml	true	true	correct	correct	True	True	True	True	0.072539391	0.062569864	0.07720011891797185	0.07023070007562637	25952256.0	25907200.0	6	6	0.862563955079248	0.9097226929177303	0.9982638888888888	True
sc	r01	szymanski.yml	true	true	correct	correct	True	True	True	True	0.062864945	0.062260178	0.07047876401338726	0.07241478806827217	25862144.0	25833472.0	6	6	0.9903799009129809	1.027469608498202	0.9988913525498891	True
sc	r01	time_var_mutex.yml	true	true	correct	correct	True	True	True	True	0.07288275	0.067022128	0.07999163400381804	0.07157539494801313	25919488.0	25890816.0	2	2	0.9195883525251175	0.8947860090543569	0.9988938053097345	True
sc	r01	triangular-1.yml	true	true	correct	correct	True	True	True	True	5.984615825	5.958214268	5.995347380056046	5.9752897849539295	25956352.0	25886720.0	16632	16632	0.9955884291035507	0.996654473238892	0.9973173425911315	True
sc	r01	triangular-2.yml	false(unreach-call)	false(unreach-call)	correct	correct	True	True	True	True	1.471006371	1.462510238	1.4743015739368275	1.4704187989700586	25858048.0	25952256.0	3638	3638	0.9942242717859716	0.997366363140751	1.0036432757801361	True
sc	r01	twostage_3.yml	false(unreach-call)	false(unreach-call)	correct	correct	True	True	True	True	0.075030763	0.079856306	0.08170474809594452	0.08759741100948304	26140672.0	26161152.0	4	4	1.0643141933662597	1.0721214256314562	1.0007834534628643	True
sc	r01	unwind2-1.yml	false(unreach-call)	false(unreach-call)	correct	correct	True	True	True	True	0.065333143	0.065132337	0.07263495097868145	0.07206651195883751	25915392.0	25899008.0	1	1	0.9969264298213849	0.9921740290013994	0.999367788841473	True
sc	r01	unwind2-100.yml	false(unreach-call)	false(unreach-call)	correct	correct	True	True	True	True	0.064191954	0.061895557	0.0699464000063017	0.06739392492454499	25890816.0	25972736.0	1	1	0.9642260928838527	0.9635081279161365	1.0031640563202024	True
sc	r01	unwind3-1.yml	false(unreach-call)	false(unreach-call)	correct	correct	True	True	True	True	0.063419601	0.066029746	0.07091414195019752	0.07217232102993876	25956352.0	25882624.0	1	1	1.0411567553066123	1.0177422872947521	0.9971595392141391	True
sc	r02	01b_inc.yml	true	true	correct	correct	True	True	True	True	0.068560616	0.061811722	0.07646095100790262	0.06423938705120236	25886720.0	25862144.0	0	0	0.9015631073093041	0.8401594043025034	0.9990506329113924	True
sc	r02	02_inc_cas.yml	true	true	correct	correct	True	True	True	True	0.067954768	0.060768668	0.07279901998117566	0.06510902207810432	25763840.0	25903104.0	0	0	0.8942517175542414	0.8943667386585723	1.0054054054054054	True
sc	r02	13-privatized_01-priv_nr_true.yml	true	true	correct	correct	True	True	True	True	0.062278063	0.060926649	0.06891207001172006	0.0685459200758487	25882624.0	25751552.0	2	2	0.9783003206120909	0.9946867082093298	0.9949359075803134	True
sc	r02	13-privatized_18-first-reads_true.yml	true	true	correct	correct	True	True	True	True	0.064188173	0.068815847	0.06908978696446866	0.07360297499690205	25894912.0	25817088.0	2	2	1.0720954310383628	1.0653235193032862	0.9969946219550775	True
sc	r02	13-privatized_18-first-reads_unknown_1_neg.yml	false(unreach-call)	false(unreach-call)	correct	correct	True	True	True	True	0.070138083	0.070182068	0.07459720794577152	0.0725877289660275	25882624.0	25849856.0	0	0	1.0006271200768346	0.9730622762556367	0.9987339768950784	True
sc	r02	13-privatized_18-first-reads_unknown_2_pos.yml	false(unreach-call)	false(unreach-call)	correct	correct	True	True	True	True	0.068006449	0.067367579	0.07281316199805588	0.07191180996596813	25870336.0	25886720.0	0	0	0.9906057438758492	0.98762102884487	1.0006333122229258	True
sc	r02	13-privatized_19-publish-precision_true.yml	true	true	correct	correct	True	True	True	True	0.070908676	0.067786226	0.07793738099280745	0.07610026898328215	25845760.0	25903104.0	3	3	0.9559651910578616	0.976428358431818	1.0022187004754357	True
sc	r02	13-privatized_19-publish-precision_unknown_1_neg.yml	false(unreach-call)	false(unreach-call)	correct	correct	True	True	True	True	0.070301415	0.062321387	0.07381475006695837	0.06449524604249746	25853952.0	25853952.0	0	0	0.8864883729580691	0.8737446917315704	1.0	True
sc	r02	13-privatized_19-publish-precision_unknown_1_pos.yml	false(unreach-call)	false(unreach-call)	correct	correct	True	True	True	True	0.071713055	0.06906323	0.0786920509999618	0.08077404100913554	25800704.0	25894912.0	0	0	0.9630496148853233	1.0264574373487199	1.0036513732338466	True
sc	r02	13-privatized_19-publish-precision_unknown_2_neg.yml	false(unreach-call)	false(unreach-call)	correct	correct	True	True	True	True	0.066049289	0.06792046	0.07017583097331226	0.07559519598726183	25825280.0	25780224.0	0	0	1.0283299188883017	1.0772255196523508	0.9982553528945282	True
sc	r02	13-privatized_19-publish-precision_unknown_2_pos.yml	false(unreach-call)	false(unreach-call)	correct	correct	True	True	True	True	0.074677379	0.065728505	0.08037355402484536	0.06809952296316624	25784320.0	25821184.0	0	0	0.8801662013338739	0.8472876904524475	1.0014297061159652	True
sc	r02	13-privatized_20-publish-regression_true.yml	true	true	correct	correct	True	True	True	True	0.067386768	0.061569942	0.07391730404924601	0.06613393896259367	25780224.0	25804800.0	2	2	0.9136799972362527	0.894701718538506	1.0009532888465205	True
sc	r02	13-privatized_24-multiple-protecting_true.yml	true	true	correct	correct	True	True	True	True	0.074466481	0.074110387	0.08152771694585681	0.07909110095351934	25907200.0	25964544.0	7	7	0.9952180632786984	0.9701130353747592	1.0022134387351778	True
sc	r02	13-privatized_25-struct_nr_true.yml	true	true	correct	correct	True	True	True	True	0.069701541	0.071466191	0.07703502604272217	0.07740682503208518	25894912.0	25903104.0	2	2	1.0253172307912102	1.0048263628697525	1.000316355583676	True
sc	r02	13-privatized_27-multiple-protecting2_true.yml	true	true	correct	correct	True	True	True	True	0.077643228	0.081674301	0.08519692195113748	0.09197251102887094	25878528.0	25927680.0	26	26	1.0519178955310824	1.0795285665557193	1.0018993352326686	True
sc	r02	13-privatized_29-multiple-protecting2-vesal_true.yml	true	true	correct	correct	True	True	True	True	0.067003125	0.064973527	0.07598488300573081	0.07195691403467208	25858048.0	25923584.0	4	4	0.9697089053682199	0.9469898641450177	1.0025344527166165	True
sc	r02	13-privatized_30-traces-oplus-vs-meet_true.yml	true	true	correct	correct	True	True	True	True	0.067455336	0.070615764	0.07338614703621715	0.07601027598138899	25858048.0	25796608.0	2	2	1.046852157107334	1.0357578242100214	0.997623950578172	True
sc	r02	13-privatized_31-traces-mine-vs-mutex_true.yml	true	true	correct	correct	True	True	True	True	0.069934806	0.067618075	0.07321719196625054	0.07281819102354348	25878528.0	25866240.0	4	4	0.9668729902532367	0.9945504473472435	0.9995251661918328	True
sc	r02	13-privatized_32-traces-mine-vs-oplus-vs-meet_true.yml	true	true	correct	correct	True	True	True	True	0.072958571	0.06074423	0.07557576498948038	0.06483389704953879	25845760.0	25899008.0	3	3	0.8325852489627299	0.8578662360687083	1.0020602218700476	True
sc	r02	13-privatized_33-traces-v-matters_true.yml	true	true	correct	correct	True	True	True	True	0.066378138	0.072055322	0.0720903939800337	0.08222855697385967	25870336.0	25849856.0	1	1	1.0855279188458105	1.140631260756237	0.9992083597213426	True
sc	r02	13-privatized_34-traces-minepp-L-needs-to-be-um_true.yml	true	true	correct	correct	True	True	True	True	0.071332357	0.067944242	0.07797014201059937	0.07165918801911175	25845760.0	25763840.0	1	1	0.9525024106521534	0.9190593497876444	0.9968304278922345	True
sc	r02	13-privatized_35-traces-ex-2_true.yml	true	true	correct	correct	True	True	True	True	0.07228947	0.057386039	0.07835058798082173	0.06460889405570924	25821184.0	25767936.0	2	2	0.793836764884291	0.8246127530213799	0.9979378172588832	True
sc	r02	13-privatized_36-traces-ex-3_true.yml	true	true	correct	correct	True	True	True	True	0.071766792	0.076371828	0.0766857829876244	0.07945557206403464	25755648.0	25792512.0	3	3	1.0641666691747906	1.0361186776544646	1.0014312977099236	True
sc	r02	13-privatized_37-traces-ex-4_true.yml	true	true	correct	correct	True	True	True	True	0.068080678	0.068354237	0.07264608202967793	0.07743798301089555	25841664.0	25776128.0	2	2	1.0040181591611057	1.0659622769368347	0.9974639404025994	True
sc	r02	13-privatized_38-traces-ex-4-switch_true.yml	true	true	correct	correct	True	True	True	True	0.070489446	0.062310632	0.07344995299354196	0.07272569509223104	25825280.0	25792512.0	2	2	0.8839710841251327	0.9901394368302101	0.998731165741475	True
sc	r02	13-privatized_40-traces-ex-6_true.yml	true	true	correct	correct	True	True	True	True	0.067625935	0.068517764	0.08051790797617286	0.07507018593605608	25808896.0	25759744.0	1	1	1.0131876771833173	0.932341485552147	0.9980955403904143	True
sc	r02	13-privatized_41-traces-ex-7_unknown_1_neg.yml	false(unreach-call)	false(unreach-call)	correct	correct	True	True	True	True	0.06733361	0.056665493	0.07236650900449604	0.06275092798750848	25812992.0	25776128.0	0	0	0.8415632698142873	0.8671266425690072	0.9985718819422406	True
sc	r02	13-privatized_41-traces-ex-7_unknown_1_pos.yml	false(unreach-call)	false(unreach-call)	correct	correct	True	True	True	True	0.064230105	0.071139843	0.0749121030094102	0.08782751299440861	25817088.0	25796608.0	0	0	1.1075778717783507	1.1724075211635163	0.999206726955418	True
sc	r02	13-privatized_42-traces-ex-mini_true.yml	true	true	correct	correct	True	True	True	True	0.06723495	0.056720102	0.07135465496685356	0.06512176594696939	25796608.0	25800704.0	2	2	0.8436103841826312	0.9126491604117554	1.0001587805652588	True
sc	r02	13-privatized_44-traces-mine2_true.yml	true	true	correct	correct	True	True	True	True	0.065788048	0.059528595	0.08743680897168815	0.06301751802675426	25825280.0	25755648.0	1	1	0.9048542525535944	0.7207206983864106	0.9973037272006344	True
sc	r02	13-privatized_45-traces-per-global-and-current-lock-mine-incomparable_true.yml	true	true	correct	correct	True	True	True	True	0.066376683	0.069147802	0.07074598106555641	0.07508483598940074	25862144.0	25874432.0	2	2	1.0417483802256282	1.0613300551988072	1.0004751346214762	True
sc	r02	13-privatized_46-refine-protected1_true.yml	true	true	correct	correct	True	True	True	True	0.066251104	0.059578771	0.0723635540343821	0.07107607403304428	25780224.0	25829376.0	1	1	0.899287217915644	0.9822081706942406	1.001906577693041	True
sc	r02	13-privatized_47-refine-protected2_true.yml	true	true	correct	correct	True	True	True	True	0.069832392	0.07226483	0.07600182294845581	0.08224773406982422	25800704.0	25739264.0	2	2	1.0348325172650539	1.0821810698620264	0.9976186696301	True
sc	r02	13-privatized_57-singlethreaded-unlock_true.yml	true	true	correct	correct	True	True	True	True	0.066172361	0.06160155	0.07094631099607795	0.0805642360355705	25800704.0	25722880.0	1	1	0.9309256775649882	1.1355662458619482	0.9969836481981267	True
sc	r02	13-privatized_58-singlethreaded-lock_true.yml	true	true	correct	correct	True	True	True	True	0.069917998	0.0717744	0.07583221595268697	0.07945998199284077	25841664.0	25849856.0	1	1	1.0265511320847602	1.0478393779553696	1.000317007449675	True
sc	r02	13-privatized_66-mine-W-init_true.yml	true	true	correct	correct	True	True	True	True	0.067490762	0.051380631	0.08821293793153018	0.05903373705223203	25698304.0	25763840.0	1	1	0.7612987241127905	0.6692185799100502	1.0025502072043353	True
sc	r02	13-privatized_68-pfscan_protected_loop_minimal_interval_true.yml	true	true	correct	correct	True	True	True	True	0.067802184	0.073125599	0.07379078306257725	0.07752428203821182	25841664.0	25849856.0	0	0	1.0785139163068846	1.0505957359534785	1.000317007449675	True
sc	r02	13-privatized_69-refine-protected-loop-interval_true.yml	true	true	correct	correct	True	True	True	True	0.068764552	0.05974948	0.08001438097562641	0.0664043320575729	25829376.0	25919488.0	0	0	0.8688994294618541	0.8299049651812049	1.0034887408817	True
sc	r02	14_spin2003.yml	true	true	correct	correct	True	True	True	True	0.068325457	0.054187555	0.07326204900164157	0.06612646102439612	25747456.0	25739264.0	0	0	0.7930800228676114	0.9026018508288574	0.9996818326439707	True
sc	r02	28-race_reach_01-simple_racing.yml	false(unreach-call)	false(unreach-call)	correct	correct	True	True	True	True	12.175165877	12.114849113	12.204646724974737	12.135899198940024	2061025280.0	2061066240.0	0	0	0.9950459185025197	0.9943671023353726	1.0000198736038792	True
sc	r02	28-race_reach_06-cond_racing1.yml	false(unreach-call)	false(unreach-call)	correct	correct	True	True	True	True	11.638549017	11.626928274	11.663830081000924	11.696569834952243	2061090816.0	2061078528.0	0	0	0.9990015299172581	1.0028069470940466	0.999994038108411	True
sc	r02	28-race_reach_11-ptr_racing.yml	false(unreach-call)	false(unreach-call)	correct	correct	True	True	True	True	12.174478529	12.16745487	12.209587409975938	12.194159964914434	2060922880.0	2060935168.0	0	0	0.999423083380264	0.9987364482890798	1.0000059623773987	True
sc	r02	28-race_reach_21-deref_read_racing.yml	false(unreach-call)	false(unreach-call)	correct	correct	True	True	True	True	3.370222718	3.456667195	3.3849382869666442	3.4909017889294773	56586240.0	56414208.0	0	0	1.0256494849845708	1.0313044117734242	0.9969598262757872	True
sc	r02	28-race_reach_24-sound_lock_racing.yml	false(unreach-call)	false(unreach-call)	correct	correct	True	True	True	True	11.837373277	11.803177831	11.871478249900974	11.829464520909823	2061012992.0	2061058048.0	0	0	0.9971112302366572	0.9964609521993184	1.0000218610946048	True
sc	r02	28-race_reach_37-indirect_racing.yml	false(unreach-call)	false(unreach-call)	correct	correct	True	True	True	True	12.138856304	12.253935639	12.163568519055843	12.283131184987724	2061103104.0	2061115392.0	0	0	1.0094802452651226	1.0098295714571401	1.000005961856045	True
sc	r02	28-race_reach_45-escape_racing.yml	false(unreach-call)	false(unreach-call)	correct	correct	True	True	True	True	0.075941151	0.069346929	0.0801043180981651	0.07292577403131872	25903104.0	25907200.0	0	0	0.9131666835020713	0.9103850549223912	1.000158127767236	True
sc	r02	28-race_reach_46-escape_racefree.yml	true	true	correct	correct	True	True	True	True	0.067360335	0.059077202	0.07315357495099306	0.06278069003019482	25853952.0	25939968.0	2	2	0.8770324850670652	0.8582039917017421	1.0033269961977187	True
sc	r02	29_conditionals_vs.yml	true	true	correct	correct	True	True	True	True	0.069113532	0.074464336	0.07195408002007753	0.07900976703967899	25751552.0	25788416.0	0	0	1.0774204970453543	1.0980581923586918	1.0014315253698107	True
sc	r02	36-apron_11-traces-max-simple_true.yml	true	true	correct	correct	True	True	True	True	0.065931762	0.067683196	0.06923202401958406	0.07250961498357356	25817088.0	25833472.0	2	2	1.0265643439045358	1.0473421225278976	1.0006346184356656	True
sc	r02	36-apron_16-traces-unprot2_true.yml	true	true	correct	correct	True	True	True	True	0.064053693	0.065865562	0.07235343602951616	0.06980319099966437	25747456.0	25739264.0	1	1	1.0282867218912735	0.9647529520393276	0.9996818326439707	True
sc	r02	36-apron_17-traces-rpb-litmus_unknown_1_neg.yml	false(unreach-call)	false(unreach-call)	correct	correct	True	True	True	True	0.068548519	0.068669484	0.07737301092129201	0.08161551994271576	25804800.0	25784320.0	0	0	1.0017646624867271	1.0548318977238649	0.9992063492063492	True
sc	r02	36-apron_21-traces-cluster-based_true.yml	true	true	correct	correct	True	True	True	True	0.068808156	0.074099051	0.07552395097445697	0.08120134205091745	25956352.0	25935872.0	6	6	1.0768934281569762	1.0751733854387548	0.9992109831150386	True
sc	r02	36-apron_22-traces-write-centered-vs-meet-mutex_true_no-overflow.yml	true	true	correct	correct	True	True	True	True	0.073275865	0.059729562	0.07990260003134608	0.06438297894783318	25821184.0	25899008.0	1	1	0.8151328135123346	0.8057682593879987	1.003013959390863	True
sc	r02	36-apron_41-threadenter-no-locals_unknown_1_pos.yml	false(unreach-call)	false(unreach-call)	correct	correct	True	True	True	True	0.068127902	0.063749022	0.0732439219718799	0.08483090496156365	25702400.0	25767936.0	0	0	0.9357256003568112	1.1581971947669907	1.0025498007968128	True
sc	r02	43_NetBSD_sysmon_power_sliced.yml	true	true	correct	correct	True	True	True	True	0.055549467	0.062240766	0.05932854698039591	0.06927309208549559	25780224.0	25722880.0	0	0	1.1204565833187923	1.1676182143544773	0.9977756593581188	True
sc	r02	45_monabsex1_vs.yml	true	true	correct	correct	True	True	True	True	0.067293431	0.072260543	0.07071352400816977	0.07529087201692164	25772032.0	25837568.0	0	0	1.073812732181838	1.064730871116295	1.0025429116338207	True
sc	r02	46_monabsex2_vs.yml	true	true	correct	correct	True	True	True	True	0.072728482	0.058090087	0.07433399395085871	0.06403975002467632	25772032.0	25788416.0	0	0	0.7987254154431548	0.8615136443093884	1.0006357279084552	True
sc	r02	48_ticket_lock_low_contention_vs-pthread.yml	true	true	correct	correct	True	True	True	True	0.070807693	0.069360704	0.0760301019763574	0.0742711320053786	25825280.0	25788416.0	0	0	0.9795645227419002	0.9768648216264951	0.9985725614591594	True
sc	r02	48_ticket_lock_low_contention_vs.yml	true	true	correct	correct	True	True	True	True	0.069441328	0.064478341	0.07381801796145737	0.06896269507706165	25886720.0	25817088.0	0	0	0.9285297798452241	0.9342257755155275	0.9973101265822785	True
sc	r02	butterfly.yml	true	true	correct	correct	True	True	True	True	13.043144796	12.697511019	13.056035308982246	12.730379251996055	26054656.0	26034176.0	64560	64560	0.9735007329592786	0.9750570483857265	0.9992139600691715	True
sc	r02	circular_buffer_bad.yml	false(unreach-call)	false(unreach-call)	correct	correct	True	True	True	True	0.07375448	0.076716111	0.08075934206135571	0.08171659195795655	25968640.0	25899008.0	1	1	1.0401552692121212	1.0118531165827673	0.9973186119873817	True
sc	r02	circular_buffer_ok.yml	true	true	correct	correct	True	True	True	True	2.886730547	2.886100082	2.8932862849906087	2.9071321489755064	25931776.0	25989120.0	3432	3432	0.9997815989439488	1.0047855146781448	1.002211341020376	True
sc	r02	dekker-unfair.yml	true	true	correct	correct	True	True	True	True	0.065628282	0.061813464	0.07057070301380008	0.07086220104247332	25833472.0	25919488.0	4	4	0.9418723470469638	1.0041305813350936	1.0033296337402886	True
sc	r02	dekker.yml	true	true	correct	correct	True	True	True	True	0.061476664	0.067835602	0.0654807579703629	0.07414770300965756	25931776.0	25849856.0	4	4	1.1034366145827301	1.1323586547855384	0.996840941399463	True
sc	r02	exponential-nondet.yml	true	true	correct	correct	True	True	True	True	0.058143001	0.059626748	0.06650808406993747	0.0680583369685337	25874432.0	25944064.0	1	1	1.0255189270330234	1.0233092400762296	1.0026911508627514	True
sc	r02	fib_safe-5.yml	true	true	correct	correct	True	True	True	True	3.613122716	3.535559331	3.6277145190397277	3.5558315260568634	25858048.0	25878528.0	2772	2772	0.9785328672462394	0.980185046919874	1.0007920164739426	True
sc	r02	fib_safe-6.yml	true	true	correct	correct	True	True	True	True	17.849350539	18.075851229	17.8979165579658	18.115145704941824	25886720.0	25903104.0	12012	12012	1.012689575987939	1.0121371192156632	1.000632911392405	True
sc	r02	fib_unsafe-5.yml	false(unreach-call)	false(unreach-call)	correct	correct	True	True	True	True	0.996705418	0.994220747	1.003649586928077	1.0015942360041663	25911296.0	25886720.0	632	632	0.9975071159892099	0.9979521229812871	0.9990515333544103	True
sc	r02	fib_unsafe-6.yml	false(unreach-call)	false(unreach-call)	correct	correct	True	True	True	True	4.977464624	5.012118298	4.990552118979394	5.024123891955242	25829376.0	25886720.0	2942	2942	1.0069621135694082	1.0067270658988154	1.002220107833809	True
sc	r02	fib_unsafe-7.yml	false(unreach-call)	false(unreach-call)	correct	correct	True	True	True	True	24.126587419	24.499948144	24.151013221009634	24.56317381199915	25829376.0	25858048.0	13238	13238	1.0154750739719607	1.0170659751298121	1.0011100539169044	True
sc	r02	lazy01.yml	false(unreach-call)	false(unreach-call)	correct	correct	True	True	True	True	0.064436626	0.061983226	0.06970099895261228	0.06396413594484329	25956352.0	25976832.0	1	1	0.9619253807609356	0.9176932455204937	1.0007890168849614	True
sc	r02	pthread-demo-datarace-3.yml	false(unreach-call)	false(unreach-call)	correct	correct	True	True	True	True	0.111447281	0.11845474	0.12089548399671912	0.12384736200328916	25837568.0	25886720.0	0	0	1.0628768951303533	1.024416776450063	1.0019023462270134	True
sc	r02	queue.yml	false(unreach-call)	false(unreach-call)	correct	correct	True	True	True	True	0.090015739	0.087561337	0.09872818703297526	0.09626891394145787	26071040.0	26025984.0	2	2	0.9727336349479951	0.9750904664065594	0.9982717989002357	True
sc	r02	queue_longer.yml	TIMEOUT	TIMEOUT	error	error	False	False	False	True	61.047847794	61.047487494	61.08479397499468	61.081834731972776	1148080128.0	1151414272.0						True
sc	r02	queue_ok.yml	true	true	correct	correct	True	True	True	True	0.067393894	0.072346062	0.0734210389200598	0.07629119604825974	26017792.0	25985024.0	2	2	1.0734809595658623	1.0390917531325718	0.9987405541561712	True
sc	r02	queue_ok_longer.yml	true	true	correct	correct	True	True	True	True	0.426185221	0.430723783	0.4345903620123863	0.4380365170072764	79343616.0	79421440.0	2	2	1.0106492712003263	1.0079296627263719	1.0009808476588715	True
sc	r02	queue_ok_longest.yml	true	true	correct	correct	True	True	True	True	1.519910064	1.527310553	1.5294039490399882	1.5373598809819669	276955136.0	276967424.0	2	2	1.0048690308560257	1.0052019820839175	1.0000443681968765	True
sc	r02	race-1_1-join.yml	true	true	correct	correct	True	True	True	True	0.066312019	0.064245377	0.06999676791019738	0.0701041310094297	26009600.0	25993216.0	1	1	0.9688345788415823	1.001533829381523	0.9993700787401575	True
sc	r02	race-1_2-join.yml	false(unreach-call)	false(unreach-call)	correct	correct	True	True	True	True	0.065696161	0.067104	0.07029982295352966	0.07009926601313055	26091520.0	26038272.0	1	1	1.0214295474586406	0.9971471202632802	0.9979591836734694	True
sc	r02	race-1_3-join.yml	false(unreach-call)	false(unreach-call)	correct	correct	True	True	True	True	0.061213505	0.065961615	0.06906761799473315	0.075358608039096	26083328.0	26038272.0	1	1	1.077566380163985	1.0910845085875494	0.9982726130653267	True
sc	r02	race-2_1-container_of.yml	true	true	correct	correct	True	True	True	True	0.066512582	0.065040266	0.07191793294623494	0.07002087600994855	26095616.0	26066944.0	1	1	0.9778640979536773	0.9736219207286643	0.9989012713859676	True
sc	r02	race-3_1-container_of-global.yml	true	true	correct	correct	True	True	True	True	0.061076204	0.067187451	0.06825029791798443	0.07468568300828338	26202112.0	26157056.0	1	1	1.1000593782809422	1.0942909450451377	0.9982804439581053	True
sc	r02	race-4_1-thread_local_vars.yml	true	true	correct	correct	True	True	True	True	0.064821063	0.069998051	0.07400029199197888	0.07766252593137324	26083328.0	26189824.0	0	0	1.0798658300312047	1.049489452552313	1.0040829145728642	True
sc	r02	reorder_2.yml	false(unreach-call)	false(unreach-call)	correct	correct	True	True	True	True	0.138246205	0.140783366	0.14260324090719223	0.14625598501879722	25956352.0	26034176.0	162	162	1.0183524820807919	1.0256147341979571	1.002998264162853	True
sc	r02	singleton.yml	false(unreach-call)	false(unreach-call)	correct	correct	True	True	True	True	0.068313887	0.072566358	0.07602197804953903	0.07839280704502016	26107904.0	26046464.0	1	1	1.062248997776982	1.0311860998136118	0.997646689676812	True
sc	r02	singleton_with-uninit-problems.yml	true	true	correct	correct	True	True	True	True	0.06892944	0.070890561	0.07418364705517888	0.07905730500351638	26091520.0	26034176.0	4	4	1.0284511378592371	1.0656972006878065	0.9978021978021978	True
sc	r02	stateful01-1.yml	false(unreach-call)	false(unreach-call)	correct	correct	True	True	True	True	0.065562898	0.061414037	0.0698966410709545	0.066466114949435	25821184.0	25853952.0	0	0	0.936719377474742	0.9509200146250654	1.001269035532995	True
sc	r02	stateful01-2.yml	true	true	correct	correct	True	True	True	True	0.070793869	0.069246526	0.07814033492468297	0.07179039099719375	25825280.0	25903104.0	6	6	0.9781429801498772	0.9187366686665762	1.0030134813639968	True
sc	r02	szymanski.yml	true	true	correct	correct	True	True	True	True	0.060069428	0.065886959	0.06555446598213166	0.07364979293197393	25862144.0	25862144.0	6	6	1.0968467853564379	1.1234900906987608	1.0	True
sc	r02	time_var_mutex.yml	true	true	correct	correct	True	True	True	True	0.071289081	0.068800942	0.07334719004575163	0.07715775503311306	25923584.0	25935872.0	2	2	0.9650978948655545	1.051952433146853	1.0004740085321535	True
sc	r02	triangular-1.yml	true	true	correct	correct	True	True	True	True	6.064915074	6.024259501	6.079930996987969	6.036259310902096	25948160.0	25890816.0	16632	16632	0.9932965964891598	0.9928170753734693	0.9977900552486187	True
sc	r02	triangular-2.yml	false(unreach-call)	false(unreach-call)	correct	correct	True	True	True	True	1.475737355	1.498794925	1.4812192890094593	1.5035035200417042	25939968.0	25935872.0	3638	3638	1.0156244401633379	1.0150445185244292	0.9998420969524712	True
sc	r02	twostage_3.yml	false(unreach-call)	false(unreach-call)	correct	correct	True	True	True	True	0.077923589	0.076296687	0.08121728093829006	0.08846695604734123	26214400.0	26152960.0	4	4	0.9791218292063011	1.0892627163246154	0.99765625	True
sc	r02	unwind2-1.yml	false(unreach-call)	false(unreach-call)	correct	correct	True	True	True	True	0.065177367	0.06353934	0.0702597179915756	0.0702378440182656	25915392.0	25915392.0	1	1	0.9748681624404987	0.9996886697821272	1.0	True
sc	r02	unwind2-100.yml	false(unreach-call)	false(unreach-call)	correct	correct	True	True	True	True	0.064773413	0.06399702	0.06929683301132172	0.06883700401522219	25956352.0	25858048.0	1	1	0.9880137086492571	0.9933643577041334	0.9962127189521855	True
sc	r02	unwind3-1.yml	false(unreach-call)	false(unreach-call)	correct	correct	True	True	True	True	0.064603213	0.06460202	0.06818864308297634	0.07378160604275763	25890816.0	25894912.0	1	1	0.9999815334262089	1.0820219131355262	1.00015820281601	True
sc	r03	01b_inc.yml	true	true	correct	correct	True	True	True	True	0.075327057	0.064633128	0.08950390701647848	0.07077592797577381	25825280.0	25866240.0	0	0	0.8580333624344304	0.7907579717469018	1.0015860428231562	True
sc	r03	02_inc_cas.yml	true	true	correct	correct	True	True	True	True	0.067745115	0.071167681	0.07191850198432803	0.075003387988545	25866240.0	25870336.0	0	0	1.0505212220836884	1.042894191607178	1.0001583531274743	True
sc	r03	13-privatized_01-priv_nr_true.yml	true	true	correct	correct	True	True	True	True	0.06737424	0.062299507	0.07494059996679425	0.06603842205367982	25788416.0	25903104.0	2	2	0.9246784379311737	0.8812102129278531	1.0044472681067345	True
sc	r03	13-privatized_18-first-reads_true.yml	true	true	correct	correct	True	True	True	True	0.064419925	0.06703876	0.07224461494479328	0.07184336904902011	25837568.0	25882624.0	2	2	1.0406525620760967	0.9944460096288175	1.0017438173747621	True
sc	r03	13-privatized_18-first-reads_unknown_1_neg.yml	false(unreach-call)	false(unreach-call)	correct	correct	True	True	True	True	0.064973948	0.06573515	0.0729886619374156	0.07267435302492231	25784320.0	25886720.0	0	0	1.0117154955706247	0.9956937296266262	1.0039714058776807	True
sc	r03	13-privatized_18-first-reads_unknown_2_pos.yml	false(unreach-call)	false(unreach-call)	correct	correct	True	True	True	True	0.064254949	0.069255607	0.07258230703882873	0.07475495093967766	25841664.0	25821184.0	0	0	1.077825258253648	1.0299335194689616	0.9992074813758123	True
sc	r03	13-privatized_19-publish-precision_true.yml	true	true	correct	correct	True	True	True	True	0.071467507	0.070563416	0.07809097494464368	0.07270397595129907	25817088.0	25899008.0	3	3	0.9873496216959129	0.931016369085374	1.0031730921783277	True
sc	r03	13-privatized_19-publish-precision_unknown_1_neg.yml	false(unreach-call)	false(unreach-call)	correct	correct	True	True	True	True	0.065051119	0.06829541	0.07067029702011496	0.07297371700406075	25804800.0	25784320.0	0	0	1.049872946843543	1.0325938913669792	0.9992063492063492	True
sc	r03	13-privatized_19-publish-precision_unknown_1_pos.yml	false(unreach-call)	false(unreach-call)	correct	correct	True	True	True	True	0.070391631	0.075478608	0.07679922098759562	0.09647172898985445	25870336.0	25800704.0	0	0	1.0722667869423286	1.2561550462267876	0.997308423052565	True
sc	r03	13-privatized_19-publish-precision_unknown_2_neg.yml	false(unreach-call)	false(unreach-call)	correct	correct	True	True	True	True	0.065599843	0.069401298	0.07338766998145729	0.07400309096556157	25858048.0	25808896.0	0	0	1.057949147835613	1.0083858907669336	0.9980991604625377	True
sc	r03	13-privatized_19-publish-precision_unknown_2_pos.yml	false(unreach-call)	false(unreach-call)	correct	correct	True	True	True	True	0.066214196	0.072941326	0.08818557392805815	0.0938757659168914	25849856.0	25841664.0	0	0	1.101596491483488	1.0645252022000256	0.9996830930122009	True
sc	r03	13-privatized_20-publish-regression_true.yml	true	true	correct	correct	True	True	True	True	0.065921706	0.065747999	0.07294674299191684	0.07006031402852386	25903104.0	25858048.0	2	2	0.997364949869471	0.960431009733871	0.9982605945604048	True
sc	r03	13-privatized_24-multiple-protecting_true.yml	true	true	correct	correct	True	True	True	True	0.067432574	0.074437286	0.07195409398991615	0.07610485993791372	25886720.0	25944064.0	7	7	1.1038772745053453	1.0576863068914366	1.0022151898734177	True
sc	r03	13-privatized_25-struct_nr_true.yml	true	true	correct	correct	True	True	True	True	0.070902509	0.07195758	0.07290228898636997	0.07864490989595652	25849856.0	25808896.0	2	2	1.014880587653111	1.0787714760322575	0.9984154650610046	True
sc	r03	13-privatized_27-multiple-protecting2_true.yml	true	true	correct	correct	True	True	True	True	0.078811282	0.083259924	0.0831981449155137	0.0866931569762528	25948160.0	25960448.0	26	26	1.0564467660861043	1.0420082931450962	1.0004735595895817	True
sc	r03	13-privatized_29-multiple-protecting2-vesal_true.yml	true	true	correct	correct	True	True	True	True	0.065267657	0.071465617	0.06951418099924922	0.07696127297822386	25874432.0	25841664.0	4	4	1.0949621954408442	1.1071305433211545	0.9987335760645876	True
sc	r03	13-privatized_30-traces-oplus-vs-meet_true.yml	true	true	correct	correct	True	True	True	True	0.071694393	0.070211756	0.07582253694999963	0.08099481195677072	25784320.0	25759744.0	2	2	0.9793200425031844	1.0682155361034924	0.9990468625893566	True
sc	r03	13-privatized_31-traces-mine-vs-mutex_true.yml	true	true	correct	correct	True	True	True	True	0.06623315	0.072167646	0.0710334760369733	0.0750710170250386	25853952.0	25899008.0	4	4	1.089600086965515	1.0568399748023558	1.001742712294043	True
sc	r03	13-privatized_32-traces-mine-vs-oplus-vs-meet_true.yml	true	true	correct	correct	True	True	True	True	0.06656436	0.070115977	0.07294153806287795	0.08249861805234104	25829376.0	25890816.0	3	3	1.05335613532527	1.1310238342002685	1.0023786869647955	True
sc	r03	13-privatized_33-traces-v-matters_true.yml	true	true	correct	correct	True	True	True	True	0.067826603	0.070310309	0.0732712340541184	0.0743042939575389	25821184.0	25808896.0	1	1	1.0366184637022144	1.0140991197535651	0.9995241116751269	True
sc	r03	13-privatized_34-traces-minepp-L-needs-to-be-um_true.yml	true	true	correct	correct	True	True	True	True	0.063744221	0.070569615	0.07124435098376125	0.07590292394161224	25780224.0	25862144.0	1	1	1.107074710349037	1.0653886644137276	1.0031776294884016	True
sc	r03	13-privatized_35-traces-ex-2_true.yml	true	true	correct	correct	True	True	True	True	0.068387253	0.064021805	0.07643446302972734	0.06925217702519149	25866240.0	25862144.0	2	2	0.9361657646930197	0.9060334079701394	0.9998416468725257	True
sc	r03	13-privatized_36-traces-ex-3_true.yml	true	true	correct	correct	True	True	True	True	0.064565978	0.067679992	0.06781502196099609	0.07379256992135197	25747456.0	25780224.0	3	3	1.0482299516937543	1.0881448945602918	1.0012726694241172	True
sc	r03	13-privatized_37-traces-ex-4_true.yml	true	true	correct	correct	True	True	True	True	0.064297693	0.067997517	0.0704666239907965	0.07567363698035479	25735168.0	25800704.0	2	2	1.0575420956394188	1.07389332274863	1.0025465541938565	True
sc	r03	13-privatized_38-traces-ex-4-switch_true.yml	true	true	correct	correct	True	True	True	True	0.071774815	0.06970681	0.09135247499216348	0.08015855401754379	25858048.0	25845760.0	2	2	0.9711875955375153	0.8774645024606073	0.9995247901156344	True
sc	r03	13-privatized_40-traces-ex-6_true.yml	true	true	correct	correct	True	True	True	True	0.064590637	0.06487492	0.07150865998119116	0.07334435102529824	25821184.0	25792512.0	1	1	1.0044013035511632	1.0256708913939923	0.9988895939086294	True
sc	r03	13-privatized_41-traces-ex-7_unknown_1_neg.yml	false(unreach-call)	false(unreach-call)	correct	correct	True	True	True	True	0.066853454	0.05958131	0.0726671569282189	0.06683667399920523	25812992.0	25763840.0	0	0	0.891222613569076	0.9197645377158066	0.9980958425896541	True
sc	r03	13-privatized_41-traces-ex-7_unknown_1_pos.yml	false(unreach-call)	false(unreach-call)	correct	correct	True	True	True	True	0.065649117	0.065172872	0.06949403893668205	0.06702855206094682	25767936.0	25841664.0	0	0	0.992745599304862	0.9645223257496719	1.0028612303290414	True
sc	r03	13-privatized_42-traces-ex-mini_true.yml	true	true	correct	correct	True	True	True	True	0.068296667	0.069556871	0.07546637998893857	0.07631439005490392	25829376.0	25870336.0	2	2	1.0184519106913372	1.011236925185621	1.0015857913098636	True
sc	r03	13-privatized_44-traces-mine2_true.yml	true	true	correct	correct	True	True	True	True	0.06535752	0.067794571	0.07135530503001064	0.07589828304480761	25731072.0	25751552.0	1	1	1.0372879968517776	1.063666997329579	1.0007959248646927	True
sc	r03	13-privatized_45-traces-per-global-and-current-lock-mine-incomparable_true.yml	true	true	correct	correct	True	True	True	True	0.065665281	0.065233403	0.0690779039869085	0.07066934800241143	25849856.0	25829376.0	2	2	0.9934230388810792	1.023038394676893	0.9992077325305023	True
sc	r03	13-privatized_46-refine-protected1_true.yml	true	true	correct	correct	True	True	True	True	0.064725446	0.06773637	0.07159501395653933	0.07272338098846376	25804800.0	25759744.0	1	1	1.0465183971076846	1.0157604136037934	0.9982539682539683	True
sc	r03	13-privatized_47-refine-protected2_true.yml	true	true	correct	correct	True	True	True	True	0.064118166	0.06717849	0.07390551292337477	0.0744236649479717	25780224.0	25841664.0	2	2	1.047729437551286	1.0070110064067095	1.0023832221163012	True
sc	r03	13-privatized_57-singlethreaded-unlock_true.yml	true	true	correct	correct	True	True	True	True	0.063544553	0.077440437	0.07680934097152203	0.08056884096004069	25772032.0	25862144.0	1	1	1.218679388617306	1.0489458696164642	1.0034965034965035	True
sc	r03	13-privatized_58-singlethreaded-lock_true.yml	true	true	correct	correct	True	True	True	True	0.068110073	0.069752555	0.07393708697054535	0.0734162760199979	25845760.0	25739264.0	1	1	1.024115111431462	0.9929560255632611	0.9958795562599049	True
sc	r03	13-privatized_66-mine-W-init_true.yml	true	true	correct	correct	True	True	True	True	0.065120731	0.070767476	0.07181878399569541	0.07764977600891143	25690112.0	25755648.0	1	1	1.08671194124034	1.0811903472713422	1.0025510204081634	True
sc	r03	13-privatized_68-pfscan_protected_loop_minimal_interval_true.yml	true	true	correct	correct	True	True	True	True	0.071060873	0.071976426	0.07516422995831817	0.08019532600883394	25886720.0	25894912.0	0	0	1.0128840663131171	1.0669347115417231	1.0003164556962025	True
sc	r03	13-privatized_69-refine-protected-loop-interval_true.yml	true	true	correct	correct	True	True	True	True	0.07120364	0.068932835	0.07813648006413132	0.07844681199640036	25923584.0	25862144.0	0	0	0.968108301766595	1.0039716651174244	0.9976299573392321	True
sc	r03	14_spin2003.yml	true	true	correct	correct	True	True	True	True	0.064603836	0.070825902	0.07077259803190827	0.07713341095950454	25825280.0	25731072.0	0	0	1.096311092115335	1.0898767758211796	0.9963521015067407	True
sc	r03	28-race_reach_01-simple_racing.yml	false(unreach-call)	false(unreach-call)	correct	correct	True	True	True	True	12.213390637	12.174694715	12.290798014961183	12.200345348916017	2060939264.0	2061062144.0	0	0	0.9968316806405281	0.9926406189463808	1.0000596232999908	True
sc	r03	28-race_reach_06-cond_racing1.yml	false(unreach-call)	false(unreach-call)	correct	correct	True	True	True	True	11.78527009	11.681590804	11.817371780984104	11.706088136998005	2061045760.0	2061000704.0	0	0	0.9912026381060225	0.9905830462095497	0.9999781392529586	True
sc	r03	28-race_reach_11-ptr_racing.yml	false(unreach-call)	false(unreach-call)	correct	correct	True	True	True	True	12.174348122	12.136324616	12.195447120000608	12.1581412559608	2061062144.0	2060951552.0	0	0	0.996876752199053	0.9969410007134034	0.9999463422292618	True
sc	r03	28-race_reach_21-deref_read_racing.yml	false(unreach-call)	false(unreach-call)	correct	correct	True	True	True	True	3.392980451	3.405431637	3.405051787965931	3.420081184944138	56274944.0	56516608.0	0	0	1.0036696898729052	1.0044138526853905	1.0042943445665624	True
sc	r03	28-race_reach_24-sound_lock_racing.yml	false(unreach-call)	false(unreach-call)	correct	correct	True	True	True	True	11.800724051	11.794709013	11.82599207002204	11.815889501012862	2061070336.0	2060967936.0	0	0	0.9994902822933572	0.9991457317957462	0.9999503170764183	True
sc	r03	28-race_reach_37-indirect_racing.yml	false(unreach-call)	false(unreach-call)	correct	correct	True	True	True	True	12.19441008	12.040112004	12.222814665990882	12.072619938058779	2061078528.0	2061029376.0	0	0	0.9873468191583072	0.9877119360772106	0.9999761522914667	True
sc	r03	28-race_reach_45-escape_racing.yml	false(unreach-call)	false(unreach-call)	correct	correct	True	True	True	True	0.064404173	0.070960497	0.06940841302275658	0.0777895050123334	25960448.0	25894912.0	0	0	1.1017996768625538	1.1207503762811715	0.9974755443357526	True
sc	r03	28-race_reach_46-escape_racefree.yml	true	true	correct	correct	True	True	True	True	0.070195655	0.072112309	0.07274577906355262	0.08099541603587568	25841664.0	25935872.0	2	2	1.0273044535306353	1.1134036514354457	1.0036455856712634	True
sc	r03	29_conditionals_vs.yml	true	true	correct	correct	True	True	True	True	0.064102229	0.06836117	0.07257189298979938	0.07767825399059802	25694208.0	25731072.0	0	0	1.0664398269208393	1.0703627918527134	1.0014347202295553	True
sc	r03	36-apron_11-traces-max-simple_true.yml	true	true	correct	correct	True	True	True	True	0.067055346	0.065310909	0.06848397699650377	0.07204417407047004	25739264.0	25833472.0	2	2	0.9739851167123945	1.0519858400476365	1.0036600891152132	True
sc	r03	36-apron_16-traces-unprot2_true.yml	true	true	correct	correct	True	True	True	True	0.071637327	0.065024369	0.07696729409508407	0.07453389908187091	25817088.0	25833472.0	1	1	0.9076883759216755	0.9683840384175779	1.0006346184356656	True
sc	r03	36-apron_17-traces-rpb-litmus_unknown_1_neg.yml	false(unreach-call)	false(unreach-call)	correct	correct	True	True	True	True	0.066265285	0.068533633	0.0707461970159784	0.07761265500448644	25776128.0	25808896.0	0	0	1.034231317348141	1.0970576268143037	1.0012712537740347	True
sc	r03	36-apron_21-traces-cluster-based_true.yml	true	true	correct	correct	True	True	True	True	0.071275584	0.068372913	0.07632601691875607	0.07332244794815779	25894912.0	25915392.0	6	6	0.959275381033707	0.9606481630792371	1.00079088895919	True
sc	r03	36-apron_22-traces-write-centered-vs-meet-mutex_true_no-overflow.yml	true	true	correct	correct	True	True	True	True	0.07522043	0.066512176	0.07774554204661399	0.06985598907340318	25927680.0	25874432.0	1	1	0.8842302018214998	0.8985208313490121	0.9979462875197472	True
sc	r03	36-apron_41-threadenter-no-locals_unknown_1_pos.yml	false(unreach-call)	false(unreach-call)	correct	correct	True	True	True	True	0.067515793	0.057926815	0.07180551695637405	0.06419445399660617	25710592.0	25780224.0	0	0	0.8579742964731228	0.8940044820735427	1.0027083001433805	True
sc	r03	43_NetBSD_sysmon_power_sliced.yml	true	true	correct	correct	True	True	True	True	0.05979894	0.058481296	0.06769104895647615	0.06381424400024116	25817088.0	25800704.0	0	0	0.9779654288186379	0.942727952720489	0.9993653815643344	True
sc	r03	45_monabsex1_vs.yml	true	true	correct	correct	True	True	True	True	0.062510044	0.06619602	0.06694014498498291	0.0709468339337036	25767936.0	25833472.0	0	0	1.0589661399054526	1.0598547993826357	1.0025433158480368	True
sc	r03	46_monabsex2_vs.yml	true	true	correct	correct	True	True	True	True	0.066224467	0.065745477	0.07018018700182438	0.07077348104212433	25821184.0	25829376.0	0	0	0.992767174705989	1.0084538680451867	1.0003172588832487	True
sc	r03	48_ticket_lock_low_contention_vs-pthread.yml	true	true	correct	correct	True	True	True	True	0.068860301	0.070189636	0.07407426298595965	0.07496032502967864	25759744.0	25808896.0	0	0	1.019304809602851	1.0119618070838847	1.0019080934965814	True
sc	r03	48_ticket_lock_low_contention_vs.yml	true	true	correct	correct	True	True	True	True	0.068828722	0.070475754	0.07349560898728669	0.07586803496815264	25800704.0	25866240.0	0	0	1.0239294287637652	1.0322798329526917	1.0025400857278932	True
sc	r03	butterfly.yml	true	true	correct	correct	True	True	True	True	13.258627495	12.796543242	13.338542963028885	12.81745463295374	26062848.0	26009600.0	64560	64560	0.9651484097298715	0.9609336393398086	0.997956938550998	True
sc	r03	circular_buffer_bad.yml	false(unreach-call)	false(unreach-call)	correct	correct	True	True	True	True	0.075654206	0.078594581	0.0780286299996078	0.08330945996567607	25935872.0	25899008.0	1	1	1.0388659818860566	1.0676781069473449	0.9985786481364498	True
sc	r03	circular_buffer_ok.yml	true	true	correct	correct	True	True	True	True	2.891701696	2.920370122	2.952463729074225	2.9358122600242496	25948160.0	25985024.0	3432	3432	1.0099140329860636	0.9943601444156618	1.001420678768745	True
sc	r03	dekker-unfair.yml	true	true	correct	correct	True	True	True	True	0.065605993	0.066201223	0.06971971108578146	0.07918909704312682	25886720.0	25886720.0	4	4	1.0090727991877206	1.13582078597105	1.0	True
sc	r03	dekker.yml	true	true	correct	correct	True	True	True	True	0.059392583	0.065162085	0.06649291899520904	0.07521893107332289	25911296.0	25890816.0	4	4	1.097141792940711	1.1312322005105924	0.9992096111286753	True
sc	r03	exponential-nondet.yml	true	true	correct	correct	True	True	True	True	0.062958552	0.064912419	0.07002023700624704	0.06680594803765416	25956352.0	25890816.0	1	1	1.0310341794391966	0.9540948573437975	0.9974751459681237	True
sc	r03	fib_safe-5.yml	true	true	correct	correct	True	True	True	True	3.605119962	3.628110516	3.623078008997254	3.650153598980978	25821184.0	25858048.0	2772	2772	1.0063771952784744	1.007473090536965	1.0014276649746192	True
sc	r03	fib_safe-6.yml	true	true	correct	correct	True	True	True	True	17.94066831	17.955940136	18.0875198780559	18.00518782902509	25825280.0	25907200.0	12012	12012	1.0008512406414363	0.995448129451363	1.0031720856463124	True
sc	r03	fib_unsafe-5.yml	false(unreach-call)	false(unreach-call)	correct	correct	True	True	True	True	0.977908044	1.003834079	0.9858516310341656	1.0502534890547395	25825280.0	25849856.0	632	632	1.026511730994617	1.0653261160130312	1.0009516256938937	True
sc	r03	fib_unsafe-6.yml	false(unreach-call)	false(unreach-call)	correct	correct	True	True	True	True	4.967308603	4.985403289	5.007257304037921	5.028037590091117	25829376.0	25837568.0	2942	2942	1.003642754547014	1.0041500335995193	1.0003171582619728	True
sc	r03	fib_unsafe-7.yml	false(unreach-call)	false(unreach-call)	correct	correct	True	True	True	True	24.229858741	24.529864394	24.249353124992922	24.664125927025452	25874432.0	25882624.0	13238	13238	1.012381650929411	1.0171044893401728	1.000316605983853	True
sc	r03	lazy01.yml	false(unreach-call)	false(unreach-call)	correct	correct	True	True	True	True	0.06452782	0.066234893	0.07241564895957708	0.07214315596502274	25923584.0	25907200.0	1	1	1.0264548376188751	0.9962370979412689	0.9993679886237953	True
sc	r03	pthread-demo-datarace-3.yml	false(unreach-call)	false(unreach-call)	correct	correct	True	True	True	True	0.108696224	0.11731579	0.11703532701358199	0.12537059106398374	25886720.0	25837568.0	0	0	1.079299590020717	1.0712200688723195	0.9981012658227848	True
sc	r03	queue.yml	false(unreach-call)	false(unreach-call)	correct	correct	True	True	True	True	0.081503929	0.089325838	0.08880953502375633	0.09334377595223486	26050560.0	26095616.0	2	2	1.0959697169936433	1.051055789530546	1.0017295597484277	True
sc	r03	queue_longer.yml	TIMEOUT	TIMEOUT	error	error	False	False	False	True	61.041145795	61.045634284	61.0869862010004	61.080941310035996	1151848448.0	1146408960.0						True
sc	r03	queue_ok.yml	true	true	correct	correct	True	True	True	True	0.06827381	0.072698829	0.07526905799750239	0.07845998904667795	26030080.0	26013696.0	2	2	1.064812832329117	1.0423936626027848	0.9993705743509048	True
sc	r03	queue_ok_longer.yml	true	true	correct	correct	True	True	True	True	0.425193485	0.433732417	0.4314086460508406	0.4405426310840994	79319040.0	79355904.0	2	2	1.0200824619878641	1.021172466330641	1.0004647560030984	True
sc	r03	queue_ok_longest.yml	true	true	correct	correct	True	True	True	True	1.512390068	1.509719284	1.5295173400081694	1.5231759060407057	276840448.0	276951040.0	2	2	0.9982340640443825	0.9958539639913924	1.0003994791974906	True
sc	r03	race-1_1-join.yml	true	true	correct	correct	True	True	True	True	0.070479579	0.06055863	0.07520957197993994	0.06344815902411938	26091520.0	26054656.0	1	1	0.8592365456666533	0.8436181373435074	0.9985871271585557	True
sc	r03	race-1_2-join.yml	false(unreach-call)	false(unreach-call)	correct	correct	True	True	True	True	0.066957609	0.062304388	0.0701073050731793	0.06827384093776345	26091520.0	26030080.0	1	1	0.9305049706897389	0.9738477447749269	0.9976452119309263	True
sc	r03	race-1_3-join.yml	false(unreach-call)	false(unreach-call)	correct	correct	True	True	True	True	0.064828416	0.070099615	0.07021754106972367	0.07754922099411488	26095616.0	26124288.0	1	1	1.0813100076361577	1.1044137947968171	1.0010987286140323	True
sc	r03	race-2_1-container_of.yml	true	true	correct	correct	True	True	True	True	0.064244563	0.062487113	0.07136879197787493	0.07006075500976294	26157056.0	26120192.0	1	1	0.9726443777039933	0.9816721436378313	0.9985906670842468	True
sc	r03	race-3_1-container_of-global.yml	true	true	correct	correct	True	True	True	True	0.06851833	0.06597399	0.07560944696888328	0.0713604079792276	26091520.0	26091520.0	1	1	0.9628662870212977	0.9438028029565625	1.0	True
sc	r03	race-4_1-thread_local_vars.yml	true	true	correct	correct	True	True	True	True	0.066457242	0.064731767	0.07220843899995089	0.07207096600905061	26169344.0	26148864.0	0	0	0.9740363134539949	0.9980961644815453	0.9992174049146971	True
sc	r03	reorder_2.yml	false(unreach-call)	false(unreach-call)	correct	correct	True	True	True	True	0.134303488	0.133059006	0.14100041007623076	0.1405084499856457	25985024.0	25939968.0	162	162	0.9907338073006712	0.9965109314907731	0.998266078184111	True
sc	r03	singleton.yml	false(unreach-call)	false(unreach-call)	correct	correct	True	True	True	True	0.067916738	0.065203987	0.07550922106020153	0.07149894000031054	26116096.0	25997312.0	1	1	0.9600576959394016	0.9468901810456541	0.9954516938519448	True
sc	r03	singleton_with-uninit-problems.yml	true	true	correct	correct	True	True	True	True	0.066989357	0.068677594	0.07772240997292101	0.0764173959614709	26103808.0	26116096.0	4	4	1.0252015704524526	0.983209295595636	1.0004707359171505	True
sc	r03	stateful01-1.yml	false(unreach-call)	false(unreach-call)	correct	correct	True	True	True	True	0.071748199	0.06846146	0.074383515981026	0.07342448004055768	25841664.0	25858048.0	0	0	0.9541906410779734	0.987106875390067	1.0006340148993502	True
sc	r03	stateful01-2.yml	true	true	correct	correct	True	True	True	True	0.070187164	0.061017651	0.0739322790177539	0.0657941639656201	25837568.0	25927680.0	6	6	0.8693562686191453	0.8899247370667481	1.0034876347495245	True
sc	r03	szymanski.yml	true	true	correct	correct	True	True	True	True	0.065200694	0.063790576	0.0724825420184061	0.07159559894353151	25919488.0	25849856.0	6	6	0.9783726535180745	0.9877633558347146	0.9973135271807838	True
sc	r03	time_var_mutex.yml	true	true	correct	correct	True	True	True	True	0.069623008	0.071122411	0.07707016193307936	0.07545171503443271	25960448.0	25923584.0	2	2	1.0215360272856926	0.9790003438678128	0.9985799936888609	True
sc	r03	triangular-1.yml	true	true	correct	correct	True	True	True	True	6.024796768	6.071332943	6.038523300085217	6.110512711922638	25878528.0	25952256.0	16632	16632	1.0077241070183764	1.0119216914897728	1.002849002849003	True
sc	r03	triangular-2.yml	false(unreach-call)	false(unreach-call)	correct	correct	True	True	True	True	1.43519287	1.482166799	1.468635140103288	1.487219517934136	25821184.0	25882624.0	3638	3638	1.032730046241102	1.0126541830052773	1.0023794416243654	True
sc	r03	twostage_3.yml	false(unreach-call)	false(unreach-call)	correct	correct	True	True	True	True	0.075573681	0.077570073	0.08046662795823067	0.08381605800241232	26148864.0	26157056.0	4	4	1.0264164980927686	1.0416250827103168	1.0003132832080202	True
sc	r03	unwind2-1.yml	false(unreach-call)	false(unreach-call)	correct	correct	True	True	True	True	0.063030437	0.059919649	0.07116470695473254	0.06839872803539038	25886720.0	25882624.0	1	1	0.950646256823509	0.9611327153907683	0.9998417721518987	True
sc	r03	unwind2-100.yml	false(unreach-call)	false(unreach-call)	correct	correct	True	True	True	True	0.061718519	0.059328127	0.06707310897763819	0.064577147946693	25960448.0	25911296.0	1	1	0.9612694530145807	0.962787455822611	0.9981066582518144	True
sc	r03	unwind3-1.yml	false(unreach-call)	false(unreach-call)	correct	correct	True	True	True	True	0.064129931	0.064912858	0.0819086559349671	0.06964853894896805	25907200.0	25841664.0	1	1	1.0122084491249492	0.8503196414829075	0.9974703557312253	True
sc	r04	01b_inc.yml	true	true	correct	correct	True	True	True	True	0.0698242	0.068825409	0.07315098005346954	0.07834179501514882	25853952.0	25890816.0	0	0	0.9856956327462398	1.0709602927791955	1.001425855513308	True
sc	r04	02_inc_cas.yml	true	true	correct	correct	True	True	True	True	0.07266177	0.068747402	0.07788572204299271	0.07621985604055226	25866240.0	25882624.0	0	0	0.9461289203387145	0.9786114070879268	1.000633412509897	True
sc	r04	13-privatized_01-priv_nr_true.yml	true	true	correct	correct	True	True	True	True	0.072589951	0.068291427	0.07827469194307923	0.0729081790195778	25817088.0	25862144.0	2	2	0.9407834839287879	0.9314399994393601	1.0017452006980803	True
sc	r04	13-privatized_18-first-reads_true.yml	true	true	correct	correct	True	True	True	True	0.067143787	0.066789422	0.07203761592973024	0.07389718003105372	25796608.0	25890816.0	2	2	0.9947222964948343	1.0258137929375317	1.0036519530009527	True
sc	r04	13-privatized_18-first-reads_unknown_1_neg.yml	false(unreach-call)	false(unreach-call)	correct	correct	True	True	True	True	0.072325803	0.074839725	0.07365164393559098	0.07633504807017744	25837568.0	25899008.0	0	0	1.0347583005749692	1.0364337303446087	1.0023779327837667	True
sc	r04	13-privatized_18-first-reads_unknown_2_pos.yml	false(unreach-call)	false(unreach-call)	correct	correct	True	True	True	True	0.057716851	0.070946155	0.06455710798036307	0.0764298849971965	25812992.0	25772032.0	0	0	1.2292104259118364	1.1839112281864435	0.9984132021580451	True
sc	r04	13-privatized_19-publish-precision_true.yml	true	true	correct	correct	True	True	True	True	0.065726366	0.06946752	0.07525939994957298	0.07690727105364203	25796608.0	25759744.0	3	3	1.0569201406936146	1.0218958841709236	0.9985709749126707	True
sc	r04	13-privatized_19-publish-precision_unknown_1_neg.yml	false(unreach-call)	false(unreach-call)	correct	correct	True	True	True	True	0.068428307	0.077784483	0.06998368399217725	0.08250553999096155	25894912.0	25800704.0	0	0	1.1367296139593226	1.1789253620913125	0.9963619107877254	True
sc	r04	13-privatized_19-publish-precision_unknown_1_pos.yml	false(unreach-call)	false(unreach-call)	correct	correct	True	True	True	True	0.065994947	0.072693344	0.07989926601294428	0.0795011919690296	25788416.0	25899008.0	0	0	1.1014986344333302	0.9950178009914361	1.0042884371029226	True
sc	r04	13-privatized_19-publish-precision_unknown_2_neg.yml	false(unreach-call)	false(unreach-call)	correct	correct	True	True	True	True	0.068834267	0.060942658	0.07029916602186859	0.06565292493905872	25899008.0	25780224.0	0	0	0.8853534824450152	0.9339075931375271	0.9954135695081449	True
sc	r04	13-privatized_19-publish-precision_unknown_2_pos.yml	false(unreach-call)	false(unreach-call)	correct	correct	True	True	True	True	0.061620756	0.075457163	0.06760813808068633	0.08469614700879902	25874432.0	25890816.0	0	0	1.2245413379868302	1.2527507695555697	1.0006332119677062	True
sc	r04	13-privatized_20-publish-regression_true.yml	true	true	correct	correct	True	True	True	True	0.071579534	0.068055423	0.07310731092002243	0.07221736491192132	25833472.0	25903104.0	2	2	0.9507664998210243	0.9878268534719505	1.0026954177897573	True
sc	r04	13-privatized_24-multiple-protecting_true.yml	true	true	correct	correct	True	True	True	True	0.071268171	0.067038765	0.07406299596186727	0.07225099590141326	25870336.0	25919488.0	7	7	0.9406550506256152	0.9755343402339954	1.0018999366687777	True
sc	r04	13-privatized_25-struct_nr_true.yml	true	true	correct	correct	True	True	True	True	0.064911093	0.071728562	0.07265179709065706	0.07595460291486233	25866240.0	25874432.0	2	2	1.1050277954801961	1.0454607588038591	1.0003167062549485	True
sc	r04	13-privatized_27-multiple-protecting2_true.yml	true	true	correct	correct	True	True	True	True	0.077636705	0.08499094	0.08367672294843942	0.08726901898626238	25960448.0	25972736.0	26	26	1.0947262638207018	1.0429306491846781	1.0004733354370463	True
sc	r04	13-privatized_29-multiple-protecting2-vesal_true.yml	true	true	correct	correct	True	True	True	True	0.070424259	0.072377291	0.07544037303887308	0.08025994198396802	25911296.0	25894912.0	4	4	1.0277323755724572	1.0638858047879947	0.9993676889029403	True
sc	r04	13-privatized_30-traces-oplus-vs-meet_true.yml	true	true	correct	correct	True	True	True	True	0.074760987	0.073762773	0.07884158298838884	0.07560335099697113	25894912.0	25894912.0	2	2	0.9866479290863295	0.9589273595395135	1.0	True
sc	r04	13-privatized_31-traces-mine-vs-mutex_true.yml	true	true	correct	correct	True	True	True	True	0.067227136	0.058915004	0.0743190060602501	0.06287405302282423	25829376.0	25845760.0	4	4	0.8763574875478853	0.8460023398570817	1.0006343165239455	True
sc	r04	13-privatized_32-traces-mine-vs-oplus-vs-meet_true.yml	true	true	correct	correct	True	True	True	True	0.068118644	0.06984613	0.0720665289554745	0.07320424704812467	25825280.0	25882624.0	3	3	1.0253599587214333	1.015787052729473	1.0022204599524187	True
sc	r04	13-privatized_33-traces-v-matters_true.yml	true	true	correct	correct	True	True	True	True	0.065185358	0.071041818	0.06671181390993297	0.07247961300890893	25817088.0	25759744.0	1	1	1.0898431822680181	1.0864584360839447	0.9977788354751705	True
sc	r04	13-privatized_34-traces-minepp-L-needs-to-be-um_true.yml	true	true	correct	correct	True	True	True	True	0.06895137	0.067993736	0.07418169197626412	0.07522623392287642	25886720.0	25767936.0	1	1	0.9861114579739315	1.0140808590203971	0.9954113924050633	True
sc	r04	13-privatized_35-traces-ex-2_true.yml	true	true	correct	correct	True	True	True	True	0.065207419	0.064809964	0.07223128993064165	0.07098555599804968	25874432.0	25841664.0	2	2	0.9939047579846704	0.9827535416605717	0.9987335760645876	True
sc	r04	13-privatized_36-traces-ex-3_true.yml	true	true	correct	correct	True	True	True	True	0.065984415	0.064205655	0.07020817301236093	0.0667037699604407	25874432.0	25804800.0	3	3	0.9730427253162734	0.9500855398800472	0.9973088491372487	True
sc	r04	13-privatized_37-traces-ex-4_true.yml	true	true	correct	correct	True	True	True	True	0.071839118	0.068417781	0.07875510398298502	0.08023542794398963	25808896.0	25800704.0	2	2	0.9523750138469128	1.0187965463333581	0.999682590065069	True
sc	r04	13-privatized_38-traces-ex-4-switch_true.yml	true	true	correct	correct	True	True	True	True	0.068939927	0.069293215	0.07182821305468678	0.07591001503169537	25772032.0	25759744.0	2	2	1.005124577518047	1.0568272800257592	0.9995232040686586	True
sc	r04	13-privatized_40-traces-ex-6_true.yml	true	true	correct	correct	True	True	True	True	0.069446693	0.06617384	0.07815594202838838	0.07107510906644166	25767936.0	25837568.0	1	1	0.9528724427526015	0.9094012204551923	1.002702273088539	True
sc	r04	13-privatized_41-traces-ex-7_unknown_1_neg.yml	false(unreach-call)	false(unreach-call)	correct	correct	True	True	True	True	0.07086466	0.070362563	0.08066147391218692	0.07617419399321079	25772032.0	25825280.0	0	0	0.9929147052988049	0.9443689818529567	1.0020661157024793	True
sc	r04	13-privatized_41-traces-ex-7_unknown_1_pos.yml	false(unreach-call)	false(unreach-call)	correct	correct	True	True	True	True	0.064545004	0.067449537	0.06873977207578719	0.06980942003428936	25808896.0	25772032.0	0	0	1.0450001211557753	1.0155608307418136	0.9985716552928107	True
sc	r04	13-privatized_42-traces-ex-mini_true.yml	true	true	correct	correct	True	True	True	True	0.065524307	0.064867169	0.07980931596830487	0.07347844203468412	25755648.0	25780224.0	2	2	0.9899710805029956	0.9206750006962224	1.0009541984732824	True
sc	r04	13-privatized_44-traces-mine2_true.yml	true	true	correct	correct	True	True	True	True	0.069407489	0.066759382	0.07526236702688038	0.07330915296915919	25751552.0	25792512.0	1	1	0.96184695573701	0.9740479321222572	1.001590583744234	True
sc	r04	13-privatized_45-traces-per-global-and-current-lock-mine-incomparable_true.yml	true	true	correct	correct	True	True	True	True	0.062882245	0.066240997	0.06745060195680708	0.07063764298800379	25792512.0	25739264.0	2	2	1.053413360162316	1.0472500013155936	0.9979355248531047	True
sc	r04	13-privatized_46-refine-protected1_true.yml	true	true	correct	correct	True	True	True	True	0.066669813	0.063319223	0.07554935303051025	0.07376781199127436	25817088.0	25812992.0	1	1	0.9497435218544861	0.9764188445331038	0.9998413453910836	True
sc	r04	13-privatized_47-refine-protected2_true.yml	true	true	correct	correct	True	True	True	True	0.059840522	0.073052277	0.06874694104772061	0.07729227398522198	25821184.0	25759744.0	2	2	1.22078274985636	1.1243012824609846	0.9976205583756346	True
sc	r04	13-privatized_57-singlethreaded-unlock_true.yml	true	true	correct	correct	True	True	True	True	0.068783545	0.07134022	0.07101935509126633	0.07520259299781173	25825280.0	25755648.0	1	1	1.0371698638097235	1.0589027864470124	0.9973037272006344	True
sc	r04	13-privatized_58-singlethreaded-lock_true.yml	true	true	correct	correct	True	True	True	True	0.066503874	0.061813244	0.07193065097089857	0.06812525901477784	25747456.0	25784320.0	1	1	0.9294683193944461	0.9470963781815307	1.0014317531021317	True
sc	r04	13-privatized_66-mine-W-init_true.yml	true	true	correct	correct	True	True	True	True	0.064768682	0.06417375	0.07054742705076933	0.06956308404915035	25702400.0	25722880.0	1	1	0.99081451124789	0.9860470743899618	1.000796812749004	True
sc	r04	13-privatized_68-pfscan_protected_loop_minimal_interval_true.yml	true	true	correct	correct	True	True	True	True	0.062060773	0.073844311	0.06971799198072404	0.07793041097465903	25952256.0	25907200.0	0	0	1.189870951172329	1.1177948297220837	0.9982638888888888	True
sc	r04	13-privatized_69-refine-protected-loop-interval_true.yml	true	true	correct	correct	True	True	True	True	0.071168755	0.07012839	0.07358982204459608	0.07673456205520779	25866240.0	25886720.0	0	0	0.9853817170189362	1.0427333552825548	1.0007917656373713	True
sc	r04	14_spin2003.yml	true	true	correct	correct	True	True	True	True	0.065984126	0.070113315	0.07029302802402526	0.07597776700276881	25751552.0	25755648.0	0	0	1.0625785207793763	1.0808720173044841	1.0001590583744233	True
sc	r04	28-race_reach_01-simple_racing.yml	false(unreach-call)	false(unreach-call)	correct	correct	True	True	True	True	12.221461058	12.221513606	12.24699941498693	12.271067979978397	2061058048.0	2060984320.0	0	0	1.000004299649588	1.001965262198185	0.9999642280817508	True
sc	r04	28-race_reach_06-cond_racing1.yml	false(unreach-call)	false(unreach-call)	correct	correct	True	True	True	True	11.703252743	11.762068416	11.723802175954916	11.846801656065509	2061033472.0	2061017088.0	0	0	1.0050255834246746	1.010491432580026	0.9999920505900449	True
sc	r04	28-race_reach_11-ptr_racing.yml	false(unreach-call)	false(unreach-call)	correct	correct	True	True	True	True	12.206558044	12.210309998	12.228419445920736	12.23562780302018	2060972032.0	2061037568.0	0	0	1.000307371986966	1.0005894757806864	1.0000317985877452	True
sc	r04	28-race_reach_21-deref_read_racing.yml	false(unreach-call)	false(unreach-call)	correct	correct	True	True	True	True	3.382752075	3.272486839	3.396109488909133	3.2865881259785965	56385536.0	56401920.0	0	0	0.9674036897900654	0.9677509328576696	1.0002905709719598	True
sc	r04	28-race_reach_24-sound_lock_racing.yml	false(unreach-call)	false(unreach-call)	correct	correct	True	True	True	True	11.798967768	11.801624652	11.829737353953533	11.83048363099806	2060976128.0	2061074432.0	0	0	1.0002251793590966	1.0000630848363068	1.0000476977868227	True
sc	r04	28-race_reach_37-indirect_racing.yml	false(unreach-call)	false(unreach-call)	correct	correct	True	True	True	True	12.147033462	12.170643239	12.166768115013838	12.19392682693433	2061045760.0	2061103104.0	0	0	1.0019436660871859	1.0022322042849636	1.0000278227689616	True
sc	r04	28-race_reach_45-escape_racing.yml	false(unreach-call)	false(unreach-call)	correct	correct	True	True	True	True	0.067470599	0.070290593	0.0770517160417512	0.07739929400850087	25829376.0	25894912.0	0	0	1.041795893941893	1.0045109698343555	1.0025372660957819	True
sc	r04	28-race_reach_46-escape_racefree.yml	true	true	correct	correct	True	True	True	True	0.066389219	0.07351074	0.07416093803476542	0.07931918103713542	25862144.0	25845760.0	2	2	1.107269239000989	1.0695547162571204	0.9993664871713652	True
sc	r04	29_conditionals_vs.yml	true	true	correct	correct	True	True	True	True	0.062140876	0.071420507	0.06488283595535904	0.07507872697897255	25808896.0	25747456.0	0	0	1.1493321561800962	1.1571431161028247	0.9976194254880177	True
sc	r04	36-apron_11-traces-max-simple_true.yml	true	true	correct	correct	True	True	True	True	0.065239073	0.069401868	0.07104238693136722	0.07550816098228097	25841664.0	25792512.0	2	2	1.0638083100904885	1.0628606982930917	0.9980979553019496	True
sc	r04	36-apron_16-traces-unprot2_true.yml	true	true	correct	correct	True	True	True	True	0.068209288	0.070566564	0.06979457102715969	0.07451301102992147	25817088.0	25800704.0	1	1	1.0345594576504007	1.0676046851971575	0.9993653815643344	True
sc	r04	36-apron_17-traces-rpb-litmus_unknown_1_neg.yml	false(unreach-call)	false(unreach-call)	correct	correct	True	True	True	True	0.066798376	0.06832682	0.07211506692692637	0.07291034597437829	25800704.0	25792512.0	0	0	1.0228814544832645	1.0110279180390662	0.9996824892840134	True
sc	r04	36-apron_21-traces-cluster-based_true.yml	true	true	correct	correct	True	True	True	True	0.069763753	0.059713817	0.0725407360587269	0.06728924391791224	25931776.0	25931776.0	6	6	0.8559433005274244	0.9276063019740631	1.0	True
sc	r04	36-apron_22-traces-write-centered-vs-meet-mutex_true_no-overflow.yml	true	true	correct	correct	True	True	True	True	0.066937267	0.069427404	0.07114274799823761	0.07533240597695112	25903104.0	25825280.0	1	1	1.0372010557287916	1.0588908651492812	0.9969955724225174	True
sc	r04	36-apron_41-threadenter-no-locals_unknown_1_pos.yml	false(unreach-call)	false(unreach-call)	correct	correct	True	True	True	True	0.067416436	0.065991693	0.07507709704805166	0.0674380799755454	25694208.0	25726976.0	0	0	0.9788665333777065	0.8982510329665911	1.0012753068707159	True
sc	r04	43_NetBSD_sysmon_power_sliced.yml	true	true	correct	correct	True	True	True	True	0.060819349	0.061802982	0.06703347200527787	0.07123561506159604	25763840.0	25731072.0	0	0	1.0161730274357261	1.062687235654261	0.9987281399046105	True
sc	r04	45_monabsex1_vs.yml	true	true	correct	correct	True	True	True	True	0.063628546	0.058579325	0.07068475894629955	0.0651823659427464	25812992.0	25870336.0	0	0	0.9206453499660358	0.9221558779349673	1.002221516978737	True
sc	r04	46_monabsex2_vs.yml	true	true	correct	correct	True	True	True	True	0.06972545	0.066244548	0.07605755690019578	0.06986449495889246	25751552.0	25845760.0	0	0	0.9500770235258432	0.9185740090306875	1.0036583426117385	True
sc	r04	48_ticket_lock_low_contention_vs-pthread.yml	true	true	correct	correct	True	True	True	True	0.065931888	0.068653504	0.07316816097591072	0.078399992082268	25829376.0	25747456.0	0	0	1.041279206201406	1.0715042039676215	0.9968284173802727	True
sc	r04	48_ticket_lock_low_contention_vs.yml	true	true	correct	correct	True	True	True	True	0.064993591	0.066046153	0.07006397296208888	0.0710913969669491	25792512.0	25886720.0	0	0	1.0161948583514948	1.0146640842850312	1.0036525329521995	True
sc	r04	butterfly.yml	true	true	correct	correct	True	True	True	True	13.159793474	12.730951963	13.169904661015607	12.82020586496219	25960448.0	26030080.0	64560	64560	0.9674127476356473	0.973447127746599	1.0026822341432629	True
sc	r04	circular_buffer_bad.yml	false(unreach-call)	false(unreach-call)	correct	correct	True	True	True	True	0.071816799	0.076116576	0.07810465199872851	0.07850839698221534	25964544.0	26005504.0	1	1	1.0598714654491912	1.0051692821509965	1.0015775358889414	True
sc	r04	circular_buffer_ok.yml	true	true	correct	correct	True	True	True	True	2.891479473	2.918626924	2.9076106210704893	2.9481693980051205	25935872.0	25886720.0	3432	3432	1.0093887752804391	1.0139491775964482	0.998104864181933	True
sc	r04	dekker-unfair.yml	true	true	correct	correct	True	True	True	True	0.066002052	0.064048598	0.07410048099700361	0.07291293900925666	25874432.0	25853952.0	4	4	0.9704031323147346	0.9839738963665435	0.9992084850403673	True
sc	r04	dekker.yml	true	true	correct	correct	True	True	True	True	0.064928758	0.06627166	0.06895538105163723	0.07131723500788212	25825280.0	25853952.0	4	4	1.0206826996444318	1.0342519165324633	1.0011102299762094	True
sc	r04	exponential-nondet.yml	true	true	correct	correct	True	True	True	True	0.064299026	0.063968317	0.08766054396983236	0.07295781397260725	25935872.0	25903104.0	1	1	0.9948567028060425	0.8322765370668368	0.9987365761212887	True
sc	r04	fib_safe-5.yml	true	true	correct	correct	True	True	True	True	3.610129647	3.577944977	3.6186206799466163	3.610714417998679	25825280.0	25890816.0	2772	2772	0.9910848991180289	0.9978151172374182	1.00253766851705	True
sc	r04	fib_safe-6.yml	true	true	correct	correct	True	True	True	True	18.038068619	17.965837218	18.136248796014115	17.998516230960377	25862144.0	25927680.0	12012	12012	0.9959956133594083	0.9924056751424799	1.002534051314539	True
sc	r04	fib_unsafe-5.yml	false(unreach-call)	false(unreach-call)	correct	correct	True	True	True	True	0.974798079	0.985512257	0.9835738469846547	0.9982672150945291	25894912.0	25894912.0	632	632	1.0109911767686197	1.0149387543750985	1.0	True
sc	r04	fib_unsafe-6.yml	false(unreach-call)	false(unreach-call)	correct	correct	True	True	True	True	4.974979292	4.95983628	4.983721701079048	4.978048482909799	25878528.0	25853952.0	2942	2942	0.9969561658227701	0.9988616502867683	0.9990503323836657	True
sc	r04	fib_unsafe-7.yml	false(unreach-call)	false(unreach-call)	correct	correct	True	True	True	True	24.328388283	24.418896672	24.35184306104202	24.448628870071843	25825280.0	25890816.0	13238	13238	1.003720278875327	1.003974475721908	1.00253766851705	True
sc	r04	lazy01.yml	false(unreach-call)	false(unreach-call)	correct	correct	True	True	True	True	0.059360877	0.060027221	0.06763795798178762	0.06768099498003721	25890816.0	25976832.0	1	1	1.0112253058525398	1.000636284706602	1.0033222591362125	True
sc	r04	pthread-demo-datarace-3.yml	false(unreach-call)	false(unreach-call)	correct	correct	True	True	True	True	0.112706423	0.119135691	0.11977881495840847	0.12594741606153548	25874432.0	25944064.0	0	0	1.0570443798043347	1.051499934318677	1.0026911508627514	True
sc	r04	queue.yml	false(unreach-call)	false(unreach-call)	correct	correct	True	True	True	True	0.088031092	0.089531841	0.09368646796792746	0.09827574901282787	26079232.0	26099712.0	2	2	1.0170479425610215	1.048985527413324	1.0007852991989947	True
sc	r04	queue_longer.yml	TIMEOUT	TIMEOUT	error	error	False	False	False	True	61.050976395	60.985209865	61.081805327907205	61.08264088095166	1151815680.0	1147998208.0						True
sc	r04	queue_ok.yml	true	true	correct	correct	True	True	True	True	0.061773813	0.066282201	0.06914863106794655	0.07409283600281924	26075136.0	26009600.0	2	2	1.072982187452149	1.071501125308098	0.9974866478165253	True
sc	r04	queue_ok_longer.yml	true	true	correct	correct	True	True	True	True	0.427536251	0.426892917	0.43140424008015543	0.4326703199185431	79376384.0	79413248.0	2	2	0.9984952527452462	1.0029347876556625	1.000464420248723	True
sc	r04	queue_ok_longest.yml	true	true	correct	correct	True	True	True	True	1.506847798	1.542700293	1.5146173810353503	1.566212180070579	276873216.0	276914176.0	2	2	1.0237930433634945	1.0340645760977336	1.0001479377477958	True
sc	r04	race-1_1-join.yml	true	true	correct	correct	True	True	True	True	0.068138731	0.063972769	0.07156013092026114	0.07533155602868646	26087424.0	26001408.0	1	1	0.9388605872334195	1.052702881617528	0.9967027790861988	True
sc	r04	race-1_2-join.yml	false(unreach-call)	false(unreach-call)	correct	correct	True	True	True	True	0.066029866	0.062947909	0.07102692499756813	0.07223147095646709	26083328.0	26030080.0	1	1	0.9533248030520006	1.0169590047568609	0.9979585427135679	True
sc	r04	race-1_3-join.yml	false(unreach-call)	false(unreach-call)	correct	correct	True	True	True	True	0.066873409	0.067109118	0.06902964995242655	0.07450526708271354	26042368.0	26030080.0	1	1	1.0035247044157716	1.0793226842966848	0.9995281535073922	True
sc	r04	race-2_1-container_of.yml	true	true	correct	correct	True	True	True	True	0.0648473	0.064003955	0.0804736380232498	0.07468274398706853	26095616.0	26169344.0	1	1	0.9869949095798901	0.9280398627621606	1.0028253021503688	True
sc	r04	race-3_1-container_of-global.yml	true	true	correct	correct	True	True	True	True	0.064522873	0.066946788	0.07111438200809062	0.07459098496474326	26095616.0	26169344.0	1	1	1.037566755590688	1.0488874804010406	1.0028253021503688	True
sc	r04	race-4_1-thread_local_vars.yml	true	true	correct	correct	True	True	True	True	0.064232892	0.066593156	0.07154314604122192	0.07370327902026474	26087424.0	26165248.0	0	0	1.0367454107468803	1.0301934300987854	1.0029831998743917	True
sc	r04	reorder_2.yml	false(unreach-call)	false(unreach-call)	correct	correct	True	True	True	True	0.133851262	0.136148006	0.14125367696397007	0.14241867093369365	25968640.0	25989120.0	162	162	1.0171589267496035	1.0082475302219618	1.000788643533123	True
sc	r04	singleton.yml	false(unreach-call)	false(unreach-call)	correct	correct	True	True	True	True	0.071923205	0.068648462	0.0794718919787556	0.0747036860557273	26091520.0	26054656.0	1	1	0.9544688949831975	0.9400013538836735	0.9985871271585557	True
sc	r04	singleton_with-uninit-problems.yml	true	true	correct	correct	True	True	True	True	0.071193408	0.071848703	0.0786827050615102	0.08053138700779527	26091520.0	26124288.0	4	4	1.009204433646441	1.0234954040387891	1.0012558869701726	True
sc	r04	stateful01-1.yml	false(unreach-call)	false(unreach-call)	correct	correct	True	True	True	True	0.06554503	0.068783193	0.07477300695609301	0.07442749303299934	25886720.0	25886720.0	0	0	1.049403638994444	0.9953791623854774	1.0	True
sc	r04	stateful01-2.yml	true	true	correct	correct	True	True	True	True	0.070502164	0.072509097	0.07417885295581073	0.07614664197899401	25882624.0	25845760.0	6	6	1.0284662609788826	1.0265276280876914	0.9985757240069632	True
sc	r04	szymanski.yml	true	true	correct	correct	True	True	True	True	0.063475753	0.068834766	0.07027229596860707	0.07573664397932589	25849856.0	25886720.0	6	6	1.0844261430029827	1.07775963394109	1.001426081445096	True
sc	r04	time_var_mutex.yml	true	true	correct	correct	True	True	True	True	0.070837898	0.072694803	0.07595361792482436	0.0819285799516365	25907200.0	25862144.0	2	2	1.0262134401560024	1.0786659304725406	0.9982608695652174	True
sc	r04	triangular-1.yml	true	true	correct	correct	True	True	True	True	6.001051273	6.009622501	6.0121325850486755	6.0229184470372275	25849856.0	25919488.0	16632	16632	1.0014282877466094	1.0017940159894967	1.0026937093962922	True
sc	r04	triangular-2.yml	false(unreach-call)	false(unreach-call)	correct	correct	True	True	True	True	1.47710663	1.45986129	1.483570066979155	1.471004834980704	25927680.0	25899008.0	3638	3638	0.988324918695951	0.9915304087901717	0.9988941548183254	True
sc	r04	twostage_3.yml	false(unreach-call)	false(unreach-call)	correct	correct	True	True	True	True	0.075010977	0.077365631	0.07963218400254846	0.084506198996678	26099712.0	26165248.0	4	4	1.031390792310304	1.0612065969956765	1.002510985561833	True
sc	r04	unwind2-1.yml	false(unreach-call)	false(unreach-call)	correct	correct	True	True	True	True	0.061371164	0.064154106	0.06823673495091498	0.07090464804787189	25870336.0	25899008.0	1	1	1.045346084685635	1.0390979008429408	1.0011082963901203	True
sc	r04	unwind2-100.yml	false(unreach-call)	false(unreach-call)	correct	correct	True	True	True	True	0.06314354	0.061539047	0.07028463296592236	0.06926018698140979	25952256.0	25927680.0	1	1	0.9745897521741733	0.9854243247594496	0.9990530303030303	True
sc	r04	unwind3-1.yml	false(unreach-call)	false(unreach-call)	correct	correct	True	True	True	True	0.062080594	0.06396196	0.06889719504397362	0.0766481680329889	25919488.0	25882624.0	1	1	1.0303052190512223	1.1125005594795	0.9985777496839444	True
tso	r01	01b_inc.yml	true	true	correct	correct	True	True	True	True	0.065309139	0.070889765	0.06966621894389391	0.07668361300602555	25964544.0	25976832.0	0	0	1.08544938863763	1.1007287917804631	1.0004732607666824	True
tso	r01	02_inc_cas.yml	true	true	correct	correct	True	True	True	True	0.073492836	0.077214122	0.08028209302574396	0.07962728897109628	25952256.0	26034176.0	0	0	1.050634676827548	0.9918437097244375	1.0031565656565657	True
tso	r01	13-privatized_01-priv_nr_true.yml	true	true	correct	correct	True	True	True	True	0.072680302	0.069155066	0.08048183494247496	0.07364702294580638	25956352.0	25952256.0	2	2	0.9514966792515529	0.9150763398777648	0.9998421966230078	True
tso	r01	13-privatized_18-first-reads_true.yml	true	true	correct	correct	True	True	True	True	0.070831449	0.063769789	0.07305824803188443	0.0685730678960681	25968640.0	26021888.0	2	2	0.9003033243044342	0.9386081618894161	1.00205047318612	True
tso	r01	13-privatized_18-first-reads_unknown_1_neg.yml	false(unreach-call)	false(unreach-call)	correct	correct	True	True	True	True	0.067296394	0.060824274	0.07242639397736639	0.0650874930433929	25948160.0	25993216.0	0	0	0.9038266448570781	0.8986709053019134	1.0017363851617995	True
tso	r01	13-privatized_18-first-reads_unknown_2_pos.yml	false(unreach-call)	false(unreach-call)	correct	correct	True	True	True	True	0.066176138	0.072452758	0.07156587298959494	0.07693118904717267	26058752.0	26042368.0	0	0	1.0948471789030665	1.0749703152277315	0.9993712668972021	True
tso	r01	13-privatized_19-publish-precision_true.yml	true	true	correct	correct	True	True	True	True	0.070360535	0.073825321	0.07354808493983	0.07811609900090843	25997312.0	25997312.0	3	3	1.049243315162399	1.0621092182728558	1.0	True
tso	r01	13-privatized_19-publish-precision_unknown_1_neg.yml	false(unreach-call)	false(unreach-call)	correct	correct	True	True	True	True	0.067577487	0.062258731	0.07434969395399094	0.06828069593757391	26062848.0	26030080.0	0	0	0.9212939658439798	0.9183722528814625	0.9987427314159988	True
tso	r01	13-privatized_19-publish-precision_unknown_1_pos.yml	false(unreach-call)	false(unreach-call)	correct	correct	True	True	True	True	0.068276246	0.062773942	0.07813356909900904	0.07084947498515248	26017792.0	25960448.0	0	0	0.919411152159713	0.9067738208064409	0.9977959697732998	True
tso	r01	13-privatized_19-publish-precision_unknown_2_neg.yml	false(unreach-call)	false(unreach-call)	correct	correct	True	True	True	True	0.071584867	0.068111625	0.07454684399999678	0.07239286496769637	25976832.0	26066944.0	0	0	0.9514807787517437	0.9711056978843999	1.0034689372437717	True
tso	r01	13-privatized_19-publish-precision_unknown_2_pos.yml	false(unreach-call)	false(unreach-call)	correct	correct	True	True	True	True	0.06858978	0.072880323	0.07551704905927181	0.07674674596637487	26030080.0	25927680.0	0	0	1.0625536778219729	1.0162836991437245	0.996066089693155	True
tso	r01	13-privatized_20-publish-regression_true.yml	true	true	correct	correct	True	True	True	True	0.069288317	0.06936524	0.08223983296193182	0.07587653200607747	26062848.0	26079232.0	2	2	1.0011101871618557	0.9226250744113272	1.0006286342920006	True
tso	r01	13-privatized_24-multiple-protecting_true.yml	true	true	correct	correct	True	True	True	True	0.076972962	0.071897914	0.08176334097515792	0.07614275300875306	25993216.0	26017792.0	7	7	0.9340671338592893	0.9312578485740626	1.0009454774661204	True
tso	r01	13-privatized_25-struct_nr_true.yml	true	true	correct	correct	True	True	True	True	0.068496977	0.076605023	0.0745939650805667	0.08262960310094059	26071040.0	26058752.0	2	2	1.1183708589066639	1.107725041988247	0.999528672427337	True
tso	r01	13-privatized_27-multiple-protecting2_true.yml	true	true	correct	correct	True	True	True	True	0.085795184	0.081131787	0.092037686961703	0.08884572796523571	26017792.0	26128384.0	26	26	0.9456450026379103	0.9653190002721878	1.004250629722922	True
tso	r01	13-privatized_29-multiple-protecting2-vesal_true.yml	true	true	correct	correct	True	True	True	True	0.070829936	0.068267501	0.07636682398151606	0.07515672303270549	26058752.0	25989120.0	4	4	0.9638227119109637	0.9841541014052978	0.997327884313109	True
tso	r01	13-privatized_30-traces-oplus-vs-meet_true.yml	true	true	correct	correct	True	True	True	True	0.074988104	0.06108428	0.0816421479685232	0.06617561599705368	26087424.0	25960448.0	2	2	0.8145862709103833	0.8105570179580212	0.9951326738891506	True
tso	r01	13-privatized_31-traces-mine-vs-mutex_true.yml	true	true	correct	correct	True	True	True	True	0.06968124	0.073263658	0.07114330306649208	0.076268021017313	26066944.0	25989120.0	4	4	1.051411513342759	1.0720337365560781	0.9970144563167819	True
tso	r01	13-privatized_32-traces-mine-vs-oplus-vs-meet_true.yml	true	true	correct	correct	True	True	True	True	0.068119854	0.071899506	0.0759019119432196	0.0783214180264622	26066944.0	26009600.0	3	3	1.0554853215040656	1.0318767475192532	0.9978001257071024	True
tso	r01	13-privatized_33-traces-v-matters_true.yml	true	true	correct	correct	True	True	True	True	0.070129756	0.0696533	0.07458588003646582	0.07668842398561537	25919488.0	26017792.0	1	1	0.9932060793138935	1.0281895708426527	1.0037926675094817	True
tso	r01	13-privatized_34-traces-minepp-L-needs-to-be-um_true.yml	true	true	correct	correct	True	True	True	True	0.069264233	0.061361218	0.07583979004994035	0.06584048306103796	26046464.0	26054656.0	1	1	0.8859004906616089	0.8681522327221916	1.0003145148608272	True
tso	r01	13-privatized_35-traces-ex-2_true.yml	true	true	correct	correct	True	True	True	True	0.068665493	0.067445751	0.0833350180182606	0.07613474293611944	25960448.0	25931776.0	2	2	0.9822364633717842	0.9135984457270602	0.9988955506468917	True
tso	r01	13-privatized_36-traces-ex-3_true.yml	true	true	correct	correct	True	True	True	True	0.0716604	0.068650913	0.07446655607782304	0.07321920699905604	25976832.0	25944064.0	3	3	0.9580034858862077	0.9832495398677571	0.9987385682749921	True
tso	r01	13-privatized_37-traces-ex-4_true.yml	true	true	correct	correct	True	True	True	True	0.066695058	0.073436474	0.08058120193891227	0.07860923395492136	25952256.0	25944064.0	2	2	1.1010781938295937	0.9755281885037427	0.9996843434343434	True
tso	r01	13-privatized_38-traces-ex-4-switch_true.yml	true	true	correct	correct	True	True	True	True	0.070141746	0.073304975	0.07533467398025095	0.08025885000824928	26009600.0	26021888.0	2	2	1.0450976655186197	1.0653640052824707	1.000472440944882	True
tso	r01	13-privatized_40-traces-ex-6_true.yml	true	true	correct	correct	True	True	True	True	0.070241026	0.073531278	0.07452115300111473	0.08090298797469586	26042368.0	26001408.0	1	1	1.0468423112156706	1.0856378989933995	0.9984271783579742	True
tso	r01	13-privatized_41-traces-ex-7_unknown_1_neg.yml	false(unreach-call)	false(unreach-call)	correct	correct	True	True	True	True	0.069868418	0.071009857	0.0758365229703486	0.07717439089901745	25907200.0	25960448.0	0	0	1.0163369807514462	1.017641472423412	1.0020553359683795	True
tso	r01	13-privatized_41-traces-ex-7_unknown_1_pos.yml	false(unreach-call)	false(unreach-call)	correct	correct	True	True	True	True	0.06437706	0.067555489	0.0705063339555636	0.07024253997951746	25931776.0	26030080.0	0	0	1.0493720744625492	0.996258577616411	1.0037908703206444	True
tso	r01	13-privatized_42-traces-ex-mini_true.yml	true	true	correct	correct	True	True	True	True	0.068359489	0.062062091	0.07389741099905223	0.06658871204126626	26005504.0	26017792.0	2	2	0.9078782171704064	0.9010966844578668	1.000472515356749	True
tso	r01	13-privatized_44-traces-mine2_true.yml	true	true	correct	correct	True	True	True	True	0.068318299	0.062474771	0.07288853800855577	0.07160685199778527	25956352.0	25939968.0	1	1	0.9144661373960731	0.9824158084962542	0.999368786492031	True
tso	r01	13-privatized_45-traces-per-global-and-current-lock-mine-incomparable_true.yml	true	true	correct	correct	True	True	True	True	0.064559308	0.071025365	0.07087254198268056	0.07324033207260072	26021888.0	26058752.0	2	2	1.100156851123621	1.0334091317127978	1.0014166535495042	True
tso	r01	13-privatized_46-refine-protected1_true.yml	true	true	correct	correct	True	True	True	True	0.068038114	0.059638878	0.07388545200228691	0.06638814904727042	25919488.0	25968640.0	1	1	0.8765510166845601	0.8985280220687499	1.0018963337547409	True
tso	r01	13-privatized_47-refine-protected2_true.yml	true	true	correct	correct	True	True	True	True	0.06758799	0.057845803	0.07341243897099048	0.06628104893025011	25976832.0	25927680.0	2	2	0.8558591992453097	0.9028585599293548	0.9981078524124882	True
tso	r01	13-privatized_57-singlethreaded-unlock_true.yml	true	true	correct	correct	True	True	True	True	0.066595879	0.072182972	0.07086252607405186	0.0766822180012241	25935872.0	25935872.0	1	1	1.0838954764753537	1.0821265095897177	1.0	True
tso	r01	13-privatized_58-singlethreaded-lock_true.yml	true	true	correct	correct	True	True	True	True	0.070819626	0.067194592	0.07807254896033555	0.07195789704564959	25919488.0	25915392.0	1	1	0.9488131439722656	0.9216798734495977	0.9998419721871049	True
tso	r01	13-privatized_66-mine-W-init_true.yml	true	true	correct	correct	True	True	True	True	0.067206437	0.077869084	0.07442244002595544	0.0801658860873431	25935872.0	25935872.0	1	1	1.1586551448933382	1.077173579089648	1.0	True
tso	r01	13-privatized_68-pfscan_protected_loop_minimal_interval_true.yml	true	true	correct	correct	True	True	True	True	0.072821652	0.071404931	0.07634945202153176	0.07680937508121133	26038272.0	26042368.0	0	0	0.9805453328633633	1.0060239208992603	1.0001573069057732	True
tso	r01	13-privatized_69-refine-protected-loop-interval_true.yml	true	true	correct	correct	True	True	True	True	0.067173597	0.066697351	0.07277415099088103	0.07255329808685929	26001408.0	26091520.0	0	0	0.9929102203653022	0.9969652287108177	1.0034656584751103	True
tso	r01	14_spin2003.yml	true	true	correct	correct	True	True	True	True	0.063644815	0.060713087	0.07166089303791523	0.06738254299852997	25915392.0	25915392.0	0	0	0.953936106185555	0.9402972826877608	1.0	True
tso	r01	28-race_reach_01-simple_racing.yml	TIMEOUT	TIMEOUT	error	error	False	False	False	True	61.036835738	60.880916432	61.05956139496993	61.06656192603987	1057071104.0	1057165312.0						True
tso	r01	28-race_reach_06-cond_racing1.yml	TIMEOUT	TIMEOUT	error	error	False	False	False	True	61.040940539	60.993204827	61.060011523077264	61.057062718085945	1057148928.0	1057087488.0						True
tso	r01	28-race_reach_11-ptr_racing.yml	TIMEOUT	TIMEOUT	error	error	False	False	False	True	61.031060366	61.038940697	61.06020438100677	61.0676328970585	1057087488.0	1057079296.0						True
tso	r01	28-race_reach_21-deref_read_racing.yml	false(unreach-call)	false(unreach-call)	correct	correct	True	True	True	True	3.289691959	3.371105332	3.300846431986429	3.390893431031145	56512512.0	56676352.0	0	0	1.0247480232236539	1.0272799722435213	1.0028991809813728	True
tso	r01	28-race_reach_24-sound_lock_racing.yml	TIMEOUT	TIMEOUT	error	error	False	False	False	True	61.031146064	61.038373513	61.046677252976224	61.05963062203955	1057120256.0	1057161216.0						True
tso	r01	28-race_reach_37-indirect_racing.yml	TIMEOUT	TIMEOUT	error	error	False	False	False	True	61.039185626	61.031135866	61.06432511098683	61.07015329191927	1057153024.0	1057144832.0						True
tso	r01	28-race_reach_45-escape_racing.yml	false(unreach-call)	false(unreach-call)	correct	correct	True	True	True	True	0.06622288	0.063295083	0.07129267603158951	0.06676205201074481	26038272.0	26062848.0	0	0	0.955788739480977	0.9364503582550724	1.000943841434639	True
tso	r01	28-race_reach_46-escape_racefree.yml	true	true	correct	correct	True	True	True	True	0.067815875	0.065500511	0.07225372199900448	0.07277084898669273	26091520.0	26021888.0	2	2	0.965858082639205	1.0071570982557185	0.997331240188383	True
tso	r01	29_conditionals_vs.yml	true	true	correct	correct	True	True	True	True	0.069205477	0.072737545	0.0777547569014132	0.0773960700025782	25874432.0	25866240.0	0	0	1.0510374056088074	0.9953869459165079	0.9996833940161469	True
tso	r01	36-apron_11-traces-max-simple_true.yml	true	true	correct	correct	True	True	True	True	0.064370854	0.069545198	0.07003695704042912	0.07470675406511873	25972736.0	25944064.0	2	2	1.0803833362223219	1.0666761838609573	0.9988960731745782	True
tso	r01	36-apron_16-traces-unprot2_true.yml	true	true	correct	correct	True	True	True	True	0.069943869	0.06584011	0.07301800593268126	0.06989724200684577	25899008.0	25976832.0	1	1	0.9413278238868941	0.9572603512520916	1.003004902736043	True
tso	r01	36-apron_17-traces-rpb-litmus_unknown_1_neg.yml	false(unreach-call)	false(unreach-call)	correct	correct	True	True	True	True	0.066599989	0.070855199	0.0719735489692539	0.07697970990557224	25939968.0	26013696.0	0	0	1.0638920525947835	1.0695555660101865	1.0028422548555187	True
tso	r01	36-apron_21-traces-cluster-based_true.yml	true	true	correct	correct	True	True	True	True	0.072484479	0.073552209	0.0771972470683977	0.07967821892816573	26054656.0	26144768.0	6	6	1.0147304638831713	1.032138087224404	1.0034585756956453	True
tso	r01	36-apron_22-traces-write-centered-vs-meet-mutex_true_no-overflow.yml	true	true	correct	correct	True	True	True	True	0.075697216	0.060234573	0.0776357080321759	0.07052705402020365	26087424.0	26095616.0	1	1	0.7957303608100991	0.9084357676106195	1.0003140210394097	True
tso	r01	36-apron_41-threadenter-no-locals_unknown_1_pos.yml	false(unreach-call)	false(unreach-call)	correct	correct	True	True	True	True	0.063684926	0.071517814	0.07267712592147291	0.07503387308679521	25927680.0	25899008.0	0	0	1.1229943801771867	1.0324276329786177	0.9988941548183254	True
tso	r01	43_NetBSD_sysmon_power_sliced.yml	true	true	correct	correct	True	True	True	True	0.063000225	0.064087178	0.0702137399930507	0.0680825230665505	26013696.0	25923584.0	0	0	1.0172531606037913	0.969646725459844	0.9965359785860495	True
tso	r01	45_monabsex1_vs.yml	true	true	correct	correct	True	True	True	True	0.067976229	0.070135548	0.07319982594344765	0.07751636509783566	25931776.0	26025984.0	0	0	1.0317657956577733	1.0589692543493596	1.0036329173906176	True
tso	r01	46_monabsex2_vs.yml	true	true	correct	correct	True	True	True	True	0.071073485	0.068314452	0.07725282001774758	0.07396117597818375	25989120.0	25960448.0	0	0	0.9611805584037422	0.9573912766057261	0.9988967691095351	True
tso	r01	48_ticket_lock_low_contention_vs-pthread.yml	true	true	correct	correct	True	True	True	True	0.06503535	0.065454596	0.06898970704060048	0.07327049190644175	25944064.0	26013696.0	0	0	1.0064464325939662	1.0620496165220998	1.002683928007578	True
tso	r01	48_ticket_lock_low_contention_vs.yml	true	true	correct	correct	True	True	True	True	0.068956105	0.064919487	0.07185251894406974	0.07010791299398988	26079232.0	25997312.0	0	0	0.9414610497504172	0.975719627151306	0.9968588032040208	True
tso	r01	butterfly.yml	true	true	correct	correct	True	True	True	True	17.959019092	18.007860823	17.980240842909552	18.180843999027275	26124288.0	26136576.0	64560	64560	1.0027196213083687	1.0111568670225477	1.0004703668861712	True
tso	r01	circular_buffer_bad.yml	false(unreach-call)	false(unreach-call)	correct	correct	True	True	True	True	0.071996753	0.068550373	0.07954268192406744	0.07512653502635658	26103808.0	26165248.0	1	1	0.9521314523725813	0.9444807895473455	1.0023536795857524	True
tso	r01	circular_buffer_ok.yml	true	true	correct	correct	True	True	True	True	4.135286068	4.082755097	4.144783376017585	4.099506436963566	26214400.0	26165248.0	3432	3432	0.9872968955143153	0.9890761627456818	0.998125	True
tso	r01	dekker-unfair.yml	true	true	correct	correct	True	True	True	True	0.064084679	0.070885399	0.07173163897823542	0.08160686492919922	25985024.0	26050560.0	4	4	1.1061208405210237	1.1376690410484014	1.0025220680958387	True
tso	r01	dekker.yml	true	true	correct	correct	True	True	True	True	0.057391488	0.068911019	0.0635400339961052	0.07552916998974979	26071040.0	26017792.0	4	4	1.2007184584585089	1.1886863326887658	0.9979575805184603	True
tso	r01	exponential-nondet.yml	true	true	correct	correct	True	True	True	True	0.05911322	0.06811026	0.06546363502275199	0.07468096003867686	26054656.0	26025984.0	1	1	1.1522001339125159	1.140800690531795	0.9988995440968401	True
tso	r01	fib_safe-5.yml	true	true	correct	correct	True	True	True	True	6.530989525	6.40728502	6.539393052924424	6.435687502962537	26046464.0	26058752.0	2772	2772	0.9810588419218143	0.9841414105066661	1.0004717722912408	True
tso	r01	fib_safe-6.yml	true	true	correct	correct	True	True	True	True	33.066048934	33.391893737	33.094250098918565	33.55724465404637	26091520.0	26030080.0	12012	12012	1.0098543616036613	1.0139901811868806	0.9976452119309263	True
tso	r01	fib_unsafe-5.yml	false(unreach-call)	false(unreach-call)	correct	correct	True	True	True	True	1.796049149	1.771964197	1.802570414962247	1.780603616964072	26103808.0	26034176.0	632	632	0.9865900373531482	0.9878136255783189	0.9973324964694806	True
tso	r01	fib_unsafe-6.yml	false(unreach-call)	false(unreach-call)	correct	correct	True	True	True	True	9.555086164	9.293766329	9.568975334055722	9.693497402011417	25997312.0	26025984.0	2942	2942	0.9726512319706173	1.013013103661426	1.00110288325193	True
tso	r01	fib_unsafe-7.yml	false(unreach-call)	false(unreach-call)	correct	correct	True	True	True	True	47.397480474	48.340585939	47.460834442055784	48.38276728603523	25985024.0	26021888.0	13238	13238	1.0198977974265393	1.019425129263267	1.0014186633039093	True
tso	r01	lazy01.yml	false(unreach-call)	false(unreach-call)	correct	correct	True	True	True	True	0.065120233	0.069065823	0.06835372699424624	0.0749757649609819	26148864.0	26030080.0	1	1	1.0605893102378796	1.0968789597572797	0.9954573934837093	True
tso	r01	pthread-demo-datarace-3.yml	false(unreach-call)	false(unreach-call)	correct	correct	True	True	True	True	0.140867871	0.149240528	0.14871357299853116	0.15552914899308234	26095616.0	26095616.0	0	0	1.059436242917308	1.0458302215267097	1.0	True
tso	r01	queue.yml	false(unreach-call)	false(unreach-call)	correct	correct	True	True	True	True	0.09115866	0.102394256	0.09792870993260294	0.10870145610533655	26218496.0	26238976.0	2	2	1.123253193936813	1.1100060051863	1.000781127948758	True
tso	r01	queue_longer.yml	TIMEOUT	TIMEOUT	error	error	False	False	False	True	61.019431841	61.010809305	61.049154227017425	61.04710060497746	613064704.0	591818752.0						True
tso	r01	queue_ok.yml	true	true	correct	correct	True	True	True	True	0.070564916	0.081116749	0.0758801600895822	0.08519676001742482	26165248.0	26243072.0	2	2	1.1495337002881147	1.1227804463886697	1.002974326862868	True
tso	r01	queue_ok_longer.yml	true	true	correct	correct	True	True	True	True	1.062216379	1.146800998	1.0643936280393973	1.1524563969578594	55459840.0	54853632.0	2	2	1.0796303094851825	1.082735152295747	0.9890694239290989	True
tso	r01	queue_ok_longest.yml	true	true	correct	correct	True	True	True	True	4.575333233	4.94689536	4.5851727010449395	4.9567103740992025	243642368.0	241598464.0	2	2	1.0812098503164917	1.0810302462477785	0.9916110485348755	True
tso	r01	race-1_1-join.yml	true	true	correct	correct	True	True	True	True	0.062142549	0.070311602	0.07019809901248664	0.07652122108265758	26308608.0	26165248.0	1	1	1.1314566771311554	1.090075403167915	0.9945508329441071	True
tso	r01	race-1_2-join.yml	false(unreach-call)	false(unreach-call)	correct	correct	True	True	True	True	0.064024607	0.072800503	0.07170956500340253	0.08051202795468271	26214400.0	26275840.0	1	1	1.137070673467781	1.1227515876140444	1.00234375	True
tso	r01	race-1_3-join.yml	false(unreach-call)	false(unreach-call)	correct	correct	True	True	True	True	0.07111425	0.075722436	0.0753148120129481	0.08055576402693987	26304512.0	26296320.0	1	1	1.0647997553233002	1.0695872680806897	0.9996885705387729	True
tso	r01	race-2_1-container_of.yml	true	true	correct	correct	True	True	True	True	0.066929978	0.074070368	0.07440067501738667	0.0811923979781568	26284032.0	26288128.0	1	1	1.1066844815039383	1.0912857707162331	1.0001558360604643	True
tso	r01	race-3_1-container_of-global.yml	true	true	correct	correct	True	True	True	True	0.065412812	0.07287739	0.07293253601528704	0.08077300002332777	26271744.0	26267648.0	1	1	1.114114922929777	1.1075029669391632	0.9998440910508263	True
tso	r01	race-4_1-thread_local_vars.yml	true	true	correct	correct	True	True	True	True	0.066550128	0.077220777	0.07313722197432071	0.0820886050350964	26279936.0	26284032.0	0	0	1.160340022185983	1.1223916197407475	1.0001558603491272	True
tso	r01	reorder_2.yml	false(unreach-call)	false(unreach-call)	correct	correct	True	True	True	True	0.148867649	0.159117178	0.1561083080014214	0.16625186696182936	26222592.0	26161152.0	162	162	1.0688499420045252	1.0649777009966415	0.9976569821930646	True
tso	r01	singleton.yml	false(unreach-call)	false(unreach-call)	correct	correct	True	True	True	True	0.061640001	0.07331331	0.06916779500897974	0.08028787805233151	26185728.0	26296320.0	1	1	1.1893787931638744	1.1607696622670725	1.004223369310183	True
tso	r01	singleton_with-uninit-problems.yml	true	true	correct	correct	True	True	True	True	0.068494396	0.072812637	0.07634933898225427	0.07677666598465294	26181632.0	26300416.0	4	4	1.0630451723378946	1.005596996753279	1.0045369211514392	True
tso	r01	stateful01-1.yml	false(unreach-call)	false(unreach-call)	correct	correct	True	True	True	True	0.070114427	0.068318276	0.0746304999338463	0.07752157899085432	26087424.0	26050560.0	0	0	0.9743825760709705	1.038738572829751	0.9985869053226566	True
tso	r01	stateful01-2.yml	true	true	correct	correct	True	True	True	True	0.073879745	0.060612426	0.08045599795877934	0.06905239005573094	26071040.0	26091520.0	6	6	0.820420075894956	0.8582627996375001	1.0007855459544384	True
tso	r01	szymanski.yml	true	true	correct	correct	True	True	True	True	0.06411002	0.074031878	0.07022716500796378	0.07947455497924238	26087424.0	26071040.0	6	6	1.154762984007804	1.1316782468754072	0.9993719579211807	True
tso	r01	time_var_mutex.yml	true	true	correct	correct	True	True	True	True	0.073850123	0.068068526	0.0783501659752801	0.07503192499279976	26136576.0	26161152.0	2	2	0.9217117485369659	0.9576485774959651	1.000940291490362	True
tso	r01	triangular-1.yml	true	true	correct	correct	True	True	True	True	7.732716655	7.756615351	7.746150369057432	7.776507482980378	26116096.0	26083328.0	16632	16632	1.0030905950736662	1.003918993626074	0.998745294855709	True
tso	r01	triangular-2.yml	false(unreach-call)	false(unreach-call)	correct	correct	True	True	True	True	1.887297264	1.863894955	1.894859827007167	1.8694461580598727	26009600.0	26025984.0	3638	3638	0.9876000938239053	0.986588100826733	1.0006299212598426	True
tso	r01	twostage_3.yml	false(unreach-call)	false(unreach-call)	correct	correct	True	True	True	True	0.07448509	0.081580425	0.08115979901049286	0.08853803901001811	26345472.0	26292224.0	4	4	1.0952584604516151	1.090910032916313	0.997978855721393	True
tso	r01	unwind2-1.yml	false(unreach-call)	false(unreach-call)	correct	correct	True	True	True	True	0.067693015	0.066071382	0.07069679396227002	0.07437957299407572	26116096.0	26173440.0	1	1	0.9760443082643018	1.052092589004406	1.0021957340025094	True
tso	r01	unwind2-100.yml	false(unreach-call)	false(unreach-call)	correct	correct	True	True	True	True	0.073510786	0.067776528	0.078055972000584	0.07508693810086697	26071040.0	26161152.0	1	1	0.9219943315529235	0.9619627579591883	1.0034564021995287	True
tso	r01	unwind3-1.yml	false(unreach-call)	false(unreach-call)	correct	correct	True	True	True	True	0.067546655	0.069378051	0.07171076792292297	0.07123247906565666	26095616.0	26025984.0	1	1	1.0271130524524124	0.9933303062968118	0.9973316590802072	True
tso	r02	01b_inc.yml	true	true	correct	correct	True	True	True	True	0.074427092	0.066687555	0.08267936296761036	0.07061980094294995	26034176.0	25939968.0	0	0	0.8960118312831569	0.8541406030258755	0.9963813719320327	True
tso	r02	02_inc_cas.yml	true	true	correct	correct	True	True	True	True	0.073175473	0.068346957	0.07795128202997148	0.07833100599236786	26009600.0	26062848.0	0	0	0.9340145570360713	1.0048712984893613	1.002047244094488	True
tso	r02	13-privatized_01-priv_nr_true.yml	true	true	correct	correct	True	True	True	True	0.073621271	0.056487421	0.08161354390904307	0.060623461031354964	25948160.0	26058752.0	2	2	0.7672703857557689	0.7428112801830882	1.0042620363062351	True
tso	r02	13-privatized_18-first-reads_true.yml	true	true	correct	correct	True	True	True	True	0.067366435	0.067635311	0.07179697789251804	0.0736004599602893	26017792.0	26021888.0	2	2	1.0039912457887967	1.025119191931325	1.0001574307304786	True
tso	r02	13-privatized_18-first-reads_unknown_1_neg.yml	false(unreach-call)	false(unreach-call)	correct	correct	True	True	True	True	0.067947312	0.067122103	0.08154915506020188	0.07463407795876265	25976832.0	26021888.0	0	0	0.9878551634242722	0.9152035714369532	1.0017344686218859	True
tso	r02	13-privatized_18-first-reads_unknown_2_pos.yml	false(unreach-call)	false(unreach-call)	correct	correct	True	True	True	True	0.065168633	0.070054496	0.07308338291477412	0.07554865709971637	25964544.0	25944064.0	0	0	1.0749726175781529	1.03373234908703	0.9992112320555293	True
tso	r02	13-privatized_19-publish-precision_true.yml	true	true	correct	correct	True	True	True	True	0.069663511	0.070580929	0.07620952499564737	0.07252499100286514	26017792.0	26030080.0	3	3	1.0131692759499302	0.9516525789526614	1.0004722921914357	True
tso	r02	13-privatized_19-publish-precision_unknown_1_neg.yml	false(unreach-call)	false(unreach-call)	correct	correct	True	True	True	True	0.069570583	0.067661335	0.0741031999932602	0.08096134394872934	25980928.0	26021888.0	0	0	0.9725566767206766	1.0925485533160901	1.0015765410688948	True
tso	r02	13-privatized_19-publish-precision_unknown_1_pos.yml	false(unreach-call)	false(unreach-call)	correct	correct	True	True	True	True	0.071107569	0.072060413	0.07686968403868377	0.07925781304948032	25952256.0	26038272.0	0	0	1.0134000362183666	1.0310672411453488	1.003314393939394	True
tso	r02	13-privatized_19-publish-precision_unknown_2_neg.yml	false(unreach-call)	false(unreach-call)	correct	correct	True	True	True	True	0.069451145	0.067199738	0.07670887897256762	0.07310674199834466	26013696.0	26034176.0	0	0	0.9675828670643225	0.9530414598352931	1.0007872775940796	True
tso	r02	13-privatized_19-publish-precision_unknown_2_pos.yml	false(unreach-call)	false(unreach-call)	correct	correct	True	True	True	True	0.077445304	0.066810444	0.08102836192119867	0.0759992350358516	25980928.0	25964544.0	0	0	0.862679085099853	0.9379337460846368	0.9993693835724421	True
tso	r02	13-privatized_20-publish-regression_true.yml	true	true	correct	correct	True	True	True	True	0.067961787	0.054658094	0.0751851990353316	0.06670342211145908	26046464.0	26005504.0	2	2	0.8042474515862863	0.8871882094787471	0.9984274256958642	True
tso	r02	13-privatized_24-multiple-protecting_true.yml	true	true	correct	correct	True	True	True	True	0.07385447	0.074460432	0.07568559399805963	0.07610886904876679	26075136.0	26120192.0	7	7	1.0082048114352453	1.0055925444770641	1.0017279296261388	True
tso	r02	13-privatized_25-struct_nr_true.yml	true	true	correct	correct	True	True	True	True	0.069963597	0.07080229	0.07701463100966066	0.08016096602659672	25968640.0	26034176.0	2	2	1.0119875626177426	1.0408537309818622	1.0025236593059936	True
tso	r02	13-privatized_27-multiple-protecting2_true.yml	true	true	correct	correct	True	True	True	True	0.087004132	0.08327475	0.0893555301008746	0.08912475896067917	26079232.0	26083328.0	26	26	0.9571355760436757	0.9974173826741903	1.0001570598397989	True
tso	r02	13-privatized_29-multiple-protecting2-vesal_true.yml	true	true	correct	correct	True	True	True	True	0.068371596	0.068766616	0.07470666605513543	0.0747105450136587	26017792.0	26099712.0	4	4	1.0057775454005782	1.0000519225221536	1.0031486146095718	True
tso	r02	13-privatized_30-traces-oplus-vs-meet_true.yml	true	true	correct	correct	True	True	True	True	0.072887918	0.071301488	0.07933393307030201	0.07496911392081529	25956352.0	25960448.0	2	2	0.9782346643513675	0.94498168714743	1.0001578033769922	True
tso	r02	13-privatized_31-traces-mine-vs-mutex_true.yml	true	true	correct	correct	True	True	True	True	0.067422914	0.06777405	0.07363467197865248	0.07884571596514434	26042368.0	26030080.0	4	4	1.0052079623850134	1.0707688897969505	0.9995281535073922	True
tso	r02	13-privatized_32-traces-mine-vs-oplus-vs-meet_true.yml	true	true	correct	correct	True	True	True	True	0.07663045	0.068327748	0.08113854099065065	0.07525593193713576	26079232.0	25980928.0	3	3	0.8916527046363423	0.9274992009753696	0.9962305638448249	True
tso	r02	13-privatized_33-traces-v-matters_true.yml	true	true	correct	correct	True	True	True	True	0.07226818	0.065694389	0.08188484399579465	0.06963479798287153	26001408.0	26001408.0	1	1	0.909036162250108	0.8503991042157661	1.0	True
tso	r02	13-privatized_34-traces-minepp-L-needs-to-be-um_true.yml	true	true	correct	correct	True	True	True	True	0.069831264	0.070791996	0.0751618379727006	0.07798714598175138	25997312.0	26079232.0	1	1	1.013757906487272	1.0375896609936144	1.0031510950055145	True
tso	r02	13-privatized_35-traces-ex-2_true.yml	true	true	correct	correct	True	True	True	True	0.072834598	0.066261595	0.08011700003407896	0.07134282495826483	25956352.0	25993216.0	2	2	0.9097543862327627	0.8904829802403746	1.0014202303929305	True
tso	r02	13-privatized_36-traces-ex-3_true.yml	true	true	correct	correct	True	True	True	True	0.066846292	0.067980545	0.07832608604803681	0.0765671789413318	26001408.0	25989120.0	3	3	1.0169680765538947	0.9775437891071656	0.9995274102079396	True
tso	r02	13-privatized_37-traces-ex-4_true.yml	true	true	correct	correct	True	True	True	True	0.065358376	0.056656451	0.07096132601145655	0.06077409698627889	26054656.0	25939968.0	2	2	0.8668583044352265	0.8564397031767282	0.9955981763873605	True
tso	r02	13-privatized_38-traces-ex-4-switch_true.yml	true	true	correct	correct	True	True	True	True	0.063786003	0.071947307	0.06966315803583711	0.0750683699734509	26021888.0	25952256.0	2	2	1.1279481957820747	1.077590681933098	0.9973240988509365	True
tso	r02	13-privatized_40-traces-ex-6_true.yml	true	true	correct	correct	True	True	True	True	0.06736677	0.060792152	0.07531242701224983	0.06348317500669509	26005504.0	25919488.0	1	1	0.9024056222377886	0.8429309414815345	0.9966923925027563	True
tso	r02	13-privatized_41-traces-ex-7_unknown_1_neg.yml	false(unreach-call)	false(unreach-call)	correct	correct	True	True	True	True	0.072411471	0.063784225	0.07573378994129598	0.07166016206610948	26005504.0	26034176.0	0	0	0.8808580204095011	0.9462112238362279	1.0011025358324146	True
tso	r02	13-privatized_41-traces-ex-7_unknown_1_pos.yml	false(unreach-call)	false(unreach-call)	correct	correct	True	True	True	True	0.06726244	0.068090545	0.07437063590623438	0.07934954308439046	25911296.0	26025984.0	0	0	1.0123115515880778	1.0669472180449475	1.0044261776794183	True
tso	r02	13-privatized_42-traces-ex-mini_true.yml	true	true	correct	correct	True	True	True	True	0.069276224	0.063947047	0.07267685409169644	0.07124440092593431	25985024.0	25964544.0	2	2	0.9230735064312976	0.9802901049630629	0.9992118537200504	True
tso	r02	13-privatized_44-traces-mine2_true.yml	true	true	correct	correct	True	True	True	True	0.068894949	0.067812972	0.07831745792645961	0.07903728901874274	25939968.0	25919488.0	1	1	0.9842952637935766	1.009191195824551	0.999210484762356	True
tso	r02	13-privatized_45-traces-per-global-and-current-lock-mine-incomparable_true.yml	true	true	correct	correct	True	True	True	True	0.070551806	0.067084093	0.07508843205869198	0.0706773700658232	26062848.0	26042368.0	2	2	0.9508486997483807	0.9412551058541091	0.9992142071349992	True
tso	r02	13-privatized_46-refine-protected1_true.yml	true	true	correct	correct	True	True	True	True	0.066873702	0.074223802	0.07882545702159405	0.07863166101742536	25935872.0	26030080.0	1	1	1.1099101706676866	0.9975414541000935	1.003632343651295	True
tso	r02	13-privatized_47-refine-protected2_true.yml	true	true	correct	correct	True	True	True	True	0.069553019	0.067794866	0.07306854100897908	0.07843641994986683	25952256.0	26030080.0	2	2	0.9747221181010131	1.0734636119288068	1.0029987373737375	True
tso	r02	13-privatized_57-singlethreaded-unlock_true.yml	true	true	correct	correct	True	True	True	True	0.075588871	0.070101295	0.08036988705862314	0.08638536802027375	25985024.0	25899008.0	1	1	0.9274023288428265	1.0748474482396972	0.9966897856242118	True
tso	r02	13-privatized_58-singlethreaded-lock_true.yml	true	true	correct	correct	True	True	True	True	0.064761581	0.067793047	0.07241776504088193	0.07239977002609521	25948160.0	25931776.0	1	1	1.0468096354843468	0.9997515110446096	0.9993685872138911	True
tso	r02	13-privatized_66-mine-W-init_true.yml	true	true	correct	correct	True	True	True	True	0.071441257	0.062487529	0.08662186795845628	0.06751453795004636	25890816.0	25923584.0	1	1	0.8746700663455572	0.7794167863295933	1.001265622528081	True
tso	r02	13-privatized_68-pfscan_protected_loop_minimal_interval_true.yml	true	true	correct	correct	True	True	True	True	0.066740977	0.075672605	0.07262392097618431	0.07707251107785851	26066944.0	26021888.0	0	0	1.1338252510148301	1.0612551627876583	0.9982715273412948	True
tso	r02	13-privatized_69-refine-protected-loop-interval_true.yml	true	true	correct	correct	True	True	True	True	0.071367215	0.072982022	0.08157498203217983	0.07787445897702128	26058752.0	26066944.0	0	0	1.0226267341383575	0.9546365446492067	1.000314366551399	True
tso	r02	14_spin2003.yml	true	true	correct	correct	True	True	True	True	0.070414563	0.064844234	0.07464989798609167	0.07097724301274866	25923584.0	25944064.0	0	0	0.9208923727894186	0.9508016076053141	1.000790014220256	True
tso	r02	28-race_reach_01-simple_racing.yml	TIMEOUT	TIMEOUT	error	error	False	False	False	True	61.007949867	61.029622177	61.06482128996868	61.05919576599263	1057083392.0	1057087488.0						True
tso	r02	28-race_reach_06-cond_racing1.yml	TIMEOUT	TIMEOUT	error	error	False	False	False	True	61.025394358	61.043323852	61.053965762024745	61.06297521898523	1057091584.0	1057185792.0						True
tso	r02	28-race_reach_11-ptr_racing.yml	TIMEOUT	TIMEOUT	error	error	False	False	False	True	61.034968635	61.029177835	61.06616075895727	61.0607151070144	1057157120.0	1057140736.0						True
tso	r02	28-race_reach_21-deref_read_racing.yml	false(unreach-call)	false(unreach-call)	correct	correct	True	True	True	True	3.403912263	3.461948886	3.423593732062727	3.4767210570862517	56602624.0	56426496.0	0	0	1.0170499761791305	1.0155179992666696	0.9968883421376366	True
tso	r02	28-race_reach_24-sound_lock_racing.yml	TIMEOUT	TIMEOUT	error	error	False	False	False	True	61.031483689	61.018637688	61.05631057207938	61.05076261598151	1057099776.0	1057112064.0						True
tso	r02	28-race_reach_37-indirect_racing.yml	TIMEOUT	TIMEOUT	error	error	False	False	False	True	60.89145789	61.004288322	61.063704569940455	61.0623112070607	1057099776.0	1057181696.0						True
tso	r02	28-race_reach_45-escape_racing.yml	false(unreach-call)	false(unreach-call)	correct	correct	True	True	True	True	0.06795869	0.067014043	0.0737205749610439	0.0753116839332506	26083328.0	26038272.0	0	0	0.9860996879133485	1.0215829701958714	0.9982726130653267	True
tso	r02	28-race_reach_46-escape_racefree.yml	true	true	correct	correct	True	True	True	True	0.066420125	0.069148385	0.07334789400920272	0.07293860998470336	26001408.0	26087424.0	2	2	1.0410758034556546	0.9944199621539508	1.0033081285444234	True
tso	r02	29_conditionals_vs.yml	true	true	correct	correct	True	True	True	True	0.073495812	0.069136858	0.07590518693905324	0.08515449694823474	25899008.0	25915392.0	0	0	0.9406911240058141	1.1218534645940346	1.000632611102325	True
tso	r02	36-apron_11-traces-max-simple_true.yml	true	true	correct	correct	True	True	True	True	0.063411801	0.069230223	0.07086423703003675	0.07190750201698393	26038272.0	26042368.0	2	2	1.0917561385774233	1.0147220238398245	1.0001573069057732	True
tso	r02	36-apron_16-traces-unprot2_true.yml	true	true	correct	correct	True	True	True	True	0.071125658	0.068549416	0.0778548390371725	0.0746718879090622	25939968.0	25976832.0	1	1	0.9637790064451848	0.9591168491583347	1.0014211274277593	True
tso	r02	36-apron_17-traces-rpb-litmus_unknown_1_neg.yml	false(unreach-call)	false(unreach-call)	correct	correct	True	True	True	True	0.070403621	0.070355191	0.07382408401463181	0.07465392805170268	25927680.0	26050560.0	0	0	0.9993121092450628	1.011240830795901	1.004739336492891	True
tso	r02	36-apron_21-traces-cluster-based_true.yml	true	true	correct	correct	True	True	True	True	0.071464698	0.072668211	0.07828979601617903	0.07571873289998621	26157056.0	26128384.0	6	6	1.0168406644634531	0.9671596651540452	0.9989038521766364	True
tso	r02	36-apron_22-traces-write-centered-vs-meet-mutex_true_no-overflow.yml	true	true	correct	correct	True	True	True	True	0.071953022	0.057059126	0.07841563900001347	0.061857959954068065	26062848.0	26083328.0	1	1	0.7930052750251406	0.7888472343387706	1.0007857928650008	True
tso	r02	36-apron_41-threadenter-no-locals_unknown_1_pos.yml	false(unreach-call)	false(unreach-call)	correct	correct	True	True	True	True	0.080982199	0.055912696	0.08788110001478344	0.06353406794369221	25939968.0	25899008.0	0	0	0.6904319306024278	0.7229548552874787	0.9984209695247118	True
tso	r02	43_NetBSD_sysmon_power_sliced.yml	true	true	correct	correct	True	True	True	True	0.067862903	0.065581317	0.07244663592427969	0.07128414593171328	25952256.0	25935872.0	0	0	0.9663794812903892	0.9839538444023622	0.9993686868686869	True
tso	r02	45_monabsex1_vs.yml	true	true	correct	correct	True	True	True	True	0.070055819	0.071927074	0.07444774406030774	0.07677008700557053	26021888.0	25980928.0	0	0	1.0267109146208109	1.0311942688737692	0.9984259405005509	True
tso	r02	46_monabsex2_vs.yml	true	true	correct	correct	True	True	True	True	0.070708433	0.068503371	0.07708648790139705	0.07472549506928772	25972736.0	26058752.0	0	0	0.96881472398066	0.9693721572173669	1.0033117804762657	True
tso	r02	48_ticket_lock_low_contention_vs-pthread.yml	true	true	correct	correct	True	True	True	True	0.07420303	0.071982444	0.07622423896100372	0.07473624998237938	26034176.0	26017792.0	0	0	0.9700741869974852	0.9804787952112504	0.9993706733794839	True
tso	r02	48_ticket_lock_low_contention_vs.yml	true	true	correct	correct	True	True	True	True	0.065072404	0.073507046	0.07079634303227067	0.07615433703176677	26050560.0	26005504.0	0	0	1.12961933909803	1.0756817904712084	0.9982704402515723	True
tso	r02	butterfly.yml	true	true	correct	correct	True	True	True	True	18.574747069	17.185763597	18.59153305599466	17.20229553594254	26238976.0	26206208.0	64560	64560	0.9252219442428845	0.9252757953920226	0.9987511707773962	True
tso	r02	circular_buffer_bad.yml	false(unreach-call)	false(unreach-call)	correct	correct	True	True	True	True	0.074748082	0.079131604	0.0775756819639355	0.08557136997114867	26181632.0	26132480.0	1	1	1.0586439395194114	1.1030695161781539	0.9981226533166458	True
tso	r02	circular_buffer_ok.yml	true	true	correct	correct	True	True	True	True	4.086435605	4.138428734	4.1086250729858875	4.147497880039737	26087424.0	26177536.0	3432	3432	1.0127233447497332	1.009461269004426	1.003454231433506	True
tso	r02	dekker-unfair.yml	true	true	correct	correct	True	True	True	True	0.066481651	0.069493308	0.07195263798348606	0.07573138806037605	26009600.0	26042368.0	4	4	1.0453005747405402	1.0525171860656068	1.001259842519685	True
tso	r02	dekker.yml	true	true	correct	correct	True	True	True	True	0.066838026	0.060992892	0.07205794705078006	0.06870719406288117	26013696.0	26021888.0	4	4	0.9125477763212217	0.9534991888467546	1.000314911037632	True
tso	r02	exponential-nondet.yml	true	true	correct	correct	True	True	True	True	0.064167955	0.065331462	0.07041531999129802	0.07068237790372223	26136576.0	26034176.0	1	1	1.0181322125662258	1.003792610932638	0.9960821187901583	True
tso	r02	fib_safe-5.yml	true	true	correct	correct	True	True	True	True	6.468142981	6.47295441	6.483894311939366	6.495527465012856	26054656.0	26001408.0	2772	2772	1.0007438655908092	1.0017941614273491	0.9979562961798459	True
tso	r02	fib_safe-6.yml	true	true	correct	correct	True	True	True	True	33.518413997	32.77497169	33.57213874999434	32.824805461918004	26083328.0	26030080.0	12012	12012	0.9778198841070899	0.9777394793450132	0.9979585427135679	True
tso	r02	fib_unsafe-5.yml	false(unreach-call)	false(unreach-call)	correct	correct	True	True	True	True	1.779682098	1.78335249	1.8114010200370103	1.7944720570230857	26071040.0	26001408.0	632	632	1.0020623863127716	0.9906542158104897	0.9973291437549097	True
tso	r02	fib_unsafe-6.yml	false(unreach-call)	false(unreach-call)	correct	correct	True	True	True	True	9.425126995	9.496339006	9.440221996977925	9.513659249059856	26083328.0	25985024.0	2942	2942	1.0075555492289683	1.007779186983679	0.9962311557788944	True
tso	r02	fib_unsafe-7.yml	false(unreach-call)	false(unreach-call)	correct	correct	True	True	True	True	48.111146062	46.896622216	48.141462569939904	46.93029649404343	26091520.0	26021888.0	13238	13238	0.9747558737338148	0.9748415189061427	0.997331240188383	True
tso	r02	lazy01.yml	false(unreach-call)	false(unreach-call)	correct	correct	True	True	True	True	0.068585524	0.065880848	0.07293566793669015	0.0686215489404276	26087424.0	26144768.0	1	1	0.9605649145437747	0.9408503532180262	1.0021981472758674	True
tso	r02	pthread-demo-datarace-3.yml	false(unreach-call)	false(unreach-call)	correct	correct	True	True	True	True	0.146751547	0.142098224	0.15382950496859848	0.14912694308441132	26083328.0	26062848.0	0	0	0.9682911485764438	0.9694300395418479	0.999214824120603	True
tso	r02	queue.yml	false(unreach-call)	false(unreach-call)	correct	correct	True	True	True	True	0.105318184	0.096589546	0.10919693997129798	0.10260983894113451	26161152.0	26234880.0	2	2	0.9171212636936467	0.9396768716056066	1.0028182245185533	True
tso	r02	queue_longer.yml	TIMEOUT	TIMEOUT	error	error	False	False	False	True	61.011184601	61.021108579	61.04876280203462	61.04829977301415	608473088.0	610361344.0						True
tso	r02	queue_ok.yml	true	true	correct	correct	True	True	True	True	0.07803556	0.074763809	0.08239544904790819	0.07883832196239382	26165248.0	26243072.0	2	2	0.9580735885024724	0.9568285976153112	1.002974326862868	True
tso	r02	queue_ok_longer.yml	true	true	correct	correct	True	True	True	True	1.092612109	1.082655684	1.0980527329957113	1.0906140439910814	55451648.0	55525376.0	2	2	0.9908875026022614	0.9932255630525726	1.0013295907815039	True
tso	r02	queue_ok_longest.yml	true	true	correct	correct	True	True	True	True	4.75430085	4.692298911	4.761456375941634	4.702398365014233	244871168.0	241373184.0	2	2	0.9869587682908203	0.9875966497927386	0.9857150025927103	True
tso	r02	race-1_1-join.yml	true	true	correct	correct	True	True	True	True	0.075768723	0.065942965	0.0789844449609518	0.07283838302828372	26214400.0	26288128.0	1	1	0.8703190761179914	0.9221864262551117	1.0028125	True
tso	r02	race-1_2-join.yml	false(unreach-call)	false(unreach-call)	correct	correct	True	True	True	True	0.070262307	0.06710732	0.07850783003959805	0.07339871500153095	26243072.0	26292224.0	1	1	0.9550970195157412	0.9349222232293244	1.0018729514593414	True
tso	r02	race-1_3-join.yml	false(unreach-call)	false(unreach-call)	correct	correct	True	True	True	True	0.072994883	0.065423461	0.07677133404649794	0.06925883295480162	26218496.0	26210304.0	1	1	0.8962746196880678	0.9021444503342062	0.9996875488204968	True
tso	r02	race-2_1-container_of.yml	true	true	correct	correct	True	True	True	True	0.06956096	0.069340855	0.0761835160665214	0.07681528991088271	26353664.0	26284032.0	1	1	0.996835796975775	1.0082927892670333	0.9973577867578489	True
tso	r02	race-3_1-container_of-global.yml	true	true	correct	correct	True	True	True	True	0.073950277	0.063760584	0.07876155606936663	0.07144789502490312	26345472.0	26275840.0	1	1	0.862208859609816	0.9071417400892606	0.9973569651741293	True
tso	r02	race-4_1-thread_local_vars.yml	true	true	correct	correct	True	True	True	True	0.071638138	0.068871074	0.07970324601046741	0.07271369395311922	26357760.0	26365952.0	0	0	0.9613744287993639	0.9123053023909433	1.0003108003108003	True
tso	r02	reorder_2.yml	false(unreach-call)	false(unreach-call)	correct	correct	True	True	True	True	0.150013071	0.149930499	0.15438686194829643	0.15278191992547363	26222592.0	26202112.0	162	162	0.9994495679646476	0.9896044132086816	0.9992189940643549	True
tso	r02	singleton.yml	false(unreach-call)	false(unreach-call)	correct	correct	True	True	True	True	0.070769646	0.073799904	0.07763636799063534	0.07678907597437501	26218496.0	26300416.0	1	1	1.0428186118099276	0.9890864032129565	1.003124511795032	True
tso	r02	singleton_with-uninit-problems.yml	true	true	correct	correct	True	True	True	True	0.078010629	0.06850414	0.08206089003942907	0.07548076391685754	26222592.0	26292224.0	4	4	0.8781385418645965	0.9198141024377158	1.0026554201811935	True
tso	r02	stateful01-1.yml	false(unreach-call)	false(unreach-call)	correct	correct	True	True	True	True	0.071529974	0.069753201	0.07456777000334114	0.07428482396062464	25993216.0	26030080.0	0	0	0.9751604411319932	0.9962055182459684	1.0014182161991805	True
tso	r02	stateful01-2.yml	true	true	correct	correct	True	True	True	True	0.069815102	0.064034625	0.0768756689503789	0.06848211400210857	26079232.0	26083328.0	6	6	0.9172030572984051	0.8908164954806685	1.0001570598397989	True
tso	r02	szymanski.yml	true	true	correct	correct	True	True	True	True	0.066800694	0.069928811	0.07495304406620562	0.07813999603968114	26005504.0	26025984.0	6	6	1.046827612299956	1.0425193134338946	1.0007875255945817	True
tso	r02	time_var_mutex.yml	true	true	correct	correct	True	True	True	True	0.072702896	0.071907297	0.07964229898061603	0.0763528059469536	26046464.0	26124288.0	2	2	0.989056845823583	0.9586966589894265	1.0029878911778582	True
tso	r02	triangular-1.yml	true	true	correct	correct	True	True	True	True	7.692023301	7.867579343	7.712194053106941	7.8840567409060895	26099712.0	26038272.0	16632	16632	1.0228231292509447	1.022284538824579	0.9976459510357816	True
tso	r02	triangular-2.yml	false(unreach-call)	false(unreach-call)	correct	correct	True	True	True	True	1.862399108	1.876908701	1.8686769859632477	1.8824000679887831	26087424.0	26042368.0	3638	3638	1.0077908075329685	1.0073437421922664	0.998272884283247	True
tso	r02	twostage_3.yml	false(unreach-call)	false(unreach-call)	correct	correct	True	True	True	True	0.081552266	0.075685042	0.08923527505248785	0.08323127299081534	26279936.0	26378240.0	4	4	0.9280556594221427	0.9327171675311027	1.0037406483790523	True
tso	r02	unwind2-1.yml	false(unreach-call)	false(unreach-call)	correct	correct	True	True	True	True	0.059951674	0.062688118	0.06581714504864067	0.06985511304810643	26083328.0	26054656.0	1	1	1.0456441633306186	1.0613513089405746	0.9989007537688442	True
tso	r02	unwind2-100.yml	false(unreach-call)	false(unreach-call)	correct	correct	True	True	True	True	0.067087887	0.067836093	0.07353416096884757	0.07354502205271274	26095616.0	26152960.0	1	1	1.0111526243180085	1.0001477012006674	1.0021974572280647	True
tso	r02	unwind3-1.yml	false(unreach-call)	false(unreach-call)	correct	correct	True	True	True	True	0.065761091	0.06266973	0.07259757292922586	0.06937019200995564	26128384.0	26025984.0	1	1	0.9529910323416017	0.9555442311767566	0.9960808904216962	True
tso	r03	01b_inc.yml	true	true	correct	correct	True	True	True	True	0.056893092	0.064288072	0.06298069201875478	0.08941362099722028	25944064.0	26013696.0	0	0	1.1299802795038807	1.4196989288494026	1.002683928007578	True
tso	r03	02_inc_cas.yml	true	true	correct	correct	True	True	True	True	0.07043646	0.068370028	0.09493279899470508	0.07266901596449316	26013696.0	26046464.0	0	0	0.9706624665691602	0.7654784935662363	1.0012596441505275	True
tso	r03	13-privatized_01-priv_nr_true.yml	true	true	correct	correct	True	True	True	True	0.070196639	0.06678051	0.07893005898222327	0.07269231602549553	25956352.0	26030080.0	2	2	0.9513348637674803	0.9209712619354229	1.0028404607858608	True
tso	r03	13-privatized_18-first-reads_true.yml	true	true	correct	correct	True	True	True	True	0.066063688	0.067287279	0.07297741598449647	0.07430810201913118	26005504.0	25976832.0	2	2	1.0185213850004864	1.0182342169379826	0.9988974641675854	True
tso	r03	13-privatized_18-first-reads_unknown_1_neg.yml	false(unreach-call)	false(unreach-call)	correct	correct	True	True	True	True	0.065205836	0.067137995	0.07465160894207656	0.07354688202030957	25956352.0	26079232.0	0	0	1.029631688182021	0.9852015658145536	1.004734101309768	True
tso	r03	13-privatized_18-first-reads_unknown_2_pos.yml	false(unreach-call)	false(unreach-call)	correct	correct	True	True	True	True	0.069348451	0.068868613	0.07706855901051313	0.07671017700340599	26054656.0	25944064.0	0	0	0.9930807683072833	0.9953498286239106	0.9957553843735262	True
tso	r03	13-privatized_19-publish-precision_true.yml	true	true	correct	correct	True	True	True	True	0.06644188	0.077026754	0.07525154005270451	0.07888470601756126	25956352.0	26025984.0	3	3	1.1593102723763988	1.048280287184982	1.0026826574088685	True
tso	r03	13-privatized_19-publish-precision_unknown_1_neg.yml	false(unreach-call)	false(unreach-call)	correct	correct	True	True	True	True	0.07050171	0.068889585	0.0840908590471372	0.0743796470342204	26066944.0	25985024.0	0	0	0.9771335333568506	0.8845152478764288	0.9968573224387178	True
tso	r03	13-privatized_19-publish-precision_unknown_1_pos.yml	false(unreach-call)	false(unreach-call)	correct	correct	True	True	True	True	0.067986534	0.068216661	0.09071050304919481	0.07642556307837367	26050560.0	26083328.0	0	0	1.0033848908961882	0.842521654156476	1.0012578616352201	True
tso	r03	13-privatized_19-publish-precision_unknown_2_neg.yml	false(unreach-call)	false(unreach-call)	correct	correct	True	True	True	True	0.0694308	0.067640755	0.0920553479809314	0.06956152198836207	26042368.0	25944064.0	0	0	0.9742182864089136	0.7556488950839797	0.996225228059138	True
tso	r03	13-privatized_19-publish-precision_unknown_2_pos.yml	false(unreach-call)	false(unreach-call)	correct	correct	True	True	True	True	0.069104343	0.070893245	0.0726784000871703	0.07698125496972352	26038272.0	26083328.0	0	0	1.0258869692169708	1.0592040396788094	1.0017303759635048	True
tso	r03	13-privatized_20-publish-regression_true.yml	true	true	correct	correct	True	True	True	True	0.075443276	0.075383127	0.08141209906898439	0.0818904279731214	26038272.0	26017792.0	2	2	0.9992027255020048	1.0058754031600599	0.9992134654711342	True
tso	r03	13-privatized_24-multiple-protecting_true.yml	true	true	correct	correct	True	True	True	True	0.074402896	0.066487931	0.07828387699555606	0.07083129999227822	26013696.0	26025984.0	7	7	0.8936202026329728	0.9048006142605725	1.000472366556448	True
tso	r03	13-privatized_25-struct_nr_true.yml	true	true	correct	correct	True	True	True	True	0.064879903	0.064153165	0.06961273297201842	0.07310526398941875	26054656.0	26050560.0	2	2	0.9887987193815625	1.0501708648445707	0.9998427920138343	True
tso	r03	13-privatized_27-multiple-protecting2_true.yml	true	true	correct	correct	True	True	True	True	0.065503724	0.093576197	0.06997416005469859	0.09691934403963387	26062848.0	26050560.0	26	26	1.4285630081123326	1.3850733465592486	0.9995285242809995	True
tso	r03	13-privatized_29-multiple-protecting2-vesal_true.yml	true	true	correct	correct	True	True	True	True	0.066757544	0.067127597	0.07355714903678745	0.07188880909234285	26091520.0	25976832.0	4	4	1.0055432386787626	0.9773191325888633	0.9956043956043956	True
tso	r03	13-privatized_30-traces-oplus-vs-meet_true.yml	true	true	correct	correct	True	True	True	True	0.081923327	0.066070724	0.08868620893917978	0.06884301803074777	26005504.0	25972736.0	2	2	0.8064946385783379	0.776253927800203	0.9987399590486691	True
tso	r03	13-privatized_31-traces-mine-vs-mutex_true.yml	true	true	correct	correct	True	True	True	True	0.071416444	0.067935288	0.07656343304552138	0.07084778801072389	26001408.0	26066944.0	4	4	0.9512555399705984	0.9253475868643559	1.0025204788909894	True
tso	r03	13-privatized_32-traces-mine-vs-oplus-vs-meet_true.yml	true	true	correct	correct	True	True	True	True	0.063472579	0.067812901	0.06885287398472428	0.07272228202782571	26083328.0	26038272.0	3	3	1.0683810563298521	1.05619820668575	0.9982726130653267	True
tso	r03	13-privatized_33-traces-v-matters_true.yml	true	true	correct	correct	True	True	True	True	0.060407747	0.07661914	0.06568634801078588	0.08149542508181185	26025984.0	26034176.0	1	1	1.268366125291844	1.2406752323698993	1.0003147623544224	True
tso	r03	13-privatized_34-traces-minepp-L-needs-to-be-um_true.yml	true	true	correct	correct	True	True	True	True	0.057943808	0.057921317	0.06422375701367855	0.062496287981048226	25960448.0	26001408.0	1	1	0.9996118480856487	0.9731023360675957	1.0015777847901546	True
tso	r03	13-privatized_35-traces-ex-2_true.yml	true	true	correct	correct	True	True	True	True	0.071081571	0.069998119	0.07746339600998908	0.0887348959222436	25919488.0	26017792.0	2	2	0.9847576244481147	1.1455074330952522	1.0037926675094817	True
tso	r03	13-privatized_36-traces-ex-3_true.yml	true	true	correct	correct	True	True	True	True	0.066747045	0.06473225	0.07303434400819242	0.06918088300153613	25927680.0	25931776.0	3	3	0.9698144689401605	0.947237685790345	1.0001579778830965	True
tso	r03	13-privatized_37-traces-ex-4_true.yml	true	true	correct	correct	True	True	True	True	0.066156966	0.063882026	0.07113914901856333	0.06940361298620701	25931776.0	26001408.0	2	2	0.9656129938002296	0.9756036436153679	1.0026851998104565	True
tso	r03	13-privatized_38-traces-ex-4-switch_true.yml	true	true	correct	correct	True	True	True	True	0.067612779	0.072303527	0.08860600006300956	0.07836423104163259	26030080.0	25939968.0	2	2	1.0693766484587182	0.8844122405469852	0.9965381589299764	True
tso	r03	13-privatized_40-traces-ex-6_true.yml	true	true	correct	correct	True	True	True	True	0.071327387	0.07127798	0.07704339094925672	0.07655758899636567	25956352.0	26038272.0	1	1	0.9993073207630612	0.9936944370321003	1.0031560675398454	True
tso	r03	13-privatized_41-traces-ex-7_unknown_1_neg.yml	false(unreach-call)	false(unreach-call)	correct	correct	True	True	True	True	0.069662167	0.06363207	0.07551491097547114	0.07143405894748867	25948160.0	26038272.0	0	0	0.9134379928204072	0.9459596525339476	1.003472770323599	True
tso	r03	13-privatized_41-traces-ex-7_unknown_1_pos.yml	false(unreach-call)	false(unreach-call)	correct	correct	True	True	True	True	0.069257643	0.068034798	0.07195876294281334	0.07197607902344316	25997312.0	26054656.0	0	0	0.9823435371602236	1.0002406389426621	1.0022057665038602	True
tso	r03	13-privatized_42-traces-ex-mini_true.yml	true	true	correct	correct	True	True	True	True	0.063503216	0.076974558	0.0691504190908745	0.08282575604971498	25989120.0	25968640.0	2	2	1.2121363743215776	1.1977621703328936	0.9992119779353822	True
tso	r03	13-privatized_44-traces-mine2_true.yml	true	true	correct	correct	True	True	True	True	0.056280172	0.069129292	0.06610010797157884	0.07447284692898393	26001408.0	26050560.0	1	1	1.228306338509413	1.1266675534176909	1.001890359168242	True
tso	r03	13-privatized_45-traces-per-global-and-current-lock-mine-incomparable_true.yml	true	true	correct	correct	True	True	True	True	0.069441712	0.070367547	0.07103695999830961	0.07225423294585198	26054656.0	25939968.0	2	2	1.0133325485984561	1.0171357691485015	0.9955981763873605	True
tso	r03	13-privatized_46-refine-protected1_true.yml	true	true	correct	correct	True	True	True	True	0.070180306	0.070301556	0.07806365797296166	0.07745569793041795	25948160.0	25997312.0	1	1	1.001727692666373	0.9922119964868379	1.0018942383583267	True
tso	r03	13-privatized_47-refine-protected2_true.yml	true	true	correct	correct	True	True	True	True	0.065449926	0.067420397	0.07375130301807076	0.07146001502405852	25993216.0	25964544.0	2	2	1.0301065428248155	0.9689322371233113	0.9988969429561929	True
tso	r03	13-privatized_57-singlethreaded-unlock_true.yml	true	true	correct	correct	True	True	True	True	0.05876723	0.070910553	0.07053760695271194	0.0769804809242487	25935872.0	25972736.0	1	1	1.206634258582547	1.0913395598443825	1.0014213518635502	True
tso	r03	13-privatized_58-singlethreaded-lock_true.yml	true	true	correct	correct	True	True	True	True	0.059847338	0.062997438	0.06520078191533685	0.06873098108917475	25952256.0	26001408.0	1	1	1.0526355909096576	1.0541435097883007	1.0018939393939394	True
tso	r03	13-privatized_66-mine-W-init_true.yml	true	true	correct	correct	True	True	True	True	0.066293162	0.074275717	0.06776306696701795	0.07563826395198703	25862144.0	25907200.0	1	1	1.1204129469642736	1.1162166551405082	1.0017421602787457	True
tso	r03	13-privatized_68-pfscan_protected_loop_minimal_interval_true.yml	true	true	correct	correct	True	True	True	True	0.070198761	0.071956383	0.07731564703863114	0.07988427905365825	26103808.0	26054656.0	0	0	1.0250377923336853	1.0332226672531586	0.9981170563313981	True
tso	r03	13-privatized_69-refine-protected-loop-interval_true.yml	true	true	correct	correct	True	True	True	True	0.068274998	0.066956582	0.0729080110322684	0.0715969359735027	26013696.0	26046464.0	0	0	0.9806896222831086	0.9820174074123975	1.0012596441505275	True
tso	r03	14_spin2003.yml	true	true	correct	correct	True	True	True	True	0.062900566	0.070872015	0.06703523197211325	0.07906030304729939	25952256.0	25976832.0	0	0	1.1267309581920135	1.1793843434477647	1.0009469696969697	True
tso	r03	28-race_reach_01-simple_racing.yml	TIMEOUT	TIMEOUT	error	error	False	False	False	True	61.039618721	60.802677817	61.05927442992106	61.067020197049715	1057157120.0	1057116160.0						True
tso	r03	28-race_reach_06-cond_racing1.yml	TIMEOUT	TIMEOUT	error	error	False	False	False	True	61.035512573	61.035676516	61.06540652399417	61.05478720308747	1057107968.0	1057198080.0						True
tso	r03	28-race_reach_11-ptr_racing.yml	TIMEOUT	TIMEOUT	error	error	False	False	False	True	61.040694772	61.04294682	61.06338985497132	61.06535418110434	1057120256.0	1057169408.0						True
tso	r03	28-race_reach_21-deref_read_racing.yml	false(unreach-call)	false(unreach-call)	correct	correct	True	True	True	True	3.344464228	3.356863021	3.354452379979193	3.366994844051078	56737792.0	56311808.0	0	0	1.0037072583692768	1.0037390496722336	0.9924920589084608	True
tso	r03	28-race_reach_24-sound_lock_racing.yml	TIMEOUT	TIMEOUT	error	error	False	False	False	True	61.032243957	61.038479198	61.04908906901255	61.05820066598244	1057177600.0	1057103872.0						True
tso	r03	28-race_reach_37-indirect_racing.yml	TIMEOUT	TIMEOUT	error	error	False	False	False	True	61.007733748	61.026371892	61.066537768929265	61.065160045051016	1057153024.0	1057124352.0						True
tso	r03	28-race_reach_45-escape_racing.yml	false(unreach-call)	false(unreach-call)	correct	correct	True	True	True	True	0.069107732	0.071370781	0.07426154101267457	0.07962107902858406	25960448.0	26001408.0	0	0	1.0327466831063128	1.0721711122988244	1.0015777847901546	True
tso	r03	28-race_reach_46-escape_racefree.yml	true	true	correct	correct	True	True	True	True	0.058145909	0.073448719	0.06468133395537734	0.07885460904799402	26005504.0	26095616.0	2	2	1.2631794783705246	1.2191246566187797	1.00346511261616	True
tso	r03	29_conditionals_vs.yml	true	true	correct	correct	True	True	True	True	0.059529958	0.067573835	0.06498295301571488	0.07098795392084867	25985024.0	25907200.0	0	0	1.1351231761325953	1.092408864578401	0.9970050441361917	True
tso	r03	36-apron_11-traces-max-simple_true.yml	true	true	correct	correct	True	True	True	True	0.070387409	0.065080929	0.0718294569524005	0.071801413083449	25968640.0	25935872.0	2	2	0.9246103802457055	0.9996095770434393	0.9987381703470032	True
tso	r03	36-apron_16-traces-unprot2_true.yml	true	true	correct	correct	True	True	True	True	0.065015147	0.067866349	0.06944329210091382	0.07207921193912625	25980928.0	25980928.0	1	1	1.043854426723053	1.0379578755336363	1.0	True
tso	r03	36-apron_17-traces-rpb-litmus_unknown_1_neg.yml	false(unreach-call)	false(unreach-call)	correct	correct	True	True	True	True	0.06949451	0.067844471	0.07319164206273854	0.06954834400676191	25952256.0	26062848.0	0	0	0.9762565560934239	0.9502224850638866	1.0042613636363635	True
tso	r03	36-apron_21-traces-cluster-based_true.yml	true	true	correct	correct	True	True	True	True	0.074663979	0.0767067	0.08006543293595314	0.07917668402660638	26120192.0	26148864.0	6	6	1.0273588553323685	0.9888997176839386	1.0010976948408343	True
tso	r03	36-apron_22-traces-write-centered-vs-meet-mutex_true_no-overflow.yml	true	true	correct	correct	True	True	True	True	0.071619187	0.062110801	0.07971424702554941	0.06823284993879497	26025984.0	26120192.0	1	1	0.8672368900250153	0.8559680669996856	1.0036197670758578	True
tso	r03	36-apron_41-threadenter-no-locals_unknown_1_pos.yml	false(unreach-call)	false(unreach-call)	correct	correct	True	True	True	True	0.058951834	0.058518541	0.06850944098550826	0.060989702004007995	25923584.0	25923584.0	0	0	0.9926500505480457	0.8902379165071437	1.0	True
tso	r03	43_NetBSD_sysmon_power_sliced.yml	true	true	correct	correct	True	True	True	True	0.06021494	0.059732722	0.06975689996033907	0.06634887703694403	26025984.0	26013696.0	0	0	0.9919917216557884	0.9511442893056787	0.9995278564683664	True
tso	r03	45_monabsex1_vs.yml	true	true	correct	correct	True	True	True	True	0.07002653	0.067176313	0.07604895404074341	0.07242372701875865	25948160.0	26034176.0	0	0	0.9592980403284298	0.952330350000047	1.0033149171270719	True
tso	r03	46_monabsex2_vs.yml	true	true	correct	correct	True	True	True	True	0.071826621	0.069530417	0.0766584420343861	0.07648364698980004	26013696.0	25985024.0	0	0	0.9680312958060494	0.9977198200231143	0.9988978113682885	True
tso	r03	48_ticket_lock_low_contention_vs-pthread.yml	true	true	correct	correct	True	True	True	True	0.064909037	0.070087479	0.07667489210143685	0.0768807289423421	26030080.0	26021888.0	0	0	1.0797799850273544	1.0026845403399192	0.9996852871754524	True
tso	r03	48_ticket_lock_low_contention_vs.yml	true	true	correct	correct	True	True	True	True	0.064990697	0.07209762	0.06854730693157762	0.07610114791896194	26071040.0	26009600.0	0	0	1.1093529278505814	1.1101989461806923	0.997643362136685	True
tso	r03	butterfly.yml	true	true	correct	correct	True	True	True	True	18.232364654	17.508770623	18.245104904053733	17.52975383400917	26238976.0	26193920.0	64560	64560	0.9603126613178367	0.9607921645939331	0.9982828598189197	True
tso	r03	circular_buffer_bad.yml	false(unreach-call)	false(unreach-call)	correct	correct	True	True	True	True	0.067097448	0.077089475	0.071927436045371	0.08487218909431249	26165248.0	26173440.0	1	1	1.1489181376913173	1.1799696160554936	1.0003130870381967	True
tso	r03	circular_buffer_ok.yml	true	true	correct	correct	True	True	True	True	4.181760396	4.04093668	4.187737534986809	4.047448856988922	26079232.0	26152960.0	3432	3432	0.966324298222657	0.9665001264224815	1.0028270771163814	True
tso	r03	dekker-unfair.yml	true	true	correct	correct	True	True	True	True	0.067751001	0.065422717	0.07342046010307968	0.07622955704573542	26050560.0	26071040.0	4	4	0.9656346922460969	1.0382604105001776	1.0007861635220126	True
tso	r03	dekker.yml	true	true	correct	correct	True	True	True	True	0.061477854	0.071192836	0.06926858704537153	0.07698212109971792	25993216.0	26038272.0	4	4	1.1580240910816437	1.1113568846047626	1.001733375354554	True
tso	r03	exponential-nondet.yml	true	true	correct	correct	True	True	True	True	0.063178994	0.063381367	0.07022355205845088	0.06692580401431769	26058752.0	26071040.0	1	1	1.0032031690786338	0.9530392874261289	1.0004715498270984	True
tso	r03	fib_safe-5.yml	true	true	correct	correct	True	True	True	True	6.591131533	6.382112942	6.606564563931897	6.405772790079936	26042368.0	26091520.0	2772	2772	0.9682879047469314	0.969607233546438	1.001887385970431	True
tso	r03	fib_safe-6.yml	true	true	correct	correct	True	True	True	True	33.603530811	32.619950593	33.66344361600932	32.64444363990333	26054656.0	26079232.0	12012	12012	0.9707298550401725	0.969729776082047	1.0009432479169942	True
tso	r03	fib_unsafe-5.yml	false(unreach-call)	false(unreach-call)	correct	correct	True	True	True	True	1.825593771	1.756394048	1.834336988045834	1.7637184810591862	26021888.0	26025984.0	632	632	0.9620946762093219	0.9615018900851585	1.000157405949945	True
tso	r03	fib_unsafe-6.yml	false(unreach-call)	false(unreach-call)	correct	correct	True	True	True	True	9.636623672	9.225921957	9.661673280992545	9.239959624013864	26087424.0	26075136.0	2942	2942	0.9573811607696866	0.9563519025417345	0.9995289684408856	True
tso	r03	fib_unsafe-7.yml	false(unreach-call)	false(unreach-call)	correct	correct	True	True	True	True	48.007646468	46.920584383	48.04301799903624	46.95965569501277	26087424.0	26030080.0	13238	13238	0.9773564803739214	0.9774501613523696	0.9978018527241325	True
tso	r03	lazy01.yml	false(unreach-call)	false(unreach-call)	correct	correct	True	True	True	True	0.062315739	0.067182335	0.06551847199443728	0.07384251500479877	26099712.0	26169344.0	1	1	1.078095776092778	1.1270487964229114	1.0026679221594477	True
tso	r03	pthread-demo-datarace-3.yml	false(unreach-call)	false(unreach-call)	correct	correct	True	True	True	True	0.136662667	0.146689893	0.14212338102515787	0.15279590501450002	26042368.0	26034176.0	0	0	1.0733720936384186	1.0750933724793175	0.9996854356715948	True
tso	r03	queue.yml	false(unreach-call)	false(unreach-call)	correct	correct	True	True	True	True	0.094869706	0.099173386	0.09737355704419315	0.10538373794406652	26165248.0	26243072.0	2	2	1.0453641123331825	1.0822623835774834	1.002974326862868	True
tso	r03	queue_longer.yml	TIMEOUT	TIMEOUT	error	error	False	False	False	True	61.016891738	61.013721469	61.050655750907026	61.050931161036715	606113792.0	604766208.0						True
tso	r03	queue_ok.yml	true	true	correct	correct	True	True	True	True	0.065885338	0.071848408	0.07280261209234595	0.07818773505277932	26226688.0	26238976.0	2	2	1.0905067831631978	1.0739688152068314	1.000468530376386	True
tso	r03	queue_ok_longer.yml	true	true	correct	correct	True	True	True	True	1.064324084	1.105583513	1.072480934089981	1.112840373069048	55533568.0	55508992.0	2	2	1.038765851135245	1.0376318475193338	0.9995574568520431	True
tso	r03	queue_ok_longest.yml	true	true	correct	correct	True	True	True	True	4.635667061	4.77531964	4.64119540899992	4.784506598021835	241668096.0	242982912.0	2	2	1.0301256706235227	1.030878076959228	1.005440585752784	True
tso	r03	race-1_1-join.yml	true	true	correct	correct	True	True	True	True	0.061497604	0.071294837	0.06916683597955853	0.07811795198358595	26181632.0	26169344.0	1	1	1.1593108082714898	1.129413408568708	0.9995306633291614	True
tso	r03	race-1_2-join.yml	false(unreach-call)	false(unreach-call)	correct	correct	True	True	True	True	0.06814319	0.074859794	0.0726246970007196	0.07646284799557179	26222592.0	26214400.0	1	1	1.0985660342581554	1.0528491154298951	0.999687597625742	True
tso	r03	race-1_3-join.yml	false(unreach-call)	false(unreach-call)	correct	correct	True	True	True	True	0.068777991	0.071545493	0.0719223270425573	0.07678410795051605	26202112.0	26292224.0	1	1	1.0402381918948462	1.0675976585835714	1.0034391120837893	True
tso	r03	race-2_1-container_of.yml	true	true	correct	correct	True	True	True	True	0.06804368	0.069978836	0.07554629899095744	0.07617236801888794	26349568.0	26279936.0	1	1	1.0284399080120301	1.0082872230181048	0.9973573760298461	True
tso	r03	race-3_1-container_of-global.yml	true	true	correct	correct	True	True	True	True	0.06433	0.070319881	0.07138325495179743	0.07558630697894841	26353664.0	26288128.0	1	1	1.0931117829939376	1.0588800837113572	0.9975132110662107	True
tso	r03	race-4_1-thread_local_vars.yml	true	true	correct	correct	True	True	True	True	0.068859032	0.076635909	0.07448177004698664	0.08183197397738695	26345472.0	26292224.0	0	0	1.112939098533944	1.0986846033031097	0.997978855721393	True
tso	r03	reorder_2.yml	false(unreach-call)	false(unreach-call)	correct	correct	True	True	True	True	0.146723837	0.154898732	0.1523922709748149	0.1623271011048928	26222592.0	26181632.0	162	162	1.0557162024054756	1.0651924803438344	0.9984379881287098	True
tso	r03	singleton.yml	false(unreach-call)	false(unreach-call)	correct	correct	True	True	True	True	0.066958663	0.075174331	0.07159262301865965	0.08186312601901591	26198016.0	26165248.0	1	1	1.1226976112112632	1.1434575598337748	0.9987492182614134	True
tso	r03	singleton_with-uninit-problems.yml	true	true	correct	correct	True	True	True	True	0.06413308	0.076641078	0.07184815302025527	0.0803760050330311	26238976.0	26206208.0	4	4	1.1950319242425282	1.118692710310475	0.9987511707773962	True
tso	r03	stateful01-1.yml	false(unreach-call)	false(unreach-call)	correct	correct	True	True	True	True	0.066903062	0.069045275	0.07106918597128242	0.07347901503089815	26079232.0	26136576.0	0	0	1.0320196555428212	1.033908212492957	1.0021988377571855	True
tso	r03	stateful01-2.yml	true	true	correct	correct	True	True	True	True	0.069356646	0.060966598	0.07698535197414458	0.06512544490396976	25989120.0	26021888.0	6	6	0.8790303671835573	0.8459459265165411	1.0012608353033885	True
tso	r03	szymanski.yml	true	true	correct	correct	True	True	True	True	0.070575358	0.072499879	0.07535589300096035	0.0751084559597075	26083328.0	26001408.0	6	6	1.0272690221422611	0.9967164208212661	0.996859296482412	True
tso	r03	time_var_mutex.yml	true	true	correct	correct	True	True	True	True	0.062155528	0.073123671	0.06545913394074887	0.08854768797755241	26099712.0	26062848.0	2	2	1.1764628722967327	1.3527170716572943	0.998587570621469	True
tso	r03	triangular-1.yml	true	true	correct	correct	True	True	True	True	7.799354946	7.743756927	7.817618309985846	7.75612822000403	26030080.0	26148864.0	16632	16632	0.9928714593213231	0.9921344215663136	1.0045633359559403	True
tso	r03	triangular-2.yml	false(unreach-call)	false(unreach-call)	correct	correct	True	True	True	True	1.880494074	1.866986503	1.8876104659866542	1.8712674510898069	26066944.0	26099712.0	3638	3638	0.9928170095366118	0.9913419557735368	1.0012570710245128	True
tso	r03	twostage_3.yml	false(unreach-call)	false(unreach-call)	correct	correct	True	True	True	True	0.073274768	0.082855306	0.07989240693859756	0.0886806360213086	26365952.0	26284032.0	4	4	1.1307481178241328	1.110000805076074	0.9968929625601989	True
tso	r03	unwind2-1.yml	false(unreach-call)	false(unreach-call)	correct	correct	True	True	True	True	0.070083171	0.071444537	0.07697188900783658	0.07726333092432469	26087424.0	26152960.0	1	1	1.0194250057549479	1.0037863422639717	1.0025121683152771	True
tso	r03	unwind2-100.yml	false(unreach-call)	false(unreach-call)	correct	correct	True	True	True	True	0.060973038	0.063753908	0.06932966702152044	0.06937670800834894	26099712.0	26050560.0	1	1	1.0456081916075757	1.00067851165092	0.9981167608286252	True
tso	r03	unwind3-1.yml	false(unreach-call)	false(unreach-call)	correct	correct	True	True	True	True	0.060299664	0.065913662	0.06538576306775212	0.07146701402962208	26038272.0	26062848.0	1	1	1.0931016464702024	1.0930057351409759	1.000943841434639	True
tso	r04	01b_inc.yml	true	true	correct	correct	True	True	True	True	0.070155742	0.065429244	0.07260384107939899	0.06907725206110626	26005504.0	26021888.0	0	0	0.9326284939014686	0.9514269635619406	1.0006300204756655	True
tso	r04	02_inc_cas.yml	true	true	correct	correct	True	True	True	True	0.070660865	0.066352181	0.07388595200609416	0.07035011006519198	25948160.0	26075136.0	0	0	0.9390230504537411	0.9521445979255903	1.004893449092344	True
tso	r04	13-privatized_01-priv_nr_true.yml	true	true	correct	correct	True	True	True	True	0.070746504	0.060065699	0.07345289993099868	0.06595606100745499	26050560.0	26046464.0	2	2	0.8490270982153407	0.8979367876477826	0.9998427672955975	True
tso	r04	13-privatized_18-first-reads_true.yml	true	true	correct	correct	True	True	True	True	0.064131637	0.068019268	0.06699246005155146	0.07279136695433408	25993216.0	25989120.0	2	2	1.0606195503788558	1.086560590524968	0.9998424204223133	True
tso	r04	13-privatized_18-first-reads_unknown_1_neg.yml	false(unreach-call)	false(unreach-call)	correct	correct	True	True	True	True	0.069434843	0.068400263	0.07247770705725998	0.07543205702677369	26050560.0	26001408.0	0	0	0.9850999879124088	1.040762188671058	0.9981132075471698	True
tso	r04	13-privatized_18-first-reads_unknown_2_pos.yml	false(unreach-call)	false(unreach-call)	correct	correct	True	True	True	True	0.066480385	0.07369345	0.07240080996416509	0.07932411809451878	25956352.0	26034176.0	0	0	1.1084991460263052	1.0956247331180464	1.002998264162853	True
tso	r04	13-privatized_19-publish-precision_true.yml	true	true	correct	correct	True	True	True	True	0.069648684	0.065896668	0.07733804499730468	0.07279208104591817	26042368.0	26025984.0	3	3	0.9461294056898477	0.9412195646845619	0.9993708713431897	True
tso	r04	13-privatized_19-publish-precision_unknown_1_neg.yml	false(unreach-call)	false(unreach-call)	correct	correct	True	True	True	True	0.065978991	0.067560232	0.0709190770285204	0.07185312604997307	26046464.0	26083328.0	0	0	1.0239658257277684	1.0131706313814128	1.0014153168737223	True
tso	r04	13-privatized_19-publish-precision_unknown_1_pos.yml	false(unreach-call)	false(unreach-call)	correct	correct	True	True	True	True	0.063488043	0.075026563	0.06788965302985162	0.07781193102709949	26062848.0	25964544.0	0	0	1.1817431984791216	1.1461530226540555	0.9962281942479962	True
tso	r04	13-privatized_19-publish-precision_unknown_2_neg.yml	false(unreach-call)	false(unreach-call)	correct	correct	True	True	True	True	0.074388878	0.069904284	0.07781805098056793	0.07340993802063167	26001408.0	26058752.0	0	0	0.9397141868438987	0.9433535933579599	1.0022054190296157	True
tso	r04	13-privatized_19-publish-precision_unknown_2_pos.yml	false(unreach-call)	false(unreach-call)	correct	correct	True	True	True	True	0.067118773	0.069215393	0.06971772597171366	0.07259556301869452	26042368.0	26058752.0	0	0	1.0312374601961212	1.0412784124391619	1.0006291286568103	True
tso	r04	13-privatized_20-publish-regression_true.yml	true	true	correct	correct	True	True	True	True	0.073832879	0.061612188	0.08074257895350456	0.06769728695508093	25952256.0	26017792.0	2	2	0.834481721889783	0.8384335481043312	1.0025252525252526	True
tso	r04	13-privatized_24-multiple-protecting_true.yml	true	true	correct	correct	True	True	True	True	0.067507536	0.071960549	0.07230116194114089	0.0763287510490045	26083328.0	26054656.0	7	7	1.0659631985383082	1.0557057314119294	0.9989007537688442	True
tso	r04	13-privatized_25-struct_nr_true.yml	true	true	correct	correct	True	True	True	True	0.070228458	0.06724148	0.0760086439549923	0.07267586200032383	26075136.0	26017792.0	2	2	0.9574676977814323	0.9561525928992769	0.9978008168394596	True
tso	r04	13-privatized_27-multiple-protecting2_true.yml	true	true	correct	correct	True	True	True	True	0.082560118	0.087516566	0.09087372303474694	0.0907003830652684	26103808.0	26034176.0	26	26	1.0600344103190356	0.9980925182364073	0.9973324964694806	True
tso	r04	13-privatized_29-multiple-protecting2-vesal_true.yml	true	true	correct	correct	True	True	True	True	0.072350304	0.071581105	0.07461957598570734	0.07750894594937563	26021888.0	25985024.0	4	4	0.9893684068003363	1.0387213398830049	0.9985833464504958	True
tso	r04	13-privatized_30-traces-oplus-vs-meet_true.yml	true	true	correct	correct	True	True	True	True	0.07162719	0.069175783	0.07787063799332827	0.07492033403832465	25997312.0	26071040.0	2	2	0.9657754687849686	0.9621127548068067	1.002835985504963	True
tso	r04	13-privatized_31-traces-mine-vs-mutex_true.yml	true	true	correct	correct	True	True	True	True	0.067187813	0.069049151	0.07449661602731794	0.07404866605065763	26025984.0	26046464.0	4	4	1.027703506289154	0.9939869755091151	1.0007869058860561	True
tso	r04	13-privatized_32-traces-mine-vs-oplus-vs-meet_true.yml	true	true	correct	correct	True	True	True	True	0.073846344	0.068762734	0.07781286002136767	0.07378006994258612	26091520.0	26001408.0	3	3	0.931159625180632	0.9481732186983729	0.9965463108320252	True
tso	r04	13-privatized_33-traces-v-matters_true.yml	true	true	correct	correct	True	True	True	True	0.067722182	0.072585074	0.07117730902973562	0.07682918210048229	25948160.0	26025984.0	1	1	1.0718064872747306	1.0794055457812473	1.0029992107340173	True
tso	r04	13-privatized_34-traces-minepp-L-needs-to-be-um_true.yml	true	true	correct	correct	True	True	True	True	0.071657436	0.073126821	0.0732182520441711	0.08103723998647183	25989120.0	26017792.0	1	1	1.0205056876441962	1.1067901475930304	1.0011032308904648	True
tso	r04	13-privatized_35-traces-ex-2_true.yml	true	true	correct	correct	True	True	True	True	0.072389285	0.061570815	0.07947412191424519	0.0661097289994359	25972736.0	25919488.0	2	2	0.8505515008194928	0.8318396907960828	0.9979498501813594	True
tso	r04	13-privatized_36-traces-ex-3_true.yml	true	true	correct	correct	True	True	True	True	0.066753263	0.066972999	0.07246265502180904	0.07487159001175314	26017792.0	25993216.0	3	3	1.0032917641793782	1.0332438135094426	0.9990554156171285	True
tso	r04	13-privatized_37-traces-ex-4_true.yml	true	true	correct	correct	True	True	True	True	0.067601035	0.070245828	0.07301492290571332	0.07472376991063356	26009600.0	26009600.0	2	2	1.0391235577975988	1.0234040787405465	1.0	True
tso	r04	13-privatized_38-traces-ex-4-switch_true.yml	true	true	correct	correct	True	True	True	True	0.06695073	0.065617024	0.07325100095476955	0.07168985903263092	26009600.0	26013696.0	2	2	0.9800792911443982	0.9786877735213121	1.0001574803149607	True
tso	r04	13-privatized_40-traces-ex-6_true.yml	true	true	correct	correct	True	True	True	True	0.088595716	0.070409693	0.09206381510011852	0.07630949793383479	26034176.0	26054656.0	1	1	0.7947302214928766	0.8288761208825525	1.000786658275645	True
tso	r04	13-privatized_41-traces-ex-7_unknown_1_neg.yml	false(unreach-call)	false(unreach-call)	correct	correct	True	True	True	True	0.07147233	0.055832521	0.08072257007006556	0.060417392989620566	25919488.0	26034176.0	0	0	0.7811767295119664	0.748457252255218	1.0044247787610618	True
tso	r04	13-privatized_41-traces-ex-7_unknown_1_pos.yml	false(unreach-call)	false(unreach-call)	correct	correct	True	True	True	True	0.066348387	0.066692267	0.07090741791762412	0.07258795492816716	25915392.0	26046464.0	0	0	1.0051829443871787	1.023700440093523	1.0050576892682155	True
tso	r04	13-privatized_42-traces-ex-mini_true.yml	true	true	correct	correct	True	True	True	True	0.063645728	0.059139698	0.07303774601314217	0.06379536795429885	25997312.0	26005504.0	2	2	0.9292013754638803	0.8734575125417989	1.0003151095005514	True
tso	r04	13-privatized_44-traces-mine2_true.yml	true	true	correct	correct	True	True	True	True	0.064929584	0.06383157	0.07207396801095456	0.06830244301818311	25944064.0	25997312.0	1	1	0.9830891570166229	0.9476714672876314	1.0020524155352069	True
tso	r04	13-privatized_45-traces-per-global-and-current-lock-mine-incomparable_true.yml	true	true	correct	correct	True	True	True	True	0.070192509	0.06997514	0.072154377005063	0.07433564402163029	26062848.0	25997312.0	2	2	0.9969032450457072	1.030230557134659	0.9974854628319975	True
tso	r04	13-privatized_46-refine-protected1_true.yml	true	true	correct	correct	True	True	True	True	0.064911402	0.06915852	0.06969058501999825	0.07396631292067468	25985024.0	26030080.0	1	1	1.0654294602972834	1.0613530206332673	1.001733921815889	True
tso	r04	13-privatized_47-refine-protected2_true.yml	true	true	correct	correct	True	True	True	True	0.07041721	0.068467164	0.07287966005969793	0.07234246307052672	26009600.0	25927680.0	2	2	0.972307252729837	0.9926289860746994	0.9968503937007874	True
tso	r04	13-privatized_57-singlethreaded-unlock_true.yml	true	true	correct	correct	True	True	True	True	0.06643469	0.064887847	0.07075003697536886	0.07074168405961245	26025984.0	25907200.0	1	1	0.9767163359985573	0.9998819376481837	0.995435945860875	True
tso	r04	13-privatized_58-singlethreaded-lock_true.yml	true	true	correct	correct	True	True	True	True	0.06710459	0.068942665	0.0726518000010401	0.07793505303561687	25985024.0	26001408.0	1	1	1.0273911963399225	1.0727201946063434	1.0006305170239596	True
tso	r04	13-privatized_66-mine-W-init_true.yml	true	true	correct	correct	True	True	True	True	0.067853454	0.055106202	0.0736179540399462	0.06086570105981082	25853952.0	26001408.0	1	1	0.8121355472928468	0.8267779491234459	1.005703422053232	True
tso	r04	13-privatized_68-pfscan_protected_loop_minimal_interval_true.yml	true	true	correct	correct	True	True	True	True	0.070464893	0.074681486	0.07547263498418033	0.08215831592679024	26058752.0	26058752.0	0	0	1.0598396282245117	1.0885841728463739	1.0	True
tso	r04	13-privatized_69-refine-protected-loop-interval_true.yml	true	true	correct	correct	True	True	True	True	0.072928727	0.071485011	0.07514375692699105	0.07517777406610548	26103808.0	26120192.0	0	0	0.9802037405644006	1.0004526941492624	1.000627647889534	True
tso	r04	14_spin2003.yml	true	true	correct	correct	True	True	True	True	0.067639256	0.062839906	0.08107904309872538	0.06702255795244128	25935872.0	26013696.0	0	0	0.9290449025636829	0.8266323255792707	1.0030006317119393	True
tso	r04	28-race_reach_01-simple_racing.yml	TIMEOUT	TIMEOUT	error	error	False	False	False	True	61.044697778	60.95417401	61.067404762958176	61.06197598099243	1057071104.0	1057161216.0						True
tso	r04	28-race_reach_06-cond_racing1.yml	TIMEOUT	TIMEOUT	error	error	False	False	False	True	60.87358721	61.043736806	61.05764327896759	61.06310868100263	1057157120.0	1057087488.0						True
tso	r04	28-race_reach_11-ptr_racing.yml	TIMEOUT	TIMEOUT	error	error	False	False	False	True	61.046623249	61.029419707	61.067026851000264	61.06065752194263	1057103872.0	1057140736.0						True
tso	r04	28-race_reach_21-deref_read_racing.yml	false(unreach-call)	false(unreach-call)	correct	correct	True	True	True	True	3.321122083	3.415047665	3.3315890749217942	3.4283912180690095	56733696.0	56553472.0	0	0	1.0282812795352454	1.029055847215938	0.9968233340553029	True
tso	r04	28-race_reach_24-sound_lock_racing.yml	TIMEOUT	TIMEOUT	error	error	False	False	False	True	60.790910834	60.989698937	61.06146942800842	61.05075429100543	1057132544.0	1057198080.0						True
tso	r04	28-race_reach_37-indirect_racing.yml	TIMEOUT	TIMEOUT	error	error	False	False	False	True	60.913899302	61.041114381	61.06717729906086	61.06204351701308	1057169408.0	1057103872.0						True
tso	r04	28-race_reach_45-escape_racing.yml	false(unreach-call)	false(unreach-call)	correct	correct	True	True	True	True	0.065909089	0.067413019	0.06821449205745012	0.07072586298454553	26030080.0	26025984.0	0	0	1.0228182489368045	1.0368157975138237	0.9998426435877262	True
tso	r04	28-race_reach_46-escape_racefree.yml	true	true	correct	correct	True	True	True	True	0.062501597	0.068952993	0.06829332001507282	0.078827841905877	26009600.0	26017792.0	2	2	1.1032196985302631	1.1542540601112836	1.0003149606299213	True
tso	r04	29_conditionals_vs.yml	true	true	correct	correct	True	True	True	True	0.062646424	0.074832547	0.06811542401555926	0.08043299394194037	25907200.0	25939968.0	0	0	1.1945222443981798	1.1808337847763741	1.0012648221343874	True
tso	r04	36-apron_11-traces-max-simple_true.yml	true	true	correct	correct	True	True	True	True	0.067499353	0.06714684	0.07251989096403122	0.07193975301925093	25911296.0	25980928.0	2	2	0.9947775351268923	0.9920002920982324	1.002687322162504	True
tso	r04	36-apron_16-traces-unprot2_true.yml	true	true	correct	correct	True	True	True	True	0.071410365	0.065582619	0.07852545799687505	0.07399916800204664	25985024.0	25976832.0	1	1	0.9183907546194449	0.9423589481641924	0.9996847414880202	True
tso	r04	36-apron_17-traces-rpb-litmus_unknown_1_neg.yml	false(unreach-call)	false(unreach-call)	correct	correct	True	True	True	True	0.067925543	0.066487594	0.0708810129435733	0.06932997703552246	26030080.0	25956352.0	0	0	0.9788305115205335	0.9781177519389349	0.9971675845790716	True
tso	r04	36-apron_21-traces-cluster-based_true.yml	true	true	correct	correct	True	True	True	True	0.073254179	0.077753659	0.07524345605634153	0.08237519499380141	26013696.0	26025984.0	6	6	1.0614228438762519	1.094782181883295	1.000472366556448	True
tso	r04	36-apron_22-traces-write-centered-vs-meet-mutex_true_no-overflow.yml	true	true	correct	correct	True	True	True	True	0.072361017	0.07508089	0.07859231601469219	0.08109220606274903	26001408.0	26071040.0	1	1	1.0375875452386192	1.0318083264983502	1.002678008821676	True
tso	r04	36-apron_41-threadenter-no-locals_unknown_1_pos.yml	false(unreach-call)	false(unreach-call)	correct	correct	True	True	True	True	0.067184532	0.071288484	0.0797335070092231	0.07246262999251485	25870336.0	25960448.0	0	0	1.0610847746918888	0.9088102694910033	1.0034832172260926	True
tso	r04	43_NetBSD_sysmon_power_sliced.yml	true	true	correct	correct	True	True	True	True	0.066493151	0.061652623	0.0765169580699876	0.0766329379985109	26013696.0	25960448.0	0	0	0.9272026076790976	1.001515741496378	0.9979530782553928	True
tso	r04	45_monabsex1_vs.yml	true	true	correct	correct	True	True	True	True	0.0693664	0.070275055	0.07141299406066537	0.07257450208999217	25976832.0	26017792.0	0	0	1.0130993535775248	1.0162646594587548	1.00157678965626	True
tso	r04	46_monabsex2_vs.yml	true	true	correct	correct	True	True	True	True	0.068574185	0.0694717	0.07161111000459641	0.07845435896888375	25944064.0	26001408.0	0	0	1.0130882342969152	1.0955612748335852	1.0022102936532997	True
tso	r04	48_ticket_lock_low_contention_vs-pthread.yml	true	true	correct	correct	True	True	True	True	0.072543234	0.070274762	0.07639944099355489	0.07354918692726642	26038272.0	26034176.0	0	0	0.9687293786764456	0.962692736632341	0.9998426930942268	True
tso	r04	48_ticket_lock_low_contention_vs.yml	true	true	correct	correct	True	True	True	True	0.070158652	0.072765535	0.07185745099559426	0.07611944701056927	26030080.0	26030080.0	0	0	1.0371569710318835	1.0593118174375031	1.0	True
tso	r04	butterfly.yml	true	true	correct	correct	True	True	True	True	18.439516904	17.294703227	18.45361517101992	17.3070671800524	26214400.0	26189824.0	64560	64560	0.9379152022821344	0.9378686517334506	0.9990625	True
tso	r04	circular_buffer_bad.yml	false(unreach-call)	false(unreach-call)	correct	correct	True	True	True	True	0.076995075	0.067902283	0.07863934698980302	0.0721080939983949	26087424.0	26152960.0	1	1	0.8819042386802013	0.9169467545012168	1.0025121683152771	True
tso	r04	circular_buffer_ok.yml	true	true	correct	correct	True	True	True	True	4.078401892	4.145048802	4.087838758016005	4.152719883946702	26083328.0	26157056.0	3432	3432	1.016341427785901	1.015871742935914	1.002826633165829	True
tso	r04	dekker-unfair.yml	true	true	correct	correct	True	True	True	True	0.065892617	0.069251388	0.0737266750074923	0.07649086404126137	26001408.0	26099712.0	4	4	1.050973404197924	1.0374923870293644	1.003780718336484	True
tso	r04	dekker.yml	true	true	correct	correct	True	True	True	True	0.06757023	0.063777973	0.07457103801425546	0.07065848901402205	26066944.0	26025984.0	4	4	0.9438768078782624	0.947532593022435	0.9984286612193589	True
tso	r04	exponential-nondet.yml	true	true	correct	correct	True	True	True	True	0.066629417	0.064380054	0.0719325429527089	0.07197634398471564	26095616.0	26124288.0	1	1	0.9662406921555385	1.0006089181642799	1.0010987286140323	True
tso	r04	fib_safe-5.yml	true	true	correct	correct	True	True	True	True	6.446180711	6.446324303	6.457748863031156	6.459918241947889	26013696.0	26021888.0	2772	2772	1.0000222755157568	1.0003359342338554	1.000314911037632	True
tso	r04	fib_safe-6.yml	true	true	correct	correct	True	True	True	True	33.348256287	32.771521333	33.37657462700736	32.81044155289419	25952256.0	26005504.0	12012	12012	0.9827056938438841	0.9830380115263515	1.0020517676767677	True
tso	r04	fib_unsafe-5.yml	false(unreach-call)	false(unreach-call)	correct	correct	True	True	True	True	1.775992537	1.790915403	1.7799989730119705	1.8092515260213986	26075136.0	26030080.0	632	632	1.0084025499483278	1.0164340280263922	0.9982720703738611	True
tso	r04	fib_unsafe-6.yml	false(unreach-call)	false(unreach-call)	correct	correct	True	True	True	True	9.404809063	9.481134683	9.417180552962236	9.492810577969067	26062848.0	26025984.0	2942	2942	1.008115594850328	1.0080310688089165	0.9985855728429985	True
tso	r04	fib_unsafe-7.yml	false(unreach-call)	false(unreach-call)	correct	correct	True	True	True	True	48.277313623	47.103173805	48.43187075096648	47.13819904602133	26001408.0	26042368.0	13238	13238	0.9756792636150197	0.9732888347097487	1.0015752993068683	True
tso	r04	lazy01.yml	false(unreach-call)	false(unreach-call)	correct	correct	True	True	True	True	0.067458119	0.059948806	0.0719082560390234	0.06610368192195892	26087424.0	26099712.0	1	1	0.8886818501417154	0.919278057391429	1.0004710315591145	True
tso	r04	pthread-demo-datarace-3.yml	false(unreach-call)	false(unreach-call)	correct	correct	True	True	True	True	0.146452766	0.143904652	0.15456432790961117	0.1474169431021437	26107904.0	26050560.0	0	0	0.9826011206917047	0.953757863123196	0.9978035770316912	True
tso	r04	queue.yml	false(unreach-call)	false(unreach-call)	correct	correct	True	True	True	True	0.097691731	0.089511933	0.10462300502695143	0.09449342894367874	26157056.0	26243072.0	2	2	0.9162692899770606	0.9031802223548897	1.0032884434700908	True
tso	r04	queue_longer.yml	TIMEOUT	TIMEOUT	error	error	False	False	False	True	61.012502768	61.021824385	61.04574271000456	61.053566374932416	606359552.0	604315648.0						True
tso	r04	queue_ok.yml	true	true	correct	correct	True	True	True	True	0.074845364	0.071590331	0.08163077605422586	0.07637823303230107	26161152.0	26234880.0	2	2	0.9565098915144563	0.9356548684722092	1.0028182245185533	True
tso	r04	queue_ok_longer.yml	true	true	correct	correct	True	True	True	True	1.094058192	1.093927642	1.1019340599887073	1.0979244359768927	55566336.0	55504896.0	2	2	0.9998806736232544	0.9963612849830091	0.9988942945599293	True
tso	r04	queue_ok_longest.yml	true	true	correct	correct	True	True	True	True	4.764907515	4.702679931	4.768696695100516	4.710689224069938	241483776.0	242118656.0	2	2	0.9869404424316511	0.9878357809817981	1.0026290793133863	True
tso	r04	race-1_1-join.yml	true	true	correct	correct	True	True	True	True	0.069351034	0.063167542	0.07560737803578377	0.07047359901480377	26247168.0	26288128.0	1	1	0.9108377821735143	0.9320994967111508	1.0015605493133584	True
tso	r04	race-1_2-join.yml	false(unreach-call)	false(unreach-call)	correct	correct	True	True	True	True	0.07643792	0.067390133	0.07953447697218508	0.07449688599444926	26218496.0	26296320.0	1	1	0.8816322186684306	0.9366615439050718	1.0029682862052804	True
tso	r04	race-1_3-join.yml	false(unreach-call)	false(unreach-call)	correct	correct	True	True	True	True	0.071614999	0.068322874	0.07945671095512807	0.07326592493336648	26243072.0	26288128.0	1	1	0.954030230454936	0.9220860523001293	1.001716872171063	True
tso	r04	race-2_1-container_of.yml	true	true	correct	correct	True	True	True	True	0.07064066	0.065106082	0.07850332197267562	0.0729858010308817	26267648.0	26288128.0	1	1	0.9216516663349408	0.9297160833051832	1.0007796663028223	True
tso	r04	race-3_1-container_of-global.yml	true	true	correct	correct	True	True	True	True	0.070940199	0.063352793	0.07853204605635256	0.07008779200259596	26345472.0	26288128.0	1	1	0.8930450420642323	0.8924737800961251	0.9978233830845771	True
tso	r04	race-4_1-thread_local_vars.yml	true	true	correct	correct	True	True	True	True	0.072712313	0.075468892	0.08004233008250594	0.0813345960341394	26288128.0	26296320.0	0	0	1.037910759351033	1.0161447817711131	1.000311623558741	True
tso	r04	reorder_2.yml	false(unreach-call)	false(unreach-call)	correct	correct	True	True	True	True	0.1571591	0.149786841	0.16359364800155163	0.15439468703698367	26226688.0	26165248.0	162	162	0.953090473284716	0.9437694490162557	0.9976573481180696	True
tso	r04	singleton.yml	false(unreach-call)	false(unreach-call)	correct	correct	True	True	True	True	0.072527941	0.06312734	0.08020080509595573	0.07018685003276914	26222592.0	26173440.0	1	1	0.8703864900838699	0.8751389708469204	0.9981255857544518	True
tso	r04	singleton_with-uninit-problems.yml	true	true	correct	correct	True	True	True	True	0.077584138	0.068686655	0.08158859901595861	0.07571087300311774	26218496.0	26308608.0	4	4	0.8853182721447521	0.9279589785370479	1.0034369629745352	True
tso	r04	stateful01-1.yml	false(unreach-call)	false(unreach-call)	correct	correct	True	True	True	True	0.066869281	0.074573818	0.07331135508138686	0.07821857498493046	26025984.0	26083328.0	0	0	1.1152178830814705	1.0669366962061446	1.0022033364809568	True
tso	r04	stateful01-2.yml	true	true	correct	correct	True	True	True	True	0.07276126	0.070710906	0.07980007107835263	0.0777305739466101	26095616.0	26120192.0	6	6	0.971820801344012	0.974066475082327	1.0009417673834562	True
tso	r04	szymanski.yml	true	true	correct	correct	True	True	True	True	0.070072644	0.060611439	0.0750630209222436	0.06798690801952034	26107904.0	26054656.0	6	6	0.864980048419466	0.9057310401875077	0.9979604643865705	True
tso	r04	time_var_mutex.yml	true	true	correct	correct	True	True	True	True	0.072672385	0.075759387	0.07473430305253714	0.08343614905606955	26087424.0	26021888.0	2	2	1.0424783361657939	1.1164371064973355	0.9974878316847229	True
tso	r04	triangular-1.yml	true	true	correct	correct	True	True	True	True	7.66987485	7.828421094	7.675902339979075	7.8395965120289475	26071040.0	26034176.0	16632	16632	1.0206712947865115	1.021325723647797	0.998586017282011	True
tso	r04	triangular-2.yml	false(unreach-call)	false(unreach-call)	correct	correct	True	True	True	True	1.864321911	1.903203696	1.870421840925701	1.908780285040848	26001408.0	26079232.0	3638	3638	1.0208557249531784	1.0205079107160997	1.0029930686830497	True
tso	r04	twostage_3.yml	false(unreach-call)	false(unreach-call)	correct	correct	True	True	True	True	0.083305361	0.075524053	0.08805606001988053	0.08345189900137484	26345472.0	26296320.0	4	4	0.9065929502424219	0.9477132974440805	0.9981343283582089	True
tso	r04	unwind2-1.yml	false(unreach-call)	false(unreach-call)	correct	correct	True	True	True	True	0.060299971	0.063002261	0.06989576097112149	0.07088565593585372	26091520.0	26173440.0	1	1	1.044814117738133	1.0141624463483732	1.0031397174254317	True
tso	r04	unwind2-100.yml	false(unreach-call)	false(unreach-call)	correct	correct	True	True	True	True	0.065276143	0.065384213	0.06969330506399274	0.07883273996412754	26128384.0	26050560.0	1	1	1.0016555818869384	1.1311379176485163	0.9970214767204891	True
tso	r04	unwind3-1.yml	false(unreach-call)	false(unreach-call)	correct	correct	True	True	True	True	0.061931849	0.066631004	0.06900876795407385	0.07152762007899582	26091520.0	26017792.0	1	1	1.0758762264630595	1.036500465080007	0.9971742543171115	True
pso	r01	01b_inc.yml	true	true	correct	correct	True	True	True	True	0.071862248	0.075928534	0.07663856202270836	0.08131506992504	25960448.0	26001408.0	0	0	1.0565844530775046	1.061020298122843	1.0015777847901546	True
pso	r01	02_inc_cas.yml	true	true	correct	correct	True	True	True	True	0.064838949	0.069585337	0.06914323999080807	0.07593699300196022	25972736.0	26050560.0	0	0	1.073202728810425	1.0982562143754806	1.0029963728118594	True
pso	r01	13-privatized_01-priv_nr_true.yml	true	true	correct	correct	True	True	True	True	0.072034555	0.082593164	0.07845735596492887	0.08797949901781976	25980928.0	26042368.0	2	2	1.1465770004409688	1.1213671163880081	1.0023648116033423	True
pso	r01	13-privatized_18-first-reads_true.yml	true	true	correct	correct	True	True	True	True	0.065703711	0.072021598	0.0698861910495907	0.07625302497763187	26009600.0	25985024.0	2	2	1.0961572322756625	1.0911028893179098	0.9990551181102362	True
pso	r01	13-privatized_18-first-reads_unknown_1_neg.yml	false(unreach-call)	false(unreach-call)	correct	correct	True	True	True	True	0.066737793	0.069408184	0.07120253297034651	0.07462967396713793	26103808.0	26058752.0	0	0	1.040013175143505	1.0481322904371775	0.9982739683037816	True
pso	r01	13-privatized_18-first-reads_unknown_2_pos.yml	false(unreach-call)	false(unreach-call)	correct	correct	True	True	True	True	0.066465369	0.068138838	0.07310445909388363	0.07415813906118274	26075136.0	26075136.0	0	0	1.0251780592687298	1.0144133474258517	1.0	True
pso	r01	13-privatized_19-publish-precision_true.yml	true	true	correct	correct	True	True	True	True	0.068347937	0.071626602	0.07617134600877762	0.08104023500345647	26038272.0	26071040.0	3	3	1.0479702115954137	1.0639202173756754	1.0012584552461854	True
pso	r01	13-privatized_19-publish-precision_unknown_1_neg.yml	false(unreach-call)	false(unreach-call)	correct	correct	True	True	True	True	0.065572703	0.067950803	0.06997268402483314	0.07597436895594001	26005504.0	26054656.0	0	0	1.0362666153932987	1.0857718267456609	1.0018900614269963	True
pso	r01	13-privatized_19-publish-precision_unknown_1_pos.yml	false(unreach-call)	false(unreach-call)	correct	correct	True	True	True	True	0.064806355	0.067300469	0.07396750501357019	0.08016953803598881	25989120.0	26025984.0	0	0	1.0384856392555948	1.0838480765476783	1.001418439716312	True
pso	r01	13-privatized_19-publish-precision_unknown_2_neg.yml	false(unreach-call)	false(unreach-call)	correct	correct	True	True	True	True	0.067581159	0.06786832	0.07282585394568741	0.07571090804412961	26062848.0	26054656.0	0	0	1.0042491280742905	1.0396157949702016	0.9996856828539997	True
pso	r01	13-privatized_19-publish-precision_unknown_2_pos.yml	false(unreach-call)	false(unreach-call)	correct	correct	True	True	True	True	0.063773979	0.0686111	0.06631984503474087	0.07597140700090677	26066944.0	26038272.0	0	0	1.0758478783329484	1.1455305265129923	0.9989000628535513	True
pso	r01	13-privatized_20-publish-regression_true.yml	true	true	correct	correct	True	True	True	True	0.076279641	0.077604346	0.085916991927661	0.08410632598679513	26087424.0	26062848.0	2	2	1.0173664293989009	0.9789254034593019	0.999057936881771	True
pso	r01	13-privatized_24-multiple-protecting_true.yml	true	true	correct	correct	True	True	True	True	0.101727918	0.116516677	0.1061649079201743	0.11968751205131412	26099712.0	26132480.0	7	7	1.145375618519982	1.1273735775413425	1.0012554927809165	True
pso	r01	13-privatized_25-struct_nr_true.yml	true	true	correct	correct	True	True	True	True	0.059725873	0.074158946	0.06653035001363605	0.08028561889659613	26017792.0	25989120.0	2	2	1.241655287315767	1.2067517889225114	0.9988979848866498	True
pso	r01	13-privatized_27-multiple-protecting2_true.yml	true	true	correct	correct	True	True	True	True	0.193679347	0.205607838	0.20129585696849972	0.2117310620378703	26116096.0	26050560.0	26	26	1.0615888641962428	1.0518401383243747	0.9974905897114178	True
pso	r01	13-privatized_29-multiple-protecting2-vesal_true.yml	true	true	correct	correct	True	True	True	True	0.073355347	0.079850362	0.07768650096841156	0.0895137059269473	26071040.0	26038272.0	4	4	1.088541807320467	1.1522427295746638	0.9987431264728986	True
pso	r01	13-privatized_30-traces-oplus-vs-meet_true.yml	true	true	correct	correct	True	True	True	True	0.078333482	0.07936947	0.0822908990085125	0.0849361150758341	26066944.0	26046464.0	2	2	1.0132253536233715	1.032144697642056	0.9992143306096795	True
pso	r01	13-privatized_31-traces-mine-vs-mutex_true.yml	true	true	correct	correct	True	True	True	True	0.073031636	0.078440218	0.07758679706603289	0.08326863299589604	25997312.0	26103808.0	4	4	1.0740580698479767	1.073231994936296	1.0040964235071688	True
pso	r01	13-privatized_32-traces-mine-vs-oplus-vs-meet_true.yml	true	true	correct	correct	True	True	True	True	0.06381361	0.078681936	0.07026860595215112	0.08707469701766968	26079232.0	26099712.0	3	3	1.2329961586564369	1.2391692682356974	1.0007852991989947	True
pso	r01	13-privatized_33-traces-v-matters_true.yml	true	true	correct	correct	True	True	True	True	0.071443808	0.071725309	0.08079544291831553	0.07758248795289546	26066944.0	26038272.0	1	1	1.0039401735137075	0.9602334630596879	0.9989000628535513	True
pso	r01	13-privatized_34-traces-minepp-L-needs-to-be-um_true.yml	true	true	correct	correct	True	True	True	True	0.066814772	0.073553885	0.07706425699871033	0.07490083097945899	26095616.0	26017792.0	1	1	1.1008626206192846	0.9719269853041268	0.9970177366190551	True
pso	r01	13-privatized_35-traces-ex-2_true.yml	true	true	correct	correct	True	True	True	True	0.070601055	0.082301706	0.08107132604345679	0.08619026991073042	26058752.0	25993216.0	2	2	1.165729124019464	1.0631412376865492	0.9974850675888085	True
pso	r01	13-privatized_36-traces-ex-3_true.yml	true	true	correct	correct	True	True	True	True	0.071973561	0.069896455	0.07555796799715608	0.07559249992482364	25927680.0	25980928.0	3	3	0.9711407081831062	1.0004570256265872	1.0020537124802527	True
pso	r01	13-privatized_37-traces-ex-4_true.yml	true	true	correct	correct	True	True	True	True	0.069297693	0.078221542	0.08368784689810127	0.0820422190008685	26054656.0	26025984.0	2	2	1.12877555678513	0.9803361185855756	0.9988995440968401	True
pso	r01	13-privatized_38-traces-ex-4-switch_true.yml	true	true	correct	correct	True	True	True	True	0.074068596	0.076911293	0.08140253892634064	0.0840910489205271	25972736.0	25927680.0	2	2	1.0383792477988918	1.0330273481594872	0.9982652578457657	True
pso	r01	13-privatized_40-traces-ex-6_true.yml	true	true	correct	correct	True	True	True	True	0.064283715	0.075961373	0.07376593491062522	0.08496289094910026	25956352.0	26071040.0	1	1	1.1816581073449162	1.1517903359056083	1.0044184945557835	True
pso	r01	13-privatized_41-traces-ex-7_unknown_1_neg.yml	false(unreach-call)	false(unreach-call)	correct	correct	True	True	True	True	0.070910238	0.072675159	0.07675283402204514	0.07865749101620167	26017792.0	25985024.0	0	0	1.0248895089027907	1.0248154614539637	0.9987405541561712	True
pso	r01	13-privatized_41-traces-ex-7_unknown_1_pos.yml	false(unreach-call)	false(unreach-call)	correct	correct	True	True	True	True	0.066188732	0.070266163	0.07123909192159772	0.07573634700383991	25985024.0	26058752.0	0	0	1.0616030988477012	1.0631290343676987	1.0028373266078183	True
pso	r01	13-privatized_42-traces-ex-mini_true.yml	true	true	correct	correct	True	True	True	True	0.068017474	0.074138183	0.07364497997332364	0.08211014198604971	25993216.0	26021888.0	2	2	1.0899873023805617	1.1149455402906268	1.001103057043807	True
pso	r01	13-privatized_44-traces-mine2_true.yml	true	true	correct	correct	True	True	True	True	0.069281938	0.068816114	0.07568060094490647	0.07839039899408817	25968640.0	25960448.0	1	1	0.9932764005533448	1.0358057152737776	0.9996845425867508	True
pso	r01	13-privatized_45-traces-per-global-and-current-lock-mine-incomparable_true.yml	true	true	correct	correct	True	True	True	True	0.066575499	0.070034706	0.0703571269987151	0.08008824801072478	26075136.0	26038272.0	2	2	1.0519591599305926	1.1383103805842925	0.9985862393967955	True
pso	r01	13-privatized_46-refine-protected1_true.yml	true	true	correct	correct	True	True	True	True	0.072015723	0.075536554	0.07714401197154075	0.07764273299835622	26025984.0	26042368.0	1	1	1.04888975425547	1.0064648054213132	1.0006295247088448	True
pso	r01	13-privatized_47-refine-protected2_true.yml	true	true	correct	correct	True	True	True	True	0.062028891	0.074046789	0.06945021194405854	0.0778789019677788	25952256.0	25993216.0	2	2	1.1937467816408325	1.1213630568976447	1.0015782828282829	True
pso	r01	13-privatized_57-singlethreaded-unlock_true.yml	true	true	correct	correct	True	True	True	True	0.064413546	0.071021646	0.07080391200724989	0.07482509803958237	26013696.0	26025984.0	1	1	1.1025886697807321	1.0567932748111535	1.000472366556448	True
pso	r01	13-privatized_58-singlethreaded-lock_true.yml	true	true	correct	correct	True	True	True	True	0.066439347	0.074420692	0.07190317800268531	0.07986344094388187	25989120.0	26017792.0	1	1	1.1201297929674114	1.1107080822060365	1.0011032308904648	True
pso	r01	13-privatized_66-mine-W-init_true.yml	true	true	correct	correct	True	True	True	True	0.070370734	0.075704359	0.0773194630164653	0.08021861303132027	25894912.0	26042368.0	1	1	1.075793226769526	1.0374957339555966	1.005694400506169	True
pso	r01	13-privatized_68-pfscan_protected_loop_minimal_interval_true.yml	true	true	correct	correct	True	True	True	True	0.078903483	0.068412471	0.08443924109451473	0.07474136096425354	26079232.0	26079232.0	0	0	0.8670399378947569	0.8851496057454362	1.0	True
pso	r01	13-privatized_69-refine-protected-loop-interval_true.yml	true	true	correct	correct	True	True	True	True	0.078708385	0.071588369	0.082125955959782	0.07767271401826292	26083328.0	26087424.0	0	0	0.9095392949556771	0.9457754629522988	1.0001570351758795	True
pso	r01	14_spin2003.yml	true	true	correct	correct	True	True	True	True	0.060093404	0.06696937	0.06304588599596173	0.0743785829981789	26038272.0	26009600.0	0	0	1.1144213098662208	1.1797531563430335	0.9988988516595878	True
pso	r01	28-race_reach_01-simple_racing.yml	TIMEOUT	TIMEOUT	error	error	False	False	False	True	61.020702131	61.030527411	61.06669891998172	61.065360929002054	1057107968.0	1057091584.0						True
pso	r01	28-race_reach_06-cond_racing1.yml	TIMEOUT	TIMEOUT	error	error	False	False	False	True	61.043849777	61.041889319	61.06046588998288	61.06249293498695	1057103872.0	1057087488.0						True
pso	r01	28-race_reach_11-ptr_racing.yml	TIMEOUT	TIMEOUT	error	error	False	False	False	True	61.029207084	61.006855791	61.06555036001373	61.06417767307721	1057124352.0	1057083392.0						True
pso	r01	28-race_reach_21-deref_read_racing.yml	false(unreach-call)	false(unreach-call)	correct	correct	True	True	True	True	3.328202975	3.338503448	3.346784509019926	3.3569647839758545	56758272.0	56791040.0	0	0	1.0030949052919467	1.0030418077197656	1.0005773255394386	True
pso	r01	28-race_reach_24-sound_lock_racing.yml	TIMEOUT	TIMEOUT	error	error	False	False	False	True	61.045201223	61.035505786	61.06849144899752	61.05391874304041	1057075200.0	1057144832.0						True
pso	r01	28-race_reach_37-indirect_racing.yml	TIMEOUT	TIMEOUT	error	error	False	False	False	True	61.027931404	61.039136109	61.06230264098849	61.06972033996135	1057128448.0	1057177600.0						True
pso	r01	28-race_reach_45-escape_racing.yml	false(unreach-call)	false(unreach-call)	correct	correct	True	True	True	True	0.070791646	0.069636878	0.07794390292838216	0.07643400598317385	26120192.0	26107904.0	0	0	0.9836877927658301	0.9806284149435568	0.9995295593539282	True
pso	r01	28-race_reach_46-escape_racefree.yml	true	true	correct	correct	True	True	True	True	0.070320635	0.073458289	0.07191136595793068	0.0796339069493115	26083328.0	26075136.0	2	2	1.044619250096362	1.1073897135523558	0.9996859296482412	True
pso	r01	29_conditionals_vs.yml	true	true	correct	correct	True	True	True	True	0.063791075	0.070989012	0.06852442095987499	0.0763709619641304	26001408.0	26030080.0	0	0	1.1128361138294032	1.1145072208468572	1.0011027095148077	True
pso	r01	36-apron_11-traces-max-simple_true.yml	true	true	correct	correct	True	True	True	True	0.066328524	0.081158693	0.06806285900529474	0.08805839798878878	26042368.0	26025984.0	2	2	1.2235865975247693	1.2937804740458898	0.9993708713431897	True
pso	r01	36-apron_16-traces-unprot2_true.yml	true	true	correct	correct	True	True	True	True	0.063666774	0.06852703	0.06994020799174905	0.06982365704607219	25993216.0	26021888.0	1	1	1.076338970779327	0.9983335630673187	1.001103057043807	True
pso	r01	36-apron_17-traces-rpb-litmus_unknown_1_neg.yml	false(unreach-call)	false(unreach-call)	correct	correct	True	True	True	True	0.070908051	0.073923784	0.08043026307132095	0.08163378003519028	26054656.0	26054656.0	0	0	1.0425301916703367	1.014963484115452	1.0	True
pso	r01	36-apron_21-traces-cluster-based_true.yml	true	true	correct	correct	True	True	True	True	0.076802705	0.07831089	0.08178778109140694	0.08127999899443239	26062848.0	26157056.0	6	6	1.0196371338743864	0.9937914675004198	1.0036146471790035	True
pso	r01	36-apron_22-traces-write-centered-vs-meet-mutex_true_no-overflow.yml	true	true	correct	correct	True	True	True	True	0.072915935	0.077538801	0.08298412803560495	0.08526952902320772	26005504.0	26013696.0	1	1	1.0633999413159827	1.0275402181321012	1.0003150102378326	True
pso	r01	36-apron_41-threadenter-no-locals_unknown_1_pos.yml	false(unreach-call)	false(unreach-call)	correct	correct	True	True	True	True	0.065628811	0.069543956	0.070749307051301	0.07314162503462285	25993216.0	25980928.0	0	0	1.0596558880214972	1.0338140129285953	0.9995272612669398	True
pso	r01	43_NetBSD_sysmon_power_sliced.yml	true	true	correct	correct	True	True	True	True	0.062757846	0.061611501	0.0695485679898411	0.06701222492847592	25956352.0	26025984.0	0	0	0.9817338377101087	0.9635313402608711	1.0026826574088685	True
pso	r01	45_monabsex1_vs.yml	true	true	correct	correct	True	True	True	True	0.065773444	0.071544197	0.07035934703890234	0.07426745491102338	26017792.0	26050560.0	0	0	1.087736822782155	1.055544970733742	1.0012594458438286	True
pso	r01	46_monabsex2_vs.yml	true	true	correct	correct	True	True	True	True	0.072749646	0.069438633	0.07538075104821473	0.0757005779305473	25956352.0	25960448.0	0	0	0.9544875723518984	1.0042428189940427	1.0001578033769922	True
pso	r01	48_ticket_lock_low_contention_vs-pthread.yml	true	true	correct	correct	True	True	True	True	0.066467727	0.069998417	0.07467733102384955	0.0753011389169842	25997312.0	26030080.0	0	0	1.0531188617296932	1.0083533769161546	1.0012604380022059	True
pso	r01	48_ticket_lock_low_contention_vs.yml	true	true	correct	correct	True	True	True	True	0.064747938	0.077342986	0.07020835508592427	0.08190824300982058	26095616.0	26025984.0	0	0	1.1945243105656893	1.1666452363052437	0.9973316590802072	True
pso	r01	butterfly.yml	true	true	correct	correct	True	True	True	True	26.724067153	22.145763895	26.74308008502703	22.162772238021716	26230784.0	26173440.0	64560	64560	0.8286823921004088	0.828729232667192	0.9978138663335415	True
pso	r01	circular_buffer_bad.yml	false(unreach-call)	false(unreach-call)	correct	correct	True	True	True	True	0.105826521	0.107306155	0.11402555904351175	0.11553204501979053	26185728.0	26161152.0	1	1	1.013981693681492	1.013211827145736	0.999061473486626	True
pso	r01	circular_buffer_ok.yml	TIMEOUT	TIMEOUT	error	error	False	False	False	True	60.975590675	60.977533983	61.01376662799157	61.01008044893388	26169344.0	26165248.0						True
pso	r01	dekker-unfair.yml	true	true	correct	correct	True	True	True	True	0.061422153	0.069850253	0.06864345702342689	0.0739901449996978	26095616.0	26030080.0	4	4	1.1372159650606841	1.0778907154172928	0.9974886203107832	True
pso	r01	dekker.yml	true	true	correct	correct	True	True	True	True	0.067447613	0.065389622	0.07120442599989474	0.07459228299558163	26087424.0	26066944.0	4	4	0.9694875636295682	1.0475793035069463	0.9992149474014759	True
pso	r01	exponential-nondet.yml	true	true	correct	correct	True	True	True	True	0.063983139	0.063029361	0.07050973898731172	0.07102230400778353	26107904.0	26152960.0	1	1	0.9850932915310706	1.0072694216122975	1.0017257609036712	True
pso	r01	fib_safe-5.yml	TIMEOUT	true	error	correct	False	True	False	True	60.878549137	46.653591063	61.01099883893039	46.69387828500476	26079232.0	121241600.0		2772				True
pso	r01	fib_safe-6.yml	TIMEOUT	TIMEOUT	error	error	False	False	False	True	60.950533673	60.803257716	61.00847893406171	61.01896931999363	26099712.0	158527488.0						True
pso	r01	fib_unsafe-5.yml	false(unreach-call)	false(unreach-call)	correct	correct	True	True	True	True	15.429708122	12.452132994	15.469469431904145	12.499725302914158	26095616.0	121204736.0	632	632	0.8070232369623045	0.80802546964764	4.644639773975828	True
pso	r01	fib_unsafe-6.yml	TIMEOUT	TIMEOUT	error	error	False	False	False	True	60.967625689	60.725995401	61.01021433598362	61.02086246793624	26087424.0	158466048.0						True
pso	r01	fib_unsafe-7.yml	TIMEOUT	TIMEOUT	error	error	False	False	False	True	60.974477356	60.988270937	61.010897758067586	61.01945720403455	26091520.0	201199616.0						True
pso	r01	lazy01.yml	false(unreach-call)	false(unreach-call)	correct	correct	True	True	True	True	0.061257831	0.072365628	0.06914476898964494	0.0780676220310852	26169344.0	26169344.0	1	1	1.1813286043379498	1.12904595925075	1.0	True
pso	r01	pthread-demo-datarace-3.yml	false(unreach-call)	false(unreach-call)	correct	correct	True	True	True	True	0.143046334	0.150898836	0.15079189790412784	0.15916820301208645	26058752.0	26034176.0	0	0	1.0548948147108754	1.0555487743332483	0.9990569003458032	True
pso	r01	queue.yml	false(unreach-call)	false(unreach-call)	correct	correct	True	True	True	True	1.104253296	1.117054672	1.1125656159128994	1.1273763111094013	26177536.0	26238976.0	2	2	1.0115927894862269	1.0133121992848477	1.0023470505398215	True
pso	r01	queue_longer.yml	TIMEOUT	TIMEOUT	error	error	False	False	False	True	60.896794623	60.985603145	61.01562311302405	61.01419978600461	79794176.0	80715776.0						True
pso	r01	queue_ok.yml	true	true	correct	correct	True	True	True	True	0.075276305	0.079735981	0.08124450396280736	0.08639952703379095	26193920.0	26181632.0	2	2	1.0592440874987155	1.0634507298283646	0.9995308835027366	True
pso	r01	queue_ok_longer.yml	true	true	correct	correct	True	True	True	True	4.030205795	4.038168363	4.046062113018706	4.047534625977278	123011072.0	122982400.0	2	2	1.0019757224333008	1.000363937309275	0.999766915290357	True
pso	r01	queue_ok_longest.yml	true	true	correct	correct	True	True	True	True	19.757858706	20.318430174	19.773875597049482	20.369643747922964	471244800.0	500891648.0	2	2	1.0283720759593127	1.0301290532525844	1.0629117774880488	True
pso	r01	race-1_1-join.yml	true	true	correct	correct	True	True	True	True	0.073023583	0.074777862	0.07723687798716128	0.07873919198755175	26214400.0	26198016.0	1	1	1.0240234582847023	1.0194507344100598	0.999375	True
pso	r01	race-1_2-join.yml	false(unreach-call)	false(unreach-call)	correct	correct	True	True	True	True	0.069646532	0.072077328	0.07624909305013716	0.08022157801315188	26234880.0	26292224.0	1	1	1.0349018957612994	1.0520987831344124	1.0021857923497268	True
pso	r01	race-1_3-join.yml	false(unreach-call)	false(unreach-call)	correct	correct	True	True	True	True	0.067552685	0.077397092	0.07358824403490871	0.08174432697705925	26230784.0	26292224.0	1	1	1.1457293222319735	1.1108340475997969	1.0023422860712055	True
pso	r01	race-2_1-container_of.yml	true	true	correct	correct	True	True	True	True	0.075184672	0.070448535	0.0787037459667772	0.07799013005569577	26349568.0	26296320.0	1	1	0.9370066148589438	0.9909328850575592	0.9979791699051764	True
pso	r01	race-3_1-container_of-global.yml	true	true	correct	correct	True	True	True	True	0.071988	0.068948685	0.07680528098717332	0.0738463350571692	26361856.0	26333184.0	1	1	0.9577802550425071	0.9614747073121408	0.9989123679303915	True
pso	r01	race-4_1-thread_local_vars.yml	true	true	correct	correct	True	True	True	True	0.071484282	0.072402329	0.07624000101350248	0.08017609198577702	26349568.0	26288128.0	0	0	1.0128426414075196	1.0516276353613563	0.9976682729675113	True
pso	r01	reorder_2.yml	false(unreach-call)	false(unreach-call)	correct	correct	True	True	True	True	0.623486569	0.461310393	0.63175506494008	0.4678800089750439	26214400.0	26181632.0	162	162	0.7398882605280307	0.7406034948361211	0.99875	True
pso	r01	singleton.yml	false(unreach-call)	false(unreach-call)	correct	correct	True	True	True	True	0.073703837	0.079990347	0.08155698201153427	0.08715087699238211	26218496.0	26284032.0	1	1	1.0852942025257113	1.0685887932937086	1.0024996094360257	True
pso	r01	singleton_with-uninit-problems.yml	true	true	correct	correct	True	True	True	True	0.073147156	0.07987356	0.08034331304952502	0.08737086108885705	26226688.0	26288128.0	4	4	1.0919571500496887	1.0874689849421586	1.0023426518819303	True
pso	r01	stateful01-1.yml	false(unreach-call)	false(unreach-call)	correct	correct	True	True	True	True	0.069942336	0.07081849	0.07171931094489992	0.07409533997997642	26054656.0	26103808.0	0	0	1.0125268049382852	1.0331295574897803	1.0018864958339884	True
pso	r01	stateful01-2.yml	true	true	correct	correct	True	True	True	True	0.078407103	0.084119698	0.08449542697053403	0.09124472097028047	26038272.0	26071040.0	6	6	1.0728581312333398	1.0798776246447055	1.0012584552461854	True
pso	r01	szymanski.yml	true	true	correct	correct	True	True	True	True	0.079255955	0.072915955	0.08418617805000395	0.07682165096048266	26087424.0	26025984.0	6	6	0.9200060109047957	0.9125209474986857	0.9976448422044277	True
pso	r01	time_var_mutex.yml	true	true	correct	correct	True	True	True	True	0.059693724	0.073442707	0.06642811303026974	0.08235859195701778	26103808.0	26169344.0	2	2	1.230325435886694	1.2398153161371435	1.0025105915581358	True
pso	r01	triangular-1.yml	TIMEOUT	TIMEOUT	error	error	False	False	False	True	60.95451707	60.957619193	61.01045812596567	61.00845422199927	26120192.0	26054656.0						True
pso	r01	triangular-2.yml	false(unreach-call)	false(unreach-call)	correct	correct	True	True	True	True	22.361819216	13.912510757	22.39790008694399	14.0351247289218	26025984.0	26112000.0	3638	3638	0.6221546924521026	0.6266268120868637	1.0033050047214354	True
pso	r01	twostage_3.yml	false(unreach-call)	false(unreach-call)	correct	correct	True	True	True	True	0.084626594	0.111998833	0.09170967491809279	0.11620106105692685	26349568.0	29605888.0	4	4	1.3234472487454714	1.267053461488198	1.1235815327219028	True
pso	r01	unwind2-1.yml	false(unreach-call)	false(unreach-call)	correct	correct	True	True	True	True	0.06356478	0.061052206	0.07005030405707657	0.06852497300133109	26075136.0	26165248.0	1	1	0.9604722300619934	0.9782252043545356	1.0034558592522778	True
pso	r01	unwind2-100.yml	false(unreach-call)	false(unreach-call)	correct	correct	True	True	True	True	0.060305616	0.066747511	0.06377090804744512	0.0698802819242701	26124288.0	26132480.0	1	1	1.1068208141676223	1.095801895627386	1.0003135779241141	True
pso	r01	unwind3-1.yml	false(unreach-call)	false(unreach-call)	correct	correct	True	True	True	True	0.062159379	0.060546313	0.06771678500808775	0.06536812800914049	26083328.0	26152960.0	1	1	0.9740495155204172	0.9653164721469463	1.0026695979899498	True
pso	r02	01b_inc.yml	true	true	correct	correct	True	True	True	True	0.064368209	0.078289309	0.07145862700417638	0.08144070208072662	26034176.0	26034176.0	0	0	1.2162729119898303	1.1396902724700664	1.0	True
pso	r02	02_inc_cas.yml	true	true	correct	correct	True	True	True	True	0.068598889	0.071983706	0.07168369099963456	0.07748969702515751	26042368.0	26083328.0	0	0	1.0493421547978714	1.08099479734592	1.0015728216420259	True
pso	r02	13-privatized_01-priv_nr_true.yml	true	true	correct	correct	True	True	True	True	0.068544566	0.066587937	0.07664414204191417	0.07288562704343349	25980928.0	26087424.0	2	2	0.9714546445592784	0.9509614838349254	1.0040990067791267	True
pso	r02	13-privatized_18-first-reads_true.yml	true	true	correct	correct	True	True	True	True	0.064672752	0.070888002	0.0702906190417707	0.07430476299487054	26071040.0	26087424.0	2	2	1.0961030698059673	1.0571078190492875	1.0006284367635507	True
pso	r02	13-privatized_18-first-reads_unknown_1_neg.yml	false(unreach-call)	false(unreach-call)	correct	correct	True	True	True	True	0.064013112	0.065423938	0.07119457505177706	0.07103097497019917	26017792.0	26075136.0	0	0	1.022039640878575	0.997702070958933	1.0022040302267003	True
pso	r02	13-privatized_18-first-reads_unknown_2_pos.yml	false(unreach-call)	false(unreach-call)	correct	correct	True	True	True	True	0.064285068	0.072324171	0.08522887108847499	0.08889228000771254	26071040.0	26013696.0	0	0	1.125053970542584	1.0429831918744368	0.9978004713275727	True
pso	r02	13-privatized_19-publish-precision_true.yml	true	true	correct	correct	True	True	True	True	0.062817994	0.076659492	0.06931810092646629	0.0876175919547677	26038272.0	25989120.0	3	3	1.2203428845562945	1.2639929655273419	0.998112317130722	True
pso	r02	13-privatized_19-publish-precision_unknown_1_neg.yml	false(unreach-call)	false(unreach-call)	correct	correct	True	True	True	True	0.06477173	0.067664186	0.07177815400063992	0.07192926306743175	26013696.0	26042368.0	0	0	1.0446561486006318	1.0021052236421473	1.0011021886317115	True
pso	r02	13-privatized_19-publish-precision_unknown_1_pos.yml	false(unreach-call)	false(unreach-call)	correct	correct	True	True	True	True	0.062858002	0.070499981	0.06529115897137672	0.07253411097917706	26021888.0	26087424.0	0	0	1.1215752769233742	1.110933120531305	1.0025184951991186	True
pso	r02	13-privatized_19-publish-precision_unknown_2_neg.yml	false(unreach-call)	false(unreach-call)	correct	correct	True	True	True	True	0.055090896	0.069701997	0.06138353003188968	0.07663373206742108	26095616.0	25993216.0	0	0	1.2652180679726102	1.2484412680015093	0.9960759692355988	True
pso	r02	13-privatized_19-publish-precision_unknown_2_pos.yml	false(unreach-call)	false(unreach-call)	correct	correct	True	True	True	True	0.071533415	0.068351203	0.07980500697158277	0.0779917270410806	26009600.0	26042368.0	0	0	0.9555143285134646	0.9772786194837643	1.001259842519685	True
pso	r02	13-privatized_20-publish-regression_true.yml	true	true	correct	correct	True	True	True	True	0.064355047	0.062168365	0.07211985404137522	0.06970503297634423	26062848.0	26058752.0	2	2	0.9660215926809905	0.9665165564028234	0.9998428414269999	True
pso	r02	13-privatized_24-multiple-protecting_true.yml	true	true	correct	correct	True	True	True	True	0.101213001	0.115001383	0.10537188709713519	0.12000237603206187	26017792.0	26083328.0	7	7	1.1362313325735693	1.1388462268065849	1.0025188916876575	True
pso	r02	13-privatized_25-struct_nr_true.yml	true	true	correct	correct	True	True	True	True	0.058732633	0.068577807	0.06409565801732242	0.07364592293743044	26087424.0	26030080.0	2	2	1.1676269817496518	1.1490001852781817	0.9978018527241325	True
pso	r02	13-privatized_27-multiple-protecting2_true.yml	true	true	correct	correct	True	True	True	True	0.156537938	0.208655003	0.16378073301166296	0.21668311802204698	26071040.0	26083328.0	26	26	1.3329356810615458	1.3230073772268243	1.000471327572663	True
pso	r02	13-privatized_29-multiple-protecting2-vesal_true.yml	true	true	correct	correct	True	True	True	True	0.073396788	0.082093566	0.07847161404788494	0.08938306698109955	26083328.0	26034176.0	4	4	1.1184898990402687	1.1390496814116275	0.9981155778894473	True
pso	r02	13-privatized_30-traces-oplus-vs-meet_true.yml	true	true	correct	correct	True	True	True	True	0.056389559	0.072976002	0.06555466796271503	0.0765080819837749	25993216.0	26091520.0	2	2	1.294140321260537	1.1670882388923052	1.0037819098644816	True
pso	r02	13-privatized_31-traces-mine-vs-mutex_true.yml	true	true	correct	correct	True	True	True	True	0.066973346	0.075490938	0.07256397395394742	0.08196767803747207	26038272.0	26107904.0	4	4	1.1271788332032864	1.1295919114007273	1.0026742173981438	True
pso	r02	13-privatized_32-traces-mine-vs-oplus-vs-meet_true.yml	true	true	correct	correct	True	True	True	True	0.073552994	0.074451297	0.08050477702636272	0.08271530002821237	26038272.0	26112000.0	3	3	1.0122130038649413	1.0274582836385693	1.002831524303917	True
pso	r02	13-privatized_33-traces-v-matters_true.yml	true	true	correct	correct	True	True	True	True	0.060028456	0.068004567	0.07000673201400787	0.07254709803964943	26054656.0	26050560.0	1	1	1.1328721664938375	1.0362874533999566	0.9998427920138343	True
pso	r02	13-privatized_34-traces-minepp-L-needs-to-be-um_true.yml	true	true	correct	correct	True	True	True	True	0.063383792	0.072433398	0.06984036299400032	0.07527829392347485	26079232.0	26038272.0	1	1	1.1427747648799556	1.077862294758429	0.9984294016020103	True
pso	r02	13-privatized_35-traces-ex-2_true.yml	true	true	correct	correct	True	True	True	True	0.067735051	0.066662977	0.07714149495586753	0.07416931493207812	25927680.0	25993216.0	2	2	0.9841725371993888	0.9614710600891286	1.0025276461295418	True
pso	r02	13-privatized_36-traces-ex-3_true.yml	true	true	correct	correct	True	True	True	True	0.060470845	0.068640532	0.0625590670388192	0.0730237130774185	25952256.0	25948160.0	3	3	1.1351012541663672	1.1672762484150505	0.9998421717171717	True
pso	r02	13-privatized_37-traces-ex-4_true.yml	true	true	correct	correct	True	True	True	True	0.062398122	0.058572018	0.06557565403636545	0.06385600799694657	25997312.0	26030080.0	2	2	0.9386823853448667	0.9737761511541275	1.0012604380022059	True
pso	r02	13-privatized_38-traces-ex-4-switch_true.yml	true	true	correct	correct	True	True	True	True	0.073535067	0.069028369	0.08037403307389468	0.07631711603607982	25948160.0	25956352.0	2	2	0.9387136208089674	0.9495245307139809	1.0003157063930546	True
pso	r02	13-privatized_40-traces-ex-6_true.yml	true	true	correct	correct	True	True	True	True	0.066476434	0.067252742	0.07734199403785169	0.07301730406470597	26025984.0	26001408.0	1	1	1.0116779428932665	0.9440835470180767	0.9990557129367328	True
pso	r02	13-privatized_41-traces-ex-7_unknown_1_neg.yml	false(unreach-call)	false(unreach-call)	correct	correct	True	True	True	True	0.066643612	0.068680175	0.08204214996658266	0.08095854998100549	26005504.0	26030080.0	0	0	1.030559012917847	0.986792155178545	1.0009450307134982	True
pso	r02	13-privatized_41-traces-ex-7_unknown_1_pos.yml	false(unreach-call)	false(unreach-call)	correct	correct	True	True	True	True	0.056802382	0.067035116	0.06193363410420716	0.07687648793216795	25980928.0	25952256.0	0	0	1.1801462128824105	1.2412720332673925	0.9988964212517736	True
pso	r02	13-privatized_42-traces-ex-mini_true.yml	true	true	correct	correct	True	True	True	True	0.068140869	0.073685036	0.07503298099618405	0.08082154102157801	25944064.0	25985024.0	2	2	1.081363315164061	1.0771468752612714	1.0015787811809282	True
pso	r02	13-privatized_44-traces-mine2_true.yml	true	true	correct	correct	True	True	True	True	0.067250792	0.076610591	0.07763529592193663	0.08993148896843195	26017792.0	26021888.0	1	1	1.1391775281992218	1.1583840558662817	1.0001574307304786	True
pso	r02	13-privatized_45-traces-per-global-and-current-lock-mine-incomparable_true.yml	true	true	correct	correct	True	True	True	True	0.067049946	0.069883723	0.07011546404100955	0.07487627200316638	26062848.0	25935872.0	2	2	1.0422636731131745	1.0678995429506435	0.9951280842369952	True
pso	r02	13-privatized_46-refine-protected1_true.yml	true	true	correct	correct	True	True	True	True	0.067624177	0.065751099	0.07110568589996547	0.08450641098897904	25915392.0	25989120.0	1	1	0.9723016518189936	1.1884620747188388	1.0028449502133712	True
pso	r02	13-privatized_47-refine-protected2_true.yml	true	true	correct	correct	True	True	True	True	0.062303008	0.066593038	0.08277564204763621	0.07665672292932868	25911296.0	26046464.0	2	2	1.0688575100579412	0.9260782644876837	1.0052165665507429	True
pso	r02	13-privatized_57-singlethreaded-unlock_true.yml	true	true	correct	correct	True	True	True	True	0.070542896	0.069053262	0.07968934800010175	0.07646450202446431	26025984.0	25964544.0	1	1	0.9788832882619394	0.9595322830896631	0.997639282341832	True
pso	r02	13-privatized_58-singlethreaded-lock_true.yml	true	true	correct	correct	True	True	True	True	0.061038672	0.066747477	0.0743881220696494	0.07732456002850085	25931776.0	25972736.0	1	1	1.0935276737344481	1.0394745542319521	1.0015795293002685	True
pso	r02	13-privatized_66-mine-W-init_true.yml	true	true	correct	correct	True	True	True	True	0.068048196	0.071354486	0.09467761195264757	0.08850984298624098	25894912.0	25956352.0	1	1	1.0485874746775063	0.9348550429272408	1.0023726668775703	True
pso	r02	13-privatized_68-pfscan_protected_loop_minimal_interval_true.yml	true	true	correct	correct	True	True	True	True	0.061775531	0.075136712	0.06596161203924567	0.08063153002876788	26152960.0	26128384.0	0	0	1.2162859757530857	1.2224008409738978	0.9990602975724354	True
pso	r02	13-privatized_69-refine-protected-loop-interval_true.yml	true	true	correct	correct	True	True	True	True	0.067454957	0.071565001	0.07580828899517655	0.08179617894347757	26087424.0	26054656.0	0	0	1.0609301996886604	1.0789872720736648	0.9987439158423614	True
pso	r02	14_spin2003.yml	true	true	correct	correct	True	True	True	True	0.068024376	0.068359646	0.07601952902041376	0.07441229291725904	26030080.0	25944064.0	0	0	1.0049286743916621	0.9788575893080957	0.9966955153422502	True
pso	r02	28-race_reach_01-simple_racing.yml	TIMEOUT	TIMEOUT	error	error	False	False	False	True	60.856383	61.031148436	61.065854826010764	61.057732047047466	1057136640.0	1057062912.0						True
pso	r02	28-race_reach_06-cond_racing1.yml	TIMEOUT	TIMEOUT	error	error	False	False	False	True	60.950176443	61.043145793	61.0614769179374	61.06174014089629	1057148928.0	1057140736.0						True
pso	r02	28-race_reach_11-ptr_racing.yml	TIMEOUT	TIMEOUT	error	error	False	False	False	True	61.032693173	61.03485132	61.06096144404728	61.06127832992934	1057136640.0	1057116160.0						True
pso	r02	28-race_reach_21-deref_read_racing.yml	false(unreach-call)	false(unreach-call)	correct	correct	True	True	True	True	3.33235963	3.252935881	3.3502415029797703	3.2744531630305573	56766464.0	56520704.0	0	0	0.9761659131010418	0.9773782457527896	0.9956706833104841	True
pso	r02	28-race_reach_24-sound_lock_racing.yml	TIMEOUT	TIMEOUT	error	error	False	False	False	True	61.049192794	61.036092648	61.06683285406325	61.05885570310056	1057144832.0	1057099776.0						True
pso	r02	28-race_reach_37-indirect_racing.yml	TIMEOUT	TIMEOUT	error	error	False	False	False	True	61.037178055	60.774501844	61.06437991699204	61.06251927406993	1057136640.0	1057181696.0						True
pso	r02	28-race_reach_45-escape_racing.yml	false(unreach-call)	false(unreach-call)	correct	correct	True	True	True	True	0.061146946	0.073999045	0.06264610996004194	0.08017781504895538	26017792.0	26001408.0	0	0	1.2101838250433636	1.2798530523299185	0.9993702770780857	True
pso	r02	28-race_reach_46-escape_racefree.yml	true	true	correct	correct	True	True	True	True	0.070282011	0.069415053	0.07524648797698319	0.07806222804356366	26112000.0	26046464.0	2	2	0.9876645817661649	1.0374202190996844	0.9974901960784314	True
pso	r02	29_conditionals_vs.yml	true	true	correct	correct	True	True	True	True	0.060745263	0.065478294	0.06634884898085147	0.07146950101014227	25931776.0	25952256.0	0	0	1.0779160508367542	1.0771777070430963	1.0007897646501343	True
pso	r02	36-apron_11-traces-max-simple_true.yml	true	true	correct	correct	True	True	True	True	0.067410335	0.07239437	0.07140639296267182	0.07526065199635923	25948160.0	26025984.0	2	2	1.0739357696412575	1.0539763860597504	1.0029992107340173	True
pso	r02	36-apron_16-traces-unprot2_true.yml	true	true	correct	correct	True	True	True	True	0.058915525	0.063399364	0.06865766795817763	0.0665569209959358	25882624.0	25907200.0	1	1	1.0761062385508742	0.9694025878723191	1.0009495173286913	True
pso	r02	36-apron_17-traces-rpb-litmus_unknown_1_neg.yml	false(unreach-call)	false(unreach-call)	correct	correct	True	True	True	True	0.067855855	0.065555274	0.07085088198073208	0.0705135070020333	25993216.0	26005504.0	0	0	0.9660960575914929	0.9952382388296798	1.00047273873306	True
pso	r02	36-apron_21-traces-cluster-based_true.yml	true	true	correct	correct	True	True	True	True	0.075299695	0.08079433	0.08638347696978599	0.09171337902080268	26140672.0	26124288.0	6	6	1.0729702158820165	1.0617004806704053	0.9993732372297085	True
pso	r02	36-apron_22-traces-write-centered-vs-meet-mutex_true_no-overflow.yml	true	true	correct	correct	True	True	True	True	0.075728897	0.059789439	0.0825516990153119	0.0634899860015139	26112000.0	26095616.0	1	1	0.7895194749766393	0.769093631734189	0.9993725490196078	True
pso	r02	36-apron_41-threadenter-no-locals_unknown_1_pos.yml	false(unreach-call)	false(unreach-call)	correct	correct	True	True	True	True	0.072833098	0.067807871	0.0775720370002091	0.07623471203260124	25952256.0	25989120.0	0	0	0.9310035253477753	0.9827602185101282	1.0014204545454546	True
pso	r02	43_NetBSD_sysmon_power_sliced.yml	true	true	correct	correct	True	True	True	True	0.059976987	0.062358861	0.06419704994186759	0.0693069479893893	25939968.0	26030080.0	0	0	1.0397131319717678	1.0795970851020238	1.003473867045634	True
pso	r02	45_monabsex1_vs.yml	true	true	correct	correct	True	True	True	True	0.07310533	0.072287968	0.0773870840203017	0.07779494405258447	25972736.0	25964544.0	0	0	0.9888193925121465	1.0052703889472792	0.9996845923355937	True
pso	r02	46_monabsex2_vs.yml	true	true	correct	correct	True	True	True	True	0.066218303	0.072136686	0.07053700101096183	0.07402370008639991	25989120.0	26025984.0	0	0	1.0893768449487446	1.0494307813695714	1.001418439716312	True
pso	r02	48_ticket_lock_low_contention_vs-pthread.yml	true	true	correct	correct	True	True	True	True	0.063313313	0.067416152	0.07097770599648356	0.0794862339971587	26034176.0	26030080.0	0	0	1.064802153063764	1.1198760636346388	0.999842668344871	True
pso	r02	48_ticket_lock_low_contention_vs.yml	true	true	correct	correct	True	True	True	True	0.067931406	0.079177797	0.07284507504664361	0.08168379706330597	26091520.0	26046464.0	0	0	1.1655551042179224	1.121335890051631	0.9982731554160126	True
pso	r02	butterfly.yml	true	true	correct	correct	True	True	True	True	26.643344624	21.990268594	26.662199216079898	22.005148484022357	26214400.0	26177536.0	64560	64560	0.825356910115235	0.8253313354117883	0.99859375	True
pso	r02	circular_buffer_bad.yml	false(unreach-call)	false(unreach-call)	correct	correct	True	True	True	True	0.090385924	0.105203494	0.09752395597752184	0.11067109799478203	26214400.0	26157056.0	1	1	1.1639366988160678	1.1348093592541555	0.9978125	True
pso	r02	circular_buffer_ok.yml	TIMEOUT	TIMEOUT	error	error	False	False	False	True	60.893419798	60.97554441	61.01253198401537	61.00931470806245	26087424.0	26095616.0						True
pso	r02	dekker-unfair.yml	true	true	correct	correct	True	True	True	True	0.065048109	0.070991855	0.07171017897780985	0.07503605098463595	26058752.0	26120192.0	4	4	1.0913746162859246	1.046379357215874	1.002357749135492	True
pso	r02	dekker.yml	true	true	correct	correct	True	True	True	True	0.062449188	0.063547694	0.06894868309609592	0.07059835398104042	26075136.0	26005504.0	4	4	1.0175903968519173	1.023926068067831	0.9973295633050582	True
pso	r02	exponential-nondet.yml	true	true	correct	correct	True	True	True	True	0.062280414	0.062792099	0.06865037698298693	0.06805381900630891	26099712.0	26161152.0	1	1	1.0082158252833708	0.9913102010084248	1.0023540489642184	True
pso	r02	fib_safe-5.yml	TIMEOUT	true	error	correct	False	True	False	True	60.970309506	45.530623136	61.01235283189453	45.564599476987496	26099712.0	121282560.0		2772				True
pso	r02	fib_safe-6.yml	TIMEOUT	TIMEOUT	error	error	False	False	False	True	60.817749402	60.974896795	61.01206544099841	61.020400071982294	26054656.0	158420992.0						True
pso	r02	fib_unsafe-5.yml	false(unreach-call)	false(unreach-call)	correct	correct	True	True	True	True	15.244817192	12.350747273	15.260982337989844	12.395697002997622	25997312.0	121245696.0	632	632	0.8101604051691275	0.8122476475279353	4.663778162911612	True
pso	r02	fib_unsafe-6.yml	TIMEOUT	TIMEOUT	error	error	False	False	False	True	60.977104229	60.98609398	61.01019046898	61.02170824597124	26083328.0	158511104.0						True
pso	r02	fib_unsafe-7.yml	TIMEOUT	TIMEOUT	error	error	False	False	False	True	60.978016482	60.987362322	61.013521907967515	61.02021446696017	26054656.0	201187328.0						True
pso	r02	lazy01.yml	false(unreach-call)	false(unreach-call)	correct	correct	True	True	True	True	0.059606193	0.069022424	0.06668265396729112	0.07505101105198264	26177536.0	26144768.0	1	1	1.1579740380332626	1.1254952613133296	0.9987482397120951	True
pso	r02	pthread-demo-datarace-3.yml	false(unreach-call)	false(unreach-call)	correct	correct	True	True	True	True	0.146810146	0.154588134	0.1543432620819658	0.15824211202561855	26087424.0	26034176.0	0	0	1.0529799078055544	1.0252609015195118	0.9979588632438373	True
pso	r02	queue.yml	false(unreach-call)	false(unreach-call)	correct	correct	True	True	True	True	1.103439515	1.104541565	1.1100811309879646	1.1092368309618905	26292224.0	26243072.0	2	2	1.000998740742033	0.9992394249370561	0.9981305499298956	True
pso	r02	queue_longer.yml	TIMEOUT	TIMEOUT	error	error	False	False	False	True	60.98635202	60.987343739	61.01606166805141	61.017273733974434	80498688.0	80683008.0						True
pso	r02	queue_ok.yml	true	true	correct	correct	True	True	True	True	0.078803372	0.080235799	0.08419939002487808	0.08695366000756621	26214400.0	26218496.0	2	2	1.0181772297764111	1.0327112818973432	1.00015625	True
pso	r02	queue_ok_longer.yml	true	true	correct	correct	True	True	True	True	3.962492212	4.000397538	3.970971903996542	4.009810414980166	120930304.0	122974208.0	2	2	1.0095660316719886	1.0097806058372094	1.0169015038612654	True
pso	r02	queue_ok_longest.yml	true	true	correct	correct	True	True	True	True	19.993611098	19.909066914	20.004572444944642	19.98245235311333	511123456.0	478965760.0	2	2	0.9957714400072303	0.998894248207894	0.9370842883015723	True
pso	r02	race-1_1-join.yml	true	true	correct	correct	True	True	True	True	0.068369547	0.069605888	0.07474938093218952	0.07568610308226198	26230784.0	26284032.0	1	1	1.0180832118135872	1.0125315037849238	1.0020299812617115	True
pso	r02	race-1_2-join.yml	false(unreach-call)	false(unreach-call)	correct	correct	True	True	True	True	0.068757501	0.072911559	0.0751574399182573	0.07991363503970206	26361856.0	26300416.0	1	1	1.0604160700953922	1.0632830911566133	0.997669359850839	True
pso	r02	race-1_3-join.yml	false(unreach-call)	false(unreach-call)	correct	correct	True	True	True	True	0.07111271	0.073101592	0.07814227300696075	0.08112018695101142	26218496.0	26288128.0	1	1	1.0279680242814542	1.038108872822082	1.0026558350257773	True
pso	r02	race-2_1-container_of.yml	true	true	correct	correct	True	True	True	True	0.07070874	0.076138444	0.07754426903557032	0.07975630008149892	26345472.0	26296320.0	1	1	1.0767897151045258	1.0285260416203539	0.9981343283582089	True
pso	r02	race-3_1-container_of-global.yml	true	true	correct	correct	True	True	True	True	0.068997038	0.070864444	0.0757248280569911	0.0782020480837673	26345472.0	26300416.0	1	1	1.0270650169069577	1.0327134453829572	0.9982898009950248	True
pso	r02	race-4_1-thread_local_vars.yml	true	true	correct	correct	True	True	True	True	0.070302998	0.075857681	0.07904172397684306	0.08078005607239902	26357760.0	26292224.0	0	0	1.0790106134591868	1.0219925883203818	0.9975135975135975	True
pso	r02	reorder_2.yml	false(unreach-call)	false(unreach-call)	correct	correct	True	True	True	True	0.626663869	0.458495392	0.633699793019332	0.46614892897196114	26214400.0	26177536.0	162	162	0.7316448493059682	0.7355989919942116	0.99859375	True
pso	r02	singleton.yml	false(unreach-call)	false(unreach-call)	correct	correct	True	True	True	True	0.072645252	0.081202825	0.07980186492204666	0.083337297081016	26222592.0	26292224.0	1	1	1.1177994812379481	1.0443026257897967	1.0026554201811935	True
pso	r02	singleton_with-uninit-problems.yml	true	true	correct	correct	True	True	True	True	0.076912157	0.081835567	0.08078973996452987	0.08923262706957757	26222592.0	26288128.0	4	4	1.0640134172807039	1.1045044470839303	1.0024992189940642	True
pso	r02	stateful01-1.yml	false(unreach-call)	false(unreach-call)	correct	correct	True	True	True	True	0.071671837	0.072274454	0.07624379300978035	0.08269054593984038	26116096.0	26128384.0	0	0	1.0084080027138136	1.0845544624102457	1.000470514429109	True
pso	r02	stateful01-2.yml	true	true	correct	correct	True	True	True	True	0.079600439	0.066069898	0.08636255306191742	0.07271158695220947	26083328.0	26079232.0	6	6	0.830019266602286	0.8419341991902333	0.9998429648241206	True
pso	r02	szymanski.yml	true	true	correct	correct	True	True	True	True	0.076125239	0.079449852	0.08304497099015862	0.08632723498158157	26050560.0	26013696.0	6	6	1.0436729400613114	1.039523934469336	0.9985849056603774	True
pso	r02	time_var_mutex.yml	true	true	correct	correct	True	True	True	True	0.063129149	0.073536339	0.07078512897714972	0.07728248403873295	26177536.0	26189824.0	2	2	1.1648555408215626	1.0917898315009167	1.0004694101079643	True
pso	r02	triangular-1.yml	TIMEOUT	TIMEOUT (true)	error	error	False	False	False	True	60.97268007	60.226710854	61.010226223035716	60.26497547898907	26079232.0	26058752.0		16632				True
pso	r02	triangular-2.yml	false(unreach-call)	false(unreach-call)	correct	correct	True	True	True	True	22.096731059	13.861703535	22.144986151950434	13.879352879012004	26046464.0	26095616.0	3638	3638	0.6273191947708541	0.6267492236742523	1.001887089164963	True
pso	r02	twostage_3.yml	false(unreach-call)	false(unreach-call)	correct	correct	True	True	True	True	0.083034076	0.11509243	0.09101347997784615	0.11909499298781157	26357760.0	29642752.0	4	4	1.3860867193849427	1.3085423501749502	1.1246309246309247	True
pso	r02	unwind2-1.yml	false(unreach-call)	false(unreach-call)	correct	correct	True	True	True	True	0.064957976	0.06808694	0.07094648201018572	0.07127955509349704	26083328.0	26169344.0	1	1	1.0481690500947873	1.0046947089393876	1.0032977386934674	True
pso	r02	unwind2-100.yml	false(unreach-call)	false(unreach-call)	correct	correct	True	True	True	True	0.062401551	0.06281588	0.06391380389686674	0.06946319690905511	26144768.0	26116096.0	1	1	1.0066397227850956	1.0868262045730066	0.9989033369888767	True
pso	r02	unwind3-1.yml	false(unreach-call)	false(unreach-call)	correct	correct	True	True	True	True	0.063810596	0.061932498	0.07063816499430686	0.07063175807707012	26083328.0	26116096.0	1	1	0.9705676154474409	0.9999092994950073	1.0012562814070352	True
pso	r03	01b_inc.yml	true	true	correct	correct	True	True	True	True	0.072215867	0.065552007	0.07775892096105963	0.07796410890296102	25972736.0	25964544.0	0	0	0.9077230492849998	1.0026387704377244	0.9996845923355937	True
pso	r03	02_inc_cas.yml	true	true	correct	correct	True	True	True	True	0.068875146	0.066896499	0.07522043806966394	0.07238239899743348	25956352.0	25944064.0	0	0	0.9712719737828215	0.9622703729855699	0.9995265898690232	True
pso	r03	13-privatized_01-priv_nr_true.yml	true	true	correct	correct	True	True	True	True	0.071033512	0.067835262	0.07600578397978097	0.0707692209398374	26071040.0	26030080.0	2	2	0.9549754769270031	0.9311030981361024	0.9984289080911233	True
pso	r03	13-privatized_18-first-reads_true.yml	true	true	correct	correct	True	True	True	True	0.067641767	0.068225836	0.07272820605430752	0.07365068199578673	25997312.0	26009600.0	2	2	1.008634738947609	1.0126838814199592	1.0004726642508273	True
pso	r03	13-privatized_18-first-reads_unknown_1_neg.yml	false(unreach-call)	false(unreach-call)	correct	correct	True	True	True	True	0.059150124	0.073489993	0.06345066404901445	0.08151841210201383	26091520.0	26017792.0	0	0	1.242431765654456	1.2847527023364544	0.9971742543171115	True
pso	r03	13-privatized_18-first-reads_unknown_2_pos.yml	false(unreach-call)	false(unreach-call)	correct	correct	True	True	True	True	0.054951523	0.059453412	0.05934096500277519	0.06402907206211239	26079232.0	26062848.0	0	0	1.0819247357348039	1.0790028786879005	0.9993717606408041	True
pso	r03	13-privatized_19-publish-precision_true.yml	true	true	correct	correct	True	True	True	True	0.072185074	0.074031858	0.07885056198574603	0.08186067303176969	26013696.0	26030080.0	3	3	1.025584014778457	1.038174883859012	1.0006298220752636	True
pso	r03	13-privatized_19-publish-precision_unknown_1_neg.yml	false(unreach-call)	false(unreach-call)	correct	correct	True	True	True	True	0.061892814	0.07012569	0.06918638700153679	0.0782456670422107	26013696.0	26087424.0	0	0	1.133018285450715	1.1309402099646089	1.002834199338687	True
pso	r03	13-privatized_19-publish-precision_unknown_1_pos.yml	false(unreach-call)	false(unreach-call)	correct	correct	True	True	True	True	0.058198543	0.065042969	0.05978880904149264	0.07125232100952417	26099712.0	26083328.0	0	0	1.1176047654663797	1.1917334054952657	0.9993722536095417	True
pso	r03	13-privatized_19-publish-precision_unknown_2_neg.yml	false(unreach-call)	false(unreach-call)	correct	correct	True	True	True	True	0.067348082	0.064879102	0.07188617798965424	0.08758062799461186	26120192.0	26034176.0	0	0	0.9633400101876693	1.2183236116297118	0.9967069154774972	True
pso	r03	13-privatized_19-publish-precision_unknown_2_pos.yml	false(unreach-call)	false(unreach-call)	correct	correct	True	True	True	True	0.059202142	0.065174388	0.06256504100747406	0.0854337359778583	25985024.0	26107904.0	0	0	1.100878883740389	1.3655187402123228	1.0047288776796974	True
pso	r03	13-privatized_20-publish-regression_true.yml	true	true	correct	correct	True	True	True	True	0.070162298	0.065051646	0.0766680910019204	0.07290483091492206	26091520.0	26030080.0	2	2	0.9271595693744239	0.9509149107820608	0.9976452119309263	True
pso	r03	13-privatized_24-multiple-protecting_true.yml	true	true	correct	correct	True	True	True	True	0.09939324	0.116131388	0.10526740795467049	0.12483837397303432	26107904.0	26046464.0	7	7	1.16840328376457	1.1859166706830222	0.997646689676812	True
pso	r03	13-privatized_25-struct_nr_true.yml	true	true	correct	correct	True	True	True	True	0.057581862	0.06948102	0.06326762295793742	0.07623113295994699	26017792.0	26095616.0	2	2	1.2066476766590146	1.2048995899629131	1.0029911838790933	True
pso	r03	13-privatized_27-multiple-protecting2_true.yml	true	true	correct	correct	True	True	True	True	0.194157081	0.208676738	0.19875713903456926	0.21482909691985697	26144768.0	26099712.0	26	26	1.0747830412633779	1.0808622923601872	0.998276672411092	True
pso	r03	13-privatized_29-multiple-protecting2-vesal_true.yml	true	true	correct	correct	True	True	True	True	0.0728675	0.068684927	0.07815622806083411	0.0783906769938767	26046464.0	26038272.0	4	4	0.942600295056095	1.0029997472864236	0.9996854851391729	True
pso	r03	13-privatized_30-traces-oplus-vs-meet_true.yml	true	true	correct	correct	True	True	True	True	0.072785807	0.076207952	0.07475014100782573	0.08435011398978531	26025984.0	26050560.0	2	2	1.0470166525734887	1.1284274899354978	1.0009442870632672	True
pso	r03	13-privatized_31-traces-mine-vs-mutex_true.yml	true	true	correct	correct	True	True	True	True	0.072153256	0.077805752	0.07820655300747603	0.08224193600472063	26071040.0	26030080.0	4	4	1.0783401375538757	1.0515990392372727	0.9984289080911233	True
pso	r03	13-privatized_32-traces-mine-vs-oplus-vs-meet_true.yml	true	true	correct	correct	True	True	True	True	0.069217477	0.078180601	0.07418360095471144	0.0894290650030598	26112000.0	26095616.0	3	3	1.1294922090269197	1.205509895073112	0.9993725490196078	True
pso	r03	13-privatized_33-traces-v-matters_true.yml	true	true	correct	correct	True	True	True	True	0.058975762	0.07061295	0.06268536299467087	0.07735093799419701	26050560.0	25939968.0	1	1	1.1973215369391919	1.233955333412888	0.995754716981132	True
pso	r03	13-privatized_34-traces-minepp-L-needs-to-be-um_true.yml	true	true	correct	correct	True	True	True	True	0.070815959	0.061344173	0.07503182103391737	0.06391160702332854	25976832.0	25989120.0	1	1	0.8662478608811893	0.8517933610386179	1.000473036896878	True
pso	r03	13-privatized_35-traces-ex-2_true.yml	true	true	correct	correct	True	True	True	True	0.071092554	0.069829641	0.09506356902420521	0.07757784810382873	25997312.0	26001408.0	2	2	0.9822356501638694	0.8160628608849702	1.0001575547502757	True
pso	r03	13-privatized_36-traces-ex-3_true.yml	true	true	correct	correct	True	True	True	True	0.064674877	0.061912871	0.06918255402706563	0.06917625397909433	25980928.0	25985024.0	3	3	0.9572939891327508	0.999908935886223	1.0001576541068895	True
pso	r03	13-privatized_37-traces-ex-4_true.yml	true	true	correct	correct	True	True	True	True	0.072899228	0.081638322	0.0751283320132643	0.1034109570318833	26013696.0	26005504.0	2	2	1.1198791021490653	1.376457512907721	0.9996850889623682	True
pso	r03	13-privatized_38-traces-ex-4-switch_true.yml	true	true	correct	correct	True	True	True	True	0.069832644	0.076836476	0.07231768895871937	0.08289195399265736	26005504.0	25931776.0	2	2	1.1002945270123239	1.1462196204855777	0.9971649078595054	True
pso	r03	13-privatized_40-traces-ex-6_true.yml	true	true	correct	correct	True	True	True	True	0.071146556	0.070076047	0.08134053403045982	0.07591110502835363	25935872.0	25935872.0	1	1	0.9849534670378142	0.933250634916252	1.0	True
pso	r03	13-privatized_41-traces-ex-7_unknown_1_neg.yml	false(unreach-call)	false(unreach-call)	correct	correct	True	True	True	True	0.070676244	0.070968802	0.0749731429386884	0.07630703400354832	26030080.0	25993216.0	0	0	1.0041394106908115	1.017791585260748	0.9985837922895358	True
pso	r03	13-privatized_41-traces-ex-7_unknown_1_pos.yml	false(unreach-call)	false(unreach-call)	correct	correct	True	True	True	True	0.057047633	0.057794925	0.0637482050806284	0.062110356986522675	26030080.0	26046464.0	0	0	1.0130994392002206	0.9743075418039743	1.0006294256490953	True
pso	r03	13-privatized_42-traces-ex-mini_true.yml	true	true	correct	correct	True	True	True	True	0.076271244	0.07657251	0.08069903100840747	0.08557821600697935	25997312.0	25972736.0	2	2	1.00394992901912	1.0604615066327567	0.9990546714983457	True
pso	r03	13-privatized_44-traces-mine2_true.yml	true	true	correct	correct	True	True	True	True	0.069590799	0.067869951	0.07741310796700418	0.07223227003123611	26025984.0	26021888.0	1	1	0.9752719034020575	0.9330754432701979	0.9998426188227888	True
pso	r03	13-privatized_45-traces-per-global-and-current-lock-mine-incomparable_true.yml	true	true	correct	correct	True	True	True	True	0.069962985	0.070737622	0.07158205192536116	0.07582932303193957	26013696.0	26030080.0	2	2	1.0110720976241936	1.0593343022774349	1.0006298220752636	True
pso	r03	13-privatized_46-refine-protected1_true.yml	true	true	correct	correct	True	True	True	True	0.057880154	0.056988388	0.06463228596840054	0.06955624802503735	25976832.0	25968640.0	1	1	0.9845928882635661	1.0761842472822978	0.9996846420687481	True
pso	r03	13-privatized_47-refine-protected2_true.yml	true	true	correct	correct	True	True	True	True	0.067293169	0.072265343	0.07530786201823503	0.07613093801774085	25919488.0	25919488.0	2	2	1.0738882426535745	1.0109294830240503	1.0	True
pso	r03	13-privatized_57-singlethreaded-unlock_true.yml	true	true	correct	correct	True	True	True	True	0.075830653	0.067080359	0.08199964906089008	0.07270059699658304	25985024.0	25931776.0	1	1	0.8846074291355503	0.8865964407066927	0.9979508196721312	True
pso	r03	13-privatized_58-singlethreaded-lock_true.yml	true	true	correct	correct	True	True	True	True	0.070283398	0.068209325	0.07536741299554706	0.06981437199283391	26025984.0	26013696.0	1	1	0.9704898587857121	0.9263203978748583	0.9995278564683664	True
pso	r03	13-privatized_66-mine-W-init_true.yml	true	true	correct	correct	True	True	True	True	0.07230596	0.058514915	0.07649074692744762	0.06230923603288829	25968640.0	25931776.0	1	1	0.8092682124682391	0.8145983473267603	0.9985804416403785	True
pso	r03	13-privatized_68-pfscan_protected_loop_minimal_interval_true.yml	true	true	correct	correct	True	True	True	True	0.069769365	0.076328131	0.07206799299456179	0.08246620197314769	26075136.0	26038272.0	0	0	1.0940063880472468	1.1442833156096153	0.9985862393967955	True
pso	r03	13-privatized_69-refine-protected-loop-interval_true.yml	true	true	correct	correct	True	True	True	True	0.067031341	0.0620457	0.07101511291693896	0.06883031397592276	26075136.0	26091520.0	0	0	0.9256222399011831	0.9692347325621858	1.0006283380458687	True
pso	r03	14_spin2003.yml	true	true	correct	correct	True	True	True	True	0.061550483	0.062043989	0.06683840800542384	0.06813378899823874	25972736.0	26038272.0	0	0	1.0080179062120438	1.0193807876559504	1.00252326131525	True
pso	r03	28-race_reach_01-simple_racing.yml	TIMEOUT	TIMEOUT	error	error	False	False	False	True	61.045105747	60.814281918	61.064334535971284	61.06239078298677	1057062912.0	1057157120.0						True
pso	r03	28-race_reach_06-cond_racing1.yml	TIMEOUT	TIMEOUT	error	error	False	False	False	True	61.042439674	61.042976389	61.06431099702604	61.06463542196434	1057095680.0	1057112064.0						True
pso	r03	28-race_reach_11-ptr_racing.yml	TIMEOUT	TIMEOUT	error	error	False	False	False	True	60.918978093	61.043547956	61.06322614301462	61.064188900985755	1057120256.0	1057124352.0						True
pso	r03	28-race_reach_21-deref_read_racing.yml	false(unreach-call)	false(unreach-call)	correct	correct	True	True	True	True	3.281059149	3.279303067	3.2931439300300553	3.2904454509261996	56455168.0	56586240.0	0	0	0.9994647819742795	0.9991805766279304	1.002321700645723	True
pso	r03	28-race_reach_24-sound_lock_racing.yml	TIMEOUT	TIMEOUT	error	error	False	False	False	True	61.049105589	61.034474466	61.06895896606147	61.05432818410918	1057120256.0	1057103872.0						True
pso	r03	28-race_reach_37-indirect_racing.yml	TIMEOUT	TIMEOUT	error	error	False	False	False	True	61.025078119	61.045037366	61.0639666459756	61.06563763995655	1057136640.0	1057140736.0						True
pso	r03	28-race_reach_45-escape_racing.yml	false(unreach-call)	false(unreach-call)	correct	correct	True	True	True	True	0.058328686	0.060978072	0.06260669697076082	0.06733893090859056	26021888.0	26087424.0	0	0	1.0454216643934	1.0755867050459447	1.0025184951991186	True
pso	r03	28-race_reach_46-escape_racefree.yml	true	true	correct	correct	True	True	True	True	0.074278468	0.066142867	0.07615197403356433	0.07022263307590038	26038272.0	26009600.0	2	2	0.890471610157603	0.9221380531113932	0.9988988516595878	True
pso	r03	29_conditionals_vs.yml	true	true	correct	correct	True	True	True	True	0.071098975	0.068862493	0.0759513609809801	0.07698335801251233	26038272.0	25964544.0	0	0	0.968544103483911	1.0135876042009393	0.997168475696083	True
pso	r03	36-apron_11-traces-max-simple_true.yml	true	true	correct	correct	True	True	True	True	0.069645072	0.069641836	0.07214434002526104	0.07679957908112556	25956352.0	26030080.0	2	2	0.9999535358366777	1.064526739786302	1.0028404607858608	True
pso	r03	36-apron_16-traces-unprot2_true.yml	true	true	correct	correct	True	True	True	True	0.070454753	0.066247773	0.07660490099806339	0.07495090796146542	25964544.0	25931776.0	1	1	0.9402882017058523	0.9784087830537137	0.9987379712888468	True
pso	r03	36-apron_17-traces-rpb-litmus_unknown_1_neg.yml	false(unreach-call)	false(unreach-call)	correct	correct	True	True	True	True	0.067654792	0.058582662	0.07044893398415297	0.0649472241057083	25960448.0	26058752.0	0	0	0.8659055813814341	0.9219049946208946	1.0037866834963711	True
pso	r03	36-apron_21-traces-cluster-based_true.yml	true	true	correct	correct	True	True	True	True	0.075756935	0.084214331	0.0773489810526371	0.08594634500332177	26136576.0	26046464.0	6	6	1.1116385714390373	1.1111503194183519	0.9965522645353393	True
pso	r03	36-apron_22-traces-write-centered-vs-meet-mutex_true_no-overflow.yml	true	true	correct	correct	True	True	True	True	0.075109246	0.067345055	0.07740264700260013	0.0742980029899627	26066944.0	26054656.0	1	1	0.8966280263284763	0.9598896919825862	0.9995285983658077	True
pso	r03	36-apron_41-threadenter-no-locals_unknown_1_pos.yml	false(unreach-call)	false(unreach-call)	correct	correct	True	True	True	True	0.065402761	0.064806484	0.07053933397401124	0.0698148530209437	25993216.0	25952256.0	0	0	0.9908829995724492	0.9897294046845628	0.9984242042231327	True
pso	r03	43_NetBSD_sysmon_power_sliced.yml	true	true	correct	correct	True	True	True	True	0.066016739	0.061633707	0.0683532051043585	0.06974550592713058	25956352.0	25960448.0	0	0	0.9336072628488965	1.020369210494905	1.0001578033769922	True
pso	r03	45_monabsex1_vs.yml	true	true	correct	correct	True	True	True	True	0.066218453	0.069840959	0.07260672689881176	0.0719445840222761	26066944.0	26054656.0	0	0	1.0547053855214648	0.9908804196963947	0.9995285983658077	True
pso	r03	46_monabsex2_vs.yml	true	true	correct	correct	True	True	True	True	0.069205225	0.073085317	0.07281855610199273	0.08028662600554526	26050560.0	25956352.0	0	0	1.0560664602997822	1.1025572368270038	0.9963836477987421	True
pso	r03	48_ticket_lock_low_contention_vs-pthread.yml	true	true	correct	correct	True	True	True	True	0.068774394	0.06089047	0.07329691504128277	0.06521856703329831	26066944.0	25948160.0	0	0	0.8853654166694657	0.8897859752564686	0.9954431175361408	True
pso	r03	48_ticket_lock_low_contention_vs.yml	true	true	correct	correct	True	True	True	True	0.068543126	0.073223525	0.07470224099233747	0.07795027596876025	26038272.0	26025984.0	0	0	1.0682840026875926	1.0434797528598365	0.9995280792826805	True
pso	r03	butterfly.yml	true	true	correct	correct	True	True	True	True	26.706720496	22.038049818	26.76719954807777	22.053832137957215	26222592.0	26222592.0	64560	64560	0.8251874213196918	0.8239125687521153	1.0	True
pso	r03	circular_buffer_bad.yml	false(unreach-call)	false(unreach-call)	correct	correct	True	True	True	True	0.087403953	0.089133574	0.09314117208123207	0.09998063300736248	26193920.0	26193920.0	1	1	1.019788818933624	1.073431123672842	1.0	True
pso	r03	circular_buffer_ok.yml	TIMEOUT	TIMEOUT	error	error	False	False	False	True	60.976824258	60.976755778	61.00956685596611	61.011728542041965	26210304.0	26157056.0						True
pso	r03	dekker-unfair.yml	true	true	correct	correct	True	True	True	True	0.066802673	0.064132106	0.07033000991214067	0.0698882769793272	26079232.0	26107904.0	4	4	0.9600230517721946	0.9937191401883023	1.0010994188785927	True
pso	r03	dekker.yml	true	true	correct	correct	True	True	True	True	0.066288381	0.066811201	0.07328521797899157	0.07311921194195747	26087424.0	26050560.0	4	4	1.007887053388738	0.9977347950703827	0.9985869053226566	True
pso	r03	exponential-nondet.yml	true	true	correct	correct	True	True	True	True	0.060695541	0.063969593	0.06764169002417475	0.06967878190334886	26042368.0	26181632.0	1	1	1.053942216282412	1.0301159222728773	1.0053475935828877	True
pso	r03	fib_safe-5.yml	TIMEOUT	true	error	correct	False	True	False	True	60.969324016	45.211276422	61.00979132892098	45.2414032809902	26021888.0	121266176.0		2772				True
pso	r03	fib_safe-6.yml	TIMEOUT	TIMEOUT	error	error	False	False	False	True	60.975456206	60.986727475	61.01207549707033	61.02100427495316	26038272.0	158511104.0						True
pso	r03	fib_unsafe-5.yml	false(unreach-call)	false(unreach-call)	correct	correct	True	True	True	True	15.164533892	12.301829527	15.178634199895896	12.31388093996793	26001408.0	121294848.0	632	632	0.811223715454241	0.811264095161631	4.664933837429111	True
pso	r03	fib_unsafe-6.yml	TIMEOUT	TIMEOUT	error	error	False	False	False	True	60.977575159	60.838975507	61.010067860013805	61.01905171503313	26091520.0	158478336.0						True
pso	r03	fib_unsafe-7.yml	TIMEOUT	TIMEOUT	error	error	False	False	False	True	60.976239921	60.989820539	61.008854187093675	61.01904602290597	26087424.0	201203712.0						True
pso	r03	lazy01.yml	false(unreach-call)	false(unreach-call)	correct	correct	True	True	True	True	0.067742876	0.062455791	0.07302345510106534	0.06901458196807653	26157056.0	26120192.0	1	1	0.921953638342724	0.9451015687022686	0.9985906670842468	True
pso	r03	pthread-demo-datarace-3.yml	false(unreach-call)	false(unreach-call)	correct	correct	True	True	True	True	0.146707268	0.150122212	0.15359739295672625	0.15832166303880513	26091520.0	26017792.0	0	0	1.023277265309037	1.0307574887251496	0.9971742543171115	True
pso	r03	queue.yml	false(unreach-call)	false(unreach-call)	correct	correct	True	True	True	True	1.098473341	1.109963003	1.1066319849342108	1.1203053360804915	26161152.0	26230784.0	2	2	1.010459663945545	1.0123558250009317	1.0026616564897448	True
pso	r03	queue_longer.yml	TIMEOUT	TIMEOUT	error	error	False	False	False	True	60.986314195	60.876109565	61.014025678974576	61.01485568808857	80699392.0	80453632.0						True
pso	r03	queue_ok.yml	true	true	correct	correct	True	True	True	True	0.079789126	0.077169793	0.08648116607218981	0.08110559405758977	26251264.0	26263552.0	2	2	0.967171804839672	0.9378411247356123	1.0004680917459823	True
pso	r03	queue_ok_longer.yml	true	true	correct	correct	True	True	True	True	3.901686089	3.986514008	3.910146872047335	4.000084666884504	120569856.0	123244544.0	2	2	1.0217413490129703	1.0230011295688437	1.022183720614214	True
pso	r03	queue_ok_longest.yml	true	true	correct	correct	True	True	True	True	19.909894374	19.95690292	19.92430884100031	19.97240237693768	478953472.0	454569984.0	2	2	1.0023610645600103	1.0024138120082942	0.9490900694420689	True
pso	r03	race-1_1-join.yml	true	true	correct	correct	True	True	True	True	0.066811869	0.070763206	0.0733316489495337	0.07657885097432882	26214400.0	26284032.0	1	1	1.0591412433021443	1.0442810446964013	1.00265625	True
pso	r03	race-1_2-join.yml	false(unreach-call)	false(unreach-call)	correct	correct	True	True	True	True	0.068097776	0.0702524	0.07484345708508044	0.07761370309162885	26214400.0	26230784.0	1	1	1.03164015224227	1.0370138702091118	1.000625	True
pso	r03	race-1_3-join.yml	false(unreach-call)	false(unreach-call)	correct	correct	True	True	True	True	0.069100373	0.074801373	0.07503097294829786	0.07956950389780104	26214400.0	26312704.0	1	1	1.0825031725950307	1.060488765787838	1.00375	True
pso	r03	race-2_1-container_of.yml	true	true	correct	correct	True	True	True	True	0.070089324	0.0706737	0.07745908992365003	0.07806004001758993	26349568.0	26296320.0	1	1	1.0083375893310087	1.0077582901442845	0.9979791699051764	True
pso	r03	race-3_1-container_of-global.yml	true	true	correct	correct	True	True	True	True	0.069831998	0.071878962	0.07757901505101472	0.07894212193787098	26357760.0	26370048.0	1	1	1.0293126941606339	1.017570561909814	1.0004662004662004	True
pso	r03	race-4_1-thread_local_vars.yml	true	true	correct	correct	True	True	True	True	0.074037094	0.072459954	0.07749717496335506	0.07928725995589048	26353664.0	26288128.0	0	0	0.9786979753689413	1.0230987128676867	0.9975132110662107	True
pso	r03	reorder_2.yml	false(unreach-call)	false(unreach-call)	correct	correct	True	True	True	True	0.632877271	0.460983001	0.6407932930160314	0.4676781069720164	26128384.0	26157056.0	162	162	0.7283924105405264	0.7298423876610644	1.001097350681925	True
pso	r03	singleton.yml	false(unreach-call)	false(unreach-call)	correct	correct	True	True	True	True	0.075930688	0.082544868	0.08253441995475441	0.0870465210173279	26206208.0	26284032.0	1	1	1.087108126822188	1.05466932541656	1.0029696780243826	True
pso	r03	singleton_with-uninit-problems.yml	true	true	correct	correct	True	True	True	True	0.074308617	0.080143799	0.08095709490589797	0.08763630699831992	26222592.0	26304512.0	4	4	1.078526316806569	1.0825031098285538	1.0031240237425805	True
pso	r03	stateful01-1.yml	false(unreach-call)	false(unreach-call)	correct	correct	True	True	True	True	0.069456064	0.067200556	0.07163893501274288	0.07294806407298893	26087424.0	26038272.0	0	0	0.9675261183818306	1.0182739882999823	0.9981158737635422	True
pso	r03	stateful01-2.yml	true	true	correct	correct	True	True	True	True	0.070467971	0.071695296	0.0745818669674918	0.08097060304135084	26050560.0	26091520.0	6	6	1.0174167779004166	1.085660715313599	1.001572327044025	True
pso	r03	szymanski.yml	true	true	correct	correct	True	True	True	True	0.070312059	0.076811504	0.07723465107847005	0.08360522205475718	26038272.0	26071040.0	6	6	1.0924371308767962	1.0824833269436882	1.0012584552461854	True
pso	r03	time_var_mutex.yml	true	true	correct	correct	True	True	True	True	0.071890135	0.068071795	0.07487906899768859	0.07333099003881216	26198016.0	26173440.0	2	2	0.946886453892457	0.9793256115547562	0.99906191369606	True
pso	r03	triangular-1.yml	TIMEOUT	true	error	correct	False	True	False	True	60.974218439	59.784924744	61.0067550370004	59.82143400295172	26120192.0	26157056.0		16632				True
pso	r03	triangular-2.yml	false(unreach-call)	false(unreach-call)	correct	correct	True	True	True	True	22.034114801	13.705000196	22.050831562955864	13.768383406917565	26140672.0	26095616.0	3638	3638	0.6219900513261377	0.6243929335548353	0.9982764023816986	True
pso	r03	twostage_3.yml	false(unreach-call)	false(unreach-call)	correct	correct	True	True	True	True	0.085155913	0.111617208	0.09271453600376844	0.1166174520039931	26349568.0	29650944.0	4	4	1.310739372848953	1.2578119573316218	1.1252914658790611	True
pso	r03	unwind2-1.yml	false(unreach-call)	false(unreach-call)	correct	correct	True	True	True	True	0.061188801	0.066672931	0.06607497506774962	0.07377206708770245	26116096.0	26157056.0	1	1	1.0896263680669278	1.116490275055884	1.001568381430364	True
pso	r03	unwind2-100.yml	false(unreach-call)	false(unreach-call)	correct	correct	True	True	True	True	0.063240558	0.058060879	0.07082756701856852	0.06469606107566506	26062848.0	26132480.0	1	1	0.9180956151588668	0.9134305158146122	1.0026716957410027	True
pso	r03	unwind3-1.yml	false(unreach-call)	false(unreach-call)	correct	correct	True	True	True	True	0.05896464	0.057986309	0.0655227960087359	0.06553045194596052	26128384.0	26107904.0	1	1	0.9834081747976414	1.0001168438725296	0.9992161780843393	True
pso	r04	01b_inc.yml	true	true	correct	correct	True	True	True	True	0.069399751	0.070737001	0.07594307395629585	0.07531343295704573	26075136.0	26083328.0	0	0	1.019268801122932	0.9917090398577695	1.0003141690229342	True
pso	r04	02_inc_cas.yml	true	true	correct	correct	True	True	True	True	0.067433035	0.05897332	0.07274671003688127	0.0658224510261789	25985024.0	25960448.0	0	0	0.8745464296542489	0.9048168775303804	0.9990542244640606	True
pso	r04	13-privatized_01-priv_nr_true.yml	true	true	correct	correct	True	True	True	True	0.067193073	0.084996062	0.07169404998421669	0.09210203599650413	25952256.0	26021888.0	2	2	1.2649527429709904	1.2846538313399818	1.0026830808080809	True
pso	r04	13-privatized_18-first-reads_true.yml	true	true	correct	correct	True	True	True	True	0.067824249	0.063223289	0.07690202293451875	0.07069731794763356	25993216.0	26103808.0	2	2	0.9321634950945052	0.919316752016154	1.0042546485975417	True
pso	r04	13-privatized_18-first-reads_unknown_1_neg.yml	false(unreach-call)	false(unreach-call)	correct	correct	True	True	True	True	0.067804134	0.066299337	0.07238997390959412	0.07317776908166707	26025984.0	26058752.0	0	0	0.9778067071839601	1.0108826558365225	1.0012590494176896	True
pso	r04	13-privatized_18-first-reads_unknown_2_pos.yml	false(unreach-call)	false(unreach-call)	correct	correct	True	True	True	True	0.065362142	0.06706853	0.06742077402304858	0.07234304398298264	26095616.0	26009600.0	0	0	1.0261066719631067	1.0730082089869113	0.996703814157903	True
pso	r04	13-privatized_19-publish-precision_true.yml	true	true	correct	correct	True	True	True	True	0.075904685	0.074591167	0.07794855395331979	0.07890076003968716	25972736.0	26001408.0	3	3	0.9826951656541358	1.012215827466634	1.0011039268254218	True
pso	r04	13-privatized_19-publish-precision_unknown_1_neg.yml	false(unreach-call)	false(unreach-call)	correct	correct	True	True	True	True	0.072953735	0.067317657	0.08017755893524736	0.0722205740166828	26025984.0	25980928.0	0	0	0.9227444900524969	0.9007579549161537	0.9982688070506768	True
pso	r04	13-privatized_19-publish-precision_unknown_1_pos.yml	false(unreach-call)	false(unreach-call)	correct	correct	True	True	True	True	0.064066377	0.063332001	0.06721301900688559	0.07028207404073328	26013696.0	26009600.0	0	0	0.9885372634697293	1.0456616155500065	0.999842544481184	True
pso	r04	13-privatized_19-publish-precision_unknown_2_neg.yml	false(unreach-call)	false(unreach-call)	correct	correct	True	True	True	True	0.067007136	0.066193996	0.07321244501508772	0.07270856306422502	26042368.0	26001408.0	0	0	0.9878648745709712	0.9931175369056604	0.9984271783579742	True
pso	r04	13-privatized_19-publish-precision_unknown_2_pos.yml	false(unreach-call)	false(unreach-call)	correct	correct	True	True	True	True	0.069422558	0.068445067	0.07884421793278307	0.07355637708678842	26021888.0	26034176.0	0	0	0.9859196919825398	0.9329330547675331	1.0004722178498346	True
pso	r04	13-privatized_20-publish-regression_true.yml	true	true	correct	correct	True	True	True	True	0.063994368	0.074739526	0.06968332407996058	0.07974936196114868	25980928.0	26013696.0	2	2	1.1679078696425287	1.1444540428300674	1.0012612328551158	True
pso	r04	13-privatized_24-multiple-protecting_true.yml	true	true	correct	correct	True	True	True	True	0.102626671	0.114504582	0.10936787899117917	0.11914047598838806	26091520.0	26144768.0	7	7	1.1157390265538283	1.089355275857522	1.0020408163265306	True
pso	r04	13-privatized_25-struct_nr_true.yml	true	true	correct	correct	True	True	True	True	0.071337783	0.072049677	0.07737940095830709	0.07831937889568508	26034176.0	26087424.0	2	2	1.0099791999423364	1.0121476507408536	1.0020453115166772	True
pso	r04	13-privatized_27-multiple-protecting2_true.yml	true	true	correct	correct	True	True	True	True	0.198258496	0.210910943	0.20753128395881504	0.21645980491302907	26177536.0	26169344.0	26	26	1.0638179309097553	1.0430225303091456	0.9996870599280238	True
pso	r04	13-privatized_29-multiple-protecting2-vesal_true.yml	true	true	correct	correct	True	True	True	True	0.073029658	0.080783725	0.0780468910234049	0.08357461600098759	26050560.0	26046464.0	4	4	1.1061769589554973	1.0708256908776164	0.9998427672955975	True
pso	r04	13-privatized_30-traces-oplus-vs-meet_true.yml	true	true	correct	correct	True	True	True	True	0.074397669	0.076811104	0.08159661502577364	0.08308829402085394	26091520.0	25972736.0	2	2	1.0324396588285583	1.018281138189484	0.9954474097331241	True
pso	r04	13-privatized_31-traces-mine-vs-mutex_true.yml	true	true	correct	correct	True	True	True	True	0.072778795	0.063804996	0.0755744050256908	0.06866157695185393	26128384.0	26091520.0	4	4	0.8766976150127246	0.9085295071593761	0.9985891205518106	True
pso	r04	13-privatized_32-traces-mine-vs-oplus-vs-meet_true.yml	true	true	correct	correct	True	True	True	True	0.066090148	0.071328786	0.07191626203712076	0.07565229898318648	26116096.0	26091520.0	3	3	1.0792650365981933	1.0519498210868816	0.9990589711417817	True
pso	r04	13-privatized_33-traces-v-matters_true.yml	true	true	correct	correct	True	True	True	True	0.068063235	0.06510997	0.07257702806964517	0.0685466070426628	25997312.0	26030080.0	1	1	0.9566099818793509	0.9444669872247351	1.0012604380022059	True
pso	r04	13-privatized_34-traces-minepp-L-needs-to-be-um_true.yml	true	true	correct	correct	True	True	True	True	0.06943323	0.072072388	0.0743528880411759	0.07566555205266923	26021888.0	26075136.0	1	1	1.0380100133610377	1.0176545127711298	1.0020462773492838	True
pso	r04	13-privatized_35-traces-ex-2_true.yml	true	true	correct	correct	True	True	True	True	0.068809058	0.074690293	0.07278330496046692	0.07773511798586696	25952256.0	26021888.0	2	2	1.0854718138998503	1.068035011986467	1.0026830808080809	True
pso	r04	13-privatized_36-traces-ex-3_true.yml	true	true	correct	correct	True	True	True	True	0.070817656	0.06719173	0.07541201892308891	0.07269095606170595	25985024.0	25980928.0	3	3	0.9487991243313673	0.9639173847850684	0.9998423707440101	True
pso	r04	13-privatized_37-traces-ex-4_true.yml	true	true	correct	correct	True	True	True	True	0.069324824	0.077509482	0.07479318301193416	0.08205889898817986	26017792.0	25993216.0	2	2	1.1180624418173786	1.097144093668087	0.9990554156171285	True
pso	r04	13-privatized_38-traces-ex-4-switch_true.yml	true	true	correct	correct	True	True	True	True	0.071071087	0.078170489	0.07535290601663291	0.0850584990112111	25972736.0	25968640.0	2	2	1.0998915634989512	1.128801840667377	0.9998422961677969	True
pso	r04	13-privatized_40-traces-ex-6_true.yml	true	true	correct	correct	True	True	True	True	0.0719197	0.068126838	0.07633973297197372	0.07255912304390222	25931776.0	26021888.0	1	1	0.9472625441985991	0.950476510974181	1.0034749644605907	True
pso	r04	13-privatized_41-traces-ex-7_unknown_1_neg.yml	false(unreach-call)	false(unreach-call)	correct	correct	True	True	True	True	0.070479311	0.069923782	0.07963835005648434	0.07619576202705503	25939968.0	25952256.0	0	0	0.9921178429227266	0.9567722331390891	1.0004737091425864	True
pso	r04	13-privatized_41-traces-ex-7_unknown_1_pos.yml	false(unreach-call)	false(unreach-call)	correct	correct	True	True	True	True	0.06621825	0.05808523	0.07519358105491847	0.06234534096438438	25964544.0	26050560.0	0	0	0.8771785723724199	0.8291311584010045	1.0033128253667771	True
pso	r04	13-privatized_42-traces-ex-mini_true.yml	true	true	correct	correct	True	True	True	True	0.065849645	0.076396091	0.06829908792860806	0.07824518496636301	26005504.0	26021888.0	2	2	1.1601594966836952	1.145625620186194	1.0006300204756655	True
pso	r04	13-privatized_44-traces-mine2_true.yml	true	true	correct	correct	True	True	True	True	0.074063603	0.064564932	0.07544772408436984	0.0700858369236812	25948160.0	26050560.0	1	1	0.8717498121175661	0.9289324200860893	1.0039463299131808	True
pso	r04	13-privatized_45-traces-per-global-and-current-lock-mine-incomparable_true.yml	true	true	correct	correct	True	True	True	True	0.068636901	0.06309732	0.07475555606652051	0.06606714089866728	26079232.0	26025984.0	2	2	0.919291504725716	0.8837756599640308	0.9979582220826134	True
pso	r04	13-privatized_46-refine-protected1_true.yml	true	true	correct	correct	True	True	True	True	0.068074615	0.076198997	0.07897934399079531	0.08259204600472003	25964544.0	26017792.0	1	1	1.1193452507957629	1.0457423654258988	1.002050796655624	True
pso	r04	13-privatized_47-refine-protected2_true.yml	true	true	correct	correct	True	True	True	True	0.057936054	0.067654756	0.07538970501627773	0.07490952603984624	25919488.0	26054656.0	2	2	1.1677487735012122	0.9936307089100851	1.0052149178255374	True
pso	r04	13-privatized_57-singlethreaded-unlock_true.yml	true	true	correct	correct	True	True	True	True	0.068520544	0.070380659	0.07400816504377872	0.0779894859297201	25911296.0	25956352.0	1	1	1.027146821834923	1.0537956978609897	1.0017388555169142	True
pso	r04	13-privatized_58-singlethreaded-lock_true.yml	true	true	correct	correct	True	True	True	True	0.059356564	0.068311806	0.06455359305255115	0.07972194789908826	25980928.0	26030080.0	1	1	1.1508719743278941	1.2349730530752798	1.0018918492826738	True
pso	r04	13-privatized_66-mine-W-init_true.yml	true	true	correct	correct	True	True	True	True	0.091797668	0.081629941	0.09303607803303748	0.08740556403063238	25980928.0	26009600.0	1	1	0.8892376329211326	0.9394803164380415	1.0011035787482263	True
pso	r04	13-privatized_68-pfscan_protected_loop_minimal_interval_true.yml	true	true	correct	correct	True	True	True	True	0.07031134	0.074011453	0.0750818660017103	0.07923138106707484	26103808.0	26152960.0	0	0	1.0526246975238989	1.0552665415277507	1.0018829436686019	True
pso	r04	13-privatized_69-refine-protected-loop-interval_true.yml	true	true	correct	correct	True	True	True	True	0.064243365	0.068638949	0.0690845069475472	0.07373199600260705	26144768.0	26112000.0	0	0	1.0684208244695776	1.0672725226017532	0.9987466708444305	True
pso	r04	14_spin2003.yml	true	true	correct	correct	True	True	True	True	0.060786139	0.061409128	0.06949622393585742	0.06600245204754174	26001408.0	26030080.0	0	0	1.0102488661107427	0.9497271694712462	1.0011027095148077	True
pso	r04	28-race_reach_01-simple_racing.yml	TIMEOUT	TIMEOUT	error	error	False	False	False	True	61.044584119	61.037775064	61.06079228303861	61.067081713932566	1057091584.0	1057140736.0						True
pso	r04	28-race_reach_06-cond_racing1.yml	TIMEOUT	TIMEOUT	error	error	False	False	False	True	61.045275226	61.040876948	61.06338174198754	61.06022112700157	1057120256.0	1057091584.0						True
pso	r04	28-race_reach_11-ptr_racing.yml	TIMEOUT	TIMEOUT	error	error	False	False	False	True	61.043287061	61.041310456	61.066054170019925	61.06556042202283	1057136640.0	1057075200.0						True
pso	r04	28-race_reach_21-deref_read_racing.yml	false(unreach-call)	false(unreach-call)	correct	correct	True	True	True	True	3.289840535	3.333941078	3.302057289984077	3.3460379450116307	56639488.0	56705024.0	0	0	1.0134050701031927	1.01331916776882	1.0011570726063062	True
pso	r04	28-race_reach_24-sound_lock_racing.yml	TIMEOUT	TIMEOUT	error	error	False	False	False	True	61.049538633	60.993300358	61.071012106956914	61.05355250102002	1057140736.0	1057112064.0						True
pso	r04	28-race_reach_37-indirect_racing.yml	TIMEOUT	TIMEOUT	error	error	False	False	False	True	60.894339429	61.022908859	61.06542795000132	61.06081477110274	1057128448.0	1057206272.0						True
pso	r04	28-race_reach_45-escape_racing.yml	false(unreach-call)	false(unreach-call)	correct	correct	True	True	True	True	0.066079365	0.074012889	0.0735217509791255	0.07584518496878445	26107904.0	26128384.0	0	0	1.120060536296013	1.0316019947664008	1.0007844367743959	True
pso	r04	28-race_reach_46-escape_racefree.yml	true	true	correct	correct	True	True	True	True	0.063310462	0.074535783	0.06568469607736915	0.08019679097924381	26038272.0	26042368.0	2	2	1.1773059403673283	1.2209357090543747	1.0001573069057732	True
pso	r04	29_conditionals_vs.yml	true	true	correct	correct	True	True	True	True	0.065905782	0.069061448	0.07202936697285622	0.07600769202690572	25968640.0	26009600.0	0	0	1.0478814741929623	1.055231986913736	1.001577287066246	True
pso	r04	36-apron_11-traces-max-simple_true.yml	true	true	correct	correct	True	True	True	True	0.068403739	0.068000443	0.07923029700759798	0.07076848798897117	25960448.0	25997312.0	2	2	0.9941041819366042	0.8931998321574468	1.0014200063111391	True
pso	r04	36-apron_16-traces-unprot2_true.yml	true	true	correct	correct	True	True	True	True	0.060797036	0.072622479	0.06643508200068027	0.07847861503250897	25944064.0	26005504.0	1	1	1.1945068999745316	1.181282729984519	1.0023681717713926	True
pso	r04	36-apron_17-traces-rpb-litmus_unknown_1_neg.yml	false(unreach-call)	false(unreach-call)	correct	correct	True	True	True	True	0.071129959	0.067365842	0.07856685493607074	0.07262159197125584	26050560.0	25972736.0	0	0	0.9470811307511086	0.924328611987173	0.9970125786163522	True
pso	r04	36-apron_21-traces-cluster-based_true.yml	true	true	correct	correct	True	True	True	True	0.075906782	0.067198615	0.08230902906507254	0.07200071995612234	26075136.0	26116096.0	6	6	0.8852781428673923	0.8747608952986121	1.0015708451146716	True
pso	r04	36-apron_22-traces-write-centered-vs-meet-mutex_true_no-overflow.yml	true	true	correct	correct	True	True	True	True	0.060805093	0.077882149	0.0645985909504816	0.0812058380106464	26034176.0	26103808.0	1	1	1.2808491058471039	1.2570837353541533	1.0026746381371932	True
pso	r04	36-apron_41-threadenter-no-locals_unknown_1_pos.yml	false(unreach-call)	false(unreach-call)	correct	correct	True	True	True	True	0.071827042	0.071710166	0.07570254697930068	0.07735108095221221	25931776.0	25911296.0	0	0	0.9983728134036205	1.0217764664293567	0.9992102353498657	True
pso	r04	43_NetBSD_sysmon_power_sliced.yml	true	true	correct	correct	True	True	True	True	0.060091651	0.063621832	0.06317325704731047	0.070598348043859	25960448.0	26025984.0	0	0	1.0587466135686636	1.1175353518813804	1.0025244556642474	True
pso	r04	45_monabsex1_vs.yml	true	true	correct	correct	True	True	True	True	0.069421296	0.064942539	0.08064578997436911	0.06829226110130548	25952256.0	26025984.0	0	0	0.9354843937226409	0.846817436136594	1.0028409090909092	True
pso	r04	46_monabsex2_vs.yml	true	true	correct	correct	True	True	True	True	0.070567779	0.069708299	0.07551645999774337	0.08087421802338213	25919488.0	25980928.0	0	0	0.9878205037457677	1.070948214810372	1.002370417193426	True
pso	r04	48_ticket_lock_low_contention_vs-pthread.yml	true	true	correct	correct	True	True	True	True	0.067273309	0.06597732	0.07583961600903422	0.0722878979286179	25948160.0	26005504.0	0	0	0.9807354652348081	0.95316803713783	1.0022099447513813	True
pso	r04	48_ticket_lock_low_contention_vs.yml	true	true	correct	correct	True	True	True	True	0.075168125	0.068397341	0.08147249696776271	0.07242558000143617	25993216.0	26050560.0	0	0	0.9099247985765243	0.8889574113592438	1.0022061140876142	True
pso	r04	butterfly.yml	true	true	correct	correct	True	True	True	True	26.586149611	22.020104924	26.60505021503195	22.0356657509692	26214400.0	26161152.0	64560	64560	0.8282547584434415	0.8282512369970634	0.99796875	True
pso	r04	circular_buffer_bad.yml	false(unreach-call)	false(unreach-call)	correct	correct	True	True	True	True	0.093031298	0.101675686	0.10063748899847269	0.10748863499611616	26210304.0	26206208.0	1	1	1.092919137815319	1.0680774735719751	0.9998437255821222	True
pso	r04	circular_buffer_ok.yml	TIMEOUT	TIMEOUT	error	error	False	False	False	True	60.978182432	60.976188008	61.01277657598257	61.00719994993415	26083328.0	26157056.0						True
pso	r04	dekker-unfair.yml	true	true	correct	correct	True	True	True	True	0.061465132	0.066550482	0.06757589103654027	0.07290026301052421	26079232.0	26050560.0	4	4	1.0827355255659419	1.078790999161297	0.9989005811214072	True
pso	r04	dekker.yml	true	true	correct	correct	True	True	True	True	0.060541678	0.066802582	0.06656069005839527	0.07319429994095117	26107904.0	26095616.0	4	4	1.1034147748597256	1.0996625767661976	0.9995293379353624	True
pso	r04	exponential-nondet.yml	true	true	correct	correct	True	True	True	True	0.060827562	0.063567814	0.06491147796623409	0.07075535994954407	26046464.0	26177536.0	1	1	1.045049512258933	1.0900284844284378	1.0050322377732348	True
pso	r04	fib_safe-5.yml	TIMEOUT	true	error	correct	False	True	False	True	60.973195115	45.552615046	61.00574647204485	45.706439914996736	26046464.0	121257984.0		2772				True
pso	r04	fib_safe-6.yml	TIMEOUT	TIMEOUT	error	error	False	False	False	True	60.820898169	60.984499839	61.01198439206928	61.021303460001945	26042368.0	158474240.0						True
pso	r04	fib_unsafe-5.yml	false(unreach-call)	false(unreach-call)	correct	correct	True	True	True	True	15.257107391	12.329073248	15.271760546020232	12.349756139912643	26091520.0	121294848.0	632	632	0.8080872036905754	0.8086661719647605	4.648822605965463	True
pso	r04	fib_unsafe-6.yml	TIMEOUT	TIMEOUT	error	error	False	False	False	True	60.976181964	60.984550803	61.011286448920146	61.01468527095858	26091520.0	158470144.0						True
pso	r04	fib_unsafe-7.yml	TIMEOUT	TIMEOUT	error	error	False	False	False	True	60.975653915	60.984348447	61.00682216894347	61.01876045903191	26107904.0	201175040.0						True
pso	r04	lazy01.yml	false(unreach-call)	false(unreach-call)	correct	correct	True	True	True	True	0.077877154	0.07008089	0.08342219702899456	0.07379879895597696	26087424.0	26034176.0	1	1	0.8998902296814801	0.8846422365300107	0.9979588632438373	True
pso	r04	pthread-demo-datarace-3.yml	false(unreach-call)	false(unreach-call)	correct	correct	True	True	True	True	0.14488471	0.148635215	0.1521205820608884	0.1561724249040708	26083328.0	26038272.0	0	0	1.025886133878447	1.026635730604558	0.9982726130653267	True
pso	r04	queue.yml	false(unreach-call)	false(unreach-call)	correct	correct	True	True	True	True	1.102314693	1.110091122	1.1109426100738347	1.114293972030282	26165248.0	26230784.0	2	2	1.0070546360756891	1.0030166832436327	1.002504696305573	True
pso	r04	queue_longer.yml	TIMEOUT	TIMEOUT	error	error	False	False	False	True	60.88840327	60.986095468	61.01652933098376	61.01258203096222	81289216.0	80777216.0						True
pso	r04	queue_ok.yml	true	true	correct	correct	True	True	True	True	0.082826232	0.07985405	0.08752141904551536	0.08568527607712895	26165248.0	26243072.0	2	2	0.9641154507668537	0.9790206444501143	1.002974326862868	True
pso	r04	queue_ok_longer.yml	true	true	correct	correct	True	True	True	True	3.96080026	3.994709626	3.9763546279864386	4.000073755974881	120995840.0	122994688.0	2	2	1.0085612411063616	1.0059650434147656	1.0165199729180772	True
pso	r04	queue_ok_longest.yml	true	true	correct	correct	True	True	True	True	19.699023909	19.902534312	19.753296656999737	19.917770556057803	477188096.0	478863360.0	2	2	1.0103309891870846	1.0083264025197427	1.0035106994789744	True
pso	r04	race-1_1-join.yml	true	true	correct	correct	True	True	True	True	0.072343055	0.071758723	0.07489610102493316	0.0769914600532502	26218496.0	26296320.0	1	1	0.991922763007451	1.0279768772959152	1.0029682862052804	True
pso	r04	race-1_2-join.yml	false(unreach-call)	false(unreach-call)	correct	correct	True	True	True	True	0.074069514	0.071580553	0.07828162796795368	0.07945367100182921	26222592.0	26288128.0	1	1	0.9663969578631231	1.0149721341303137	1.0024992189940642	True
pso	r04	race-1_3-join.yml	false(unreach-call)	false(unreach-call)	correct	correct	True	True	True	True	0.069195992	0.073334402	0.07628236396703869	0.0776411120314151	26218496.0	26300416.0	1	1	1.059807076687332	1.0178120864865112	1.003124511795032	True
pso	r04	race-2_1-container_of.yml	true	true	correct	correct	True	True	True	True	0.070355103	0.068869	0.07691787206567824	0.07590440195053816	26349568.0	26296320.0	1	1	0.9788771114442117	0.9868239969733601	0.9979791699051764	True
pso	r04	race-3_1-container_of-global.yml	true	true	correct	correct	True	True	True	True	0.070188919	0.072336763	0.07370583096053451	0.07891667704097927	26349568.0	26304512.0	1	1	1.030600898697414	1.0706978811925325	0.9982900668428416	True
pso	r04	race-4_1-thread_local_vars.yml	true	true	correct	correct	True	True	True	True	0.066501563	0.072743395	0.07321794203016907	0.0801203359151259	26353664.0	26312704.0	0	0	1.093859929277151	1.0942718914731684	0.9984457569163817	True
pso	r04	reorder_2.yml	false(unreach-call)	false(unreach-call)	correct	correct	True	True	True	True	0.625351214	0.456467465	0.6323619689792395	0.46314687305130064	26238976.0	26144768.0	162	162	0.7299377610227202	0.7324078546325512	0.9964096159850141	True
pso	r04	singleton.yml	false(unreach-call)	false(unreach-call)	correct	correct	True	True	True	True	0.073642292	0.075618863	0.0791503390064463	0.08376076305285096	26337280.0	26284032.0	1	1	1.0268401613572808	1.058248948826728	0.9979782270606532	True
pso	r04	singleton_with-uninit-problems.yml	true	true	correct	correct	True	True	True	True	0.077526392	0.083720507	0.0805090379435569	0.0905985840363428	26218496.0	26292224.0	4	4	1.0798968562860503	1.1253219060928221	1.0028120606155289	True
pso	r04	stateful01-1.yml	false(unreach-call)	false(unreach-call)	correct	correct	True	True	True	True	0.06986833	0.070989228	0.07473241293337196	0.07716558699030429	26034176.0	26124288.0	0	0	1.0160430054647076	1.0325584838148025	1.0034612964128382	True
pso	r04	stateful01-2.yml	true	true	correct	correct	True	True	True	True	0.061192885	0.067073431	0.06837687199003994	0.07155166997108608	26062848.0	26120192.0	6	6	1.0960985251798474	1.046430874777492	1.0022002200220022	True
pso	r04	szymanski.yml	true	true	correct	correct	True	True	True	True	0.074844901	0.087050394	0.07872987701557577	0.09175740601494908	26075136.0	26038272.0	6	6	1.16307714803444	1.165471222529612	0.9985862393967955	True
pso	r04	time_var_mutex.yml	true	true	correct	correct	True	True	True	True	0.067155494	0.080699476	0.07192509598098695	0.08421695092692971	26177536.0	26099712.0	2	2	1.2016809227849625	1.1708979985121195	0.997027069316226	True
pso	r04	triangular-1.yml	TIMEOUT	true	error	correct	False	True	False	True	60.977487929	59.978196553	61.01291387400124	60.01877050299663	26091520.0	26140672.0		16632				True
pso	r04	triangular-2.yml	false(unreach-call)	false(unreach-call)	correct	correct	True	True	True	True	22.063163928	13.774459156	22.079171602032147	13.786723913974129	26062848.0	26017792.0	3638	3638	0.6243193043822268	0.6244221550733005	0.9982712556969983	True
pso	r04	twostage_3.yml	false(unreach-call)	false(unreach-call)	correct	correct	True	True	True	True	0.084911141	0.114441869	0.09226874599698931	0.12031799496617168	26357760.0	29626368.0	4	4	1.3477839027036511	1.3039951249591883	1.124009324009324	True
pso	r04	unwind2-1.yml	false(unreach-call)	false(unreach-call)	correct	correct	True	True	True	True	0.06227359	0.066897788	0.06403869506902993	0.07355852099135518	26161152.0	26148864.0	1	1	1.0742561654145844	1.1486574002181562	0.9995302959135745	True
pso	r04	unwind2-100.yml	false(unreach-call)	false(unreach-call)	correct	correct	True	True	True	True	0.05998116	0.068691962	0.06651134393177927	0.07186325790826231	26079232.0	26144768.0	1	1	1.1452256341824665	1.0804661830615316	1.0025129574367835	True
pso	r04	unwind3-1.yml	false(unreach-call)	false(unreach-call)	correct	correct	True	True	True	True	0.059752272	0.067420563	0.06613709195517004	0.07352681492920965	26091520.0	26152960.0	1	1	1.128334718385269	1.1117334124555798	1.0023547880690737	True
