backend	task_yaml	runs	family	source_bytes	source_lines	adapter_source_lines	adapter_transitive_lines	all_repetitions_solved	statuses	median_wall_seconds	median_cpu_seconds	median_memory_bytes
Deagle	c/goblint-regression/13-privatized_01-priv_nr_true.yml	1						true	true:1	0.253071233	0.221812115	11104256
Deagle	c/goblint-regression/13-privatized_04-priv_multi_true.yml	1						false	TIMEOUT:1			
Deagle	c/goblint-regression/13-privatized_18-first-reads_true.yml	1						true	true:1	0.261031379	0.209078018	11022336
Deagle	c/goblint-regression/13-privatized_18-first-reads_unknown_1_neg.yml	1						true	false(unreach-call):1	0.32532732	0.214390409	11100160
Deagle	c/goblint-regression/13-privatized_18-first-reads_unknown_1_pos.yml	1						true	false(unreach-call):1	0.316012773	0.210240093	11075584
Deagle	c/goblint-regression/13-privatized_18-first-reads_unknown_2_neg.yml	1						true	false(unreach-call):1	0.213757975	0.195335163	11124736
Deagle	c/goblint-regression/13-privatized_18-first-reads_unknown_2_pos.yml	1						true	false(unreach-call):1	0.304837525	0.208533549	11063296
Deagle	c/goblint-regression/13-privatized_19-publish-precision_true.yml	1						true	true:1	0.252137985	0.213478684	11026432
Deagle	c/goblint-regression/13-privatized_19-publish-precision_unknown_1_neg.yml	1						true	false(unreach-call):1	0.244429695	0.213506314	11055104
Deagle	c/goblint-regression/13-privatized_19-publish-precision_unknown_1_pos.yml	1						true	false(unreach-call):1	0.29056966	0.225050577	11108352
Deagle	c/goblint-regression/13-privatized_19-publish-precision_unknown_2_neg.yml	1						true	false(unreach-call):1	0.285663577	0.227329717	11128832
Deagle	c/goblint-regression/13-privatized_19-publish-precision_unknown_2_pos.yml	1						true	false(unreach-call):1	0.259638145	0.213860268	11137024
Deagle	c/goblint-regression/13-privatized_20-publish-regression_true.yml	1						true	true:1	0.248628807	0.215901724	11116544
Deagle	c/goblint-regression/13-privatized_24-multiple-protecting_true.yml	1						true	true:1	0.350634781	0.318497376	28721152
Deagle	c/goblint-regression/13-privatized_25-struct_nr_true.yml	1						true	true:1	0.233483542	0.205349211	11083776
Deagle	c/goblint-regression/13-privatized_27-multiple-protecting2_true.yml	1						true	true:1	0.389877055	0.359038597	29851648
Deagle	c/goblint-regression/13-privatized_29-multiple-protecting2-vesal_true.yml	1						true	true:1	0.298058362	0.256537297	13676544
Deagle	c/goblint-regression/13-privatized_30-traces-oplus-vs-meet_true.yml	1						true	true:1	0.253050742	0.220065919	11075584
Deagle	c/goblint-regression/13-privatized_31-traces-mine-vs-mutex_true.yml	1						true	true:1	0.240066573	0.225575849	13045760
Deagle	c/goblint-regression/13-privatized_32-traces-mine-vs-oplus-vs-meet_true.yml	1						true	true:1	0.27637548	0.245686496	14798848
Deagle	c/goblint-regression/13-privatized_33-traces-v-matters_true.yml	1						true	true:1	0.234585762	0.218116283	11067392
Deagle	c/goblint-regression/13-privatized_34-traces-minepp-L-needs-to-be-um_true.yml	1						true	true:1	0.241920715	0.229375776	12140544
Deagle	c/goblint-regression/13-privatized_35-traces-ex-2_true.yml	1						true	true:1	0.317848852	0.219385383	10977280
Deagle	c/goblint-regression/13-privatized_36-traces-ex-3_true.yml	1						true	true:1	0.225658156	0.193341922	11177984
Deagle	c/goblint-regression/13-privatized_37-traces-ex-4_true.yml	1						true	true:1	0.306173519	0.229443681	11018240
Deagle	c/goblint-regression/13-privatized_38-traces-ex-4-switch_true.yml	1						true	true:1	0.290346016	0.229853513	11010048
Deagle	c/goblint-regression/13-privatized_40-traces-ex-6_true.yml	1						true	true:1	0.318673864	0.213613788	11137024
Deagle	c/goblint-regression/13-privatized_41-traces-ex-7_unknown_1_neg.yml	1						true	false(unreach-call):1	0.348751351	0.213494221	11063296
Deagle	c/goblint-regression/13-privatized_41-traces-ex-7_unknown_1_pos.yml	1						true	false(unreach-call):1	0.36832038	0.208469041	11051008
Deagle	c/goblint-regression/13-privatized_42-traces-ex-mini_true.yml	1						true	true:1	0.260780983	0.216075089	11022336
Deagle	c/goblint-regression/13-privatized_44-traces-mine2_true.yml	1						true	true:1	0.298051897	0.217938203	11091968
Deagle	c/goblint-regression/13-privatized_45-traces-per-global-and-current-lock-mine-incomparable_true.yml	1						true	true:1	0.268390872	0.216761914	11001856
Deagle	c/goblint-regression/13-privatized_46-refine-protected1_true.yml	1						true	true:1	0.309497874	0.206136435	11001856
Deagle	c/goblint-regression/13-privatized_47-refine-protected2_true.yml	1						true	true:1	0.30834981	0.211281306	10981376
Deagle	c/goblint-regression/13-privatized_52-refine-protected-loop2-small_true.yml	1						true	true:1	5.27291629	5.23361083	28327936
Deagle	c/goblint-regression/13-privatized_57-singlethreaded-unlock_true.yml	1						true	true:1	0.292281777	0.195609141	11005952
Deagle	c/goblint-regression/13-privatized_58-singlethreaded-lock_true.yml	1						true	true:1	0.311871134	0.212802985	11046912
Deagle	c/goblint-regression/13-privatized_66-mine-W-init_true.yml	1						true	true:1	0.303374447	0.194618592	11059200
Deagle	c/goblint-regression/13-privatized_67-pthread_cond_wait_true.yml	1						true	false(unreach-call):1	0.310763522	0.30062659	13332480
Deagle	c/goblint-regression/13-privatized_67-pthread_cond_wait_unknown_1_neg.yml	1						true	false(unreach-call):1	0.310063486	0.298241065	13225984
Deagle	c/goblint-regression/13-privatized_67-pthread_cond_wait_unknown_1_pos.yml	1						true	false(unreach-call):1	0.312850266	0.302595049	13221888
Deagle	c/goblint-regression/13-privatized_68-pfscan_protected_loop_minimal_interval_true.yml	1						true	true:1	5.47454404	5.44127676	32456704
Deagle	c/goblint-regression/13-privatized_69-refine-protected-loop-interval_true.yml	1						true	true:1	5.50022934	5.45939406	35041280
Deagle	c/goblint-regression/28-race_reach_01-simple_racing.yml	1						false	ERROR:1			
Deagle	c/goblint-regression/28-race_reach_02-simple_racefree.yml	1						false	ERROR:1			
Deagle	c/goblint-regression/28-race_reach_03-munge_racing.yml	1						false	ERROR:1			
Deagle	c/goblint-regression/28-race_reach_04-munge_racefree.yml	1						false	ERROR:1			
Deagle	c/goblint-regression/28-race_reach_05-lockfuns_racefree.yml	1						false	ERROR:1			
Deagle	c/goblint-regression/28-race_reach_06-cond_racing1.yml	1						false	ERROR:1			
Deagle	c/goblint-regression/28-race_reach_07-cond_racing2.yml	1						false	ERROR:1			
Deagle	c/goblint-regression/28-race_reach_08-cond_racefree.yml	1						false	ERROR:1			
Deagle	c/goblint-regression/28-race_reach_09-ptrmunge_racing.yml	1						false	ERROR:1			
Deagle	c/goblint-regression/28-race_reach_10-ptrmunge_racefree.yml	1						false	ERROR:1			
Deagle	c/goblint-regression/28-race_reach_11-ptr_racing.yml	1						false	ERROR:1			
Deagle	c/goblint-regression/28-race_reach_12-ptr_racefree.yml	1						false	ERROR:1			
Deagle	c/goblint-regression/28-race_reach_19-callback_racing.yml	1						false	ERROR:1			
Deagle	c/goblint-regression/28-race_reach_20-callback_racefree.yml	1						false	ERROR:1			
Deagle	c/goblint-regression/28-race_reach_21-deref_read_racing.yml	1						false	ERROR:1			
Deagle	c/goblint-regression/28-race_reach_22-deref_read_racefree.yml	1						false	ERROR:1			
Deagle	c/goblint-regression/28-race_reach_23-sound_unlock_racing.yml	1						false	ERROR:1			
Deagle	c/goblint-regression/28-race_reach_24-sound_lock_racing.yml	1						false	ERROR:1			
Deagle	c/goblint-regression/28-race_reach_27-funptr_racing.yml	1						false	ERROR:1			
Deagle	c/goblint-regression/28-race_reach_28-funptr_racefree.yml	1						false	ERROR:1			
Deagle	c/goblint-regression/28-race_reach_36-indirect_racefree.yml	1						false	ERROR:1			
Deagle	c/goblint-regression/28-race_reach_37-indirect_racing.yml	1						false	ERROR:1			
Deagle	c/goblint-regression/28-race_reach_40-trylock_racing.yml	1						false	ERROR:1			
Deagle	c/goblint-regression/28-race_reach_41-trylock_racefree.yml	1						false	ERROR:1			
Deagle	c/goblint-regression/28-race_reach_42-trylock2_racefree.yml	1						false	ERROR:1			
Deagle	c/goblint-regression/28-race_reach_45-escape_racing.yml	1						true	false(unreach-call):1	0.237612635	0.226039401	11415552
Deagle	c/goblint-regression/28-race_reach_46-escape_racefree.yml	1						true	true:1	0.240172139	0.228244728	11366400
Deagle	c/goblint-regression/28-race_reach_51-mutexptr_racefree.yml	1						false	ERROR:1			
Deagle	c/goblint-regression/28-race_reach_60-invariant_racefree.yml	1						false	ERROR:1			
Deagle	c/goblint-regression/28-race_reach_61-invariant_racing.yml	1						false	ERROR:1			
Deagle	c/goblint-regression/28-race_reach_70-funloop_racefree.yml	1						false	ERROR:1			
Deagle	c/goblint-regression/28-race_reach_71-funloop_racing.yml	1						false	ERROR:1			
Deagle	c/goblint-regression/28-race_reach_72-funloop_hard_racing.yml	1						false	ERROR:1			
Deagle	c/goblint-regression/28-race_reach_73-funloop_hard_racefree.yml	1						false	ERROR:1			
Deagle	c/goblint-regression/28-race_reach_74-tricky_address1_racefree.yml	1						false	ERROR:1			
Deagle	c/goblint-regression/28-race_reach_75-tricky_address2_racefree.yml	1						false	ERROR:1			
Deagle	c/goblint-regression/28-race_reach_76-tricky_address3_racefree.yml	1						false	ERROR:1			
Deagle	c/goblint-regression/28-race_reach_77-tricky_address4_racing.yml	1						false	ERROR:1			
Deagle	c/goblint-regression/28-race_reach_78-equ_racing.yml	1						false	ERROR:1			
Deagle	c/goblint-regression/28-race_reach_79-equ_racefree.yml	1						false	ERROR:1			
Deagle	c/goblint-regression/28-race_reach_81-list_racing.yml	1						false	ERROR:1			
Deagle	c/goblint-regression/28-race_reach_82-list_racefree.yml	1						false	ERROR:1			
Deagle	c/goblint-regression/28-race_reach_83-list2_racing1.yml	1						false	ERROR:1			
Deagle	c/goblint-regression/28-race_reach_84-list2_racing2.yml	1						false	ERROR:1			
Deagle	c/goblint-regression/28-race_reach_85-list2_racefree.yml	1						false	ERROR:1			
Deagle	c/goblint-regression/28-race_reach_86-lists_racing.yml	1						false	ERROR:1			
Deagle	c/goblint-regression/28-race_reach_87-lists_racefree.yml	1						false	ERROR:1			
Deagle	c/goblint-regression/28-race_reach_90-arrayloop2_racing.yml	1						false	ERROR:1			
Deagle	c/goblint-regression/28-race_reach_91-arrayloop2_racefree.yml	1						false	ERROR:1			
Deagle	c/goblint-regression/28-race_reach_92-evilcollapse_racing.yml	1						false	ERROR:1			
Deagle	c/goblint-regression/28-race_reach_93-evilcollapse_racefree.yml	1						false	ERROR:1			
Deagle	c/goblint-regression/28-race_reach_94-alloc_region_racing.yml	1						false	ERROR:1			
Deagle	c/goblint-regression/36-apron_11-traces-max-simple_true.yml	1						true	true:1	0.305910523	0.204135016	10997760
Deagle	c/goblint-regression/36-apron_16-traces-unprot2_true.yml	1						true	true:1	0.356756431	0.207985415	10936320
Deagle	c/goblint-regression/36-apron_17-traces-rpb-litmus_unknown_1_neg.yml	1						true	false(unreach-call):1	0.231851172	0.218380166	11141120
Deagle	c/goblint-regression/36-apron_17-traces-rpb-litmus_unknown_1_pos.yml	1						true	false(unreach-call):1	0.22912806	0.218304496	11059200
Deagle	c/goblint-regression/36-apron_21-traces-cluster-based_true.yml	1						true	true:1	2.68505245	2.60957728	22405120
Deagle	c/goblint-regression/36-apron_22-traces-write-centered-vs-meet-mutex_true_no-overflow.yml	1						true	true:1	0.283843004	0.254084872	13094912
Deagle	c/goblint-regression/36-apron_41-threadenter-no-locals_unknown_1_neg.yml	1						true	false(unreach-call):1	0.284710537	0.188596343	10878976
Deagle	c/goblint-regression/36-apron_41-threadenter-no-locals_unknown_1_pos.yml	1						true	false(unreach-call):1	0.326016023	0.189039555	10833920
Deagle	c/ldv-linux-3.14-races/linux-3.14--drivers--media--platform--marvell-ccic--cafe_ccic.ko.cil-1.yml	1						false	unknown:1			
Deagle	c/ldv-linux-3.14-races/linux-3.14--drivers--media--platform--marvell-ccic--cafe_ccic.ko.cil-2.yml	1						false	unknown:1			
Deagle	c/ldv-linux-3.14-races/linux-3.14--drivers--net--irda--nsc-ircc.ko.cil.yml	1						false	unknown:1			
Deagle	c/ldv-linux-3.14-races/linux-3.14--drivers--net--irda--w83977af_ir.ko.cil.yml	1						false	unknown:1			
Deagle	c/ldv-linux-3.14-races/linux-3.14--drivers--spi--spi-tegra20-slink.ko.cil.yml	1						false	unknown:1			
Deagle	c/ldv-linux-3.14-races/linux-3.14--drivers--usb--misc--adutux.ko.cil.yml	1						false	unknown:1			
Deagle	c/ldv-races/race-1_1-join.yml	1						true	true:1	0.27410335	0.263687683	14483456
Deagle	c/ldv-races/race-1_2-join.yml	1						true	false(unreach-call):1	0.273320202	0.265330483	14446592
Deagle	c/ldv-races/race-1_3-join.yml	1						true	false(unreach-call):1	0.278142757	0.270025106	14458880
Deagle	c/ldv-races/race-2_1-container_of.yml	1						true	true:1	0.276319582	0.264494058	12222464
Deagle	c/ldv-races/race-2_2-container_of.yml	1						true	false(unreach-call):1	0.267567196	0.256800528	12201984
Deagle	c/ldv-races/race-2_3-container_of.yml	1						true	false(unreach-call):1	0.319759029	0.307374296	12972032
Deagle	c/ldv-races/race-2_4-container_of.yml	1						true	false(unreach-call):1	0.335978203	0.326039596	12931072
Deagle	c/ldv-races/race-2_5-container_of.yml	1						true	false(unreach-call):1	0.494830381	0.484766177	13209600
Deagle	c/ldv-races/race-3_1-container_of-global.yml	1						true	true:1	0.294952168	0.28709267	12333056
Deagle	c/ldv-races/race-3_2-container_of-global.yml	1						true	false(unreach-call):1	0.278723063	0.268473005	12263424
Deagle	c/ldv-races/race-4_1-thread_local_vars.yml	1						true	true:1	5.59260199	5.57929435	42283008
Deagle	c/libvsync/arraylock.yml	1						false	unknown:1			
Deagle	c/libvsync/bounded_mpmc_check_full.yml	1						false	unknown:1			
Deagle	c/libvsync/cnalock.yml	1						false	unknown:1			
Deagle	c/libvsync/hclhlock.yml	1						false	unknown:1			
Deagle	c/libvsync/hmcslock.yml	1						false	unknown:1			
Deagle	c/libvsync/mcslock.yml	1						false	unknown:1			
Deagle	c/libvsync/rec_mcslock.yml	1						false	unknown:1			
Deagle	c/libvsync/rec_ticketlock.yml	1						false	unknown:1			
Deagle	c/libvsync/rwlock.yml	1						false	unknown:1			
Deagle	c/libvsync/semaphore.yml	1						false	unknown:1			
Deagle	c/libvsync/ticketlock.yml	1						false	unknown:1			
Deagle	c/libvsync/ttaslock.yml	1						false	unknown:1			
Deagle	c/pthread-C-DAC/pthread-demo-datarace-1.yml	1						false	TIMEOUT:1			
Deagle	c/pthread-C-DAC/pthread-demo-datarace-3.yml	1						true	false(unreach-call):1	1.43671232	1.42420802	35651584
Deagle	c/pthread-C-DAC/pthread-finding-k-matches.yml	1						false	ERROR:1			
Deagle	c/pthread-C-DAC/pthread-numerical-integration.yml	1						true	true:1	11.3249177	11.3040275	192286720
Deagle	c/pthread-atomic/dekker-unfair.yml	1						true	true:1	5.23416609	5.22133871	57716736
Deagle	c/pthread-atomic/dekker.yml	1						true	true:1	5.23614067	5.22573166	56590336
Deagle	c/pthread-atomic/lamport.yml	1						true	true:1	5.26853315	5.25462025	41537536
Deagle	c/pthread-atomic/peterson.yml	1						true	true:1	0.213308531	0.205721956	11284480
Deagle	c/pthread-atomic/read_write_lock-1.yml	1						true	true:1	0.270143692	0.259873051	15925248
Deagle	c/pthread-atomic/read_write_lock-2.yml	1						true	false(unreach-call):1	0.259781279	0.252129325	11788288
Deagle	c/pthread-atomic/szymanski.yml	1						true	true:1	0.214398536	0.20698839	11223040
Deagle	c/pthread-atomic/time_var_mutex.yml	1						true	true:1	0.244648119	0.240467535	11227136
Deagle	c/pthread-complex/bounded_buffer.yml	1						false	OUT OF MEMORY:1			
Deagle	c/pthread-complex/elimination_backoff_stack.yml	1						false	OUT OF MEMORY:1			
Deagle	c/pthread-complex/safestack_relacy.yml	1						false	unknown:1			
Deagle	c/pthread-complex/workstealqueue_mutex-2.yml	1						true	false(unreach-call):1	25.5981761	25.5703787	285323264
Deagle	c/pthread-deagle/arithmetic_prog_bad.yml	1						true	false(unreach-call):1	6.79057556	6.76602937	207306752
Deagle	c/pthread-deagle/arithmetic_prog_ok.yml	1						true	true:1	6.80632802	6.78939433	331870208
Deagle	c/pthread-deagle/circular_buffer_bad.yml	1						true	false(unreach-call):1	1.12819915	1.11781467	112394240
Deagle	c/pthread-deagle/circular_buffer_ok.yml	1						true	true:1	55.360393	55.1805015	125829120
Deagle	c/pthread-divine/tls_basic.yml	1						true	true:1	0.234068086	0.224732891	11264000
Deagle	c/pthread-divine/tls_destructor_worker.yml	1						false	unknown:1			
Deagle	c/pthread-driver-races/char_generic_nvram_nvram_unlocked_ioctl_write_nvram.yml	1						true	true:1	5.91471898	5.90400962	61456384
Deagle	c/pthread-driver-races/char_generic_nvram_read_nvram_nvram_unlocked_ioctl.yml	1						true	true:1	5.90641917	5.89119448	59981824
Deagle	c/pthread-driver-races/char_generic_nvram_read_nvram_write_nvram.yml	1						true	false(unreach-call):1	6.02552007	6.01222278	61784064
Deagle	c/pthread-driver-races/char_pc8736x_gpio_pc8736x_gpio_change_pc8736x_gpio_configure.yml	1						true	true:1	1.26438252	1.25454887	86118400
Deagle	c/pthread-driver-races/char_pc8736x_gpio_pc8736x_gpio_change_pc8736x_gpio_current.yml	1						true	false(unreach-call):1	1.29098454	1.28098359	84750336
Deagle	c/pthread-driver-races/char_pc8736x_gpio_pc8736x_gpio_change_pc8736x_gpio_get.yml	1						true	true:1	1.23783768	1.22956845	84815872
Deagle	c/pthread-driver-races/char_pc8736x_gpio_pc8736x_gpio_change_pc8736x_gpio_set.yml	1						true	false(unreach-call):1	1.3250926	1.31454459	88670208
Deagle	c/pthread-driver-races/char_pc8736x_gpio_pc8736x_gpio_configure_pc8736x_gpio_current.yml	1						true	true:1	1.22511777	1.2110983	81932288
Deagle	c/pthread-driver-races/char_pc8736x_gpio_pc8736x_gpio_configure_pc8736x_gpio_get.yml	1						true	true:1	1.01402938	0.998567186	31129600
Deagle	c/pthread-driver-races/char_pc8736x_gpio_pc8736x_gpio_configure_pc8736x_gpio_set.yml	1						true	true:1	1.24378277	1.23546269	85057536
Deagle	c/pthread-driver-races/char_pc8736x_gpio_pc8736x_gpio_current_pc8736x_gpio_get.yml	1						true	true:1	1.19790336	1.18524633	81162240
Deagle	c/pthread-driver-races/char_pc8736x_gpio_pc8736x_gpio_current_pc8736x_gpio_set.yml	1						true	false(unreach-call):1	1.28143932	1.27073875	84733952
Deagle	c/pthread-driver-races/char_pc8736x_gpio_pc8736x_gpio_get_pc8736x_gpio_set.yml	1						true	true:1	1.23781854	1.22840535	84058112
Deagle	c/pthread-driver-races/char_pc8736x_gpio_pc8736x_gpio_open_pc8736x_gpio_change.yml	1						true	true:1	1.23251788	1.22351275	84189184
Deagle	c/pthread-driver-races/char_pc8736x_gpio_pc8736x_gpio_open_pc8736x_gpio_configure.yml	1						true	true:1	1.21902897	1.20873462	81674240
Deagle	c/pthread-driver-races/char_pc8736x_gpio_pc8736x_gpio_open_pc8736x_gpio_current.yml	1						true	true:1	1.2173247	1.20448245	81039360
Deagle	c/pthread-driver-races/char_pc8736x_gpio_pc8736x_gpio_open_pc8736x_gpio_get.yml	1						true	true:1	1.21195882	1.1934107	80756736
Deagle	c/pthread-driver-races/char_pc8736x_gpio_pc8736x_gpio_open_pc8736x_gpio_set.yml	1						true	true:1	1.21591145	1.20286361	83976192
Deagle	c/pthread-ext/01b_inc.yml	1						true	true:1	5.27990875	5.26852466	46927872
Deagle	c/pthread-ext/02_inc_cas.yml	1						true	true:1	5.35891127	5.3379811	46428160
Deagle	c/pthread-ext/03_incdec.yml	1						true	true:1	5.61046668	5.55712102	57462784
Deagle	c/pthread-ext/04_incdec_cas.yml	1						true	true:1	5.73522219	5.71324585	47382528
Deagle	c/pthread-ext/08_rand_cas.yml	1						true	true:1	5.82665718	5.80891606	47173632
Deagle	c/pthread-ext/09_fmaxsym-zero.yml	1						false	TIMEOUT:1			
Deagle	c/pthread-ext/09_fmaxsym.yml	1						false	TIMEOUT:1			
Deagle	c/pthread-ext/11_fmaxsymopt-zero.yml	1						true	true:1	5.38134693	5.36729587	47198208
Deagle	c/pthread-ext/11_fmaxsymopt.yml	1						true	true:1	6.05782311	6.02763824	47099904
Deagle	c/pthread-ext/14_spin2003.yml	1						true	true:1	5.24781127	5.23766923	46469120
Deagle	c/pthread-ext/18_read_write_lock.yml	1						true	true:1	0.213697257	0.203383671	11096064
Deagle	c/pthread-ext/25_stack.yml	1						true	true:1	7.36088393	7.31455232	330743808
Deagle	c/pthread-ext/25_stack_longer-1.yml	1						true	false(unreach-call):1	21.7521618	21.7070012	1.9883008e+09
Deagle	c/pthread-ext/25_stack_longer-2.yml	1						true	true:1	18.7975695	18.7153032	2.00832614e+09
Deagle	c/pthread-ext/25_stack_longest-1.yml	1						false	OUT OF MEMORY:1			
Deagle	c/pthread-ext/25_stack_longest-2.yml	1						false	OUT OF MEMORY:1			
Deagle	c/pthread-ext/26_stack_cas.yml	1						true	true:1	14.2970049	14.2386688	794505216
Deagle	c/pthread-ext/26_stack_cas_longer-1.yml	1						false	OUT OF MEMORY:1			
Deagle	c/pthread-ext/26_stack_cas_longer-2.yml	1						false	OUT OF MEMORY:1			
Deagle	c/pthread-ext/26_stack_cas_longest-1.yml	1						false	OUT OF MEMORY:1			
Deagle	c/pthread-ext/26_stack_cas_longest-2.yml	1						false	OUT OF MEMORY:1			
Deagle	c/pthread-ext/28_buggy_simple_loop1_vf.yml	1						true	false(unreach-call):1	5.30059689	5.28264781	46612480
Deagle	c/pthread-ext/29_conditionals_vs.yml	1						true	true:1	5.24424295	5.23156055	46161920
Deagle	c/pthread-ext/31_simple_loop5_vs.yml	1						false	TIMEOUT:1			
Deagle	c/pthread-ext/35_double_lock_p3_vs.yml	1						true	true:1	27.646033	27.5860485	47403008
Deagle	c/pthread-ext/36_stack_cas_p0_vs_concur.yml	1						true	true:1	14.6695425	14.638429	772739072
Deagle	c/pthread-ext/37_stack_lock_p0_vs_concur.yml	1						true	true:1	6.97474276	6.94762445	279584768
Deagle	c/pthread-ext/39_rand_lock_p0_vs.yml	1						true	true:1	5.26036201	5.24383615	47546368
Deagle	c/pthread-ext/40_barrier_vf.yml	1						true	false(unreach-call):1	5.48662359	5.46408783	46354432
Deagle	c/pthread-ext/43_NetBSD_sysmon_power_sliced-pthread.yml	1						false	TIMEOUT:1			
Deagle	c/pthread-ext/43_NetBSD_sysmon_power_sliced.yml	1						false	TIMEOUT:1			
Deagle	c/pthread-ext/45_monabsex1_vs.yml	1						true	true:1	5.24222661	5.23154537	46100480
Deagle	c/pthread-ext/46_monabsex2_vs.yml	1						true	true:1	5.24170255	5.22487648	45576192
Deagle	c/pthread-ext/48_ticket_lock_low_contention_vs-pthread.yml	1						true	true:1	5.27030593	5.23650618	51728384
Deagle	c/pthread-ext/48_ticket_lock_low_contention_vs.yml	1						true	true:1	5.26981643	5.25203371	51638272
Deagle	c/pthread-lit/qw2004-2b.yml	1						true	false(unreach-call):1	0.220506019	0.202671561	11313152
Deagle	c/pthread-lit/sssc12.yml	1						true	true:1	5.8518399	5.8319682	47558656
Deagle	c/pthread-lit/sssc12_variant.yml	1						false	TIMEOUT:1			
Deagle	c/pthread-race-challenges/thread-local-pthread-value.yml	1						true	true:1	5.44287204	5.42286379	54013952
Deagle	c/pthread-race-challenges/thread-local-value-dynamic.yml	1						true	true:1	5.38626304	5.37085074	53690368
Deagle	c/pthread-race-challenges/thread-local-value.yml	1						true	true:1	5.29264294	5.26393108	53686272
Deagle	c/pthread-theta/exponential-4.yml	1						true	true:1	0.264646713	0.25650388	16461824
Deagle	c/pthread-theta/exponential-64.yml	1						false	OUT OF MEMORY:1			
Deagle	c/pthread-theta/exponential-nondet.yml	1						true	true:1	5.27681736	5.26553568	48717824
Deagle	c/pthread-theta/unwind1-1.yml	1						true	false(unreach-call):1	5.24033372	5.22210827	120672256
Deagle	c/pthread-theta/unwind1-100.yml	1						true	true:1	5.2352872	5.2199814	124776448
Deagle	c/pthread-theta/unwind1-nondet.yml	1						true	false(unreach-call):1	5.24707007	5.23261743	114282496
Deagle	c/pthread-theta/unwind2-1.yml	1						true	false(unreach-call):1	5.23921639	5.21283793	122519552
Deagle	c/pthread-theta/unwind2-100.yml	1						true	true:1	5.2365781	5.22198787	127016960
Deagle	c/pthread-theta/unwind2-nondet.yml	1						true	false(unreach-call):1	5.2392444	5.22662122	130719744
Deagle	c/pthread-theta/unwind3-1.yml	1						true	false(unreach-call):1	5.25288579	5.22985245	50499584
Deagle	c/pthread-theta/unwind3-100.yml	1						false	OUT OF MEMORY:1			
Deagle	c/pthread-theta/unwind3-nondet.yml	1						true	false(unreach-call):1	5.26265697	5.22990833	51388416
Deagle	c/pthread-theta/wsc.yml	1						true	true:1	0.392436498	0.382172605	15634432
Deagle	c/pthread-wmm/mix000.oepc.yml	1						true	false(unreach-call):1	0.25223036	0.239217032	11911168
Deagle	c/pthread-wmm/mix000.opt.yml	1						true	false(unreach-call):1	0.240619538	0.234212476	11841536
Deagle	c/pthread-wmm/mix001.oepc.yml	1						true	false(unreach-call):1	0.26767126	0.257927396	13131776
Deagle	c/pthread-wmm/mix001.opt.yml	1						true	false(unreach-call):1	0.252884777	0.240945267	11968512
Deagle	c/pthread-wmm/mix002.oepc.yml	1						true	false(unreach-call):1	0.254625057	0.246451954	12087296
Deagle	c/pthread-wmm/mix002.opt.yml	1						true	false(unreach-call):1	0.250304742	0.237030515	11980800
Deagle	c/pthread-wmm/mix003.oepc.yml	1						true	false(unreach-call):1	0.255876084	0.240390617	11866112
Deagle	c/pthread-wmm/mix003_power.opt_pso.opt_rmo.opt_tso.opt.yml	1						true	false(unreach-call):1	0.252583997	0.246032657	11882496
Deagle	c/pthread-wmm/mix004.oepc.yml	1						true	false(unreach-call):1	0.288346564	0.276087634	13844480
Deagle	c/pthread-wmm/mix004.opt.yml	1						true	false(unreach-call):1	0.267064931	0.263100082	12730368
Deagle	c/pthread-wmm/mix005.opt.yml	1						true	false(unreach-call):1	0.2558997	0.248157221	12644352
Deagle	c/pthread-wmm/mix005_power.oepc_pso.oepc_rmo.oepc.yml	1						true	false(unreach-call):1	0.284403654	0.273309463	13860864
Deagle	c/pthread-wmm/mix005_tso.oepc.yml	1						true	false(unreach-call):1	0.280209211	0.275714987	13742080
Deagle	c/pthread-wmm/mix006.opt.yml	1						true	false(unreach-call):1	0.249866275	0.239819071	12050432
Deagle	c/pthread-wmm/mix006_power.oepc_pso.oepc_rmo.oepc.yml	1						true	false(unreach-call):1	0.253434303	0.247515997	11874304
Deagle	c/pthread-wmm/mix006_tso.oepc.yml	1						true	false(unreach-call):1	0.312118809	0.303095177	16015360
Deagle	c/pthread-wmm/mix007.oepc.yml	1						true	false(unreach-call):1	0.279062177	0.268886853	13709312
Deagle	c/pthread-wmm/mix007.opt.yml	1						true	false(unreach-call):1	0.264446051	0.256115609	12709888
Deagle	c/pthread-wmm/mix008.opt.yml	1						true	false(unreach-call):1	0.272059521	0.264524625	12673024
Deagle	c/pthread-wmm/mix008_power.oepc_pso.oepc_rmo.oepc.yml	1						true	false(unreach-call):1	0.278514207	0.26791263	13656064
Deagle	c/pthread-wmm/mix008_tso.oepc.yml	1						true	false(unreach-call):1	0.320236928	0.312672174	17285120
Deagle	c/pthread-wmm/mix009.oepc.yml	1						true	false(unreach-call):1	0.264126288	0.253756431	11714560
Deagle	c/pthread-wmm/mix009.opt.yml	1						true	false(unreach-call):1	0.236725294	0.225553253	11862016
Deagle	c/pthread-wmm/mix010.oepc.yml	1						true	false(unreach-call):1	0.24967655	0.24369721	11988992
Deagle	c/pthread-wmm/mix010.opt.yml	1						true	false(unreach-call):1	0.254916581	0.242951412	12013568
Deagle	c/pthread-wmm/mix011.opt.yml	1						true	false(unreach-call):1	0.249647539	0.240167986	11960320
Deagle	c/pthread-wmm/mix011_power.oepc_pso.oepc_rmo.oepc.yml	1						true	false(unreach-call):1	0.250955029	0.24203489	11935744
Deagle	c/pthread-wmm/mix011_tso.oepc.yml	1						true	false(unreach-call):1	0.247734208	0.235643145	11968512
Deagle	c/pthread-wmm/mix012_power.oepc_power.opt_pso.oepc_rmo.oepc_rmo.opt_tso.oepc.yml	1						true	false(unreach-call):1	0.254092607	0.247733326	11608064
Deagle	c/pthread-wmm/mix012_pso.opt_tso.opt.yml	1						true	false(unreach-call):1	0.238161541	0.227342307	11788288
Deagle	c/pthread-wmm/mix013.oepc.yml	1						true	false(unreach-call):1	0.288543302	0.281000554	13910016
Deagle	c/pthread-wmm/mix013.opt.yml	1						true	false(unreach-call):1	0.261209427	0.25371312	12693504
Deagle	c/pthread-wmm/mix014.opt.yml	1						true	false(unreach-call):1	0.266285713	0.258924399	12759040
Deagle	c/pthread-wmm/mix014_power.oepc_pso.oepc_rmo.oepc.yml	1						true	false(unreach-call):1	0.284324025	0.277053428	13897728
Deagle	c/pthread-wmm/mix014_tso.oepc.yml	1						true	false(unreach-call):1	0.343290079	0.331600366	17784832
Deagle	c/pthread-wmm/mix015.oepc.yml	1						true	false(unreach-call):1	0.255002982	0.246647675	12046336
Deagle	c/pthread-wmm/mix015.opt.yml	1						true	false(unreach-call):1	0.252614236	0.244311278	11927552
Deagle	c/pthread-wmm/mix016.oepc.yml	1						true	false(unreach-call):1	0.253827642	0.245804185	11804672
Deagle	c/pthread-wmm/mix016_power.opt_rmo.opt.yml	1						true	false(unreach-call):1	0.25407454	0.245456145	11759616
Deagle	c/pthread-wmm/mix016_pso.opt_tso.opt.yml	1						true	false(unreach-call):1	0.259387158	0.244830428	11931648
Deagle	c/pthread-wmm/mix017.oepc.yml	1						true	false(unreach-call):1	0.281496395	0.271032165	13697024
Deagle	c/pthread-wmm/mix017_power.opt_rmo.opt.yml	1						true	false(unreach-call):1	0.26700716	0.257796079	12349440
Deagle	c/pthread-wmm/mix017_pso.opt_tso.opt.yml	1						true	false(unreach-call):1	0.257853723	0.251979667	12607488
Deagle	c/pthread-wmm/mix018.opt.yml	1						true	false(unreach-call):1	0.259263682	0.25198546	12591104
Deagle	c/pthread-wmm/mix018_power.oepc_pso.oepc_rmo.oepc.yml	1						true	false(unreach-call):1	0.269254019	0.257418399	13430784
Deagle	c/pthread-wmm/mix018_tso.oepc.yml	1						true	false(unreach-call):1	0.287295142	0.27628885	13598720
Deagle	c/pthread-wmm/mix019.opt.yml	1						true	false(unreach-call):1	0.248938353	0.237499464	12009472
Deagle	c/pthread-wmm/mix019_power.oepc_pso.oepc_rmo.oepc.yml	1						true	false(unreach-call):1	0.250105558	0.240902901	11829248
Deagle	c/pthread-wmm/mix019_tso.oepc.yml	1						true	false(unreach-call):1	0.248216467	0.235234362	11890688
Deagle	c/pthread-wmm/mix020.oepc.yml	1						true	false(unreach-call):1	0.294170695	0.282959554	13754368
Deagle	c/pthread-wmm/mix020.opt.yml	1						true	false(unreach-call):1	0.262835778	0.254237489	12578816
Deagle	c/pthread-wmm/mix021.opt.yml	1						true	false(unreach-call):1	0.256062316	0.245833018	12460032
Deagle	c/pthread-wmm/mix021_power.oepc_pso.oepc_rmo.oepc.yml	1						true	false(unreach-call):1	0.272436754	0.257308727	13504512
Deagle	c/pthread-wmm/mix021_tso.oepc.yml	1						true	false(unreach-call):1	0.267126502	0.257541813	12808192
Deagle	c/pthread-wmm/mix022_power.oepc_power.opt_pso.oepc_pso.opt_rmo.oepc_rmo.opt.yml	1						true	false(unreach-call):1	0.270355377	0.258346887	11628544
Deagle	c/pthread-wmm/mix022_tso.yml	1						true	false(unreach-call):1	0.236912716	0.229692598	11857920
Deagle	c/pthread-wmm/mix023_power.oepc_pso.oepc_rmo.oepc.yml	1						true	false(unreach-call):1	0.272207502	0.262846889	13598720
Deagle	c/pthread-wmm/mix023_power.opt_pso.opt_rmo.opt.yml	1						true	false(unreach-call):1	0.280101548	0.267650471	12488704
Deagle	c/pthread-wmm/mix023_tso.yml	1						true	false(unreach-call):1	0.362801137	0.353059378	18698240
Deagle	c/pthread-wmm/mix024_power.oepc_pso.oepc_rmo.oepc_tso.oepc_tso.opt.yml	1						true	false(unreach-call):1	0.24872016	0.241601563	11997184
Deagle	c/pthread-wmm/mix024_power.opt_pso.opt_rmo.opt.yml	1						true	false(unreach-call):1	0.24512728	0.233830745	11808768
Deagle	c/pthread-wmm/mix025_power.oepc_power.opt_pso.oepc_rmo.oepc_tso.oepc_tso.opt.yml	1						true	false(unreach-call):1	0.255353552	0.246369469	11825152
Deagle	c/pthread-wmm/mix025_pso.opt_rmo.opt.yml	1						true	false(unreach-call):1	0.268988752	0.257279787	11730944
Deagle	c/pthread-wmm/mix026.oepc.yml	1						true	false(unreach-call):1	0.28193718	0.274253889	13619200
Deagle	c/pthread-wmm/mix026_power.opt_tso.opt.yml	1						true	false(unreach-call):1	0.30966186	0.294932384	13074432
Deagle	c/pthread-wmm/mix026_pso.opt_rmo.opt.yml	1						true	false(unreach-call):1	0.280023399	0.263001031	12148736
Deagle	c/pthread-wmm/mix027_power.oepc_pso.oepc_rmo.oepc.yml	1						true	false(unreach-call):1	0.268021729	0.260303863	13504512
Deagle	c/pthread-wmm/mix027_power.opt_pso.opt_rmo.opt.yml	1						true	false(unreach-call):1	0.259215261	0.247242839	12230656
Deagle	c/pthread-wmm/mix027_tso.yml	1						true	false(unreach-call):1	0.304070477	0.296290053	13799424
Deagle	c/pthread-wmm/mix028_power.oepc_pso.oepc_rmo.oepc.yml	1						true	false(unreach-call):1	0.25289013	0.241510746	11911168
Deagle	c/pthread-wmm/mix028_power.opt_pso.opt_rmo.opt.yml	1						true	false(unreach-call):1	0.24839539	0.242590638	11915264
Deagle	c/pthread-wmm/mix028_tso.yml	1						true	false(unreach-call):1	0.251183836	0.23883764	12083200
Deagle	c/pthread-wmm/mix029_power.oepc_pso.oepc_rmo.oepc_tso.oepc_tso.opt.yml	1						true	false(unreach-call):1	0.269190578	0.261100346	13594624
Deagle	c/pthread-wmm/mix029_power.opt_pso.opt_rmo.opt.yml	1						true	false(unreach-call):1	0.264278377	0.256852298	12804096
Deagle	c/pthread-wmm/mix030_power.oepc_pso.oepc_rmo.oepc.yml	1						true	false(unreach-call):1	0.276785283	0.269441707	13561856
Deagle	c/pthread-wmm/mix030_power.opt_pso.opt_rmo.opt.yml	1						true	false(unreach-call):1	0.264155265	0.258179288	12791808
Deagle	c/pthread-wmm/mix030_tso.yml	1						true	false(unreach-call):1	0.28129518	0.271143442	13221888
Deagle	c/pthread-wmm/mix031.oepc.yml	1						true	false(unreach-call):1	0.264226659	0.252812879	11730944
Deagle	c/pthread-wmm/mix031.opt.yml	1						true	false(unreach-call):1	0.259539226	0.251049113	11628544
Deagle	c/pthread-wmm/mix032.oepc.yml	1						true	false(unreach-call):1	0.260459355	0.251158332	12042240
Deagle	c/pthread-wmm/mix032.opt.yml	1						true	false(unreach-call):1	0.267469473	0.259941891	11759616
Deagle	c/pthread-wmm/mix033.opt.yml	1						true	false(unreach-call):1	0.26884473	0.258640782	11747328
Deagle	c/pthread-wmm/mix033_power.oepc_pso.oepc_rmo.oepc.yml	1						true	false(unreach-call):1	0.246551423	0.240667776	12025856
Deagle	c/pthread-wmm/mix033_tso.oepc.yml	1						true	false(unreach-call):1	0.254109944	0.245421378	12050432
Deagle	c/pthread-wmm/mix034_power.oepc_power.opt_pso.oepc_rmo.oepc_rmo.opt_tso.oepc.yml	1						true	false(unreach-call):1	0.257156576	0.245141795	11755520
Deagle	c/pthread-wmm/mix034_pso.opt_tso.opt.yml	1						true	false(unreach-call):1	0.256947451	0.247167671	11599872
Deagle	c/pthread-wmm/mix035.oepc.yml	1						true	false(unreach-call):1	0.249799363	0.241500873	11939840
Deagle	c/pthread-wmm/mix035_power.opt_rmo.opt.yml	1						true	false(unreach-call):1	0.249567011	0.242856248	11902976
Deagle	c/pthread-wmm/mix035_pso.opt_tso.opt.yml	1						true	false(unreach-call):1	0.268293054	0.258061796	11784192
Deagle	c/pthread-wmm/mix036.oepc.yml	1						true	false(unreach-call):1	0.277251628	0.26844837	13688832
Deagle	c/pthread-wmm/mix036_power.opt_rmo.opt.yml	1						true	false(unreach-call):1	0.268032819	0.259492659	12369920
Deagle	c/pthread-wmm/mix036_pso.opt_tso.opt.yml	1						true	false(unreach-call):1	0.256064581	0.244833217	11870208
Deagle	c/pthread-wmm/mix037.opt.yml	1						true	false(unreach-call):1	0.260279699	0.254058518	11890688
Deagle	c/pthread-wmm/mix037_power.oepc_pso.oepc_rmo.oepc.yml	1						true	false(unreach-call):1	0.271030457	0.263130639	13602816
Deagle	c/pthread-wmm/mix037_tso.oepc.yml	1						true	false(unreach-call):1	0.282581722	0.274688365	13651968
Deagle	c/pthread-wmm/mix038.opt.yml	1						true	false(unreach-call):1	0.259154523	0.25145693	11833344
Deagle	c/pthread-wmm/mix038_power.oepc_pso.oepc_rmo.oepc.yml	1						true	false(unreach-call):1	0.251090279	0.240524466	11837440
Deagle	c/pthread-wmm/mix038_tso.oepc.yml	1						true	false(unreach-call):1	0.247272922	0.236389855	11829248
Deagle	c/pthread-wmm/mix039.oepc.yml	1						true	false(unreach-call):1	0.292260795	0.285102333	13864960
Deagle	c/pthread-wmm/mix039.opt.yml	1						true	false(unreach-call):1	0.266019036	0.25297092	11964416
Deagle	c/pthread-wmm/mix040.opt.yml	1						true	false(unreach-call):1	0.269642625	0.259194193	11870208
Deagle	c/pthread-wmm/mix040_power.oepc_pso.oepc_rmo.oepc.yml	1						true	false(unreach-call):1	0.264340149	0.257720802	13639680
Deagle	c/pthread-wmm/mix040_tso.oepc.yml	1						true	false(unreach-call):1	0.269096762	0.260935237	12845056
Deagle	c/pthread-wmm/mix041_power.oepc_pso.oepc_rmo.oepc.yml	1						true	false(unreach-call):1	0.263559034	0.256321965	11628544
Deagle	c/pthread-wmm/mix041_power.opt_pso.opt_rmo.opt_tso.oepc_tso.opt.yml	1						true	false(unreach-call):1	0.2675531	0.256622778	11661312
Deagle	c/pthread-wmm/mix042.oepc.yml	1						true	false(unreach-call):1	0.252505844	0.242724074	11857920
Deagle	c/pthread-wmm/mix042.opt.yml	1						true	false(unreach-call):1	0.249882467	0.239495482	11808768
Deagle	c/pthread-wmm/mix043.oepc.yml	1						true	false(unreach-call):1	0.309230293	0.300706024	13750272
Deagle	c/pthread-wmm/mix043.opt.yml	1						true	false(unreach-call):1	0.273319511	0.250821884	12230656
Deagle	c/pthread-wmm/mix044.opt.yml	1						true	false(unreach-call):1	0.256012122	0.251239708	12218368
Deagle	c/pthread-wmm/mix044_power.oepc_pso.oepc_rmo.oepc.yml	1						true	false(unreach-call):1	0.270283109	0.263012267	13680640
Deagle	c/pthread-wmm/mix044_tso.oepc.yml	1						true	false(unreach-call):1	0.314251538	0.304025571	13787136
Deagle	c/pthread-wmm/mix045_power.oepc_pso.oepc_rmo.oepc.yml	1						true	false(unreach-call):1	0.255686122	0.242099442	11833344
Deagle	c/pthread-wmm/mix045_power.opt_pso.opt_rmo.opt_tso.oepc_tso.opt.yml	1						true	false(unreach-call):1	0.264544688	0.257542959	11763712
Deagle	c/pthread-wmm/mix046.oepc.yml	1						true	false(unreach-call):1	0.284505931	0.275730768	13688832
Deagle	c/pthread-wmm/mix046.opt.yml	1						true	false(unreach-call):1	0.252208633	0.242568467	12247040
Deagle	c/pthread-wmm/mix047_power.oepc_pso.oepc_rmo.oepc.yml	1						true	false(unreach-call):1	0.286240417	0.277008606	13639680
Deagle	c/pthread-wmm/mix047_power.opt_pso.opt_rmo.opt_tso.oepc_tso.opt.yml	1						true	false(unreach-call):1	0.252627684	0.244194385	12185600
Deagle	c/pthread-wmm/mix048_power.oepc_power.opt_pso.oepc_pso.opt_rmo.oepc_rmo.opt_tso.oepc_tso.opt-podwr000_power.oepc_power.opt_pso.oepc_pso.opt_rmo.oepc_rmo.opt_tso.oepc_tso.opt.yml	1						true	false(unreach-call):1	0.267381519	0.25650991	11632640
Deagle	c/pthread-wmm/mix049_power.oepc_power.opt_pso.oepc_pso.opt_rmo.oepc_rmo.opt_tso.oepc_tso.opt-podwr001_power.oepc_power.opt_pso.oepc_pso.opt_rmo.oepc_rmo.opt_tso.oepc_tso.opt.yml	1						true	false(unreach-call):1	0.254659302	0.248382925	11788288
Deagle	c/pthread-wmm/mix050.yml	1						true	false(unreach-call):1	0.279221386	0.271774971	13635584
Deagle	c/pthread-wmm/mix051_power.oepc_power.opt_pso.oepc_rmo.oepc.yml	1						true	false(unreach-call):1	0.350677503	0.343234681	13803520
Deagle	c/pthread-wmm/mix051_pso.opt_rmo.opt_tso.opt.yml	1						true	false(unreach-call):1	0.279482549	0.267029918	11833344
Deagle	c/pthread-wmm/mix051_tso.oepc.yml	1						true	false(unreach-call):1	0.289438088	0.280974796	13582336
Deagle	c/pthread-wmm/mix052_power.oepc_power.opt_pso.oepc_rmo.oepc.yml	1						true	false(unreach-call):1	0.25177135	0.241048025	11743232
Deagle	c/pthread-wmm/mix052_pso.opt_rmo.opt_tso.opt.yml	1						true	false(unreach-call):1	0.270781502	0.262581747	11718656
Deagle	c/pthread-wmm/mix052_tso.oepc.yml	1						true	false(unreach-call):1	0.244578577	0.237632298	11788288
Deagle	c/pthread-wmm/mix053.opt.yml	1						true	false(unreach-call):1	0.280216683	0.270600796	11849728
Deagle	c/pthread-wmm/mix053_power.oepc_pso.oepc_rmo.oepc.yml	1						true	false(unreach-call):1	0.261722127	0.25607772	13271040
Deagle	c/pthread-wmm/mix053_tso.oepc.yml	1						true	false(unreach-call):1	0.258385052	0.252714701	12701696
Deagle	c/pthread-wmm/mix054_power.oepc_power.opt_pso.oepc_rmo.oepc.yml	1						true	false(unreach-call):1	0.26137775	0.24965409	11673600
Deagle	c/pthread-wmm/mix054_pso.opt_rmo.opt_tso.oepc_tso.opt.yml	1						true	false(unreach-call):1	0.260496147	0.250890347	11632640
Deagle	c/pthread-wmm/mix055.opt.yml	1						true	false(unreach-call):1	0.25941387	0.250694314	12079104
Deagle	c/pthread-wmm/mix055_power.oepc_pso.oepc_rmo.oepc.yml	1						true	false(unreach-call):1	0.268930749	0.257873498	13357056
Deagle	c/pthread-wmm/mix055_tso.oepc.yml	1						true	false(unreach-call):1	0.300071412	0.291639231	13479936
Deagle	c/pthread-wmm/mix056_power.oepc_pso.oepc_rmo.oepc.yml	1						true	false(unreach-call):1	0.262154684	0.253198247	11776000
Deagle	c/pthread-wmm/mix056_power.opt_pso.opt_rmo.opt_tso.oepc_tso.opt.yml	1						true	false(unreach-call):1	0.263954711	0.255710141	11718656
Deagle	c/pthread-wmm/mix057_power.oepc_pso.oepc_rmo.oepc.yml	1						true	false(unreach-call):1	0.29352756	0.279523665	13557760
Deagle	c/pthread-wmm/mix057_power.opt_pso.opt_rmo.opt_tso.oepc_tso.opt.yml	1						true	false(unreach-call):1	0.260244446	0.256846293	11980800
Deagle	c/pthread-wmm/rfi000_power.oepc_pso.oepc_rmo.oepc.yml	1						true	false(unreach-call):1	0.257193218	0.246173282	12386304
Deagle	c/pthread-wmm/rfi000_power.opt_pso.opt_rmo.opt.yml	1						true	false(unreach-call):1	0.262207005	0.251671186	11657216
Deagle	c/pthread-wmm/rfi000_tso.yml	1						true	true:1	0.247943779	0.238756414	12070912
Deagle	c/pthread-wmm/rfi001_power.oepc_pso.oepc_rmo.oepc.yml	1						true	false(unreach-call):1	0.258591894	0.249750728	11628544
Deagle	c/pthread-wmm/rfi001_power.opt_pso.opt_rmo.opt_tso.oepc_tso.opt.yml	1						true	false(unreach-call):1	0.255741929	0.246870293	11636736
Deagle	c/pthread-wmm/rfi002_power.oepc_power.opt_pso.oepc_pso.opt_rmo.oepc_rmo.opt.yml	1						true	true:1	0.252801186	0.248074995	12419072
Deagle	c/pthread-wmm/rfi002_tso.yml	1						true	true:1	0.303225612	0.292793979	14413824
Deagle	c/pthread-wmm/rfi003_power.oepc_power.opt_pso.oepc_pso.opt_rmo.oepc_rmo.opt.yml	1						true	false(unreach-call):1	0.259015952	0.248850445	11702272
Deagle	c/pthread-wmm/rfi003_tso.yml	1						true	true:1	0.259860165	0.248490965	12505088
Deagle	c/pthread-wmm/rfi004.yml	1						true	false(unreach-call):1	0.25631867	0.245765101	11567104
Deagle	c/pthread-wmm/rfi005.yml	1						true	false(unreach-call):1	0.251680376	0.242708033	12062720
Deagle	c/pthread-wmm/rfi006_power.oepc.yml	1						true	false(unreach-call):1	0.251015236	0.241505309	11980800
Deagle	c/pthread-wmm/rfi006_power.opt.yml	1						true	false(unreach-call):1	0.257594158	0.249178564	12247040
Deagle	c/pthread-wmm/rfi006_pso.oepc_pso.opt_tso.oepc_tso.opt.yml	1						true	false(unreach-call):1	0.263010904	0.254935808	12795904
Deagle	c/pthread-wmm/rfi006_rmo.yml	1						true	false(unreach-call):1	0.247317933	0.241668113	11960320
Deagle	c/pthread-wmm/rfi007_power.oepc_power.opt_pso.oepc_pso.opt_rmo.oepc_rmo.opt.yml	1						true	false(unreach-call):1	0.258355116	0.248235264	11661312
Deagle	c/pthread-wmm/rfi007_tso.yml	1						true	false(unreach-call):1	0.24879141	0.235315671	11735040
Deagle	c/pthread-wmm/rfi008.oepc.yml	1						true	false(unreach-call):1	0.243515037	0.236735779	11935744
Deagle	c/pthread-wmm/rfi008.opt.yml	1						true	false(unreach-call):1	0.236623993	0.22796706	11808768
Deagle	c/pthread-wmm/rfi009_power.oepc.yml	1						true	false(unreach-call):1	0.246314184	0.242428849	12021760
Deagle	c/pthread-wmm/rfi009_power.opt_pso.oepc_pso.opt_rmo.opt_tso.oepc_tso.opt.yml	1						true	false(unreach-call):1	0.252622457	0.245943852	12066816
Deagle	c/pthread-wmm/rfi009_rmo.oepc.yml	1						true	false(unreach-call):1	0.243165756	0.235094366	11968512
Deagle	c/pthread-wmm/rfi010.yml	1						true	false(unreach-call):1	0.23652533	0.226658543	11845632
Deagle	c/pthread-wmm/safe000_power.oepc.yml	1						true	false(unreach-call):1	0.276782232	0.266022926	13053952
Deagle	c/pthread-wmm/safe000_power.opt.yml	1						true	false(unreach-call):1	0.260071785	0.249819176	12439552
Deagle	c/pthread-wmm/safe000_pso.oepc_pso.opt_tso.oepc_tso.opt.yml	1						true	true:1	0.223656216	0.213170649	11440128
Deagle	c/pthread-wmm/safe000_rmo.yml	1						true	false(unreach-call):1	0.268848648	0.263316891	12939264
Deagle	c/pthread-wmm/safe001_power.oepc.yml	1						true	false(unreach-call):1	0.271461348	0.26230857	13025280
Deagle	c/pthread-wmm/safe001_power.opt_pso.oepc_pso.opt_rmo.opt.yml	1						true	false(unreach-call):1	0.255684604	0.246100392	11767808
Deagle	c/pthread-wmm/safe001_rmo.oepc.yml	1						true	false(unreach-call):1	0.267234213	0.258397015	12972032
Deagle	c/pthread-wmm/safe001_tso.yml	1						true	true:1	0.224418461	0.213359506	11370496
Deagle	c/pthread-wmm/safe002_power.oepc.yml	1						true	false(unreach-call):1	0.276263447	0.265186613	13123584
Deagle	c/pthread-wmm/safe002_power.opt_pso.oepc_pso.opt_rmo.opt.yml	1						true	false(unreach-call):1	0.262839489	0.252304856	11808768
Deagle	c/pthread-wmm/safe002_rmo.oepc.yml	1						true	false(unreach-call):1	0.260348137	0.254051336	12910592
Deagle	c/pthread-wmm/safe002_tso.yml	1						true	true:1	0.224187621	0.216898966	11386880
Deagle	c/pthread-wmm/safe003_power.oepc_pso.oepc_pso.opt_rmo.oepc_rmo.opt.yml	1						true	false(unreach-call):1	0.277511576	0.273979994	13991936
Deagle	c/pthread-wmm/safe003_power.opt.yml	1						true	false(unreach-call):1	0.252845802	0.244592902	12464128
Deagle	c/pthread-wmm/safe003_tso.yml	1						true	true:1	0.221546506	0.213866964	11419648
Deagle	c/pthread-wmm/safe004_power.oepc_pso.oepc_rmo.oepc.yml	1						true	false(unreach-call):1	0.27745398	0.267761299	13901824
Deagle	c/pthread-wmm/safe004_power.opt_pso.opt_rmo.opt.yml	1						true	false(unreach-call):1	0.247782319	0.237999642	11800576
Deagle	c/pthread-wmm/safe004_tso.yml	1						true	true:1	0.229270697	0.217343884	11436032
Deagle	c/pthread-wmm/safe005_power.oepc_power.opt_pso.oepc_pso.opt_rmo.oepc_rmo.opt.yml	1						true	false(unreach-call):1	0.27131324	0.260346012	11808768
Deagle	c/pthread-wmm/safe005_tso.yml	1						true	true:1	0.218489813	0.211155434	11419648
Deagle	c/pthread-wmm/safe006_power.oepc-thin000_power.oepc.yml	1						true	false(unreach-call):1	0.234011125	0.223919507	11771904
Deagle	c/pthread-wmm/safe006_power.opt-thin000_power.opt.yml	1						true	false(unreach-call):1	0.243334074	0.232127639	11808768
Deagle	c/pthread-wmm/safe006_pso.oepc_pso.opt_tso.oepc_tso.opt-thin000_pso.oepc_pso.opt_tso.oepc_tso.opt.yml	1						true	true:1	0.210520675	0.203364124	11284480
Deagle	c/pthread-wmm/safe006_rmo.oepc_rmo.opt-thin000_rmo.oepc_rmo.opt.yml	1						true	false(unreach-call):1	0.257960799	0.247604801	11665408
Deagle	c/pthread-wmm/safe007_power.oepc-thin001_power.oepc.yml	1						true	false(unreach-call):1	0.241315864	0.235692501	11853824
Deagle	c/pthread-wmm/safe007_power.opt-thin001_power.opt.yml	1						true	false(unreach-call):1	0.250685491	0.241730902	11939840
Deagle	c/pthread-wmm/safe007_pso.oepc_pso.opt_tso.oepc_tso.opt-thin001_pso.oepc_pso.opt_tso.oepc_tso.opt.yml	1						true	true:1	0.2190447	0.208669672	11362304
Deagle	c/pthread-wmm/safe007_rmo.oepc_rmo.opt-thin001_rmo.oepc_rmo.opt.yml	1						true	false(unreach-call):1	0.245709197	0.237427136	11735040
Deagle	c/pthread-wmm/safe008_power.oepc_pso.oepc_pso.opt_rmo.oepc_rmo.opt.yml	1						true	false(unreach-call):1	0.249727481	0.240231647	11837440
Deagle	c/pthread-wmm/safe008_power.opt.yml	1						true	false(unreach-call):1	0.257497361	0.248617826	12353536
Deagle	c/pthread-wmm/safe008_tso.yml	1						true	true:1	0.225897245	0.210006826	11464704
Deagle	c/pthread-wmm/safe009_power.oepc.yml	1						true	false(unreach-call):1	0.257293176	0.250612755	12005376
Deagle	c/pthread-wmm/safe009_power.opt.yml	1						true	false(unreach-call):1	0.251929589	0.245131729	12374016
Deagle	c/pthread-wmm/safe009_pso.oepc_pso.opt_tso.oepc_tso.opt.yml	1						true	true:1	0.22479901	0.214049398	11333632
Deagle	c/pthread-wmm/safe009_rmo.oepc.yml	1						true	false(unreach-call):1	0.257651728	0.248122326	11898880
Deagle	c/pthread-wmm/safe009_rmo.opt.yml	1						true	false(unreach-call):1	0.251597316	0.242199263	11825152
Deagle	c/pthread-wmm/safe010_power.oepc_power.opt_pso.oepc_pso.opt_rmo.oepc_rmo.opt.yml	1						true	false(unreach-call):1	0.258667385	0.248901943	11587584
Deagle	c/pthread-wmm/safe010_tso.yml	1						true	true:1	0.215564715	0.205174059	11296768
Deagle	c/pthread-wmm/safe011_power.oepc_pso.oepc_rmo.oepc_rmo.opt.yml	1						true	false(unreach-call):1	0.252206066	0.243720381	11714560
Deagle	c/pthread-wmm/safe011_power.opt_pso.opt.yml	1						true	false(unreach-call):1	0.255631508	0.246001677	11829248
Deagle	c/pthread-wmm/safe011_tso.yml	1						true	true:1	0.220996656	0.208756738	11288576
Deagle	c/pthread-wmm/safe012_power.oepc.yml	1						true	false(unreach-call):1	0.238130218	0.229269025	11878400
Deagle	c/pthread-wmm/safe012_power.opt.yml	1						true	false(unreach-call):1	0.254685673	0.244801408	11948032
Deagle	c/pthread-wmm/safe012_pso.oepc_pso.opt_rmo.opt.yml	1						true	false(unreach-call):1	0.266684215	0.256391134	11735040
Deagle	c/pthread-wmm/safe012_rmo.oepc.yml	1						true	false(unreach-call):1	0.248761834	0.239410451	11788288
Deagle	c/pthread-wmm/safe012_tso.yml	1						true	true:1	0.217710924	0.210475902	11513856
Deagle	c/pthread-wmm/safe013_power.oepc_power.opt_pso.oepc_pso.opt_rmo.oepc_rmo.opt.yml	1						true	false(unreach-call):1	0.264955973	0.253076763	11804672
Deagle	c/pthread-wmm/safe013_tso.yml	1						true	true:1	0.225664135	0.214541371	11317248
Deagle	c/pthread-wmm/safe014_power.oepc.yml	1						true	false(unreach-call):1	0.236018171	0.230553666	11874304
Deagle	c/pthread-wmm/safe014_power.opt.yml	1						true	false(unreach-call):1	0.242908574	0.23693003	11784192
Deagle	c/pthread-wmm/safe014_pso.oepc_pso.opt_tso.oepc_tso.opt.yml	1						true	true:1	0.225599424	0.218374606	11374592
Deagle	c/pthread-wmm/safe014_rmo.oepc.yml	1						true	false(unreach-call):1	0.251442569	0.245529125	11767808
Deagle	c/pthread-wmm/safe014_rmo.opt.yml	1						true	false(unreach-call):1	0.268064955	0.259229984	12914688
Deagle	c/pthread-wmm/safe015_power.oepc.yml	1						true	false(unreach-call):1	0.275297531	0.269309111	14258176
Deagle	c/pthread-wmm/safe015_power.opt.yml	1						true	false(unreach-call):1	0.271553945	0.262533617	13090816
Deagle	c/pthread-wmm/safe015_pso.oepc_pso.opt_tso.oepc_tso.opt.yml	1						true	true:1	0.226690107	0.214466075	11341824
Deagle	c/pthread-wmm/safe015_rmo.yml	1						true	false(unreach-call):1	0.269121094	0.259965574	12984320
Deagle	c/pthread-wmm/safe016_power.oepc.yml	1						true	false(unreach-call):1	0.271627334	0.263234854	12988416
Deagle	c/pthread-wmm/safe016_power.opt.yml	1						true	false(unreach-call):1	0.27670726	0.269764215	14204928
Deagle	c/pthread-wmm/safe016_pso.oepc_pso.opt_tso.oepc_tso.opt.yml	1						true	true:1	0.235923194	0.224225092	11395072
Deagle	c/pthread-wmm/safe016_rmo.oepc.yml	1						true	false(unreach-call):1	0.264718147	0.253955208	12713984
Deagle	c/pthread-wmm/safe016_rmo.opt.yml	1						true	false(unreach-call):1	0.287672389	0.279599445	14188544
Deagle	c/pthread-wmm/safe017_power.oepc_power.opt_pso.oepc_pso.opt_rmo.oepc_rmo.opt.yml	1						true	false(unreach-call):1	0.254183895	0.244089136	11816960
Deagle	c/pthread-wmm/safe017_tso.yml	1						true	true:1	0.225190003	0.214174127	11362304
Deagle	c/pthread-wmm/safe018_power.oepc.yml	1						true	false(unreach-call):1	0.235285632	0.226177445	11812864
Deagle	c/pthread-wmm/safe018_power.opt.yml	1						true	false(unreach-call):1	0.266567395	0.254160947	12738560
Deagle	c/pthread-wmm/safe018_pso.oepc_pso.opt_tso.oepc_tso.opt.yml	1						true	true:1	0.227973675	0.215761383	11390976
Deagle	c/pthread-wmm/safe018_rmo.oepc.yml	1						true	false(unreach-call):1	0.262711981	0.25800064	11718656
Deagle	c/pthread-wmm/safe018_rmo.opt.yml	1						true	false(unreach-call):1	0.258936057	0.250862358	12050432
Deagle	c/pthread-wmm/safe019_power.oepc.yml	1						true	false(unreach-call):1	0.266189797	0.255629668	12886016
Deagle	c/pthread-wmm/safe019_power.opt.yml	1						true	false(unreach-call):1	0.288675562	0.281799966	14434304
Deagle	c/pthread-wmm/safe019_pso.oepc_pso.opt_tso.oepc_tso.opt.yml	1						true	true:1	0.234583339	0.226438904	11403264
Deagle	c/pthread-wmm/safe019_rmo.oepc.yml	1						true	false(unreach-call):1	0.262602261	0.254628354	12845056
Deagle	c/pthread-wmm/safe019_rmo.opt.yml	1						true	false(unreach-call):1	0.279554177	0.268076819	13545472
Deagle	c/pthread-wmm/safe020_power.yml	1						true	false(unreach-call):1	0.263482727	0.253065671	12664832
Deagle	c/pthread-wmm/safe020_pso.oepc_pso.opt_tso.oepc_tso.opt.yml	1						true	true:1	0.22600628	0.215912647	11231232
Deagle	c/pthread-wmm/safe020_rmo.yml	1						true	false(unreach-call):1	0.262847559	0.250621192	11993088
Deagle	c/pthread-wmm/safe021_power.oepc_pso.oepc_rmo.oepc_rmo.opt.yml	1						true	false(unreach-call):1	0.24709236	0.238259322	11862016
Deagle	c/pthread-wmm/safe021_power.opt_pso.opt.yml	1						true	false(unreach-call):1	0.249317701	0.240052135	11755520
Deagle	c/pthread-wmm/safe021_tso.yml	1						true	true:1	0.223514107	0.212092316	11448320
Deagle	c/pthread-wmm/safe022_power.oepc_power.opt_pso.oepc_pso.opt_rmo.oepc_rmo.opt.yml	1						true	false(unreach-call):1	0.266111795	0.255156262	11714560
Deagle	c/pthread-wmm/safe022_tso.yml	1						true	true:1	0.216488347	0.207452054	11362304
Deagle	c/pthread-wmm/safe023_power.oepc_power.opt_pso.oepc_pso.opt_rmo.oepc_rmo.opt.yml	1						true	false(unreach-call):1	0.341066193	0.32965	15114240
Deagle	c/pthread-wmm/safe023_tso.yml	1						true	true:1	0.222917108	0.213396504	11341824
Deagle	c/pthread-wmm/safe024_power.oepc_power.opt_pso.oepc_pso.opt_rmo.oepc_rmo.opt.yml	1						true	false(unreach-call):1	0.250509343	0.241940862	11755520
Deagle	c/pthread-wmm/safe024_tso.yml	1						true	true:1	0.221592431	0.212790701	11411456
Deagle	c/pthread-wmm/safe025_power.yml	1						true	false(unreach-call):1	0.273957277	0.264070073	14225408
Deagle	c/pthread-wmm/safe025_pso.oepc_pso.opt_tso.oepc_tso.opt.yml	1						true	true:1	0.220032064	0.21334603	11366400
Deagle	c/pthread-wmm/safe025_rmo.yml	1						true	false(unreach-call):1	0.26983376	0.25924872	12951552
Deagle	c/pthread-wmm/safe026_power.oepc_power.opt_pso.oepc_pso.opt_rmo.oepc_rmo.opt.yml	1						true	false(unreach-call):1	0.255521021	0.249583636	11808768
Deagle	c/pthread-wmm/safe026_tso.yml	1						true	true:1	0.221631627	0.210040752	11423744
Deagle	c/pthread-wmm/safe027_power.oepc.yml	1						true	false(unreach-call):1	0.255691644	0.251075678	12492800
Deagle	c/pthread-wmm/safe027_power.opt.yml	1						true	false(unreach-call):1	0.28042784	0.271844663	14430208
Deagle	c/pthread-wmm/safe027_pso.oepc_pso.opt_tso.oepc_tso.opt.yml	1						true	true:1	0.238563381	0.226840722	11329536
Deagle	c/pthread-wmm/safe027_rmo.yml	1						true	false(unreach-call):1	0.25993262	0.25610317	12357632
Deagle	c/pthread-wmm/safe028_power.yml	1						true	false(unreach-call):1	0.265144996	0.255767625	12677120
Deagle	c/pthread-wmm/safe028_pso.oepc_pso.opt_tso.oepc_tso.opt.yml	1						true	true:1	0.22459997	0.216874394	11333632
Deagle	c/pthread-wmm/safe028_rmo.yml	1						true	false(unreach-call):1	0.252575393	0.247232856	12001280
Deagle	c/pthread-wmm/safe029_power.oepc_pso.oepc_rmo.oepc.yml	1						true	false(unreach-call):1	0.261688401	0.25259205	11681792
Deagle	c/pthread-wmm/safe029_power.opt_pso.opt_rmo.opt.yml	1						true	false(unreach-call):1	0.259995024	0.252701802	11657216
Deagle	c/pthread-wmm/safe029_tso.yml	1						true	true:1	0.217074843	0.206705326	11329536
Deagle	c/pthread-wmm/safe030_power.oepc_pso.oepc_rmo.oepc.yml	1						true	false(unreach-call):1	0.259842241	0.249289849	11808768
Deagle	c/pthread-wmm/safe030_power.opt_pso.opt_rmo.opt.yml	1						true	false(unreach-call):1	0.270762064	0.261373769	11694080
Deagle	c/pthread-wmm/safe030_tso.yml	1						true	true:1	0.226770568	0.221272111	11407360
Deagle	c/pthread-wmm/safe031_power.oepc_pso.oepc_rmo.oepc.yml	1						true	false(unreach-call):1	0.269461603	0.259472282	11821056
Deagle	c/pthread-wmm/safe031_power.opt_pso.opt_rmo.opt.yml	1						true	false(unreach-call):1	0.270113676	0.260903094	11780096
Deagle	c/pthread-wmm/safe031_tso.yml	1						true	true:1	0.228823146	0.218530654	11460608
Deagle	c/pthread-wmm/safe032_power.oepc_power.opt_pso.oepc_pso.opt_rmo.oepc_rmo.opt.yml	1						true	false(unreach-call):1	0.281577053	0.271261514	13930496
Deagle	c/pthread-wmm/safe032_tso.yml	1						true	true:1	0.225240335	0.215163537	11370496
Deagle	c/pthread-wmm/safe033_power.oepc_power.opt_pso.oepc_pso.opt_rmo.oepc_rmo.opt.yml	1						true	false(unreach-call):1	0.253898275	0.242572161	11644928
Deagle	c/pthread-wmm/safe033_tso.yml	1						true	true:1	0.211363159	0.205591887	11313152
Deagle	c/pthread-wmm/safe034_power.oepc_power.opt_pso.oepc_pso.opt_rmo.oepc_rmo.opt.yml	1						true	false(unreach-call):1	0.274518197	0.262258446	11669504
Deagle	c/pthread-wmm/safe034_tso.yml	1						true	true:1	0.221421651	0.212546546	11460608
Deagle	c/pthread-wmm/safe035_power.yml	1						true	true:1	0.529793378	0.51395166	18059264
Deagle	c/pthread-wmm/safe035_pso.oepc_pso.opt_rmo.oepc_rmo.opt_tso.oepc_tso.opt.yml	1						true	true:1	0.224120415	0.217857863	11358208
Deagle	c/pthread-wmm/safe036.yml	1						true	true:1	0.217741421	0.206286031	11268096
Deagle	c/pthread-wmm/safe037.yml	1						true	true:1	0.224966281	0.213190985	11354112
Deagle	c/pthread-wmm/thin002_power.oepc.yml	1						true	false(unreach-call):1	0.25621165	0.247226434	11972608
Deagle	c/pthread-wmm/thin002_power.opt.yml	1						true	false(unreach-call):1	0.266234137	0.252689639	12886016
Deagle	c/pthread-wmm/thin002_pso.oepc_pso.opt_tso.oepc_tso.opt.yml	1						true	true:1	0.241900964	0.232932637	11448320
Deagle	c/pthread-wmm/thin002_rmo.yml	1						true	false(unreach-call):1	0.249273426	0.241888095	11915264
Deagle	c/pthread/bigshot_s.yml	1						true	true:1	0.178392605	0.169562401	12546048
Deagle	c/pthread/bigshot_s2.yml	1						true	true:1	0.1831639	0.17005242	12492800
Deagle	c/pthread/butterfly.yml	1						true	true:1	0.774921385	0.764440212	17670144
Deagle	c/pthread/fib_safe-10.yml	1						true	true:1	17.6482384	17.5573734	97951744
Deagle	c/pthread/fib_safe-11.yml	1						true	true:1	51.5186371	51.41923	133386240
Deagle	c/pthread/fib_safe-12.yml	1						false	TIMEOUT:1			
Deagle	c/pthread/fib_safe-5.yml	1						true	true:1	0.653726945	0.646169316	26796032
Deagle	c/pthread/fib_safe-6.yml	1						true	true:1	1.66204419	1.6532445	34992128
Deagle	c/pthread/fib_safe-7.yml	1						true	true:1	3.89405084	3.88308263	46931968
Deagle	c/pthread/fib_unsafe-10.yml	1						true	false(unreach-call):1	11.7966278	11.7537546	90734592
Deagle	c/pthread/fib_unsafe-11.yml	1						true	false(unreach-call):1	25.2883013	25.2502055	116879360
Deagle	c/pthread/fib_unsafe-12.yml	1						true	false(unreach-call):1	47.2003954	47.141173	155066368
Deagle	c/pthread/fib_unsafe-5.yml	1						true	false(unreach-call):1	0.572753748	0.562150343	26181632
Deagle	c/pthread/fib_unsafe-6.yml	1						true	false(unreach-call):1	0.99484515	0.98543934	32600064
Deagle	c/pthread/fib_unsafe-7.yml	1						true	false(unreach-call):1	1.73424491	1.72229034	39723008
Deagle	c/pthread/lazy01.yml	1						true	false(unreach-call):1	0.250990581	0.240989677	11845632
Deagle	c/pthread/queue.yml	1						true	false(unreach-call):1	24.4729158	24.4408458	1.17087027e+09
Deagle	c/pthread/queue_longer.yml	1						false	ERROR:1			
Deagle	c/pthread/queue_longest.yml	1						false	ERROR:1			
Deagle	c/pthread/queue_ok.yml	1						true	true:1	10.0443116	10.0172534	906776576
Deagle	c/pthread/queue_ok_longer.yml	1						false	ERROR:1			
Deagle	c/pthread/queue_ok_longest.yml	1						false	ERROR:1			
Deagle	c/pthread/reorder_2.yml	1						true	false(unreach-call):1	0.4816569	0.466881555	25161728
Deagle	c/pthread/reorder_5.yml	1						true	false(unreach-call):1	0.547171769	0.535350498	32624640
Deagle	c/pthread/singleton.yml	1						true	false(unreach-call):1	0.27731698	0.264131023	12718080
Deagle	c/pthread/singleton_with-uninit-problems.yml	1						true	true:1	0.285209568	0.273479448	12615680
Deagle	c/pthread/stack-1.yml	1						true	true:1	7.38365746	7.35725653	48254976
Deagle	c/pthread/stack-2.yml	1						true	false(unreach-call):1	0.96627977	0.956740991	45719552
Deagle	c/pthread/stack_longer-1.yml	1						false	ERROR:1			
Deagle	c/pthread/stack_longer-2.yml	1						false	ERROR:1			
Deagle	c/pthread/stack_longest-1.yml	1						false	ERROR:1			
Deagle	c/pthread/stack_longest-2.yml	1						false	ERROR:1			
Deagle	c/pthread/stateful01-1.yml	1						true	false(unreach-call):1	0.254353338	0.242327513	12431360
Deagle	c/pthread/stateful01-2.yml	1						true	true:1	0.257477985	0.248047115	11968512
Deagle	c/pthread/sync01.yml	1						true	true:1	5.33060344	5.30632538	34754560
Deagle	c/pthread/triangular-1.yml	1						true	true:1	0.347078702	0.339729833	11214848
Deagle	c/pthread/triangular-2.yml	1						true	false(unreach-call):1	0.315618692	0.305778945	11104256
Deagle	c/pthread/triangular-longer-1.yml	1						true	true:1	13.7801799	13.7303954	39587840
Deagle	c/pthread/triangular-longer-2.yml	1						true	false(unreach-call):1	5.88844835	5.87772997	31686656
Deagle	c/pthread/triangular-longest-1.yml	1						false	TIMEOUT:1			
Deagle	c/pthread/triangular-longest-2.yml	1						false	TIMEOUT:1			
Deagle	c/pthread/twostage_3.yml	1						true	false(unreach-call):1	18.5810189	18.5676997	84824064
Deagle	c/weaver/array-eq-symm.wvr.yml	1						true	true:1	6.13012448	6.10775199	79802368
Deagle	c/weaver/array-eq-trans.wvr.yml	1						true	true:1	13.5120796	13.4737166	85778432
Deagle	c/weaver/bench-exp1x3.wvr.yml	1						true	true:1	0.214671365	0.180093312	11038720
Deagle	c/weaver/bench-exp2x3.wvr.yml	1						true	true:1	0.252955824	0.238494651	11300864
Deagle	c/weaver/bench-exp2x4.wvr.yml	1						true	true:1	0.264210194	0.242731959	11857920
Deagle	c/weaver/bench-exp2x6.wvr.yml	1						true	true:1	0.305812016	0.286835966	13651968
Deagle	c/weaver/bench-exp2x9.wvr.yml	1						true	true:1	0.373632331	0.347589805	17608704
Deagle	c/weaver/bench-exp3x3-opt.wvr.yml	1						true	true:1	0.346327779	0.336450641	17866752
Deagle	c/weaver/bench-exp3x3.wvr.yml	1						true	true:1	0.51759306	0.511157406	17076224
Deagle	c/weaver/chl-array-int-subst.wvr.yml	1						true	true:1	6.63689659	6.48023174	77418496
Deagle	c/weaver/chl-array-int-symm.wvr.yml	1						true	true:1	6.06421411	6.03089433	77160448
Deagle	c/weaver/chl-array-int-trans.wvr.yml	1						true	true:1	6.35266744	6.32145538	86622208
Deagle	c/weaver/chl-chromosome-opt-symm.wvr.yml	1						true	true:1	5.20949801	5.19853514	71110656
Deagle	c/weaver/chl-chromosome-subst.wvr.yml	1						true	true:1	5.21678708	5.10175893	53284864
Deagle	c/weaver/chl-chromosome-symm.wvr.yml	1						true	true:1	5.21958999	5.16127915	54853632
Deagle	c/weaver/chl-chromosome-trans.wvr.yml	1						true	true:1	5.20991922	5.17006371	53370880
Deagle	c/weaver/chl-collitem-subst.wvr.yml	1						true	true:1	0.53579963	0.525918388	15642624
Deagle	c/weaver/chl-collitem-symm.wvr.yml	1						true	true:1	0.478530163	0.463417931	13058048
Deagle	c/weaver/chl-collitem-trans.wvr.yml	1						true	true:1	0.607968835	0.593200937	15446016
Deagle	c/weaver/chl-exp-term-subst.wvr.yml	1						true	true:1	0.32422972	0.316357081	11550720
Deagle	c/weaver/chl-exp-term-symm.wvr.yml	1						true	true:1	0.2900214	0.27406386	11132928
Deagle	c/weaver/chl-file-item-subst.wvr.yml	1						true	true:1	0.336195709	0.304557371	11685888
Deagle	c/weaver/chl-file-item-symm.wvr.yml	1						true	true:1	0.255036479	0.24075286	11182080
Deagle	c/weaver/chl-file-item-trans.wvr.yml	1						true	true:1	0.320991078	0.307037247	11206656
Deagle	c/weaver/chl-match-subst.wvr.yml	1						true	true:1	0.438870244	0.418411529	12972032
Deagle	c/weaver/chl-match-symm.wvr.yml	1						true	true:1	0.351039664	0.339512614	11632640
Deagle	c/weaver/chl-match-trans.wvr.yml	1						true	true:1	0.401637498	0.394588812	13127680
Deagle	c/weaver/chl-name-comparator-subst.wvr.yml	1						true	true:1	5.21628667	5.20334125	69132288
Deagle	c/weaver/chl-name-comparator-symm.wvr.yml	1						true	true:1	5.21425785	5.20216171	66592768
Deagle	c/weaver/chl-name-comparator-trans.wvr.yml	1						true	true:1	5.21792047	5.19462177	67178496
Deagle	c/weaver/chl-node-subst.wvr.yml	1						true	true:1	21.6276732	21.5823244	91115520
Deagle	c/weaver/chl-node-symm.wvr.yml	1						true	true:1	10.0087494	9.98131651	83144704
Deagle	c/weaver/chl-node-trans.wvr.yml	1						true	true:1	17.2323937	17.2014385	90288128
Deagle	c/weaver/chl-nzb-file-subst.wvr.yml	1						true	true:1	5.22226443	5.20598986	87027712
Deagle	c/weaver/chl-nzb-file-symm.wvr.yml	1						true	true:1	5.22794398	5.21555251	87130112
Deagle	c/weaver/chl-nzb-file-trans.wvr.yml	1						true	true:1	5.24255317	5.20313475	87764992
Deagle	c/weaver/chl-poker-hand-subst.wvr.yml	1						true	true:1	5.26159049	5.21959759	48615424
Deagle	c/weaver/chl-poker-hand-symm.wvr.yml	1						true	true:1	5.22777528	5.20035388	46690304
Deagle	c/weaver/chl-poker-hand-trans.wvr.yml	1						true	true:1	5.23632485	5.22025534	48459776
Deagle	c/weaver/chl-simpl-str-subst.wvr.yml	1						true	true:1	0.31016631	0.283628849	11194368
Deagle	c/weaver/chl-simpl-str-symm.wvr.yml	1						true	true:1	0.246018159	0.23603053	11251712
Deagle	c/weaver/chl-simpl-str-trans.wvr.yml	1						true	true:1	0.301390155	0.289209845	11243520
Deagle	c/weaver/chl-sre-subst.wvr.yml	1						true	true:1	0.201477869	0.193538209	11190272
Deagle	c/weaver/chl-sre-symm.wvr.yml	1						true	true:1	0.200425428	0.187374156	11071488
Deagle	c/weaver/chl-sre-trans.wvr.yml	1						true	true:1	0.219852852	0.203403028	11137024
Deagle	c/weaver/chl-time-subst.wvr.yml	1						true	true:1	0.318566904	0.310276904	11526144
Deagle	c/weaver/chl-time-symm.wvr.yml	1						true	true:1	0.323840258	0.307371412	11243520
Deagle	c/weaver/chl-time-trans.wvr.yml	1						true	true:1	0.383946387	0.35212989	11911168
Deagle	c/weaver/chl-word-subst.wvr.yml	1						true	true:1	6.45119987	6.41083695	84062208
Deagle	c/weaver/chl-word-symm.wvr.yml	1						true	true:1	5.78007149	5.75372277	88412160
Deagle	c/weaver/chl-word-trans.wvr.yml	1						true	true:1	6.31432513	6.29610114	84856832
Deagle	c/weaver/clever.wvr.yml	1						true	true:1	5.27697078	5.23757938	82522112
Deagle	c/weaver/fibonacci.wvr.yml	1						true	true:1	5.93082867	5.82424537	45121536
Deagle	c/weaver/loop-tiling-eq.wvr.yml	1						false	unknown:1			
Deagle	c/weaver/mult-comm.wvr.yml	1						true	true:1	5.22651113	5.13784713	74240000
Deagle	c/weaver/mult-dist.wvr.yml	1						true	true:1	5.32029201	5.18937565	77987840
Deagle	c/weaver/mult-flipped-dist.wvr.yml	1						true	true:1	5.43636483	5.38158976	85725184
Deagle	c/weaver/parallel-bakery-2.wvr.yml	1						true	true:1	0.2064113	0.19402589	11247616
Deagle	c/weaver/parallel-bakery-3.wvr.yml	1						true	true:1	0.359901387	0.351648901	13545472
Deagle	c/weaver/parallel-bakery-4.wvr.yml	1						true	true:1	7.50409368	7.48339321	28033024
Deagle	c/weaver/parallel-barrier-loop.wvr.yml	1						true	false(unreach-call):1	5.46753491	5.42110961	55271424
Deagle	c/weaver/parallel-barrier.wvr.yml	1						true	true:1	1.92677449	1.90089557	20467712
Deagle	c/weaver/parallel-bluetooth.wvr.yml	1						true	true:1	0.210135866	0.184522544	11223040
Deagle	c/weaver/parallel-lamport.wvr.yml	1						true	true:1	5.39620754	5.34713345	86257664
Deagle	c/weaver/parallel-min-max-1.wvr.yml	1						true	true:1	5.43836046	5.40881871	77185024
Deagle	c/weaver/parallel-misc-1.wvr.yml	1						true	true:1	37.671485	37.5419445	464334848
Deagle	c/weaver/parallel-misc-2-unrolled-atomic.wvr.yml	1						true	true:1	5.24907972	5.23002618	58757120
Deagle	c/weaver/parallel-misc-2-unrolled.wvr.yml	1						true	true:1	5.3363913	5.28433565	76201984
Deagle	c/weaver/parallel-misc-2.wvr.yml	1						true	true:1	5.29448898	5.26203403	79872000
Deagle	c/weaver/parallel-misc-3-extended.wvr.yml	1						true	true:1	5.47408517	5.4597029	84348928
Deagle	c/weaver/parallel-misc-3.wvr.yml	1						true	true:1	5.27850065	5.1915023	83120128
Deagle	c/weaver/parallel-misc-4.wvr.yml	1						true	true:1	5.27212132	5.18036598	79978496
Deagle	c/weaver/parallel-misc-5.wvr.yml	1						true	true:1	5.30401613	5.28893488	39813120
Deagle	c/weaver/parallel-parallel-sum-1-dsl.wvr.yml	1						true	true:1	8.19019297	8.14564241	92413952
Deagle	c/weaver/parallel-parallel-sum-1.wvr.yml	1						true	true:1	6.29363577	6.27711132	84840448
Deagle	c/weaver/parallel-parallel-sum-2.wvr.yml	1						true	true:1	9.41801642	9.37680639	93298688
Deagle	c/weaver/parallel-parallel-sum-equiv.wvr.yml	1						true	true:1	5.73074184	5.6535968	85893120
Deagle	c/weaver/parallel-simple-equiv.wvr.yml	1						true	true:1	0.255534999	0.210328394	11030528
Deagle	c/weaver/parallel-ticket-2.wvr.yml	1						true	true:1	0.208276651	0.181538006	11087872
Deagle	c/weaver/parallel-ticket-3.wvr.yml	1						true	true:1	0.24636102	0.216505192	11124736
Deagle	c/weaver/parallel-ticket-4.wvr.yml	1						true	true:1	0.281080964	0.274902615	12718080
Deagle	c/weaver/parallel-ticket-5.wvr.yml	1						true	true:1	1.3888412	1.38112811	18677760
Deagle	c/weaver/parallel-ticket-6.wvr.yml	1						true	true:1	11.7050455	11.6815015	40669184
Deagle	c/weaver/parallel-ticket-7.wvr.yml	1						false	TIMEOUT:1			
Deagle	c/weaver/parallel-ticket-8.wvr.yml	1						false	TIMEOUT:1			
Deagle	c/weaver/popl20-bad-buffer-mult-alt.wvr.yml	1						true	true:1	6.77780393	6.74945693	91504640
Deagle	c/weaver/popl20-bad-buffer-mult-alt2.wvr.yml	1						true	true:1	8.01528964	7.98309113	86552576
Deagle	c/weaver/popl20-bad-buffer-mult-alt3.wvr.yml	1						true	false(unreach-call):1	6.6340646	6.60925774	90456064
Deagle	c/weaver/popl20-bad-commit-1.wvr-bad.yml	1						true	true:1	8.64445533	8.60763617	119545856
Deagle	c/weaver/popl20-bad-commit-2.wvr-bad.yml	1						true	true:1	8.36250164	8.31582175	231960576
Deagle	c/weaver/popl20-bad-counter-queue.wvr.yml	1						true	false(unreach-call):1	5.2827998	5.2715774	81620992
Deagle	c/weaver/popl20-bad-counter-queue2.wvr.yml	1						true	true:1	6.27865077	6.25543047	80945152
Deagle	c/weaver/popl20-bad-dot-product-alt.wvr.yml	1						true	true:1	30.0846616	29.9882741	208822272
Deagle	c/weaver/popl20-bad-dot-product.wvr.yml	1						true	true:1	6.29200195	6.22869263	86855680
Deagle	c/weaver/popl20-bad-ring-nondet.wvr.yml	1						true	true:1	6.59122907	6.57571838	89149440
Deagle	c/weaver/popl20-bad-ring.wvr.yml	1						true	true:1	5.70614932	5.68961017	89731072
Deagle	c/weaver/popl20-bad-threaded-sum-2.wvr.yml	1						true	true:1	5.25790333	5.23109173	66281472
Deagle	c/weaver/popl20-bad-three-array-sum-alt.wvr.yml	1						true	true:1	7.91525007	7.89762451	78991360
Deagle	c/weaver/popl20-channel-sum.wvr.yml	1						true	true:1	5.34886025	5.30308235	82333696
Deagle	c/weaver/popl20-commit-1.wvr.yml	1						true	true:1	7.99105062	7.96931829	116666368
Deagle	c/weaver/popl20-commit-2.wvr.yml	1						true	true:1	10.1225408	10.0459256	231079936
Deagle	c/weaver/popl20-counter-determinism.wvr.yml	1						true	true:1	5.35567521	5.30448035	83279872
Deagle	c/weaver/popl20-counter-fun.wvr.yml	1						true	true:1	5.6631305	5.59483563	86147072
Deagle	c/weaver/popl20-difference-det.wvr.yml	1						true	true:1	5.40328861	5.37411722	82198528
Deagle	c/weaver/popl20-figure1-alt.wvr.yml	1						true	true:1	5.2499601	5.20061343	73076736
Deagle	c/weaver/popl20-figure1.wvr.yml	1						true	true:1	5.22881168	5.20823085	72392704
Deagle	c/weaver/popl20-figure3.wvr.yml	1						true	true:1	5.33150129	5.30033067	73850880
Deagle	c/weaver/popl20-horseshoe.wvr.yml	1						true	true:1	5.66880358	5.65009522	88735744
Deagle	c/weaver/popl20-min-max-dec.wvr.yml	1						true	true:1	7.24621628	7.22559165	79826944
Deagle	c/weaver/popl20-min-max-inc-dec.wvr.yml	1						false	TIMEOUT:1			
Deagle	c/weaver/popl20-min-max-inc.wvr.yml	1						true	true:1	6.86485323	6.84251982	78045184
Deagle	c/weaver/popl20-more-array-sum-alt.wvr.yml	1						true	false(unreach-call):1	5.46817801	5.43943746	76173312
Deagle	c/weaver/popl20-more-array-sum-alt2.wvr.yml	1						true	true:1	6.0274764	5.90206956	84025344
Deagle	c/weaver/popl20-more-array-sum.wvr.yml	1						true	false(unreach-call):1	6.10940367	6.04148813	79175680
Deagle	c/weaver/popl20-more-array-sum2.wvr.yml	1						true	true:1	7.62724872	7.5999803	84344832
Deagle	c/weaver/popl20-more-buffer-mult.wvr.yml	1						true	true:1	10.1634366	10.0787916	86323200
Deagle	c/weaver/popl20-more-buffer-mult2.wvr.yml	1						true	true:1	11.4650501	11.4486965	86310912
Deagle	c/weaver/popl20-more-buffer-mult3.wvr.yml	1						true	false(unreach-call):1	6.36824799	6.33786634	85200896
Deagle	c/weaver/popl20-more-buffer-series.wvr.yml	1						true	true:1	17.236361	17.1782731	91844608
Deagle	c/weaver/popl20-more-buffer-series2.wvr.yml	1						true	true:1	14.5024916	14.4625678	88383488
Deagle	c/weaver/popl20-more-buffer-series3.wvr.yml	1						true	false(unreach-call):1	6.19255959	6.16906735	89870336
Deagle	c/weaver/popl20-more-dec-subseq.wvr.yml	1						true	true:1	6.85349911	6.80242182	76591104
Deagle	c/weaver/popl20-more-inc-subseq.wvr.yml	1						true	true:1	7.21025005	7.16634249	76353536
Deagle	c/weaver/popl20-more-max-array-hom.wvr.yml	1						true	true:1	5.61237301	5.59331514	74866688
Deagle	c/weaver/popl20-more-max-array.wvr.yml	1						true	true:1	5.72008846	5.6842695	80650240
Deagle	c/weaver/popl20-more-min-array-hom.wvr.yml	1						true	true:1	5.63721608	5.6219894	76595200
Deagle	c/weaver/popl20-more-min-array.wvr.yml	1						true	true:1	5.69340731	5.65295043	82169856
Deagle	c/weaver/popl20-more-min-le-max.wvr.yml	1						true	true:1	5.32144562	5.28729802	77824000
Deagle	c/weaver/popl20-more-mts.wvr.yml	1						true	true:1	6.59336775	6.54755091	77815808
Deagle	c/weaver/popl20-more-multiply-verify.wvr.yml	1						true	true:1	5.71001939	5.67683831	83398656
Deagle	c/weaver/popl20-more-nonblocking-counter-alt2.wvr.yml	1						true	true:1	5.33936797	5.28721286	72777728
Deagle	c/weaver/popl20-more-queue-add-2-nl.wvr.yml	1						true	true:1	5.5015059	5.44020748	88686592
Deagle	c/weaver/popl20-more-queue-add-3-nl.wvr.yml	1						true	true:1	6.18413195	6.16324748	84627456
Deagle	c/weaver/popl20-more-sorted.wvr.yml	1						true	true:1	5.82376916	5.78940811	75313152
Deagle	c/weaver/popl20-more-sum-array-hom.wvr.yml	1						true	true:1	5.65227041	5.61500312	76709888
Deagle	c/weaver/popl20-more-vector-add.wvr.yml	1						true	true:1	9.069947	9.04229298	86945792
Deagle	c/weaver/popl20-mult-4.wvr.yml	1						false	TIMEOUT:1			
Deagle	c/weaver/popl20-mult-equiv.wvr.yml	1						true	true:1	5.37010961	5.35152456	70062080
Deagle	c/weaver/popl20-nonblocking-cntr-alt.wvr.yml	1						true	true:1	5.23827119	5.17647355	73691136
Deagle	c/weaver/popl20-nonblocking-cntr.wvr.yml	1						true	true:1	5.23718518	5.19569448	73076736
Deagle	c/weaver/popl20-prod-cons-eq.wvr.yml	1						true	true:1	20.2619911	20.2352398	217448448
Deagle	c/weaver/popl20-prod-cons.wvr.yml	1						true	true:1	5.36272811	5.2720988	88088576
Deagle	c/weaver/popl20-prod-cons3.wvr.yml	1						true	true:1	5.59291844	5.55473211	89546752
Deagle	c/weaver/popl20-proofs-counter-add-4-semi-Q67.wvr.yml	1						true	true:1	6.30116474	6.2865374	70782976
Deagle	c/weaver/popl20-queue-add-2.wvr.yml	1						true	true:1	5.41030434	5.36336492	83812352
Deagle	c/weaver/popl20-queue-add-3.wvr.yml	1						true	true:1	5.52109391	5.501306	88072192
Deagle	c/weaver/popl20-send-receive-alt.wvr.yml	1						true	true:1	5.42056221	5.3961949	85716992
Deagle	c/weaver/popl20-send-receive.wvr.yml	1						true	true:1	5.40328355	5.37180881	78606336
Deagle	c/weaver/popl20-simple-array-sum.wvr.yml	1						true	true:1	5.30094966	5.25440984	75202560
Deagle	c/weaver/popl20-simple-queue.wvr.yml	1						true	true:1	5.34479151	5.32900265	73109504
Deagle	c/weaver/popl20-threaded-sum-3.wvr.yml	1						true	true:1	5.3674293	5.28996401	68333568
Deagle	c/weaver/popl20-three-array-max.wvr.yml	1						true	true:1	7.25900374	7.1947412	85942272
Deagle	c/weaver/popl20-three-array-min.wvr.yml	1						true	true:1	6.8257148	6.79027823	80687104
Deagle	c/weaver/popl20-three-array-sum.wvr.yml	1						true	true:1	7.08930274	7.04728847	80826368
Deagle	c/weaver/popl20-two-queue.wvr.yml	1						true	true:1	5.55382085	5.50408454	83189760
Deagle	c/weaver/security.wvr.yml	1						true	true:1	0.234999552	0.18382423	11051008
Deagle	c/weaver/spaghetti.wvr.yml	1						true	true:1	5.33240911	5.29616108	74096640
Deagle	c/weaver/test-context1.wvr.yml	1						true	true:1	5.38580464	5.33210195	76713984
Deagle	c/weaver/test-easy1.wvr.yml	1						false	ERROR:1			
Deagle	c/weaver/test-easy10.wvr.yml	1						true	true:1	0.255467082	0.237887891	11735040
Deagle	c/weaver/test-easy11.wvr.yml	1						true	true:1	5.23465354	5.11362469	88842240
Deagle	c/weaver/test-easy6.wvr.yml	1						true	true:1	0.238477977	0.182235234	11132928
Deagle	c/weaver/test-easy7.wvr.yml	1						true	true:1	0.214642936	0.193209235	11165696
Deagle	c/weaver/test-easy8.wvr.yml	1						true	true:1	0.217763937	0.174534251	11116544
Deagle	c/weaver/test-hard1.wvr.yml	1						false	TIMEOUT:1			
Deagle	c/weaver/test-semi1.wvr.yml	1						true	true:1	0.222813627	0.185226691	11194368
Deagle	c/weaver/unroll-2.wvr.yml	1						true	true:1	5.42898402	5.41271345	81604608
Deagle	c/weaver/unroll-3.wvr.yml	1						true	true:1	5.5407859	5.51312247	79474688
Deagle	c/weaver/unroll-4.wvr.yml	1						true	true:1	5.5485228	5.53008944	81760256
Deagle	c/weaver/unroll-5.wvr.yml	1						true	true:1	5.68177719	5.65448665	110481408
Deagle	c/weaver/unroll-cond-2.wvr.yml	1						true	true:1	5.57768553	5.5382453	74522624
Deagle	c/weaver/unroll-cond-3.wvr.yml	1						true	true:1	5.5889094	5.56396823	82796544
Deagle	c/weaver/unroll-cond-4.wvr.yml	1						true	true:1	5.79087777	5.75819603	119742464
Deagle	c/weaver/unroll-cond-5.wvr.yml	1						true	true:1	6.03522417	5.99698808	174948352
GenMC	c/goblint-regression/13-privatized_01-priv_nr_true.yml	1						true	true:1	0.080317763	0.072880725	25739264
GenMC	c/goblint-regression/13-privatized_04-priv_multi_true.yml	1						false	OUT OF MEMORY:1			
GenMC	c/goblint-regression/13-privatized_18-first-reads_true.yml	1						true	true:1	0.079047771	0.071351114	25690112
GenMC	c/goblint-regression/13-privatized_18-first-reads_unknown_1_neg.yml	1						true	false(unreach-call):1	0.078949081	0.07215614	25694208
GenMC	c/goblint-regression/13-privatized_18-first-reads_unknown_1_pos.yml	1						true	true:1	0.080237058	0.075336055	25694208
GenMC	c/goblint-regression/13-privatized_18-first-reads_unknown_2_neg.yml	1						true	true:1	0.079377542	0.070354367	25669632
GenMC	c/goblint-regression/13-privatized_18-first-reads_unknown_2_pos.yml	1						true	false(unreach-call):1	0.080908984	0.067193361	25763840
GenMC	c/goblint-regression/13-privatized_19-publish-precision_true.yml	1						true	true:1	0.078210082	0.073045857	25686016
GenMC	c/goblint-regression/13-privatized_19-publish-precision_unknown_1_neg.yml	1						true	false(unreach-call):1	0.076893739	0.072589423	25698304
GenMC	c/goblint-regression/13-privatized_19-publish-precision_unknown_1_pos.yml	1						true	false(unreach-call):1	0.077029871	0.07007966	25780224
GenMC	c/goblint-regression/13-privatized_19-publish-precision_unknown_2_neg.yml	1						true	false(unreach-call):1	0.075101274	0.069739441	25731072
GenMC	c/goblint-regression/13-privatized_19-publish-precision_unknown_2_pos.yml	1						true	false(unreach-call):1	0.07592615	0.071026056	25698304
GenMC	c/goblint-regression/13-privatized_20-publish-regression_true.yml	1						true	true:1	0.080564786	0.070352231	25739264
GenMC	c/goblint-regression/13-privatized_24-multiple-protecting_true.yml	1						true	true:1	0.076742977	0.071112513	25755648
GenMC	c/goblint-regression/13-privatized_25-struct_nr_true.yml	1						true	true:1	0.081087558	0.073536035	25694208
GenMC	c/goblint-regression/13-privatized_27-multiple-protecting2_true.yml	1						true	true:1	0.085332604	0.07912274	25858048
GenMC	c/goblint-regression/13-privatized_29-multiple-protecting2-vesal_true.yml	1						true	true:1	0.078925066	0.071525131	25796608
GenMC	c/goblint-regression/13-privatized_30-traces-oplus-vs-meet_true.yml	1						true	true:1	0.0799817319	0.071331608	25735168
GenMC	c/goblint-regression/13-privatized_31-traces-mine-vs-mutex_true.yml	1						true	true:1	0.07000518	0.064527239	25739264
GenMC	c/goblint-regression/13-privatized_32-traces-mine-vs-oplus-vs-meet_true.yml	1						true	true:1	0.083478522	0.07711671	25800704
GenMC	c/goblint-regression/13-privatized_33-traces-v-matters_true.yml	1						true	true:1	0.076736603	0.070333982	25735168
GenMC	c/goblint-regression/13-privatized_34-traces-minepp-L-needs-to-be-um_true.yml	1						true	true:1	0.079053742	0.072316389	25640960
GenMC	c/goblint-regression/13-privatized_35-traces-ex-2_true.yml	1						true	true:1	0.081340275	0.076120558	25690112
GenMC	c/goblint-regression/13-privatized_36-traces-ex-3_true.yml	1						true	true:1	0.071035655	0.065701981	25690112
GenMC	c/goblint-regression/13-privatized_37-traces-ex-4_true.yml	1						true	true:1	0.073618976	0.069376686	25698304
GenMC	c/goblint-regression/13-privatized_38-traces-ex-4-switch_true.yml	1						true	true:1	0.076749082	0.071461865	25698304
GenMC	c/goblint-regression/13-privatized_40-traces-ex-6_true.yml	1						true	true:1	0.073150781	0.069452013	25698304
GenMC	c/goblint-regression/13-privatized_41-traces-ex-7_unknown_1_neg.yml	1						true	false(unreach-call):1	0.072796999	0.068402625	25690112
GenMC	c/goblint-regression/13-privatized_41-traces-ex-7_unknown_1_pos.yml	1						true	false(unreach-call):1	0.079050048	0.07360369	25694208
GenMC	c/goblint-regression/13-privatized_42-traces-ex-mini_true.yml	1						true	true:1	0.07739776	0.068098392	25694208
GenMC	c/goblint-regression/13-privatized_44-traces-mine2_true.yml	1						true	true:1	0.073697959	0.070192598	25694208
GenMC	c/goblint-regression/13-privatized_45-traces-per-global-and-current-lock-mine-incomparable_true.yml	1						true	true:1	0.076439061	0.071837768	25636864
GenMC	c/goblint-regression/13-privatized_46-refine-protected1_true.yml	1						true	true:1	0.077470009	0.070240754	25694208
GenMC	c/goblint-regression/13-privatized_47-refine-protected2_true.yml	1						true	true:1	0.080911479	0.069969491	25690112
GenMC	c/goblint-regression/13-privatized_52-refine-protected-loop2-small_true.yml	1						false	TIMEOUT:1			
GenMC	c/goblint-regression/13-privatized_57-singlethreaded-unlock_true.yml	1						true	true:1	0.084366536	0.071111377	25620480
GenMC	c/goblint-regression/13-privatized_58-singlethreaded-lock_true.yml	1						true	true:1	0.079381255	0.073205075	25694208
GenMC	c/goblint-regression/13-privatized_66-mine-W-init_true.yml	1						true	true:1	0.077659244	0.071943041	25559040
GenMC	c/goblint-regression/13-privatized_67-pthread_cond_wait_true.yml	1						false	ERROR (compilation):1			
GenMC	c/goblint-regression/13-privatized_67-pthread_cond_wait_unknown_1_neg.yml	1						false	ERROR (compilation):1			
GenMC	c/goblint-regression/13-privatized_67-pthread_cond_wait_unknown_1_pos.yml	1						false	ERROR (compilation):1			
GenMC	c/goblint-regression/13-privatized_68-pfscan_protected_loop_minimal_interval_true.yml	1						true	true:1	0.091032737	0.080394547	25792512
GenMC	c/goblint-regression/13-privatized_69-refine-protected-loop-interval_true.yml	1						true	true:1	0.076712978	0.072608792	25841664
GenMC	c/goblint-regression/28-race_reach_01-simple_racing.yml	1						true	false(unreach-call):1	3.6582295	3.63338654	77135872
GenMC	c/goblint-regression/28-race_reach_02-simple_racefree.yml	1						false	OUT OF MEMORY:1			
GenMC	c/goblint-regression/28-race_reach_03-munge_racing.yml	1						false	OUT OF MEMORY:1			
GenMC	c/goblint-regression/28-race_reach_04-munge_racefree.yml	1						false	OUT OF MEMORY:1			
GenMC	c/goblint-regression/28-race_reach_05-lockfuns_racefree.yml	1						false	OUT OF MEMORY:1			
GenMC	c/goblint-regression/28-race_reach_06-cond_racing1.yml	1						true	false(unreach-call):1	3.75305406	3.70026722	77135872
GenMC	c/goblint-regression/28-race_reach_07-cond_racing2.yml	1						false	OUT OF MEMORY:1			
GenMC	c/goblint-regression/28-race_reach_08-cond_racefree.yml	1						false	OUT OF MEMORY:1			
GenMC	c/goblint-regression/28-race_reach_09-ptrmunge_racing.yml	1						false	OUT OF MEMORY:1			
GenMC	c/goblint-regression/28-race_reach_10-ptrmunge_racefree.yml	1						false	OUT OF MEMORY:1			
GenMC	c/goblint-regression/28-race_reach_11-ptr_racing.yml	1						true	false(unreach-call):1	3.72621079	3.7097508	76890112
GenMC	c/goblint-regression/28-race_reach_12-ptr_racefree.yml	1						false	OUT OF MEMORY:1			
GenMC	c/goblint-regression/28-race_reach_19-callback_racing.yml	1						false	OUT OF MEMORY:1			
GenMC	c/goblint-regression/28-race_reach_20-callback_racefree.yml	1						false	OUT OF MEMORY:1			
GenMC	c/goblint-regression/28-race_reach_21-deref_read_racing.yml	1						false	ERROR (unsupported property: invalid memory access):1			
GenMC	c/goblint-regression/28-race_reach_22-deref_read_racefree.yml	1						false	ERROR (unsupported property: invalid memory access):1			
GenMC	c/goblint-regression/28-race_reach_23-sound_unlock_racing.yml	1						false	ERROR (unsupported external):1			
GenMC	c/goblint-regression/28-race_reach_24-sound_lock_racing.yml	1						true	false(unreach-call):1	3.54192382	3.51972366	76939264
GenMC	c/goblint-regression/28-race_reach_27-funptr_racing.yml	1						false	OUT OF MEMORY:1			
GenMC	c/goblint-regression/28-race_reach_28-funptr_racefree.yml	1						false	OUT OF MEMORY:1			
GenMC	c/goblint-regression/28-race_reach_36-indirect_racefree.yml	1						false	OUT OF MEMORY:1			
GenMC	c/goblint-regression/28-race_reach_37-indirect_racing.yml	1						true	false(unreach-call):1	3.65789671	3.63002466	76959744
GenMC	c/goblint-regression/28-race_reach_40-trylock_racing.yml	1						false	ERROR (unsupported external):1			
GenMC	c/goblint-regression/28-race_reach_41-trylock_racefree.yml	1						false	OUT OF MEMORY:1			
GenMC	c/goblint-regression/28-race_reach_42-trylock2_racefree.yml	1						false	TIMEOUT:1			
GenMC	c/goblint-regression/28-race_reach_45-escape_racing.yml	1						true	false(unreach-call):1	0.074367755	0.068997341	25702400
GenMC	c/goblint-regression/28-race_reach_46-escape_racefree.yml	1						true	true:1	0.0830604651	0.074956364	25726976
GenMC	c/goblint-regression/28-race_reach_51-mutexptr_racefree.yml	1						false	OUT OF MEMORY:1			
GenMC	c/goblint-regression/28-race_reach_60-invariant_racefree.yml	1						false	OUT OF MEMORY:1			
GenMC	c/goblint-regression/28-race_reach_61-invariant_racing.yml	1						false	OUT OF MEMORY:1			
GenMC	c/goblint-regression/28-race_reach_70-funloop_racefree.yml	1						false	TIMEOUT:1			
GenMC	c/goblint-regression/28-race_reach_71-funloop_racing.yml	1						false	TIMEOUT:1			
GenMC	c/goblint-regression/28-race_reach_72-funloop_hard_racing.yml	1						false	TIMEOUT:1			
GenMC	c/goblint-regression/28-race_reach_73-funloop_hard_racefree.yml	1						false	TIMEOUT:1			
GenMC	c/goblint-regression/28-race_reach_74-tricky_address1_racefree.yml	1						true	true:1	1.634667	1.62255586	25956352
GenMC	c/goblint-regression/28-race_reach_75-tricky_address2_racefree.yml	1						true	true:1	1.64076297	1.62576674	25927680
GenMC	c/goblint-regression/28-race_reach_76-tricky_address3_racefree.yml	1						true	true:1	1.74940327	1.6457769	25956352
GenMC	c/goblint-regression/28-race_reach_77-tricky_address4_racing.yml	1						true	true:1	1.63541864	1.62425754	25890816
GenMC	c/goblint-regression/28-race_reach_78-equ_racing.yml	1						false	OUT OF MEMORY:1			
GenMC	c/goblint-regression/28-race_reach_79-equ_racefree.yml	1						false	OUT OF MEMORY:1			
GenMC	c/goblint-regression/28-race_reach_81-list_racing.yml	1						false	OUT OF MEMORY:1			
GenMC	c/goblint-regression/28-race_reach_82-list_racefree.yml	1						false	OUT OF MEMORY:1			
GenMC	c/goblint-regression/28-race_reach_83-list2_racing1.yml	1						false	OUT OF MEMORY:1			
GenMC	c/goblint-regression/28-race_reach_84-list2_racing2.yml	1						false	OUT OF MEMORY:1			
GenMC	c/goblint-regression/28-race_reach_85-list2_racefree.yml	1						false	OUT OF MEMORY:1			
GenMC	c/goblint-regression/28-race_reach_86-lists_racing.yml	1						true	true:1	24.682042	24.5988473	745582592
GenMC	c/goblint-regression/28-race_reach_87-lists_racefree.yml	1						true	true:1	23.0413341	22.943276	743616512
GenMC	c/goblint-regression/28-race_reach_90-arrayloop2_racing.yml	1						true	true:1	12.9925899	12.903253	98721792
GenMC	c/goblint-regression/28-race_reach_91-arrayloop2_racefree.yml	1						true	true:1	3.66596498	3.65509493	55975936
GenMC	c/goblint-regression/28-race_reach_92-evilcollapse_racing.yml	1						true	true:1	1.65185973	1.6423137	25976832
GenMC	c/goblint-regression/28-race_reach_93-evilcollapse_racefree.yml	1						true	true:1	1.65634663	1.647372	26030080
GenMC	c/goblint-regression/28-race_reach_94-alloc_region_racing.yml	1						false	OUT OF MEMORY:1			
GenMC	c/goblint-regression/36-apron_11-traces-max-simple_true.yml	1						true	true:1	0.078115969	0.072573026	25694208
GenMC	c/goblint-regression/36-apron_16-traces-unprot2_true.yml	1						true	true:1	0.083471806	0.076149405	25559040
GenMC	c/goblint-regression/36-apron_17-traces-rpb-litmus_unknown_1_neg.yml	1						true	false(unreach-call):1	0.079327485	0.070319508	25718784
GenMC	c/goblint-regression/36-apron_17-traces-rpb-litmus_unknown_1_pos.yml	1						true	true:1	0.081235684	0.074753836	25694208
GenMC	c/goblint-regression/36-apron_21-traces-cluster-based_true.yml	1						true	true:1	0.07870358	0.070866844	25767936
GenMC	c/goblint-regression/36-apron_22-traces-write-centered-vs-meet-mutex_true_no-overflow.yml	1						true	true:1	0.080260468	0.073152591	25776128
GenMC	c/goblint-regression/36-apron_41-threadenter-no-locals_unknown_1_neg.yml	1						true	true:1	0.074266372	0.070044649	25559040
GenMC	c/goblint-regression/36-apron_41-threadenter-no-locals_unknown_1_pos.yml	1						true	false(unreach-call):1	0.087088002	0.081659501	25698304
GenMC	c/ldv-linux-3.14-races/linux-3.14--drivers--media--platform--marvell-ccic--cafe_ccic.ko.cil-1.yml	1						false	ERROR (compilation):1			
GenMC	c/ldv-linux-3.14-races/linux-3.14--drivers--media--platform--marvell-ccic--cafe_ccic.ko.cil-2.yml	1						false	SEGMENTATION FAULT:1			
GenMC	c/ldv-linux-3.14-races/linux-3.14--drivers--net--irda--nsc-ircc.ko.cil.yml	1						false	TIMEOUT:1			
GenMC	c/ldv-linux-3.14-races/linux-3.14--drivers--net--irda--w83977af_ir.ko.cil.yml	1						false	ABORTED:1			
GenMC	c/ldv-linux-3.14-races/linux-3.14--drivers--spi--spi-tegra20-slink.ko.cil.yml	1						false	TIMEOUT:1			
GenMC	c/ldv-linux-3.14-races/linux-3.14--drivers--usb--misc--adutux.ko.cil.yml	1						false	ABORTED:1			
GenMC	c/ldv-races/race-1_1-join.yml	1						true	true:1	0.082473542	0.074005063	25960448
GenMC	c/ldv-races/race-1_2-join.yml	1						true	false(unreach-call):1	0.089274806	0.079169525	26034176
GenMC	c/ldv-races/race-1_3-join.yml	1						true	false(unreach-call):1	0.083587736	0.070449076	26021888
GenMC	c/ldv-races/race-2_1-container_of.yml	1						true	true:1	0.093498689	0.073544338	25960448
GenMC	c/ldv-races/race-2_2-container_of.yml	1						true	true:1	0.090732349	0.080636623	26095616
GenMC	c/ldv-races/race-2_3-container_of.yml	1						true	true:1	0.088027544	0.076649797	26030080
GenMC	c/ldv-races/race-2_4-container_of.yml	1						true	true:1	0.088936454	0.077589478	26079232
GenMC	c/ldv-races/race-2_5-container_of.yml	1						true	true:1	0.093338329	0.083993705	26083328
GenMC	c/ldv-races/race-3_1-container_of-global.yml	1						true	true:1	0.086132466	0.075115712	26042368
GenMC	c/ldv-races/race-3_2-container_of-global.yml	1						true	true:1	0.08662805	0.076916374	26087424
GenMC	c/ldv-races/race-4_1-thread_local_vars.yml	1						true	true:1	0.085545756	0.075618203	26087424
GenMC	c/libvsync/arraylock.yml	1						true	true:1	0.128203121	0.116816	26746880
GenMC	c/libvsync/bounded_mpmc_check_full.yml	1						true	true:1	0.13342801	0.12174118	26750976
GenMC	c/libvsync/cnalock.yml	1						false	ERROR (unsupported property: invalid memory access):1			
GenMC	c/libvsync/hclhlock.yml	1						false	ERROR (unsupported property: invalid memory access):1			
GenMC	c/libvsync/hmcslock.yml	1						false	ERROR (unsupported property: invalid memory access):1			
GenMC	c/libvsync/mcslock.yml	1						false	ERROR (unsupported property: invalid memory access):1			
GenMC	c/libvsync/rec_mcslock.yml	1						false	ERROR (unsupported property: invalid memory access):1			
GenMC	c/libvsync/rec_ticketlock.yml	1						false	OUT OF MEMORY:1			
GenMC	c/libvsync/rwlock.yml	1						false	OUT OF MEMORY:1			
GenMC	c/libvsync/semaphore.yml	1						true	true:1	2.36334604	2.33222448	26746880
GenMC	c/libvsync/ticketlock.yml	1						false	OUT OF MEMORY:1			
GenMC	c/libvsync/ttaslock.yml	1						false	OUT OF MEMORY:1			
GenMC	c/pthread-C-DAC/pthread-demo-datarace-1.yml	1						false	TIMEOUT:1			
GenMC	c/pthread-C-DAC/pthread-demo-datarace-3.yml	1						true	false(unreach-call):1	0.105345789	0.096571126	25722880
GenMC	c/pthread-C-DAC/pthread-finding-k-matches.yml	1						true	true:1	0.139989077	0.128954268	25968640
GenMC	c/pthread-C-DAC/pthread-numerical-integration.yml	1						true	true:1	0.085907177	0.072457684	25976832
GenMC	c/pthread-atomic/dekker-unfair.yml	1						true	true:1	0.072577637	0.0650112	25800704
GenMC	c/pthread-atomic/dekker.yml	1						true	true:1	0.082858887	0.07448172	25858048
GenMC	c/pthread-atomic/lamport.yml	1						true	true:1	0.084909801	0.06542339	25702400
GenMC	c/pthread-atomic/peterson.yml	1						true	true:1	0.079340701	0.069867495	25706496
GenMC	c/pthread-atomic/read_write_lock-1.yml	1						true	true:1	0.090263398	0.08156645	25980928
GenMC	c/pthread-atomic/read_write_lock-2.yml	1						true	false(unreach-call):1	0.109775868	0.09685375	25858048
GenMC	c/pthread-atomic/szymanski.yml	1						true	true:1	0.085702443	0.079452641	25833472
GenMC	c/pthread-atomic/time_var_mutex.yml	1						true	true:1	0.085645724	0.078536028	25772032
GenMC	c/pthread-complex/bounded_buffer.yml	1						false	ERROR (compilation):1			
GenMC	c/pthread-complex/elimination_backoff_stack.yml	1						true	true:1	16.5238963	16.4691503	26255360
GenMC	c/pthread-complex/safestack_relacy.yml	1						false	TIMEOUT:1			
GenMC	c/pthread-complex/workstealqueue_mutex-2.yml	1						false	ERROR (unsupported property: uninitialized memory):1			
GenMC	c/pthread-deagle/arithmetic_prog_bad.yml	1						false	ERROR (compilation):1			
GenMC	c/pthread-deagle/arithmetic_prog_ok.yml	1						false	ERROR (compilation):1			
GenMC	c/pthread-deagle/circular_buffer_bad.yml	1						true	false(unreach-call):1	0.089187251	0.080973685	25825280
GenMC	c/pthread-deagle/circular_buffer_ok.yml	1						true	true:1	1.52403848	1.50318494	25821184
GenMC	c/pthread-divine/tls_basic.yml	1						false	ERROR (compilation):1			
GenMC	c/pthread-divine/tls_destructor_worker.yml	1						false	ERROR (compilation):1			
GenMC	c/pthread-driver-races/char_generic_nvram_nvram_unlocked_ioctl_write_nvram.yml	1						true	true:1	0.17318928	0.163925624	29106176
GenMC	c/pthread-driver-races/char_generic_nvram_read_nvram_nvram_unlocked_ioctl.yml	1						true	true:1	0.175533399	0.167761905	29106176
GenMC	c/pthread-driver-races/char_generic_nvram_read_nvram_write_nvram.yml	1						true	true:1	0.193885746	0.161850572	29106176
GenMC	c/pthread-driver-races/char_pc8736x_gpio_pc8736x_gpio_change_pc8736x_gpio_configure.yml	1						true	true:1	0.191599335	0.172242432	29573120
GenMC	c/pthread-driver-races/char_pc8736x_gpio_pc8736x_gpio_change_pc8736x_gpio_current.yml	1						true	true:1	0.210114229	0.170948801	29642752
GenMC	c/pthread-driver-races/char_pc8736x_gpio_pc8736x_gpio_change_pc8736x_gpio_get.yml	1						true	true:1	0.182874107	0.17360107	29671424
GenMC	c/pthread-driver-races/char_pc8736x_gpio_pc8736x_gpio_change_pc8736x_gpio_set.yml	1						true	true:1	0.18157967	0.169659877	29622272
GenMC	c/pthread-driver-races/char_pc8736x_gpio_pc8736x_gpio_configure_pc8736x_gpio_current.yml	1						true	true:1	0.189310941	0.167625808	29618176
GenMC	c/pthread-driver-races/char_pc8736x_gpio_pc8736x_gpio_configure_pc8736x_gpio_get.yml	1						true	true:1	0.19116145	0.171275332	29618176
GenMC	c/pthread-driver-races/char_pc8736x_gpio_pc8736x_gpio_configure_pc8736x_gpio_set.yml	1						true	true:1	0.190824377	0.16729039	29630464
GenMC	c/pthread-driver-races/char_pc8736x_gpio_pc8736x_gpio_current_pc8736x_gpio_get.yml	1						true	true:1	0.189908815	0.167442704	29630464
GenMC	c/pthread-driver-races/char_pc8736x_gpio_pc8736x_gpio_current_pc8736x_gpio_set.yml	1						true	true:1	0.189312841	0.170023655	29609984
GenMC	c/pthread-driver-races/char_pc8736x_gpio_pc8736x_gpio_get_pc8736x_gpio_set.yml	1						true	true:1	0.185172351	0.175359442	29618176
GenMC	c/pthread-driver-races/char_pc8736x_gpio_pc8736x_gpio_open_pc8736x_gpio_change.yml	1						true	true:1	0.179369297	0.171831272	29573120
GenMC	c/pthread-driver-races/char_pc8736x_gpio_pc8736x_gpio_open_pc8736x_gpio_configure.yml	1						true	true:1	0.18646592	0.173302467	29605888
GenMC	c/pthread-driver-races/char_pc8736x_gpio_pc8736x_gpio_open_pc8736x_gpio_current.yml	1						true	true:1	0.194005528	0.175015799	29622272
GenMC	c/pthread-driver-races/char_pc8736x_gpio_pc8736x_gpio_open_pc8736x_gpio_get.yml	1						true	true:1	0.182045882	0.171883607	29622272
GenMC	c/pthread-driver-races/char_pc8736x_gpio_pc8736x_gpio_open_pc8736x_gpio_set.yml	1						true	true:1	0.185934773	0.175620393	29626368
GenMC	c/pthread-ext/01b_inc.yml	1						true	true:1	0.086845689	0.074276818	25669632
GenMC	c/pthread-ext/02_inc_cas.yml	1						true	true:1	0.098911959	0.072136803	25780224
GenMC	c/pthread-ext/03_incdec.yml	1						true	true:1	0.087341414	0.074625119	25690112
GenMC	c/pthread-ext/04_incdec_cas.yml	1						true	true:1	0.078249991	0.070871934	25833472
GenMC	c/pthread-ext/08_rand_cas.yml	1						true	true:1	0.076810941	0.067753613	25821184
GenMC	c/pthread-ext/09_fmaxsym-zero.yml	1						true	true:1	0.081205372	0.076481443	25735168
GenMC	c/pthread-ext/09_fmaxsym.yml	1						true	true:1	0.084476882	0.074611174	25751552
GenMC	c/pthread-ext/11_fmaxsymopt-zero.yml	1						true	true:1	0.08241526	0.074067584	25694208
GenMC	c/pthread-ext/11_fmaxsymopt.yml	1						true	true:1	0.083884601	0.074678694	25698304
GenMC	c/pthread-ext/14_spin2003.yml	1						true	true:1	0.0813223	0.073837457	25694208
GenMC	c/pthread-ext/18_read_write_lock.yml	1						true	true:1	0.086553903	0.079990388	25911296
GenMC	c/pthread-ext/25_stack.yml	1						false	TIMEOUT:1			
GenMC	c/pthread-ext/25_stack_longer-1.yml	1						true	false(unreach-call):1	0.091589957	0.077600038	26046464
GenMC	c/pthread-ext/25_stack_longer-2.yml	1						false	TIMEOUT:1			
GenMC	c/pthread-ext/25_stack_longest-1.yml	1						false	TIMEOUT:1			
GenMC	c/pthread-ext/25_stack_longest-2.yml	1						true	false(unreach-call):1	0.147049457	0.140894659	25964544
GenMC	c/pthread-ext/26_stack_cas.yml	1						false	TIMEOUT:1			
GenMC	c/pthread-ext/26_stack_cas_longer-1.yml	1						true	false(unreach-call):1	0.099727518	0.088908065	26140672
GenMC	c/pthread-ext/26_stack_cas_longer-2.yml	1						false	TIMEOUT:1			
GenMC	c/pthread-ext/26_stack_cas_longest-1.yml	1						true	false(unreach-call):1	0.140368443	0.130919081	26148864
GenMC	c/pthread-ext/26_stack_cas_longest-2.yml	1						false	TIMEOUT:1			
GenMC	c/pthread-ext/28_buggy_simple_loop1_vf.yml	1						false	TIMEOUT:1			
GenMC	c/pthread-ext/29_conditionals_vs.yml	1						true	true:1	0.077702923	0.073898374	25690112
GenMC	c/pthread-ext/31_simple_loop5_vs.yml	1						false	OUT OF MEMORY:1			
GenMC	c/pthread-ext/35_double_lock_p3_vs.yml	1						true	true:1	0.087694687	0.076694835	25804800
GenMC	c/pthread-ext/36_stack_cas_p0_vs_concur.yml	1						true	true:1	0.089221332	0.077902226	25935872
GenMC	c/pthread-ext/37_stack_lock_p0_vs_concur.yml	1						true	true:1	0.092290923	0.083443028	25858048
GenMC	c/pthread-ext/39_rand_lock_p0_vs.yml	1						true	true:1	0.083858864	0.071244354	25698304
GenMC	c/pthread-ext/40_barrier_vf.yml	1						false	ERROR (compilation):1			
GenMC	c/pthread-ext/43_NetBSD_sysmon_power_sliced-pthread.yml	1						false	ERROR (compilation):1			
GenMC	c/pthread-ext/43_NetBSD_sysmon_power_sliced.yml	1						true	true:1	0.088105861	0.079553654	25874432
GenMC	c/pthread-ext/45_monabsex1_vs.yml	1						true	true:1	0.079157215	0.071755015	25673728
GenMC	c/pthread-ext/46_monabsex2_vs.yml	1						true	true:1	0.07945316	0.072167311	25718784
GenMC	c/pthread-ext/48_ticket_lock_low_contention_vs-pthread.yml	1						true	true:1	0.076113712	0.070823414	25747456
GenMC	c/pthread-ext/48_ticket_lock_low_contention_vs.yml	1						true	true:1	0.079050308	0.074575419	25751552
GenMC	c/pthread-lit/qw2004-2b.yml	1						true	false(unreach-call):1	0.090285509	0.076007072	25784320
GenMC	c/pthread-lit/sssc12.yml	1						true	true:1	0.076727987	0.06414346	25776128
GenMC	c/pthread-lit/sssc12_variant.yml	1						true	true:1	0.083919436	0.072124486	25825280
GenMC	c/pthread-race-challenges/thread-local-pthread-value.yml	1						false	ERROR (compilation):1			
GenMC	c/pthread-race-challenges/thread-local-value-dynamic.yml	1						true	true:1	0.079836558	0.069295895	25776128
GenMC	c/pthread-race-challenges/thread-local-value.yml	1						true	true:1	0.083758704	0.076382746	25825280
GenMC	c/pthread-theta/exponential-4.yml	1						false	TIMEOUT:1			
GenMC	c/pthread-theta/exponential-64.yml	1						false	TIMEOUT:1			
GenMC	c/pthread-theta/exponential-nondet.yml	1						true	true:1	0.077785013	0.066497333	25821184
GenMC	c/pthread-theta/unwind1-1.yml	1						true	true:1	0.0825967379	0.073728019	25833472
GenMC	c/pthread-theta/unwind1-100.yml	1						true	true:1	0.075198611	0.069243625	25862144
GenMC	c/pthread-theta/unwind1-nondet.yml	1						true	true:1	0.081681165	0.071667452	25821184
GenMC	c/pthread-theta/unwind2-1.yml	1						true	false(unreach-call):1	0.082371494	0.070221411	25825280
GenMC	c/pthread-theta/unwind2-100.yml	1						true	false(unreach-call):1	0.074987637	0.068993386	25825280
GenMC	c/pthread-theta/unwind2-nondet.yml	1						true	true:1	0.082469947	0.069142522	25821184
GenMC	c/pthread-theta/unwind3-1.yml	1						true	false(unreach-call):1	0.078604377	0.068411158	25825280
GenMC	c/pthread-theta/unwind3-100.yml	1						false	TIMEOUT:1			
GenMC	c/pthread-theta/unwind3-nondet.yml	1						true	true:1	0.078039052	0.066268961	25825280
GenMC	c/pthread-theta/wsc.yml	1						true	true:1	0.087479259	0.073417352	25960448
GenMC	c/pthread-wmm/mix000.oepc.yml	1						true	false(unreach-call):1	0.147392506	0.137549051	26230784
GenMC	c/pthread-wmm/mix000.opt.yml	1						true	false(unreach-call):1	1.31196351	1.30064967	26144768
GenMC	c/pthread-wmm/mix001.oepc.yml	1						true	false(unreach-call):1	41.8398227	41.7365093	26218496
GenMC	c/pthread-wmm/mix001.opt.yml	1						false	TIMEOUT:1			
GenMC	c/pthread-wmm/mix002.oepc.yml	1						true	false(unreach-call):1	36.8702265	36.7818719	26161152
GenMC	c/pthread-wmm/mix002.opt.yml	1						false	TIMEOUT:1			
GenMC	c/pthread-wmm/mix003.oepc.yml	1						true	false(unreach-call):1	34.3785213	34.0458513	26116096
GenMC	c/pthread-wmm/mix003_power.opt_pso.opt_rmo.opt_tso.opt.yml	1						false	TIMEOUT:1			
GenMC	c/pthread-wmm/mix004.oepc.yml	1						false	TIMEOUT:1			
GenMC	c/pthread-wmm/mix004.opt.yml	1						false	TIMEOUT:1			
GenMC	c/pthread-wmm/mix005.opt.yml	1						false	TIMEOUT:1			
GenMC	c/pthread-wmm/mix005_power.oepc_pso.oepc_rmo.oepc.yml	1						false	TIMEOUT:1			
GenMC	c/pthread-wmm/mix005_tso.oepc.yml	1						false	TIMEOUT:1			
GenMC	c/pthread-wmm/mix006.opt.yml	1						false	TIMEOUT:1			
GenMC	c/pthread-wmm/mix006_power.oepc_pso.oepc_rmo.oepc.yml	1						true	false(unreach-call):1	33.9100664	33.780069	26083328
GenMC	c/pthread-wmm/mix006_tso.oepc.yml	1						false	TIMEOUT:1			
GenMC	c/pthread-wmm/mix007.oepc.yml	1						false	TIMEOUT:1			
GenMC	c/pthread-wmm/mix007.opt.yml	1						false	TIMEOUT:1			
GenMC	c/pthread-wmm/mix008.opt.yml	1						false	TIMEOUT:1			
GenMC	c/pthread-wmm/mix008_power.oepc_pso.oepc_rmo.oepc.yml	1						false	TIMEOUT:1			
GenMC	c/pthread-wmm/mix008_tso.oepc.yml	1						false	TIMEOUT:1			
GenMC	c/pthread-wmm/mix009.oepc.yml	1						true	false(unreach-call):1	0.140544946	0.12997926	26058752
GenMC	c/pthread-wmm/mix009.opt.yml	1						true	false(unreach-call):1	2.72481965	2.66158314	26112000
GenMC	c/pthread-wmm/mix010.oepc.yml	1						false	TIMEOUT:1			
GenMC	c/pthread-wmm/mix010.opt.yml	1						false	TIMEOUT:1			
GenMC	c/pthread-wmm/mix011.opt.yml	1						false	TIMEOUT:1			
GenMC	c/pthread-wmm/mix011_power.oepc_pso.oepc_rmo.oepc.yml	1						false	TIMEOUT:1			
GenMC	c/pthread-wmm/mix011_tso.oepc.yml	1						false	TIMEOUT:1			
GenMC	c/pthread-wmm/mix012_power.oepc_power.opt_pso.oepc_rmo.oepc_rmo.opt_tso.oepc.yml	1						true	false(unreach-call):1	0.134473605	0.12436771	26083328
GenMC	c/pthread-wmm/mix012_pso.opt_tso.opt.yml	1						true	false(unreach-call):1	0.618867309	0.586291087	26144768
GenMC	c/pthread-wmm/mix013.oepc.yml	1						false	TIMEOUT:1			
GenMC	c/pthread-wmm/mix013.opt.yml	1						false	TIMEOUT:1			
GenMC	c/pthread-wmm/mix014.opt.yml	1						false	TIMEOUT:1			
GenMC	c/pthread-wmm/mix014_power.oepc_pso.oepc_rmo.oepc.yml	1						false	TIMEOUT:1			
GenMC	c/pthread-wmm/mix014_tso.oepc.yml	1						false	TIMEOUT:1			
GenMC	c/pthread-wmm/mix015.oepc.yml	1						true	false(unreach-call):1	14.0637952	14.0220118	26083328
GenMC	c/pthread-wmm/mix015.opt.yml	1						false	TIMEOUT:1			
GenMC	c/pthread-wmm/mix016.oepc.yml	1						true	false(unreach-call):1	12.7960361	12.7844683	26107904
GenMC	c/pthread-wmm/mix016_power.opt_rmo.opt.yml	1						false	TIMEOUT:1			
GenMC	c/pthread-wmm/mix016_pso.opt_tso.opt.yml	1						false	TIMEOUT:1			
GenMC	c/pthread-wmm/mix017.oepc.yml	1						false	TIMEOUT:1			
GenMC	c/pthread-wmm/mix017_power.opt_rmo.opt.yml	1						false	TIMEOUT:1			
GenMC	c/pthread-wmm/mix017_pso.opt_tso.opt.yml	1						false	TIMEOUT:1			
GenMC	c/pthread-wmm/mix018.opt.yml	1						false	TIMEOUT:1			
GenMC	c/pthread-wmm/mix018_power.oepc_pso.oepc_rmo.oepc.yml	1						false	TIMEOUT:1			
GenMC	c/pthread-wmm/mix018_tso.oepc.yml	1						false	TIMEOUT:1			
GenMC	c/pthread-wmm/mix019.opt.yml	1						false	TIMEOUT:1			
GenMC	c/pthread-wmm/mix019_power.oepc_pso.oepc_rmo.oepc.yml	1						true	false(unreach-call):1	12.779403	12.7427465	26042368
GenMC	c/pthread-wmm/mix019_tso.oepc.yml	1						false	TIMEOUT:1			
GenMC	c/pthread-wmm/mix020.oepc.yml	1						false	TIMEOUT:1			
GenMC	c/pthread-wmm/mix020.opt.yml	1						false	TIMEOUT:1			
GenMC	c/pthread-wmm/mix021.opt.yml	1						false	TIMEOUT:1			
GenMC	c/pthread-wmm/mix021_power.oepc_pso.oepc_rmo.oepc.yml	1						false	TIMEOUT:1			
GenMC	c/pthread-wmm/mix021_tso.oepc.yml	1						false	TIMEOUT:1			
GenMC	c/pthread-wmm/mix022_power.oepc_power.opt_pso.oepc_pso.opt_rmo.oepc_rmo.opt.yml	1						true	false(unreach-call):1	0.126073371	0.118324676	26066944
GenMC	c/pthread-wmm/mix022_tso.yml	1						true	false(unreach-call):1	0.558187825	0.547544925	26230784
GenMC	c/pthread-wmm/mix023_power.oepc_pso.oepc_rmo.oepc.yml	1						false	TIMEOUT:1			
GenMC	c/pthread-wmm/mix023_power.opt_pso.opt_rmo.opt.yml	1						false	TIMEOUT:1			
GenMC	c/pthread-wmm/mix023_tso.yml	1						false	TIMEOUT:1			
GenMC	c/pthread-wmm/mix024_power.oepc_pso.oepc_rmo.oepc_tso.oepc_tso.opt.yml	1						true	false(unreach-call):1	13.7110987	13.6908148	26181632
GenMC	c/pthread-wmm/mix024_power.opt_pso.opt_rmo.opt.yml	1						false	TIMEOUT:1			
GenMC	c/pthread-wmm/mix025_power.oepc_power.opt_pso.oepc_rmo.oepc_tso.oepc_tso.opt.yml	1						true	false(unreach-call):1	12.6177658	12.6018424	26087424
GenMC	c/pthread-wmm/mix025_pso.opt_rmo.opt.yml	1						false	TIMEOUT:1			
GenMC	c/pthread-wmm/mix026.oepc.yml	1						false	TIMEOUT:1			
GenMC	c/pthread-wmm/mix026_power.opt_tso.opt.yml	1						false	TIMEOUT:1			
GenMC	c/pthread-wmm/mix026_pso.opt_rmo.opt.yml	1						false	TIMEOUT:1			
GenMC	c/pthread-wmm/mix027_power.oepc_pso.oepc_rmo.oepc.yml	1						false	TIMEOUT:1			
GenMC	c/pthread-wmm/mix027_power.opt_pso.opt_rmo.opt.yml	1						false	TIMEOUT:1			
GenMC	c/pthread-wmm/mix027_tso.yml	1						false	TIMEOUT:1			
GenMC	c/pthread-wmm/mix028_power.oepc_pso.oepc_rmo.oepc.yml	1						true	false(unreach-call):1	12.8416402	12.8226041	26140672
GenMC	c/pthread-wmm/mix028_power.opt_pso.opt_rmo.opt.yml	1						false	TIMEOUT:1			
GenMC	c/pthread-wmm/mix028_tso.yml	1						false	TIMEOUT:1			
GenMC	c/pthread-wmm/mix029_power.oepc_pso.oepc_rmo.oepc_tso.oepc_tso.opt.yml	1						false	TIMEOUT:1			
GenMC	c/pthread-wmm/mix029_power.opt_pso.opt_rmo.opt.yml	1						false	TIMEOUT:1			
GenMC	c/pthread-wmm/mix030_power.oepc_pso.oepc_rmo.oepc.yml	1						false	TIMEOUT:1			
GenMC	c/pthread-wmm/mix030_power.opt_pso.opt_rmo.opt.yml	1						false	TIMEOUT:1			
GenMC	c/pthread-wmm/mix030_tso.yml	1						false	TIMEOUT:1			
GenMC	c/pthread-wmm/mix031.oepc.yml	1						true	false(unreach-call):1	0.1665953	0.160552775	26009600
GenMC	c/pthread-wmm/mix031.opt.yml	1						true	false(unreach-call):1	4.71223987	4.70018968	26079232
GenMC	c/pthread-wmm/mix032.oepc.yml	1						false	TIMEOUT:1			
GenMC	c/pthread-wmm/mix032.opt.yml	1						false	TIMEOUT:1			
GenMC	c/pthread-wmm/mix033.opt.yml	1						false	TIMEOUT:1			
GenMC	c/pthread-wmm/mix033_power.oepc_pso.oepc_rmo.oepc.yml	1						false	TIMEOUT:1			
GenMC	c/pthread-wmm/mix033_tso.oepc.yml	1						false	TIMEOUT:1			
GenMC	c/pthread-wmm/mix034_power.oepc_power.opt_pso.oepc_rmo.oepc_rmo.opt_tso.oepc.yml	1						true	false(unreach-call):1	0.160661431	0.151912221	26083328
GenMC	c/pthread-wmm/mix034_pso.opt_tso.opt.yml	1						true	false(unreach-call):1	0.853446066	0.843628334	26046464
GenMC	c/pthread-wmm/mix035.oepc.yml	1						true	false(unreach-call):1	25.7308018	25.7060605	26058752
GenMC	c/pthread-wmm/mix035_power.opt_rmo.opt.yml	1						false	TIMEOUT:1			
GenMC	c/pthread-wmm/mix035_pso.opt_tso.opt.yml	1						false	TIMEOUT:1			
GenMC	c/pthread-wmm/mix036.oepc.yml	1						false	TIMEOUT:1			
GenMC	c/pthread-wmm/mix036_power.opt_rmo.opt.yml	1						false	TIMEOUT:1			
GenMC	c/pthread-wmm/mix036_pso.opt_tso.opt.yml	1						false	TIMEOUT:1			
GenMC	c/pthread-wmm/mix037.opt.yml	1						false	TIMEOUT:1			
GenMC	c/pthread-wmm/mix037_power.oepc_pso.oepc_rmo.oepc.yml	1						false	TIMEOUT:1			
GenMC	c/pthread-wmm/mix037_tso.oepc.yml	1						false	TIMEOUT:1			
GenMC	c/pthread-wmm/mix038.opt.yml	1						false	TIMEOUT:1			
GenMC	c/pthread-wmm/mix038_power.oepc_pso.oepc_rmo.oepc.yml	1						true	false(unreach-call):1	25.1780426	25.1509986	26083328
GenMC	c/pthread-wmm/mix038_tso.oepc.yml	1						false	TIMEOUT:1			
GenMC	c/pthread-wmm/mix039.oepc.yml	1						false	TIMEOUT:1			
GenMC	c/pthread-wmm/mix039.opt.yml	1						false	TIMEOUT:1			
GenMC	c/pthread-wmm/mix040.opt.yml	1						false	TIMEOUT:1			
GenMC	c/pthread-wmm/mix040_power.oepc_pso.oepc_rmo.oepc.yml	1						false	TIMEOUT:1			
GenMC	c/pthread-wmm/mix040_tso.oepc.yml	1						false	TIMEOUT:1			
GenMC	c/pthread-wmm/mix041_power.oepc_pso.oepc_rmo.oepc.yml	1						true	false(unreach-call):1	0.168749178	0.158141376	26021888
GenMC	c/pthread-wmm/mix041_power.opt_pso.opt_rmo.opt_tso.oepc_tso.opt.yml	1						true	false(unreach-call):1	0.776508829	0.766174828	26099712
GenMC	c/pthread-wmm/mix042.oepc.yml	1						true	false(unreach-call):1	25.5643962	25.5397086	26083328
GenMC	c/pthread-wmm/mix042.opt.yml	1						false	TIMEOUT:1			
GenMC	c/pthread-wmm/mix043.oepc.yml	1						false	TIMEOUT:1			
GenMC	c/pthread-wmm/mix043.opt.yml	1						false	TIMEOUT:1			
GenMC	c/pthread-wmm/mix044.opt.yml	1						false	TIMEOUT:1			
GenMC	c/pthread-wmm/mix044_power.oepc_pso.oepc_rmo.oepc.yml	1						false	TIMEOUT:1			
GenMC	c/pthread-wmm/mix044_tso.oepc.yml	1						false	TIMEOUT:1			
GenMC	c/pthread-wmm/mix045_power.oepc_pso.oepc_rmo.oepc.yml	1						true	false(unreach-call):1	25.317184	25.2480883	26099712
GenMC	c/pthread-wmm/mix045_power.opt_pso.opt_rmo.opt_tso.oepc_tso.opt.yml	1						false	TIMEOUT:1			
GenMC	c/pthread-wmm/mix046.oepc.yml	1						false	TIMEOUT:1			
GenMC	c/pthread-wmm/mix046.opt.yml	1						false	TIMEOUT:1			
GenMC	c/pthread-wmm/mix047_power.oepc_pso.oepc_rmo.oepc.yml	1						false	TIMEOUT:1			
GenMC	c/pthread-wmm/mix047_power.opt_pso.opt_rmo.opt_tso.oepc_tso.opt.yml	1						false	TIMEOUT:1			
GenMC	c/pthread-wmm/mix048_power.oepc_power.opt_pso.oepc_pso.opt_rmo.oepc_rmo.opt_tso.oepc_tso.opt-podwr000_power.oepc_power.opt_pso.oepc_pso.opt_rmo.oepc_rmo.opt_tso.oepc_tso.opt.yml	1						true	false(unreach-call):1	0.110075269	0.09982215	26083328
GenMC	c/pthread-wmm/mix049_power.oepc_power.opt_pso.oepc_pso.opt_rmo.oepc_rmo.opt_tso.oepc_tso.opt-podwr001_power.oepc_power.opt_pso.oepc_pso.opt_rmo.oepc_rmo.opt_tso.oepc_tso.opt.yml	1						true	false(unreach-call):1	5.91036345	5.89942414	26140672
GenMC	c/pthread-wmm/mix050.yml	1						false	TIMEOUT:1			
GenMC	c/pthread-wmm/mix051_power.oepc_power.opt_pso.oepc_rmo.oepc.yml	1						false	TIMEOUT:1			
GenMC	c/pthread-wmm/mix051_pso.opt_rmo.opt_tso.opt.yml	1						false	TIMEOUT:1			
GenMC	c/pthread-wmm/mix051_tso.oepc.yml	1						false	TIMEOUT:1			
GenMC	c/pthread-wmm/mix052_power.oepc_power.opt_pso.oepc_rmo.oepc.yml	1						true	false(unreach-call):1	6.06434605	6.04066657	26099712
GenMC	c/pthread-wmm/mix052_pso.opt_rmo.opt_tso.opt.yml	1						false	TIMEOUT:1			
GenMC	c/pthread-wmm/mix052_tso.oepc.yml	1						false	TIMEOUT:1			
GenMC	c/pthread-wmm/mix053.opt.yml	1						false	TIMEOUT:1			
GenMC	c/pthread-wmm/mix053_power.oepc_pso.oepc_rmo.oepc.yml	1						false	TIMEOUT:1			
GenMC	c/pthread-wmm/mix053_tso.oepc.yml	1						false	TIMEOUT:1			
GenMC	c/pthread-wmm/mix054_power.oepc_power.opt_pso.oepc_rmo.oepc.yml	1						true	false(unreach-call):1	0.119601927	0.104610965	26095616
GenMC	c/pthread-wmm/mix054_pso.opt_rmo.opt_tso.oepc_tso.opt.yml	1						true	false(unreach-call):1	0.233825667	0.223514321	26087424
GenMC	c/pthread-wmm/mix055.opt.yml	1						false	TIMEOUT:1			
GenMC	c/pthread-wmm/mix055_power.oepc_pso.oepc_rmo.oepc.yml	1						false	TIMEOUT:1			
GenMC	c/pthread-wmm/mix055_tso.oepc.yml	1						false	TIMEOUT:1			
GenMC	c/pthread-wmm/mix056_power.oepc_pso.oepc_rmo.oepc.yml	1						true	false(unreach-call):1	6.07939194	6.05207082	26087424
GenMC	c/pthread-wmm/mix056_power.opt_pso.opt_rmo.opt_tso.oepc_tso.opt.yml	1						false	TIMEOUT:1			
GenMC	c/pthread-wmm/mix057_power.oepc_pso.oepc_rmo.oepc.yml	1						false	TIMEOUT:1			
GenMC	c/pthread-wmm/mix057_power.opt_pso.opt_rmo.opt_tso.oepc_tso.opt.yml	1						false	TIMEOUT:1			
GenMC	c/pthread-wmm/rfi000_power.oepc_pso.oepc_rmo.oepc.yml	1						true	false(unreach-call):1	0.188713535	0.177116128	26345472
GenMC	c/pthread-wmm/rfi000_power.opt_pso.opt_rmo.opt.yml	1						true	false(unreach-call):1	0.781674413	0.76058949	26054656
GenMC	c/pthread-wmm/rfi000_tso.yml	1						true	true:1	1.49721941	1.48599342	26296320
GenMC	c/pthread-wmm/rfi001_power.oepc_pso.oepc_rmo.oepc.yml	1						true	false(unreach-call):1	0.168996321	0.159494913	26128384
GenMC	c/pthread-wmm/rfi001_power.opt_pso.opt_rmo.opt_tso.oepc_tso.opt.yml	1						true	false(unreach-call):1	0.777850239	0.769633239	26103808
GenMC	c/pthread-wmm/rfi002_power.oepc_power.opt_pso.oepc_pso.opt_rmo.oepc_rmo.opt.yml	1						true	true:1	3.94122577	3.92845935	26394624
GenMC	c/pthread-wmm/rfi002_tso.yml	1						true	true:1	5.31073208	5.23180044	26615808
GenMC	c/pthread-wmm/rfi003_power.oepc_power.opt_pso.oepc_pso.opt_rmo.oepc_rmo.opt.yml	1						true	false(unreach-call):1	2.03246227	2.02110229	26025984
GenMC	c/pthread-wmm/rfi003_tso.yml	1						true	true:1	3.80372445	3.79229665	26357760
GenMC	c/pthread-wmm/rfi004.yml	1						true	false(unreach-call):1	2.18811086	2.11152295	25964544
GenMC	c/pthread-wmm/rfi005.yml	1						true	false(unreach-call):1	0.091189058	0.081178274	26345472
GenMC	c/pthread-wmm/rfi006_power.oepc.yml	1						true	false(unreach-call):1	0.095402258	0.085837476	26251264
GenMC	c/pthread-wmm/rfi006_power.opt.yml	1						true	false(unreach-call):1	0.100350802	0.089053237	26300416
GenMC	c/pthread-wmm/rfi006_pso.oepc_pso.opt_tso.oepc_tso.opt.yml	1						false	TIMEOUT:1			
GenMC	c/pthread-wmm/rfi006_rmo.yml	1						true	false(unreach-call):1	0.165544364	0.079585266	26189824
GenMC	c/pthread-wmm/rfi007_power.oepc_power.opt_pso.oepc_pso.opt_rmo.oepc_rmo.opt.yml	1						true	false(unreach-call):1	0.135292165	0.124626914	26050560
GenMC	c/pthread-wmm/rfi007_tso.yml	1						true	false(unreach-call):1	0.562496865	0.552144155	26218496
GenMC	c/pthread-wmm/rfi008.oepc.yml	1						true	false(unreach-call):1	0.151892272	0.142586709	26214400
GenMC	c/pthread-wmm/rfi008.opt.yml	1						true	false(unreach-call):1	1.33143723	1.30221208	26091520
GenMC	c/pthread-wmm/rfi009_power.oepc.yml	1						true	false(unreach-call):1	0.103262494	0.09380741	26292224
GenMC	c/pthread-wmm/rfi009_power.opt_pso.oepc_pso.opt_rmo.opt_tso.oepc_tso.opt.yml	1						false	TIMEOUT:1			
GenMC	c/pthread-wmm/rfi009_rmo.oepc.yml	1						true	false(unreach-call):1	0.089858261	0.082657934	26136576
GenMC	c/pthread-wmm/rfi010.yml	1						true	false(unreach-call):1	1.29961708	1.29057704	26083328
GenMC	c/pthread-wmm/safe000_power.oepc.yml	1						true	false(unreach-call):1	0.098016154	0.08790452	26411008
GenMC	c/pthread-wmm/safe000_power.opt.yml	1						false	TIMEOUT:1			
GenMC	c/pthread-wmm/safe000_pso.oepc_pso.opt_tso.oepc_tso.opt.yml	1						false	TIMEOUT:1			
GenMC	c/pthread-wmm/safe000_rmo.yml	1						true	false(unreach-call):1	0.102563428	0.090157153	26353664
GenMC	c/pthread-wmm/safe001_power.oepc.yml	1						true	false(unreach-call):1	0.097484762	0.089958245	26517504
GenMC	c/pthread-wmm/safe001_power.opt_pso.oepc_pso.opt_rmo.opt.yml	1						false	TIMEOUT:1			
GenMC	c/pthread-wmm/safe001_rmo.oepc.yml	1						true	false(unreach-call):1	0.106836343	0.097606614	26357760
GenMC	c/pthread-wmm/safe001_tso.yml	1						false	TIMEOUT:1			
GenMC	c/pthread-wmm/safe002_power.oepc.yml	1						true	false(unreach-call):1	0.162304141	0.099765978	26501120
GenMC	c/pthread-wmm/safe002_power.opt_pso.oepc_pso.opt_rmo.opt.yml	1						false	TIMEOUT:1			
GenMC	c/pthread-wmm/safe002_rmo.oepc.yml	1						true	false(unreach-call):1	0.10048193	0.086811867	26349568
GenMC	c/pthread-wmm/safe002_tso.yml	1						false	TIMEOUT:1			
GenMC	c/pthread-wmm/safe003_power.oepc_pso.oepc_pso.opt_rmo.oepc_rmo.opt.yml	1						true	false(unreach-call):1	7.09206956	7.07603293	26484736
GenMC	c/pthread-wmm/safe003_power.opt.yml	1						false	TIMEOUT:1			
GenMC	c/pthread-wmm/safe003_tso.yml	1						false	TIMEOUT:1			
GenMC	c/pthread-wmm/safe004_power.oepc_pso.oepc_rmo.oepc.yml	1						true	false(unreach-call):1	6.98180405	6.97044301	26488832
GenMC	c/pthread-wmm/safe004_power.opt_pso.opt_rmo.opt.yml	1						false	TIMEOUT:1			
GenMC	c/pthread-wmm/safe004_tso.yml	1						false	TIMEOUT:1			
GenMC	c/pthread-wmm/safe005_power.oepc_power.opt_pso.oepc_pso.opt_rmo.oepc_rmo.opt.yml	1						false	TIMEOUT:1			
GenMC	c/pthread-wmm/safe005_tso.yml	1						false	TIMEOUT:1			
GenMC	c/pthread-wmm/safe006_power.oepc-thin000_power.oepc.yml	1						true	false(unreach-call):1	0.086749744	0.077542984	26136576
GenMC	c/pthread-wmm/safe006_power.opt-thin000_power.opt.yml	1						true	false(unreach-call):1	0.317676858	0.299400394	26083328
GenMC	c/pthread-wmm/safe006_pso.oepc_pso.opt_tso.oepc_tso.opt-thin000_pso.oepc_pso.opt_tso.oepc_tso.opt.yml	1						true	true:1	0.166506238	0.158170395	25821184
GenMC	c/pthread-wmm/safe006_rmo.oepc_rmo.opt-thin000_rmo.oepc_rmo.opt.yml	1						true	false(unreach-call):1	0.089613154	0.085098073	26091520
GenMC	c/pthread-wmm/safe007_power.oepc-thin001_power.oepc.yml	1						true	false(unreach-call):1	0.097425471	0.085305068	26107904
GenMC	c/pthread-wmm/safe007_power.opt-thin001_power.opt.yml	1						false	TIMEOUT:1			
GenMC	c/pthread-wmm/safe007_pso.oepc_pso.opt_tso.oepc_tso.opt-thin001_pso.oepc_pso.opt_tso.oepc_tso.opt.yml	1						false	TIMEOUT:1			
GenMC	c/pthread-wmm/safe007_rmo.oepc_rmo.opt-thin001_rmo.oepc_rmo.opt.yml	1						true	false(unreach-call):1	0.08765323	0.080774752	26083328
GenMC	c/pthread-wmm/safe008_power.oepc_pso.oepc_pso.opt_rmo.oepc_rmo.opt.yml	1						true	false(unreach-call):1	4.89619388	4.89068405	26107904
GenMC	c/pthread-wmm/safe008_power.opt.yml	1						false	TIMEOUT:1			
GenMC	c/pthread-wmm/safe008_tso.yml	1						false	TIMEOUT:1			
GenMC	c/pthread-wmm/safe009_power.oepc.yml	1						true	false(unreach-call):1	0.093532961	0.082437864	26357760
GenMC	c/pthread-wmm/safe009_power.opt.yml	1						true	false(unreach-call):1	42.5149905	42.3896751	26214400
GenMC	c/pthread-wmm/safe009_pso.oepc_pso.opt_tso.oepc_tso.opt.yml	1						true	true:1	25.9654257	25.9232465	25751552
GenMC	c/pthread-wmm/safe009_rmo.oepc.yml	1						true	false(unreach-call):1	0.094924449	0.082381502	26259456
GenMC	c/pthread-wmm/safe009_rmo.opt.yml	1						true	false(unreach-call):1	38.4351347	38.3315814	26189824
GenMC	c/pthread-wmm/safe010_power.oepc_power.opt_pso.oepc_pso.opt_rmo.oepc_rmo.opt.yml	1						true	false(unreach-call):1	0.098931587	0.091846566	26116096
GenMC	c/pthread-wmm/safe010_tso.yml	1						true	true:1	0.168712575	0.158571054	25825280
GenMC	c/pthread-wmm/safe011_power.oepc_pso.oepc_rmo.oepc_rmo.opt.yml	1						true	false(unreach-call):1	4.7635729	4.7431081	26103808
GenMC	c/pthread-wmm/safe011_power.opt_pso.opt.yml	1						false	TIMEOUT:1			
GenMC	c/pthread-wmm/safe011_tso.yml	1						false	TIMEOUT:1			
GenMC	c/pthread-wmm/safe012_power.oepc.yml	1						true	false(unreach-call):1	0.095449035	0.082483343	26214400
GenMC	c/pthread-wmm/safe012_power.opt.yml	1						false	TIMEOUT:1			
GenMC	c/pthread-wmm/safe012_pso.oepc_pso.opt_rmo.opt.yml	1						false	TIMEOUT:1			
GenMC	c/pthread-wmm/safe012_rmo.oepc.yml	1						true	false(unreach-call):1	0.08832066	0.082049782	26083328
GenMC	c/pthread-wmm/safe012_tso.yml	1						false	TIMEOUT:1			
GenMC	c/pthread-wmm/safe013_power.oepc_power.opt_pso.oepc_pso.opt_rmo.oepc_rmo.opt.yml	1						false	TIMEOUT:1			
GenMC	c/pthread-wmm/safe013_tso.yml	1						false	TIMEOUT:1			
GenMC	c/pthread-wmm/safe014_power.oepc.yml	1						true	false(unreach-call):1	0.086843207	0.076465768	26157056
GenMC	c/pthread-wmm/safe014_power.opt.yml	1						true	false(unreach-call):1	0.105443761	0.084639918	26124288
GenMC	c/pthread-wmm/safe014_pso.oepc_pso.opt_tso.oepc_tso.opt.yml	1						false	TIMEOUT:1			
GenMC	c/pthread-wmm/safe014_rmo.oepc.yml	1						true	false(unreach-call):1	0.084363664	0.077058751	26140672
GenMC	c/pthread-wmm/safe014_rmo.opt.yml	1						false	TIMEOUT:1			
GenMC	c/pthread-wmm/safe015_power.oepc.yml	1						true	false(unreach-call):1	0.106122744	0.094648034	26488832
GenMC	c/pthread-wmm/safe015_power.opt.yml	1						false	TIMEOUT:1			
GenMC	c/pthread-wmm/safe015_pso.oepc_pso.opt_tso.oepc_tso.opt.yml	1						false	TIMEOUT:1			
GenMC	c/pthread-wmm/safe015_rmo.yml	1						false	TIMEOUT:1			
GenMC	c/pthread-wmm/safe016_power.oepc.yml	1						true	false(unreach-call):1	0.101124442	0.088539486	26357760
GenMC	c/pthread-wmm/safe016_power.opt.yml	1						false	TIMEOUT:1			
GenMC	c/pthread-wmm/safe016_pso.oepc_pso.opt_tso.oepc_tso.opt.yml	1						false	TIMEOUT:1			
GenMC	c/pthread-wmm/safe016_rmo.oepc.yml	1						true	false(unreach-call):1	0.097394782	0.087744074	26316800
GenMC	c/pthread-wmm/safe016_rmo.opt.yml	1						false	TIMEOUT:1			
GenMC	c/pthread-wmm/safe017_power.oepc_power.opt_pso.oepc_pso.opt_rmo.oepc_rmo.opt.yml	1						true	false(unreach-call):1	1.87075576	1.81909962	26152960
GenMC	c/pthread-wmm/safe017_tso.yml	1						true	true:1	24.240687	24.2169521	25821184
GenMC	c/pthread-wmm/safe018_power.oepc.yml	1						true	false(unreach-call):1	0.085709336	0.074152878	26112000
GenMC	c/pthread-wmm/safe018_power.opt.yml	1						true	false(unreach-call):1	50.3033988	50.0728295	26390528
GenMC	c/pthread-wmm/safe018_pso.oepc_pso.opt_tso.oepc_tso.opt.yml	1						true	true:1	26.6661022	26.6098237	25821184
GenMC	c/pthread-wmm/safe018_rmo.oepc.yml	1						true	false(unreach-call):1	0.093655808	0.080459495	26083328
GenMC	c/pthread-wmm/safe018_rmo.opt.yml	1						false	TIMEOUT:1			
GenMC	c/pthread-wmm/safe019_power.oepc.yml	1						true	false(unreach-call):1	0.10761917	0.098505951	26349568
GenMC	c/pthread-wmm/safe019_power.opt.yml	1						false	TIMEOUT:1			
GenMC	c/pthread-wmm/safe019_pso.oepc_pso.opt_tso.oepc_tso.opt.yml	1						false	TIMEOUT:1			
GenMC	c/pthread-wmm/safe019_rmo.oepc.yml	1						true	false(unreach-call):1	0.105154772	0.087647358	26349568
GenMC	c/pthread-wmm/safe019_rmo.opt.yml	1						false	TIMEOUT:1			
GenMC	c/pthread-wmm/safe020_power.yml	1						false	TIMEOUT:1			
GenMC	c/pthread-wmm/safe020_pso.oepc_pso.opt_tso.oepc_tso.opt.yml	1						false	TIMEOUT:1			
GenMC	c/pthread-wmm/safe020_rmo.yml	1						false	TIMEOUT:1			
GenMC	c/pthread-wmm/safe021_power.oepc_pso.oepc_rmo.oepc_rmo.opt.yml	1						true	false(unreach-call):1	5.95203666	5.93938241	26083328
GenMC	c/pthread-wmm/safe021_power.opt_pso.opt.yml	1						false	TIMEOUT:1			
GenMC	c/pthread-wmm/safe021_tso.yml	1						false	TIMEOUT:1			
GenMC	c/pthread-wmm/safe022_power.oepc_power.opt_pso.oepc_pso.opt_rmo.oepc_rmo.opt.yml	1						true	false(unreach-call):1	0.113759477	0.105932824	26091520
GenMC	c/pthread-wmm/safe022_tso.yml	1						true	true:1	0.173342076	0.159068348	25796608
GenMC	c/pthread-wmm/safe023_power.oepc_power.opt_pso.oepc_pso.opt_rmo.oepc_rmo.opt.yml	1						false	TIMEOUT:1			
GenMC	c/pthread-wmm/safe023_tso.yml	1						false	TIMEOUT:1			
GenMC	c/pthread-wmm/safe024_power.oepc_power.opt_pso.oepc_pso.opt_rmo.oepc_rmo.opt.yml	1						false	TIMEOUT:1			
GenMC	c/pthread-wmm/safe024_tso.yml	1						false	TIMEOUT:1			
GenMC	c/pthread-wmm/safe025_power.yml	1						true	false(unreach-call):1	0.095961303	0.087265382	26476544
GenMC	c/pthread-wmm/safe025_pso.oepc_pso.opt_tso.oepc_tso.opt.yml	1						false	TIMEOUT:1			
GenMC	c/pthread-wmm/safe025_rmo.yml	1						false	TIMEOUT:1			
GenMC	c/pthread-wmm/safe026_power.oepc_power.opt_pso.oepc_pso.opt_rmo.oepc_rmo.opt.yml	1						true	false(unreach-call):1	2.22602997	2.16959724	26091520
GenMC	c/pthread-wmm/safe026_tso.yml	1						true	true:1	25.0959347	25.0604685	25808896
GenMC	c/pthread-wmm/safe027_power.oepc.yml	1						true	false(unreach-call):1	0.103015533	0.090633408	26402816
GenMC	c/pthread-wmm/safe027_power.opt.yml	1						false	TIMEOUT:1			
GenMC	c/pthread-wmm/safe027_pso.oepc_pso.opt_tso.oepc_tso.opt.yml	1						false	TIMEOUT:1			
GenMC	c/pthread-wmm/safe027_rmo.yml	1						true	false(unreach-call):1	0.097613628	0.087195436	26300416
GenMC	c/pthread-wmm/safe028_power.yml	1						false	TIMEOUT:1			
GenMC	c/pthread-wmm/safe028_pso.oepc_pso.opt_tso.oepc_tso.opt.yml	1						false	TIMEOUT:1			
GenMC	c/pthread-wmm/safe028_rmo.yml	1						false	TIMEOUT:1			
GenMC	c/pthread-wmm/safe029_power.oepc_pso.oepc_rmo.oepc.yml	1						true	false(unreach-call):1	0.112101252	0.099412862	26087424
GenMC	c/pthread-wmm/safe029_power.opt_pso.opt_rmo.opt.yml	1						true	false(unreach-call):1	0.234302586	0.227919649	26087424
GenMC	c/pthread-wmm/safe029_tso.yml	1						true	true:1	0.162171735	0.148142006	25698304
GenMC	c/pthread-wmm/safe030_power.oepc_pso.oepc_rmo.oepc.yml	1						true	false(unreach-call):1	4.80453566	4.79330345	26083328
GenMC	c/pthread-wmm/safe030_power.opt_pso.opt_rmo.opt.yml	1						false	TIMEOUT:1			
GenMC	c/pthread-wmm/safe030_tso.yml	1						false	TIMEOUT:1			
GenMC	c/pthread-wmm/safe031_power.oepc_pso.oepc_rmo.oepc.yml	1						false	TIMEOUT:1			
GenMC	c/pthread-wmm/safe031_power.opt_pso.opt_rmo.opt.yml	1						false	TIMEOUT:1			
GenMC	c/pthread-wmm/safe031_tso.yml	1						false	TIMEOUT:1			
GenMC	c/pthread-wmm/safe032_power.oepc_power.opt_pso.oepc_pso.opt_rmo.oepc_rmo.opt.yml	1						false	TIMEOUT:1			
GenMC	c/pthread-wmm/safe032_tso.yml	1						false	TIMEOUT:1			
GenMC	c/pthread-wmm/safe033_power.oepc_power.opt_pso.oepc_pso.opt_rmo.oepc_rmo.opt.yml	1						true	false(unreach-call):1	0.471468991	0.441463528	25989120
GenMC	c/pthread-wmm/safe033_tso.yml	1						true	true:1	0.263682779	0.252581868	25825280
GenMC	c/pthread-wmm/safe034_power.oepc_power.opt_pso.oepc_pso.opt_rmo.oepc_rmo.opt.yml	1						false	TIMEOUT:1			
GenMC	c/pthread-wmm/safe034_tso.yml	1						false	TIMEOUT:1			
GenMC	c/pthread-wmm/safe035_power.yml	1						false	TIMEOUT:1			
GenMC	c/pthread-wmm/safe035_pso.oepc_pso.opt_rmo.oepc_rmo.opt_tso.oepc_tso.opt.yml	1						false	TIMEOUT:1			
GenMC	c/pthread-wmm/safe036.yml	1						true	true:1	0.512588786	0.501323949	25743360
GenMC	c/pthread-wmm/safe037.yml	1						false	TIMEOUT:1			
GenMC	c/pthread-wmm/thin002_power.oepc.yml	1						true	false(unreach-call):1	0.092467012	0.08310869	26198016
GenMC	c/pthread-wmm/thin002_power.opt.yml	1						false	TIMEOUT:1			
GenMC	c/pthread-wmm/thin002_pso.oepc_pso.opt_tso.oepc_tso.opt.yml	1						false	TIMEOUT:1			
GenMC	c/pthread-wmm/thin002_rmo.yml	1						true	false(unreach-call):1	0.0874257431	0.079180696	26095616
GenMC	c/pthread/bigshot_s.yml	1						true	true:1	0.082484658	0.070074193	25849856
GenMC	c/pthread/bigshot_s2.yml	1						true	true:1	0.086573788	0.077941696	25833472
GenMC	c/pthread/butterfly.yml	1						true	true:1	5.14243984	5.12356501	25853952
GenMC	c/pthread/fib_safe-10.yml	1						false	TIMEOUT:1			
GenMC	c/pthread/fib_safe-11.yml	1						false	TIMEOUT:1			
GenMC	c/pthread/fib_safe-12.yml	1						false	TIMEOUT:1			
GenMC	c/pthread/fib_safe-5.yml	1						true	true:1	1.80726102	1.78228092	25821184
GenMC	c/pthread/fib_safe-6.yml	1						true	true:1	7.978989	7.96326206	25833472
GenMC	c/pthread/fib_safe-7.yml	1						true	true:1	38.6579595	38.6154614	25825280
GenMC	c/pthread/fib_unsafe-10.yml	1						false	TIMEOUT:1			
GenMC	c/pthread/fib_unsafe-11.yml	1						false	TIMEOUT:1			
GenMC	c/pthread/fib_unsafe-12.yml	1						false	TIMEOUT:1			
GenMC	c/pthread/fib_unsafe-5.yml	1						true	false(unreach-call):1	0.553824913	0.530740348	25829376
GenMC	c/pthread/fib_unsafe-6.yml	1						true	false(unreach-call):1	2.19038559	2.14946925	25829376
GenMC	c/pthread/fib_unsafe-7.yml	1						true	false(unreach-call):1	10.2419865	10.2278345	25743360
GenMC	c/pthread/lazy01.yml	1						true	false(unreach-call):1	0.075859943	0.067795418	25833472
GenMC	c/pthread/queue.yml	1						true	false(unreach-call):1	0.103777669	0.097380773	25907200
GenMC	c/pthread/queue_longer.yml	1						true	false(unreach-call):1	8.42126683	8.18818417	1.0417193e+09
GenMC	c/pthread/queue_longest.yml	1						false	OUT OF MEMORY:1			
GenMC	c/pthread/queue_ok.yml	1						true	true:1	0.078667479	0.069969578	25956352
GenMC	c/pthread/queue_ok_longer.yml	1						true	true:1	0.138169924	0.122517114	25866240
GenMC	c/pthread/queue_ok_longest.yml	1						true	true:1	0.191117959	0.181360164	25878528
GenMC	c/pthread/reorder_2.yml	1						true	false(unreach-call):1	0.1229394	0.114516921	25976832
GenMC	c/pthread/reorder_5.yml	1						true	false(unreach-call):1	1.71877711	1.70887024	25956352
GenMC	c/pthread/singleton.yml	1						true	false(unreach-call):1	0.093405649	0.080314326	25976832
GenMC	c/pthread/singleton_with-uninit-problems.yml	1						true	true:1	0.08067574	0.075206213	25972736
GenMC	c/pthread/stack-1.yml	1						true	true:1	0.081200831	0.070772147	25821184
GenMC	c/pthread/stack-2.yml	1						true	true:1	0.079250976	0.068508735	25837568
GenMC	c/pthread/stack_longer-1.yml	1						true	true:1	2.6003265	2.58788233	580882432
GenMC	c/pthread/stack_longer-2.yml	1						true	true:1	2.64652725	2.5813555	580882432
GenMC	c/pthread/stack_longest-1.yml	1						true	true:1	16.5994791	16.3235942	3.70055987e+09
GenMC	c/pthread/stack_longest-2.yml	1						true	true:1	16.3064105	16.2778566	3.7005271e+09
GenMC	c/pthread/stateful01-1.yml	1						true	false(unreach-call):1	0.074828622	0.067463373	25800704
GenMC	c/pthread/stateful01-2.yml	1						true	true:1	0.083487717	0.073290468	25726976
GenMC	c/pthread/sync01.yml	1						false	ERROR (compilation):1			
GenMC	c/pthread/triangular-1.yml	1						true	true:1	3.16316447	3.1414257	25763840
GenMC	c/pthread/triangular-2.yml	1						true	false(unreach-call):1	0.831592027	0.819885899	25788416
GenMC	c/pthread/triangular-longer-1.yml	1						false	TIMEOUT:1			
GenMC	c/pthread/triangular-longer-2.yml	1						false	TIMEOUT:1			
GenMC	c/pthread/triangular-longest-1.yml	1						false	TIMEOUT:1			
GenMC	c/pthread/triangular-longest-2.yml	1						false	TIMEOUT:1			
GenMC	c/pthread/twostage_3.yml	1						true	false(unreach-call):1	0.09589708	0.085251761	26087424
GenMC	c/weaver/array-eq-symm.wvr.yml	1						true	true:1	0.076429892	0.068026664	25243648
GenMC	c/weaver/array-eq-trans.wvr.yml	1						true	true:1	0.082419127	0.073554478	25407488
GenMC	c/weaver/bench-exp1x3.wvr.yml	1						true	true:1	0.073320376	0.06641311	25288704
GenMC	c/weaver/bench-exp2x3.wvr.yml	1						true	true:1	0.0795051091	0.071874972	25300992
GenMC	c/weaver/bench-exp2x4.wvr.yml	1						true	true:1	0.081020679	0.069197564	25341952
GenMC	c/weaver/bench-exp2x6.wvr.yml	1						true	true:1	0.083653593	0.070031889	25296896
GenMC	c/weaver/bench-exp2x9.wvr.yml	1						true	true:1	0.078966036	0.07034408	25313280
GenMC	c/weaver/bench-exp3x3-opt.wvr.yml	1						true	true:1	0.077365135	0.067785495	25370624
GenMC	c/weaver/bench-exp3x3.wvr.yml	1						true	true:1	0.076598679	0.068436513	25403392
GenMC	c/weaver/chl-array-int-subst.wvr.yml	1						true	true:1	0.086992821	0.075585103	25415680
GenMC	c/weaver/chl-array-int-symm.wvr.yml	1						true	true:1	0.086429998	0.072750388	25362432
GenMC	c/weaver/chl-array-int-trans.wvr.yml	1						true	true:1	0.08004469	0.072660487	25329664
GenMC	c/weaver/chl-chromosome-opt-symm.wvr.yml	1						true	true:1	0.079905655	0.071827941	25300992
GenMC	c/weaver/chl-chromosome-subst.wvr.yml	1						true	true:1	0.085509448	0.076759265	25346048
GenMC	c/weaver/chl-chromosome-symm.wvr.yml	1						true	true:1	0.07807311	0.072269574	25333760
GenMC	c/weaver/chl-chromosome-trans.wvr.yml	1						true	true:1	0.081073335	0.074109834	25350144
GenMC	c/weaver/chl-collitem-subst.wvr.yml	1						true	true:1	0.085824765	0.074445089	25300992
GenMC	c/weaver/chl-collitem-symm.wvr.yml	1						true	true:1	0.080772827	0.070469338	25305088
GenMC	c/weaver/chl-collitem-trans.wvr.yml	1						true	true:1	0.08770873	0.075612076	25387008
GenMC	c/weaver/chl-exp-term-subst.wvr.yml	1						true	true:1	0.077676203	0.07124714	25378816
GenMC	c/weaver/chl-exp-term-symm.wvr.yml	1						true	true:1	0.073513028	0.06649825	25354240
GenMC	c/weaver/chl-file-item-subst.wvr.yml	1						true	true:1	0.08581378	0.073723188	25362432
GenMC	c/weaver/chl-file-item-symm.wvr.yml	1						true	true:1	0.090524287	0.070395599	25317376
GenMC	c/weaver/chl-file-item-trans.wvr.yml	1						true	true:1	0.077084416	0.070423668	25300992
GenMC	c/weaver/chl-match-subst.wvr.yml	1						true	true:1	0.078373768	0.072920213	25300992
GenMC	c/weaver/chl-match-symm.wvr.yml	1						true	true:1	0.076770631	0.06674934	25264128
GenMC	c/weaver/chl-match-trans.wvr.yml	1						true	true:1	0.081264823	0.07308045	25423872
GenMC	c/weaver/chl-name-comparator-subst.wvr.yml	1						true	true:1	0.091379045	0.081586234	25493504
GenMC	c/weaver/chl-name-comparator-symm.wvr.yml	1						true	true:1	0.087493865	0.076849811	25427968
GenMC	c/weaver/chl-name-comparator-trans.wvr.yml	1						true	true:1	0.081530184	0.074975672	25567232
GenMC	c/weaver/chl-node-subst.wvr.yml	1						true	true:1	0.089611135	0.076960793	25489408
GenMC	c/weaver/chl-node-symm.wvr.yml	1						true	true:1	0.080311015	0.07234679	25473024
GenMC	c/weaver/chl-node-trans.wvr.yml	1						true	true:1	0.088844335	0.078063692	25468928
GenMC	c/weaver/chl-nzb-file-subst.wvr.yml	1						true	true:1	0.123445787	0.11071732	25624576
GenMC	c/weaver/chl-nzb-file-symm.wvr.yml	1						true	true:1	0.101502043	0.094636096	25567232
GenMC	c/weaver/chl-nzb-file-trans.wvr.yml	1						true	true:1	0.114698966	0.106922204	25567232
GenMC	c/weaver/chl-poker-hand-subst.wvr.yml	1						true	true:1	0.140257228	0.133100494	26353664
GenMC	c/weaver/chl-poker-hand-symm.wvr.yml	1						true	true:1	0.115470932	0.106417026	26001408
GenMC	c/weaver/chl-poker-hand-trans.wvr.yml	1						true	true:1	0.143595088	0.133897917	26378240
GenMC	c/weaver/chl-simpl-str-subst.wvr.yml	1						true	true:1	0.079689798	0.07204752	25280512
GenMC	c/weaver/chl-simpl-str-symm.wvr.yml	1						true	true:1	0.081541175	0.069232229	25305088
GenMC	c/weaver/chl-simpl-str-trans.wvr.yml	1						true	true:1	0.080675343	0.070348728	25358336
GenMC	c/weaver/chl-sre-subst.wvr.yml	1						true	true:1	0.076782419	0.066469811	25337856
GenMC	c/weaver/chl-sre-symm.wvr.yml	1						true	true:1	0.077325926	0.07007555	25341952
GenMC	c/weaver/chl-sre-trans.wvr.yml	1						true	true:1	0.076208908	0.06647486	25296896
GenMC	c/weaver/chl-time-subst.wvr.yml	1						true	true:1	0.082174567	0.073672956	25382912
GenMC	c/weaver/chl-time-symm.wvr.yml	1						true	true:1	0.0757314819	0.069334415	25296896
GenMC	c/weaver/chl-time-trans.wvr.yml	1						true	true:1	0.078593206	0.070482065	25305088
GenMC	c/weaver/chl-word-subst.wvr.yml	1						false	OUT OF MEMORY:1			
GenMC	c/weaver/chl-word-symm.wvr.yml	1						false	OUT OF MEMORY:1			
GenMC	c/weaver/chl-word-trans.wvr.yml	1						false	OUT OF MEMORY:1			
GenMC	c/weaver/clever.wvr.yml	1						true	true:1	0.076788782	0.069020064	25296896
GenMC	c/weaver/fibonacci.wvr.yml	1						true	true:1	0.07996533	0.068062977	25288704
GenMC	c/weaver/loop-tiling-eq.wvr.yml	1						true	true:1	0.078850059	0.07067079	25358336
GenMC	c/weaver/mult-comm.wvr.yml	1						false	OUT OF MEMORY:1			
GenMC	c/weaver/mult-dist.wvr.yml	1						false	OUT OF MEMORY:1			
GenMC	c/weaver/mult-flipped-dist.wvr.yml	1						false	OUT OF MEMORY:1			
GenMC	c/weaver/parallel-bakery-2.wvr.yml	1						true	true:1	0.079705762	0.067869436	25276416
GenMC	c/weaver/parallel-bakery-3.wvr.yml	1						true	true:1	0.076248469	0.067003279	25464832
GenMC	c/weaver/parallel-bakery-4.wvr.yml	1						true	true:1	0.087409524	0.07675545	25530368
GenMC	c/weaver/parallel-barrier-loop.wvr.yml	1						true	true:1	0.085667367	0.071692466	25427968
GenMC	c/weaver/parallel-barrier.wvr.yml	1						true	true:1	0.075620796	0.065562928	25440256
GenMC	c/weaver/parallel-bluetooth.wvr.yml	1						true	true:1	0.080077704	0.071610842	25272320
GenMC	c/weaver/parallel-lamport.wvr.yml	1						true	true:1	0.08236382	0.074511856	25378816
GenMC	c/weaver/parallel-min-max-1.wvr.yml	1						false	OUT OF MEMORY:1			
GenMC	c/weaver/parallel-misc-1.wvr.yml	1						true	true:1	0.081168515	0.073157252	25366528
GenMC	c/weaver/parallel-misc-2-unrolled-atomic.wvr.yml	1						true	true:1	0.075126521	0.066694563	25247744
GenMC	c/weaver/parallel-misc-2-unrolled.wvr.yml	1						true	true:1	0.072510703	0.065216533	25284608
GenMC	c/weaver/parallel-misc-2.wvr.yml	1						true	true:1	0.0776051	0.067119651	25300992
GenMC	c/weaver/parallel-misc-3-extended.wvr.yml	1						true	true:1	0.1013157	0.090603819	25313280
GenMC	c/weaver/parallel-misc-3.wvr.yml	1						true	true:1	0.081225869	0.067578407	25223168
GenMC	c/weaver/parallel-misc-4.wvr.yml	1						true	true:1	0.077260133	0.068700719	25231360
GenMC	c/weaver/parallel-misc-5.wvr.yml	1						true	true:1	0.079901251	0.065691429	25378816
GenMC	c/weaver/parallel-parallel-sum-1-dsl.wvr.yml	1						true	true:1	0.082369413	0.077850766	25432064
GenMC	c/weaver/parallel-parallel-sum-1.wvr.yml	1						true	true:1	0.0826842	0.076491409	25403392
GenMC	c/weaver/parallel-parallel-sum-2.wvr.yml	1						true	true:1	0.08002657	0.071682292	25419776
GenMC	c/weaver/parallel-parallel-sum-equiv.wvr.yml	1						true	true:1	0.083610184	0.077925447	25432064
GenMC	c/weaver/parallel-simple-equiv.wvr.yml	1						true	true:1	0.070622919	0.066101917	25280512
GenMC	c/weaver/parallel-ticket-2.wvr.yml	1						true	true:1	0.073589494	0.066107027	25227264
GenMC	c/weaver/parallel-ticket-3.wvr.yml	1						true	true:1	0.07804995	0.065352959	25333760
GenMC	c/weaver/parallel-ticket-4.wvr.yml	1						true	true:1	0.07822128	0.069094842	25280512
GenMC	c/weaver/parallel-ticket-5.wvr.yml	1						true	true:1	0.079400282	0.073587931	25288704
GenMC	c/weaver/parallel-ticket-6.wvr.yml	1						true	true:1	0.080242688	0.072296094	25300992
GenMC	c/weaver/parallel-ticket-7.wvr.yml	1						true	true:1	0.08578431	0.075708546	25333760
GenMC	c/weaver/parallel-ticket-8.wvr.yml	1						true	true:1	0.081535617	0.071868621	25473024
GenMC	c/weaver/popl20-bad-buffer-mult-alt.wvr.yml	1						false	OUT OF MEMORY:1			
GenMC	c/weaver/popl20-bad-buffer-mult-alt2.wvr.yml	1						false	OUT OF MEMORY:1			
GenMC	c/weaver/popl20-bad-buffer-mult-alt3.wvr.yml	1						false	OUT OF MEMORY:1			
GenMC	c/weaver/popl20-bad-commit-1.wvr-bad.yml	1						true	true:1	0.085486737	0.075909343	25468928
GenMC	c/weaver/popl20-bad-commit-2.wvr-bad.yml	1						true	true:1	0.086171776	0.077362278	25559040
GenMC	c/weaver/popl20-bad-counter-queue.wvr.yml	1						true	true:1	0.07888472	0.069503946	25235456
GenMC	c/weaver/popl20-bad-counter-queue2.wvr.yml	1						true	true:1	0.079956498	0.070592689	25292800
GenMC	c/weaver/popl20-bad-dot-product-alt.wvr.yml	1						true	true:1	0.083413907	0.072933378	25382912
GenMC	c/weaver/popl20-bad-dot-product.wvr.yml	1						true	true:1	0.082041409	0.07203137	25382912
GenMC	c/weaver/popl20-bad-ring-nondet.wvr.yml	1						true	true:1	0.086645004	0.078258085	25481216
GenMC	c/weaver/popl20-bad-ring.wvr.yml	1						true	true:1	0.08129761	0.070859802	25382912
GenMC	c/weaver/popl20-bad-threaded-sum-2.wvr.yml	1						false	TIMEOUT:1			
GenMC	c/weaver/popl20-bad-three-array-sum-alt.wvr.yml	1						true	true:1	0.079230807	0.075355858	25362432
GenMC	c/weaver/popl20-channel-sum.wvr.yml	1						true	true:1	0.077072772	0.06916591	25333760
GenMC	c/weaver/popl20-commit-1.wvr.yml	1						true	true:1	0.089583346	0.082745857	25468928
GenMC	c/weaver/popl20-commit-2.wvr.yml	1						true	true:1	0.116533189	0.108421747	25501696
GenMC	c/weaver/popl20-counter-determinism.wvr.yml	1						true	true:1	0.077754111	0.068724805	25235456
GenMC	c/weaver/popl20-counter-fun.wvr.yml	1						true	true:1	0.0745245	0.071587469	25321472
GenMC	c/weaver/popl20-difference-det.wvr.yml	1						true	true:1	0.080420001	0.069309428	25305088
GenMC	c/weaver/popl20-figure1-alt.wvr.yml	1						true	true:1	0.074367173	0.06762284	25190400
GenMC	c/weaver/popl20-figure1.wvr.yml	1						true	true:1	0.074681555	0.064393408	25247744
GenMC	c/weaver/popl20-figure3.wvr.yml	1						false	TIMEOUT:1			
GenMC	c/weaver/popl20-horseshoe.wvr.yml	1						false	OUT OF MEMORY:1			
GenMC	c/weaver/popl20-min-max-dec.wvr.yml	1						true	true:1	0.08385308	0.075753434	25354240
GenMC	c/weaver/popl20-min-max-inc-dec.wvr.yml	1						true	true:1	0.083113354	0.0762062	25337856
GenMC	c/weaver/popl20-min-max-inc.wvr.yml	1						true	true:1	0.077937926	0.069181633	25387008
GenMC	c/weaver/popl20-more-array-sum-alt.wvr.yml	1						true	true:1	0.078448408	0.071933531	25300992
GenMC	c/weaver/popl20-more-array-sum-alt2.wvr.yml	1						true	true:1	0.082696935	0.074028719	25362432
GenMC	c/weaver/popl20-more-array-sum.wvr.yml	1						true	true:1	0.083550893	0.076937788	25403392
GenMC	c/weaver/popl20-more-array-sum2.wvr.yml	1						true	true:1	0.080893855	0.071631561	25296896
GenMC	c/weaver/popl20-more-buffer-mult.wvr.yml	1						false	OUT OF MEMORY:1			
GenMC	c/weaver/popl20-more-buffer-mult2.wvr.yml	1						false	OUT OF MEMORY:1			
GenMC	c/weaver/popl20-more-buffer-mult3.wvr.yml	1						false	OUT OF MEMORY:1			
GenMC	c/weaver/popl20-more-buffer-series.wvr.yml	1						true	true:1	0.081574663	0.072562434	25444352
GenMC	c/weaver/popl20-more-buffer-series2.wvr.yml	1						true	true:1	0.081003042	0.074328364	25440256
GenMC	c/weaver/popl20-more-buffer-series3.wvr.yml	1						true	true:1	0.08206328	0.072993274	25436160
GenMC	c/weaver/popl20-more-dec-subseq.wvr.yml	1						true	true:1	0.075845799	0.070489674	25341952
GenMC	c/weaver/popl20-more-inc-subseq.wvr.yml	1						true	true:1	0.077500712	0.069955797	25309184
GenMC	c/weaver/popl20-more-max-array-hom.wvr.yml	1						true	true:1	0.081853024	0.072375487	25260032
GenMC	c/weaver/popl20-more-max-array.wvr.yml	1						true	true:1	0.07725895	0.068104424	25321472
GenMC	c/weaver/popl20-more-min-array-hom.wvr.yml	1						true	true:1	0.079829835	0.071630069	25374720
GenMC	c/weaver/popl20-more-min-array.wvr.yml	1						true	true:1	0.08383095	0.070148037	25280512
GenMC	c/weaver/popl20-more-min-le-max.wvr.yml	1						true	true:1	0.088093253	0.077102563	25382912
GenMC	c/weaver/popl20-more-mts.wvr.yml	1						true	true:1	0.078784696	0.072952705	25403392
GenMC	c/weaver/popl20-more-multiply-verify.wvr.yml	1						false	OUT OF MEMORY:1			
GenMC	c/weaver/popl20-more-nonblocking-counter-alt2.wvr.yml	1						false	TIMEOUT:1			
GenMC	c/weaver/popl20-more-queue-add-2-nl.wvr.yml	1						false	OUT OF MEMORY:1			
GenMC	c/weaver/popl20-more-queue-add-3-nl.wvr.yml	1						false	OUT OF MEMORY:1			
GenMC	c/weaver/popl20-more-sorted.wvr.yml	1						true	true:1	0.076032518	0.066163962	25341952
GenMC	c/weaver/popl20-more-sum-array-hom.wvr.yml	1						true	true:1	0.080830962	0.071542288	25337856
GenMC	c/weaver/popl20-more-vector-add.wvr.yml	1						true	true:1	0.077422961	0.070241091	25300992
GenMC	c/weaver/popl20-mult-4.wvr.yml	1						false	TIMEOUT:1			
GenMC	c/weaver/popl20-mult-equiv.wvr.yml	1						false	TIMEOUT:1			
GenMC	c/weaver/popl20-nonblocking-cntr-alt.wvr.yml	1						true	true:1	0.078161582	0.06576451	25260032
GenMC	c/weaver/popl20-nonblocking-cntr.wvr.yml	1						true	true:1	0.078249379	0.070225219	25280512
GenMC	c/weaver/popl20-prod-cons-eq.wvr.yml	1						true	true:1	0.086401433	0.078518254	25538560
GenMC	c/weaver/popl20-prod-cons.wvr.yml	1						true	true:1	0.07905517	0.073956621	25329664
GenMC	c/weaver/popl20-prod-cons3.wvr.yml	1						true	true:1	0.08048816	0.071737984	25477120
GenMC	c/weaver/popl20-proofs-counter-add-4-semi-Q67.wvr.yml	1						true	true:1	0.0780744069	0.066668564	25382912
GenMC	c/weaver/popl20-queue-add-2.wvr.yml	1						true	true:1	0.083987658	0.073892265	25264128
GenMC	c/weaver/popl20-queue-add-3.wvr.yml	1						true	true:1	0.080761572	0.073671007	25407488
GenMC	c/weaver/popl20-send-receive-alt.wvr.yml	1						true	true:1	0.074946405	0.06624726	25272320
GenMC	c/weaver/popl20-send-receive.wvr.yml	1						true	true:1	0.083528495	0.072013843	25362432
GenMC	c/weaver/popl20-simple-array-sum.wvr.yml	1						true	true:1	0.073412746	0.069443129	25292800
GenMC	c/weaver/popl20-simple-queue.wvr.yml	1						true	true:1	0.08346574	0.077199579	25358336
GenMC	c/weaver/popl20-threaded-sum-3.wvr.yml	1						false	TIMEOUT:1			
GenMC	c/weaver/popl20-three-array-max.wvr.yml	1						true	true:1	0.080224319	0.073170353	25444352
GenMC	c/weaver/popl20-three-array-min.wvr.yml	1						true	true:1	0.079398685	0.070518105	25452544
GenMC	c/weaver/popl20-three-array-sum.wvr.yml	1						true	true:1	0.080332604	0.070744133	25300992
GenMC	c/weaver/popl20-two-queue.wvr.yml	1						true	true:1	0.078325187	0.07207011	25284608
GenMC	c/weaver/security.wvr.yml	1						true	true:1	0.081506485	0.071213048	25280512
GenMC	c/weaver/spaghetti.wvr.yml	1						false	TIMEOUT:1			
GenMC	c/weaver/test-context1.wvr.yml	1						true	true:1	0.071475649	0.063634595	25300992
GenMC	c/weaver/test-easy1.wvr.yml	1						true	true:1	0.074080983	0.066774769	25214976
GenMC	c/weaver/test-easy10.wvr.yml	1						true	true:1	0.079347326	0.068030673	25346048
GenMC	c/weaver/test-easy11.wvr.yml	1						false	TIMEOUT:1			
GenMC	c/weaver/test-easy6.wvr.yml	1						true	true:1	0.079997125	0.071254047	25300992
GenMC	c/weaver/test-easy7.wvr.yml	1						true	true:1	0.07241262	0.064463652	25305088
GenMC	c/weaver/test-easy8.wvr.yml	1						true	true:1	0.0747436	0.066985969	25202688
GenMC	c/weaver/test-hard1.wvr.yml	1						true	true:1	0.07744363	0.070142148	25313280
GenMC	c/weaver/test-semi1.wvr.yml	1						true	true:1	0.072622689	0.063016681	25272320
GenMC	c/weaver/unroll-2.wvr.yml	1						true	true:1	0.079762814	0.069794123	25329664
GenMC	c/weaver/unroll-3.wvr.yml	1						true	true:1	0.073453712	0.068216186	25313280
GenMC	c/weaver/unroll-4.wvr.yml	1						true	true:1	0.079256603	0.070370777	25296896
GenMC	c/weaver/unroll-5.wvr.yml	1						true	true:1	0.077487577	0.069499641	25309184
GenMC	c/weaver/unroll-cond-2.wvr.yml	1						true	true:1	0.076973725	0.070368343	25251840
GenMC	c/weaver/unroll-cond-3.wvr.yml	1						true	true:1	0.07576918	0.070276632	25346048
GenMC	c/weaver/unroll-cond-4.wvr.yml	1						true	true:1	0.080361094	0.072522481	25329664
GenMC	c/weaver/unroll-cond-5.wvr.yml	1						true	true:1	0.08233528	0.071980632	25362432
GenMC+CAAT	c/goblint-regression/13-privatized_01-priv_nr_true.yml	1						true	true:1	0.092974229	0.061150424	25817088
GenMC+CAAT	c/goblint-regression/13-privatized_04-priv_multi_true.yml	1						false	TIMEOUT:1			
GenMC+CAAT	c/goblint-regression/13-privatized_18-first-reads_true.yml	1						true	true:1	0.139540518	0.05917272	25772032
GenMC+CAAT	c/goblint-regression/13-privatized_18-first-reads_unknown_1_neg.yml	1						true	false(unreach-call):1	0.082668414	0.059862948	25825280
GenMC+CAAT	c/goblint-regression/13-privatized_18-first-reads_unknown_1_pos.yml	1						true	true:1	0.107243105	0.060992377	25800704
GenMC+CAAT	c/goblint-regression/13-privatized_18-first-reads_unknown_2_neg.yml	1						true	true:1	0.0877661631	0.059236192	25825280
GenMC+CAAT	c/goblint-regression/13-privatized_18-first-reads_unknown_2_pos.yml	1						true	false(unreach-call):1	0.116588528	0.060167264	25821184
GenMC+CAAT	c/goblint-regression/13-privatized_19-publish-precision_true.yml	1						true	true:1	0.10162383	0.063668808	25833472
GenMC+CAAT	c/goblint-regression/13-privatized_19-publish-precision_unknown_1_neg.yml	1						true	false(unreach-call):1	0.116701125	0.060280981	25817088
GenMC+CAAT	c/goblint-regression/13-privatized_19-publish-precision_unknown_1_pos.yml	1						true	false(unreach-call):1	0.120514362	0.065894265	25878528
GenMC+CAAT	c/goblint-regression/13-privatized_19-publish-precision_unknown_2_neg.yml	1						true	false(unreach-call):1	0.128844486	0.059110271	25743360
GenMC+CAAT	c/goblint-regression/13-privatized_19-publish-precision_unknown_2_pos.yml	1						true	false(unreach-call):1	0.096795329	0.058051508	25878528
GenMC+CAAT	c/goblint-regression/13-privatized_20-publish-regression_true.yml	1						true	true:1	0.089347607	0.059914105	25825280
GenMC+CAAT	c/goblint-regression/13-privatized_24-multiple-protecting_true.yml	1						true	true:1	0.18003236	0.060969764	25862144
GenMC+CAAT	c/goblint-regression/13-privatized_25-struct_nr_true.yml	1						true	true:1	0.095999374	0.062755543	25829376
GenMC+CAAT	c/goblint-regression/13-privatized_27-multiple-protecting2_true.yml	1						true	true:1	0.133552036	0.076179275	25964544
GenMC+CAAT	c/goblint-regression/13-privatized_29-multiple-protecting2-vesal_true.yml	1						true	true:1	0.104631277	0.057617825	25825280
GenMC+CAAT	c/goblint-regression/13-privatized_30-traces-oplus-vs-meet_true.yml	1						true	true:1	0.107974605	0.058798672	25821184
GenMC+CAAT	c/goblint-regression/13-privatized_31-traces-mine-vs-mutex_true.yml	1						true	true:1	0.151067893	0.064252965	25829376
GenMC+CAAT	c/goblint-regression/13-privatized_32-traces-mine-vs-oplus-vs-meet_true.yml	1						true	true:1	0.12028911	0.061938531	25886720
GenMC+CAAT	c/goblint-regression/13-privatized_33-traces-v-matters_true.yml	1						true	true:1	0.095012158	0.066337401	25804800
GenMC+CAAT	c/goblint-regression/13-privatized_34-traces-minepp-L-needs-to-be-um_true.yml	1						true	true:1	0.125160477	0.059946203	25780224
GenMC+CAAT	c/goblint-regression/13-privatized_35-traces-ex-2_true.yml	1						true	true:1	0.130113099	0.059818422	25829376
GenMC+CAAT	c/goblint-regression/13-privatized_36-traces-ex-3_true.yml	1						true	true:1	0.103471318	0.057493869	25767936
GenMC+CAAT	c/goblint-regression/13-privatized_37-traces-ex-4_true.yml	1						true	true:1	0.10965241	0.056227693	25800704
GenMC+CAAT	c/goblint-regression/13-privatized_38-traces-ex-4-switch_true.yml	1						true	true:1	0.097153036	0.056700831	25833472
GenMC+CAAT	c/goblint-regression/13-privatized_40-traces-ex-6_true.yml	1						true	true:1	0.14472462	0.058203869	25759744
GenMC+CAAT	c/goblint-regression/13-privatized_41-traces-ex-7_unknown_1_neg.yml	1						true	false(unreach-call):1	0.105999476	0.059335053	25817088
GenMC+CAAT	c/goblint-regression/13-privatized_41-traces-ex-7_unknown_1_pos.yml	1						true	false(unreach-call):1	0.114473652	0.06382138	25825280
GenMC+CAAT	c/goblint-regression/13-privatized_42-traces-ex-mini_true.yml	1						true	true:1	0.111505746	0.062620262	25825280
GenMC+CAAT	c/goblint-regression/13-privatized_44-traces-mine2_true.yml	1						true	true:1	0.084939555	0.057630293	25821184
GenMC+CAAT	c/goblint-regression/13-privatized_45-traces-per-global-and-current-lock-mine-incomparable_true.yml	1						true	true:1	0.114310503	0.059964143	25874432
GenMC+CAAT	c/goblint-regression/13-privatized_46-refine-protected1_true.yml	1						true	true:1	0.0780609151	0.05510168	25690112
GenMC+CAAT	c/goblint-regression/13-privatized_47-refine-protected2_true.yml	1						true	true:1	0.087033331	0.057898749	25825280
GenMC+CAAT	c/goblint-regression/13-privatized_52-refine-protected-loop2-small_true.yml	1						false	TIMEOUT:1			
GenMC+CAAT	c/goblint-regression/13-privatized_57-singlethreaded-unlock_true.yml	1						true	true:1	0.078330548	0.055623538	25817088
GenMC+CAAT	c/goblint-regression/13-privatized_58-singlethreaded-lock_true.yml	1						true	true:1	0.10724271	0.058522276	25776128
GenMC+CAAT	c/goblint-regression/13-privatized_66-mine-W-init_true.yml	1						true	true:1	0.098848974	0.058614182	25825280
GenMC+CAAT	c/goblint-regression/13-privatized_67-pthread_cond_wait_true.yml	1						false	ERROR (compilation):1			
GenMC+CAAT	c/goblint-regression/13-privatized_67-pthread_cond_wait_unknown_1_neg.yml	1						false	ERROR (compilation):1			
GenMC+CAAT	c/goblint-regression/13-privatized_67-pthread_cond_wait_unknown_1_pos.yml	1						false	ERROR (compilation):1			
GenMC+CAAT	c/goblint-regression/13-privatized_68-pfscan_protected_loop_minimal_interval_true.yml	1						true	true:1	0.120671321	0.059095218	25833472
GenMC+CAAT	c/goblint-regression/13-privatized_69-refine-protected-loop-interval_true.yml	1						true	true:1	0.104041061	0.066199857	25821184
GenMC+CAAT	c/goblint-regression/28-race_reach_01-simple_racing.yml	1						false	OUT OF MEMORY:1			
GenMC+CAAT	c/goblint-regression/28-race_reach_02-simple_racefree.yml	1						false	OUT OF MEMORY:1			
GenMC+CAAT	c/goblint-regression/28-race_reach_03-munge_racing.yml	1						false	OUT OF MEMORY:1			
GenMC+CAAT	c/goblint-regression/28-race_reach_04-munge_racefree.yml	1						false	OUT OF MEMORY:1			
GenMC+CAAT	c/goblint-regression/28-race_reach_05-lockfuns_racefree.yml	1						false	OUT OF MEMORY:1			
GenMC+CAAT	c/goblint-regression/28-race_reach_06-cond_racing1.yml	1						false	OUT OF MEMORY:1			
GenMC+CAAT	c/goblint-regression/28-race_reach_07-cond_racing2.yml	1						false	OUT OF MEMORY:1			
GenMC+CAAT	c/goblint-regression/28-race_reach_08-cond_racefree.yml	1						false	OUT OF MEMORY:1			
GenMC+CAAT	c/goblint-regression/28-race_reach_09-ptrmunge_racing.yml	1						false	OUT OF MEMORY:1			
GenMC+CAAT	c/goblint-regression/28-race_reach_10-ptrmunge_racefree.yml	1						false	OUT OF MEMORY:1			
GenMC+CAAT	c/goblint-regression/28-race_reach_11-ptr_racing.yml	1						false	OUT OF MEMORY:1			
GenMC+CAAT	c/goblint-regression/28-race_reach_12-ptr_racefree.yml	1						false	OUT OF MEMORY:1			
GenMC+CAAT	c/goblint-regression/28-race_reach_19-callback_racing.yml	1						false	OUT OF MEMORY:1			
GenMC+CAAT	c/goblint-regression/28-race_reach_20-callback_racefree.yml	1						false	OUT OF MEMORY:1			
GenMC+CAAT	c/goblint-regression/28-race_reach_21-deref_read_racing.yml	1						false	ERROR (unsupported property: invalid memory access):1			
GenMC+CAAT	c/goblint-regression/28-race_reach_22-deref_read_racefree.yml	1						false	ERROR (unsupported property: invalid memory access):1			
GenMC+CAAT	c/goblint-regression/28-race_reach_23-sound_unlock_racing.yml	1						false	ERROR (unsupported external):1			
GenMC+CAAT	c/goblint-regression/28-race_reach_24-sound_lock_racing.yml	1						false	OUT OF MEMORY:1			
GenMC+CAAT	c/goblint-regression/28-race_reach_27-funptr_racing.yml	1						false	OUT OF MEMORY:1			
GenMC+CAAT	c/goblint-regression/28-race_reach_28-funptr_racefree.yml	1						false	OUT OF MEMORY:1			
GenMC+CAAT	c/goblint-regression/28-race_reach_36-indirect_racefree.yml	1						false	OUT OF MEMORY:1			
GenMC+CAAT	c/goblint-regression/28-race_reach_37-indirect_racing.yml	1						false	OUT OF MEMORY:1			
GenMC+CAAT	c/goblint-regression/28-race_reach_40-trylock_racing.yml	1						false	ERROR (unsupported external):1			
GenMC+CAAT	c/goblint-regression/28-race_reach_41-trylock_racefree.yml	1						false	OUT OF MEMORY:1			
GenMC+CAAT	c/goblint-regression/28-race_reach_42-trylock2_racefree.yml	1						false	OUT OF MEMORY:1			
GenMC+CAAT	c/goblint-regression/28-race_reach_45-escape_racing.yml	1						true	false(unreach-call):1	0.077950059	0.072252262	25825280
GenMC+CAAT	c/goblint-regression/28-race_reach_46-escape_racefree.yml	1						true	true:1	0.076949867	0.068416622	25829376
GenMC+CAAT	c/goblint-regression/28-race_reach_51-mutexptr_racefree.yml	1						false	OUT OF MEMORY:1			
GenMC+CAAT	c/goblint-regression/28-race_reach_60-invariant_racefree.yml	1						false	OUT OF MEMORY:1			
GenMC+CAAT	c/goblint-regression/28-race_reach_61-invariant_racing.yml	1						false	OUT OF MEMORY:1			
GenMC+CAAT	c/goblint-regression/28-race_reach_70-funloop_racefree.yml	1						false	OUT OF MEMORY:1			
GenMC+CAAT	c/goblint-regression/28-race_reach_71-funloop_racing.yml	1						false	OUT OF MEMORY:1			
GenMC+CAAT	c/goblint-regression/28-race_reach_72-funloop_hard_racing.yml	1						false	OUT OF MEMORY:1			
GenMC+CAAT	c/goblint-regression/28-race_reach_73-funloop_hard_racefree.yml	1						false	OUT OF MEMORY:1			
GenMC+CAAT	c/goblint-regression/28-race_reach_74-tricky_address1_racefree.yml	1						true	true:1	1.48553383	1.47612597	25964544
GenMC+CAAT	c/goblint-regression/28-race_reach_75-tricky_address2_racefree.yml	1						true	true:1	1.49269609	1.48142666	25956352
GenMC+CAAT	c/goblint-regression/28-race_reach_76-tricky_address3_racefree.yml	1						true	true:1	1.48559459	1.4780099	25964544
GenMC+CAAT	c/goblint-regression/28-race_reach_77-tricky_address4_racing.yml	1						true	true:1	1.48538157	1.47776697	25956352
GenMC+CAAT	c/goblint-regression/28-race_reach_78-equ_racing.yml	1						false	OUT OF MEMORY:1			
GenMC+CAAT	c/goblint-regression/28-race_reach_79-equ_racefree.yml	1						false	OUT OF MEMORY:1			
GenMC+CAAT	c/goblint-regression/28-race_reach_81-list_racing.yml	1						false	OUT OF MEMORY:1			
GenMC+CAAT	c/goblint-regression/28-race_reach_82-list_racefree.yml	1						false	OUT OF MEMORY:1			
GenMC+CAAT	c/goblint-regression/28-race_reach_83-list2_racing1.yml	1						false	OUT OF MEMORY:1			
GenMC+CAAT	c/goblint-regression/28-race_reach_84-list2_racing2.yml	1						false	OUT OF MEMORY:1			
GenMC+CAAT	c/goblint-regression/28-race_reach_85-list2_racefree.yml	1						false	OUT OF MEMORY:1			
GenMC+CAAT	c/goblint-regression/28-race_reach_86-lists_racing.yml	1						true	true:1	23.9953483	23.8743972	745656320
GenMC+CAAT	c/goblint-regression/28-race_reach_87-lists_racefree.yml	1						true	true:1	20.2862176	20.2270295	743653376
GenMC+CAAT	c/goblint-regression/28-race_reach_90-arrayloop2_racing.yml	1						true	true:1	10.5550808	10.544407	98746368
GenMC+CAAT	c/goblint-regression/28-race_reach_91-arrayloop2_racefree.yml	1						true	true:1	3.54583974	3.5009441	55980032
GenMC+CAAT	c/goblint-regression/28-race_reach_92-evilcollapse_racing.yml	1						true	true:1	1.61188982	1.60142978	26169344
GenMC+CAAT	c/goblint-regression/28-race_reach_93-evilcollapse_racefree.yml	1						true	true:1	1.61834171	1.60694943	26144768
GenMC+CAAT	c/goblint-regression/28-race_reach_94-alloc_region_racing.yml	1						false	OUT OF MEMORY:1			
GenMC+CAAT	c/goblint-regression/36-apron_11-traces-max-simple_true.yml	1						true	true:1	0.109996258	0.061454744	25821184
GenMC+CAAT	c/goblint-regression/36-apron_16-traces-unprot2_true.yml	1						true	true:1	0.104586892	0.057893181	25710592
GenMC+CAAT	c/goblint-regression/36-apron_17-traces-rpb-litmus_unknown_1_neg.yml	1						true	false(unreach-call):1	0.094915559	0.063727656	25837568
GenMC+CAAT	c/goblint-regression/36-apron_17-traces-rpb-litmus_unknown_1_pos.yml	1						true	true:1	0.069621178	0.061968918	25825280
GenMC+CAAT	c/goblint-regression/36-apron_21-traces-cluster-based_true.yml	1						true	true:1	0.141419073	0.062544497	25956352
GenMC+CAAT	c/goblint-regression/36-apron_22-traces-write-centered-vs-meet-mutex_true_no-overflow.yml	1						true	true:1	0.137398739	0.0591403	25960448
GenMC+CAAT	c/goblint-regression/36-apron_41-threadenter-no-locals_unknown_1_neg.yml	1						true	true:1	0.105963196	0.057994058	25694208
GenMC+CAAT	c/goblint-regression/36-apron_41-threadenter-no-locals_unknown_1_pos.yml	1						true	false(unreach-call):1	0.109101798	0.059090504	25694208
GenMC+CAAT	c/ldv-linux-3.14-races/linux-3.14--drivers--media--platform--marvell-ccic--cafe_ccic.ko.cil-1.yml	1						false	ERROR (compilation):1			
GenMC+CAAT	c/ldv-linux-3.14-races/linux-3.14--drivers--media--platform--marvell-ccic--cafe_ccic.ko.cil-2.yml	1						false	SEGMENTATION FAULT:1			
GenMC+CAAT	c/ldv-linux-3.14-races/linux-3.14--drivers--net--irda--nsc-ircc.ko.cil.yml	1						false	TIMEOUT:1			
GenMC+CAAT	c/ldv-linux-3.14-races/linux-3.14--drivers--net--irda--w83977af_ir.ko.cil.yml	1						false	ABORTED:1			
GenMC+CAAT	c/ldv-linux-3.14-races/linux-3.14--drivers--spi--spi-tegra20-slink.ko.cil.yml	1						false	TIMEOUT:1			
GenMC+CAAT	c/ldv-linux-3.14-races/linux-3.14--drivers--usb--misc--adutux.ko.cil.yml	1						false	ABORTED:1			
GenMC+CAAT	c/ldv-races/race-1_1-join.yml	1						true	true:1	0.07137247	0.063175484	26091520
GenMC+CAAT	c/ldv-races/race-1_2-join.yml	1						true	false(unreach-call):1	0.076050019	0.070048917	26083328
GenMC+CAAT	c/ldv-races/race-1_3-join.yml	1						true	false(unreach-call):1	0.071872982	0.065032215	26087424
GenMC+CAAT	c/ldv-races/race-2_1-container_of.yml	1						true	true:1	0.074519855	0.067204861	26095616
GenMC+CAAT	c/ldv-races/race-2_2-container_of.yml	1						true	true:1	0.0767265329	0.067163232	26218496
GenMC+CAAT	c/ldv-races/race-2_3-container_of.yml	1						true	true:1	0.083989916	0.067454739	26173440
GenMC+CAAT	c/ldv-races/race-2_4-container_of.yml	1						true	true:1	0.075692905	0.0706908	26210304
GenMC+CAAT	c/ldv-races/race-2_5-container_of.yml	1						true	true:1	0.076227079	0.068042708	26226688
GenMC+CAAT	c/ldv-races/race-3_1-container_of-global.yml	1						true	true:1	0.076097502	0.065907522	26099712
GenMC+CAAT	c/ldv-races/race-3_2-container_of-global.yml	1						true	true:1	0.078207447	0.069225072	26218496
GenMC+CAAT	c/ldv-races/race-4_1-thread_local_vars.yml	1						true	true:1	0.077083639	0.071563681	26099712
GenMC+CAAT	c/libvsync/arraylock.yml	1						true	true:1	0.118492667	0.109492081	26873856
GenMC+CAAT	c/libvsync/bounded_mpmc_check_full.yml	1						true	true:1	0.126529194	0.117570313	26877952
GenMC+CAAT	c/libvsync/cnalock.yml	1						false	ERROR (unsupported property: invalid memory access):1			
GenMC+CAAT	c/libvsync/hclhlock.yml	1						false	ERROR (unsupported property: invalid memory access):1			
GenMC+CAAT	c/libvsync/hmcslock.yml	1						false	ERROR (unsupported property: invalid memory access):1			
GenMC+CAAT	c/libvsync/mcslock.yml	1						false	ERROR (unsupported property: invalid memory access):1			
GenMC+CAAT	c/libvsync/rec_mcslock.yml	1						false	ERROR (unsupported property: invalid memory access):1			
GenMC+CAAT	c/libvsync/rec_ticketlock.yml	1						false	OUT OF MEMORY:1			
GenMC+CAAT	c/libvsync/rwlock.yml	1						false	OUT OF MEMORY:1			
GenMC+CAAT	c/libvsync/semaphore.yml	1						true	true:1	5.57342087	5.52294887	26873856
GenMC+CAAT	c/libvsync/ticketlock.yml	1						false	OUT OF MEMORY:1			
GenMC+CAAT	c/libvsync/ttaslock.yml	1						false	OUT OF MEMORY:1			
GenMC+CAAT	c/pthread-C-DAC/pthread-demo-datarace-1.yml	1						false	TIMEOUT:1			
GenMC+CAAT	c/pthread-C-DAC/pthread-demo-datarace-3.yml	1						true	false(unreach-call):1	0.124739998	0.11798277	25935872
GenMC+CAAT	c/pthread-C-DAC/pthread-finding-k-matches.yml	1						true	true:1	2.14907369	2.14042887	169062400
GenMC+CAAT	c/pthread-C-DAC/pthread-numerical-integration.yml	1						true	true:1	0.077268811	0.069061597	26083328
GenMC+CAAT	c/pthread-atomic/dekker-unfair.yml	1						true	true:1	0.074715191	0.067126831	25825280
GenMC+CAAT	c/pthread-atomic/dekker.yml	1						true	true:1	0.077697968	0.068701637	25825280
GenMC+CAAT	c/pthread-atomic/lamport.yml	1						true	true:1	0.074399067	0.069537877	25882624
GenMC+CAAT	c/pthread-atomic/peterson.yml	1						true	true:1	0.075661267	0.07103905	25845760
GenMC+CAAT	c/pthread-atomic/read_write_lock-1.yml	1						true	true:1	0.0830713121	0.076664625	26087424
GenMC+CAAT	c/pthread-atomic/read_write_lock-2.yml	1						true	false(unreach-call):1	0.143450984	0.134973134	25952256
GenMC+CAAT	c/pthread-atomic/szymanski.yml	1						true	true:1	0.078334485	0.069084878	25808896
GenMC+CAAT	c/pthread-atomic/time_var_mutex.yml	1						true	true:1	0.0695901299	0.067127405	25997312
GenMC+CAAT	c/pthread-complex/bounded_buffer.yml	1						false	ERROR (compilation):1			
GenMC+CAAT	c/pthread-complex/elimination_backoff_stack.yml	1						true	true:1	26.1210012	26.0904201	26345472
GenMC+CAAT	c/pthread-complex/safestack_relacy.yml	1						false	TIMEOUT:1			
GenMC+CAAT	c/pthread-complex/workstealqueue_mutex-2.yml	1						false	ERROR (unsupported property: uninitialized memory):1			
GenMC+CAAT	c/pthread-deagle/arithmetic_prog_bad.yml	1						false	ERROR (compilation):1			
GenMC+CAAT	c/pthread-deagle/arithmetic_prog_ok.yml	1						false	ERROR (compilation):1			
GenMC+CAAT	c/pthread-deagle/circular_buffer_bad.yml	1						true	false(unreach-call):1	0.085225509	0.072810138	25980928
GenMC+CAAT	c/pthread-deagle/circular_buffer_ok.yml	1						true	true:1	5.09106826	5.0812732	25964544
GenMC+CAAT	c/pthread-divine/tls_basic.yml	1						false	ERROR (compilation):1			
GenMC+CAAT	c/pthread-divine/tls_destructor_worker.yml	1						false	ERROR (compilation):1			
GenMC+CAAT	c/pthread-driver-races/char_generic_nvram_nvram_unlocked_ioctl_write_nvram.yml	1						true	true:1	0.153317408	0.143189882	29229056
GenMC+CAAT	c/pthread-driver-races/char_generic_nvram_read_nvram_nvram_unlocked_ioctl.yml	1						true	true:1	0.154178966	0.148035719	29237248
GenMC+CAAT	c/pthread-driver-races/char_generic_nvram_read_nvram_write_nvram.yml	1						true	true:1	0.149143299	0.140899993	29212672
GenMC+CAAT	c/pthread-driver-races/char_pc8736x_gpio_pc8736x_gpio_change_pc8736x_gpio_configure.yml	1						true	true:1	0.15956676	0.151694375	29757440
GenMC+CAAT	c/pthread-driver-races/char_pc8736x_gpio_pc8736x_gpio_change_pc8736x_gpio_current.yml	1						true	true:1	0.16211049	0.154047911	29749248
GenMC+CAAT	c/pthread-driver-races/char_pc8736x_gpio_pc8736x_gpio_change_pc8736x_gpio_get.yml	1						true	true:1	0.157094083	0.148681943	29683712
GenMC+CAAT	c/pthread-driver-races/char_pc8736x_gpio_pc8736x_gpio_change_pc8736x_gpio_set.yml	1						true	true:1	0.156906248	0.147439964	29708288
GenMC+CAAT	c/pthread-driver-races/char_pc8736x_gpio_pc8736x_gpio_configure_pc8736x_gpio_current.yml	1						true	true:1	0.158383253	0.148879863	29757440
GenMC+CAAT	c/pthread-driver-races/char_pc8736x_gpio_pc8736x_gpio_configure_pc8736x_gpio_get.yml	1						true	true:1	0.158938004	0.15285263	29716480
GenMC+CAAT	c/pthread-driver-races/char_pc8736x_gpio_pc8736x_gpio_configure_pc8736x_gpio_set.yml	1						true	true:1	0.162202129	0.155564377	29757440
GenMC+CAAT	c/pthread-driver-races/char_pc8736x_gpio_pc8736x_gpio_current_pc8736x_gpio_get.yml	1						true	true:1	0.154282743	0.14567447	29761536
GenMC+CAAT	c/pthread-driver-races/char_pc8736x_gpio_pc8736x_gpio_current_pc8736x_gpio_set.yml	1						true	true:1	0.159949549	0.153732417	29757440
GenMC+CAAT	c/pthread-driver-races/char_pc8736x_gpio_pc8736x_gpio_get_pc8736x_gpio_set.yml	1						true	true:1	0.155610584	0.148049488	29757440
GenMC+CAAT	c/pthread-driver-races/char_pc8736x_gpio_pc8736x_gpio_open_pc8736x_gpio_change.yml	1						true	true:1	0.158539956	0.149391797	29749248
GenMC+CAAT	c/pthread-driver-races/char_pc8736x_gpio_pc8736x_gpio_open_pc8736x_gpio_configure.yml	1						true	true:1	0.158061926	0.148266378	29753344
GenMC+CAAT	c/pthread-driver-races/char_pc8736x_gpio_pc8736x_gpio_open_pc8736x_gpio_current.yml	1						true	true:1	0.15545851	0.147536695	29757440
GenMC+CAAT	c/pthread-driver-races/char_pc8736x_gpio_pc8736x_gpio_open_pc8736x_gpio_get.yml	1						true	true:1	0.16090711	0.155851907	29761536
GenMC+CAAT	c/pthread-driver-races/char_pc8736x_gpio_pc8736x_gpio_open_pc8736x_gpio_set.yml	1						true	true:1	0.155063131	0.147621065	29638656
GenMC+CAAT	c/pthread-ext/01b_inc.yml	1						true	true:1	0.077284569	0.071575735	25825280
GenMC+CAAT	c/pthread-ext/02_inc_cas.yml	1						true	true:1	0.082437607	0.075430337	25837568
GenMC+CAAT	c/pthread-ext/03_incdec.yml	1						true	true:1	0.078614203	0.074076502	25821184
GenMC+CAAT	c/pthread-ext/04_incdec_cas.yml	1						true	true:1	0.078673942	0.074193598	25956352
GenMC+CAAT	c/pthread-ext/08_rand_cas.yml	1						true	true:1	0.078128465	0.070265531	25960448
GenMC+CAAT	c/pthread-ext/09_fmaxsym-zero.yml	1						true	true:1	0.076767233	0.071321583	25767936
GenMC+CAAT	c/pthread-ext/09_fmaxsym.yml	1						true	true:1	0.072878115	0.066341189	25866240
GenMC+CAAT	c/pthread-ext/11_fmaxsymopt-zero.yml	1						true	true:1	0.076157389	0.06601915	25833472
GenMC+CAAT	c/pthread-ext/11_fmaxsymopt.yml	1						true	true:1	0.080062891	0.071868488	25812992
GenMC+CAAT	c/pthread-ext/14_spin2003.yml	1						true	true:1	0.069073509	0.061515646	25710592
GenMC+CAAT	c/pthread-ext/18_read_write_lock.yml	1						true	true:1	0.080670776	0.072802316	26058752
GenMC+CAAT	c/pthread-ext/25_stack.yml	1						false	TIMEOUT:1			
GenMC+CAAT	c/pthread-ext/25_stack_longer-1.yml	1						true	false(unreach-call):1	0.087483132	0.077259112	26132480
GenMC+CAAT	c/pthread-ext/25_stack_longer-2.yml	1						false	TIMEOUT:1			
GenMC+CAAT	c/pthread-ext/25_stack_longest-1.yml	1						false	TIMEOUT:1			
GenMC+CAAT	c/pthread-ext/25_stack_longest-2.yml	1						true	false(unreach-call):1	0.134669213	0.12637408	26083328
GenMC+CAAT	c/pthread-ext/26_stack_cas.yml	1						false	TIMEOUT:1			
GenMC+CAAT	c/pthread-ext/26_stack_cas_longer-1.yml	1						true	false(unreach-call):1	0.094355699	0.089027345	26181632
GenMC+CAAT	c/pthread-ext/26_stack_cas_longer-2.yml	1						false	TIMEOUT:1			
GenMC+CAAT	c/pthread-ext/26_stack_cas_longest-1.yml	1						true	false(unreach-call):1	0.143236861	0.136140017	26329088
GenMC+CAAT	c/pthread-ext/26_stack_cas_longest-2.yml	1						false	TIMEOUT:1			
GenMC+CAAT	c/pthread-ext/28_buggy_simple_loop1_vf.yml	1						false	TIMEOUT:1			
GenMC+CAAT	c/pthread-ext/29_conditionals_vs.yml	1						true	true:1	0.076607041	0.068962988	25829376
GenMC+CAAT	c/pthread-ext/31_simple_loop5_vs.yml	1						false	TIMEOUT:1			
GenMC+CAAT	c/pthread-ext/35_double_lock_p3_vs.yml	1						true	true:1	0.080436603	0.071689205	25821184
GenMC+CAAT	c/pthread-ext/36_stack_cas_p0_vs_concur.yml	1						true	true:1	0.085002289	0.076546824	26091520
GenMC+CAAT	c/pthread-ext/37_stack_lock_p0_vs_concur.yml	1						true	true:1	0.085186098	0.076540759	26095616
GenMC+CAAT	c/pthread-ext/39_rand_lock_p0_vs.yml	1						true	true:1	0.076288746	0.070742012	25829376
GenMC+CAAT	c/pthread-ext/40_barrier_vf.yml	1						false	ERROR (compilation):1			
GenMC+CAAT	c/pthread-ext/43_NetBSD_sysmon_power_sliced-pthread.yml	1						false	ERROR (compilation):1			
GenMC+CAAT	c/pthread-ext/43_NetBSD_sysmon_power_sliced.yml	1						true	true:1	0.087516609	0.078590073	25964544
GenMC+CAAT	c/pthread-ext/45_monabsex1_vs.yml	1						true	true:1	0.071954886	0.065867631	25808896
GenMC+CAAT	c/pthread-ext/46_monabsex2_vs.yml	1						true	true:1	0.075395201	0.06955153	25772032
GenMC+CAAT	c/pthread-ext/48_ticket_lock_low_contention_vs-pthread.yml	1						true	true:1	0.074923592	0.067299963	25829376
GenMC+CAAT	c/pthread-ext/48_ticket_lock_low_contention_vs.yml	1						true	true:1	0.078214095	0.069661407	25825280
GenMC+CAAT	c/pthread-lit/qw2004-2b.yml	1						true	false(unreach-call):1	0.085946815	0.079494463	25821184
GenMC+CAAT	c/pthread-lit/sssc12.yml	1						true	true:1	0.071915627	0.063211075	25960448
GenMC+CAAT	c/pthread-lit/sssc12_variant.yml	1						true	true:1	0.069277598	0.065321198	25952256
GenMC+CAAT	c/pthread-race-challenges/thread-local-pthread-value.yml	1						false	ERROR (compilation):1			
GenMC+CAAT	c/pthread-race-challenges/thread-local-value-dynamic.yml	1						true	true:1	0.088098368	0.062059814	25956352
GenMC+CAAT	c/pthread-race-challenges/thread-local-value.yml	1						true	true:1	0.06891597	0.061766208	25829376
GenMC+CAAT	c/pthread-theta/exponential-4.yml	1						false	TIMEOUT:1			
GenMC+CAAT	c/pthread-theta/exponential-64.yml	1						false	TIMEOUT:1			
GenMC+CAAT	c/pthread-theta/exponential-nondet.yml	1						true	true:1	0.076212235	0.069999972	25952256
GenMC+CAAT	c/pthread-theta/unwind1-1.yml	1						true	true:1	0.074731347	0.067175302	25956352
GenMC+CAAT	c/pthread-theta/unwind1-100.yml	1						true	true:1	0.074081377	0.066582847	25890816
GenMC+CAAT	c/pthread-theta/unwind1-nondet.yml	1						true	true:1	0.075354176	0.069261359	25952256
GenMC+CAAT	c/pthread-theta/unwind2-1.yml	1						true	false(unreach-call):1	0.076726465	0.068888692	25960448
GenMC+CAAT	c/pthread-theta/unwind2-100.yml	1						true	false(unreach-call):1	0.076364789	0.068993295	25964544
GenMC+CAAT	c/pthread-theta/unwind2-nondet.yml	1						true	true:1	0.075568948	0.067894614	25952256
GenMC+CAAT	c/pthread-theta/unwind3-1.yml	1						true	false(unreach-call):1	0.076229831	0.067636512	25956352
GenMC+CAAT	c/pthread-theta/unwind3-100.yml	1						false	TIMEOUT:1			
GenMC+CAAT	c/pthread-theta/unwind3-nondet.yml	1						true	true:1	0.075693995	0.067854971	25956352
GenMC+CAAT	c/pthread-theta/wsc.yml	1						true	true:1	0.095342018	0.088793596	25960448
GenMC+CAAT	c/pthread-wmm/mix000.oepc.yml	1						true	false(unreach-call):1	0.296446836	0.293558865	26230784
GenMC+CAAT	c/pthread-wmm/mix000.opt.yml	1						true	false(unreach-call):1	3.60832988	3.59435734	26218496
GenMC+CAAT	c/pthread-wmm/mix001.oepc.yml	1						false	TIMEOUT:1			
GenMC+CAAT	c/pthread-wmm/mix001.opt.yml	1						false	TIMEOUT:1			
GenMC+CAAT	c/pthread-wmm/mix002.oepc.yml	1						false	TIMEOUT:1			
GenMC+CAAT	c/pthread-wmm/mix002.opt.yml	1						false	TIMEOUT:1			
GenMC+CAAT	c/pthread-wmm/mix003.oepc.yml	1						false	TIMEOUT:1			
GenMC+CAAT	c/pthread-wmm/mix003_power.opt_pso.opt_rmo.opt_tso.opt.yml	1						false	TIMEOUT:1			
GenMC+CAAT	c/pthread-wmm/mix004.oepc.yml	1						false	TIMEOUT:1			
GenMC+CAAT	c/pthread-wmm/mix004.opt.yml	1						false	TIMEOUT:1			
GenMC+CAAT	c/pthread-wmm/mix005.opt.yml	1						false	TIMEOUT:1			
GenMC+CAAT	c/pthread-wmm/mix005_power.oepc_pso.oepc_rmo.oepc.yml	1						false	TIMEOUT:1			
GenMC+CAAT	c/pthread-wmm/mix005_tso.oepc.yml	1						false	TIMEOUT:1			
GenMC+CAAT	c/pthread-wmm/mix006.opt.yml	1						false	TIMEOUT:1			
GenMC+CAAT	c/pthread-wmm/mix006_power.oepc_pso.oepc_rmo.oepc.yml	1						false	TIMEOUT:1			
GenMC+CAAT	c/pthread-wmm/mix006_tso.oepc.yml	1						false	TIMEOUT:1			
GenMC+CAAT	c/pthread-wmm/mix007.oepc.yml	1						false	TIMEOUT:1			
GenMC+CAAT	c/pthread-wmm/mix007.opt.yml	1						false	TIMEOUT:1			
GenMC+CAAT	c/pthread-wmm/mix008.opt.yml	1						false	TIMEOUT:1			
GenMC+CAAT	c/pthread-wmm/mix008_power.oepc_pso.oepc_rmo.oepc.yml	1						false	TIMEOUT:1			
GenMC+CAAT	c/pthread-wmm/mix008_tso.oepc.yml	1						false	TIMEOUT:1			
GenMC+CAAT	c/pthread-wmm/mix009.oepc.yml	1						true	false(unreach-call):1	0.239903428	0.231271987	26222592
GenMC+CAAT	c/pthread-wmm/mix009.opt.yml	1						true	false(unreach-call):1	7.43136974	7.40285046	26214400
GenMC+CAAT	c/pthread-wmm/mix010.oepc.yml	1						false	TIMEOUT:1			
GenMC+CAAT	c/pthread-wmm/mix010.opt.yml	1						false	TIMEOUT:1			
GenMC+CAAT	c/pthread-wmm/mix011.opt.yml	1						false	TIMEOUT:1			
GenMC+CAAT	c/pthread-wmm/mix011_power.oepc_pso.oepc_rmo.oepc.yml	1						false	TIMEOUT:1			
GenMC+CAAT	c/pthread-wmm/mix011_tso.oepc.yml	1						false	TIMEOUT:1			
GenMC+CAAT	c/pthread-wmm/mix012_power.oepc_power.opt_pso.oepc_rmo.oepc_rmo.opt_tso.oepc.yml	1						true	false(unreach-call):1	0.22616572	0.218127508	26095616
GenMC+CAAT	c/pthread-wmm/mix012_pso.opt_tso.opt.yml	1						true	false(unreach-call):1	1.58878828	1.57906019	26218496
GenMC+CAAT	c/pthread-wmm/mix013.oepc.yml	1						false	TIMEOUT:1			
GenMC+CAAT	c/pthread-wmm/mix013.opt.yml	1						false	TIMEOUT:1			
GenMC+CAAT	c/pthread-wmm/mix014.opt.yml	1						false	TIMEOUT:1			
GenMC+CAAT	c/pthread-wmm/mix014_power.oepc_pso.oepc_rmo.oepc.yml	1						false	TIMEOUT:1			
GenMC+CAAT	c/pthread-wmm/mix014_tso.oepc.yml	1						false	TIMEOUT:1			
GenMC+CAAT	c/pthread-wmm/mix015.oepc.yml	1						true	false(unreach-call):1	46.3911239	46.2547189	26226688
GenMC+CAAT	c/pthread-wmm/mix015.opt.yml	1						false	TIMEOUT:1			
GenMC+CAAT	c/pthread-wmm/mix016.oepc.yml	1						true	false(unreach-call):1	42.435344	42.3821197	26214400
GenMC+CAAT	c/pthread-wmm/mix016_power.opt_rmo.opt.yml	1						false	TIMEOUT:1			
GenMC+CAAT	c/pthread-wmm/mix016_pso.opt_tso.opt.yml	1						false	TIMEOUT:1			
GenMC+CAAT	c/pthread-wmm/mix017.oepc.yml	1						false	TIMEOUT:1			
GenMC+CAAT	c/pthread-wmm/mix017_power.opt_rmo.opt.yml	1						false	TIMEOUT:1			
GenMC+CAAT	c/pthread-wmm/mix017_pso.opt_tso.opt.yml	1						false	TIMEOUT:1			
GenMC+CAAT	c/pthread-wmm/mix018.opt.yml	1						false	TIMEOUT:1			
GenMC+CAAT	c/pthread-wmm/mix018_power.oepc_pso.oepc_rmo.oepc.yml	1						false	TIMEOUT:1			
GenMC+CAAT	c/pthread-wmm/mix018_tso.oepc.yml	1						false	TIMEOUT:1			
GenMC+CAAT	c/pthread-wmm/mix019.opt.yml	1						false	TIMEOUT:1			
GenMC+CAAT	c/pthread-wmm/mix019_power.oepc_pso.oepc_rmo.oepc.yml	1						true	false(unreach-call):1	41.8515982	41.764546	26238976
GenMC+CAAT	c/pthread-wmm/mix019_tso.oepc.yml	1						false	TIMEOUT:1			
GenMC+CAAT	c/pthread-wmm/mix020.oepc.yml	1						false	TIMEOUT:1			
GenMC+CAAT	c/pthread-wmm/mix020.opt.yml	1						false	TIMEOUT:1			
GenMC+CAAT	c/pthread-wmm/mix021.opt.yml	1						false	TIMEOUT:1			
GenMC+CAAT	c/pthread-wmm/mix021_power.oepc_pso.oepc_rmo.oepc.yml	1						false	TIMEOUT:1			
GenMC+CAAT	c/pthread-wmm/mix021_tso.oepc.yml	1						false	TIMEOUT:1			
GenMC+CAAT	c/pthread-wmm/mix022_power.oepc_power.opt_pso.oepc_pso.opt_rmo.oepc_rmo.opt.yml	1						true	false(unreach-call):1	0.211923814	0.205491553	26222592
GenMC+CAAT	c/pthread-wmm/mix022_tso.yml	1						true	false(unreach-call):1	1.41121439	1.40034024	26345472
GenMC+CAAT	c/pthread-wmm/mix023_power.oepc_pso.oepc_rmo.oepc.yml	1						false	TIMEOUT:1			
GenMC+CAAT	c/pthread-wmm/mix023_power.opt_pso.opt_rmo.opt.yml	1						false	TIMEOUT:1			
GenMC+CAAT	c/pthread-wmm/mix023_tso.yml	1						false	TIMEOUT:1			
GenMC+CAAT	c/pthread-wmm/mix024_power.oepc_pso.oepc_rmo.oepc_tso.oepc_tso.opt.yml	1						true	false(unreach-call):1	45.7428632	45.61612	26218496
GenMC+CAAT	c/pthread-wmm/mix024_power.opt_pso.opt_rmo.opt.yml	1						false	TIMEOUT:1			
GenMC+CAAT	c/pthread-wmm/mix025_power.oepc_power.opt_pso.oepc_rmo.oepc_tso.oepc_tso.opt.yml	1						true	false(unreach-call):1	41.727018	41.6022996	26218496
GenMC+CAAT	c/pthread-wmm/mix025_pso.opt_rmo.opt.yml	1						false	TIMEOUT:1			
GenMC+CAAT	c/pthread-wmm/mix026.oepc.yml	1						false	TIMEOUT:1			
GenMC+CAAT	c/pthread-wmm/mix026_power.opt_tso.opt.yml	1						false	TIMEOUT:1			
GenMC+CAAT	c/pthread-wmm/mix026_pso.opt_rmo.opt.yml	1						false	TIMEOUT:1			
GenMC+CAAT	c/pthread-wmm/mix027_power.oepc_pso.oepc_rmo.oepc.yml	1						false	TIMEOUT:1			
GenMC+CAAT	c/pthread-wmm/mix027_power.opt_pso.opt_rmo.opt.yml	1						false	TIMEOUT:1			
GenMC+CAAT	c/pthread-wmm/mix027_tso.yml	1						false	TIMEOUT:1			
GenMC+CAAT	c/pthread-wmm/mix028_power.oepc_pso.oepc_rmo.oepc.yml	1						true	false(unreach-call):1	41.1554234	41.1042069	26238976
GenMC+CAAT	c/pthread-wmm/mix028_power.opt_pso.opt_rmo.opt.yml	1						false	TIMEOUT:1			
GenMC+CAAT	c/pthread-wmm/mix028_tso.yml	1						false	TIMEOUT:1			
GenMC+CAAT	c/pthread-wmm/mix029_power.oepc_pso.oepc_rmo.oepc_tso.oepc_tso.opt.yml	1						false	TIMEOUT:1			
GenMC+CAAT	c/pthread-wmm/mix029_power.opt_pso.opt_rmo.opt.yml	1						false	TIMEOUT:1			
GenMC+CAAT	c/pthread-wmm/mix030_power.oepc_pso.oepc_rmo.oepc.yml	1						false	TIMEOUT:1			
GenMC+CAAT	c/pthread-wmm/mix030_power.opt_pso.opt_rmo.opt.yml	1						false	TIMEOUT:1			
GenMC+CAAT	c/pthread-wmm/mix030_tso.yml	1						false	TIMEOUT:1			
GenMC+CAAT	c/pthread-wmm/mix031.oepc.yml	1						true	false(unreach-call):1	0.341280647	0.332517833	26083328
GenMC+CAAT	c/pthread-wmm/mix031.opt.yml	1						true	false(unreach-call):1	12.5871185	12.5515288	26083328
GenMC+CAAT	c/pthread-wmm/mix032.oepc.yml	1						false	TIMEOUT:1			
GenMC+CAAT	c/pthread-wmm/mix032.opt.yml	1						false	TIMEOUT:1			
GenMC+CAAT	c/pthread-wmm/mix033.opt.yml	1						false	TIMEOUT:1			
GenMC+CAAT	c/pthread-wmm/mix033_power.oepc_pso.oepc_rmo.oepc.yml	1						false	TIMEOUT:1			
GenMC+CAAT	c/pthread-wmm/mix033_tso.oepc.yml	1						false	TIMEOUT:1			
GenMC+CAAT	c/pthread-wmm/mix034_power.oepc_power.opt_pso.oepc_rmo.oepc_rmo.opt_tso.oepc.yml	1						true	false(unreach-call):1	0.310576101	0.304309232	26222592
GenMC+CAAT	c/pthread-wmm/mix034_pso.opt_tso.opt.yml	1						true	false(unreach-call):1	2.23618869	2.21786393	26087424
GenMC+CAAT	c/pthread-wmm/mix035.oepc.yml	1						false	TIMEOUT:1			
GenMC+CAAT	c/pthread-wmm/mix035_power.opt_rmo.opt.yml	1						false	TIMEOUT:1			
GenMC+CAAT	c/pthread-wmm/mix035_pso.opt_tso.opt.yml	1						false	TIMEOUT:1			
GenMC+CAAT	c/pthread-wmm/mix036.oepc.yml	1						false	TIMEOUT:1			
GenMC+CAAT	c/pthread-wmm/mix036_power.opt_rmo.opt.yml	1						false	TIMEOUT:1			
GenMC+CAAT	c/pthread-wmm/mix036_pso.opt_tso.opt.yml	1						false	TIMEOUT:1			
GenMC+CAAT	c/pthread-wmm/mix037.opt.yml	1						false	TIMEOUT:1			
GenMC+CAAT	c/pthread-wmm/mix037_power.oepc_pso.oepc_rmo.oepc.yml	1						false	TIMEOUT:1			
GenMC+CAAT	c/pthread-wmm/mix037_tso.oepc.yml	1						false	TIMEOUT:1			
GenMC+CAAT	c/pthread-wmm/mix038.opt.yml	1						false	TIMEOUT:1			
GenMC+CAAT	c/pthread-wmm/mix038_power.oepc_pso.oepc_rmo.oepc.yml	1						false	TIMEOUT:1			
GenMC+CAAT	c/pthread-wmm/mix038_tso.oepc.yml	1						false	TIMEOUT:1			
GenMC+CAAT	c/pthread-wmm/mix039.oepc.yml	1						false	TIMEOUT:1			
GenMC+CAAT	c/pthread-wmm/mix039.opt.yml	1						false	TIMEOUT:1			
GenMC+CAAT	c/pthread-wmm/mix040.opt.yml	1						false	TIMEOUT:1			
GenMC+CAAT	c/pthread-wmm/mix040_power.oepc_pso.oepc_rmo.oepc.yml	1						false	TIMEOUT:1			
GenMC+CAAT	c/pthread-wmm/mix040_tso.oepc.yml	1						false	TIMEOUT:1			
GenMC+CAAT	c/pthread-wmm/mix041_power.oepc_pso.oepc_rmo.oepc.yml	1						true	false(unreach-call):1	0.308601226	0.301591669	26214400
GenMC+CAAT	c/pthread-wmm/mix041_power.opt_pso.opt_rmo.opt_tso.oepc_tso.opt.yml	1						true	false(unreach-call):1	1.85104194	1.83914954	26189824
GenMC+CAAT	c/pthread-wmm/mix042.oepc.yml	1						false	TIMEOUT:1			
GenMC+CAAT	c/pthread-wmm/mix042.opt.yml	1						false	TIMEOUT:1			
GenMC+CAAT	c/pthread-wmm/mix043.oepc.yml	1						false	TIMEOUT:1			
GenMC+CAAT	c/pthread-wmm/mix043.opt.yml	1						false	TIMEOUT:1			
GenMC+CAAT	c/pthread-wmm/mix044.opt.yml	1						false	TIMEOUT:1			
GenMC+CAAT	c/pthread-wmm/mix044_power.oepc_pso.oepc_rmo.oepc.yml	1						false	TIMEOUT:1			
GenMC+CAAT	c/pthread-wmm/mix044_tso.oepc.yml	1						false	TIMEOUT:1			
GenMC+CAAT	c/pthread-wmm/mix045_power.oepc_pso.oepc_rmo.oepc.yml	1						false	TIMEOUT:1			
GenMC+CAAT	c/pthread-wmm/mix045_power.opt_pso.opt_rmo.opt_tso.oepc_tso.opt.yml	1						false	TIMEOUT:1			
GenMC+CAAT	c/pthread-wmm/mix046.oepc.yml	1						false	TIMEOUT:1			
GenMC+CAAT	c/pthread-wmm/mix046.opt.yml	1						false	TIMEOUT:1			
GenMC+CAAT	c/pthread-wmm/mix047_power.oepc_pso.oepc_rmo.oepc.yml	1						false	TIMEOUT:1			
GenMC+CAAT	c/pthread-wmm/mix047_power.opt_pso.opt_rmo.opt_tso.oepc_tso.opt.yml	1						false	TIMEOUT:1			
GenMC+CAAT	c/pthread-wmm/mix048_power.oepc_power.opt_pso.oepc_pso.opt_rmo.oepc_rmo.opt_tso.oepc_tso.opt-podwr000_power.oepc_power.opt_pso.oepc_pso.opt_rmo.oepc_rmo.opt_tso.oepc_tso.opt.yml	1						true	false(unreach-call):1	0.157617608	0.151253023	26218496
GenMC+CAAT	c/pthread-wmm/mix049_power.oepc_power.opt_pso.oepc_pso.opt_rmo.oepc_rmo.opt_tso.oepc_tso.opt-podwr001_power.oepc_power.opt_pso.oepc_pso.opt_rmo.oepc_rmo.opt_tso.oepc_tso.opt.yml	1						true	false(unreach-call):1	19.023516	18.9979461	26230784
GenMC+CAAT	c/pthread-wmm/mix050.yml	1						false	TIMEOUT:1			
GenMC+CAAT	c/pthread-wmm/mix051_power.oepc_power.opt_pso.oepc_rmo.oepc.yml	1						false	TIMEOUT:1			
GenMC+CAAT	c/pthread-wmm/mix051_pso.opt_rmo.opt_tso.opt.yml	1						false	TIMEOUT:1			
GenMC+CAAT	c/pthread-wmm/mix051_tso.oepc.yml	1						false	TIMEOUT:1			
GenMC+CAAT	c/pthread-wmm/mix052_power.oepc_power.opt_pso.oepc_rmo.oepc.yml	1						true	false(unreach-call):1	18.7142836	18.6860818	26214400
GenMC+CAAT	c/pthread-wmm/mix052_pso.opt_rmo.opt_tso.opt.yml	1						false	TIMEOUT:1			
GenMC+CAAT	c/pthread-wmm/mix052_tso.oepc.yml	1						false	TIMEOUT:1			
GenMC+CAAT	c/pthread-wmm/mix053.opt.yml	1						false	TIMEOUT:1			
GenMC+CAAT	c/pthread-wmm/mix053_power.oepc_pso.oepc_rmo.oepc.yml	1						false	TIMEOUT:1			
GenMC+CAAT	c/pthread-wmm/mix053_tso.oepc.yml	1						false	TIMEOUT:1			
GenMC+CAAT	c/pthread-wmm/mix054_power.oepc_power.opt_pso.oepc_rmo.oepc.yml	1						true	false(unreach-call):1	0.157986525	0.149161448	26095616
GenMC+CAAT	c/pthread-wmm/mix054_pso.opt_rmo.opt_tso.oepc_tso.opt.yml	1						true	false(unreach-call):1	0.445448659	0.435949136	26218496
GenMC+CAAT	c/pthread-wmm/mix055.opt.yml	1						false	TIMEOUT:1			
GenMC+CAAT	c/pthread-wmm/mix055_power.oepc_pso.oepc_rmo.oepc.yml	1						false	TIMEOUT:1			
GenMC+CAAT	c/pthread-wmm/mix055_tso.oepc.yml	1						false	TIMEOUT:1			
GenMC+CAAT	c/pthread-wmm/mix056_power.oepc_pso.oepc_rmo.oepc.yml	1						true	false(unreach-call):1	18.5124847	18.4657635	26230784
GenMC+CAAT	c/pthread-wmm/mix056_power.opt_pso.opt_rmo.opt_tso.oepc_tso.opt.yml	1						false	TIMEOUT:1			
GenMC+CAAT	c/pthread-wmm/mix057_power.oepc_pso.oepc_rmo.oepc.yml	1						false	TIMEOUT:1			
GenMC+CAAT	c/pthread-wmm/mix057_power.opt_pso.opt_rmo.opt_tso.oepc_tso.opt.yml	1						false	TIMEOUT:1			
GenMC+CAAT	c/pthread-wmm/rfi000_power.oepc_pso.oepc_rmo.oepc.yml	1						true	false(unreach-call):1	0.345340907	0.336549994	26476544
GenMC+CAAT	c/pthread-wmm/rfi000_power.opt_pso.opt_rmo.opt.yml	1						true	false(unreach-call):1	1.82692729	1.81907138	26202112
GenMC+CAAT	c/pthread-wmm/rfi000_tso.yml	1						true	true:1	3.98803813	3.97769028	26480640
GenMC+CAAT	c/pthread-wmm/rfi001_power.oepc_pso.oepc_rmo.oepc.yml	1						true	false(unreach-call):1	0.310898258	0.303801597	26222592
GenMC+CAAT	c/pthread-wmm/rfi001_power.opt_pso.opt_rmo.opt_tso.oepc_tso.opt.yml	1						true	false(unreach-call):1	1.84917276	1.83887281	26226688
GenMC+CAAT	c/pthread-wmm/rfi002_power.oepc_power.opt_pso.oepc_pso.opt_rmo.oepc_rmo.opt.yml	1						true	true:1	12.0976473	12.0505944	26476544
GenMC+CAAT	c/pthread-wmm/rfi002_tso.yml	1						true	true:1	18.7027831	18.6826733	26607616
GenMC+CAAT	c/pthread-wmm/rfi003_power.oepc_power.opt_pso.oepc_pso.opt_rmo.oepc_rmo.opt.yml	1						true	false(unreach-call):1	5.37204644	5.33380652	26087424
GenMC+CAAT	c/pthread-wmm/rfi003_tso.yml	1						true	true:1	12.0655765	12.0029931	26480640
GenMC+CAAT	c/pthread-wmm/rfi004.yml	1						true	false(unreach-call):1	5.43700892	5.41767049	26083328
GenMC+CAAT	c/pthread-wmm/rfi005.yml	1						true	false(unreach-call):1	0.082731006	0.07718348	26476544
GenMC+CAAT	c/pthread-wmm/rfi006_power.oepc.yml	1						true	false(unreach-call):1	0.089138181	0.081653222	26361856
GenMC+CAAT	c/pthread-wmm/rfi006_power.opt.yml	1						true	false(unreach-call):1	0.091138897	0.083971434	26382336
GenMC+CAAT	c/pthread-wmm/rfi006_pso.oepc_pso.opt_tso.oepc_tso.opt.yml	1						false	TIMEOUT:1			
GenMC+CAAT	c/pthread-wmm/rfi006_rmo.yml	1						true	false(unreach-call):1	0.101925029	0.093780235	26218496
GenMC+CAAT	c/pthread-wmm/rfi007_power.oepc_power.opt_pso.oepc_pso.opt_rmo.oepc_rmo.opt.yml	1						true	false(unreach-call):1	0.218904025	0.212999487	26157056
GenMC+CAAT	c/pthread-wmm/rfi007_tso.yml	1						true	false(unreach-call):1	1.41400981	1.40422693	26353664
GenMC+CAAT	c/pthread-wmm/rfi008.oepc.yml	1						true	false(unreach-call):1	0.294365242	0.285627193	26234880
GenMC+CAAT	c/pthread-wmm/rfi008.opt.yml	1						true	false(unreach-call):1	3.59982614	3.58904277	26222592
GenMC+CAAT	c/pthread-wmm/rfi009_power.oepc.yml	1						true	false(unreach-call):1	0.089961787	0.082346136	26349568
GenMC+CAAT	c/pthread-wmm/rfi009_power.opt_pso.oepc_pso.opt_rmo.opt_tso.oepc_tso.opt.yml	1						false	TIMEOUT:1			
GenMC+CAAT	c/pthread-wmm/rfi009_rmo.oepc.yml	1						true	false(unreach-call):1	0.099965136	0.094091792	26349568
GenMC+CAAT	c/pthread-wmm/rfi010.yml	1						true	false(unreach-call):1	3.51854029	3.50679648	26218496
GenMC+CAAT	c/pthread-wmm/safe000_power.oepc.yml	1						true	false(unreach-call):1	0.095744811	0.087652835	26624000
GenMC+CAAT	c/pthread-wmm/safe000_power.opt.yml	1						false	TIMEOUT:1			
GenMC+CAAT	c/pthread-wmm/safe000_pso.oepc_pso.opt_tso.oepc_tso.opt.yml	1						false	TIMEOUT:1			
GenMC+CAAT	c/pthread-wmm/safe000_rmo.yml	1						true	false(unreach-call):1	0.101750602	0.079768683	26476544
GenMC+CAAT	c/pthread-wmm/safe001_power.oepc.yml	1						true	false(unreach-call):1	0.098227737	0.091890855	26611712
GenMC+CAAT	c/pthread-wmm/safe001_power.opt_pso.oepc_pso.opt_rmo.opt.yml	1						false	TIMEOUT:1			
GenMC+CAAT	c/pthread-wmm/safe001_rmo.oepc.yml	1						true	false(unreach-call):1	0.093507351	0.080715516	26488832
GenMC+CAAT	c/pthread-wmm/safe001_tso.yml	1						false	TIMEOUT:1			
GenMC+CAAT	c/pthread-wmm/safe002_power.oepc.yml	1						true	false(unreach-call):1	0.097141709	0.088706533	26546176
GenMC+CAAT	c/pthread-wmm/safe002_power.opt_pso.oepc_pso.opt_rmo.opt.yml	1						false	TIMEOUT:1			
GenMC+CAAT	c/pthread-wmm/safe002_rmo.oepc.yml	1						true	false(unreach-call):1	0.09153266	0.083738051	26480640
GenMC+CAAT	c/pthread-wmm/safe002_tso.yml	1						false	TIMEOUT:1			
GenMC+CAAT	c/pthread-wmm/safe003_power.oepc_pso.oepc_pso.opt_rmo.oepc_rmo.opt.yml	1						true	false(unreach-call):1	22.7829502	22.6964207	26488832
GenMC+CAAT	c/pthread-wmm/safe003_power.opt.yml	1						false	TIMEOUT:1			
GenMC+CAAT	c/pthread-wmm/safe003_tso.yml	1						false	TIMEOUT:1			
GenMC+CAAT	c/pthread-wmm/safe004_power.oepc_pso.oepc_rmo.oepc.yml	1						true	false(unreach-call):1	22.4646078	22.3621719	26476544
GenMC+CAAT	c/pthread-wmm/safe004_power.opt_pso.opt_rmo.opt.yml	1						false	TIMEOUT:1			
GenMC+CAAT	c/pthread-wmm/safe004_tso.yml	1						false	TIMEOUT:1			
GenMC+CAAT	c/pthread-wmm/safe005_power.oepc_power.opt_pso.oepc_pso.opt_rmo.oepc_rmo.opt.yml	1						false	TIMEOUT:1			
GenMC+CAAT	c/pthread-wmm/safe005_tso.yml	1						false	TIMEOUT:1			
GenMC+CAAT	c/pthread-wmm/safe006_power.oepc-thin000_power.oepc.yml	1						true	false(unreach-call):1	0.090431346	0.082762702	26222592
GenMC+CAAT	c/pthread-wmm/safe006_power.opt-thin000_power.opt.yml	1						true	false(unreach-call):1	0.678837311	0.669368671	26349568
GenMC+CAAT	c/pthread-wmm/safe006_pso.oepc_pso.opt_tso.oepc_tso.opt-thin000_pso.oepc_pso.opt_tso.oepc_tso.opt.yml	1						true	true:1	0.254738696	0.247835582	25952256
GenMC+CAAT	c/pthread-wmm/safe006_rmo.oepc_rmo.opt-thin000_rmo.oepc_rmo.opt.yml	1						true	false(unreach-call):1	0.087896403	0.08028409	26218496
GenMC+CAAT	c/pthread-wmm/safe007_power.oepc-thin001_power.oepc.yml	1						true	false(unreach-call):1	0.091192759	0.082431653	26226688
GenMC+CAAT	c/pthread-wmm/safe007_power.opt-thin001_power.opt.yml	1						false	TIMEOUT:1			
GenMC+CAAT	c/pthread-wmm/safe007_pso.oepc_pso.opt_tso.oepc_tso.opt-thin001_pso.oepc_pso.opt_tso.oepc_tso.opt.yml	1						false	TIMEOUT:1			
GenMC+CAAT	c/pthread-wmm/safe007_rmo.oepc_rmo.opt-thin001_rmo.oepc_rmo.opt.yml	1						true	false(unreach-call):1	0.092847936	0.083947238	26218496
GenMC+CAAT	c/pthread-wmm/safe008_power.oepc_pso.oepc_pso.opt_rmo.oepc_rmo.opt.yml	1						true	false(unreach-call):1	13.8871835	13.8643234	26226688
GenMC+CAAT	c/pthread-wmm/safe008_power.opt.yml	1						false	TIMEOUT:1			
GenMC+CAAT	c/pthread-wmm/safe008_tso.yml	1						false	TIMEOUT:1			
GenMC+CAAT	c/pthread-wmm/safe009_power.oepc.yml	1						true	false(unreach-call):1	0.089932028	0.085463765	26476544
GenMC+CAAT	c/pthread-wmm/safe009_power.opt.yml	1						false	TIMEOUT:1			
GenMC+CAAT	c/pthread-wmm/safe009_pso.oepc_pso.opt_tso.oepc_tso.opt.yml	1						true	true:1	57.1956167	57.1117025	25952256
GenMC+CAAT	c/pthread-wmm/safe009_rmo.oepc.yml	1						true	false(unreach-call):1	0.097097167	0.092167242	26345472
GenMC+CAAT	c/pthread-wmm/safe009_rmo.opt.yml	1						false	TIMEOUT:1			
GenMC+CAAT	c/pthread-wmm/safe010_power.oepc_power.opt_pso.oepc_pso.opt_rmo.oepc_rmo.opt.yml	1						true	false(unreach-call):1	0.135070216	0.125667203	26214400
GenMC+CAAT	c/pthread-wmm/safe010_tso.yml	1						true	true:1	0.252692164	0.247279102	25833472
GenMC+CAAT	c/pthread-wmm/safe011_power.oepc_pso.oepc_rmo.oepc_rmo.opt.yml	1						true	false(unreach-call):1	13.7261278	13.6583555	26226688
GenMC+CAAT	c/pthread-wmm/safe011_power.opt_pso.opt.yml	1						false	TIMEOUT:1			
GenMC+CAAT	c/pthread-wmm/safe011_tso.yml	1						false	TIMEOUT:1			
GenMC+CAAT	c/pthread-wmm/safe012_power.oepc.yml	1						true	false(unreach-call):1	0.09359324	0.087939319	26218496
GenMC+CAAT	c/pthread-wmm/safe012_power.opt.yml	1						false	TIMEOUT:1			
GenMC+CAAT	c/pthread-wmm/safe012_pso.oepc_pso.opt_rmo.opt.yml	1						false	TIMEOUT:1			
GenMC+CAAT	c/pthread-wmm/safe012_rmo.oepc.yml	1						true	false(unreach-call):1	0.093266666	0.08679591	26214400
GenMC+CAAT	c/pthread-wmm/safe012_tso.yml	1						false	TIMEOUT:1			
GenMC+CAAT	c/pthread-wmm/safe013_power.oepc_power.opt_pso.oepc_pso.opt_rmo.oepc_rmo.opt.yml	1						false	TIMEOUT:1			
GenMC+CAAT	c/pthread-wmm/safe013_tso.yml	1						false	TIMEOUT:1			
GenMC+CAAT	c/pthread-wmm/safe014_power.oepc.yml	1						true	false(unreach-call):1	0.093770187	0.085189411	26210304
GenMC+CAAT	c/pthread-wmm/safe014_power.opt.yml	1						true	false(unreach-call):1	0.094531925	0.086481171	26210304
GenMC+CAAT	c/pthread-wmm/safe014_pso.oepc_pso.opt_tso.oepc_tso.opt.yml	1						false	TIMEOUT:1			
GenMC+CAAT	c/pthread-wmm/safe014_rmo.oepc.yml	1						true	false(unreach-call):1	0.092678285	0.083912581	26218496
GenMC+CAAT	c/pthread-wmm/safe014_rmo.opt.yml	1						false	TIMEOUT:1			
GenMC+CAAT	c/pthread-wmm/safe015_power.oepc.yml	1						true	false(unreach-call):1	0.086311789	0.081083075	26591232
GenMC+CAAT	c/pthread-wmm/safe015_power.opt.yml	1						false	TIMEOUT:1			
GenMC+CAAT	c/pthread-wmm/safe015_pso.oepc_pso.opt_tso.oepc_tso.opt.yml	1						false	TIMEOUT:1			
GenMC+CAAT	c/pthread-wmm/safe015_rmo.yml	1						false	TIMEOUT:1			
GenMC+CAAT	c/pthread-wmm/safe016_power.oepc.yml	1						true	false(unreach-call):1	0.102337597	0.084915572	26488832
GenMC+CAAT	c/pthread-wmm/safe016_power.opt.yml	1						false	TIMEOUT:1			
GenMC+CAAT	c/pthread-wmm/safe016_pso.oepc_pso.opt_tso.oepc_tso.opt.yml	1						false	TIMEOUT:1			
GenMC+CAAT	c/pthread-wmm/safe016_rmo.oepc.yml	1						true	false(unreach-call):1	0.090563197	0.082456386	26476544
GenMC+CAAT	c/pthread-wmm/safe016_rmo.opt.yml	1						false	TIMEOUT:1			
GenMC+CAAT	c/pthread-wmm/safe017_power.oepc_power.opt_pso.oepc_pso.opt_rmo.oepc_rmo.opt.yml	1						true	false(unreach-call):1	4.94526563	4.92480441	26218496
GenMC+CAAT	c/pthread-wmm/safe017_tso.yml	1						true	true:1	56.0910606	55.9363418	25829376
GenMC+CAAT	c/pthread-wmm/safe018_power.oepc.yml	1						true	false(unreach-call):1	0.093638026	0.086215852	26218496
GenMC+CAAT	c/pthread-wmm/safe018_power.opt.yml	1						false	TIMEOUT:1			
GenMC+CAAT	c/pthread-wmm/safe018_pso.oepc_pso.opt_tso.oepc_tso.opt.yml	1						false	TIMEOUT:1			
GenMC+CAAT	c/pthread-wmm/safe018_rmo.oepc.yml	1						true	false(unreach-call):1	0.089300515	0.084690729	26226688
GenMC+CAAT	c/pthread-wmm/safe018_rmo.opt.yml	1						false	TIMEOUT:1			
GenMC+CAAT	c/pthread-wmm/safe019_power.oepc.yml	1						true	false(unreach-call):1	0.101681994	0.085608736	26480640
GenMC+CAAT	c/pthread-wmm/safe019_power.opt.yml	1						false	TIMEOUT:1			
GenMC+CAAT	c/pthread-wmm/safe019_pso.oepc_pso.opt_tso.oepc_tso.opt.yml	1						false	TIMEOUT:1			
GenMC+CAAT	c/pthread-wmm/safe019_rmo.oepc.yml	1						true	false(unreach-call):1	0.09181664	0.083725618	26476544
GenMC+CAAT	c/pthread-wmm/safe019_rmo.opt.yml	1						false	TIMEOUT:1			
GenMC+CAAT	c/pthread-wmm/safe020_power.yml	1						false	TIMEOUT:1			
GenMC+CAAT	c/pthread-wmm/safe020_pso.oepc_pso.opt_tso.oepc_tso.opt.yml	1						false	TIMEOUT:1			
GenMC+CAAT	c/pthread-wmm/safe020_rmo.yml	1						false	TIMEOUT:1			
GenMC+CAAT	c/pthread-wmm/safe021_power.oepc_pso.oepc_rmo.oepc_rmo.opt.yml	1						true	false(unreach-call):1	18.7415056	18.7210917	26226688
GenMC+CAAT	c/pthread-wmm/safe021_power.opt_pso.opt.yml	1						false	TIMEOUT:1			
GenMC+CAAT	c/pthread-wmm/safe021_tso.yml	1						false	TIMEOUT:1			
GenMC+CAAT	c/pthread-wmm/safe022_power.oepc_power.opt_pso.oepc_pso.opt_rmo.oepc_rmo.opt.yml	1						true	false(unreach-call):1	0.156371745	0.148447895	26222592
GenMC+CAAT	c/pthread-wmm/safe022_tso.yml	1						true	true:1	0.258536773	0.253084261	25837568
GenMC+CAAT	c/pthread-wmm/safe023_power.oepc_power.opt_pso.oepc_pso.opt_rmo.oepc_rmo.opt.yml	1						false	TIMEOUT:1			
GenMC+CAAT	c/pthread-wmm/safe023_tso.yml	1						false	TIMEOUT:1			
GenMC+CAAT	c/pthread-wmm/safe024_power.oepc_power.opt_pso.oepc_pso.opt_rmo.oepc_rmo.opt.yml	1						false	TIMEOUT:1			
GenMC+CAAT	c/pthread-wmm/safe024_tso.yml	1						false	TIMEOUT:1			
GenMC+CAAT	c/pthread-wmm/safe025_power.yml	1						true	false(unreach-call):1	0.090175039	0.084157886	26611712
GenMC+CAAT	c/pthread-wmm/safe025_pso.oepc_pso.opt_tso.oepc_tso.opt.yml	1						false	TIMEOUT:1			
GenMC+CAAT	c/pthread-wmm/safe025_rmo.yml	1						false	TIMEOUT:1			
GenMC+CAAT	c/pthread-wmm/safe026_power.oepc_power.opt_pso.oepc_pso.opt_rmo.oepc_rmo.opt.yml	1						true	false(unreach-call):1	6.84104472	6.81526839	26218496
GenMC+CAAT	c/pthread-wmm/safe026_tso.yml	1						true	true:1	58.3477817	58.1627647	25956352
GenMC+CAAT	c/pthread-wmm/safe027_power.oepc.yml	1						true	false(unreach-call):1	0.092168344	0.084838995	26476544
GenMC+CAAT	c/pthread-wmm/safe027_power.opt.yml	1						false	TIMEOUT:1			
GenMC+CAAT	c/pthread-wmm/safe027_pso.oepc_pso.opt_tso.oepc_tso.opt.yml	1						false	TIMEOUT:1			
GenMC+CAAT	c/pthread-wmm/safe027_rmo.yml	1						true	false(unreach-call):1	0.089985473	0.082151317	26349568
GenMC+CAAT	c/pthread-wmm/safe028_power.yml	1						false	TIMEOUT:1			
GenMC+CAAT	c/pthread-wmm/safe028_pso.oepc_pso.opt_tso.oepc_tso.opt.yml	1						false	TIMEOUT:1			
GenMC+CAAT	c/pthread-wmm/safe028_rmo.yml	1						false	TIMEOUT:1			
GenMC+CAAT	c/pthread-wmm/safe029_power.oepc_pso.oepc_rmo.oepc.yml	1						true	false(unreach-call):1	0.1347817	0.126172986	26222592
GenMC+CAAT	c/pthread-wmm/safe029_power.opt_pso.opt_rmo.opt.yml	1						true	false(unreach-call):1	0.440197084	0.431835855	26214400
GenMC+CAAT	c/pthread-wmm/safe029_tso.yml	1						true	true:1	0.239255331	0.232179707	25821184
GenMC+CAAT	c/pthread-wmm/safe030_power.oepc_pso.oepc_rmo.oepc.yml	1						true	false(unreach-call):1	13.3479801	13.3283652	26234880
GenMC+CAAT	c/pthread-wmm/safe030_power.opt_pso.opt_rmo.opt.yml	1						false	TIMEOUT:1			
GenMC+CAAT	c/pthread-wmm/safe030_tso.yml	1						false	TIMEOUT:1			
GenMC+CAAT	c/pthread-wmm/safe031_power.oepc_pso.oepc_rmo.oepc.yml	1						false	TIMEOUT:1			
GenMC+CAAT	c/pthread-wmm/safe031_power.opt_pso.opt_rmo.opt.yml	1						false	TIMEOUT:1			
GenMC+CAAT	c/pthread-wmm/safe031_tso.yml	1						false	TIMEOUT:1			
GenMC+CAAT	c/pthread-wmm/safe032_power.oepc_power.opt_pso.oepc_pso.opt_rmo.oepc_rmo.opt.yml	1						false	TIMEOUT:1			
GenMC+CAAT	c/pthread-wmm/safe032_tso.yml	1						false	TIMEOUT:1			
GenMC+CAAT	c/pthread-wmm/safe033_power.oepc_power.opt_pso.oepc_pso.opt_rmo.oepc_rmo.opt.yml	1						true	false(unreach-call):1	0.997494623	0.991186446	26099712
GenMC+CAAT	c/pthread-wmm/safe033_tso.yml	1						true	true:1	0.435408992	0.426856766	25837568
GenMC+CAAT	c/pthread-wmm/safe034_power.oepc_power.opt_pso.oepc_pso.opt_rmo.oepc_rmo.opt.yml	1						false	TIMEOUT:1			
GenMC+CAAT	c/pthread-wmm/safe034_tso.yml	1						false	TIMEOUT:1			
GenMC+CAAT	c/pthread-wmm/safe035_power.yml	1						false	TIMEOUT:1			
GenMC+CAAT	c/pthread-wmm/safe035_pso.oepc_pso.opt_rmo.oepc_rmo.opt_tso.oepc_tso.opt.yml	1						false	TIMEOUT:1			
GenMC+CAAT	c/pthread-wmm/safe036.yml	1						true	true:1	0.973112949	0.963464849	25825280
GenMC+CAAT	c/pthread-wmm/safe037.yml	1						false	TIMEOUT:1			
GenMC+CAAT	c/pthread-wmm/thin002_power.oepc.yml	1						true	false(unreach-call):1	0.098490353	0.089585226	26218496
GenMC+CAAT	c/pthread-wmm/thin002_power.opt.yml	1						false	TIMEOUT:1			
GenMC+CAAT	c/pthread-wmm/thin002_pso.oepc_pso.opt_tso.oepc_tso.opt.yml	1						false	TIMEOUT:1			
GenMC+CAAT	c/pthread-wmm/thin002_rmo.yml	1						true	false(unreach-call):1	0.098134873	0.090907911	26218496
GenMC+CAAT	c/pthread/bigshot_s.yml	1						true	true:1	0.070076216	0.065090385	26013696
GenMC+CAAT	c/pthread/bigshot_s2.yml	1						true	true:1	0.072948932	0.068820502	26017792
GenMC+CAAT	c/pthread/butterfly.yml	1						true	true:1	24.874248	24.8538757	25952256
GenMC+CAAT	c/pthread/fib_safe-10.yml	1						false	TIMEOUT:1			
GenMC+CAAT	c/pthread/fib_safe-11.yml	1						false	TIMEOUT:1			
GenMC+CAAT	c/pthread/fib_safe-12.yml	1						false	TIMEOUT:1			
GenMC+CAAT	c/pthread/fib_safe-5.yml	1						true	true:1	6.70845414	6.68754578	25849856
GenMC+CAAT	c/pthread/fib_safe-6.yml	1						true	true:1	36.8355638	36.7691414	25825280
GenMC+CAAT	c/pthread/fib_safe-7.yml	1						false	TIMEOUT:1			
GenMC+CAAT	c/pthread/fib_unsafe-10.yml	1						false	TIMEOUT:1			
GenMC+CAAT	c/pthread/fib_unsafe-11.yml	1						false	TIMEOUT:1			
GenMC+CAAT	c/pthread/fib_unsafe-12.yml	1						false	TIMEOUT:1			
GenMC+CAAT	c/pthread/fib_unsafe-5.yml	1						true	false(unreach-call):1	1.80649217	1.79484349	25825280
GenMC+CAAT	c/pthread/fib_unsafe-6.yml	1						true	false(unreach-call):1	10.2079665	10.1485192	25821184
GenMC+CAAT	c/pthread/fib_unsafe-7.yml	1						true	false(unreach-call):1	54.9489484	54.8275775	25849856
GenMC+CAAT	c/pthread/lazy01.yml	1						true	false(unreach-call):1	0.079006731	0.074275253	25948160
GenMC+CAAT	c/pthread/queue.yml	1						true	false(unreach-call):1	0.098432628	0.091911839	26058752
GenMC+CAAT	c/pthread/queue_longer.yml	1						false	TIMEOUT:1			
GenMC+CAAT	c/pthread/queue_longest.yml	1						false	TIMEOUT:1			
GenMC+CAAT	c/pthread/queue_ok.yml	1						true	true:1	0.080551359	0.072029351	26034176
GenMC+CAAT	c/pthread/queue_ok_longer.yml	1						true	true:1	2.38394192	2.37426034	164499456
GenMC+CAAT	c/pthread/queue_ok_longest.yml	1						true	true:1	15.0345508	15.0094707	613089280
GenMC+CAAT	c/pthread/reorder_2.yml	1						true	false(unreach-call):1	0.159964403	0.152106287	26001408
GenMC+CAAT	c/pthread/reorder_5.yml	1						true	false(unreach-call):1	4.00600637	3.99285568	26087424
GenMC+CAAT	c/pthread/singleton.yml	1						true	false(unreach-call):1	0.07775321	0.069701196	26152960
GenMC+CAAT	c/pthread/singleton_with-uninit-problems.yml	1						true	true:1	0.072217494	0.065172892	26042368
GenMC+CAAT	c/pthread/stack-1.yml	1						true	true:1	0.071758976	0.063589907	25956352
GenMC+CAAT	c/pthread/stack-2.yml	1						true	true:1	0.072932336	0.064192358	25952256
GenMC+CAAT	c/pthread/stack_longer-1.yml	1						true	true:1	22.5417308	22.5086879	710688768
GenMC+CAAT	c/pthread/stack_longer-2.yml	1						true	true:1	22.5207268	22.4927736	711909376
GenMC+CAAT	c/pthread/stack_longest-1.yml	1						false	TIMEOUT:1			
GenMC+CAAT	c/pthread/stack_longest-2.yml	1						false	TIMEOUT:1			
GenMC+CAAT	c/pthread/stateful01-1.yml	1						true	false(unreach-call):1	0.07734853	0.068574218	25829376
GenMC+CAAT	c/pthread/stateful01-2.yml	1						true	true:1	0.077584985	0.069561406	25804800
GenMC+CAAT	c/pthread/sync01.yml	1						false	ERROR (compilation):1			
GenMC+CAAT	c/pthread/triangular-1.yml	1						true	true:1	7.07629195	7.04041914	25956352
GenMC+CAAT	c/pthread/triangular-2.yml	1						true	false(unreach-call):1	1.67933072	1.66406078	25964544
GenMC+CAAT	c/pthread/triangular-longer-1.yml	1						false	TIMEOUT:1			
GenMC+CAAT	c/pthread/triangular-longer-2.yml	1						false	TIMEOUT:1			
GenMC+CAAT	c/pthread/triangular-longest-1.yml	1						false	TIMEOUT:1			
GenMC+CAAT	c/pthread/triangular-longest-2.yml	1						false	TIMEOUT:1			
GenMC+CAAT	c/pthread/twostage_3.yml	1						true	false(unreach-call):1	0.087575822	0.082070041	26095616
GenMC+CAAT	c/weaver/array-eq-symm.wvr.yml	1						true	true:1	0.10472213	0.058613378	25427968
GenMC+CAAT	c/weaver/array-eq-trans.wvr.yml	1						true	true:1	0.078382691	0.069451763	25427968
GenMC+CAAT	c/weaver/bench-exp1x3.wvr.yml	1						true	true:1	0.081278258	0.056007984	25382912
GenMC+CAAT	c/weaver/bench-exp2x3.wvr.yml	1						true	true:1	0.077230519	0.061319538	25370624
GenMC+CAAT	c/weaver/bench-exp2x4.wvr.yml	1						true	true:1	0.092508343	0.057675108	25350144
GenMC+CAAT	c/weaver/bench-exp2x6.wvr.yml	1						true	true:1	0.098556398	0.059151082	25440256
GenMC+CAAT	c/weaver/bench-exp2x9.wvr.yml	1						true	true:1	0.07218531	0.066145106	25427968
GenMC+CAAT	c/weaver/bench-exp3x3-opt.wvr.yml	1						true	true:1	0.075377834	0.072498067	25427968
GenMC+CAAT	c/weaver/bench-exp3x3.wvr.yml	1						true	true:1	0.076394512	0.066763138	25427968
GenMC+CAAT	c/weaver/chl-array-int-subst.wvr.yml	1						true	true:1	0.153643726	0.066845102	25473024
GenMC+CAAT	c/weaver/chl-array-int-symm.wvr.yml	1						true	true:1	0.080523981	0.072189353	25423872
GenMC+CAAT	c/weaver/chl-array-int-trans.wvr.yml	1						true	true:1	0.07882693	0.070210724	25427968
GenMC+CAAT	c/weaver/chl-chromosome-opt-symm.wvr.yml	1						true	true:1	0.077027056	0.068868902	25485312
GenMC+CAAT	c/weaver/chl-chromosome-subst.wvr.yml	1						true	true:1	0.110575272	0.066662966	25436160
GenMC+CAAT	c/weaver/chl-chromosome-symm.wvr.yml	1						true	true:1	0.076126103	0.070882308	25432064
GenMC+CAAT	c/weaver/chl-chromosome-trans.wvr.yml	1						true	true:1	0.133516444	0.065657533	25489408
GenMC+CAAT	c/weaver/chl-collitem-subst.wvr.yml	1						true	true:1	0.080984263	0.076733202	25448448
GenMC+CAAT	c/weaver/chl-collitem-symm.wvr.yml	1						true	true:1	0.076180151	0.06997836	25436160
GenMC+CAAT	c/weaver/chl-collitem-trans.wvr.yml	1						true	true:1	0.078418464	0.072206933	25436160
GenMC+CAAT	c/weaver/chl-exp-term-subst.wvr.yml	1						true	true:1	0.149893823	0.065582003	25509888
GenMC+CAAT	c/weaver/chl-exp-term-symm.wvr.yml	1						true	true:1	0.165874913	0.062984751	25460736
GenMC+CAAT	c/weaver/chl-file-item-subst.wvr.yml	1						true	true:1	0.128618292	0.065910596	25452544
GenMC+CAAT	c/weaver/chl-file-item-symm.wvr.yml	1						true	true:1	0.074866879	0.069328957	25436160
GenMC+CAAT	c/weaver/chl-file-item-trans.wvr.yml	1						true	true:1	0.167690649	0.063362566	25432064
GenMC+CAAT	c/weaver/chl-match-subst.wvr.yml	1						true	true:1	0.155737138	0.064086725	25427968
GenMC+CAAT	c/weaver/chl-match-symm.wvr.yml	1						true	true:1	0.074181861	0.067409016	25440256
GenMC+CAAT	c/weaver/chl-match-trans.wvr.yml	1						true	true:1	0.077234889	0.071311925	25432064
GenMC+CAAT	c/weaver/chl-name-comparator-subst.wvr.yml	1						true	true:1	0.080412811	0.072998488	25563136
GenMC+CAAT	c/weaver/chl-name-comparator-symm.wvr.yml	1						true	true:1	0.080134494	0.073160332	25563136
GenMC+CAAT	c/weaver/chl-name-comparator-trans.wvr.yml	1						true	true:1	0.078854179	0.072521816	25559040
GenMC+CAAT	c/weaver/chl-node-subst.wvr.yml	1						true	true:1	0.074176342	0.070025738	25620480
GenMC+CAAT	c/weaver/chl-node-symm.wvr.yml	1						true	true:1	0.077743377	0.070932054	25559040
GenMC+CAAT	c/weaver/chl-node-trans.wvr.yml	1						true	true:1	0.079887476	0.075042881	25563136
GenMC+CAAT	c/weaver/chl-nzb-file-subst.wvr.yml	1						true	true:1	0.102424024	0.097040764	25698304
GenMC+CAAT	c/weaver/chl-nzb-file-symm.wvr.yml	1						true	true:1	0.09461953	0.084668017	25710592
GenMC+CAAT	c/weaver/chl-nzb-file-trans.wvr.yml	1						true	true:1	0.103307108	0.099824714	25694208
GenMC+CAAT	c/weaver/chl-poker-hand-subst.wvr.yml	1						true	true:1	0.127832321	0.120100348	26476544
GenMC+CAAT	c/weaver/chl-poker-hand-symm.wvr.yml	1						true	true:1	0.108130742	0.099486986	26091520
GenMC+CAAT	c/weaver/chl-poker-hand-trans.wvr.yml	1						true	true:1	0.128554849	0.119813008	26464256
GenMC+CAAT	c/weaver/chl-simpl-str-subst.wvr.yml	1						true	true:1	0.077455009	0.067901043	25473024
GenMC+CAAT	c/weaver/chl-simpl-str-symm.wvr.yml	1						true	true:1	0.086045271	0.059108401	25337856
GenMC+CAAT	c/weaver/chl-simpl-str-trans.wvr.yml	1						true	true:1	0.076386076	0.067254944	25427968
GenMC+CAAT	c/weaver/chl-sre-subst.wvr.yml	1						true	true:1	0.10489491	0.058933838	25427968
GenMC+CAAT	c/weaver/chl-sre-symm.wvr.yml	1						true	true:1	0.075658042	0.055933001	25317376
GenMC+CAAT	c/weaver/chl-sre-trans.wvr.yml	1						true	true:1	0.108756067	0.061576179	25366528
GenMC+CAAT	c/weaver/chl-time-subst.wvr.yml	1						true	true:1	0.078909269	0.069929802	25395200
GenMC+CAAT	c/weaver/chl-time-symm.wvr.yml	1						true	true:1	0.09322045	0.05962606	25444352
GenMC+CAAT	c/weaver/chl-time-trans.wvr.yml	1						true	true:1	0.078433902	0.069959539	25432064
GenMC+CAAT	c/weaver/chl-word-subst.wvr.yml	1						false	OUT OF MEMORY:1			
GenMC+CAAT	c/weaver/chl-word-symm.wvr.yml	1						false	OUT OF MEMORY:1			
GenMC+CAAT	c/weaver/chl-word-trans.wvr.yml	1						false	OUT OF MEMORY:1			
GenMC+CAAT	c/weaver/clever.wvr.yml	1						true	true:1	0.068478039	0.05837531	25333760
GenMC+CAAT	c/weaver/fibonacci.wvr.yml	1						true	true:1	0.091474745	0.061737995	25436160
GenMC+CAAT	c/weaver/loop-tiling-eq.wvr.yml	1						true	true:1	0.08183433	0.074082417	25427968
GenMC+CAAT	c/weaver/mult-comm.wvr.yml	1						false	OUT OF MEMORY:1			
GenMC+CAAT	c/weaver/mult-dist.wvr.yml	1						false	OUT OF MEMORY:1			
GenMC+CAAT	c/weaver/mult-flipped-dist.wvr.yml	1						false	OUT OF MEMORY:1			
GenMC+CAAT	c/weaver/parallel-bakery-2.wvr.yml	1						true	true:1	0.083467971	0.058028819	25432064
GenMC+CAAT	c/weaver/parallel-bakery-3.wvr.yml	1						true	true:1	0.075191061	0.065509478	25501696
GenMC+CAAT	c/weaver/parallel-bakery-4.wvr.yml	1						true	true:1	0.080933632	0.071872513	25706496
GenMC+CAAT	c/weaver/parallel-barrier-loop.wvr.yml	1						true	true:1	0.077634901	0.068533997	25530368
GenMC+CAAT	c/weaver/parallel-barrier.wvr.yml	1						true	true:1	0.077853056	0.069216921	25518080
GenMC+CAAT	c/weaver/parallel-bluetooth.wvr.yml	1						true	true:1	0.07934018	0.056415122	25423872
GenMC+CAAT	c/weaver/parallel-lamport.wvr.yml	1						true	true:1	0.08434714	0.074698686	25436160
GenMC+CAAT	c/weaver/parallel-min-max-1.wvr.yml	1						false	OUT OF MEMORY:1			
GenMC+CAAT	c/weaver/parallel-misc-1.wvr.yml	1						true	true:1	0.076321633	0.069607947	25456640
GenMC+CAAT	c/weaver/parallel-misc-2-unrolled-atomic.wvr.yml	1						true	true:1	0.083007153	0.056254343	25419776
GenMC+CAAT	c/weaver/parallel-misc-2-unrolled.wvr.yml	1						true	true:1	0.068680714	0.053808107	25411584
GenMC+CAAT	c/weaver/parallel-misc-2.wvr.yml	1						true	true:1	0.115342487	0.055438479	25382912
GenMC+CAAT	c/weaver/parallel-misc-3-extended.wvr.yml	1						true	true:1	0.176554157	0.118336362	25427968
GenMC+CAAT	c/weaver/parallel-misc-3.wvr.yml	1						true	true:1	0.155277169	0.06068592	25391104
GenMC+CAAT	c/weaver/parallel-misc-4.wvr.yml	1						true	true:1	0.108849731	0.056946864	25432064
GenMC+CAAT	c/weaver/parallel-misc-5.wvr.yml	1						true	true:1	0.074662503	0.068162115	25427968
GenMC+CAAT	c/weaver/parallel-parallel-sum-1-dsl.wvr.yml	1						true	true:1	0.089532192	0.077103636	25571328
GenMC+CAAT	c/weaver/parallel-parallel-sum-1.wvr.yml	1						true	true:1	0.082907971	0.077405267	25563136
GenMC+CAAT	c/weaver/parallel-parallel-sum-2.wvr.yml	1						true	true:1	0.077091815	0.071493589	25563136
GenMC+CAAT	c/weaver/parallel-parallel-sum-equiv.wvr.yml	1						true	true:1	0.077865817	0.070175632	25464832
GenMC+CAAT	c/weaver/parallel-simple-equiv.wvr.yml	1						true	true:1	0.122498096	0.061258643	25370624
GenMC+CAAT	c/weaver/parallel-ticket-2.wvr.yml	1						true	true:1	0.103026181	0.055332028	25432064
GenMC+CAAT	c/weaver/parallel-ticket-3.wvr.yml	1						true	true:1	0.080529459	0.060642145	25432064
GenMC+CAAT	c/weaver/parallel-ticket-4.wvr.yml	1						true	true:1	0.130705964	0.056244029	25427968
GenMC+CAAT	c/weaver/parallel-ticket-5.wvr.yml	1						true	true:1	0.073209461	0.066494998	25407488
GenMC+CAAT	c/weaver/parallel-ticket-6.wvr.yml	1						true	true:1	0.144318745	0.061480442	25440256
GenMC+CAAT	c/weaver/parallel-ticket-7.wvr.yml	1						true	true:1	0.080529424	0.071505071	25436160
GenMC+CAAT	c/weaver/parallel-ticket-8.wvr.yml	1						true	true:1	0.122898076	0.064938459	25522176
GenMC+CAAT	c/weaver/popl20-bad-buffer-mult-alt.wvr.yml	1						false	OUT OF MEMORY:1			
GenMC+CAAT	c/weaver/popl20-bad-buffer-mult-alt2.wvr.yml	1						false	OUT OF MEMORY:1			
GenMC+CAAT	c/weaver/popl20-bad-buffer-mult-alt3.wvr.yml	1						false	OUT OF MEMORY:1			
GenMC+CAAT	c/weaver/popl20-bad-commit-1.wvr-bad.yml	1						true	true:1	0.077152271	0.068993905	25563136
GenMC+CAAT	c/weaver/popl20-bad-commit-2.wvr-bad.yml	1						true	true:1	0.083226712	0.077270736	25571328
GenMC+CAAT	c/weaver/popl20-bad-counter-queue.wvr.yml	1						true	true:1	0.077003592	0.068393083	25427968
GenMC+CAAT	c/weaver/popl20-bad-counter-queue2.wvr.yml	1						true	true:1	0.077034078	0.068425741	25419776
GenMC+CAAT	c/weaver/popl20-bad-dot-product-alt.wvr.yml	1						true	true:1	0.081775567	0.071842911	25563136
GenMC+CAAT	c/weaver/popl20-bad-dot-product.wvr.yml	1						true	true:1	0.081304568	0.074097915	25427968
GenMC+CAAT	c/weaver/popl20-bad-ring-nondet.wvr.yml	1						true	true:1	0.078381551	0.074111311	25563136
GenMC+CAAT	c/weaver/popl20-bad-ring.wvr.yml	1						true	true:1	0.078604349	0.070040535	25575424
GenMC+CAAT	c/weaver/popl20-bad-threaded-sum-2.wvr.yml	1						false	TIMEOUT:1			
GenMC+CAAT	c/weaver/popl20-bad-three-array-sum-alt.wvr.yml	1						true	true:1	0.073948272	0.064969621	25509888
GenMC+CAAT	c/weaver/popl20-channel-sum.wvr.yml	1						true	true:1	0.074513003	0.066353528	25436160
GenMC+CAAT	c/weaver/popl20-commit-1.wvr.yml	1						true	true:1	0.073342288	0.070654703	25530368
GenMC+CAAT	c/weaver/popl20-commit-2.wvr.yml	1						true	true:1	0.108781291	0.102360903	25604096
GenMC+CAAT	c/weaver/popl20-counter-determinism.wvr.yml	1						true	true:1	0.089108328	0.056426267	25407488
GenMC+CAAT	c/weaver/popl20-counter-fun.wvr.yml	1						true	true:1	0.129411566	0.061389824	25444352
GenMC+CAAT	c/weaver/popl20-difference-det.wvr.yml	1						true	true:1	0.109241971	0.058549303	25432064
GenMC+CAAT	c/weaver/popl20-figure1-alt.wvr.yml	1						true	true:1	0.080025075	0.054212306	25300992
GenMC+CAAT	c/weaver/popl20-figure1.wvr.yml	1						true	true:1	0.078195766	0.053441453	25296896
GenMC+CAAT	c/weaver/popl20-figure3.wvr.yml	1						false	TIMEOUT:1			
GenMC+CAAT	c/weaver/popl20-horseshoe.wvr.yml	1						false	OUT OF MEMORY:1			
GenMC+CAAT	c/weaver/popl20-min-max-dec.wvr.yml	1						true	true:1	0.076137205	0.067576932	25432064
GenMC+CAAT	c/weaver/popl20-min-max-inc-dec.wvr.yml	1						true	true:1	0.077677815	0.072988513	25440256
GenMC+CAAT	c/weaver/popl20-min-max-inc.wvr.yml	1						true	true:1	0.084598548	0.068369572	25473024
GenMC+CAAT	c/weaver/popl20-more-array-sum-alt.wvr.yml	1						true	true:1	0.08312934	0.062982904	25440256
GenMC+CAAT	c/weaver/popl20-more-array-sum-alt2.wvr.yml	1						true	true:1	0.133210547	0.065383975	25440256
GenMC+CAAT	c/weaver/popl20-more-array-sum.wvr.yml	1						true	true:1	0.077113433	0.068086639	25427968
GenMC+CAAT	c/weaver/popl20-more-array-sum2.wvr.yml	1						true	true:1	0.083072435	0.075855444	25432064
GenMC+CAAT	c/weaver/popl20-more-buffer-mult.wvr.yml	1						false	OUT OF MEMORY:1			
GenMC+CAAT	c/weaver/popl20-more-buffer-mult2.wvr.yml	1						false	OUT OF MEMORY:1			
GenMC+CAAT	c/weaver/popl20-more-buffer-mult3.wvr.yml	1						false	OUT OF MEMORY:1			
GenMC+CAAT	c/weaver/popl20-more-buffer-series.wvr.yml	1						true	true:1	0.081023766	0.074880781	25563136
GenMC+CAAT	c/weaver/popl20-more-buffer-series2.wvr.yml	1						true	true:1	0.08025363	0.072061	25559040
GenMC+CAAT	c/weaver/popl20-more-buffer-series3.wvr.yml	1						true	true:1	0.080254725	0.072423392	25563136
GenMC+CAAT	c/weaver/popl20-more-dec-subseq.wvr.yml	1						true	true:1	0.073928386	0.066751618	25468928
GenMC+CAAT	c/weaver/popl20-more-inc-subseq.wvr.yml	1						true	true:1	0.117783394	0.068873515	25440256
GenMC+CAAT	c/weaver/popl20-more-max-array-hom.wvr.yml	1						true	true:1	0.076911203	0.068580669	25432064
GenMC+CAAT	c/weaver/popl20-more-max-array.wvr.yml	1						true	true:1	0.0754137	0.067348657	25423872
GenMC+CAAT	c/weaver/popl20-more-min-array-hom.wvr.yml	1						true	true:1	0.079177934	0.068890352	25444352
GenMC+CAAT	c/weaver/popl20-more-min-array.wvr.yml	1						true	true:1	0.103422455	0.067879553	25473024
GenMC+CAAT	c/weaver/popl20-more-min-le-max.wvr.yml	1						true	true:1	0.075953545	0.070509948	25427968
GenMC+CAAT	c/weaver/popl20-more-mts.wvr.yml	1						true	true:1	0.076353397	0.071527814	25415680
GenMC+CAAT	c/weaver/popl20-more-multiply-verify.wvr.yml	1						false	OUT OF MEMORY:1			
GenMC+CAAT	c/weaver/popl20-more-nonblocking-counter-alt2.wvr.yml	1						false	TIMEOUT:1			
GenMC+CAAT	c/weaver/popl20-more-queue-add-2-nl.wvr.yml	1						false	OUT OF MEMORY:1			
GenMC+CAAT	c/weaver/popl20-more-queue-add-3-nl.wvr.yml	1						false	OUT OF MEMORY:1			
GenMC+CAAT	c/weaver/popl20-more-sorted.wvr.yml	1						true	true:1	0.076814702	0.06547903	25415680
GenMC+CAAT	c/weaver/popl20-more-sum-array-hom.wvr.yml	1						true	true:1	0.0728842849	0.068448969	25395200
GenMC+CAAT	c/weaver/popl20-more-vector-add.wvr.yml	1						true	true:1	0.075702672	0.068216958	25432064
GenMC+CAAT	c/weaver/popl20-mult-4.wvr.yml	1						false	TIMEOUT:1			
GenMC+CAAT	c/weaver/popl20-mult-equiv.wvr.yml	1						false	TIMEOUT:1			
GenMC+CAAT	c/weaver/popl20-nonblocking-cntr-alt.wvr.yml	1						true	true:1	0.091731608	0.057653499	25296896
GenMC+CAAT	c/weaver/popl20-nonblocking-cntr.wvr.yml	1						true	true:1	0.084360015	0.056887139	25432064
GenMC+CAAT	c/weaver/popl20-prod-cons-eq.wvr.yml	1						true	true:1	0.083031732	0.075584208	25567232
GenMC+CAAT	c/weaver/popl20-prod-cons.wvr.yml	1						true	true:1	0.077505651	0.069373358	25419776
GenMC+CAAT	c/weaver/popl20-prod-cons3.wvr.yml	1						true	true:1	0.079725149	0.070671373	25563136
GenMC+CAAT	c/weaver/popl20-proofs-counter-add-4-semi-Q67.wvr.yml	1						true	true:1	0.107859612	0.059902135	25436160
GenMC+CAAT	c/weaver/popl20-queue-add-2.wvr.yml	1						true	true:1	0.074794867	0.067814249	25391104
GenMC+CAAT	c/weaver/popl20-queue-add-3.wvr.yml	1						true	true:1	0.078218149	0.070906488	25444352
GenMC+CAAT	c/weaver/popl20-send-receive-alt.wvr.yml	1						true	true:1	0.075524235	0.069907183	25436160
GenMC+CAAT	c/weaver/popl20-send-receive.wvr.yml	1						true	true:1	0.109684209	0.063610849	25460736
GenMC+CAAT	c/weaver/popl20-simple-array-sum.wvr.yml	1						true	true:1	0.134083747	0.060483002	25440256
GenMC+CAAT	c/weaver/popl20-simple-queue.wvr.yml	1						true	true:1	0.072508034	0.065700071	25378816
GenMC+CAAT	c/weaver/popl20-threaded-sum-3.wvr.yml	1						false	TIMEOUT:1			
GenMC+CAAT	c/weaver/popl20-three-array-max.wvr.yml	1						true	true:1	0.075555024	0.070777247	25436160
GenMC+CAAT	c/weaver/popl20-three-array-min.wvr.yml	1						true	true:1	0.099742364	0.063313351	25468928
GenMC+CAAT	c/weaver/popl20-three-array-sum.wvr.yml	1						true	true:1	0.073832094	0.068742264	25440256
GenMC+CAAT	c/weaver/popl20-two-queue.wvr.yml	1						true	true:1	0.075023261	0.06696369	25427968
GenMC+CAAT	c/weaver/security.wvr.yml	1						true	true:1	0.0783596	0.05741045	25427968
GenMC+CAAT	c/weaver/spaghetti.wvr.yml	1						false	TIMEOUT:1			
GenMC+CAAT	c/weaver/test-context1.wvr.yml	1						true	true:1	0.077416506	0.070886748	25440256
GenMC+CAAT	c/weaver/test-easy1.wvr.yml	1						true	true:1	0.138866582	0.057244076	25333760
GenMC+CAAT	c/weaver/test-easy10.wvr.yml	1						true	true:1	0.155255063	0.061761682	25448448
GenMC+CAAT	c/weaver/test-easy11.wvr.yml	1						false	TIMEOUT:1			
GenMC+CAAT	c/weaver/test-easy6.wvr.yml	1						true	true:1	0.1092895	0.059235783	25300992
GenMC+CAAT	c/weaver/test-easy7.wvr.yml	1						true	true:1	0.096031093	0.055163896	25305088
GenMC+CAAT	c/weaver/test-easy8.wvr.yml	1						true	true:1	0.087710062	0.058333192	25300992
GenMC+CAAT	c/weaver/test-hard1.wvr.yml	1						true	true:1	0.077350057	0.068476972	25513984
GenMC+CAAT	c/weaver/test-semi1.wvr.yml	1						true	true:1	0.077078128	0.052504696	25292800
GenMC+CAAT	c/weaver/unroll-2.wvr.yml	1						true	true:1	0.1007531	0.068745372	25481216
GenMC+CAAT	c/weaver/unroll-3.wvr.yml	1						true	true:1	0.074599977	0.065337376	25432064
GenMC+CAAT	c/weaver/unroll-4.wvr.yml	1						true	true:1	0.07714863	0.067923737	25440256
GenMC+CAAT	c/weaver/unroll-5.wvr.yml	1						true	true:1	0.079096794	0.067916458	25427968
GenMC+CAAT	c/weaver/unroll-cond-2.wvr.yml	1						true	true:1	0.076332865	0.069945598	25432064
GenMC+CAAT	c/weaver/unroll-cond-3.wvr.yml	1						true	true:1	0.078059054	0.069467292	25395200
GenMC+CAAT	c/weaver/unroll-cond-4.wvr.yml	1						true	true:1	0.07697364	0.069365569	25427968
GenMC+CAAT	c/weaver/unroll-cond-5.wvr.yml	1						true	true:1	0.108202314	0.066051051	25448448
GenMC+CAT	c/goblint-regression/13-privatized_01-priv_nr_true.yml	1						true	true:1	0.089102125	0.055894235	25755648
GenMC+CAT	c/goblint-regression/13-privatized_04-priv_multi_true.yml	1						false	TIMEOUT:1			
GenMC+CAT	c/goblint-regression/13-privatized_18-first-reads_true.yml	1						true	true:1	0.146838219	0.054887682	25755648
GenMC+CAT	c/goblint-regression/13-privatized_18-first-reads_unknown_1_neg.yml	1						true	false(unreach-call):1	0.078466696	0.053256195	25841664
GenMC+CAT	c/goblint-regression/13-privatized_18-first-reads_unknown_1_pos.yml	1						true	true:1	0.095318277	0.055505939	25800704
GenMC+CAT	c/goblint-regression/13-privatized_18-first-reads_unknown_2_neg.yml	1						true	true:1	0.084926437	0.052416766	25825280
GenMC+CAT	c/goblint-regression/13-privatized_18-first-reads_unknown_2_pos.yml	1						true	false(unreach-call):1	0.080262535	0.054128208	25817088
GenMC+CAT	c/goblint-regression/13-privatized_19-publish-precision_true.yml	1						true	true:1	0.082617381	0.055335238	25804800
GenMC+CAT	c/goblint-regression/13-privatized_19-publish-precision_unknown_1_neg.yml	1						true	false(unreach-call):1	0.053780665	0.051672369	25829376
GenMC+CAT	c/goblint-regression/13-privatized_19-publish-precision_unknown_1_pos.yml	1						true	false(unreach-call):1	0.080730675	0.054617828	25825280
GenMC+CAT	c/goblint-regression/13-privatized_19-publish-precision_unknown_2_neg.yml	1						true	false(unreach-call):1	0.07353619	0.059827781	25772032
GenMC+CAT	c/goblint-regression/13-privatized_19-publish-precision_unknown_2_pos.yml	1						true	false(unreach-call):1	0.069898019	0.055571511	25833472
GenMC+CAT	c/goblint-regression/13-privatized_20-publish-regression_true.yml	1						true	true:1	0.068804189	0.058358	25821184
GenMC+CAT	c/goblint-regression/13-privatized_24-multiple-protecting_true.yml	1						true	true:1	0.092503604	0.081960737	25866240
GenMC+CAT	c/goblint-regression/13-privatized_25-struct_nr_true.yml	1						true	true:1	0.068314254	0.057421802	25829376
GenMC+CAT	c/goblint-regression/13-privatized_27-multiple-protecting2_true.yml	1						true	true:1	0.219523849	0.139579939	25845760
GenMC+CAT	c/goblint-regression/13-privatized_29-multiple-protecting2-vesal_true.yml	1						true	true:1	0.07248362	0.063248479	25853952
GenMC+CAT	c/goblint-regression/13-privatized_30-traces-oplus-vs-meet_true.yml	1						true	true:1	0.066504548	0.055900656	25825280
GenMC+CAT	c/goblint-regression/13-privatized_31-traces-mine-vs-mutex_true.yml	1						true	true:1	0.072946346	0.058800067	25833472
GenMC+CAT	c/goblint-regression/13-privatized_32-traces-mine-vs-oplus-vs-meet_true.yml	1						true	true:1	0.07828216	0.05577502	25825280
GenMC+CAT	c/goblint-regression/13-privatized_33-traces-v-matters_true.yml	1						true	true:1	0.071734036	0.055915375	25821184
GenMC+CAT	c/goblint-regression/13-privatized_34-traces-minepp-L-needs-to-be-um_true.yml	1						true	true:1	0.073780433	0.056034672	25833472
GenMC+CAT	c/goblint-regression/13-privatized_35-traces-ex-2_true.yml	1						true	true:1	0.089185855	0.052499725	25821184
GenMC+CAT	c/goblint-regression/13-privatized_36-traces-ex-3_true.yml	1						true	true:1	0.070540119	0.054849023	25735168
GenMC+CAT	c/goblint-regression/13-privatized_37-traces-ex-4_true.yml	1						true	true:1	0.182731479	0.056540279	25825280
GenMC+CAT	c/goblint-regression/13-privatized_38-traces-ex-4-switch_true.yml	1						true	true:1	0.062048321	0.05304553	25772032
GenMC+CAT	c/goblint-regression/13-privatized_40-traces-ex-6_true.yml	1						true	true:1	0.061112709	0.053677559	25845760
GenMC+CAT	c/goblint-regression/13-privatized_41-traces-ex-7_unknown_1_neg.yml	1						true	false(unreach-call):1	0.060762115	0.053190851	25702400
GenMC+CAT	c/goblint-regression/13-privatized_41-traces-ex-7_unknown_1_pos.yml	1						true	false(unreach-call):1	0.072444811	0.052914114	25694208
GenMC+CAT	c/goblint-regression/13-privatized_42-traces-ex-mini_true.yml	1						true	true:1	0.093353157	0.055051283	25845760
GenMC+CAT	c/goblint-regression/13-privatized_44-traces-mine2_true.yml	1						true	true:1	0.081840022	0.065380583	25825280
GenMC+CAT	c/goblint-regression/13-privatized_45-traces-per-global-and-current-lock-mine-incomparable_true.yml	1						true	true:1	0.081479263	0.05858462	25792512
GenMC+CAT	c/goblint-regression/13-privatized_46-refine-protected1_true.yml	1						true	true:1	0.07890669	0.053828164	25821184
GenMC+CAT	c/goblint-regression/13-privatized_47-refine-protected2_true.yml	1						true	true:1	0.091699375	0.052499784	25804800
GenMC+CAT	c/goblint-regression/13-privatized_52-refine-protected-loop2-small_true.yml	1						false	OUT OF MEMORY:1			
GenMC+CAT	c/goblint-regression/13-privatized_57-singlethreaded-unlock_true.yml	1						true	true:1	0.057074108	0.051241163	25825280
GenMC+CAT	c/goblint-regression/13-privatized_58-singlethreaded-lock_true.yml	1						true	true:1	0.062546169	0.0539116	25825280
GenMC+CAT	c/goblint-regression/13-privatized_66-mine-W-init_true.yml	1						true	true:1	0.07740318	0.053828363	25698304
GenMC+CAT	c/goblint-regression/13-privatized_67-pthread_cond_wait_true.yml	1						false	ERROR (compilation):1			
GenMC+CAT	c/goblint-regression/13-privatized_67-pthread_cond_wait_unknown_1_neg.yml	1						false	ERROR (compilation):1			
GenMC+CAT	c/goblint-regression/13-privatized_67-pthread_cond_wait_unknown_1_pos.yml	1						false	ERROR (compilation):1			
GenMC+CAT	c/goblint-regression/13-privatized_68-pfscan_protected_loop_minimal_interval_true.yml	1						true	true:1	0.064844172	0.057026328	25829376
GenMC+CAT	c/goblint-regression/13-privatized_69-refine-protected-loop-interval_true.yml	1						true	true:1	0.07344756	0.058941576	25825280
GenMC+CAT	c/goblint-regression/28-race_reach_01-simple_racing.yml	1						false	OUT OF MEMORY:1			
GenMC+CAT	c/goblint-regression/28-race_reach_02-simple_racefree.yml	1						false	OUT OF MEMORY:1			
GenMC+CAT	c/goblint-regression/28-race_reach_03-munge_racing.yml	1						false	OUT OF MEMORY:1			
GenMC+CAT	c/goblint-regression/28-race_reach_04-munge_racefree.yml	1						false	OUT OF MEMORY:1			
GenMC+CAT	c/goblint-regression/28-race_reach_05-lockfuns_racefree.yml	1						false	OUT OF MEMORY:1			
GenMC+CAT	c/goblint-regression/28-race_reach_06-cond_racing1.yml	1						false	OUT OF MEMORY:1			
GenMC+CAT	c/goblint-regression/28-race_reach_07-cond_racing2.yml	1						false	OUT OF MEMORY:1			
GenMC+CAT	c/goblint-regression/28-race_reach_08-cond_racefree.yml	1						false	OUT OF MEMORY:1			
GenMC+CAT	c/goblint-regression/28-race_reach_09-ptrmunge_racing.yml	1						false	OUT OF MEMORY:1			
GenMC+CAT	c/goblint-regression/28-race_reach_10-ptrmunge_racefree.yml	1						false	OUT OF MEMORY:1			
GenMC+CAT	c/goblint-regression/28-race_reach_11-ptr_racing.yml	1						false	OUT OF MEMORY:1			
GenMC+CAT	c/goblint-regression/28-race_reach_12-ptr_racefree.yml	1						false	OUT OF MEMORY:1			
GenMC+CAT	c/goblint-regression/28-race_reach_19-callback_racing.yml	1						false	OUT OF MEMORY:1			
GenMC+CAT	c/goblint-regression/28-race_reach_20-callback_racefree.yml	1						false	OUT OF MEMORY:1			
GenMC+CAT	c/goblint-regression/28-race_reach_21-deref_read_racing.yml	1						false	ERROR (unsupported property: invalid memory access):1			
GenMC+CAT	c/goblint-regression/28-race_reach_22-deref_read_racefree.yml	1						false	ERROR (unsupported property: invalid memory access):1			
GenMC+CAT	c/goblint-regression/28-race_reach_23-sound_unlock_racing.yml	1						false	ERROR (unsupported external):1			
GenMC+CAT	c/goblint-regression/28-race_reach_24-sound_lock_racing.yml	1						false	OUT OF MEMORY:1			
GenMC+CAT	c/goblint-regression/28-race_reach_27-funptr_racing.yml	1						false	OUT OF MEMORY:1			
GenMC+CAT	c/goblint-regression/28-race_reach_28-funptr_racefree.yml	1						false	OUT OF MEMORY:1			
GenMC+CAT	c/goblint-regression/28-race_reach_36-indirect_racefree.yml	1						false	OUT OF MEMORY:1			
GenMC+CAT	c/goblint-regression/28-race_reach_37-indirect_racing.yml	1						false	OUT OF MEMORY:1			
GenMC+CAT	c/goblint-regression/28-race_reach_40-trylock_racing.yml	1						false	ERROR (unsupported external):1			
GenMC+CAT	c/goblint-regression/28-race_reach_41-trylock_racefree.yml	1						false	OUT OF MEMORY:1			
GenMC+CAT	c/goblint-regression/28-race_reach_42-trylock2_racefree.yml	1						false	OUT OF MEMORY:1			
GenMC+CAT	c/goblint-regression/28-race_reach_45-escape_racing.yml	1						true	false(unreach-call):1	0.072374988	0.067848009	25919488
GenMC+CAT	c/goblint-regression/28-race_reach_46-escape_racefree.yml	1						true	true:1	0.074250451	0.070786928	25817088
GenMC+CAT	c/goblint-regression/28-race_reach_51-mutexptr_racefree.yml	1						false	OUT OF MEMORY:1			
GenMC+CAT	c/goblint-regression/28-race_reach_60-invariant_racefree.yml	1						false	OUT OF MEMORY:1			
GenMC+CAT	c/goblint-regression/28-race_reach_61-invariant_racing.yml	1						false	OUT OF MEMORY:1			
GenMC+CAT	c/goblint-regression/28-race_reach_70-funloop_racefree.yml	1						false	OUT OF MEMORY:1			
GenMC+CAT	c/goblint-regression/28-race_reach_71-funloop_racing.yml	1						false	OUT OF MEMORY:1			
GenMC+CAT	c/goblint-regression/28-race_reach_72-funloop_hard_racing.yml	1						false	OUT OF MEMORY:1			
GenMC+CAT	c/goblint-regression/28-race_reach_73-funloop_hard_racefree.yml	1						false	OUT OF MEMORY:1			
GenMC+CAT	c/goblint-regression/28-race_reach_74-tricky_address1_racefree.yml	1						true	true:1	1.69742184	1.68489179	25956352
GenMC+CAT	c/goblint-regression/28-race_reach_75-tricky_address2_racefree.yml	1						true	true:1	1.70250555	1.68862711	25952256
GenMC+CAT	c/goblint-regression/28-race_reach_76-tricky_address3_racefree.yml	1						true	true:1	1.69999508	1.68935504	25960448
GenMC+CAT	c/goblint-regression/28-race_reach_77-tricky_address4_racing.yml	1						true	true:1	1.69841649	1.69108305	25968640
GenMC+CAT	c/goblint-regression/28-race_reach_78-equ_racing.yml	1						false	OUT OF MEMORY:1			
GenMC+CAT	c/goblint-regression/28-race_reach_79-equ_racefree.yml	1						false	OUT OF MEMORY:1			
GenMC+CAT	c/goblint-regression/28-race_reach_81-list_racing.yml	1						false	OUT OF MEMORY:1			
GenMC+CAT	c/goblint-regression/28-race_reach_82-list_racefree.yml	1						false	OUT OF MEMORY:1			
GenMC+CAT	c/goblint-regression/28-race_reach_83-list2_racing1.yml	1						false	OUT OF MEMORY:1			
GenMC+CAT	c/goblint-regression/28-race_reach_84-list2_racing2.yml	1						false	OUT OF MEMORY:1			
GenMC+CAT	c/goblint-regression/28-race_reach_85-list2_racefree.yml	1						false	OUT OF MEMORY:1			
GenMC+CAT	c/goblint-regression/28-race_reach_86-lists_racing.yml	1						true	true:1	25.6417952	25.306266	745586688
GenMC+CAT	c/goblint-regression/28-race_reach_87-lists_racefree.yml	1						true	true:1	23.6649016	23.4675508	743653376
GenMC+CAT	c/goblint-regression/28-race_reach_90-arrayloop2_racing.yml	1						true	true:1	13.489044	13.4194113	98820096
GenMC+CAT	c/goblint-regression/28-race_reach_91-arrayloop2_racefree.yml	1						true	true:1	3.93326596	3.92203	55959552
GenMC+CAT	c/goblint-regression/28-race_reach_92-evilcollapse_racing.yml	1						true	true:1	1.74880105	1.73817335	26173440
GenMC+CAT	c/goblint-regression/28-race_reach_93-evilcollapse_racefree.yml	1						true	true:1	1.73283056	1.72292782	26165248
GenMC+CAT	c/goblint-regression/28-race_reach_94-alloc_region_racing.yml	1						false	OUT OF MEMORY:1			
GenMC+CAT	c/goblint-regression/36-apron_11-traces-max-simple_true.yml	1						true	true:1	0.073889752	0.055827398	25755648
GenMC+CAT	c/goblint-regression/36-apron_16-traces-unprot2_true.yml	1						true	true:1	0.064291621	0.054367014	25694208
GenMC+CAT	c/goblint-regression/36-apron_17-traces-rpb-litmus_unknown_1_neg.yml	1						true	false(unreach-call):1	0.071818896	0.053234976	25812992
GenMC+CAT	c/goblint-regression/36-apron_17-traces-rpb-litmus_unknown_1_pos.yml	1						true	true:1	0.073997276	0.0570749	25821184
GenMC+CAT	c/goblint-regression/36-apron_21-traces-cluster-based_true.yml	1						true	true:1	0.085788096	0.064434684	25825280
GenMC+CAT	c/goblint-regression/36-apron_22-traces-write-centered-vs-meet-mutex_true_no-overflow.yml	1						true	true:1	0.062451344	0.056923713	25825280
GenMC+CAT	c/goblint-regression/36-apron_41-threadenter-no-locals_unknown_1_neg.yml	1						true	true:1	0.060733922	0.052249974	25743360
GenMC+CAT	c/goblint-regression/36-apron_41-threadenter-no-locals_unknown_1_pos.yml	1						true	false(unreach-call):1	0.062146494	0.05602693	25796608
GenMC+CAT	c/ldv-linux-3.14-races/linux-3.14--drivers--media--platform--marvell-ccic--cafe_ccic.ko.cil-1.yml	1						false	ERROR (compilation):1			
GenMC+CAT	c/ldv-linux-3.14-races/linux-3.14--drivers--media--platform--marvell-ccic--cafe_ccic.ko.cil-2.yml	1						false	SEGMENTATION FAULT:1			
GenMC+CAT	c/ldv-linux-3.14-races/linux-3.14--drivers--net--irda--nsc-ircc.ko.cil.yml	1						false	TIMEOUT:1			
GenMC+CAT	c/ldv-linux-3.14-races/linux-3.14--drivers--net--irda--w83977af_ir.ko.cil.yml	1						false	ABORTED:1			
GenMC+CAT	c/ldv-linux-3.14-races/linux-3.14--drivers--spi--spi-tegra20-slink.ko.cil.yml	1						false	TIMEOUT:1			
GenMC+CAT	c/ldv-linux-3.14-races/linux-3.14--drivers--usb--misc--adutux.ko.cil.yml	1						false	ABORTED:1			
GenMC+CAT	c/ldv-races/race-1_1-join.yml	1						true	true:1	0.085368622	0.078619437	26087424
GenMC+CAT	c/ldv-races/race-1_2-join.yml	1						true	false(unreach-call):1	0.088136429	0.078648546	26083328
GenMC+CAT	c/ldv-races/race-1_3-join.yml	1						true	false(unreach-call):1	0.087152217	0.080049812	26083328
GenMC+CAT	c/ldv-races/race-2_1-container_of.yml	1						true	true:1	0.086502032	0.080029174	26083328
GenMC+CAT	c/ldv-races/race-2_2-container_of.yml	1						true	true:1	0.085247784	0.076121606	26136576
GenMC+CAT	c/ldv-races/race-2_3-container_of.yml	1						true	true:1	0.085106413	0.079150487	26230784
GenMC+CAT	c/ldv-races/race-2_4-container_of.yml	1						true	true:1	0.08740844	0.079887488	26222592
GenMC+CAT	c/ldv-races/race-2_5-container_of.yml	1						true	true:1	0.084158701	0.078286733	26214400
GenMC+CAT	c/ldv-races/race-3_1-container_of-global.yml	1						true	true:1	0.08259694	0.073087674	26087424
GenMC+CAT	c/ldv-races/race-3_2-container_of-global.yml	1						true	true:1	0.083144274	0.077323843	26214400
GenMC+CAT	c/ldv-races/race-4_1-thread_local_vars.yml	1						true	true:1	0.088413723	0.078696255	26107904
GenMC+CAT	c/libvsync/arraylock.yml	1						true	true:1	0.160453486	0.153811349	26873856
GenMC+CAT	c/libvsync/bounded_mpmc_check_full.yml	1						true	true:1	0.314010203	0.303551977	26853376
GenMC+CAT	c/libvsync/cnalock.yml	1						false	ERROR (unsupported property: invalid memory access):1			
GenMC+CAT	c/libvsync/hclhlock.yml	1						false	ERROR (unsupported property: invalid memory access):1			
GenMC+CAT	c/libvsync/hmcslock.yml	1						false	ERROR (unsupported property: invalid memory access):1			
GenMC+CAT	c/libvsync/mcslock.yml	1						false	ERROR (unsupported property: invalid memory access):1			
GenMC+CAT	c/libvsync/rec_mcslock.yml	1						false	ERROR (unsupported property: invalid memory access):1			
GenMC+CAT	c/libvsync/rec_ticketlock.yml	1						false	OUT OF MEMORY:1			
GenMC+CAT	c/libvsync/rwlock.yml	1						false	TIMEOUT:1			
GenMC+CAT	c/libvsync/semaphore.yml	1						true	true:1	8.81977182	8.79943426	26869760
GenMC+CAT	c/libvsync/ticketlock.yml	1						false	OUT OF MEMORY:1			
GenMC+CAT	c/libvsync/ttaslock.yml	1						false	TIMEOUT:1			
GenMC+CAT	c/pthread-C-DAC/pthread-demo-datarace-1.yml	1						false	TIMEOUT:1			
GenMC+CAT	c/pthread-C-DAC/pthread-demo-datarace-3.yml	1						true	false(unreach-call):1	0.147782441	0.139360154	25964544
GenMC+CAT	c/pthread-C-DAC/pthread-finding-k-matches.yml	1						true	true:1	4.55797665	4.53502737	77574144
GenMC+CAT	c/pthread-C-DAC/pthread-numerical-integration.yml	1						true	true:1	0.084322497	0.076516025	26103808
GenMC+CAT	c/pthread-atomic/dekker-unfair.yml	1						true	true:1	0.077118368	0.069294904	25825280
GenMC+CAT	c/pthread-atomic/dekker.yml	1						true	true:1	0.080862748	0.072905877	25907200
GenMC+CAT	c/pthread-atomic/lamport.yml	1						true	true:1	0.090119364	0.080092465	25825280
GenMC+CAT	c/pthread-atomic/peterson.yml	1						true	true:1	0.075106261	0.06913539	25866240
GenMC+CAT	c/pthread-atomic/read_write_lock-1.yml	1						true	true:1	0.147309817	0.090224673	26091520
GenMC+CAT	c/pthread-atomic/read_write_lock-2.yml	1						true	false(unreach-call):1	1.18052367	1.17080087	25960448
GenMC+CAT	c/pthread-atomic/szymanski.yml	1						true	true:1	0.093650411	0.083929103	25825280
GenMC+CAT	c/pthread-atomic/time_var_mutex.yml	1						true	true:1	0.078720304	0.063154157	25931776
GenMC+CAT	c/pthread-complex/bounded_buffer.yml	1						false	ERROR (compilation):1			
GenMC+CAT	c/pthread-complex/elimination_backoff_stack.yml	1						true	true:1	32.3949497	32.3539026	26345472
GenMC+CAT	c/pthread-complex/safestack_relacy.yml	1						false	TIMEOUT:1			
GenMC+CAT	c/pthread-complex/workstealqueue_mutex-2.yml	1						false	ERROR (unsupported property: uninitialized memory):1			
GenMC+CAT	c/pthread-deagle/arithmetic_prog_bad.yml	1						false	ERROR (compilation):1			
GenMC+CAT	c/pthread-deagle/arithmetic_prog_ok.yml	1						false	ERROR (compilation):1			
GenMC+CAT	c/pthread-deagle/circular_buffer_bad.yml	1						true	false(unreach-call):1	0.108407135	0.099107953	25960448
GenMC+CAT	c/pthread-deagle/circular_buffer_ok.yml	1						false	TIMEOUT:1			
GenMC+CAT	c/pthread-divine/tls_basic.yml	1						false	ERROR (compilation):1			
GenMC+CAT	c/pthread-divine/tls_destructor_worker.yml	1						false	ERROR (compilation):1			
GenMC+CAT	c/pthread-driver-races/char_generic_nvram_nvram_unlocked_ioctl_write_nvram.yml	1						true	true:1	0.184014432	0.157975569	29179904
GenMC+CAT	c/pthread-driver-races/char_generic_nvram_read_nvram_nvram_unlocked_ioctl.yml	1						true	true:1	0.181279516	0.160079102	29237248
GenMC+CAT	c/pthread-driver-races/char_generic_nvram_read_nvram_write_nvram.yml	1						true	true:1	0.182059984	0.157083175	29229056
GenMC+CAT	c/pthread-driver-races/char_pc8736x_gpio_pc8736x_gpio_change_pc8736x_gpio_configure.yml	1						true	true:1	0.184101595	0.172808696	29777920
GenMC+CAT	c/pthread-driver-races/char_pc8736x_gpio_pc8736x_gpio_change_pc8736x_gpio_current.yml	1						true	true:1	0.199524225	0.173815274	29655040
GenMC+CAT	c/pthread-driver-races/char_pc8736x_gpio_pc8736x_gpio_change_pc8736x_gpio_get.yml	1						true	true:1	0.184566527	0.171900075	29630464
GenMC+CAT	c/pthread-driver-races/char_pc8736x_gpio_pc8736x_gpio_change_pc8736x_gpio_set.yml	1						true	true:1	0.198288043	0.174698889	29655040
GenMC+CAT	c/pthread-driver-races/char_pc8736x_gpio_pc8736x_gpio_configure_pc8736x_gpio_current.yml	1						true	true:1	0.195589988	0.176740694	29749248
GenMC+CAT	c/pthread-driver-races/char_pc8736x_gpio_pc8736x_gpio_configure_pc8736x_gpio_get.yml	1						true	true:1	0.191469997	0.170960923	29749248
GenMC+CAT	c/pthread-driver-races/char_pc8736x_gpio_pc8736x_gpio_configure_pc8736x_gpio_set.yml	1						true	true:1	0.18794158	0.173857488	29667328
GenMC+CAT	c/pthread-driver-races/char_pc8736x_gpio_pc8736x_gpio_current_pc8736x_gpio_get.yml	1						true	true:1	0.189343659	0.172863256	29687808
GenMC+CAT	c/pthread-driver-races/char_pc8736x_gpio_pc8736x_gpio_current_pc8736x_gpio_set.yml	1						true	true:1	0.198349546	0.175602262	29745152
GenMC+CAT	c/pthread-driver-races/char_pc8736x_gpio_pc8736x_gpio_get_pc8736x_gpio_set.yml	1						true	true:1	0.191091766	0.171433468	29671424
GenMC+CAT	c/pthread-driver-races/char_pc8736x_gpio_pc8736x_gpio_open_pc8736x_gpio_change.yml	1						true	true:1	0.193132339	0.170398406	29638656
GenMC+CAT	c/pthread-driver-races/char_pc8736x_gpio_pc8736x_gpio_open_pc8736x_gpio_configure.yml	1						true	true:1	0.190583491	0.172612817	29622272
GenMC+CAT	c/pthread-driver-races/char_pc8736x_gpio_pc8736x_gpio_open_pc8736x_gpio_current.yml	1						true	true:1	0.191283934	0.171896869	29650944
GenMC+CAT	c/pthread-driver-races/char_pc8736x_gpio_pc8736x_gpio_open_pc8736x_gpio_get.yml	1						true	true:1	0.194670836	0.173535008	29728768
GenMC+CAT	c/pthread-driver-races/char_pc8736x_gpio_pc8736x_gpio_open_pc8736x_gpio_set.yml	1						true	true:1	0.182928388	0.173112282	29683712
GenMC+CAT	c/pthread-ext/01b_inc.yml	1						true	true:1	0.096568639	0.060785742	25817088
GenMC+CAT	c/pthread-ext/02_inc_cas.yml	1						true	true:1	0.172488062	0.06044083	25845760
GenMC+CAT	c/pthread-ext/03_incdec.yml	1						true	true:1	0.075162132	0.065945187	25825280
GenMC+CAT	c/pthread-ext/04_incdec_cas.yml	1						true	true:1	0.085829052	0.076696697	25821184
GenMC+CAT	c/pthread-ext/08_rand_cas.yml	1						true	true:1	0.079103454	0.069687233	25948160
GenMC+CAT	c/pthread-ext/09_fmaxsym-zero.yml	1						true	true:1	0.103366326	0.060361197	25837568
GenMC+CAT	c/pthread-ext/09_fmaxsym.yml	1						true	true:1	0.0700348601	0.059710457	25817088
GenMC+CAT	c/pthread-ext/11_fmaxsymopt-zero.yml	1						true	true:1	0.109634094	0.059695341	25825280
GenMC+CAT	c/pthread-ext/11_fmaxsymopt.yml	1						true	true:1	0.084519283	0.073026201	25829376
GenMC+CAT	c/pthread-ext/14_spin2003.yml	1						true	true:1	0.102803523	0.059976339	25698304
GenMC+CAT	c/pthread-ext/18_read_write_lock.yml	1						true	true:1	0.174809389	0.070452005	25960448
GenMC+CAT	c/pthread-ext/25_stack.yml	1						false	OUT OF MEMORY:1			
GenMC+CAT	c/pthread-ext/25_stack_longer-1.yml	1						true	false(unreach-call):1	0.092609034	0.084751352	26083328
GenMC+CAT	c/pthread-ext/25_stack_longer-2.yml	1						false	OUT OF MEMORY:1			
GenMC+CAT	c/pthread-ext/25_stack_longest-1.yml	1						false	OUT OF MEMORY:1			
GenMC+CAT	c/pthread-ext/25_stack_longest-2.yml	1						true	false(unreach-call):1	0.139290774	0.130628842	26091520
GenMC+CAT	c/pthread-ext/26_stack_cas.yml	1						false	OUT OF MEMORY:1			
GenMC+CAT	c/pthread-ext/26_stack_cas_longer-1.yml	1						true	false(unreach-call):1	0.094224099	0.085672317	26214400
GenMC+CAT	c/pthread-ext/26_stack_cas_longer-2.yml	1						false	OUT OF MEMORY:1			
GenMC+CAT	c/pthread-ext/26_stack_cas_longest-1.yml	1						true	false(unreach-call):1	0.149831593	0.140054844	26202112
GenMC+CAT	c/pthread-ext/26_stack_cas_longest-2.yml	1						false	OUT OF MEMORY:1			
GenMC+CAT	c/pthread-ext/28_buggy_simple_loop1_vf.yml	1						false	TIMEOUT:1			
GenMC+CAT	c/pthread-ext/29_conditionals_vs.yml	1						true	true:1	0.110135386	0.062452838	25837568
GenMC+CAT	c/pthread-ext/31_simple_loop5_vs.yml	1						false	TIMEOUT:1			
GenMC+CAT	c/pthread-ext/35_double_lock_p3_vs.yml	1						true	true:1	0.072113535	0.060124263	25821184
GenMC+CAT	c/pthread-ext/36_stack_cas_p0_vs_concur.yml	1						true	true:1	44.0370176	41.6769579	26087424
GenMC+CAT	c/pthread-ext/37_stack_lock_p0_vs_concur.yml	1						true	true:1	17.5141253	17.0030336	25997312
GenMC+CAT	c/pthread-ext/39_rand_lock_p0_vs.yml	1						true	true:1	0.075071405	0.06855834	25817088
GenMC+CAT	c/pthread-ext/40_barrier_vf.yml	1						false	ERROR (compilation):1			
GenMC+CAT	c/pthread-ext/43_NetBSD_sysmon_power_sliced-pthread.yml	1						false	ERROR (compilation):1			
GenMC+CAT	c/pthread-ext/43_NetBSD_sysmon_power_sliced.yml	1						true	true:1	0.086448376	0.078605532	25968640
GenMC+CAT	c/pthread-ext/45_monabsex1_vs.yml	1						true	true:1	0.066436531	0.060008838	25825280
GenMC+CAT	c/pthread-ext/46_monabsex2_vs.yml	1						true	true:1	0.09178237	0.064782414	25755648
GenMC+CAT	c/pthread-ext/48_ticket_lock_low_contention_vs-pthread.yml	1						true	true:1	0.077068137	0.061722424	25890816
GenMC+CAT	c/pthread-ext/48_ticket_lock_low_contention_vs.yml	1						true	true:1	0.12937926	0.060794066	25841664
GenMC+CAT	c/pthread-lit/qw2004-2b.yml	1						true	false(unreach-call):1	0.115755408	0.106190136	25825280
GenMC+CAT	c/pthread-lit/sssc12.yml	1						true	true:1	0.083215157	0.073996016	25919488
GenMC+CAT	c/pthread-lit/sssc12_variant.yml	1						true	true:1	0.080172228	0.075097967	25960448
GenMC+CAT	c/pthread-race-challenges/thread-local-pthread-value.yml	1						false	ERROR (compilation):1			
GenMC+CAT	c/pthread-race-challenges/thread-local-value-dynamic.yml	1						true	true:1	0.080644425	0.074873655	25960448
GenMC+CAT	c/pthread-race-challenges/thread-local-value.yml	1						true	true:1	0.078415619	0.070282756	25837568
GenMC+CAT	c/pthread-theta/exponential-4.yml	1						false	TIMEOUT:1			
GenMC+CAT	c/pthread-theta/exponential-64.yml	1						false	TIMEOUT:1			
GenMC+CAT	c/pthread-theta/exponential-nondet.yml	1						true	true:1	0.078295603	0.073144245	25960448
GenMC+CAT	c/pthread-theta/unwind1-1.yml	1						true	true:1	0.080246258	0.075264321	25960448
GenMC+CAT	c/pthread-theta/unwind1-100.yml	1						true	true:1	0.078184679	0.072608297	25989120
GenMC+CAT	c/pthread-theta/unwind1-nondet.yml	1						true	true:1	0.078331146	0.068968923	25956352
GenMC+CAT	c/pthread-theta/unwind2-1.yml	1						true	false(unreach-call):1	0.077999994	0.072266012	25956352
GenMC+CAT	c/pthread-theta/unwind2-100.yml	1						true	false(unreach-call):1	0.085996705	0.072948443	25964544
GenMC+CAT	c/pthread-theta/unwind2-nondet.yml	1						true	true:1	0.083821581	0.074745067	25960448
GenMC+CAT	c/pthread-theta/unwind3-1.yml	1						true	false(unreach-call):1	0.083456008	0.067603204	25870336
GenMC+CAT	c/pthread-theta/unwind3-100.yml	1						false	TIMEOUT:1			
GenMC+CAT	c/pthread-theta/unwind3-nondet.yml	1						true	true:1	0.07486904	0.06646128	25939968
GenMC+CAT	c/pthread-theta/wsc.yml	1						true	true:1	0.093451633	0.084421097	25952256
GenMC+CAT	c/pthread-wmm/mix000.oepc.yml	1						true	false(unreach-call):1	3.74129534	3.72961805	26218496
GenMC+CAT	c/pthread-wmm/mix000.opt.yml	1						false	TIMEOUT:1			
GenMC+CAT	c/pthread-wmm/mix001.oepc.yml	1						false	TIMEOUT:1			
GenMC+CAT	c/pthread-wmm/mix001.opt.yml	1						false	TIMEOUT:1			
GenMC+CAT	c/pthread-wmm/mix002.oepc.yml	1						false	TIMEOUT:1			
GenMC+CAT	c/pthread-wmm/mix002.opt.yml	1						false	TIMEOUT:1			
GenMC+CAT	c/pthread-wmm/mix003.oepc.yml	1						false	TIMEOUT:1			
GenMC+CAT	c/pthread-wmm/mix003_power.opt_pso.opt_rmo.opt_tso.opt.yml	1						false	TIMEOUT:1			
GenMC+CAT	c/pthread-wmm/mix004.oepc.yml	1						false	TIMEOUT:1			
GenMC+CAT	c/pthread-wmm/mix004.opt.yml	1						false	TIMEOUT:1			
GenMC+CAT	c/pthread-wmm/mix005.opt.yml	1						false	TIMEOUT:1			
GenMC+CAT	c/pthread-wmm/mix005_power.oepc_pso.oepc_rmo.oepc.yml	1						false	TIMEOUT:1			
GenMC+CAT	c/pthread-wmm/mix005_tso.oepc.yml	1						false	TIMEOUT:1			
GenMC+CAT	c/pthread-wmm/mix006.opt.yml	1						false	TIMEOUT:1			
GenMC+CAT	c/pthread-wmm/mix006_power.oepc_pso.oepc_rmo.oepc.yml	1						false	TIMEOUT:1			
GenMC+CAT	c/pthread-wmm/mix006_tso.oepc.yml	1						false	TIMEOUT:1			
GenMC+CAT	c/pthread-wmm/mix007.oepc.yml	1						false	TIMEOUT:1			
GenMC+CAT	c/pthread-wmm/mix007.opt.yml	1						false	TIMEOUT:1			
GenMC+CAT	c/pthread-wmm/mix008.opt.yml	1						false	TIMEOUT:1			
GenMC+CAT	c/pthread-wmm/mix008_power.oepc_pso.oepc_rmo.oepc.yml	1						false	TIMEOUT:1			
GenMC+CAT	c/pthread-wmm/mix008_tso.oepc.yml	1						false	TIMEOUT:1			
GenMC+CAT	c/pthread-wmm/mix009.oepc.yml	1						true	false(unreach-call):1	2.95200448	2.93927028	26079232
GenMC+CAT	c/pthread-wmm/mix009.opt.yml	1						false	TIMEOUT:1			
GenMC+CAT	c/pthread-wmm/mix010.oepc.yml	1						false	TIMEOUT:1			
GenMC+CAT	c/pthread-wmm/mix010.opt.yml	1						false	TIMEOUT:1			
GenMC+CAT	c/pthread-wmm/mix011.opt.yml	1						false	TIMEOUT:1			
GenMC+CAT	c/pthread-wmm/mix011_power.oepc_pso.oepc_rmo.oepc.yml	1						false	TIMEOUT:1			
GenMC+CAT	c/pthread-wmm/mix011_tso.oepc.yml	1						false	TIMEOUT:1			
GenMC+CAT	c/pthread-wmm/mix012_power.oepc_power.opt_pso.oepc_rmo.oepc_rmo.opt_tso.oepc.yml	1						true	false(unreach-call):1	2.12633293	2.11539048	26083328
GenMC+CAT	c/pthread-wmm/mix012_pso.opt_tso.opt.yml	1						true	false(unreach-call):1	24.968844	24.8617248	26218496
GenMC+CAT	c/pthread-wmm/mix013.oepc.yml	1						false	TIMEOUT:1			
GenMC+CAT	c/pthread-wmm/mix013.opt.yml	1						false	TIMEOUT:1			
GenMC+CAT	c/pthread-wmm/mix014.opt.yml	1						false	TIMEOUT:1			
GenMC+CAT	c/pthread-wmm/mix014_power.oepc_pso.oepc_rmo.oepc.yml	1						false	TIMEOUT:1			
GenMC+CAT	c/pthread-wmm/mix014_tso.oepc.yml	1						false	TIMEOUT:1			
GenMC+CAT	c/pthread-wmm/mix015.oepc.yml	1						false	TIMEOUT:1			
GenMC+CAT	c/pthread-wmm/mix015.opt.yml	1						false	TIMEOUT:1			
GenMC+CAT	c/pthread-wmm/mix016.oepc.yml	1						false	TIMEOUT:1			
GenMC+CAT	c/pthread-wmm/mix016_power.opt_rmo.opt.yml	1						false	TIMEOUT:1			
GenMC+CAT	c/pthread-wmm/mix016_pso.opt_tso.opt.yml	1						false	TIMEOUT:1			
GenMC+CAT	c/pthread-wmm/mix017.oepc.yml	1						false	TIMEOUT:1			
GenMC+CAT	c/pthread-wmm/mix017_power.opt_rmo.opt.yml	1						false	TIMEOUT:1			
GenMC+CAT	c/pthread-wmm/mix017_pso.opt_tso.opt.yml	1						false	TIMEOUT:1			
GenMC+CAT	c/pthread-wmm/mix018.opt.yml	1						false	TIMEOUT:1			
GenMC+CAT	c/pthread-wmm/mix018_power.oepc_pso.oepc_rmo.oepc.yml	1						false	TIMEOUT:1			
GenMC+CAT	c/pthread-wmm/mix018_tso.oepc.yml	1						false	TIMEOUT:1			
GenMC+CAT	c/pthread-wmm/mix019.opt.yml	1						false	TIMEOUT:1			
GenMC+CAT	c/pthread-wmm/mix019_power.oepc_pso.oepc_rmo.oepc.yml	1						false	TIMEOUT:1			
GenMC+CAT	c/pthread-wmm/mix019_tso.oepc.yml	1						false	TIMEOUT:1			
GenMC+CAT	c/pthread-wmm/mix020.oepc.yml	1						false	TIMEOUT:1			
GenMC+CAT	c/pthread-wmm/mix020.opt.yml	1						false	TIMEOUT:1			
GenMC+CAT	c/pthread-wmm/mix021.opt.yml	1						false	TIMEOUT:1			
GenMC+CAT	c/pthread-wmm/mix021_power.oepc_pso.oepc_rmo.oepc.yml	1						false	TIMEOUT:1			
GenMC+CAT	c/pthread-wmm/mix021_tso.oepc.yml	1						false	TIMEOUT:1			
GenMC+CAT	c/pthread-wmm/mix022_power.oepc_power.opt_pso.oepc_pso.opt_rmo.oepc_rmo.opt.yml	1						true	false(unreach-call):1	2.09889885	2.08857595	26087424
GenMC+CAT	c/pthread-wmm/mix022_tso.yml	1						true	false(unreach-call):1	22.0005105	21.7530886	26353664
GenMC+CAT	c/pthread-wmm/mix023_power.oepc_pso.oepc_rmo.oepc.yml	1						false	TIMEOUT:1			
GenMC+CAT	c/pthread-wmm/mix023_power.opt_pso.opt_rmo.opt.yml	1						false	TIMEOUT:1			
GenMC+CAT	c/pthread-wmm/mix023_tso.yml	1						false	TIMEOUT:1			
GenMC+CAT	c/pthread-wmm/mix024_power.oepc_pso.oepc_rmo.oepc_tso.oepc_tso.opt.yml	1						false	TIMEOUT:1			
GenMC+CAT	c/pthread-wmm/mix024_power.opt_pso.opt_rmo.opt.yml	1						false	TIMEOUT:1			
GenMC+CAT	c/pthread-wmm/mix025_power.oepc_power.opt_pso.oepc_rmo.oepc_tso.oepc_tso.opt.yml	1						false	TIMEOUT:1			
GenMC+CAT	c/pthread-wmm/mix025_pso.opt_rmo.opt.yml	1						false	TIMEOUT:1			
GenMC+CAT	c/pthread-wmm/mix026.oepc.yml	1						false	TIMEOUT:1			
GenMC+CAT	c/pthread-wmm/mix026_power.opt_tso.opt.yml	1						false	TIMEOUT:1			
GenMC+CAT	c/pthread-wmm/mix026_pso.opt_rmo.opt.yml	1						false	TIMEOUT:1			
GenMC+CAT	c/pthread-wmm/mix027_power.oepc_pso.oepc_rmo.oepc.yml	1						false	TIMEOUT:1			
GenMC+CAT	c/pthread-wmm/mix027_power.opt_pso.opt_rmo.opt.yml	1						false	TIMEOUT:1			
GenMC+CAT	c/pthread-wmm/mix027_tso.yml	1						false	TIMEOUT:1			
GenMC+CAT	c/pthread-wmm/mix028_power.oepc_pso.oepc_rmo.oepc.yml	1						false	TIMEOUT:1			
GenMC+CAT	c/pthread-wmm/mix028_power.opt_pso.opt_rmo.opt.yml	1						false	TIMEOUT:1			
GenMC+CAT	c/pthread-wmm/mix028_tso.yml	1						false	TIMEOUT:1			
GenMC+CAT	c/pthread-wmm/mix029_power.oepc_pso.oepc_rmo.oepc_tso.oepc_tso.opt.yml	1						false	TIMEOUT:1			
GenMC+CAT	c/pthread-wmm/mix029_power.opt_pso.opt_rmo.opt.yml	1						false	TIMEOUT:1			
GenMC+CAT	c/pthread-wmm/mix030_power.oepc_pso.oepc_rmo.oepc.yml	1						false	TIMEOUT:1			
GenMC+CAT	c/pthread-wmm/mix030_power.opt_pso.opt_rmo.opt.yml	1						false	TIMEOUT:1			
GenMC+CAT	c/pthread-wmm/mix030_tso.yml	1						false	TIMEOUT:1			
GenMC+CAT	c/pthread-wmm/mix031.oepc.yml	1						true	false(unreach-call):1	5.43238074	5.4220389	26218496
GenMC+CAT	c/pthread-wmm/mix031.opt.yml	1						false	TIMEOUT:1			
GenMC+CAT	c/pthread-wmm/mix032.oepc.yml	1						false	TIMEOUT:1			
GenMC+CAT	c/pthread-wmm/mix032.opt.yml	1						false	TIMEOUT:1			
GenMC+CAT	c/pthread-wmm/mix033.opt.yml	1						false	TIMEOUT:1			
GenMC+CAT	c/pthread-wmm/mix033_power.oepc_pso.oepc_rmo.oepc.yml	1						false	TIMEOUT:1			
GenMC+CAT	c/pthread-wmm/mix033_tso.oepc.yml	1						false	TIMEOUT:1			
GenMC+CAT	c/pthread-wmm/mix034_power.oepc_power.opt_pso.oepc_rmo.oepc_rmo.opt_tso.oepc.yml	1						true	false(unreach-call):1	3.98126778	3.9520759	26214400
GenMC+CAT	c/pthread-wmm/mix034_pso.opt_tso.opt.yml	1						true	false(unreach-call):1	36.342818	36.2607425	26087424
GenMC+CAT	c/pthread-wmm/mix035.oepc.yml	1						false	TIMEOUT:1			
GenMC+CAT	c/pthread-wmm/mix035_power.opt_rmo.opt.yml	1						false	TIMEOUT:1			
GenMC+CAT	c/pthread-wmm/mix035_pso.opt_tso.opt.yml	1						false	TIMEOUT:1			
GenMC+CAT	c/pthread-wmm/mix036.oepc.yml	1						false	TIMEOUT:1			
GenMC+CAT	c/pthread-wmm/mix036_power.opt_rmo.opt.yml	1						false	TIMEOUT:1			
GenMC+CAT	c/pthread-wmm/mix036_pso.opt_tso.opt.yml	1						false	TIMEOUT:1			
GenMC+CAT	c/pthread-wmm/mix037.opt.yml	1						false	TIMEOUT:1			
GenMC+CAT	c/pthread-wmm/mix037_power.oepc_pso.oepc_rmo.oepc.yml	1						false	TIMEOUT:1			
GenMC+CAT	c/pthread-wmm/mix037_tso.oepc.yml	1						false	TIMEOUT:1			
GenMC+CAT	c/pthread-wmm/mix038.opt.yml	1						false	TIMEOUT:1			
GenMC+CAT	c/pthread-wmm/mix038_power.oepc_pso.oepc_rmo.oepc.yml	1						false	TIMEOUT:1			
GenMC+CAT	c/pthread-wmm/mix038_tso.oepc.yml	1						false	TIMEOUT:1			
GenMC+CAT	c/pthread-wmm/mix039.oepc.yml	1						false	TIMEOUT:1			
GenMC+CAT	c/pthread-wmm/mix039.opt.yml	1						false	TIMEOUT:1			
GenMC+CAT	c/pthread-wmm/mix040.opt.yml	1						false	TIMEOUT:1			
GenMC+CAT	c/pthread-wmm/mix040_power.oepc_pso.oepc_rmo.oepc.yml	1						false	TIMEOUT:1			
GenMC+CAT	c/pthread-wmm/mix040_tso.oepc.yml	1						false	TIMEOUT:1			
GenMC+CAT	c/pthread-wmm/mix041_power.oepc_pso.oepc_rmo.oepc.yml	1						true	false(unreach-call):1	3.89673481	3.88171739	26099712
GenMC+CAT	c/pthread-wmm/mix041_power.opt_pso.opt_rmo.opt_tso.oepc_tso.opt.yml	1						true	false(unreach-call):1	29.4901717	29.4027858	26218496
GenMC+CAT	c/pthread-wmm/mix042.oepc.yml	1						false	TIMEOUT:1			
GenMC+CAT	c/pthread-wmm/mix042.opt.yml	1						false	TIMEOUT:1			
GenMC+CAT	c/pthread-wmm/mix043.oepc.yml	1						false	TIMEOUT:1			
GenMC+CAT	c/pthread-wmm/mix043.opt.yml	1						false	TIMEOUT:1			
GenMC+CAT	c/pthread-wmm/mix044.opt.yml	1						false	TIMEOUT:1			
GenMC+CAT	c/pthread-wmm/mix044_power.oepc_pso.oepc_rmo.oepc.yml	1						false	TIMEOUT:1			
GenMC+CAT	c/pthread-wmm/mix044_tso.oepc.yml	1						false	TIMEOUT:1			
GenMC+CAT	c/pthread-wmm/mix045_power.oepc_pso.oepc_rmo.oepc.yml	1						false	TIMEOUT:1			
GenMC+CAT	c/pthread-wmm/mix045_power.opt_pso.opt_rmo.opt_tso.oepc_tso.opt.yml	1						false	TIMEOUT:1			
GenMC+CAT	c/pthread-wmm/mix046.oepc.yml	1						false	TIMEOUT:1			
GenMC+CAT	c/pthread-wmm/mix046.opt.yml	1						false	TIMEOUT:1			
GenMC+CAT	c/pthread-wmm/mix047_power.oepc_pso.oepc_rmo.oepc.yml	1						false	TIMEOUT:1			
GenMC+CAT	c/pthread-wmm/mix047_power.opt_pso.opt_rmo.opt_tso.oepc_tso.opt.yml	1						false	TIMEOUT:1			
GenMC+CAT	c/pthread-wmm/mix048_power.oepc_power.opt_pso.oepc_pso.opt_rmo.oepc_rmo.opt_tso.oepc_tso.opt-podwr000_power.oepc_power.opt_pso.oepc_pso.opt_rmo.oepc_rmo.opt_tso.oepc_tso.opt.yml	1						true	false(unreach-call):1	1.01230351	1.00550678	26218496
GenMC+CAT	c/pthread-wmm/mix049_power.oepc_power.opt_pso.oepc_pso.opt_rmo.oepc_rmo.opt_tso.oepc_tso.opt-podwr001_power.oepc_power.opt_pso.oepc_pso.opt_rmo.oepc_rmo.opt_tso.oepc_tso.opt.yml	1						false	TIMEOUT:1			
GenMC+CAT	c/pthread-wmm/mix050.yml	1						false	TIMEOUT:1			
GenMC+CAT	c/pthread-wmm/mix051_power.oepc_power.opt_pso.oepc_rmo.oepc.yml	1						false	TIMEOUT:1			
GenMC+CAT	c/pthread-wmm/mix051_pso.opt_rmo.opt_tso.opt.yml	1						false	TIMEOUT:1			
GenMC+CAT	c/pthread-wmm/mix051_tso.oepc.yml	1						false	TIMEOUT:1			
GenMC+CAT	c/pthread-wmm/mix052_power.oepc_power.opt_pso.oepc_rmo.oepc.yml	1						false	TIMEOUT:1			
GenMC+CAT	c/pthread-wmm/mix052_pso.opt_rmo.opt_tso.opt.yml	1						false	TIMEOUT:1			
GenMC+CAT	c/pthread-wmm/mix052_tso.oepc.yml	1						false	TIMEOUT:1			
GenMC+CAT	c/pthread-wmm/mix053.opt.yml	1						false	TIMEOUT:1			
GenMC+CAT	c/pthread-wmm/mix053_power.oepc_pso.oepc_rmo.oepc.yml	1						false	TIMEOUT:1			
GenMC+CAT	c/pthread-wmm/mix053_tso.oepc.yml	1						false	TIMEOUT:1			
GenMC+CAT	c/pthread-wmm/mix054_power.oepc_power.opt_pso.oepc_rmo.oepc.yml	1						true	false(unreach-call):1	1.00361486	0.986386777	26083328
GenMC+CAT	c/pthread-wmm/mix054_pso.opt_rmo.opt_tso.oepc_tso.opt.yml	1						true	false(unreach-call):1	4.85547509	4.82056744	26132480
GenMC+CAT	c/pthread-wmm/mix055.opt.yml	1						false	TIMEOUT:1			
GenMC+CAT	c/pthread-wmm/mix055_power.oepc_pso.oepc_rmo.oepc.yml	1						false	TIMEOUT:1			
GenMC+CAT	c/pthread-wmm/mix055_tso.oepc.yml	1						false	TIMEOUT:1			
GenMC+CAT	c/pthread-wmm/mix056_power.oepc_pso.oepc_rmo.oepc.yml	1						false	TIMEOUT:1			
GenMC+CAT	c/pthread-wmm/mix056_power.opt_pso.opt_rmo.opt_tso.oepc_tso.opt.yml	1						false	TIMEOUT:1			
GenMC+CAT	c/pthread-wmm/mix057_power.oepc_pso.oepc_rmo.oepc.yml	1						false	TIMEOUT:1			
GenMC+CAT	c/pthread-wmm/mix057_power.opt_pso.opt_rmo.opt_tso.oepc_tso.opt.yml	1						false	TIMEOUT:1			
GenMC+CAT	c/pthread-wmm/rfi000_power.oepc_pso.oepc_rmo.oepc.yml	1						true	false(unreach-call):1	5.61113497	5.57574985	26501120
GenMC+CAT	c/pthread-wmm/rfi000_power.opt_pso.opt_rmo.opt.yml	1						true	false(unreach-call):1	29.0760327	29.0314892	26214400
GenMC+CAT	c/pthread-wmm/rfi000_tso.yml	1						false	TIMEOUT:1			
GenMC+CAT	c/pthread-wmm/rfi001_power.oepc_pso.oepc_rmo.oepc.yml	1						true	false(unreach-call):1	3.89798653	3.88133659	26226688
GenMC+CAT	c/pthread-wmm/rfi001_power.opt_pso.opt_rmo.opt_tso.oepc_tso.opt.yml	1						true	false(unreach-call):1	29.4699526	29.4065774	26218496
GenMC+CAT	c/pthread-wmm/rfi002_power.oepc_power.opt_pso.oepc_pso.opt_rmo.oepc_rmo.opt.yml	1						false	TIMEOUT:1			
GenMC+CAT	c/pthread-wmm/rfi002_tso.yml	1						false	TIMEOUT:1			
GenMC+CAT	c/pthread-wmm/rfi003_power.oepc_power.opt_pso.oepc_pso.opt_rmo.oepc_rmo.opt.yml	1						false	TIMEOUT:1			
GenMC+CAT	c/pthread-wmm/rfi003_tso.yml	1						false	TIMEOUT:1			
GenMC+CAT	c/pthread-wmm/rfi004.yml	1						false	TIMEOUT:1			
GenMC+CAT	c/pthread-wmm/rfi005.yml	1						true	false(unreach-call):1	0.092318829	0.083854068	26370048
GenMC+CAT	c/pthread-wmm/rfi006_power.oepc.yml	1						true	false(unreach-call):1	0.099576467	0.090251789	26349568
GenMC+CAT	c/pthread-wmm/rfi006_power.opt.yml	1						true	false(unreach-call):1	0.095371342	0.089506393	26365952
GenMC+CAT	c/pthread-wmm/rfi006_pso.oepc_pso.opt_tso.oepc_tso.opt.yml	1						false	TIMEOUT:1			
GenMC+CAT	c/pthread-wmm/rfi006_rmo.yml	1						true	false(unreach-call):1	0.096068552	0.089766187	26214400
GenMC+CAT	c/pthread-wmm/rfi007_power.oepc_power.opt_pso.oepc_pso.opt_rmo.oepc_rmo.opt.yml	1						true	false(unreach-call):1	2.10252012	2.09217287	26103808
GenMC+CAT	c/pthread-wmm/rfi007_tso.yml	1						true	false(unreach-call):1	21.7793085	21.6722431	26230784
GenMC+CAT	c/pthread-wmm/rfi008.oepc.yml	1						true	false(unreach-call):1	3.76130828	3.74527975	26214400
GenMC+CAT	c/pthread-wmm/rfi008.opt.yml	1						false	TIMEOUT:1			
GenMC+CAT	c/pthread-wmm/rfi009_power.oepc.yml	1						true	false(unreach-call):1	0.099417462	0.090493596	26353664
GenMC+CAT	c/pthread-wmm/rfi009_power.opt_pso.oepc_pso.opt_rmo.opt_tso.oepc_tso.opt.yml	1						false	TIMEOUT:1			
GenMC+CAT	c/pthread-wmm/rfi009_rmo.oepc.yml	1						true	false(unreach-call):1	0.097620236	0.089607669	26357760
GenMC+CAT	c/pthread-wmm/rfi010.yml	1						false	TIMEOUT:1			
GenMC+CAT	c/pthread-wmm/safe000_power.oepc.yml	1						true	false(unreach-call):1	0.107918348	0.098428201	26611712
GenMC+CAT	c/pthread-wmm/safe000_power.opt.yml	1						false	TIMEOUT:1			
GenMC+CAT	c/pthread-wmm/safe000_pso.oepc_pso.opt_tso.oepc_tso.opt.yml	1						false	TIMEOUT:1			
GenMC+CAT	c/pthread-wmm/safe000_rmo.yml	1						true	false(unreach-call):1	0.104054681	0.095281178	26488832
GenMC+CAT	c/pthread-wmm/safe001_power.oepc.yml	1						true	false(unreach-call):1	0.107728423	0.098083087	26611712
GenMC+CAT	c/pthread-wmm/safe001_power.opt_pso.oepc_pso.opt_rmo.opt.yml	1						false	TIMEOUT:1			
GenMC+CAT	c/pthread-wmm/safe001_rmo.oepc.yml	1						true	false(unreach-call):1	0.105409949	0.095317761	26497024
GenMC+CAT	c/pthread-wmm/safe001_tso.yml	1						false	TIMEOUT:1			
GenMC+CAT	c/pthread-wmm/safe002_power.oepc.yml	1						true	false(unreach-call):1	0.107606385	0.101111809	26619904
GenMC+CAT	c/pthread-wmm/safe002_power.opt_pso.oepc_pso.opt_rmo.opt.yml	1						false	TIMEOUT:1			
GenMC+CAT	c/pthread-wmm/safe002_rmo.oepc.yml	1						true	false(unreach-call):1	0.104269204	0.095438982	26484736
GenMC+CAT	c/pthread-wmm/safe002_tso.yml	1						false	TIMEOUT:1			
GenMC+CAT	c/pthread-wmm/safe003_power.oepc_pso.oepc_pso.opt_rmo.oepc_rmo.opt.yml	1						false	TIMEOUT:1			
GenMC+CAT	c/pthread-wmm/safe003_power.opt.yml	1						false	TIMEOUT:1			
GenMC+CAT	c/pthread-wmm/safe003_tso.yml	1						false	TIMEOUT:1			
GenMC+CAT	c/pthread-wmm/safe004_power.oepc_pso.oepc_rmo.oepc.yml	1						false	TIMEOUT:1			
GenMC+CAT	c/pthread-wmm/safe004_power.opt_pso.opt_rmo.opt.yml	1						false	TIMEOUT:1			
GenMC+CAT	c/pthread-wmm/safe004_tso.yml	1						false	TIMEOUT:1			
GenMC+CAT	c/pthread-wmm/safe005_power.oepc_power.opt_pso.oepc_pso.opt_rmo.oepc_rmo.opt.yml	1						false	TIMEOUT:1			
GenMC+CAT	c/pthread-wmm/safe005_tso.yml	1						false	TIMEOUT:1			
GenMC+CAT	c/pthread-wmm/safe006_power.oepc-thin000_power.oepc.yml	1						true	false(unreach-call):1	0.091758212	0.082682534	26214400
GenMC+CAT	c/pthread-wmm/safe006_power.opt-thin000_power.opt.yml	1						true	false(unreach-call):1	8.41833921	8.31798469	26222592
GenMC+CAT	c/pthread-wmm/safe006_pso.oepc_pso.opt_tso.oepc_tso.opt-thin000_pso.oepc_pso.opt_tso.oepc_tso.opt.yml	1						true	true:1	1.90997288	1.90276727	25829376
GenMC+CAT	c/pthread-wmm/safe006_rmo.oepc_rmo.opt-thin000_rmo.oepc_rmo.opt.yml	1						true	false(unreach-call):1	0.087555241	0.079429577	26222592
GenMC+CAT	c/pthread-wmm/safe007_power.oepc-thin001_power.oepc.yml	1						true	false(unreach-call):1	0.092354817	0.084530823	26218496
GenMC+CAT	c/pthread-wmm/safe007_power.opt-thin001_power.opt.yml	1						false	TIMEOUT:1			
GenMC+CAT	c/pthread-wmm/safe007_pso.oepc_pso.opt_tso.oepc_tso.opt-thin001_pso.oepc_pso.opt_tso.oepc_tso.opt.yml	1						false	TIMEOUT:1			
GenMC+CAT	c/pthread-wmm/safe007_rmo.oepc_rmo.opt-thin001_rmo.oepc_rmo.opt.yml	1						true	false(unreach-call):1	0.091588451	0.082580407	26222592
GenMC+CAT	c/pthread-wmm/safe008_power.oepc_pso.oepc_pso.opt_rmo.oepc_rmo.opt.yml	1						false	TIMEOUT:1			
GenMC+CAT	c/pthread-wmm/safe008_power.opt.yml	1						false	TIMEOUT:1			
GenMC+CAT	c/pthread-wmm/safe008_tso.yml	1						false	TIMEOUT:1			
GenMC+CAT	c/pthread-wmm/safe009_power.oepc.yml	1						true	false(unreach-call):1	0.10459719	0.093995433	26484736
GenMC+CAT	c/pthread-wmm/safe009_power.opt.yml	1						false	TIMEOUT:1			
GenMC+CAT	c/pthread-wmm/safe009_pso.oepc_pso.opt_tso.oepc_tso.opt.yml	1						false	TIMEOUT:1			
GenMC+CAT	c/pthread-wmm/safe009_rmo.oepc.yml	1						true	false(unreach-call):1	0.097084605	0.090475737	26353664
GenMC+CAT	c/pthread-wmm/safe009_rmo.opt.yml	1						false	TIMEOUT:1			
GenMC+CAT	c/pthread-wmm/safe010_power.oepc_power.opt_pso.oepc_pso.opt_rmo.oepc_rmo.opt.yml	1						true	false(unreach-call):1	0.686000755	0.674329778	26218496
GenMC+CAT	c/pthread-wmm/safe010_tso.yml	1						true	true:1	1.8338136	1.81960875	25825280
GenMC+CAT	c/pthread-wmm/safe011_power.oepc_pso.oepc_rmo.oepc_rmo.opt.yml	1						false	TIMEOUT:1			
GenMC+CAT	c/pthread-wmm/safe011_power.opt_pso.opt.yml	1						false	TIMEOUT:1			
GenMC+CAT	c/pthread-wmm/safe011_tso.yml	1						false	TIMEOUT:1			
GenMC+CAT	c/pthread-wmm/safe012_power.oepc.yml	1						true	false(unreach-call):1	0.09895179	0.089024635	26214400
GenMC+CAT	c/pthread-wmm/safe012_power.opt.yml	1						false	TIMEOUT:1			
GenMC+CAT	c/pthread-wmm/safe012_pso.oepc_pso.opt_rmo.opt.yml	1						false	TIMEOUT:1			
GenMC+CAT	c/pthread-wmm/safe012_rmo.oepc.yml	1						true	false(unreach-call):1	0.092344036	0.086333864	26218496
GenMC+CAT	c/pthread-wmm/safe012_tso.yml	1						false	TIMEOUT:1			
GenMC+CAT	c/pthread-wmm/safe013_power.oepc_power.opt_pso.oepc_pso.opt_rmo.oepc_rmo.opt.yml	1						false	TIMEOUT:1			
GenMC+CAT	c/pthread-wmm/safe013_tso.yml	1						false	TIMEOUT:1			
GenMC+CAT	c/pthread-wmm/safe014_power.oepc.yml	1						true	false(unreach-call):1	0.093782777	0.086222563	26222592
GenMC+CAT	c/pthread-wmm/safe014_power.opt.yml	1						true	false(unreach-call):1	0.093146981	0.084668497	26218496
GenMC+CAT	c/pthread-wmm/safe014_pso.oepc_pso.opt_tso.oepc_tso.opt.yml	1						false	TIMEOUT:1			
GenMC+CAT	c/pthread-wmm/safe014_rmo.oepc.yml	1						true	false(unreach-call):1	0.097550822	0.084191878	26218496
GenMC+CAT	c/pthread-wmm/safe014_rmo.opt.yml	1						false	TIMEOUT:1			
GenMC+CAT	c/pthread-wmm/safe015_power.oepc.yml	1						true	false(unreach-call):1	0.101212894	0.095814537	26619904
GenMC+CAT	c/pthread-wmm/safe015_power.opt.yml	1						false	TIMEOUT:1			
GenMC+CAT	c/pthread-wmm/safe015_pso.oepc_pso.opt_tso.oepc_tso.opt.yml	1						false	TIMEOUT:1			
GenMC+CAT	c/pthread-wmm/safe015_rmo.yml	1						false	TIMEOUT:1			
GenMC+CAT	c/pthread-wmm/safe016_power.oepc.yml	1						true	false(unreach-call):1	0.109297311	0.099885113	26476544
GenMC+CAT	c/pthread-wmm/safe016_power.opt.yml	1						false	TIMEOUT:1			
GenMC+CAT	c/pthread-wmm/safe016_pso.oepc_pso.opt_tso.oepc_tso.opt.yml	1						false	TIMEOUT:1			
GenMC+CAT	c/pthread-wmm/safe016_rmo.oepc.yml	1						true	false(unreach-call):1	0.100938057	0.09331833	26476544
GenMC+CAT	c/pthread-wmm/safe016_rmo.opt.yml	1						false	TIMEOUT:1			
GenMC+CAT	c/pthread-wmm/safe017_power.oepc_power.opt_pso.oepc_pso.opt_rmo.oepc_rmo.opt.yml	1						false	TIMEOUT:1			
GenMC+CAT	c/pthread-wmm/safe017_tso.yml	1						false	TIMEOUT:1			
GenMC+CAT	c/pthread-wmm/safe018_power.oepc.yml	1						true	false(unreach-call):1	0.092458126	0.083613731	26226688
GenMC+CAT	c/pthread-wmm/safe018_power.opt.yml	1						false	TIMEOUT:1			
GenMC+CAT	c/pthread-wmm/safe018_pso.oepc_pso.opt_tso.oepc_tso.opt.yml	1						false	TIMEOUT:1			
GenMC+CAT	c/pthread-wmm/safe018_rmo.oepc.yml	1						true	false(unreach-call):1	0.092288042	0.086468821	26087424
GenMC+CAT	c/pthread-wmm/safe018_rmo.opt.yml	1						false	TIMEOUT:1			
GenMC+CAT	c/pthread-wmm/safe019_power.oepc.yml	1						true	false(unreach-call):1	0.109509697	0.096208857	26476544
GenMC+CAT	c/pthread-wmm/safe019_power.opt.yml	1						false	TIMEOUT:1			
GenMC+CAT	c/pthread-wmm/safe019_pso.oepc_pso.opt_tso.oepc_tso.opt.yml	1						false	TIMEOUT:1			
GenMC+CAT	c/pthread-wmm/safe019_rmo.oepc.yml	1						true	false(unreach-call):1	0.100974357	0.092133993	26476544
GenMC+CAT	c/pthread-wmm/safe019_rmo.opt.yml	1						false	TIMEOUT:1			
GenMC+CAT	c/pthread-wmm/safe020_power.yml	1						false	TIMEOUT:1			
GenMC+CAT	c/pthread-wmm/safe020_pso.oepc_pso.opt_tso.oepc_tso.opt.yml	1						false	TIMEOUT:1			
GenMC+CAT	c/pthread-wmm/safe020_rmo.yml	1						false	TIMEOUT:1			
GenMC+CAT	c/pthread-wmm/safe021_power.oepc_pso.oepc_rmo.oepc_rmo.opt.yml	1						false	TIMEOUT:1			
GenMC+CAT	c/pthread-wmm/safe021_power.opt_pso.opt.yml	1						false	TIMEOUT:1			
GenMC+CAT	c/pthread-wmm/safe021_tso.yml	1						false	TIMEOUT:1			
GenMC+CAT	c/pthread-wmm/safe022_power.oepc_power.opt_pso.oepc_pso.opt_rmo.oepc_rmo.opt.yml	1						true	false(unreach-call):1	1.01664927	1.00389141	26087424
GenMC+CAT	c/pthread-wmm/safe022_tso.yml	1						true	true:1	1.94585498	1.92365048	25780224
GenMC+CAT	c/pthread-wmm/safe023_power.oepc_power.opt_pso.oepc_pso.opt_rmo.oepc_rmo.opt.yml	1						false	TIMEOUT:1			
GenMC+CAT	c/pthread-wmm/safe023_tso.yml	1						false	TIMEOUT:1			
GenMC+CAT	c/pthread-wmm/safe024_power.oepc_power.opt_pso.oepc_pso.opt_rmo.oepc_rmo.opt.yml	1						false	TIMEOUT:1			
GenMC+CAT	c/pthread-wmm/safe024_tso.yml	1						false	TIMEOUT:1			
GenMC+CAT	c/pthread-wmm/safe025_power.yml	1						true	false(unreach-call):1	0.101035498	0.095065609	26619904
GenMC+CAT	c/pthread-wmm/safe025_pso.oepc_pso.opt_tso.oepc_tso.opt.yml	1						false	TIMEOUT:1			
GenMC+CAT	c/pthread-wmm/safe025_rmo.yml	1						false	TIMEOUT:1			
GenMC+CAT	c/pthread-wmm/safe026_power.oepc_power.opt_pso.oepc_pso.opt_rmo.oepc_rmo.opt.yml	1						false	TIMEOUT:1			
GenMC+CAT	c/pthread-wmm/safe026_tso.yml	1						false	TIMEOUT:1			
GenMC+CAT	c/pthread-wmm/safe027_power.oepc.yml	1						true	false(unreach-call):1	0.0998899631	0.091855567	26476544
GenMC+CAT	c/pthread-wmm/safe027_power.opt.yml	1						false	TIMEOUT:1			
GenMC+CAT	c/pthread-wmm/safe027_pso.oepc_pso.opt_tso.oepc_tso.opt.yml	1						false	TIMEOUT:1			
GenMC+CAT	c/pthread-wmm/safe027_rmo.yml	1						true	false(unreach-call):1	0.100974578	0.09100328	26349568
GenMC+CAT	c/pthread-wmm/safe028_power.yml	1						false	TIMEOUT:1			
GenMC+CAT	c/pthread-wmm/safe028_pso.oepc_pso.opt_tso.oepc_tso.opt.yml	1						false	TIMEOUT:1			
GenMC+CAT	c/pthread-wmm/safe028_rmo.yml	1						false	TIMEOUT:1			
GenMC+CAT	c/pthread-wmm/safe029_power.oepc_pso.oepc_rmo.oepc.yml	1						true	false(unreach-call):1	0.667156042	0.658321675	26214400
GenMC+CAT	c/pthread-wmm/safe029_power.opt_pso.opt_rmo.opt.yml	1						true	false(unreach-call):1	4.71246512	4.688201	26226688
GenMC+CAT	c/pthread-wmm/safe029_tso.yml	1						true	true:1	1.75967246	1.74351831	25903104
GenMC+CAT	c/pthread-wmm/safe030_power.oepc_pso.oepc_rmo.oepc.yml	1						false	TIMEOUT:1			
GenMC+CAT	c/pthread-wmm/safe030_power.opt_pso.opt_rmo.opt.yml	1						false	TIMEOUT:1			
GenMC+CAT	c/pthread-wmm/safe030_tso.yml	1						false	TIMEOUT:1			
GenMC+CAT	c/pthread-wmm/safe031_power.oepc_pso.oepc_rmo.oepc.yml	1						false	TIMEOUT:1			
GenMC+CAT	c/pthread-wmm/safe031_power.opt_pso.opt_rmo.opt.yml	1						false	TIMEOUT:1			
GenMC+CAT	c/pthread-wmm/safe031_tso.yml	1						false	TIMEOUT:1			
GenMC+CAT	c/pthread-wmm/safe032_power.oepc_power.opt_pso.oepc_pso.opt_rmo.oepc_rmo.opt.yml	1						false	TIMEOUT:1			
GenMC+CAT	c/pthread-wmm/safe032_tso.yml	1						false	TIMEOUT:1			
GenMC+CAT	c/pthread-wmm/safe033_power.oepc_power.opt_pso.oepc_pso.opt_rmo.oepc_rmo.opt.yml	1						true	false(unreach-call):1	14.584292	14.5061254	26107904
GenMC+CAT	c/pthread-wmm/safe033_tso.yml	1						true	true:1	4.3684078	4.34970978	25886720
GenMC+CAT	c/pthread-wmm/safe034_power.oepc_power.opt_pso.oepc_pso.opt_rmo.oepc_rmo.opt.yml	1						false	TIMEOUT:1			
GenMC+CAT	c/pthread-wmm/safe034_tso.yml	1						false	TIMEOUT:1			
GenMC+CAT	c/pthread-wmm/safe035_power.yml	1						false	TIMEOUT:1			
GenMC+CAT	c/pthread-wmm/safe035_pso.oepc_pso.opt_rmo.oepc_rmo.opt_tso.oepc_tso.opt.yml	1						false	TIMEOUT:1			
GenMC+CAT	c/pthread-wmm/safe036.yml	1						true	true:1	12.1896715	12.1701341	25821184
GenMC+CAT	c/pthread-wmm/safe037.yml	1						false	TIMEOUT:1			
GenMC+CAT	c/pthread-wmm/thin002_power.oepc.yml	1						true	false(unreach-call):1	0.100503412	0.094322758	26292224
GenMC+CAT	c/pthread-wmm/thin002_power.opt.yml	1						false	TIMEOUT:1			
GenMC+CAT	c/pthread-wmm/thin002_pso.oepc_pso.opt_tso.oepc_tso.opt.yml	1						false	TIMEOUT:1			
GenMC+CAT	c/pthread-wmm/thin002_rmo.yml	1						true	false(unreach-call):1	0.096132351	0.087025191	26234880
GenMC+CAT	c/pthread/bigshot_s.yml	1						true	true:1	0.079650273	0.073981645	25956352
GenMC+CAT	c/pthread/bigshot_s2.yml	1						true	true:1	0.142836156	0.069153227	25960448
GenMC+CAT	c/pthread/butterfly.yml	1						true	true:1	28.7236418	28.5058733	25952256
GenMC+CAT	c/pthread/fib_safe-10.yml	1						false	TIMEOUT:1			
GenMC+CAT	c/pthread/fib_safe-11.yml	1						false	TIMEOUT:1			
GenMC+CAT	c/pthread/fib_safe-12.yml	1						false	TIMEOUT:1			
GenMC+CAT	c/pthread/fib_safe-5.yml	1						false	TIMEOUT:1			
GenMC+CAT	c/pthread/fib_safe-6.yml	1						false	TIMEOUT:1			
GenMC+CAT	c/pthread/fib_safe-7.yml	1						false	TIMEOUT:1			
GenMC+CAT	c/pthread/fib_unsafe-10.yml	1						false	TIMEOUT:1			
GenMC+CAT	c/pthread/fib_unsafe-11.yml	1						false	TIMEOUT:1			
GenMC+CAT	c/pthread/fib_unsafe-12.yml	1						false	TIMEOUT:1			
GenMC+CAT	c/pthread/fib_unsafe-5.yml	1						true	false(unreach-call):1	39.1253639	38.7602486	25833472
GenMC+CAT	c/pthread/fib_unsafe-6.yml	1						false	TIMEOUT:1			
GenMC+CAT	c/pthread/fib_unsafe-7.yml	1						false	TIMEOUT:1			
GenMC+CAT	c/pthread/lazy01.yml	1						true	false(unreach-call):1	0.079300994	0.070002408	25960448
GenMC+CAT	c/pthread/queue.yml	1						true	false(unreach-call):1	1.45776917	1.44742824	26038272
GenMC+CAT	c/pthread/queue_longer.yml	1						false	TIMEOUT:1			
GenMC+CAT	c/pthread/queue_longest.yml	1						false	TIMEOUT:1			
GenMC+CAT	c/pthread/queue_ok.yml	1						true	true:1	0.10569066	0.099465508	26034176
GenMC+CAT	c/pthread/queue_ok_longer.yml	1						true	true:1	8.55710461	8.54452964	253743104
GenMC+CAT	c/pthread/queue_ok_longest.yml	1						true	true:1	37.7840759	37.4978762	969699328
GenMC+CAT	c/pthread/reorder_2.yml	1						true	false(unreach-call):1	0.732925762	0.726064503	26017792
GenMC+CAT	c/pthread/reorder_5.yml	1						true	false(unreach-call):1	38.6495813	38.6181029	25952256
GenMC+CAT	c/pthread/singleton.yml	1						true	false(unreach-call):1	0.084559551	0.079629472	26091520
GenMC+CAT	c/pthread/singleton_with-uninit-problems.yml	1						true	true:1	0.090202186	0.080144473	26087424
GenMC+CAT	c/pthread/stack-1.yml	1						true	true:1	0.082508273	0.076907056	25960448
GenMC+CAT	c/pthread/stack-2.yml	1						true	true:1	0.083387807	0.074277772	25919488
GenMC+CAT	c/pthread/stack_longer-1.yml	1						false	TIMEOUT:1			
GenMC+CAT	c/pthread/stack_longer-2.yml	1						false	TIMEOUT:1			
GenMC+CAT	c/pthread/stack_longest-1.yml	1						false	TIMEOUT:1			
GenMC+CAT	c/pthread/stack_longest-2.yml	1						false	TIMEOUT:1			
GenMC+CAT	c/pthread/stateful01-1.yml	1						true	false(unreach-call):1	0.091588259	0.06221185	25829376
GenMC+CAT	c/pthread/stateful01-2.yml	1						true	true:1	0.115275424	0.06806207	25825280
GenMC+CAT	c/pthread/sync01.yml	1						false	ERROR (compilation):1			
GenMC+CAT	c/pthread/triangular-1.yml	1						false	TIMEOUT:1			
GenMC+CAT	c/pthread/triangular-2.yml	1						true	false(unreach-call):1	20.695791	19.7010742	25960448
GenMC+CAT	c/pthread/triangular-longer-1.yml	1						false	TIMEOUT:1			
GenMC+CAT	c/pthread/triangular-longer-2.yml	1						false	TIMEOUT:1			
GenMC+CAT	c/pthread/triangular-longest-1.yml	1						false	TIMEOUT:1			
GenMC+CAT	c/pthread/triangular-longest-2.yml	1						false	TIMEOUT:1			
GenMC+CAT	c/pthread/twostage_3.yml	1						true	false(unreach-call):1	0.103955962	0.094315139	26087424
GenMC+CAT	c/weaver/array-eq-symm.wvr.yml	1						true	true:1	0.0792579851	0.056125206	25432064
GenMC+CAT	c/weaver/array-eq-trans.wvr.yml	1						true	true:1	0.11380422	0.064830015	25473024
GenMC+CAT	c/weaver/bench-exp1x3.wvr.yml	1						true	true:1	0.066109828	0.053771165	25333760
GenMC+CAT	c/weaver/bench-exp2x3.wvr.yml	1						true	true:1	0.128046688	0.057517004	25432064
GenMC+CAT	c/weaver/bench-exp2x4.wvr.yml	1						true	true:1	0.125882508	0.054625982	25436160
GenMC+CAT	c/weaver/bench-exp2x6.wvr.yml	1						true	true:1	0.095948936	0.057171267	25415680
GenMC+CAT	c/weaver/bench-exp2x9.wvr.yml	1						true	true:1	0.095788744	0.058770643	25427968
GenMC+CAT	c/weaver/bench-exp3x3-opt.wvr.yml	1						true	true:1	0.0986829	0.059976491	25427968
GenMC+CAT	c/weaver/bench-exp3x3.wvr.yml	1						true	true:1	0.091280955	0.061041825	25456640
GenMC+CAT	c/weaver/chl-array-int-subst.wvr.yml	1						true	true:1	0.073901032	0.060717136	25579520
GenMC+CAT	c/weaver/chl-array-int-symm.wvr.yml	1						true	true:1	0.067907548	0.06088448	25481216
GenMC+CAT	c/weaver/chl-array-int-trans.wvr.yml	1						true	true:1	0.111174669	0.066052528	25440256
GenMC+CAT	c/weaver/chl-chromosome-opt-symm.wvr.yml	1						true	true:1	0.079486197	0.061555774	25559040
GenMC+CAT	c/weaver/chl-chromosome-subst.wvr.yml	1						true	true:1	0.092959956	0.062240391	25542656
GenMC+CAT	c/weaver/chl-chromosome-symm.wvr.yml	1						true	true:1	0.098687684	0.065268845	25444352
GenMC+CAT	c/weaver/chl-chromosome-trans.wvr.yml	1						true	true:1	0.095825888	0.063600743	25452544
GenMC+CAT	c/weaver/chl-collitem-subst.wvr.yml	1						true	true:1	0.112819665	0.069550286	25436160
GenMC+CAT	c/weaver/chl-collitem-symm.wvr.yml	1						true	true:1	0.087036106	0.063238538	25432064
GenMC+CAT	c/weaver/chl-collitem-trans.wvr.yml	1						true	true:1	0.117828742	0.067807271	25436160
GenMC+CAT	c/weaver/chl-exp-term-subst.wvr.yml	1						true	true:1	0.105995703	0.062373468	25440256
GenMC+CAT	c/weaver/chl-exp-term-symm.wvr.yml	1						true	true:1	0.08243187	0.058378277	25427968
GenMC+CAT	c/weaver/chl-file-item-subst.wvr.yml	1						true	true:1	0.104800644	0.06116721	25432064
GenMC+CAT	c/weaver/chl-file-item-symm.wvr.yml	1						true	true:1	0.091686151	0.05827282	25374720
GenMC+CAT	c/weaver/chl-file-item-trans.wvr.yml	1						true	true:1	0.092039183	0.059307372	25432064
GenMC+CAT	c/weaver/chl-match-subst.wvr.yml	1						true	true:1	0.096170232	0.061192811	25448448
GenMC+CAT	c/weaver/chl-match-symm.wvr.yml	1						true	true:1	0.094642653	0.058487349	25391104
GenMC+CAT	c/weaver/chl-match-trans.wvr.yml	1						true	true:1	0.087625616	0.060819038	25436160
GenMC+CAT	c/weaver/chl-name-comparator-subst.wvr.yml	1						true	true:1	0.135002458	0.06801024	25559040
GenMC+CAT	c/weaver/chl-name-comparator-symm.wvr.yml	1						true	true:1	0.136817475	0.066375012	25559040
GenMC+CAT	c/weaver/chl-name-comparator-trans.wvr.yml	1						true	true:1	0.113533289	0.067513684	25583616
GenMC+CAT	c/weaver/chl-node-subst.wvr.yml	1						true	true:1	0.131825185	0.071317637	25559040
GenMC+CAT	c/weaver/chl-node-symm.wvr.yml	1						true	true:1	0.075062528	0.063674918	25513984
GenMC+CAT	c/weaver/chl-node-trans.wvr.yml	1						true	true:1	0.117341043	0.069491293	25563136
GenMC+CAT	c/weaver/chl-nzb-file-subst.wvr.yml	1						true	true:1	0.179050305	0.091527079	25690112
GenMC+CAT	c/weaver/chl-nzb-file-symm.wvr.yml	1						true	true:1	0.139930641	0.082767753	25563136
GenMC+CAT	c/weaver/chl-nzb-file-trans.wvr.yml	1						true	true:1	0.166047149	0.0947831	25694208
GenMC+CAT	c/weaver/chl-poker-hand-subst.wvr.yml	1						true	true:1	0.191221638	0.117055445	26480640
GenMC+CAT	c/weaver/chl-poker-hand-symm.wvr.yml	1						true	true:1	0.149109171	0.097762797	26083328
GenMC+CAT	c/weaver/chl-poker-hand-trans.wvr.yml	1						true	true:1	0.173290158	0.113596037	26480640
GenMC+CAT	c/weaver/chl-simpl-str-subst.wvr.yml	1						true	true:1	0.073214469	0.062698121	25432064
GenMC+CAT	c/weaver/chl-simpl-str-symm.wvr.yml	1						true	true:1	0.150239892	0.05469162	25436160
GenMC+CAT	c/weaver/chl-simpl-str-trans.wvr.yml	1						true	true:1	0.087745606	0.055475041	25427968
GenMC+CAT	c/weaver/chl-sre-subst.wvr.yml	1						true	true:1	0.100037839	0.054379714	25346048
GenMC+CAT	c/weaver/chl-sre-symm.wvr.yml	1						true	true:1	0.083526095	0.05633952	25436160
GenMC+CAT	c/weaver/chl-sre-trans.wvr.yml	1						true	true:1	0.099736376	0.055276865	25440256
GenMC+CAT	c/weaver/chl-time-subst.wvr.yml	1						true	true:1	0.09458988	0.064846935	25436160
GenMC+CAT	c/weaver/chl-time-symm.wvr.yml	1						true	true:1	0.073157614	0.05913161	25448448
GenMC+CAT	c/weaver/chl-time-trans.wvr.yml	1						true	true:1	0.093923574	0.06478108	25436160
GenMC+CAT	c/weaver/chl-word-subst.wvr.yml	1						false	OUT OF MEMORY:1			
GenMC+CAT	c/weaver/chl-word-symm.wvr.yml	1						false	OUT OF MEMORY:1			
GenMC+CAT	c/weaver/chl-word-trans.wvr.yml	1						false	OUT OF MEMORY:1			
GenMC+CAT	c/weaver/clever.wvr.yml	1						true	true:1	0.123967838	0.054025135	25362432
GenMC+CAT	c/weaver/fibonacci.wvr.yml	1						true	true:1	0.064353765	0.056928324	25436160
GenMC+CAT	c/weaver/loop-tiling-eq.wvr.yml	1						true	true:1	0.074131847	0.062784041	25473024
GenMC+CAT	c/weaver/mult-comm.wvr.yml	1						false	OUT OF MEMORY:1			
GenMC+CAT	c/weaver/mult-dist.wvr.yml	1						false	OUT OF MEMORY:1			
GenMC+CAT	c/weaver/mult-flipped-dist.wvr.yml	1						false	OUT OF MEMORY:1			
GenMC+CAT	c/weaver/parallel-bakery-2.wvr.yml	1						true	true:1	0.109934354	0.057011045	25460736
GenMC+CAT	c/weaver/parallel-bakery-3.wvr.yml	1						true	true:1	0.109707733	0.062619305	25563136
GenMC+CAT	c/weaver/parallel-bakery-4.wvr.yml	1						true	true:1	0.112268449	0.068189961	25690112
GenMC+CAT	c/weaver/parallel-barrier-loop.wvr.yml	1						true	true:1	0.104044252	0.062716999	25509888
GenMC+CAT	c/weaver/parallel-barrier.wvr.yml	1						true	true:1	0.132226489	0.065953572	25444352
GenMC+CAT	c/weaver/parallel-bluetooth.wvr.yml	1						true	true:1	0.159498549	0.055083983	25366528
GenMC+CAT	c/weaver/parallel-lamport.wvr.yml	1						true	true:1	0.094730559	0.05969131	25432064
GenMC+CAT	c/weaver/parallel-min-max-1.wvr.yml	1						false	OUT OF MEMORY:1			
GenMC+CAT	c/weaver/parallel-misc-1.wvr.yml	1						true	true:1	0.104522967	0.06277894	25448448
GenMC+CAT	c/weaver/parallel-misc-2-unrolled-atomic.wvr.yml	1						true	true:1	0.138507727	0.055198435	25305088
GenMC+CAT	c/weaver/parallel-misc-2-unrolled.wvr.yml	1						true	true:1	0.068634787	0.057755708	25300992
GenMC+CAT	c/weaver/parallel-misc-2.wvr.yml	1						true	true:1	0.11611649	0.055562661	25300992
GenMC+CAT	c/weaver/parallel-misc-3-extended.wvr.yml	1						true	true:1	0.238401415	0.161453178	25382912
GenMC+CAT	c/weaver/parallel-misc-3.wvr.yml	1						true	true:1	0.081890553	0.056414446	25432064
GenMC+CAT	c/weaver/parallel-misc-4.wvr.yml	1						true	true:1	0.141310599	0.055613203	25325568
GenMC+CAT	c/weaver/parallel-misc-5.wvr.yml	1						true	true:1	0.105106101	0.059389967	25407488
GenMC+CAT	c/weaver/parallel-parallel-sum-1-dsl.wvr.yml	1						true	true:1	0.098880825	0.069569137	25571328
GenMC+CAT	c/weaver/parallel-parallel-sum-1.wvr.yml	1						true	true:1	0.070012796	0.063436067	25579520
GenMC+CAT	c/weaver/parallel-parallel-sum-2.wvr.yml	1						true	true:1	0.109777767	0.067994067	25567232
GenMC+CAT	c/weaver/parallel-parallel-sum-equiv.wvr.yml	1						true	true:1	0.137142275	0.064936161	25432064
GenMC+CAT	c/weaver/parallel-simple-equiv.wvr.yml	1						true	true:1	0.076182825	0.051008594	25391104
GenMC+CAT	c/weaver/parallel-ticket-2.wvr.yml	1						true	true:1	0.077191227	0.055110258	25423872
GenMC+CAT	c/weaver/parallel-ticket-3.wvr.yml	1						true	true:1	0.085518218	0.057087612	25382912
GenMC+CAT	c/weaver/parallel-ticket-4.wvr.yml	1						true	true:1	0.108709732	0.05953262	25444352
GenMC+CAT	c/weaver/parallel-ticket-5.wvr.yml	1						true	true:1	0.121031282	0.057600555	25460736
GenMC+CAT	c/weaver/parallel-ticket-6.wvr.yml	1						true	true:1	0.087989678	0.058792077	25452544
GenMC+CAT	c/weaver/parallel-ticket-7.wvr.yml	1						true	true:1	0.153261739	0.063048259	25432064
GenMC+CAT	c/weaver/parallel-ticket-8.wvr.yml	1						true	true:1	0.118244612	0.065628425	25563136
GenMC+CAT	c/weaver/popl20-bad-buffer-mult-alt.wvr.yml	1						false	OUT OF MEMORY:1			
GenMC+CAT	c/weaver/popl20-bad-buffer-mult-alt2.wvr.yml	1						false	OUT OF MEMORY:1			
GenMC+CAT	c/weaver/popl20-bad-buffer-mult-alt3.wvr.yml	1						false	OUT OF MEMORY:1			
GenMC+CAT	c/weaver/popl20-bad-commit-1.wvr-bad.yml	1						true	true:1	0.102190238	0.064862813	25583616
GenMC+CAT	c/weaver/popl20-bad-commit-2.wvr-bad.yml	1						true	true:1	0.160721247	0.070170238	25550848
GenMC+CAT	c/weaver/popl20-bad-counter-queue.wvr.yml	1						true	true:1	0.096585244	0.061607986	25432064
GenMC+CAT	c/weaver/popl20-bad-counter-queue2.wvr.yml	1						true	true:1	0.124212974	0.05949	25432064
GenMC+CAT	c/weaver/popl20-bad-dot-product-alt.wvr.yml	1						true	true:1	0.153704765	0.064763598	25563136
GenMC+CAT	c/weaver/popl20-bad-dot-product.wvr.yml	1						true	true:1	0.122171266	0.065077504	25440256
GenMC+CAT	c/weaver/popl20-bad-ring-nondet.wvr.yml	1						true	true:1	0.136644019	0.069814825	25509888
GenMC+CAT	c/weaver/popl20-bad-ring.wvr.yml	1						true	true:1	0.119882402	0.06326718	25563136
GenMC+CAT	c/weaver/popl20-bad-threaded-sum-2.wvr.yml	1						false	OUT OF MEMORY:1			
GenMC+CAT	c/weaver/popl20-bad-three-array-sum-alt.wvr.yml	1						true	true:1	0.074266119	0.061821947	25403392
GenMC+CAT	c/weaver/popl20-channel-sum.wvr.yml	1						true	true:1	0.081192197	0.057736037	25432064
GenMC+CAT	c/weaver/popl20-commit-1.wvr.yml	1						true	true:1	0.131102792	0.06806458	25546752
GenMC+CAT	c/weaver/popl20-commit-2.wvr.yml	1						true	true:1	0.106439392	0.090447537	25559040
GenMC+CAT	c/weaver/popl20-counter-determinism.wvr.yml	1						true	true:1	0.147075622	0.054268547	25432064
GenMC+CAT	c/weaver/popl20-counter-fun.wvr.yml	1						true	true:1	0.077967235	0.059783571	25374720
GenMC+CAT	c/weaver/popl20-difference-det.wvr.yml	1						true	true:1	0.12074478	0.055029258	25427968
GenMC+CAT	c/weaver/popl20-figure1-alt.wvr.yml	1						true	true:1	0.071905402	0.060706932	25350144
GenMC+CAT	c/weaver/popl20-figure1.wvr.yml	1						true	true:1	0.063801005	0.051723946	25309184
GenMC+CAT	c/weaver/popl20-figure3.wvr.yml	1						false	TIMEOUT:1			
GenMC+CAT	c/weaver/popl20-horseshoe.wvr.yml	1						false	OUT OF MEMORY:1			
GenMC+CAT	c/weaver/popl20-min-max-dec.wvr.yml	1						true	true:1	0.09146722	0.059204718	25460736
GenMC+CAT	c/weaver/popl20-min-max-inc-dec.wvr.yml	1						true	true:1	0.090071922	0.061472775	25559040
GenMC+CAT	c/weaver/popl20-min-max-inc.wvr.yml	1						true	true:1	0.140396333	0.059353614	25440256
GenMC+CAT	c/weaver/popl20-more-array-sum-alt.wvr.yml	1						true	true:1	0.0782184839	0.059932064	25497600
GenMC+CAT	c/weaver/popl20-more-array-sum-alt2.wvr.yml	1						true	true:1	0.108095922	0.062297519	25559040
GenMC+CAT	c/weaver/popl20-more-array-sum.wvr.yml	1						true	true:1	0.077902545	0.060005854	25436160
GenMC+CAT	c/weaver/popl20-more-array-sum2.wvr.yml	1						true	true:1	0.10839582	0.066189809	25444352
GenMC+CAT	c/weaver/popl20-more-buffer-mult.wvr.yml	1						false	OUT OF MEMORY:1			
GenMC+CAT	c/weaver/popl20-more-buffer-mult2.wvr.yml	1						false	OUT OF MEMORY:1			
GenMC+CAT	c/weaver/popl20-more-buffer-mult3.wvr.yml	1						false	OUT OF MEMORY:1			
GenMC+CAT	c/weaver/popl20-more-buffer-series.wvr.yml	1						true	true:1	0.088381655	0.068757009	25567232
GenMC+CAT	c/weaver/popl20-more-buffer-series2.wvr.yml	1						true	true:1	0.091169394	0.063014538	25563136
GenMC+CAT	c/weaver/popl20-more-buffer-series3.wvr.yml	1						true	true:1	0.107836322	0.067816947	25559040
GenMC+CAT	c/weaver/popl20-more-dec-subseq.wvr.yml	1						true	true:1	0.11692462	0.064157513	25452544
GenMC+CAT	c/weaver/popl20-more-inc-subseq.wvr.yml	1						true	true:1	0.203987771	0.061031114	25481216
GenMC+CAT	c/weaver/popl20-more-max-array-hom.wvr.yml	1						true	true:1	0.091897056	0.05958352	25419776
GenMC+CAT	c/weaver/popl20-more-max-array.wvr.yml	1						true	true:1	0.107147143	0.060292309	25423872
GenMC+CAT	c/weaver/popl20-more-min-array-hom.wvr.yml	1						true	true:1	0.080506937	0.058826916	25427968
GenMC+CAT	c/weaver/popl20-more-min-array.wvr.yml	1						true	true:1	0.083958071	0.058381414	25440256
GenMC+CAT	c/weaver/popl20-more-min-le-max.wvr.yml	1						true	true:1	0.077249978	0.05732323	25440256
GenMC+CAT	c/weaver/popl20-more-mts.wvr.yml	1						true	true:1	0.117777962	0.062308637	25489408
GenMC+CAT	c/weaver/popl20-more-multiply-verify.wvr.yml	1						false	OUT OF MEMORY:1			
GenMC+CAT	c/weaver/popl20-more-nonblocking-counter-alt2.wvr.yml	1						false	OUT OF MEMORY:1			
GenMC+CAT	c/weaver/popl20-more-queue-add-2-nl.wvr.yml	1						false	OUT OF MEMORY:1			
GenMC+CAT	c/weaver/popl20-more-queue-add-3-nl.wvr.yml	1						false	OUT OF MEMORY:1			
GenMC+CAT	c/weaver/popl20-more-sorted.wvr.yml	1						true	true:1	0.160579304	0.059612566	25444352
GenMC+CAT	c/weaver/popl20-more-sum-array-hom.wvr.yml	1						true	true:1	0.116031732	0.058209555	25432064
GenMC+CAT	c/weaver/popl20-more-vector-add.wvr.yml	1						true	true:1	0.114037225	0.058031529	25423872
GenMC+CAT	c/weaver/popl20-mult-4.wvr.yml	1						false	OUT OF MEMORY:1			
GenMC+CAT	c/weaver/popl20-mult-equiv.wvr.yml	1						false	OUT OF MEMORY:1			
GenMC+CAT	c/weaver/popl20-nonblocking-cntr-alt.wvr.yml	1						true	true:1	0.06830778	0.055652148	25296896
GenMC+CAT	c/weaver/popl20-nonblocking-cntr.wvr.yml	1						true	true:1	0.066567263	0.053565536	25378816
GenMC+CAT	c/weaver/popl20-prod-cons-eq.wvr.yml	1						true	true:1	0.084388066	0.064286157	25563136
GenMC+CAT	c/weaver/popl20-prod-cons.wvr.yml	1						true	true:1	0.142283471	0.064503576	25460736
GenMC+CAT	c/weaver/popl20-prod-cons3.wvr.yml	1						true	true:1	0.136765703	0.064594557	25559040
GenMC+CAT	c/weaver/popl20-proofs-counter-add-4-semi-Q67.wvr.yml	1						true	true:1	0.074026966	0.055589082	25358336
GenMC+CAT	c/weaver/popl20-queue-add-2.wvr.yml	1						true	true:1	0.077821955	0.063209925	25427968
GenMC+CAT	c/weaver/popl20-queue-add-3.wvr.yml	1						true	true:1	0.133916538	0.065639148	25505792
GenMC+CAT	c/weaver/popl20-send-receive-alt.wvr.yml	1						true	true:1	0.079783057	0.060567638	25427968
GenMC+CAT	c/weaver/popl20-send-receive.wvr.yml	1						true	true:1	0.098429619	0.065678189	25485312
GenMC+CAT	c/weaver/popl20-simple-array-sum.wvr.yml	1						true	true:1	0.112686834	0.059862619	25391104
GenMC+CAT	c/weaver/popl20-simple-queue.wvr.yml	1						true	true:1	0.125811746	0.058807359	25427968
GenMC+CAT	c/weaver/popl20-threaded-sum-3.wvr.yml	1						false	OUT OF MEMORY:1			
GenMC+CAT	c/weaver/popl20-three-array-max.wvr.yml	1						true	true:1	0.097456946	0.063556511	25427968
GenMC+CAT	c/weaver/popl20-three-array-min.wvr.yml	1						true	true:1	0.131625698	0.064884682	25497600
GenMC+CAT	c/weaver/popl20-three-array-sum.wvr.yml	1						true	true:1	0.119996127	0.060581063	25432064
GenMC+CAT	c/weaver/popl20-two-queue.wvr.yml	1						true	true:1	0.115126732	0.061155708	25456640
GenMC+CAT	c/weaver/security.wvr.yml	1						true	true:1	0.056740075	0.050797643	25374720
GenMC+CAT	c/weaver/spaghetti.wvr.yml	1						false	TIMEOUT:1			
GenMC+CAT	c/weaver/test-context1.wvr.yml	1						true	true:1	0.112236328	0.05651775	25403392
GenMC+CAT	c/weaver/test-easy1.wvr.yml	1						true	true:1	0.060916444	0.052903405	25309184
GenMC+CAT	c/weaver/test-easy10.wvr.yml	1						true	true:1	0.127153143	0.057112419	25427968
GenMC+CAT	c/weaver/test-easy11.wvr.yml	1						false	TIMEOUT:1			
GenMC+CAT	c/weaver/test-easy6.wvr.yml	1						true	true:1	0.077623408	0.06449553	25436160
GenMC+CAT	c/weaver/test-easy7.wvr.yml	1						true	true:1	0.070871864	0.051054542	25296896
GenMC+CAT	c/weaver/test-easy8.wvr.yml	1						true	true:1	0.073634082	0.054594889	25341952
GenMC+CAT	c/weaver/test-hard1.wvr.yml	1						true	true:1	0.122139779	0.068153466	25485312
GenMC+CAT	c/weaver/test-semi1.wvr.yml	1						true	true:1	0.0686287649	0.050760845	25300992
GenMC+CAT	c/weaver/unroll-2.wvr.yml	1						true	true:1	0.130375391	0.058334101	25427968
GenMC+CAT	c/weaver/unroll-3.wvr.yml	1						true	true:1	0.102961411	0.060008154	25432064
GenMC+CAT	c/weaver/unroll-4.wvr.yml	1						true	true:1	0.103919128	0.060286247	25497600
GenMC+CAT	c/weaver/unroll-5.wvr.yml	1						true	true:1	0.090899468	0.060033898	25436160
GenMC+CAT	c/weaver/unroll-cond-2.wvr.yml	1						true	true:1	0.123109583	0.058022951	25427968
GenMC+CAT	c/weaver/unroll-cond-3.wvr.yml	1						true	true:1	0.066549701	0.059063866	25391104
GenMC+CAT	c/weaver/unroll-cond-4.wvr.yml	1						true	true:1	0.127621137	0.060108228	25432064
GenMC+CAT	c/weaver/unroll-cond-5.wvr.yml	1						true	true:1	0.094702916	0.06060542	25440256
