backend	task_yaml	runs	family	source_bytes	source_lines	adapter_source_lines	adapter_transitive_lines	all_repetitions_solved	statuses	median_wall_seconds	median_cpu_seconds	median_memory_bytes
Deagle	c/goblint-regression/13-privatized_01-priv_nr_true.yml	1	goblint-regression	1061	42			true	true:1	0.265793705	0.220143804	11157504
Deagle	c/goblint-regression/13-privatized_04-priv_multi_true.yml	1	goblint-regression	50054	1214			false	TIMEOUT:1			
Deagle	c/goblint-regression/13-privatized_18-first-reads_true.yml	1	goblint-regression	1011	45			true	true:1	0.283921887	0.217353939	11100160
Deagle	c/goblint-regression/13-privatized_18-first-reads_unknown_1_neg.yml	1	goblint-regression	977	44			true	false(unreach-call):1	0.337398675	0.266266218	10969088
Deagle	c/goblint-regression/13-privatized_18-first-reads_unknown_1_pos.yml	1	goblint-regression	974	44			true	false(unreach-call):1	0.312584232	0.239477527	11042816
Deagle	c/goblint-regression/13-privatized_18-first-reads_unknown_2_neg.yml	1	goblint-regression	977	44			true	false(unreach-call):1	0.285481324	0.236205402	11108352
Deagle	c/goblint-regression/13-privatized_18-first-reads_unknown_2_pos.yml	1	goblint-regression	974	44			true	false(unreach-call):1	0.338061937	0.262806674	11022336
Deagle	c/goblint-regression/13-privatized_19-publish-precision_true.yml	1	goblint-regression	1081	43			true	true:1	0.257627147	0.226319556	11112448
Deagle	c/goblint-regression/13-privatized_19-publish-precision_unknown_1_neg.yml	1	goblint-regression	1051	42			true	false(unreach-call):1	0.331599568	0.279867169	11046912
Deagle	c/goblint-regression/13-privatized_19-publish-precision_unknown_1_pos.yml	1	goblint-regression	1048	42			true	false(unreach-call):1	0.333248399	0.239378252	11051008
Deagle	c/goblint-regression/13-privatized_19-publish-precision_unknown_2_neg.yml	1	goblint-regression	1051	42			true	false(unreach-call):1	0.287236908	0.236857497	11067392
Deagle	c/goblint-regression/13-privatized_19-publish-precision_unknown_2_pos.yml	1	goblint-regression	1048	42			true	false(unreach-call):1	0.347588819	0.281601823	11083776
Deagle	c/goblint-regression/13-privatized_20-publish-regression_true.yml	1	goblint-regression	1284	46			true	true:1	0.285456272	0.226464184	11083776
Deagle	c/goblint-regression/13-privatized_24-multiple-protecting_true.yml	1	goblint-regression	1821	66			true	true:1	0.42488656	0.340213937	28749824
Deagle	c/goblint-regression/13-privatized_25-struct_nr_true.yml	1	goblint-regression	1138	46			true	true:1	0.311831645	0.244820453	11063296
Deagle	c/goblint-regression/13-privatized_27-multiple-protecting2_true.yml	1	goblint-regression	2193	72			true	true:1	0.384376925	0.362999991	29880320
Deagle	c/goblint-regression/13-privatized_29-multiple-protecting2-vesal_true.yml	1	goblint-regression	1674	53			true	true:1	0.373928719	0.267485449	13758464
Deagle	c/goblint-regression/13-privatized_30-traces-oplus-vs-meet_true.yml	1	goblint-regression	1337	51			true	true:1	0.27019871	0.234475257	11091968
Deagle	c/goblint-regression/13-privatized_31-traces-mine-vs-mutex_true.yml	1	goblint-regression	1267	46			true	true:1	0.300838832	0.241720732	12890112
Deagle	c/goblint-regression/13-privatized_32-traces-mine-vs-oplus-vs-meet_true.yml	1	goblint-regression	1377	53			true	true:1	0.284733885	0.256000498	14712832
Deagle	c/goblint-regression/13-privatized_33-traces-v-matters_true.yml	1	goblint-regression	1097	42			true	true:1	0.285876446	0.23940307	11005952
Deagle	c/goblint-regression/13-privatized_34-traces-minepp-L-needs-to-be-um_true.yml	1	goblint-regression	1379	54			true	true:1	0.279735037	0.241156477	12161024
Deagle	c/goblint-regression/13-privatized_35-traces-ex-2_true.yml	1	goblint-regression	1041	41			true	true:1	0.318204882	0.223806787	10956800
Deagle	c/goblint-regression/13-privatized_36-traces-ex-3_true.yml	1	goblint-regression	987	39			true	true:1	0.300932586	0.260713428	10993664
Deagle	c/goblint-regression/13-privatized_37-traces-ex-4_true.yml	1	goblint-regression	1041	41			true	true:1	0.314013701	0.229928726	11091968
Deagle	c/goblint-regression/13-privatized_38-traces-ex-4-switch_true.yml	1	goblint-regression	1041	41			true	true:1	0.314538928	0.235586416	11026432
Deagle	c/goblint-regression/13-privatized_40-traces-ex-6_true.yml	1	goblint-regression	959	38			true	true:1	0.283083608	0.231636555	11108352
Deagle	c/goblint-regression/13-privatized_41-traces-ex-7_unknown_1_neg.yml	1	goblint-regression	945	37			true	false(unreach-call):1	0.334198805	0.239789963	10997760
Deagle	c/goblint-regression/13-privatized_41-traces-ex-7_unknown_1_pos.yml	1	goblint-regression	942	37			true	false(unreach-call):1	0.349703164	0.271447785	11001856
Deagle	c/goblint-regression/13-privatized_42-traces-ex-mini_true.yml	1	goblint-regression	1092	42			true	true:1	0.263078763	0.228323838	11034624
Deagle	c/goblint-regression/13-privatized_44-traces-mine2_true.yml	1	goblint-regression	973	39			true	true:1	0.341222745	0.264284031	11051008
Deagle	c/goblint-regression/13-privatized_45-traces-per-global-and-current-lock-mine-incomparable_true.yml	1	goblint-regression	1054	41			true	true:1	0.302240948	0.249356544	11030528
Deagle	c/goblint-regression/13-privatized_46-refine-protected1_true.yml	1	goblint-regression	909	39			true	true:1	0.335796057	0.228103798	11051008
Deagle	c/goblint-regression/13-privatized_47-refine-protected2_true.yml	1	goblint-regression	866	37			true	true:1	0.318369349	0.254167736	11042816
Deagle	c/goblint-regression/13-privatized_52-refine-protected-loop2-small_true.yml	1	goblint-regression	986	42			true	true:1	5.35260006	5.19762209	28467200
Deagle	c/goblint-regression/13-privatized_57-singlethreaded-unlock_true.yml	1	goblint-regression	816	36			true	true:1	0.325981529	0.210732456	11026432
Deagle	c/goblint-regression/13-privatized_58-singlethreaded-lock_true.yml	1	goblint-regression	967	39			true	true:1	0.246914201	0.214538475	10977280
Deagle	c/goblint-regression/13-privatized_66-mine-W-init_true.yml	1	goblint-regression	621	27			true	true:1	0.382928757	0.250251047	10915840
Deagle	c/goblint-regression/13-privatized_67-pthread_cond_wait_true.yml	1	goblint-regression	58948	1381			true	false(unreach-call):1	0.354022232	0.307149221	13217792
Deagle	c/goblint-regression/13-privatized_67-pthread_cond_wait_unknown_1_neg.yml	1	goblint-regression	58960	1381			true	false(unreach-call):1	0.476272521	0.314664183	13185024
Deagle	c/goblint-regression/13-privatized_67-pthread_cond_wait_unknown_1_pos.yml	1	goblint-regression	58957	1381			true	false(unreach-call):1	0.345888553	0.309701794	13201408
Deagle	c/goblint-regression/13-privatized_68-pfscan_protected_loop_minimal_interval_true.yml	1	goblint-regression	1532	77			true	true:1	5.48087096	5.3437444	32837632
Deagle	c/goblint-regression/13-privatized_69-refine-protected-loop-interval_true.yml	1	goblint-regression	1250	72			true	true:1	5.62756366	5.12616709	33964032
Deagle	c/goblint-regression/28-race_reach_01-simple_racing.yml	1	goblint-regression	31261	713			false	ERROR:1			
Deagle	c/goblint-regression/28-race_reach_02-simple_racefree.yml	1	goblint-regression	31261	713			false	ERROR:1			
Deagle	c/goblint-regression/28-race_reach_03-munge_racing.yml	1	goblint-regression	31545	717			false	ERROR:1			
Deagle	c/goblint-regression/28-race_reach_04-munge_racefree.yml	1	goblint-regression	31545	717			false	ERROR:1			
Deagle	c/goblint-regression/28-race_reach_05-lockfuns_racefree.yml	1	goblint-regression	31210	718			false	ERROR:1			
Deagle	c/goblint-regression/28-race_reach_06-cond_racing1.yml	1	goblint-regression	42556	954			false	ERROR:1			
Deagle	c/goblint-regression/28-race_reach_07-cond_racing2.yml	1	goblint-regression	42558	954			false	ERROR:1			
Deagle	c/goblint-regression/28-race_reach_08-cond_racefree.yml	1	goblint-regression	42556	954			false	ERROR:1			
Deagle	c/goblint-regression/28-race_reach_09-ptrmunge_racing.yml	1	goblint-regression	31579	718			false	ERROR:1			
Deagle	c/goblint-regression/28-race_reach_10-ptrmunge_racefree.yml	1	goblint-regression	31579	718			false	ERROR:1			
Deagle	c/goblint-regression/28-race_reach_11-ptr_racing.yml	1	goblint-regression	31273	714			false	ERROR:1			
Deagle	c/goblint-regression/28-race_reach_12-ptr_racefree.yml	1	goblint-regression	31273	714			false	ERROR:1			
Deagle	c/goblint-regression/28-race_reach_19-callback_racing.yml	1	goblint-regression	31439	724			false	ERROR:1			
Deagle	c/goblint-regression/28-race_reach_20-callback_racefree.yml	1	goblint-regression	31439	724			false	ERROR:1			
Deagle	c/goblint-regression/28-race_reach_21-deref_read_racing.yml	1	goblint-regression	31073	711			false	ERROR:1			
Deagle	c/goblint-regression/28-race_reach_22-deref_read_racefree.yml	1	goblint-regression	31135	713			false	ERROR:1			
Deagle	c/goblint-regression/28-race_reach_23-sound_unlock_racing.yml	1	goblint-regression	31523	722			false	ERROR:1			
Deagle	c/goblint-regression/28-race_reach_24-sound_lock_racing.yml	1	goblint-regression	31338	716			false	ERROR:1			
Deagle	c/goblint-regression/28-race_reach_27-funptr_racing.yml	1	goblint-regression	41297	920			false	ERROR:1			
Deagle	c/goblint-regression/28-race_reach_28-funptr_racefree.yml	1	goblint-regression	41302	920			false	ERROR:1			
Deagle	c/goblint-regression/28-race_reach_36-indirect_racefree.yml	1	goblint-regression	31210	715			false	ERROR:1			
Deagle	c/goblint-regression/28-race_reach_37-indirect_racing.yml	1	goblint-regression	31148	713			false	ERROR:1			
Deagle	c/goblint-regression/28-race_reach_40-trylock_racing.yml	1	goblint-regression	31333	716			false	ERROR:1			
Deagle	c/goblint-regression/28-race_reach_41-trylock_racefree.yml	1	goblint-regression	31204	713			false	ERROR:1			
Deagle	c/goblint-regression/28-race_reach_42-trylock2_racefree.yml	1	goblint-regression	32046	724			false	ERROR:1			
Deagle	c/goblint-regression/28-race_reach_45-escape_racing.yml	1	goblint-regression	31190	715			true	false(unreach-call):1	0.400588915	0.242978885	11304960
Deagle	c/goblint-regression/28-race_reach_46-escape_racefree.yml	1	goblint-regression	31190	715			true	true:1	0.389669715	0.245300421	11341824
Deagle	c/goblint-regression/28-race_reach_51-mutexptr_racefree.yml	1	goblint-regression	31379	720			false	ERROR:1			
Deagle	c/goblint-regression/28-race_reach_60-invariant_racefree.yml	1	goblint-regression	31586	718			false	ERROR:1			
Deagle	c/goblint-regression/28-race_reach_61-invariant_racing.yml	1	goblint-regression	31583	720			false	ERROR:1			
Deagle	c/goblint-regression/28-race_reach_70-funloop_racefree.yml	1	goblint-regression	42641	959			false	ERROR:1			
Deagle	c/goblint-regression/28-race_reach_71-funloop_racing.yml	1	goblint-regression	43068	960			false	ERROR:1			
Deagle	c/goblint-regression/28-race_reach_72-funloop_hard_racing.yml	1	goblint-regression	43150	960			false	ERROR:1			
Deagle	c/goblint-regression/28-race_reach_73-funloop_hard_racefree.yml	1	goblint-regression	43150	960			false	ERROR:1			
Deagle	c/goblint-regression/28-race_reach_74-tricky_address1_racefree.yml	1	goblint-regression	43065	959			false	ERROR:1			
Deagle	c/goblint-regression/28-race_reach_75-tricky_address2_racefree.yml	1	goblint-regression	43071	959			false	ERROR:1			
Deagle	c/goblint-regression/28-race_reach_76-tricky_address3_racefree.yml	1	goblint-regression	43072	960			false	ERROR:1			
Deagle	c/goblint-regression/28-race_reach_77-tricky_address4_racing.yml	1	goblint-regression	43077	960			false	ERROR:1			
Deagle	c/goblint-regression/28-race_reach_78-equ_racing.yml	1	goblint-regression	48834	1042			false	ERROR:1			
Deagle	c/goblint-regression/28-race_reach_79-equ_racefree.yml	1	goblint-regression	48834	1042			false	ERROR:1			
Deagle	c/goblint-regression/28-race_reach_81-list_racing.yml	1	goblint-regression	48944	1047			false	ERROR:1			
Deagle	c/goblint-regression/28-race_reach_82-list_racefree.yml	1	goblint-regression	49016	1049			false	ERROR:1			
Deagle	c/goblint-regression/28-race_reach_83-list2_racing1.yml	1	goblint-regression	49909	1060			false	ERROR:1			
Deagle	c/goblint-regression/28-race_reach_84-list2_racing2.yml	1	goblint-regression	49950	1062			false	ERROR:1			
Deagle	c/goblint-regression/28-race_reach_85-list2_racefree.yml	1	goblint-regression	49909	1060			false	ERROR:1			
Deagle	c/goblint-regression/28-race_reach_86-lists_racing.yml	1	goblint-regression	49342	1058			false	ERROR:1			
Deagle	c/goblint-regression/28-race_reach_87-lists_racefree.yml	1	goblint-regression	49270	1056			false	ERROR:1			
Deagle	c/goblint-regression/28-race_reach_90-arrayloop2_racing.yml	1	goblint-regression	50453	1085			false	ERROR:1			
Deagle	c/goblint-regression/28-race_reach_91-arrayloop2_racefree.yml	1	goblint-regression	49272	1064			false	ERROR:1			
Deagle	c/goblint-regression/28-race_reach_92-evilcollapse_racing.yml	1	goblint-regression	49575	1075			false	ERROR:1			
Deagle	c/goblint-regression/28-race_reach_93-evilcollapse_racefree.yml	1	goblint-regression	49831	1085			false	ERROR:1			
Deagle	c/goblint-regression/28-race_reach_94-alloc_region_racing.yml	1	goblint-regression	60259	1285			false	ERROR:1			
Deagle	c/goblint-regression/36-apron_11-traces-max-simple_true.yml	1	goblint-regression	932	40			true	true:1	0.344087868	0.261644721	11075584
Deagle	c/goblint-regression/36-apron_16-traces-unprot2_true.yml	1	goblint-regression	815	37			true	true:1	0.289689311	0.20333358	10977280
Deagle	c/goblint-regression/36-apron_17-traces-rpb-litmus_unknown_1_neg.yml	1	goblint-regression	1260	50			true	false(unreach-call):1	0.344503455	0.265300901	11124736
Deagle	c/goblint-regression/36-apron_17-traces-rpb-litmus_unknown_1_pos.yml	1	goblint-regression	1257	50			true	false(unreach-call):1	0.306757631	0.280126853	11026432
Deagle	c/goblint-regression/36-apron_21-traces-cluster-based_true.yml	1	goblint-regression	1930	81			true	true:1	2.94028226	2.75061071	22376448
Deagle	c/goblint-regression/36-apron_22-traces-write-centered-vs-meet-mutex_true_no-overflow.yml	1	goblint-regression	1933	79			true	true:1	0.287954185	0.269900295	13107200
Deagle	c/goblint-regression/36-apron_41-threadenter-no-locals_unknown_1_neg.yml	1	goblint-regression	750	30			true	false(unreach-call):1	0.27547069	0.205964817	10887168
Deagle	c/goblint-regression/36-apron_41-threadenter-no-locals_unknown_1_pos.yml	1	goblint-regression	747	30			true	false(unreach-call):1	0.374030254	0.247111703	10895360
Deagle	c/ldv-linux-3.14-races/linux-3.14--drivers--media--platform--marvell-ccic--cafe_ccic.ko.cil-1.yml	1	ldv-linux-3.14-races	322870	12246			false	unknown:1			
Deagle	c/ldv-linux-3.14-races/linux-3.14--drivers--media--platform--marvell-ccic--cafe_ccic.ko.cil-2.yml	1	ldv-linux-3.14-races	323395	12256			false	unknown:1			
Deagle	c/ldv-linux-3.14-races/linux-3.14--drivers--net--irda--nsc-ircc.ko.cil.yml	1	ldv-linux-3.14-races	319158	12778			false	unknown:1			
Deagle	c/ldv-linux-3.14-races/linux-3.14--drivers--net--irda--w83977af_ir.ko.cil.yml	1	ldv-linux-3.14-races	258590	10071			false	unknown:1			
Deagle	c/ldv-linux-3.14-races/linux-3.14--drivers--spi--spi-tegra20-slink.ko.cil.yml	1	ldv-linux-3.14-races	180898	7111			false	unknown:1			
Deagle	c/ldv-linux-3.14-races/linux-3.14--drivers--usb--misc--adutux.ko.cil.yml	1	ldv-linux-3.14-races	210550	8118			false	unknown:1			
Deagle	c/ldv-races/race-1_1-join.yml	1	ldv-races	76847	1729			true	true:1	0.305268623	0.27679464	14381056
Deagle	c/ldv-races/race-1_2-join.yml	1	ldv-races	77137	1738			true	false(unreach-call):1	0.321716373	0.28116788	14462976
Deagle	c/ldv-races/race-1_3-join.yml	1	ldv-races	77119	1738			true	false(unreach-call):1	0.479234412	0.298481414	14487552
Deagle	c/ldv-races/race-2_1-container_of.yml	1	ldv-races	187978	3959			true	true:1	0.347155723	0.272698726	12193792
Deagle	c/ldv-races/race-2_2-container_of.yml	1	ldv-races	188224	3967			true	false(unreach-call):1	0.281607723	0.264235301	12251136
Deagle	c/ldv-races/race-2_3-container_of.yml	1	ldv-races	188618	3979			true	false(unreach-call):1	0.392610532	0.320086242	12947456
Deagle	c/ldv-races/race-2_4-container_of.yml	1	ldv-races	188607	3979			true	false(unreach-call):1	0.410590187	0.329936213	12984320
Deagle	c/ldv-races/race-2_5-container_of.yml	1	ldv-races	188601	3979			true	false(unreach-call):1	0.567027876	0.497300069	13115392
Deagle	c/ldv-races/race-3_1-container_of-global.yml	1	ldv-races	188000	3960			true	true:1	0.505061607	0.303732854	12296192
Deagle	c/ldv-races/race-3_2-container_of-global.yml	1	ldv-races	188302	3970			true	false(unreach-call):1	0.355872169	0.284008737	12324864
Deagle	c/ldv-races/race-4_1-thread_local_vars.yml	1	ldv-races	78338	1800			true	true:1	5.73738232	5.06730814	39002112
Deagle	c/libvsync/arraylock.yml	1	libvsync	197292	6084			false	unknown:1			
Deagle	c/libvsync/bounded_mpmc_check_full.yml	1	libvsync	196819	6055			false	unknown:1			
Deagle	c/libvsync/cnalock.yml	1	libvsync	197907	6100			false	unknown:1			
Deagle	c/libvsync/hclhlock.yml	1	libvsync	199894	6151			false	unknown:1			
Deagle	c/libvsync/hmcslock.yml	1	libvsync	202829	6211			false	unknown:1			
Deagle	c/libvsync/mcslock.yml	1	libvsync	196470	6056			false	unknown:1			
Deagle	c/libvsync/rec_mcslock.yml	1	libvsync	197915	6059			false	unknown:1			
Deagle	c/libvsync/rec_ticketlock.yml	1	libvsync	197393	6043			false	unknown:1			
Deagle	c/libvsync/rwlock.yml	1	libvsync	197504	6119			false	unknown:1			
Deagle	c/libvsync/semaphore.yml	1	libvsync	196124	6055			false	unknown:1			
Deagle	c/libvsync/ticketlock.yml	1	libvsync	195802	6037			false	unknown:1			
Deagle	c/libvsync/ttaslock.yml	1	libvsync	195314	6028			false	unknown:1			
Deagle	c/pthread-C-DAC/pthread-demo-datarace-1.yml	1	pthread-C-DAC	58887	1359			false	TIMEOUT:1			
Deagle	c/pthread-C-DAC/pthread-demo-datarace-3.yml	1	pthread-C-DAC	59412	1366			true	false(unreach-call):1	1.64299155	1.47331641	35659776
Deagle	c/pthread-C-DAC/pthread-finding-k-matches.yml	1	pthread-C-DAC	60513	1414			false	ERROR:1			
Deagle	c/pthread-C-DAC/pthread-numerical-integration.yml	1	pthread-C-DAC	61268	1415			true	true:1	11.8584673	11.4201994	192266240
Deagle	c/pthread-atomic/dekker-unfair.yml	1	pthread-atomic	33417	787			true	true:1	5.32845293	4.69876076	47980544
Deagle	c/pthread-atomic/dekker.yml	1	pthread-atomic	33410	787			true	true:1	5.30174404	4.90021486	49078272
Deagle	c/pthread-atomic/lamport.yml	1	pthread-atomic	33120	793			true	true:1	5.29143839	4.88297284	37093376
Deagle	c/pthread-atomic/peterson.yml	1	pthread-atomic	32707	759			true	true:1	0.249845155	0.208534446	11333632
Deagle	c/pthread-atomic/read_write_lock-1.yml	1	pthread-atomic	30503	700			true	true:1	0.328347247	0.28428323	16031744
Deagle	c/pthread-atomic/read_write_lock-2.yml	1	pthread-atomic	31700	758			true	false(unreach-call):1	0.288503697	0.260730806	11702272
Deagle	c/pthread-atomic/szymanski.yml	1	pthread-atomic	32937	772			true	true:1	0.23478758	0.215568658	11296768
Deagle	c/pthread-atomic/time_var_mutex.yml	1	pthread-atomic	30889	727			true	true:1	0.266585041	0.240169329	11235328
Deagle	c/pthread-complex/bounded_buffer.yml	1	pthread-complex	72808	1686			false	OUT OF MEMORY:1			
Deagle	c/pthread-complex/elimination_backoff_stack.yml	1	pthread-complex	65640	1622			false	OUT OF MEMORY:1			
Deagle	c/pthread-complex/safestack_relacy.yml	1	pthread-complex	76984	1763			false	unknown:1			
Deagle	c/pthread-complex/workstealqueue_mutex-2.yml	1	pthread-complex	80765	1975			true	false(unreach-call):1	27.6931359	26.5919955	285208576
Deagle	c/pthread-deagle/arithmetic_prog_bad.yml	1	pthread-deagle	39800	923			true	false(unreach-call):1	6.92276303	6.61281717	207261696
Deagle	c/pthread-deagle/arithmetic_prog_ok.yml	1	pthread-deagle	39801	923			true	true:1	6.98303969	6.4036583	331743232
Deagle	c/pthread-deagle/circular_buffer_bad.yml	1	pthread-deagle	31305	766			true	false(unreach-call):1	1.27804769	1.18237646	112357376
Deagle	c/pthread-deagle/circular_buffer_ok.yml	1	pthread-deagle	31393	768			true	true:1	60.3217866	58.0169069	125960192
Deagle	c/pthread-divine/tls_basic.yml	1	pthread-divine	31285	724			true	true:1	0.31160757	0.236871337	11280384
Deagle	c/pthread-divine/tls_destructor_worker.yml	1	pthread-divine	30825	716			false	unknown:1			
Deagle	c/pthread-driver-races/char_generic_nvram_nvram_unlocked_ioctl_write_nvram.yml	1	pthread-driver-races	224766	6872			true	true:1	6.03325588	5.75574889	57585664
Deagle	c/pthread-driver-races/char_generic_nvram_read_nvram_nvram_unlocked_ioctl.yml	1	pthread-driver-races	224762	6872			true	true:1	5.98206863	5.48209838	54280192
Deagle	c/pthread-driver-races/char_generic_nvram_read_nvram_write_nvram.yml	1	pthread-driver-races	225270	6894			true	false(unreach-call):1	6.09299406	5.65962529	56266752
Deagle	c/pthread-driver-races/char_pc8736x_gpio_pc8736x_gpio_change_pc8736x_gpio_configure.yml	1	pthread-driver-races	231278	7078			true	true:1	1.41111851	1.31021983	86093824
Deagle	c/pthread-driver-races/char_pc8736x_gpio_pc8736x_gpio_change_pc8736x_gpio_current.yml	1	pthread-driver-races	231514	7086			true	false(unreach-call):1	1.43324858	1.33316613	84713472
Deagle	c/pthread-driver-races/char_pc8736x_gpio_pc8736x_gpio_change_pc8736x_gpio_get.yml	1	pthread-driver-races	231270	7079			true	true:1	1.34689505	1.29704363	84860928
Deagle	c/pthread-driver-races/char_pc8736x_gpio_pc8736x_gpio_change_pc8736x_gpio_set.yml	1	pthread-driver-races	231502	7086			true	false(unreach-call):1	1.41143068	1.35679584	88743936
Deagle	c/pthread-driver-races/char_pc8736x_gpio_pc8736x_gpio_configure_pc8736x_gpio_current.yml	1	pthread-driver-races	231282	7078			true	true:1	1.4431814	1.25977849	81813504
Deagle	c/pthread-driver-races/char_pc8736x_gpio_pc8736x_gpio_configure_pc8736x_gpio_get.yml	1	pthread-driver-races	231282	7079			true	true:1	1.31952055	1.06409763	31035392
Deagle	c/pthread-driver-races/char_pc8736x_gpio_pc8736x_gpio_configure_pc8736x_gpio_set.yml	1	pthread-driver-races	231270	7078			true	true:1	1.31006758	1.27645151	85069824
Deagle	c/pthread-driver-races/char_pc8736x_gpio_pc8736x_gpio_current_pc8736x_gpio_get.yml	1	pthread-driver-races	231274	7079			true	true:1	1.47127331	1.23395873	81293312
Deagle	c/pthread-driver-races/char_pc8736x_gpio_pc8736x_gpio_current_pc8736x_gpio_set.yml	1	pthread-driver-races	231506	7086			true	false(unreach-call):1	1.37939193	1.32811736	84738048
Deagle	c/pthread-driver-races/char_pc8736x_gpio_pc8736x_gpio_get_pc8736x_gpio_set.yml	1	pthread-driver-races	231262	7079			true	true:1	1.34709662	1.28283879	84045824
Deagle	c/pthread-driver-races/char_pc8736x_gpio_pc8736x_gpio_open_pc8736x_gpio_change.yml	1	pthread-driver-races	231258	7078			true	true:1	1.7131454	1.31142104	84156416
Deagle	c/pthread-driver-races/char_pc8736x_gpio_pc8736x_gpio_open_pc8736x_gpio_configure.yml	1	pthread-driver-races	231270	7078			true	true:1	1.34838709	1.25059404	81555456
Deagle	c/pthread-driver-races/char_pc8736x_gpio_pc8736x_gpio_open_pc8736x_gpio_current.yml	1	pthread-driver-races	231262	7078			true	true:1	1.33017523	1.23610838	80908288
Deagle	c/pthread-driver-races/char_pc8736x_gpio_pc8736x_gpio_open_pc8736x_gpio_get.yml	1	pthread-driver-races	231262	7079			true	true:1	1.39503605	1.23927232	80764928
Deagle	c/pthread-driver-races/char_pc8736x_gpio_pc8736x_gpio_open_pc8736x_gpio_set.yml	1	pthread-driver-races	231250	7078			true	true:1	1.55945184	1.29130151	83902464
Deagle	c/pthread-ext/01b_inc.yml	1	pthread-ext	30901	708			true	true:1	5.28284445	5.15084679	45240320
Deagle	c/pthread-ext/02_inc_cas.yml	1	pthread-ext	31027	737			true	true:1	5.42264158	4.58092747	42594304
Deagle	c/pthread-ext/03_incdec.yml	1	pthread-ext	31380	727			true	true:1	5.71230062	5.36718088	57319424
Deagle	c/pthread-ext/04_incdec_cas.yml	1	pthread-ext	31453	757			true	true:1	5.7735138	5.59974309	45363200
Deagle	c/pthread-ext/08_rand_cas.yml	1	pthread-ext	31907	786			true	true:1	5.90560432	5.79518994	44531712
Deagle	c/pthread-ext/09_fmaxsym-zero.yml	1	pthread-ext	31003	718			false	TIMEOUT:1			
Deagle	c/pthread-ext/09_fmaxsym.yml	1	pthread-ext	31123	722			false	TIMEOUT:1			
Deagle	c/pthread-ext/11_fmaxsymopt-zero.yml	1	pthread-ext	31118	722			true	true:1	5.39921403	5.3655502	46694400
Deagle	c/pthread-ext/11_fmaxsymopt.yml	1	pthread-ext	31236	726			true	true:1	6.17153664	5.92418075	45088768
Deagle	c/pthread-ext/14_spin2003.yml	1	pthread-ext	30571	699			true	true:1	5.29555179	4.84407886	44019712
Deagle	c/pthread-ext/18_read_write_lock.yml	1	pthread-ext	31079	719			true	true:1	0.254914695	0.206818031	11182080
Deagle	c/pthread-ext/25_stack.yml	1	pthread-ext	31872	767			true	true:1	7.79675949	7.01432856	330739712
Deagle	c/pthread-ext/25_stack_longer-1.yml	1	pthread-ext	31887	767			true	false(unreach-call):1	23.3290479	21.9478274	1.9882025e+09
Deagle	c/pthread-ext/25_stack_longer-2.yml	1	pthread-ext	31884	767			true	true:1	19.6556972	18.8205367	2.00836301e+09
Deagle	c/pthread-ext/25_stack_longest-1.yml	1	pthread-ext	31885	767			false	OUT OF MEMORY:1			
Deagle	c/pthread-ext/25_stack_longest-2.yml	1	pthread-ext	31888	767			false	OUT OF MEMORY:1			
Deagle	c/pthread-ext/26_stack_cas.yml	1	pthread-ext	31775	794			true	true:1	14.9823286	14.19994	794501120
Deagle	c/pthread-ext/26_stack_cas_longer-1.yml	1	pthread-ext	31790	794			false	OUT OF MEMORY:1			
Deagle	c/pthread-ext/26_stack_cas_longer-2.yml	1	pthread-ext	31787	794			false	OUT OF MEMORY:1			
Deagle	c/pthread-ext/26_stack_cas_longest-1.yml	1	pthread-ext	31791	794			false	OUT OF MEMORY:1			
Deagle	c/pthread-ext/26_stack_cas_longest-2.yml	1	pthread-ext	31788	794			false	OUT OF MEMORY:1			
Deagle	c/pthread-ext/28_buggy_simple_loop1_vf.yml	1	pthread-ext	30423	705			true	false(unreach-call):1	5.3423278	5.11209387	45674496
Deagle	c/pthread-ext/29_conditionals_vs.yml	1	pthread-ext	30586	730			true	true:1	5.25811526	5.12285669	45731840
Deagle	c/pthread-ext/31_simple_loop5_vs.yml	1	pthread-ext	30848	719			false	TIMEOUT:1			
Deagle	c/pthread-ext/35_double_lock_p3_vs.yml	1	pthread-ext	31004	724			true	true:1	29.7555677	28.8091571	46170112
Deagle	c/pthread-ext/36_stack_cas_p0_vs_concur.yml	1	pthread-ext	31030	741			true	true:1	15.9832259	15.2509112	772751360
Deagle	c/pthread-ext/37_stack_lock_p0_vs_concur.yml	1	pthread-ext	31198	720			true	true:1	7.23859151	6.66212145	279638016
Deagle	c/pthread-ext/39_rand_lock_p0_vs.yml	1	pthread-ext	31196	719			true	true:1	5.40183206	4.89513507	45158400
Deagle	c/pthread-ext/40_barrier_vf.yml	1	pthread-ext	30960	710			true	false(unreach-call):1	5.64518633	5.48370483	45965312
Deagle	c/pthread-ext/43_NetBSD_sysmon_power_sliced-pthread.yml	1	pthread-ext	33714	801			false	TIMEOUT:1			
Deagle	c/pthread-ext/43_NetBSD_sysmon_power_sliced.yml	1	pthread-ext	34081	817			false	TIMEOUT:1			
Deagle	c/pthread-ext/45_monabsex1_vs.yml	1	pthread-ext	30819	719			true	true:1	5.26255558	5.12866181	45363200
Deagle	c/pthread-ext/46_monabsex2_vs.yml	1	pthread-ext	30796	719			true	true:1	5.34736983	4.63903339	42852352
Deagle	c/pthread-ext/48_ticket_lock_low_contention_vs-pthread.yml	1	pthread-ext	30774	703			true	true:1	5.33464086	5.13799345	50245632
Deagle	c/pthread-ext/48_ticket_lock_low_contention_vs.yml	1	pthread-ext	31133	728			true	true:1	5.34714604	4.52712433	47476736
Deagle	c/pthread-lit/qw2004-2b.yml	1	pthread-lit	31746	764			true	false(unreach-call):1	0.217841567	0.206834854	11325440
Deagle	c/pthread-lit/sssc12.yml	1	pthread-lit	48611	1063			true	true:1	5.94572489	5.59100163	45830144
Deagle	c/pthread-lit/sssc12_variant.yml	1	pthread-lit	48642	1064			false	TIMEOUT:1			
Deagle	c/pthread-race-challenges/thread-local-pthread-value.yml	1	pthread-race-challenges	49736	1086			true	true:1	5.4921836	5.19170648	51081216
Deagle	c/pthread-race-challenges/thread-local-value-dynamic.yml	1	pthread-race-challenges	49714	1089			true	true:1	5.4355414	5.29501613	52461568
Deagle	c/pthread-race-challenges/thread-local-value.yml	1	pthread-race-challenges	49564	1083			true	true:1	5.36761404	5.08774373	51421184
Deagle	c/pthread-theta/exponential-4.yml	1	pthread-theta	33616	788			true	true:1	0.340688436	0.266180172	16379904
Deagle	c/pthread-theta/exponential-64.yml	1	pthread-theta	33617	788			false	OUT OF MEMORY:1			
Deagle	c/pthread-theta/exponential-nondet.yml	1	pthread-theta	33638	788			true	true:1	5.30801757	4.87218989	46673920
Deagle	c/pthread-theta/unwind1-1.yml	1	pthread-theta	33605	780			true	false(unreach-call):1	5.33228302	5.14439292	116531200
Deagle	c/pthread-theta/unwind1-100.yml	1	pthread-theta	33607	780			true	true:1	5.26159752	4.64648697	106975232
Deagle	c/pthread-theta/unwind1-nondet.yml	1	pthread-theta	33627	780			true	false(unreach-call):1	5.3103583	4.53196965	104165376
Deagle	c/pthread-theta/unwind2-1.yml	1	pthread-theta	33683	783			true	false(unreach-call):1	5.30029205	4.97185639	113545216
Deagle	c/pthread-theta/unwind2-100.yml	1	pthread-theta	33685	783			true	true:1	5.26253376	4.62856302	110813184
Deagle	c/pthread-theta/unwind2-nondet.yml	1	pthread-theta	33705	783			true	false(unreach-call):1	5.27490338	5.0038061	119439360
Deagle	c/pthread-theta/unwind3-1.yml	1	pthread-theta	33579	780			true	false(unreach-call):1	5.33638154	5.06214077	49250304
Deagle	c/pthread-theta/unwind3-100.yml	1	pthread-theta	33581	780			false	OUT OF MEMORY:1			
Deagle	c/pthread-theta/unwind3-nondet.yml	1	pthread-theta	33601	780			true	false(unreach-call):1	5.29990086	4.85944269	47968256
Deagle	c/pthread-theta/wsc.yml	1	pthread-theta	33980	804			true	true:1	0.976390783	0.433239244	15675392
Deagle	c/pthread-wmm/mix000.oepc.yml	1	pthread-wmm	38207	851			true	false(unreach-call):1	0.316577867	0.264939145	11829248
Deagle	c/pthread-wmm/mix000.opt.yml	1	pthread-wmm	37705	846			true	false(unreach-call):1	0.285717816	0.260919085	11878400
Deagle	c/pthread-wmm/mix001.oepc.yml	1	pthread-wmm	39489	886			true	false(unreach-call):1	0.328389125	0.278784455	13037568
Deagle	c/pthread-wmm/mix001.opt.yml	1	pthread-wmm	38443	875			true	false(unreach-call):1	0.284807854	0.266735287	11923456
Deagle	c/pthread-wmm/mix002.oepc.yml	1	pthread-wmm	37832	877			true	false(unreach-call):1	0.435484706	0.278023252	12083200
Deagle	c/pthread-wmm/mix002.opt.yml	1	pthread-wmm	38526	880			true	false(unreach-call):1	0.367500337	0.269631402	11878400
Deagle	c/pthread-wmm/mix003.oepc.yml	1	pthread-wmm	37584	867			true	false(unreach-call):1	0.317799744	0.272717171	11886592
Deagle	c/pthread-wmm/mix003_power.opt_pso.opt_rmo.opt_tso.opt.yml	1	pthread-wmm	38308	870			true	false(unreach-call):1	0.290927437	0.262119807	11829248
Deagle	c/pthread-wmm/mix004.oepc.yml	1	pthread-wmm	38697	897			true	false(unreach-call):1	0.353241753	0.310486431	13869056
Deagle	c/pthread-wmm/mix004.opt.yml	1	pthread-wmm	38890	895			true	false(unreach-call):1	0.314023432	0.285703696	12726272
Deagle	c/pthread-wmm/mix005.opt.yml	1	pthread-wmm	38808	893			true	false(unreach-call):1	0.331659728	0.278017941	12582912
Deagle	c/pthread-wmm/mix005_power.oepc_pso.oepc_rmo.oepc.yml	1	pthread-wmm	38639	895			true	false(unreach-call):1	0.450128602	0.305850443	13758464
Deagle	c/pthread-wmm/mix005_tso.oepc.yml	1	pthread-wmm	38619	895			true	false(unreach-call):1	0.334539869	0.294623329	13778944
Deagle	c/pthread-wmm/mix006.opt.yml	1	pthread-wmm	38194	868			true	false(unreach-call):1	0.311361343	0.27322485	11886592
Deagle	c/pthread-wmm/mix006_power.oepc_pso.oepc_rmo.oepc.yml	1	pthread-wmm	37524	865			true	false(unreach-call):1	0.414793678	0.274863074	11902976
Deagle	c/pthread-wmm/mix006_tso.oepc.yml	1	pthread-wmm	44256	939			true	false(unreach-call):1	0.353532281	0.335893568	15974400
Deagle	c/pthread-wmm/mix007.oepc.yml	1	pthread-wmm	38615	895			true	false(unreach-call):1	0.395871866	0.292692103	13783040
Deagle	c/pthread-wmm/mix007.opt.yml	1	pthread-wmm	38808	893			true	false(unreach-call):1	0.326465022	0.287002406	12730368
Deagle	c/pthread-wmm/mix008.opt.yml	1	pthread-wmm	38718	891			true	false(unreach-call):1	0.317197789	0.29268246	12726272
Deagle	c/pthread-wmm/mix008_power.oepc_pso.oepc_rmo.oepc.yml	1	pthread-wmm	38549	893			true	false(unreach-call):1	0.343682293	0.295932383	13672448
Deagle	c/pthread-wmm/mix008_tso.oepc.yml	1	pthread-wmm	44859	965			true	false(unreach-call):1	0.489308546	0.348559391	17219584
Deagle	c/pthread-wmm/mix009.oepc.yml	1	pthread-wmm	36558	842			true	false(unreach-call):1	0.289205664	0.250018004	11718656
Deagle	c/pthread-wmm/mix009.opt.yml	1	pthread-wmm	37796	851			true	false(unreach-call):1	0.279859144	0.25959869	11804672
Deagle	c/pthread-wmm/mix010.oepc.yml	1	pthread-wmm	37673	872			true	false(unreach-call):1	0.316200103	0.275592166	11894784
Deagle	c/pthread-wmm/mix010.opt.yml	1	pthread-wmm	38367	875			true	false(unreach-call):1	0.290068705	0.273786783	11886592
Deagle	c/pthread-wmm/mix011.opt.yml	1	pthread-wmm	38277	873			true	false(unreach-call):1	0.310035039	0.270240551	11968512
Deagle	c/pthread-wmm/mix011_power.oepc_pso.oepc_rmo.oepc.yml	1	pthread-wmm	37607	870			true	false(unreach-call):1	0.326128325	0.274076359	12005376
Deagle	c/pthread-wmm/mix011_tso.oepc.yml	1	pthread-wmm	37587	870			true	false(unreach-call):1	0.288447317	0.27026706	11997184
Deagle	c/pthread-wmm/mix012_power.oepc_power.opt_pso.oepc_rmo.oepc_rmo.opt_tso.oepc.yml	1	pthread-wmm	36361	832			true	false(unreach-call):1	0.26774044	0.248663981	11706368
Deagle	c/pthread-wmm/mix012_pso.opt_tso.opt.yml	1	pthread-wmm	37560	841			true	false(unreach-call):1	0.387452402	0.254026241	11759616
Deagle	c/pthread-wmm/mix013.oepc.yml	1	pthread-wmm	38705	897			true	false(unreach-call):1	0.379694502	0.311205492	13819904
Deagle	c/pthread-wmm/mix013.opt.yml	1	pthread-wmm	38898	895			true	false(unreach-call):1	0.304579247	0.283444933	12681216
Deagle	c/pthread-wmm/mix014.opt.yml	1	pthread-wmm	38808	893			true	false(unreach-call):1	0.335919178	0.285168278	12713984
Deagle	c/pthread-wmm/mix014_power.oepc_pso.oepc_rmo.oepc.yml	1	pthread-wmm	38639	895			true	false(unreach-call):1	0.350582421	0.306914886	13905920
Deagle	c/pthread-wmm/mix014_tso.oepc.yml	1	pthread-wmm	44254	964			true	false(unreach-call):1	0.498520993	0.373858406	17821696
Deagle	c/pthread-wmm/mix015.oepc.yml	1	pthread-wmm	37673	872			true	false(unreach-call):1	0.332114272	0.277862377	12021760
Deagle	c/pthread-wmm/mix015.opt.yml	1	pthread-wmm	38367	875			true	false(unreach-call):1	0.311477204	0.269107802	11956224
Deagle	c/pthread-wmm/mix016.oepc.yml	1	pthread-wmm	37425	862			true	false(unreach-call):1	0.366855839	0.277154189	11800576
Deagle	c/pthread-wmm/mix016_power.opt_rmo.opt.yml	1	pthread-wmm	36980	858			true	false(unreach-call):1	0.389585281	0.261178804	11685888
Deagle	c/pthread-wmm/mix016_pso.opt_tso.opt.yml	1	pthread-wmm	38131	865			true	false(unreach-call):1	0.329622889	0.270925883	11878400
Deagle	c/pthread-wmm/mix017.oepc.yml	1	pthread-wmm	38540	892			true	false(unreach-call):1	0.328761541	0.291001021	13660160
Deagle	c/pthread-wmm/mix017_power.opt_rmo.opt.yml	1	pthread-wmm	37551	882			true	false(unreach-call):1	0.329868208	0.287887038	12328960
Deagle	c/pthread-wmm/mix017_pso.opt_tso.opt.yml	1	pthread-wmm	38745	890			true	false(unreach-call):1	0.302854847	0.27724779	12574720
Deagle	c/pthread-wmm/mix018.opt.yml	1	pthread-wmm	38643	888			true	false(unreach-call):1	0.332543772	0.278210698	12578816
Deagle	c/pthread-wmm/mix018_power.oepc_pso.oepc_rmo.oepc.yml	1	pthread-wmm	38474	890			true	false(unreach-call):1	0.358992428	0.292511472	13479936
Deagle	c/pthread-wmm/mix018_tso.oepc.yml	1	pthread-wmm	38454	890			true	false(unreach-call):1	0.33722735	0.306257178	13651968
Deagle	c/pthread-wmm/mix019.opt.yml	1	pthread-wmm	38029	863			true	false(unreach-call):1	0.341580367	0.271078525	11874304
Deagle	c/pthread-wmm/mix019_power.oepc_pso.oepc_rmo.oepc.yml	1	pthread-wmm	37359	860			true	false(unreach-call):1	0.324710985	0.276483916	11829248
Deagle	c/pthread-wmm/mix019_tso.oepc.yml	1	pthread-wmm	37339	860			true	false(unreach-call):1	0.299104132	0.2673688	11812864
Deagle	c/pthread-wmm/mix020.oepc.yml	1	pthread-wmm	38450	890			true	false(unreach-call):1	0.35868562	0.312389021	13705216
Deagle	c/pthread-wmm/mix020.opt.yml	1	pthread-wmm	38643	888			true	false(unreach-call):1	0.331280497	0.278065389	12513280
Deagle	c/pthread-wmm/mix021.opt.yml	1	pthread-wmm	38553	886			true	false(unreach-call):1	0.294759754	0.273061775	12431360
Deagle	c/pthread-wmm/mix021_power.oepc_pso.oepc_rmo.oepc.yml	1	pthread-wmm	38384	888			true	false(unreach-call):1	0.310773053	0.286594729	13467648
Deagle	c/pthread-wmm/mix021_tso.oepc.yml	1	pthread-wmm	37863	883			true	false(unreach-call):1	0.375129269	0.28905484	12890112
Deagle	c/pthread-wmm/mix022_power.oepc_power.opt_pso.oepc_pso.opt_rmo.oepc_rmo.opt.yml	1	pthread-wmm	36270	830			true	false(unreach-call):1	0.281776263	0.249273922	11726848
Deagle	c/pthread-wmm/mix022_tso.yml	1	pthread-wmm	37916	843			true	false(unreach-call):1	0.302902218	0.259917419	11853824
Deagle	c/pthread-wmm/mix023_power.oepc_pso.oepc_rmo.oepc.yml	1	pthread-wmm	38549	893			true	false(unreach-call):1	0.321283826	0.287331282	13504512
Deagle	c/pthread-wmm/mix023_power.opt_pso.opt_rmo.opt.yml	1	pthread-wmm	37544	883			true	false(unreach-call):1	0.335158387	0.291448594	12480512
Deagle	c/pthread-wmm/mix023_tso.yml	1	pthread-wmm	45856	975			true	false(unreach-call):1	0.455061171	0.387776136	18722816
Deagle	c/pthread-wmm/mix024_power.oepc_pso.oepc_rmo.oepc_tso.oepc_tso.opt.yml	1	pthread-wmm	37624	870			true	false(unreach-call):1	0.344486153	0.27551334	11960320
Deagle	c/pthread-wmm/mix024_power.opt_pso.opt_rmo.opt.yml	1	pthread-wmm	37146	866			true	false(unreach-call):1	0.287484853	0.265106252	11698176
Deagle	c/pthread-wmm/mix025_power.oepc_power.opt_pso.oepc_rmo.oepc_tso.oepc_tso.opt.yml	1	pthread-wmm	37386	860			true	false(unreach-call):1	0.286532235	0.272936366	11804672
Deagle	c/pthread-wmm/mix025_pso.opt_rmo.opt.yml	1	pthread-wmm	36888	856			true	false(unreach-call):1	0.280877505	0.263171051	11726848
Deagle	c/pthread-wmm/mix026.oepc.yml	1	pthread-wmm	38450	890			true	false(unreach-call):1	0.344512364	0.302728858	13656064
Deagle	c/pthread-wmm/mix026_power.opt_tso.opt.yml	1	pthread-wmm	38005	886			true	false(unreach-call):1	0.393494345	0.332942541	13135872
Deagle	c/pthread-wmm/mix026_pso.opt_rmo.opt.yml	1	pthread-wmm	37459	880			true	false(unreach-call):1	0.322244853	0.285894705	12279808
Deagle	c/pthread-wmm/mix027_power.oepc_pso.oepc_rmo.oepc.yml	1	pthread-wmm	38384	888			true	false(unreach-call):1	0.325868074	0.288632704	13463552
Deagle	c/pthread-wmm/mix027_power.opt_pso.opt_rmo.opt.yml	1	pthread-wmm	37379	878			true	false(unreach-call):1	0.303114654	0.281017723	12120064
Deagle	c/pthread-wmm/mix027_tso.yml	1	pthread-wmm	38359	888			true	false(unreach-call):1	0.347564686	0.329930174	13717504
Deagle	c/pthread-wmm/mix028_power.oepc_pso.oepc_rmo.oepc.yml	1	pthread-wmm	37269	858			true	false(unreach-call):1	0.343338819	0.266881055	11784192
Deagle	c/pthread-wmm/mix028_power.opt_pso.opt_rmo.opt.yml	1	pthread-wmm	37266	858			true	false(unreach-call):1	0.359195264	0.261460484	11776000
Deagle	c/pthread-wmm/mix028_tso.yml	1	pthread-wmm	38440	866			true	false(unreach-call):1	0.279182787	0.268730119	12001280
Deagle	c/pthread-wmm/mix029_power.oepc_pso.oepc_rmo.oepc_tso.oepc_tso.opt.yml	1	pthread-wmm	38401	888			true	false(unreach-call):1	0.345977248	0.285795924	13545472
Deagle	c/pthread-wmm/mix029_power.opt_pso.opt_rmo.opt.yml	1	pthread-wmm	37880	883			true	false(unreach-call):1	0.363851902	0.28735842	12771328
Deagle	c/pthread-wmm/mix030_power.oepc_pso.oepc_rmo.oepc.yml	1	pthread-wmm	38294	886			true	false(unreach-call):1	0.435219965	0.304091682	13594624
Deagle	c/pthread-wmm/mix030_power.opt_pso.opt_rmo.opt.yml	1	pthread-wmm	37790	881			true	false(unreach-call):1	0.328444194	0.289399587	12701696
Deagle	c/pthread-wmm/mix030_tso.yml	1	pthread-wmm	38964	889			true	false(unreach-call):1	0.327828657	0.302615482	13176832
Deagle	c/pthread-wmm/mix031.oepc.yml	1	pthread-wmm	36641	847			true	false(unreach-call):1	0.337696759	0.258574461	11804672
Deagle	c/pthread-wmm/mix031.opt.yml	1	pthread-wmm	36182	843			true	false(unreach-call):1	0.316085991	0.255783559	11665408
Deagle	c/pthread-wmm/mix032.oepc.yml	1	pthread-wmm	37756	877			true	false(unreach-call):1	0.2998303	0.274685893	11993088
Deagle	c/pthread-wmm/mix032.opt.yml	1	pthread-wmm	36753	867			true	false(unreach-call):1	0.292264833	0.265583162	11784192
Deagle	c/pthread-wmm/mix033.opt.yml	1	pthread-wmm	36663	865			true	false(unreach-call):1	0.408469336	0.264085075	11747328
Deagle	c/pthread-wmm/mix033_power.oepc_pso.oepc_rmo.oepc.yml	1	pthread-wmm	37690	875			true	false(unreach-call):1	0.332805916	0.275080288	12029952
Deagle	c/pthread-wmm/mix033_tso.oepc.yml	1	pthread-wmm	37670	875			true	false(unreach-call):1	0.33123232	0.280658746	11948032
Deagle	c/pthread-wmm/mix034_power.oepc_power.opt_pso.oepc_rmo.oepc_rmo.opt_tso.oepc.yml	1	pthread-wmm	36444	837			true	false(unreach-call):1	0.291260987	0.253790609	11722752
Deagle	c/pthread-wmm/mix034_pso.opt_tso.opt.yml	1	pthread-wmm	35946	833			true	false(unreach-call):1	0.275113428	0.250307098	11603968
Deagle	c/pthread-wmm/mix035.oepc.yml	1	pthread-wmm	37508	867			true	false(unreach-call):1	0.345710433	0.277770889	11837440
Deagle	c/pthread-wmm/mix035_power.opt_rmo.opt.yml	1	pthread-wmm	37063	863			true	false(unreach-call):1	0.284278501	0.267360209	11796480
Deagle	c/pthread-wmm/mix035_pso.opt_tso.opt.yml	1	pthread-wmm	36517	857			true	false(unreach-call):1	0.300972426	0.264527691	11649024
Deagle	c/pthread-wmm/mix036.oepc.yml	1	pthread-wmm	38623	897			true	false(unreach-call):1	0.322264561	0.288216278	13758464
Deagle	c/pthread-wmm/mix036_power.opt_rmo.opt.yml	1	pthread-wmm	37634	887			true	false(unreach-call):1	0.314861613	0.287212711	12402688
Deagle	c/pthread-wmm/mix036_pso.opt_tso.opt.yml	1	pthread-wmm	37131	882			true	false(unreach-call):1	0.299128325	0.275239791	11767808
Deagle	c/pthread-wmm/mix037.opt.yml	1	pthread-wmm	37029	880			true	false(unreach-call):1	0.333881665	0.275324648	11739136
Deagle	c/pthread-wmm/mix037_power.oepc_pso.oepc_rmo.oepc.yml	1	pthread-wmm	38557	895			true	false(unreach-call):1	0.329960043	0.288130757	13553664
Deagle	c/pthread-wmm/mix037_tso.oepc.yml	1	pthread-wmm	38537	895			true	false(unreach-call):1	0.41602897	0.305198365	13742080
Deagle	c/pthread-wmm/mix038.opt.yml	1	pthread-wmm	36421	855			true	false(unreach-call):1	0.329256242	0.26629062	11702272
Deagle	c/pthread-wmm/mix038_power.oepc_pso.oepc_rmo.oepc.yml	1	pthread-wmm	37448	865			true	false(unreach-call):1	0.307873527	0.279797243	11853824
Deagle	c/pthread-wmm/mix038_tso.oepc.yml	1	pthread-wmm	37428	865			true	false(unreach-call):1	0.308575124	0.269575	11792384
Deagle	c/pthread-wmm/mix039.oepc.yml	1	pthread-wmm	38541	895			true	false(unreach-call):1	0.344393425	0.31728412	13787136
Deagle	c/pthread-wmm/mix039.opt.yml	1	pthread-wmm	37037	880			true	false(unreach-call):1	0.302668719	0.281302135	11812864
Deagle	c/pthread-wmm/mix040.opt.yml	1	pthread-wmm	36947	878			true	false(unreach-call):1	0.359571095	0.272398379	11743232
Deagle	c/pthread-wmm/mix040_power.oepc_pso.oepc_rmo.oepc.yml	1	pthread-wmm	38475	893			true	false(unreach-call):1	0.343569249	0.286403205	13533184
Deagle	c/pthread-wmm/mix040_tso.oepc.yml	1	pthread-wmm	37954	888			true	false(unreach-call):1	0.337151459	0.293291228	12914688
Deagle	c/pthread-wmm/mix041_power.oepc_pso.oepc_rmo.oepc.yml	1	pthread-wmm	36331	835			true	false(unreach-call):1	0.298191709	0.246499542	11730944
Deagle	c/pthread-wmm/mix041_power.opt_pso.opt_rmo.opt_tso.oepc_tso.opt.yml	1	pthread-wmm	36345	835			true	false(unreach-call):1	0.267415142	0.250119361	11661312
Deagle	c/pthread-wmm/mix042.oepc.yml	1	pthread-wmm	37424	865			true	false(unreach-call):1	0.326611345	0.279592493	11812864
Deagle	c/pthread-wmm/mix042.opt.yml	1	pthread-wmm	36922	860			true	false(unreach-call):1	0.332615089	0.263096302	11853824
Deagle	c/pthread-wmm/mix043.oepc.yml	1	pthread-wmm	38541	895			true	false(unreach-call):1	0.335028953	0.327737345	13795328
Deagle	c/pthread-wmm/mix043.opt.yml	1	pthread-wmm	37538	885			true	false(unreach-call):1	0.296980559	0.277403911	12238848
Deagle	c/pthread-wmm/mix044.opt.yml	1	pthread-wmm	37448	883			true	false(unreach-call):1	0.323088419	0.279580401	12206080
Deagle	c/pthread-wmm/mix044_power.oepc_pso.oepc_rmo.oepc.yml	1	pthread-wmm	38475	893			true	false(unreach-call):1	0.324128372	0.291366167	13627392
Deagle	c/pthread-wmm/mix044_tso.oepc.yml	1	pthread-wmm	38455	893			true	false(unreach-call):1	0.391715297	0.343287242	13848576
Deagle	c/pthread-wmm/mix045_power.oepc_pso.oepc_rmo.oepc.yml	1	pthread-wmm	37358	863			true	false(unreach-call):1	0.325363487	0.277502289	11759616
Deagle	c/pthread-wmm/mix045_power.opt_pso.opt_rmo.opt_tso.oepc_tso.opt.yml	1	pthread-wmm	36871	858			true	false(unreach-call):1	0.291312926	0.262981107	11759616
Deagle	c/pthread-wmm/mix046.oepc.yml	1	pthread-wmm	38451	893			true	false(unreach-call):1	0.327040521	0.305662104	13668352
Deagle	c/pthread-wmm/mix046.opt.yml	1	pthread-wmm	37448	883			true	false(unreach-call):1	0.343327026	0.283184691	12238848
Deagle	c/pthread-wmm/mix047_power.oepc_pso.oepc_rmo.oepc.yml	1	pthread-wmm	38385	891			true	false(unreach-call):1	0.471911679	0.323224208	13631488
Deagle	c/pthread-wmm/mix047_power.opt_pso.opt_rmo.opt_tso.oepc_tso.opt.yml	1	pthread-wmm	37397	881			true	false(unreach-call):1	0.29655007	0.277952077	12267520
Deagle	c/pthread-wmm/mix048_power.oepc_power.opt_pso.oepc_pso.opt_rmo.oepc_rmo.opt_tso.oepc_tso.opt-podwr000_power.oepc_power.opt_pso.oepc_pso.opt_rmo.oepc_rmo.opt_tso.oepc_tso.opt.yml	1	pthread-wmm	36297	827			true	false(unreach-call):1	0.29078677	0.245524801	11763712
Deagle	c/pthread-wmm/mix049_power.oepc_power.opt_pso.oepc_pso.opt_rmo.oepc_rmo.opt_tso.oepc_tso.opt-podwr001_power.oepc_power.opt_pso.oepc_pso.opt_rmo.oepc_rmo.opt_tso.oepc_tso.opt.yml	1	pthread-wmm	37414	857			true	false(unreach-call):1	0.296274894	0.270939891	11722752
Deagle	c/pthread-wmm/mix050.yml	1	pthread-wmm	38378	887			true	false(unreach-call):1	0.318088531	0.30268176	13635584
Deagle	c/pthread-wmm/mix051_power.oepc_power.opt_pso.oepc_rmo.oepc.yml	1	pthread-wmm	38327	885			true	false(unreach-call):1	0.408265527	0.369115544	13852672
Deagle	c/pthread-wmm/mix051_pso.opt_rmo.opt_tso.opt.yml	1	pthread-wmm	36809	870			true	false(unreach-call):1	0.306979177	0.276088775	11780096
Deagle	c/pthread-wmm/mix051_tso.oepc.yml	1	pthread-wmm	38297	885			true	false(unreach-call):1	0.506428088	0.316834587	13574144
Deagle	c/pthread-wmm/mix052_power.oepc_power.opt_pso.oepc_rmo.oepc.yml	1	pthread-wmm	37210	855			true	false(unreach-call):1	0.302030016	0.268376895	11702272
Deagle	c/pthread-wmm/mix052_pso.opt_rmo.opt_tso.opt.yml	1	pthread-wmm	36193	845			true	false(unreach-call):1	0.281374027	0.261094993	11739136
Deagle	c/pthread-wmm/mix052_tso.oepc.yml	1	pthread-wmm	37180	855			true	false(unreach-call):1	0.302802714	0.269636799	11808768
Deagle	c/pthread-wmm/mix053.opt.yml	1	pthread-wmm	36699	868			true	false(unreach-call):1	0.296530273	0.270169671	11800576
Deagle	c/pthread-wmm/mix053_power.oepc_pso.oepc_rmo.oepc.yml	1	pthread-wmm	38227	883			true	false(unreach-call):1	0.353721983	0.290660443	13381632
Deagle	c/pthread-wmm/mix053_tso.oepc.yml	1	pthread-wmm	37706	878			true	false(unreach-call):1	0.299546037	0.283182928	12607488
Deagle	c/pthread-wmm/mix054_power.oepc_power.opt_pso.oepc_rmo.oepc.yml	1	pthread-wmm	36093	825			true	false(unreach-call):1	0.270123514	0.258331024	11685888
Deagle	c/pthread-wmm/mix054_pso.opt_rmo.opt_tso.oepc_tso.opt.yml	1	pthread-wmm	36087	825			true	false(unreach-call):1	0.339668573	0.260458975	11608064
Deagle	c/pthread-wmm/mix055.opt.yml	1	pthread-wmm	37200	873			true	false(unreach-call):1	0.315234075	0.282855372	12070912
Deagle	c/pthread-wmm/mix055_power.oepc_pso.oepc_rmo.oepc.yml	1	pthread-wmm	38227	883			true	false(unreach-call):1	0.445346173	0.292492043	13373440
Deagle	c/pthread-wmm/mix055_tso.oepc.yml	1	pthread-wmm	38207	883			true	false(unreach-call):1	0.403161753	0.324766218	13504512
Deagle	c/pthread-wmm/mix056_power.oepc_pso.oepc_rmo.oepc.yml	1	pthread-wmm	37110	853			true	false(unreach-call):1	0.31240265	0.276424546	11698176
Deagle	c/pthread-wmm/mix056_power.opt_pso.opt_rmo.opt_tso.oepc_tso.opt.yml	1	pthread-wmm	36623	848			true	false(unreach-call):1	0.292419924	0.257708742	11673600
Deagle	c/pthread-wmm/mix057_power.oepc_pso.oepc_rmo.oepc.yml	1	pthread-wmm	38137	881			true	false(unreach-call):1	0.335453165	0.311632743	13479936
Deagle	c/pthread-wmm/mix057_power.opt_pso.opt_rmo.opt_tso.oepc_tso.opt.yml	1	pthread-wmm	37149	871			true	false(unreach-call):1	0.302983814	0.282574635	11988992
Deagle	c/pthread-wmm/rfi000_power.oepc_pso.oepc_rmo.oepc.yml	1	pthread-wmm	39717	859			true	false(unreach-call):1	0.306233797	0.271739223	12337152
Deagle	c/pthread-wmm/rfi000_power.opt_pso.opt_rmo.opt.yml	1	pthread-wmm	36320	833			true	false(unreach-call):1	0.307801411	0.254495242	11669504
Deagle	c/pthread-wmm/rfi000_tso.yml	1	pthread-wmm	39692	859			true	true:1	0.287975464	0.27272888	12013568
Deagle	c/pthread-wmm/rfi001_power.oepc_pso.oepc_rmo.oepc.yml	1	pthread-wmm	36331	835			true	false(unreach-call):1	0.294420805	0.253970005	11755520
Deagle	c/pthread-wmm/rfi001_power.opt_pso.opt_rmo.opt_tso.oepc_tso.opt.yml	1	pthread-wmm	36345	835			true	false(unreach-call):1	0.271593971	0.249703341	11776000
Deagle	c/pthread-wmm/rfi002_power.oepc_power.opt_pso.oepc_pso.opt_rmo.oepc_rmo.opt.yml	1	pthread-wmm	40433	869			true	true:1	0.338629859	0.277075737	12439552
Deagle	c/pthread-wmm/rfi002_tso.yml	1	pthread-wmm	43661	914			true	true:1	0.501918554	0.323147252	14364672
Deagle	c/pthread-wmm/rfi003_power.oepc_power.opt_pso.oepc_pso.opt_rmo.oepc_rmo.opt.yml	1	pthread-wmm	36037	833			true	false(unreach-call):1	0.317223599	0.253770231	11595776
Deagle	c/pthread-wmm/rfi003_tso.yml	1	pthread-wmm	40339	868			true	true:1	0.323239581	0.275495571	12476416
Deagle	c/pthread-wmm/rfi004.yml	1	pthread-wmm	35990	835			true	false(unreach-call):1	0.344881702	0.254845562	11759616
Deagle	c/pthread-wmm/rfi005.yml	1	pthread-wmm	39665	867			true	false(unreach-call):1	0.298421336	0.268139688	12070912
Deagle	c/pthread-wmm/rfi006_power.oepc.yml	1	pthread-wmm	39504	872			true	false(unreach-call):1	0.321550282	0.263675212	11988992
Deagle	c/pthread-wmm/rfi006_power.opt.yml	1	pthread-wmm	39827	881			true	false(unreach-call):1	0.370622776	0.279639958	12124160
Deagle	c/pthread-wmm/rfi006_pso.oepc_pso.opt_tso.oepc_tso.opt.yml	1	pthread-wmm	38984	868			true	false(unreach-call):1	0.318260334	0.278851705	12820480
Deagle	c/pthread-wmm/rfi006_rmo.yml	1	pthread-wmm	38611	871			true	false(unreach-call):1	0.328034551	0.265552826	11902976
Deagle	c/pthread-wmm/rfi007_power.oepc_power.opt_pso.oepc_pso.opt_rmo.oepc_rmo.opt.yml	1	pthread-wmm	36274	830			true	false(unreach-call):1	0.282765324	0.250881749	11702272
Deagle	c/pthread-wmm/rfi007_tso.yml	1	pthread-wmm	37920	843			true	false(unreach-call):1	0.266130998	0.258013817	11763712
Deagle	c/pthread-wmm/rfi008.oepc.yml	1	pthread-wmm	38219	851			true	false(unreach-call):1	0.302277524	0.263406222	11870208
Deagle	c/pthread-wmm/rfi008.opt.yml	1	pthread-wmm	37717	846			true	false(unreach-call):1	0.360394296	0.261094643	11804672
Deagle	c/pthread-wmm/rfi009_power.oepc.yml	1	pthread-wmm	39594	874			true	false(unreach-call):1	0.302907601	0.265089514	12013568
Deagle	c/pthread-wmm/rfi009_power.opt_pso.oepc_pso.opt_rmo.opt_tso.oepc_tso.opt.yml	1	pthread-wmm	38634	866			true	false(unreach-call):1	0.318826576	0.268292751	11972608
Deagle	c/pthread-wmm/rfi009_rmo.oepc.yml	1	pthread-wmm	38706	873			true	false(unreach-call):1	0.332226617	0.264697556	11886592
Deagle	c/pthread-wmm/rfi010.yml	1	pthread-wmm	37604	843			true	false(unreach-call):1	0.259611306	0.250969648	11735040
Deagle	c/pthread-wmm/safe000_power.oepc.yml	1	pthread-wmm	41703	890			true	false(unreach-call):1	0.406502732	0.29492764	13099008
Deagle	c/pthread-wmm/safe000_power.opt.yml	1	pthread-wmm	39090	877			true	false(unreach-call):1	0.311565857	0.270883385	12369920
Deagle	c/pthread-wmm/safe000_pso.oepc_pso.opt_tso.oepc_tso.opt.yml	1	pthread-wmm	32886	795			true	true:1	0.242608005	0.224917253	11350016
Deagle	c/pthread-wmm/safe000_rmo.yml	1	pthread-wmm	40810	889			true	false(unreach-call):1	0.312033741	0.286297739	12967936
Deagle	c/pthread-wmm/safe001_power.oepc.yml	1	pthread-wmm	41613	888			true	false(unreach-call):1	0.32800381	0.293599128	13119488
Deagle	c/pthread-wmm/safe001_power.opt_pso.oepc_pso.opt_rmo.opt.yml	1	pthread-wmm	37199	853			true	false(unreach-call):1	0.287891021	0.265061606	11776000
Deagle	c/pthread-wmm/safe001_rmo.oepc.yml	1	pthread-wmm	40725	887			true	false(unreach-call):1	0.475574758	0.292141496	12976128
Deagle	c/pthread-wmm/safe001_tso.yml	1	pthread-wmm	32766	793			true	true:1	0.307615317	0.230564808	11374592
Deagle	c/pthread-wmm/safe002_power.oepc.yml	1	pthread-wmm	41703	890			true	false(unreach-call):1	0.359059176	0.295835993	13201408
Deagle	c/pthread-wmm/safe002_power.opt_pso.oepc_pso.opt_rmo.opt.yml	1	pthread-wmm	36831	851			true	false(unreach-call):1	0.267461857	0.256824797	11743232
Deagle	c/pthread-wmm/safe002_rmo.oepc.yml	1	pthread-wmm	40815	889			true	false(unreach-call):1	0.30218105	0.284157299	12931072
Deagle	c/pthread-wmm/safe002_tso.yml	1	pthread-wmm	32856	795			true	true:1	0.295516731	0.2243367	11366400
Deagle	c/pthread-wmm/safe003_power.oepc_pso.oepc_pso.opt_rmo.oepc_rmo.opt.yml	1	pthread-wmm	40693	881			true	false(unreach-call):1	0.465577104	0.303221594	13983744
Deagle	c/pthread-wmm/safe003_power.opt.yml	1	pthread-wmm	39090	877			true	false(unreach-call):1	0.344022354	0.276146044	12468224
Deagle	c/pthread-wmm/safe003_tso.yml	1	pthread-wmm	32856	795			true	true:1	0.308940637	0.227806942	11350016
Deagle	c/pthread-wmm/safe004_power.oepc_pso.oepc_rmo.oepc.yml	1	pthread-wmm	40587	879			true	false(unreach-call):1	0.334733131	0.297676417	13996032
Deagle	c/pthread-wmm/safe004_power.opt_pso.opt_rmo.opt.yml	1	pthread-wmm	37190	853			true	false(unreach-call):1	0.28851269	0.263643998	11747328
Deagle	c/pthread-wmm/safe004_tso.yml	1	pthread-wmm	32766	793			true	true:1	0.268842929	0.228901236	11268096
Deagle	c/pthread-wmm/safe005_power.oepc_power.opt_pso.oepc_pso.opt_rmo.oepc_rmo.opt.yml	1	pthread-wmm	36907	853			true	false(unreach-call):1	0.31448715	0.271009822	11776000
Deagle	c/pthread-wmm/safe005_tso.yml	1	pthread-wmm	32912	797			true	true:1	0.284969976	0.230255972	11350016
Deagle	c/pthread-wmm/safe006_power.oepc-thin000_power.oepc.yml	1	pthread-wmm	37174	835			true	false(unreach-call):1	0.307513924	0.253628624	11685888
Deagle	c/pthread-wmm/safe006_power.opt-thin000_power.opt.yml	1	pthread-wmm	37919	847			true	false(unreach-call):1	0.298586159	0.261154952	11849728
Deagle	c/pthread-wmm/safe006_pso.oepc_pso.opt_tso.oepc_tso.opt-thin000_pso.oepc_pso.opt_tso.oepc_tso.opt.yml	1	pthread-wmm	32399	775			true	true:1	0.346425474	0.221516213	11206656
Deagle	c/pthread-wmm/safe006_rmo.oepc_rmo.opt-thin000_rmo.oepc_rmo.opt.yml	1	pthread-wmm	36300	834			true	false(unreach-call):1	0.269969207	0.242200666	11685888
Deagle	c/pthread-wmm/safe007_power.oepc-thin001_power.oepc.yml	1	pthread-wmm	37835	861			true	false(unreach-call):1	0.377384366	0.257836054	11763712
Deagle	c/pthread-wmm/safe007_power.opt-thin001_power.opt.yml	1	pthread-wmm	38615	874			true	false(unreach-call):1	0.309178724	0.26258155	11845632
Deagle	c/pthread-wmm/safe007_pso.oepc_pso.opt_tso.oepc_tso.opt-thin001_pso.oepc_pso.opt_tso.oepc_tso.opt.yml	1	pthread-wmm	32936	797			true	true:1	0.266460311	0.222324536	11374592
Deagle	c/pthread-wmm/safe007_rmo.oepc_rmo.opt-thin001_rmo.oepc_rmo.opt.yml	1	pthread-wmm	36961	860			true	false(unreach-call):1	0.342460155	0.255283997	11665408
Deagle	c/pthread-wmm/safe008_power.oepc_pso.oepc_pso.opt_rmo.oepc_rmo.opt.yml	1	pthread-wmm	37217	855			true	false(unreach-call):1	0.429382229	0.265542879	11743232
Deagle	c/pthread-wmm/safe008_power.opt.yml	1	pthread-wmm	39008	877			true	false(unreach-call):1	0.313352799	0.272280217	12341248
Deagle	c/pthread-wmm/safe008_tso.yml	1	pthread-wmm	32774	795			true	true:1	0.294765445	0.228176252	11300864
Deagle	c/pthread-wmm/safe009_power.oepc.yml	1	pthread-wmm	39841	872			true	false(unreach-call):1	0.315315586	0.273759746	12029952
Deagle	c/pthread-wmm/safe009_power.opt.yml	1	pthread-wmm	38925	872			true	false(unreach-call):1	0.31692541	0.276586379	12288000
Deagle	c/pthread-wmm/safe009_pso.oepc_pso.opt_tso.oepc_tso.opt.yml	1	pthread-wmm	32721	790			true	true:1	0.23653597	0.221182069	11313152
Deagle	c/pthread-wmm/safe009_rmo.oepc.yml	1	pthread-wmm	38953	871			true	false(unreach-call):1	0.294279438	0.270249835	11911168
Deagle	c/pthread-wmm/safe009_rmo.opt.yml	1	pthread-wmm	37713	862			true	false(unreach-call):1	0.306147946	0.277419031	11796480
Deagle	c/pthread-wmm/safe010_power.oepc_power.opt_pso.oepc_pso.opt_rmo.oepc_rmo.opt.yml	1	pthread-wmm	36110	825			true	false(unreach-call):1	0.3126942	0.254113696	11603968
Deagle	c/pthread-wmm/safe010_tso.yml	1	pthread-wmm	32237	773			true	true:1	0.271771945	0.223803524	11280384
Deagle	c/pthread-wmm/safe011_power.oepc_pso.oepc_rmo.oepc_rmo.opt.yml	1	pthread-wmm	37119	853			true	false(unreach-call):1	0.35044518	0.274745076	11739136
Deagle	c/pthread-wmm/safe011_power.opt_pso.opt.yml	1	pthread-wmm	37100	853			true	false(unreach-call):1	0.279652048	0.267161317	11743232
Deagle	c/pthread-wmm/safe011_tso.yml	1	pthread-wmm	32684	793			true	true:1	0.387980277	0.234152862	11247616
Deagle	c/pthread-wmm/safe012_power.oepc.yml	1	pthread-wmm	37816	861			true	false(unreach-call):1	0.483879369	0.268991148	11743232
Deagle	c/pthread-wmm/safe012_power.opt.yml	1	pthread-wmm	38597	874			true	false(unreach-call):1	0.359234824	0.270632706	11894784
Deagle	c/pthread-wmm/safe012_pso.oepc_pso.opt_rmo.opt.yml	1	pthread-wmm	36829	853			true	false(unreach-call):1	0.39088164	0.267002004	11628544
Deagle	c/pthread-wmm/safe012_rmo.oepc.yml	1	pthread-wmm	36928	860			true	false(unreach-call):1	0.363345363	0.261455152	11722752
Deagle	c/pthread-wmm/safe012_tso.yml	1	pthread-wmm	32864	797			true	true:1	0.252222146	0.226437842	11325440
Deagle	c/pthread-wmm/safe013_power.oepc_power.opt_pso.oepc_pso.opt_rmo.oepc_rmo.opt.yml	1	pthread-wmm	36825	853			true	false(unreach-call):1	0.283266947	0.260279652	11816960
Deagle	c/pthread-wmm/safe013_tso.yml	1	pthread-wmm	32830	797			true	true:1	0.487013709	0.232617687	11317248
Deagle	c/pthread-wmm/safe014_power.oepc.yml	1	pthread-wmm	37808	859			true	false(unreach-call):1	0.292166956	0.253751777	11829248
Deagle	c/pthread-wmm/safe014_power.opt.yml	1	pthread-wmm	38131	868			true	false(unreach-call):1	0.346669452	0.268059766	11776000
Deagle	c/pthread-wmm/safe014_pso.oepc_pso.opt_tso.oepc_tso.opt.yml	1	pthread-wmm	32886	795			true	true:1	0.259501359	0.224289305	11341824
Deagle	c/pthread-wmm/safe014_rmo.oepc.yml	1	pthread-wmm	36920	858			true	false(unreach-call):1	0.301476891	0.263511805	11767808
Deagle	c/pthread-wmm/safe014_rmo.opt.yml	1	pthread-wmm	40814	889			true	false(unreach-call):1	0.311717071	0.293117579	12980224
Deagle	c/pthread-wmm/safe015_power.oepc.yml	1	pthread-wmm	42317	908			true	false(unreach-call):1	0.36825572	0.297716779	14217216
Deagle	c/pthread-wmm/safe015_power.opt.yml	1	pthread-wmm	41668	890			true	false(unreach-call):1	0.541248308	0.293957809	13139968
Deagle	c/pthread-wmm/safe015_pso.oepc_pso.opt_tso.oepc_tso.opt.yml	1	pthread-wmm	32852	795			true	true:1	0.367254003	0.230057477	11317248
Deagle	c/pthread-wmm/safe015_rmo.yml	1	pthread-wmm	40776	889			true	false(unreach-call):1	0.350857054	0.291812725	12865536
Deagle	c/pthread-wmm/safe016_power.oepc.yml	1	pthread-wmm	40329	891			true	false(unreach-call):1	0.319354596	0.286207647	12992512
Deagle	c/pthread-wmm/safe016_power.opt.yml	1	pthread-wmm	41287	900			true	false(unreach-call):1	0.37694398	0.303531078	14299136
Deagle	c/pthread-wmm/safe016_pso.oepc_pso.opt_tso.oepc_tso.opt.yml	1	pthread-wmm	33085	805			true	true:1	0.334063724	0.236714168	11259904
Deagle	c/pthread-wmm/safe016_rmo.oepc.yml	1	pthread-wmm	39441	890			true	false(unreach-call):1	0.464260707	0.285725152	12677120
Deagle	c/pthread-wmm/safe016_rmo.opt.yml	1	pthread-wmm	40399	899			true	false(unreach-call):1	0.343889586	0.310471622	14262272
Deagle	c/pthread-wmm/safe017_power.oepc_power.opt_pso.oepc_pso.opt_rmo.oepc_rmo.opt.yml	1	pthread-wmm	37054	848			true	false(unreach-call):1	0.274717903	0.262646143	11796480
Deagle	c/pthread-wmm/safe017_tso.yml	1	pthread-wmm	32601	788			true	true:1	0.276173792	0.227368834	11345920
Deagle	c/pthread-wmm/safe018_power.oepc.yml	1	pthread-wmm	37733	856			true	false(unreach-call):1	0.302984149	0.259402673	11702272
Deagle	c/pthread-wmm/safe018_power.opt.yml	1	pthread-wmm	40254	883			true	false(unreach-call):1	0.290596986	0.280690027	12681216
Deagle	c/pthread-wmm/safe018_pso.oepc_pso.opt_tso.oepc_tso.opt.yml	1	pthread-wmm	32811	792			true	true:1	0.239838292	0.223049687	11243520
Deagle	c/pthread-wmm/safe018_rmo.oepc.yml	1	pthread-wmm	36845	855			true	false(unreach-call):1	0.294188293	0.259380911	11722752
Deagle	c/pthread-wmm/safe018_rmo.opt.yml	1	pthread-wmm	39042	873			true	false(unreach-call):1	0.301319268	0.274520291	12025856
Deagle	c/pthread-wmm/safe019_power.oepc.yml	1	pthread-wmm	40419	893			true	false(unreach-call):1	0.341039004	0.292261577	12939264
Deagle	c/pthread-wmm/safe019_power.opt.yml	1	pthread-wmm	41278	908			true	false(unreach-call):1	0.347756984	0.31640795	14446592
Deagle	c/pthread-wmm/safe019_pso.oepc_pso.opt_tso.oepc_tso.opt.yml	1	pthread-wmm	33175	807			true	true:1	0.247524873	0.235385768	11436032
Deagle	c/pthread-wmm/safe019_rmo.oepc.yml	1	pthread-wmm	39531	892			true	false(unreach-call):1	0.377813905	0.282534498	12820480
Deagle	c/pthread-wmm/safe019_rmo.opt.yml	1	pthread-wmm	40031	897			true	false(unreach-call):1	0.323035895	0.294391297	13631488
Deagle	c/pthread-wmm/safe020_power.yml	1	pthread-wmm	40216	883			true	false(unreach-call):1	0.339778091	0.288550294	12623872
Deagle	c/pthread-wmm/safe020_pso.oepc_pso.opt_tso.oepc_tso.opt.yml	1	pthread-wmm	32777	792			true	true:1	0.275300906	0.223638998	11403264
Deagle	c/pthread-wmm/safe020_rmo.yml	1	pthread-wmm	39004	873			true	false(unreach-call):1	0.343773508	0.280455593	11902976
Deagle	c/pthread-wmm/safe021_power.oepc_pso.oepc_rmo.oepc_rmo.opt.yml	1	pthread-wmm	37209	855			true	false(unreach-call):1	0.379521942	0.274411147	11825152
Deagle	c/pthread-wmm/safe021_power.opt_pso.opt.yml	1	pthread-wmm	37190	855			true	false(unreach-call):1	0.303994944	0.266598889	11755520
Deagle	c/pthread-wmm/safe021_tso.yml	1	pthread-wmm	32774	795			true	true:1	0.242002732	0.227617226	11374592
Deagle	c/pthread-wmm/safe022_power.oepc_power.opt_pso.oepc_pso.opt_rmo.oepc_rmo.opt.yml	1	pthread-wmm	36200	827			true	false(unreach-call):1	0.348390669	0.249825157	11673600
Deagle	c/pthread-wmm/safe022_tso.yml	1	pthread-wmm	32327	775			true	true:1	0.231750373	0.217855172	11325440
Deagle	c/pthread-wmm/safe023_power.oepc_power.opt_pso.oepc_pso.opt_rmo.oepc_rmo.opt.yml	1	pthread-wmm	41303	889			true	false(unreach-call):1	0.389663931	0.362393986	15052800
Deagle	c/pthread-wmm/safe023_tso.yml	1	pthread-wmm	32912	797			true	true:1	0.258765046	0.228695265	11370496
Deagle	c/pthread-wmm/safe024_power.oepc_power.opt_pso.oepc_pso.opt_rmo.oepc_rmo.opt.yml	1	pthread-wmm	36915	855			true	false(unreach-call):1	0.301286698	0.260376284	11718656
Deagle	c/pthread-wmm/safe024_tso.yml	1	pthread-wmm	32920	799			true	true:1	0.273784063	0.228567392	11370496
Deagle	c/pthread-wmm/safe025_power.yml	1	pthread-wmm	42402	910			true	false(unreach-call):1	0.362159221	0.294225666	14319616
Deagle	c/pthread-wmm/safe025_pso.oepc_pso.opt_tso.oepc_tso.opt.yml	1	pthread-wmm	32942	797			true	true:1	0.351416264	0.228532439	11378688
Deagle	c/pthread-wmm/safe025_rmo.yml	1	pthread-wmm	40866	891			true	false(unreach-call):1	0.299309667	0.285490986	12931072
Deagle	c/pthread-wmm/safe026_power.oepc_power.opt_pso.oepc_pso.opt_rmo.oepc_rmo.opt.yml	1	pthread-wmm	37144	850			true	false(unreach-call):1	0.287176	0.269122271	11751424
Deagle	c/pthread-wmm/safe026_tso.yml	1	pthread-wmm	32691	790			true	true:1	0.288664307	0.230336549	11300864
Deagle	c/pthread-wmm/safe027_power.oepc.yml	1	pthread-wmm	40008	890			true	false(unreach-call):1	0.330576306	0.280231591	12386304
Deagle	c/pthread-wmm/safe027_power.opt.yml	1	pthread-wmm	41368	910			true	false(unreach-call):1	0.322704814	0.305166857	14450688
Deagle	c/pthread-wmm/safe027_pso.oepc_pso.opt_tso.oepc_tso.opt.yml	1	pthread-wmm	33265	809			true	true:1	0.249349036	0.235842866	11436032
Deagle	c/pthread-wmm/safe027_rmo.yml	1	pthread-wmm	39115	889			true	false(unreach-call):1	0.456010551	0.286952428	12402688
Deagle	c/pthread-wmm/safe028_power.yml	1	pthread-wmm	40306	885			true	false(unreach-call):1	0.36696002	0.282003828	12718080
Deagle	c/pthread-wmm/safe028_pso.oepc_pso.opt_tso.oepc_tso.opt.yml	1	pthread-wmm	32867	794			true	true:1	0.308554743	0.227826622	11460608
Deagle	c/pthread-wmm/safe028_rmo.yml	1	pthread-wmm	39094	875			true	false(unreach-call):1	0.351077996	0.274591928	12021760
Deagle	c/pthread-wmm/safe029_power.oepc_pso.oepc_rmo.oepc.yml	1	pthread-wmm	35994	823			true	false(unreach-call):1	0.317793606	0.259403083	11575296
Deagle	c/pthread-wmm/safe029_power.opt_pso.opt_rmo.opt.yml	1	pthread-wmm	35991	823			true	false(unreach-call):1	0.46218474	0.264890399	11616256
Deagle	c/pthread-wmm/safe029_tso.yml	1	pthread-wmm	32147	771			true	true:1	0.272373838	0.21540515	11272192
Deagle	c/pthread-wmm/safe030_power.oepc_pso.oepc_rmo.oepc.yml	1	pthread-wmm	37021	851			true	false(unreach-call):1	0.348128744	0.273414197	11739136
Deagle	c/pthread-wmm/safe030_power.opt_pso.opt_rmo.opt.yml	1	pthread-wmm	36517	846			true	false(unreach-call):1	0.302608607	0.257114653	11718656
Deagle	c/pthread-wmm/safe030_tso.yml	1	pthread-wmm	32594	791			true	true:1	0.381098631	0.236105129	11186176
Deagle	c/pthread-wmm/safe031_power.oepc_pso.oepc_rmo.oepc.yml	1	pthread-wmm	36709	851			true	false(unreach-call):1	0.297876658	0.267616169	11784192
Deagle	c/pthread-wmm/safe031_power.opt_pso.opt_rmo.opt.yml	1	pthread-wmm	36663	850			true	false(unreach-call):1	0.330321001	0.260326505	11689984
Deagle	c/pthread-wmm/safe031_tso.yml	1	pthread-wmm	32740	795			true	true:1	0.259620724	0.226615637	11317248
Deagle	c/pthread-wmm/safe032_power.oepc_power.opt_pso.oepc_pso.opt_rmo.oepc_rmo.opt.yml	1	pthread-wmm	40768	884			true	false(unreach-call):1	0.440578099	0.306748509	13946880
Deagle	c/pthread-wmm/safe032_tso.yml	1	pthread-wmm	32878	797			true	true:1	0.295380199	0.230507155	11390976
Deagle	c/pthread-wmm/safe033_power.oepc_power.opt_pso.oepc_pso.opt_rmo.oepc_rmo.opt.yml	1	pthread-wmm	35708	823			true	false(unreach-call):1	0.3120492	0.253170309	11632640
Deagle	c/pthread-wmm/safe033_tso.yml	1	pthread-wmm	32293	775			true	true:1	0.255116982	0.218206226	11321344
Deagle	c/pthread-wmm/safe034_power.oepc_power.opt_pso.oepc_pso.opt_rmo.oepc_rmo.opt.yml	1	pthread-wmm	36337	849			true	false(unreach-call):1	0.32742112	0.265861719	11812864
Deagle	c/pthread-wmm/safe034_tso.yml	1	pthread-wmm	32886	799			true	true:1	0.240071641	0.223968722	11358208
Deagle	c/pthread-wmm/safe035_power.yml	1	pthread-wmm	43232	904			true	true:1	0.818980651	0.559595122	18096128
Deagle	c/pthread-wmm/safe035_pso.oepc_pso.opt_rmo.oepc_rmo.opt_tso.oepc_tso.opt.yml	1	pthread-wmm	33071	801			true	true:1	0.279531622	0.216662364	11325440
Deagle	c/pthread-wmm/safe036.yml	1	pthread-wmm	32435	779			true	true:1	0.258492818	0.221059803	11247616
Deagle	c/pthread-wmm/safe037.yml	1	pthread-wmm	33028	803			true	true:1	0.321389092	0.223180556	11337728
Deagle	c/pthread-wmm/thin002_power.oepc.yml	1	pthread-wmm	38477	887			true	false(unreach-call):1	0.354859653	0.272085565	11878400
Deagle	c/pthread-wmm/thin002_power.opt.yml	1	pthread-wmm	39293	901			true	false(unreach-call):1	0.446932626	0.289367861	12931072
Deagle	c/pthread-wmm/thin002_pso.oepc_pso.opt_tso.oepc_tso.opt.yml	1	pthread-wmm	33431	819			true	true:1	0.373882	0.23803073	11354112
Deagle	c/pthread-wmm/thin002_rmo.yml	1	pthread-wmm	37584	886			true	false(unreach-call):1	0.310279963	0.270140091	11870208
Deagle	c/pthread/bigshot_s.yml	1	pthread	55602	1128			true	true:1	0.209274214	0.168811656	12509184
Deagle	c/pthread/bigshot_s2.yml	1	pthread	55597	1128			true	true:1	0.275414165	0.176076702	12500992
Deagle	c/pthread/butterfly.yml	1	pthread	33848	806			true	true:1	1.09350248	0.810093207	17649664
Deagle	c/pthread/fib_safe-10.yml	1	pthread	31319	728			true	true:1	20.5919204	18.7776865	98041856
Deagle	c/pthread/fib_safe-11.yml	1	pthread	31319	728			true	true:1	56.5871807	54.8026294	133341184
Deagle	c/pthread/fib_safe-12.yml	1	pthread	31319	728			false	TIMEOUT:1			
Deagle	c/pthread/fib_safe-5.yml	1	pthread	31317	728			true	true:1	1.00046495	0.689615785	26718208
Deagle	c/pthread/fib_safe-6.yml	1	pthread	31317	728			true	true:1	1.80414042	1.7417027	34971648
Deagle	c/pthread/fib_safe-7.yml	1	pthread	31317	728			true	true:1	4.46277844	4.1948053	46845952
Deagle	c/pthread/fib_unsafe-10.yml	1	pthread	31319	728			true	false(unreach-call):1	13.2362786	12.3970322	90669056
Deagle	c/pthread/fib_unsafe-11.yml	1	pthread	31319	728			true	false(unreach-call):1	28.2839722	27.1836212	116920320
Deagle	c/pthread/fib_unsafe-12.yml	1	pthread	31319	728			true	false(unreach-call):1	56.426441	51.6647507	155127808
Deagle	c/pthread/fib_unsafe-5.yml	1	pthread	31317	728			true	false(unreach-call):1	0.656334018	0.586136558	26304512
Deagle	c/pthread/fib_unsafe-6.yml	1	pthread	31317	728			true	false(unreach-call):1	1.10753854	1.03191079	32616448
Deagle	c/pthread/fib_unsafe-7.yml	1	pthread	31317	728			true	false(unreach-call):1	1.97549314	1.81420476	39702528
Deagle	c/pthread/lazy01.yml	1	pthread	31389	739			true	false(unreach-call):1	0.317810196	0.256995971	11837440
Deagle	c/pthread/queue.yml	1	pthread	44025	1068			true	false(unreach-call):1	26.1863904	25.0211027	1.17087846e+09
Deagle	c/pthread/queue_longer.yml	1	pthread	44020	1067			false	ERROR:1			
Deagle	c/pthread/queue_longest.yml	1	pthread	44020	1067			false	ERROR:1			
Deagle	c/pthread/queue_ok.yml	1	pthread	43780	1057			true	true:1	11.0150525	10.5304616	906711040
Deagle	c/pthread/queue_ok_longer.yml	1	pthread	43782	1057			false	ERROR:1			
Deagle	c/pthread/queue_ok_longest.yml	1	pthread	43790	1057			false	ERROR:1			
Deagle	c/pthread/reorder_2.yml	1	pthread	60275	1310			true	false(unreach-call):1	0.521403817	0.489808898	25104384
Deagle	c/pthread/reorder_5.yml	1	pthread	59811	1302			true	false(unreach-call):1	0.687807228	0.547802721	32624640
Deagle	c/pthread/singleton.yml	1	pthread	56401	1166			true	false(unreach-call):1	0.311251119	0.276540336	12644352
Deagle	c/pthread/singleton_with-uninit-problems.yml	1	pthread	56437	1166			true	true:1	0.483002116	0.285275995	12574720
Deagle	c/pthread/stack-1.yml	1	pthread	42807	1027			true	true:1	8.46060902	8.13769569	48234496
Deagle	c/pthread/stack-2.yml	1	pthread	42825	1028			true	false(unreach-call):1	1.36199147	1.10974437	45723648
Deagle	c/pthread/stack_longer-1.yml	1	pthread	42838	1026			false	ERROR:1			
Deagle	c/pthread/stack_longer-2.yml	1	pthread	42822	1026			false	ERROR:1			
Deagle	c/pthread/stack_longest-1.yml	1	pthread	42841	1027			false	ERROR:1			
Deagle	c/pthread/stack_longest-2.yml	1	pthread	42823	1026			false	ERROR:1			
Deagle	c/pthread/stateful01-1.yml	1	pthread	30876	731			true	false(unreach-call):1	0.353289047	0.248611403	12431360
Deagle	c/pthread/stateful01-2.yml	1	pthread	30876	731			true	true:1	0.358668026	0.250911203	11993088
Deagle	c/pthread/sync01.yml	1	pthread	42052	970			true	true:1	5.36264729	5.21433965	33431552
Deagle	c/pthread/triangular-1.yml	1	pthread	30992	725			true	true:1	0.415604681	0.353057859	11141120
Deagle	c/pthread/triangular-2.yml	1	pthread	30994	725			true	false(unreach-call):1	0.53348608	0.326315181	11034624
Deagle	c/pthread/triangular-longer-1.yml	1	pthread	31003	725			true	true:1	15.1854236	14.5147302	39591936
Deagle	c/pthread/triangular-longer-2.yml	1	pthread	31005	725			true	false(unreach-call):1	6.79384584	6.16021397	31637504
Deagle	c/pthread/triangular-longest-1.yml	1	pthread	31004	725			false	TIMEOUT:1			
Deagle	c/pthread/triangular-longest-2.yml	1	pthread	31006	725			false	TIMEOUT:1			
Deagle	c/pthread/twostage_3.yml	1	pthread	61359	1342			true	false(unreach-call):1	19.6726893	18.9404005	84692992
Deagle	c/weaver/array-eq-symm.wvr.yml	1	weaver	2600	99			true	true:1	6.23917344	6.07256252	81731584
Deagle	c/weaver/array-eq-trans.wvr.yml	1	weaver	3099	116			true	true:1	14.2084918	13.657797	86605824
Deagle	c/weaver/bench-exp1x3.wvr.yml	1	weaver	1905	73			true	true:1	0.203843613	0.182360551	11063296
Deagle	c/weaver/bench-exp2x3.wvr.yml	1	weaver	2319	95			true	true:1	0.278888409	0.252004745	11395072
Deagle	c/weaver/bench-exp2x4.wvr.yml	1	weaver	2391	99			true	true:1	0.279895293	0.266094121	11755520
Deagle	c/weaver/bench-exp2x6.wvr.yml	1	weaver	2535	107			true	true:1	0.342208068	0.303844043	13705216
Deagle	c/weaver/bench-exp2x9.wvr.yml	1	weaver	2751	119			true	true:1	0.377978385	0.362433263	17616896
Deagle	c/weaver/bench-exp3x3-opt.wvr.yml	1	weaver	2934	120			true	true:1	0.404536716	0.343027627	17797120
Deagle	c/weaver/bench-exp3x3.wvr.yml	1	weaver	2733	117			true	true:1	0.571959988	0.53638339	17014784
Deagle	c/weaver/chl-array-int-subst.wvr.yml	1	weaver	3296	129			true	true:1	6.75221302	6.51310943	86646784
Deagle	c/weaver/chl-array-int-symm.wvr.yml	1	weaver	2984	112			true	true:1	6.12759469	5.78245029	82292736
Deagle	c/weaver/chl-array-int-trans.wvr.yml	1	weaver	3243	128			true	true:1	6.51793709	6.22955997	88276992
Deagle	c/weaver/chl-chromosome-opt-symm.wvr.yml	1	weaver	2915	107			true	true:1	5.23356843	5.10456735	69873664
Deagle	c/weaver/chl-chromosome-subst.wvr.yml	1	weaver	3612	130			true	true:1	5.31233537	4.93730562	54325248
Deagle	c/weaver/chl-chromosome-symm.wvr.yml	1	weaver	3197	113			true	true:1	5.26949998	5.0170967	54263808
Deagle	c/weaver/chl-chromosome-trans.wvr.yml	1	weaver	3549	129			true	true:1	5.26005357	4.96978012	55603200
Deagle	c/weaver/chl-collitem-subst.wvr.yml	1	weaver	3765	110			true	true:1	0.599221838	0.547065687	15593472
Deagle	c/weaver/chl-collitem-symm.wvr.yml	1	weaver	3194	96			true	true:1	0.490835902	0.471503952	13090816
Deagle	c/weaver/chl-collitem-trans.wvr.yml	1	weaver	3702	109			true	true:1	0.647238466	0.611346853	15429632
Deagle	c/weaver/chl-exp-term-subst.wvr.yml	1	weaver	3293	90			true	true:1	0.347310095	0.331028705	11476992
Deagle	c/weaver/chl-exp-term-symm.wvr.yml	1	weaver	2836	81			true	true:1	0.344569023	0.292742244	11083776
Deagle	c/weaver/chl-file-item-subst.wvr.yml	1	weaver	3236	93			true	true:1	0.305963012	0.294809944	11595776
Deagle	c/weaver/chl-file-item-symm.wvr.yml	1	weaver	2703	83			true	true:1	0.279568434	0.261228323	11177984
Deagle	c/weaver/chl-file-item-trans.wvr.yml	1	weaver	3038	92			true	true:1	0.332152166	0.306870646	11247616
Deagle	c/weaver/chl-match-subst.wvr.yml	1	weaver	3239	98			true	true:1	0.475556731	0.414634877	12980224
Deagle	c/weaver/chl-match-symm.wvr.yml	1	weaver	2793	86			true	true:1	0.390173621	0.346714802	11554816
Deagle	c/weaver/chl-match-trans.wvr.yml	1	weaver	3176	97			true	true:1	0.506252366	0.421177211	13123584
Deagle	c/weaver/chl-name-comparator-subst.wvr.yml	1	weaver	5351	162			true	true:1	5.31292696	4.78891893	64425984
Deagle	c/weaver/chl-name-comparator-symm.wvr.yml	1	weaver	4359	133			true	true:1	5.2271503	4.87226049	64364544
Deagle	c/weaver/chl-name-comparator-trans.wvr.yml	1	weaver	5303	162			true	true:1	5.33208364	5.01454086	65585152
Deagle	c/weaver/chl-node-subst.wvr.yml	1	weaver	4817	140			true	true:1	23.5677854	21.8782271	78135296
Deagle	c/weaver/chl-node-symm.wvr.yml	1	weaver	4113	124			true	true:1	10.1029453	9.70060098	88723456
Deagle	c/weaver/chl-node-trans.wvr.yml	1	weaver	4766	140			true	true:1	18.9739949	17.893167	85979136
Deagle	c/weaver/chl-nzb-file-subst.wvr.yml	1	weaver	7028	184			true	true:1	5.24732283	5.08165236	85549056
Deagle	c/weaver/chl-nzb-file-symm.wvr.yml	1	weaver	5443	148			true	true:1	5.26235293	5.06492789	84373504
Deagle	c/weaver/chl-nzb-file-trans.wvr.yml	1	weaver	6977	184			true	true:1	5.24154601	4.90496309	83283968
Deagle	c/weaver/chl-poker-hand-subst.wvr.yml	1	weaver	19764	364			true	true:1	5.25753827	5.02043315	47595520
Deagle	c/weaver/chl-poker-hand-symm.wvr.yml	1	weaver	13323	255			true	true:1	5.24569546	4.92291979	45502464
Deagle	c/weaver/chl-poker-hand-trans.wvr.yml	1	weaver	19389	361			true	true:1	5.26358167	5.0047043	47325184
Deagle	c/weaver/chl-simpl-str-subst.wvr.yml	1	weaver	2796	90			true	true:1	0.302525624	0.283601595	11141120
Deagle	c/weaver/chl-simpl-str-symm.wvr.yml	1	weaver	2512	81			true	true:1	0.306112145	0.252673284	10985472
Deagle	c/weaver/chl-simpl-str-trans.wvr.yml	1	weaver	2735	89			true	true:1	0.508308811	0.305235762	11026432
Deagle	c/weaver/chl-sre-subst.wvr.yml	1	weaver	2401	80			true	true:1	0.219033926	0.208579553	10940416
Deagle	c/weaver/chl-sre-symm.wvr.yml	1	weaver	2188	72			true	true:1	0.267885346	0.196133428	11010048
Deagle	c/weaver/chl-sre-trans.wvr.yml	1	weaver	2340	79			true	true:1	0.230557344	0.210467888	11051008
Deagle	c/weaver/chl-time-subst.wvr.yml	1	weaver	3100	102			true	true:1	0.346556834	0.320622213	11538432
Deagle	c/weaver/chl-time-symm.wvr.yml	1	weaver	2702	89			true	true:1	0.358866325	0.325211922	11087872
Deagle	c/weaver/chl-time-trans.wvr.yml	1	weaver	3057	102			true	true:1	0.410746746	0.367471111	11956224
Deagle	c/weaver/chl-word-subst.wvr.yml	1	weaver	3707	143			true	true:1	6.64081855	5.99504419	83103744
Deagle	c/weaver/chl-word-symm.wvr.yml	1	weaver	3197	119			true	true:1	5.8467815	5.53625157	84631552
Deagle	c/weaver/chl-word-trans.wvr.yml	1	weaver	3654	142			true	true:1	6.36344624	6.2283014	89808896
Deagle	c/weaver/clever.wvr.yml	1	weaver	2189	84			true	true:1	5.29632831	4.95083389	75943936
Deagle	c/weaver/fibonacci.wvr.yml	1	weaver	2692	99			true	true:1	6.0399387	5.81194054	46149632
Deagle	c/weaver/loop-tiling-eq.wvr.yml	1	weaver	2968	108			false	unknown:1			
Deagle	c/weaver/mult-comm.wvr.yml	1	weaver	1966	73			true	true:1	5.23671253	5.02053702	78913536
Deagle	c/weaver/mult-dist.wvr.yml	1	weaver	2185	83			true	true:1	5.34553469	5.22551995	75698176
Deagle	c/weaver/mult-flipped-dist.wvr.yml	1	weaver	2204	84			true	true:1	5.48225561	5.19409015	76996608
Deagle	c/weaver/parallel-bakery-2.wvr.yml	1	weaver	2585	101			true	true:1	0.255033648	0.208665433	11239424
Deagle	c/weaver/parallel-bakery-3.wvr.yml	1	weaver	3662	140			true	true:1	0.478997681	0.382981239	13484032
Deagle	c/weaver/parallel-bakery-4.wvr.yml	1	weaver	5118	189			true	true:1	8.15410967	7.74590044	27914240
Deagle	c/weaver/parallel-barrier-loop.wvr.yml	1	weaver	3951	174			true	false(unreach-call):1	5.50172668	5.10275613	53440512
Deagle	c/weaver/parallel-barrier.wvr.yml	1	weaver	3447	151			true	true:1	1.96838584	1.80493586	20451328
Deagle	c/weaver/parallel-bluetooth.wvr.yml	1	weaver	2520	94			true	true:1	0.215772697	0.203117287	11149312
Deagle	c/weaver/parallel-lamport.wvr.yml	1	weaver	3368	134			true	true:1	5.49859398	5.22583235	85786624
Deagle	c/weaver/parallel-min-max-1.wvr.yml	1	weaver	2966	115			true	true:1	5.57128457	4.95036458	75718656
Deagle	c/weaver/parallel-misc-1.wvr.yml	1	weaver	3257	123			true	true:1	40.1852827	38.5310255	464338944
Deagle	c/weaver/parallel-misc-2-unrolled-atomic.wvr.yml	1	weaver	2307	87			true	true:1	5.29332134	5.10285433	57843712
Deagle	c/weaver/parallel-misc-2-unrolled.wvr.yml	1	weaver	2072	81			true	true:1	5.34406133	5.21634454	73699328
Deagle	c/weaver/parallel-misc-2.wvr.yml	1	weaver	2279	93			true	true:1	5.3832343	4.94870465	76161024
Deagle	c/weaver/parallel-misc-3-extended.wvr.yml	1	weaver	2451	116			true	true:1	5.49654884	5.4111159	83447808
Deagle	c/weaver/parallel-misc-3.wvr.yml	1	weaver	2122	94			true	true:1	5.29199735	4.98771665	80007168
Deagle	c/weaver/parallel-misc-4.wvr.yml	1	weaver	2287	96			true	true:1	5.31735782	5.11766969	79794176
Deagle	c/weaver/parallel-misc-5.wvr.yml	1	weaver	3095	123			true	true:1	5.39397219	5.18878678	40194048
Deagle	c/weaver/parallel-parallel-sum-1-dsl.wvr.yml	1	weaver	4926	194			true	true:1	8.46442692	8.09134959	92471296
Deagle	c/weaver/parallel-parallel-sum-1.wvr.yml	1	weaver	4170	156			true	true:1	6.35063619	5.82542996	85614592
Deagle	c/weaver/parallel-parallel-sum-2.wvr.yml	1	weaver	4779	186			true	true:1	9.62474706	9.28620526	93294592
Deagle	c/weaver/parallel-parallel-sum-equiv.wvr.yml	1	weaver	4298	164			true	true:1	5.71598322	5.34229247	85295104
Deagle	c/weaver/parallel-simple-equiv.wvr.yml	1	weaver	2111	80			true	true:1	0.305842206	0.243107558	10944512
Deagle	c/weaver/parallel-ticket-2.wvr.yml	1	weaver	2137	84			true	true:1	0.273037235	0.201342212	10985472
Deagle	c/weaver/parallel-ticket-3.wvr.yml	1	weaver	2360	97			true	true:1	0.247136547	0.231602023	11071488
Deagle	c/weaver/parallel-ticket-4.wvr.yml	1	weaver	2583	110			true	true:1	0.338434708	0.291293594	12697600
Deagle	c/weaver/parallel-ticket-5.wvr.yml	1	weaver	2806	123			true	true:1	1.60593836	1.4908371	18722816
Deagle	c/weaver/parallel-ticket-6.wvr.yml	1	weaver	3029	136			true	true:1	11.9852783	11.7628098	40611840
Deagle	c/weaver/parallel-ticket-7.wvr.yml	1	weaver	3252	149			false	TIMEOUT:1			
Deagle	c/weaver/parallel-ticket-8.wvr.yml	1	weaver	3475	162			false	TIMEOUT:1			
Deagle	c/weaver/popl20-bad-buffer-mult-alt.wvr.yml	1	weaver	4821	174			true	true:1	6.95261411	6.35218731	82194432
Deagle	c/weaver/popl20-bad-buffer-mult-alt2.wvr.yml	1	weaver	4702	170			true	true:1	8.08441172	7.83025937	85409792
Deagle	c/weaver/popl20-bad-buffer-mult-alt3.wvr.yml	1	weaver	4821	174			true	false(unreach-call):1	6.76113689	6.19788882	82698240
Deagle	c/weaver/popl20-bad-commit-1.wvr-bad.yml	1	weaver	5484	176			true	true:1	9.20448982	8.51629173	119414784
Deagle	c/weaver/popl20-bad-commit-2.wvr-bad.yml	1	weaver	7010	220			true	true:1	8.44606151	8.05656483	231956480
Deagle	c/weaver/popl20-bad-counter-queue.wvr.yml	1	weaver	2771	104			true	false(unreach-call):1	5.32798382	5.12751995	77647872
Deagle	c/weaver/popl20-bad-counter-queue2.wvr.yml	1	weaver	2926	107			true	true:1	6.38044335	6.10594417	79216640
Deagle	c/weaver/popl20-bad-dot-product-alt.wvr.yml	1	weaver	3697	130			true	true:1	31.5203866	30.57229	208736256
Deagle	c/weaver/popl20-bad-dot-product.wvr.yml	1	weaver	3380	127			true	true:1	6.44289313	6.16786575	86294528
Deagle	c/weaver/popl20-bad-ring-nondet.wvr.yml	1	weaver	4447	170			true	true:1	6.82221562	6.30544855	81563648
Deagle	c/weaver/popl20-bad-ring.wvr.yml	1	weaver	4309	164			true	true:1	5.72426768	5.58110623	89149440
Deagle	c/weaver/popl20-bad-threaded-sum-2.wvr.yml	1	weaver	2532	98			true	true:1	5.25759107	4.99548783	65019904
Deagle	c/weaver/popl20-bad-three-array-sum-alt.wvr.yml	1	weaver	2927	111			true	true:1	8.18913214	7.91280067	82006016
Deagle	c/weaver/popl20-channel-sum.wvr.yml	1	weaver	2746	102			true	true:1	5.40382924	5.09477586	77193216
Deagle	c/weaver/popl20-commit-1.wvr.yml	1	weaver	4966	162			true	true:1	8.21886587	7.86413587	116645888
Deagle	c/weaver/popl20-commit-2.wvr.yml	1	weaver	6221	200			true	true:1	10.3926237	9.97861155	231108608
Deagle	c/weaver/popl20-counter-determinism.wvr.yml	1	weaver	2247	92			true	true:1	5.35638552	5.01985016	77004800
Deagle	c/weaver/popl20-counter-fun.wvr.yml	1	weaver	3030	102			true	true:1	5.66781143	5.56597407	84930560
Deagle	c/weaver/popl20-difference-det.wvr.yml	1	weaver	2276	93			true	true:1	5.44040418	5.07028979	76804096
Deagle	c/weaver/popl20-figure1-alt.wvr.yml	1	weaver	1950	74			true	true:1	5.23219671	5.01002229	78307328
Deagle	c/weaver/popl20-figure1.wvr.yml	1	weaver	1854	71			true	true:1	5.2788764	5.01410635	78225408
Deagle	c/weaver/popl20-figure3.wvr.yml	1	weaver	1975	74			true	true:1	5.35386533	5.13599833	79343616
Deagle	c/weaver/popl20-horseshoe.wvr.yml	1	weaver	3786	141			true	true:1	5.80213044	5.36368142	87506944
Deagle	c/weaver/popl20-min-max-dec.wvr.yml	1	weaver	3047	121			true	true:1	7.50794733	6.88686509	81559552
Deagle	c/weaver/popl20-min-max-inc-dec.wvr.yml	1	weaver	3252	133			false	TIMEOUT:1			
Deagle	c/weaver/popl20-min-max-inc.wvr.yml	1	weaver	3046	121			true	true:1	6.92110785	6.69322165	86151168
Deagle	c/weaver/popl20-more-array-sum-alt.wvr.yml	1	weaver	2844	111			true	false(unreach-call):1	5.51569236	5.39115838	79695872
Deagle	c/weaver/popl20-more-array-sum-alt2.wvr.yml	1	weaver	3040	115			true	true:1	6.06624792	5.56333829	80740352
Deagle	c/weaver/popl20-more-array-sum.wvr.yml	1	weaver	2899	112			true	false(unreach-call):1	6.1250002	6.07490856	82284544
Deagle	c/weaver/popl20-more-array-sum2.wvr.yml	1	weaver	3114	117			true	true:1	7.93001933	7.47045586	81887232
Deagle	c/weaver/popl20-more-buffer-mult.wvr.yml	1	weaver	4746	172			true	true:1	10.4215716	10.0733596	85950464
Deagle	c/weaver/popl20-more-buffer-mult2.wvr.yml	1	weaver	4627	168			true	true:1	12.1304774	11.2325103	79876096
Deagle	c/weaver/popl20-more-buffer-mult3.wvr.yml	1	weaver	4746	172			true	false(unreach-call):1	6.47249142	6.25719298	88981504
Deagle	c/weaver/popl20-more-buffer-series.wvr.yml	1	weaver	4879	175			true	true:1	18.571821	17.5737021	85143552
Deagle	c/weaver/popl20-more-buffer-series2.wvr.yml	1	weaver	4760	171			true	true:1	15.6227771	14.7036174	88158208
Deagle	c/weaver/popl20-more-buffer-series3.wvr.yml	1	weaver	4879	175			true	false(unreach-call):1	6.40986931	5.96825837	85983232
Deagle	c/weaver/popl20-more-dec-subseq.wvr.yml	1	weaver	3273	121			true	true:1	7.04540955	6.63853183	82821120
Deagle	c/weaver/popl20-more-inc-subseq.wvr.yml	1	weaver	3273	121			true	true:1	7.39260516	6.78094455	78700544
Deagle	c/weaver/popl20-more-max-array-hom.wvr.yml	1	weaver	2948	114			true	true:1	5.64450759	5.56961834	81981440
Deagle	c/weaver/popl20-more-max-array.wvr.yml	1	weaver	2915	114			true	true:1	5.78847562	5.52446304	81338368
Deagle	c/weaver/popl20-more-min-array-hom.wvr.yml	1	weaver	2948	114			true	true:1	5.65368681	5.13898321	77389824
Deagle	c/weaver/popl20-more-min-array.wvr.yml	1	weaver	2915	114			true	true:1	5.7892241	5.35276692	78417920
Deagle	c/weaver/popl20-more-min-le-max.wvr.yml	1	weaver	2848	112			true	true:1	5.39533498	4.90477273	76910592
Deagle	c/weaver/popl20-more-mts.wvr.yml	1	weaver	3049	112			true	true:1	6.75528343	6.13812131	80973824
Deagle	c/weaver/popl20-more-multiply-verify.wvr.yml	1	weaver	3451	124			true	true:1	5.66851262	5.34482637	86732800
Deagle	c/weaver/popl20-more-nonblocking-counter-alt2.wvr.yml	1	weaver	2203	81			true	true:1	5.32482338	5.28731305	70152192
Deagle	c/weaver/popl20-more-queue-add-2-nl.wvr.yml	1	weaver	3220	119			true	true:1	5.51945306	5.37026834	86941696
Deagle	c/weaver/popl20-more-queue-add-3-nl.wvr.yml	1	weaver	3978	149			true	true:1	6.30420343	5.65455096	84037632
Deagle	c/weaver/popl20-more-sorted.wvr.yml	1	weaver	2796	106			true	true:1	5.8842325	5.47869485	78372864
Deagle	c/weaver/popl20-more-sum-array-hom.wvr.yml	1	weaver	2805	104			true	true:1	5.68089521	5.44009518	81125376
Deagle	c/weaver/popl20-more-vector-add.wvr.yml	1	weaver	3008	111			true	true:1	9.16002047	8.84903886	82890752
Deagle	c/weaver/popl20-mult-4.wvr.yml	1	weaver	2693	104			false	TIMEOUT:1			
Deagle	c/weaver/popl20-mult-equiv.wvr.yml	1	weaver	2659	108			true	true:1	5.41924815	5.29560624	68767744
Deagle	c/weaver/popl20-nonblocking-cntr-alt.wvr.yml	1	weaver	2153	81			true	true:1	5.27855072	5.02615988	69943296
Deagle	c/weaver/popl20-nonblocking-cntr.wvr.yml	1	weaver	2092	80			true	true:1	5.38121161	5.17607987	71159808
Deagle	c/weaver/popl20-prod-cons-eq.wvr.yml	1	weaver	5171	166			true	true:1	22.7072433	20.4510439	217444352
Deagle	c/weaver/popl20-prod-cons.wvr.yml	1	weaver	3418	130			true	true:1	5.40734557	5.14838599	84213760
Deagle	c/weaver/popl20-prod-cons3.wvr.yml	1	weaver	4383	164			true	true:1	5.66403	5.35188477	85860352
Deagle	c/weaver/popl20-proofs-counter-add-4-semi-Q67.wvr.yml	1	weaver	2692	108			true	true:1	6.63954616	6.12710031	67719168
Deagle	c/weaver/popl20-queue-add-2.wvr.yml	1	weaver	3045	112			true	true:1	5.44810736	5.20363174	84090880
Deagle	c/weaver/popl20-queue-add-3.wvr.yml	1	weaver	3774	140			true	true:1	5.55102001	5.31229862	90071040
Deagle	c/weaver/popl20-send-receive-alt.wvr.yml	1	weaver	2999	108			true	true:1	5.63625961	5.22932114	82329600
Deagle	c/weaver/popl20-send-receive.wvr.yml	1	weaver	3469	131			true	true:1	5.39747142	5.20060849	86245376
Deagle	c/weaver/popl20-simple-array-sum.wvr.yml	1	weaver	2840	108			true	true:1	5.39904717	5.26087873	79699968
Deagle	c/weaver/popl20-simple-queue.wvr.yml	1	weaver	2787	100			true	true:1	5.41685661	5.13253116	78970880
Deagle	c/weaver/popl20-threaded-sum-3.wvr.yml	1	weaver	3026	121			true	true:1	5.38272731	5.07225524	65187840
Deagle	c/weaver/popl20-three-array-max.wvr.yml	1	weaver	3339	134			true	true:1	7.5070857	7.17945998	85733376
Deagle	c/weaver/popl20-three-array-min.wvr.yml	1	weaver	3331	134			true	true:1	7.11526271	6.68959835	86126592
Deagle	c/weaver/popl20-three-array-sum.wvr.yml	1	weaver	3101	116			true	true:1	7.31538399	6.88618971	83857408
Deagle	c/weaver/popl20-two-queue.wvr.yml	1	weaver	3336	116			true	true:1	5.66280834	5.25664306	85053440
Deagle	c/weaver/security.wvr.yml	1	weaver	1987	79			true	true:1	0.237753977	0.200050631	11075584
Deagle	c/weaver/spaghetti.wvr.yml	1	weaver	2371	100			true	true:1	5.3506698	5.25811251	76292096
Deagle	c/weaver/test-context1.wvr.yml	1	weaver	2782	99			true	true:1	5.34622583	5.18270024	81227776
Deagle	c/weaver/test-easy1.wvr.yml	1	weaver	1931	73			false	ERROR:1			
Deagle	c/weaver/test-easy10.wvr.yml	1	weaver	2577	106			true	true:1	0.314216802	0.252533818	11804672
Deagle	c/weaver/test-easy11.wvr.yml	1	weaver	1870	77			true	true:1	5.39987077	5.10282615	92114944
Deagle	c/weaver/test-easy6.wvr.yml	1	weaver	2061	83			true	true:1	0.331630956	0.212820193	11034624
Deagle	c/weaver/test-easy7.wvr.yml	1	weaver	1928	75			true	true:1	0.249464706	0.210285055	11014144
Deagle	c/weaver/test-easy8.wvr.yml	1	weaver	2037	78			true	true:1	0.338069023	0.201832663	10944512
Deagle	c/weaver/test-hard1.wvr.yml	1	weaver	3455	142			false	TIMEOUT:1			
Deagle	c/weaver/test-semi1.wvr.yml	1	weaver	1851	70			true	true:1	0.310738473	0.192293332	10960896
Deagle	c/weaver/unroll-2.wvr.yml	1	weaver	2778	102			true	true:1	5.50095016	5.11902982	77406208
Deagle	c/weaver/unroll-3.wvr.yml	1	weaver	2850	105			true	true:1	5.57273841	5.35240427	78778368
Deagle	c/weaver/unroll-4.wvr.yml	1	weaver	2922	108			true	true:1	5.61584359	5.20085206	80748544
Deagle	c/weaver/unroll-5.wvr.yml	1	weaver	2994	111			true	true:1	5.69726259	5.50347499	110432256
Deagle	c/weaver/unroll-cond-2.wvr.yml	1	weaver	2824	105			true	true:1	5.68290719	4.8792292	72601600
Deagle	c/weaver/unroll-cond-3.wvr.yml	1	weaver	2991	113			true	true:1	5.62476883	5.27591381	81686528
Deagle	c/weaver/unroll-cond-4.wvr.yml	1	weaver	3158	121			true	true:1	5.88351337	5.58846503	119705600
Deagle	c/weaver/unroll-cond-5.wvr.yml	1	weaver	3325	129			true	true:1	6.10872823	5.7490475	174931968
GenMC	c/goblint-regression/13-privatized_01-priv_nr_true.yml	1	goblint-regression	1061	42			true	true:1	0.0719099139	0.067397494	25784320
GenMC	c/goblint-regression/13-privatized_04-priv_multi_true.yml	1	goblint-regression	50054	1214			false	OUT OF MEMORY:1			
GenMC	c/goblint-regression/13-privatized_18-first-reads_true.yml	1	goblint-regression	1011	45			true	true:1	0.070248811	0.060210984	25735168
GenMC	c/goblint-regression/13-privatized_18-first-reads_unknown_1_neg.yml	1	goblint-regression	977	44			true	false(unreach-call):1	0.076130199	0.071466072	25722880
GenMC	c/goblint-regression/13-privatized_18-first-reads_unknown_1_pos.yml	1	goblint-regression	974	44			true	true:1	0.065578343	0.059854698	25718784
GenMC	c/goblint-regression/13-privatized_18-first-reads_unknown_2_neg.yml	1	goblint-regression	977	44			true	true:1	0.077710169	0.071390758	25669632
GenMC	c/goblint-regression/13-privatized_18-first-reads_unknown_2_pos.yml	1	goblint-regression	974	44			true	false(unreach-call):1	0.075774004	0.069011432	25673728
GenMC	c/goblint-regression/13-privatized_19-publish-precision_true.yml	1	goblint-regression	1081	43			true	true:1	0.074790893	0.065272678	25776128
GenMC	c/goblint-regression/13-privatized_19-publish-precision_unknown_1_neg.yml	1	goblint-regression	1051	42			true	false(unreach-call):1	0.0764248209	0.07075658	25649152
GenMC	c/goblint-regression/13-privatized_19-publish-precision_unknown_1_pos.yml	1	goblint-regression	1048	42			true	false(unreach-call):1	0.068908754	0.065658828	25702400
GenMC	c/goblint-regression/13-privatized_19-publish-precision_unknown_2_neg.yml	1	goblint-regression	1051	42			true	false(unreach-call):1	0.071017403	0.067013074	25767936
GenMC	c/goblint-regression/13-privatized_19-publish-precision_unknown_2_pos.yml	1	goblint-regression	1048	42			true	false(unreach-call):1	0.076255976	0.071360149	25681920
GenMC	c/goblint-regression/13-privatized_20-publish-regression_true.yml	1	goblint-regression	1284	46			true	true:1	0.116617892	0.071713575	25780224
GenMC	c/goblint-regression/13-privatized_24-multiple-protecting_true.yml	1	goblint-regression	1821	66			true	true:1	0.115861296	0.075734684	25747456
GenMC	c/goblint-regression/13-privatized_25-struct_nr_true.yml	1	goblint-regression	1138	46			true	true:1	0.0656525061	0.061309807	25653248
GenMC	c/goblint-regression/13-privatized_27-multiple-protecting2_true.yml	1	goblint-regression	2193	72			true	true:1	0.134087728	0.081636115	25776128
GenMC	c/goblint-regression/13-privatized_29-multiple-protecting2-vesal_true.yml	1	goblint-regression	1674	53			true	true:1	0.110403363	0.070680288	25739264
GenMC	c/goblint-regression/13-privatized_30-traces-oplus-vs-meet_true.yml	1	goblint-regression	1337	51			true	true:1	0.0699297109	0.064449382	25755648
GenMC	c/goblint-regression/13-privatized_31-traces-mine-vs-mutex_true.yml	1	goblint-regression	1267	46			true	true:1	0.0841073591	0.063790686	25767936
GenMC	c/goblint-regression/13-privatized_32-traces-mine-vs-oplus-vs-meet_true.yml	1	goblint-regression	1377	53			true	true:1	0.113936868	0.078819556	25681920
GenMC	c/goblint-regression/13-privatized_33-traces-v-matters_true.yml	1	goblint-regression	1097	42			true	true:1	0.076591199	0.06985683	25702400
GenMC	c/goblint-regression/13-privatized_34-traces-minepp-L-needs-to-be-um_true.yml	1	goblint-regression	1379	54			true	true:1	0.102146243	0.072967145	25673728
GenMC	c/goblint-regression/13-privatized_35-traces-ex-2_true.yml	1	goblint-regression	1041	41			true	true:1	0.077837358	0.070842273	25735168
GenMC	c/goblint-regression/13-privatized_36-traces-ex-3_true.yml	1	goblint-regression	987	39			true	true:1	0.079562983	0.067741041	25722880
GenMC	c/goblint-regression/13-privatized_37-traces-ex-4_true.yml	1	goblint-regression	1041	41			true	true:1	0.070519679	0.063664404	25706496
GenMC	c/goblint-regression/13-privatized_38-traces-ex-4-switch_true.yml	1	goblint-regression	1041	41			true	true:1	0.0798029839	0.068064579	25739264
GenMC	c/goblint-regression/13-privatized_40-traces-ex-6_true.yml	1	goblint-regression	959	38			true	true:1	0.0835981281	0.072178627	25640960
GenMC	c/goblint-regression/13-privatized_41-traces-ex-7_unknown_1_neg.yml	1	goblint-regression	945	37			true	false(unreach-call):1	0.066742343	0.056110962	25694208
GenMC	c/goblint-regression/13-privatized_41-traces-ex-7_unknown_1_pos.yml	1	goblint-regression	942	37			true	false(unreach-call):1	0.076651045	0.06882835	25669632
GenMC	c/goblint-regression/13-privatized_42-traces-ex-mini_true.yml	1	goblint-regression	1092	42			true	true:1	0.082049896	0.073421374	25780224
GenMC	c/goblint-regression/13-privatized_44-traces-mine2_true.yml	1	goblint-regression	973	39			true	true:1	0.097328139	0.074523319	25657344
GenMC	c/goblint-regression/13-privatized_45-traces-per-global-and-current-lock-mine-incomparable_true.yml	1	goblint-regression	1054	41			true	true:1	0.070579303	0.063284329	25726976
GenMC	c/goblint-regression/13-privatized_46-refine-protected1_true.yml	1	goblint-regression	909	39			true	true:1	0.0840006861	0.075685472	25636864
GenMC	c/goblint-regression/13-privatized_47-refine-protected2_true.yml	1	goblint-regression	866	37			true	true:1	0.076480857	0.069829789	25624576
GenMC	c/goblint-regression/13-privatized_52-refine-protected-loop2-small_true.yml	1	goblint-regression	986	42			false	TIMEOUT:1			
GenMC	c/goblint-regression/13-privatized_57-singlethreaded-unlock_true.yml	1	goblint-regression	816	36			true	true:1	0.087052741	0.05833695	25608192
GenMC	c/goblint-regression/13-privatized_58-singlethreaded-lock_true.yml	1	goblint-regression	967	39			true	true:1	0.0664647891	0.06040606	25665536
GenMC	c/goblint-regression/13-privatized_66-mine-W-init_true.yml	1	goblint-regression	621	27			true	true:1	0.078352866	0.070143243	25632768
GenMC	c/goblint-regression/13-privatized_67-pthread_cond_wait_true.yml	1	goblint-regression	58948	1381			false	ERROR (compilation):1			
GenMC	c/goblint-regression/13-privatized_67-pthread_cond_wait_unknown_1_neg.yml	1	goblint-regression	58960	1381			false	ERROR (compilation):1			
GenMC	c/goblint-regression/13-privatized_67-pthread_cond_wait_unknown_1_pos.yml	1	goblint-regression	58957	1381			false	ERROR (compilation):1			
GenMC	c/goblint-regression/13-privatized_68-pfscan_protected_loop_minimal_interval_true.yml	1	goblint-regression	1532	77			true	true:1	0.108558269	0.069001909	25755648
GenMC	c/goblint-regression/13-privatized_69-refine-protected-loop-interval_true.yml	1	goblint-regression	1250	72			true	true:1	0.11763183	0.071527564	25837568
GenMC	c/goblint-regression/28-race_reach_01-simple_racing.yml	1	goblint-regression	31261	713			true	false(unreach-call):1	3.85230265	3.66695111	77045760
GenMC	c/goblint-regression/28-race_reach_02-simple_racefree.yml	1	goblint-regression	31261	713			false	OUT OF MEMORY:1			
GenMC	c/goblint-regression/28-race_reach_03-munge_racing.yml	1	goblint-regression	31545	717			false	OUT OF MEMORY:1			
GenMC	c/goblint-regression/28-race_reach_04-munge_racefree.yml	1	goblint-regression	31545	717			false	OUT OF MEMORY:1			
GenMC	c/goblint-regression/28-race_reach_05-lockfuns_racefree.yml	1	goblint-regression	31210	718			false	OUT OF MEMORY:1			
GenMC	c/goblint-regression/28-race_reach_06-cond_racing1.yml	1	goblint-regression	42556	954			true	false(unreach-call):1	3.87764204	3.60058569	77094912
GenMC	c/goblint-regression/28-race_reach_07-cond_racing2.yml	1	goblint-regression	42558	954			false	OUT OF MEMORY:1			
GenMC	c/goblint-regression/28-race_reach_08-cond_racefree.yml	1	goblint-regression	42556	954			false	OUT OF MEMORY:1			
GenMC	c/goblint-regression/28-race_reach_09-ptrmunge_racing.yml	1	goblint-regression	31579	718			false	OUT OF MEMORY:1			
GenMC	c/goblint-regression/28-race_reach_10-ptrmunge_racefree.yml	1	goblint-regression	31579	718			false	OUT OF MEMORY:1			
GenMC	c/goblint-regression/28-race_reach_11-ptr_racing.yml	1	goblint-regression	31273	714			true	false(unreach-call):1	4.06271378	3.68463748	76877824
GenMC	c/goblint-regression/28-race_reach_12-ptr_racefree.yml	1	goblint-regression	31273	714			false	OUT OF MEMORY:1			
GenMC	c/goblint-regression/28-race_reach_19-callback_racing.yml	1	goblint-regression	31439	724			false	OUT OF MEMORY:1			
GenMC	c/goblint-regression/28-race_reach_20-callback_racefree.yml	1	goblint-regression	31439	724			false	OUT OF MEMORY:1			
GenMC	c/goblint-regression/28-race_reach_21-deref_read_racing.yml	1	goblint-regression	31073	711			false	ERROR (unsupported property: invalid memory access):1			
GenMC	c/goblint-regression/28-race_reach_22-deref_read_racefree.yml	1	goblint-regression	31135	713			false	ERROR (unsupported property: invalid memory access):1			
GenMC	c/goblint-regression/28-race_reach_23-sound_unlock_racing.yml	1	goblint-regression	31523	722			false	ERROR (unsupported external):1			
GenMC	c/goblint-regression/28-race_reach_24-sound_lock_racing.yml	1	goblint-regression	31338	716			true	false(unreach-call):1	4.20516043	3.74583578	76931072
GenMC	c/goblint-regression/28-race_reach_27-funptr_racing.yml	1	goblint-regression	41297	920			false	OUT OF MEMORY:1			
GenMC	c/goblint-regression/28-race_reach_28-funptr_racefree.yml	1	goblint-regression	41302	920			false	OUT OF MEMORY:1			
GenMC	c/goblint-regression/28-race_reach_36-indirect_racefree.yml	1	goblint-regression	31210	715			false	OUT OF MEMORY:1			
GenMC	c/goblint-regression/28-race_reach_37-indirect_racing.yml	1	goblint-regression	31148	713			true	false(unreach-call):1	3.80641719	3.6478687	76791808
GenMC	c/goblint-regression/28-race_reach_40-trylock_racing.yml	1	goblint-regression	31333	716			false	ERROR (unsupported external):1			
GenMC	c/goblint-regression/28-race_reach_41-trylock_racefree.yml	1	goblint-regression	31204	713			false	OUT OF MEMORY:1			
GenMC	c/goblint-regression/28-race_reach_42-trylock2_racefree.yml	1	goblint-regression	32046	724			false	TIMEOUT:1			
GenMC	c/goblint-regression/28-race_reach_45-escape_racing.yml	1	goblint-regression	31190	715			true	false(unreach-call):1	0.138042509	0.068561838	25710592
GenMC	c/goblint-regression/28-race_reach_46-escape_racefree.yml	1	goblint-regression	31190	715			true	true:1	0.161989533	0.068527326	25825280
GenMC	c/goblint-regression/28-race_reach_51-mutexptr_racefree.yml	1	goblint-regression	31379	720			false	OUT OF MEMORY:1			
GenMC	c/goblint-regression/28-race_reach_60-invariant_racefree.yml	1	goblint-regression	31586	718			false	OUT OF MEMORY:1			
GenMC	c/goblint-regression/28-race_reach_61-invariant_racing.yml	1	goblint-regression	31583	720			false	OUT OF MEMORY:1			
GenMC	c/goblint-regression/28-race_reach_70-funloop_racefree.yml	1	goblint-regression	42641	959			false	TIMEOUT:1			
GenMC	c/goblint-regression/28-race_reach_71-funloop_racing.yml	1	goblint-regression	43068	960			false	TIMEOUT:1			
GenMC	c/goblint-regression/28-race_reach_72-funloop_hard_racing.yml	1	goblint-regression	43150	960			false	TIMEOUT:1			
GenMC	c/goblint-regression/28-race_reach_73-funloop_hard_racefree.yml	1	goblint-regression	43150	960			false	TIMEOUT:1			
GenMC	c/goblint-regression/28-race_reach_74-tricky_address1_racefree.yml	1	goblint-regression	43065	959			true	true:1	1.66404917	1.62648796	25944064
GenMC	c/goblint-regression/28-race_reach_75-tricky_address2_racefree.yml	1	goblint-regression	43071	959			true	true:1	1.71666333	1.62320247	25944064
GenMC	c/goblint-regression/28-race_reach_76-tricky_address3_racefree.yml	1	goblint-regression	43072	960			true	true:1	1.7325703	1.62832266	25911296
GenMC	c/goblint-regression/28-race_reach_77-tricky_address4_racing.yml	1	goblint-regression	43077	960			true	true:1	1.76376794	1.62720909	25890816
GenMC	c/goblint-regression/28-race_reach_78-equ_racing.yml	1	goblint-regression	48834	1042			false	OUT OF MEMORY:1			
GenMC	c/goblint-regression/28-race_reach_79-equ_racefree.yml	1	goblint-regression	48834	1042			false	OUT OF MEMORY:1			
GenMC	c/goblint-regression/28-race_reach_81-list_racing.yml	1	goblint-regression	48944	1047			false	OUT OF MEMORY:1			
GenMC	c/goblint-regression/28-race_reach_82-list_racefree.yml	1	goblint-regression	49016	1049			false	OUT OF MEMORY:1			
GenMC	c/goblint-regression/28-race_reach_83-list2_racing1.yml	1	goblint-regression	49909	1060			false	OUT OF MEMORY:1			
GenMC	c/goblint-regression/28-race_reach_84-list2_racing2.yml	1	goblint-regression	49950	1062			false	OUT OF MEMORY:1			
GenMC	c/goblint-regression/28-race_reach_85-list2_racefree.yml	1	goblint-regression	49909	1060			false	OUT OF MEMORY:1			
GenMC	c/goblint-regression/28-race_reach_86-lists_racing.yml	1	goblint-regression	49342	1058			true	true:1	24.6235086	23.9726446	745537536
GenMC	c/goblint-regression/28-race_reach_87-lists_racefree.yml	1	goblint-regression	49270	1056			true	true:1	21.364387	20.755131	743669760
GenMC	c/goblint-regression/28-race_reach_90-arrayloop2_racing.yml	1	goblint-regression	50453	1085			true	true:1	12.2754356	12.2018167	98803712
GenMC	c/goblint-regression/28-race_reach_91-arrayloop2_racefree.yml	1	goblint-regression	49272	1064			true	true:1	3.75444376	3.53949212	55988224
GenMC	c/goblint-regression/28-race_reach_92-evilcollapse_racing.yml	1	goblint-regression	49575	1075			true	true:1	1.75708027	1.65441634	25956352
GenMC	c/goblint-regression/28-race_reach_93-evilcollapse_racefree.yml	1	goblint-regression	49831	1085			true	true:1	1.73252955	1.66272448	25993216
GenMC	c/goblint-regression/28-race_reach_94-alloc_region_racing.yml	1	goblint-regression	60259	1285			false	OUT OF MEMORY:1			
GenMC	c/goblint-regression/36-apron_11-traces-max-simple_true.yml	1	goblint-regression	932	40			true	true:1	0.0774506241	0.069964351	25657344
GenMC	c/goblint-regression/36-apron_16-traces-unprot2_true.yml	1	goblint-regression	815	37			true	true:1	0.0697579491	0.066243537	25567232
GenMC	c/goblint-regression/36-apron_17-traces-rpb-litmus_unknown_1_neg.yml	1	goblint-regression	1260	50			true	false(unreach-call):1	0.140354192	0.071686234	25731072
GenMC	c/goblint-regression/36-apron_17-traces-rpb-litmus_unknown_1_pos.yml	1	goblint-regression	1257	50			true	true:1	0.109613308	0.073514442	25722880
GenMC	c/goblint-regression/36-apron_21-traces-cluster-based_true.yml	1	goblint-regression	1930	81			true	true:1	0.101080215	0.075304149	25788416
GenMC	c/goblint-regression/36-apron_22-traces-write-centered-vs-meet-mutex_true_no-overflow.yml	1	goblint-regression	1933	79			true	true:1	0.084396373	0.063191646	25837568
GenMC	c/goblint-regression/36-apron_41-threadenter-no-locals_unknown_1_neg.yml	1	goblint-regression	750	30			true	true:1	0.0665379569	0.057035762	25632768
GenMC	c/goblint-regression/36-apron_41-threadenter-no-locals_unknown_1_pos.yml	1	goblint-regression	747	30			true	false(unreach-call):1	0.0726740829	0.067925189	25640960
GenMC	c/ldv-linux-3.14-races/linux-3.14--drivers--media--platform--marvell-ccic--cafe_ccic.ko.cil-1.yml	1	ldv-linux-3.14-races	322870	12246			false	ERROR (compilation):1			
GenMC	c/ldv-linux-3.14-races/linux-3.14--drivers--media--platform--marvell-ccic--cafe_ccic.ko.cil-2.yml	1	ldv-linux-3.14-races	323395	12256			false	SEGMENTATION FAULT:1			
GenMC	c/ldv-linux-3.14-races/linux-3.14--drivers--net--irda--nsc-ircc.ko.cil.yml	1	ldv-linux-3.14-races	319158	12778			false	TIMEOUT:1			
GenMC	c/ldv-linux-3.14-races/linux-3.14--drivers--net--irda--w83977af_ir.ko.cil.yml	1	ldv-linux-3.14-races	258590	10071			false	ABORTED:1			
GenMC	c/ldv-linux-3.14-races/linux-3.14--drivers--spi--spi-tegra20-slink.ko.cil.yml	1	ldv-linux-3.14-races	180898	7111			false	TIMEOUT:1			
GenMC	c/ldv-linux-3.14-races/linux-3.14--drivers--usb--misc--adutux.ko.cil.yml	1	ldv-linux-3.14-races	210550	8118			false	ABORTED:1			
GenMC	c/ldv-races/race-1_1-join.yml	1	ldv-races	76847	1729			true	true:1	0.084311857	0.07620474	25882624
GenMC	c/ldv-races/race-1_2-join.yml	1	ldv-races	77137	1738			true	false(unreach-call):1	0.0828731591	0.07770555	26030080
GenMC	c/ldv-races/race-1_3-join.yml	1	ldv-races	77119	1738			true	false(unreach-call):1	0.089729635	0.074557581	25985024
GenMC	c/ldv-races/race-2_1-container_of.yml	1	ldv-races	187978	3959			true	true:1	0.106004778	0.074738969	26030080
GenMC	c/ldv-races/race-2_2-container_of.yml	1	ldv-races	188224	3967			true	true:1	0.139924362	0.079225096	26091520
GenMC	c/ldv-races/race-2_3-container_of.yml	1	ldv-races	188618	3979			true	true:1	0.136986193	0.081373886	26099712
GenMC	c/ldv-races/race-2_4-container_of.yml	1	ldv-races	188607	3979			true	true:1	0.173514274	0.0826908	26152960
GenMC	c/ldv-races/race-2_5-container_of.yml	1	ldv-races	188601	3979			true	true:1	0.118144038	0.080597173	26116096
GenMC	c/ldv-races/race-3_1-container_of-global.yml	1	ldv-races	188000	3960			true	true:1	0.16287435	0.079981269	26034176
GenMC	c/ldv-races/race-3_2-container_of-global.yml	1	ldv-races	188302	3970			true	true:1	0.174394611	0.07761277	26107904
GenMC	c/ldv-races/race-4_1-thread_local_vars.yml	1	ldv-races	78338	1800			true	true:1	0.109146179	0.077236263	26083328
GenMC	c/libvsync/arraylock.yml	1	libvsync	197292	6084			true	true:1	0.163760185	0.111171169	26845184
GenMC	c/libvsync/bounded_mpmc_check_full.yml	1	libvsync	196819	6055			true	true:1	0.271095401	0.126457397	26701824
GenMC	c/libvsync/cnalock.yml	1	libvsync	197907	6100			false	ERROR (unsupported property: invalid memory access):1			
GenMC	c/libvsync/hclhlock.yml	1	libvsync	199894	6151			false	ERROR (unsupported property: invalid memory access):1			
GenMC	c/libvsync/hmcslock.yml	1	libvsync	202829	6211			false	ERROR (unsupported property: invalid memory access):1			
GenMC	c/libvsync/mcslock.yml	1	libvsync	196470	6056			false	ERROR (unsupported property: invalid memory access):1			
GenMC	c/libvsync/rec_mcslock.yml	1	libvsync	197915	6059			false	ERROR (unsupported property: invalid memory access):1			
GenMC	c/libvsync/rec_ticketlock.yml	1	libvsync	197393	6043			false	OUT OF MEMORY:1			
GenMC	c/libvsync/rwlock.yml	1	libvsync	197504	6119			false	OUT OF MEMORY:1			
GenMC	c/libvsync/semaphore.yml	1	libvsync	196124	6055			true	true:1	2.355562	2.28572397	26705920
GenMC	c/libvsync/ticketlock.yml	1	libvsync	195802	6037			false	OUT OF MEMORY:1			
GenMC	c/libvsync/ttaslock.yml	1	libvsync	195314	6028			false	OUT OF MEMORY:1			
GenMC	c/pthread-C-DAC/pthread-demo-datarace-1.yml	1	pthread-C-DAC	58887	1359			false	TIMEOUT:1			
GenMC	c/pthread-C-DAC/pthread-demo-datarace-3.yml	1	pthread-C-DAC	59412	1366			true	false(unreach-call):1	0.164924001	0.099208154	25743360
GenMC	c/pthread-C-DAC/pthread-finding-k-matches.yml	1	pthread-C-DAC	60513	1414			true	true:1	0.135843384	0.128910314	25980928
GenMC	c/pthread-C-DAC/pthread-numerical-integration.yml	1	pthread-C-DAC	61268	1415			true	true:1	0.100239289	0.073693703	26030080
GenMC	c/pthread-atomic/dekker-unfair.yml	1	pthread-atomic	33417	787			true	true:1	0.135859682	0.071958387	25825280
GenMC	c/pthread-atomic/dekker.yml	1	pthread-atomic	33410	787			true	true:1	0.078717933	0.071734416	25849856
GenMC	c/pthread-atomic/lamport.yml	1	pthread-atomic	33120	793			true	true:1	0.120040044	0.06839022	25792512
GenMC	c/pthread-atomic/peterson.yml	1	pthread-atomic	32707	759			true	true:1	0.072972588	0.0700449	25739264
GenMC	c/pthread-atomic/read_write_lock-1.yml	1	pthread-atomic	30503	700			true	true:1	0.149662132	0.074264885	26046464
GenMC	c/pthread-atomic/read_write_lock-2.yml	1	pthread-atomic	31700	758			true	false(unreach-call):1	0.103406479	0.098829584	25759744
GenMC	c/pthread-atomic/szymanski.yml	1	pthread-atomic	32937	772			true	true:1	0.111874345	0.072083636	25731072
GenMC	c/pthread-atomic/time_var_mutex.yml	1	pthread-atomic	30889	727			true	true:1	0.108688687	0.068869555	25829376
GenMC	c/pthread-complex/bounded_buffer.yml	1	pthread-complex	72808	1686			false	ERROR (compilation):1			
GenMC	c/pthread-complex/elimination_backoff_stack.yml	1	pthread-complex	65640	1622			true	true:1	17.3988526	16.7323959	26214400
GenMC	c/pthread-complex/safestack_relacy.yml	1	pthread-complex	76984	1763			false	TIMEOUT:1			
GenMC	c/pthread-complex/workstealqueue_mutex-2.yml	1	pthread-complex	80765	1975			false	ERROR (unsupported property: uninitialized memory):1			
GenMC	c/pthread-deagle/arithmetic_prog_bad.yml	1	pthread-deagle	39800	923			false	ERROR (compilation):1			
GenMC	c/pthread-deagle/arithmetic_prog_ok.yml	1	pthread-deagle	39801	923			false	ERROR (compilation):1			
GenMC	c/pthread-deagle/circular_buffer_bad.yml	1	pthread-deagle	31305	766			true	false(unreach-call):1	0.081522614	0.074542573	25759744
GenMC	c/pthread-deagle/circular_buffer_ok.yml	1	pthread-deagle	31393	768			true	true:1	1.7176999	1.57310599	25796608
GenMC	c/pthread-divine/tls_basic.yml	1	pthread-divine	31285	724			false	ERROR (compilation):1			
GenMC	c/pthread-divine/tls_destructor_worker.yml	1	pthread-divine	30825	716			false	ERROR (compilation):1			
GenMC	c/pthread-driver-races/char_generic_nvram_nvram_unlocked_ioctl_write_nvram.yml	1	pthread-driver-races	224766	6872			true	true:1	0.196631708	0.161705263	29089792
GenMC	c/pthread-driver-races/char_generic_nvram_read_nvram_nvram_unlocked_ioctl.yml	1	pthread-driver-races	224762	6872			true	true:1	0.169139315	0.162426452	29155328
GenMC	c/pthread-driver-races/char_generic_nvram_read_nvram_write_nvram.yml	1	pthread-driver-races	225270	6894			true	true:1	0.226976999	0.160705275	29085696
GenMC	c/pthread-driver-races/char_pc8736x_gpio_pc8736x_gpio_change_pc8736x_gpio_configure.yml	1	pthread-driver-races	231278	7078			true	true:1	0.178563693	0.172129882	29585408
GenMC	c/pthread-driver-races/char_pc8736x_gpio_pc8736x_gpio_change_pc8736x_gpio_current.yml	1	pthread-driver-races	231514	7086			true	true:1	0.189308968	0.175124808	29564928
GenMC	c/pthread-driver-races/char_pc8736x_gpio_pc8736x_gpio_change_pc8736x_gpio_get.yml	1	pthread-driver-races	231270	7079			true	true:1	0.267991654	0.177949257	29589504
GenMC	c/pthread-driver-races/char_pc8736x_gpio_pc8736x_gpio_change_pc8736x_gpio_set.yml	1	pthread-driver-races	231502	7086			true	true:1	0.26742721	0.171256944	29618176
GenMC	c/pthread-driver-races/char_pc8736x_gpio_pc8736x_gpio_configure_pc8736x_gpio_current.yml	1	pthread-driver-races	231282	7078			true	true:1	0.185341335	0.171926065	29556736
GenMC	c/pthread-driver-races/char_pc8736x_gpio_pc8736x_gpio_configure_pc8736x_gpio_get.yml	1	pthread-driver-races	231282	7079			true	true:1	0.370635207	0.179663813	29552640
GenMC	c/pthread-driver-races/char_pc8736x_gpio_pc8736x_gpio_configure_pc8736x_gpio_set.yml	1	pthread-driver-races	231270	7078			true	true:1	0.177131465	0.171558895	29585408
GenMC	c/pthread-driver-races/char_pc8736x_gpio_pc8736x_gpio_current_pc8736x_gpio_get.yml	1	pthread-driver-races	231274	7079			true	true:1	0.208797178	0.177534885	29593600
GenMC	c/pthread-driver-races/char_pc8736x_gpio_pc8736x_gpio_current_pc8736x_gpio_set.yml	1	pthread-driver-races	231506	7086			true	true:1	0.184123078	0.172975775	29544448
GenMC	c/pthread-driver-races/char_pc8736x_gpio_pc8736x_gpio_get_pc8736x_gpio_set.yml	1	pthread-driver-races	231262	7079			true	true:1	0.184370098	0.173200534	29569024
GenMC	c/pthread-driver-races/char_pc8736x_gpio_pc8736x_gpio_open_pc8736x_gpio_change.yml	1	pthread-driver-races	231258	7078			true	true:1	0.196758399	0.176232709	29540352
GenMC	c/pthread-driver-races/char_pc8736x_gpio_pc8736x_gpio_open_pc8736x_gpio_configure.yml	1	pthread-driver-races	231270	7078			true	true:1	0.244860331	0.176787508	29605888
GenMC	c/pthread-driver-races/char_pc8736x_gpio_pc8736x_gpio_open_pc8736x_gpio_current.yml	1	pthread-driver-races	231262	7078			true	true:1	0.189038736	0.173797892	29581312
GenMC	c/pthread-driver-races/char_pc8736x_gpio_pc8736x_gpio_open_pc8736x_gpio_get.yml	1	pthread-driver-races	231262	7079			true	true:1	0.177269103	0.169868497	29622272
GenMC	c/pthread-driver-races/char_pc8736x_gpio_pc8736x_gpio_open_pc8736x_gpio_set.yml	1	pthread-driver-races	231250	7078			true	true:1	0.189818698	0.172742723	29573120
GenMC	c/pthread-ext/01b_inc.yml	1	pthread-ext	30901	708			true	true:1	0.156843184	0.071435583	25772032
GenMC	c/pthread-ext/02_inc_cas.yml	1	pthread-ext	31027	737			true	true:1	0.161315419	0.072701164	25706496
GenMC	c/pthread-ext/03_incdec.yml	1	pthread-ext	31380	727			true	true:1	0.073027519	0.066896744	25833472
GenMC	c/pthread-ext/04_incdec_cas.yml	1	pthread-ext	31453	757			true	true:1	0.0996704961	0.073473389	25825280
GenMC	c/pthread-ext/08_rand_cas.yml	1	pthread-ext	31907	786			true	true:1	0.114718324	0.075735154	25870336
GenMC	c/pthread-ext/09_fmaxsym-zero.yml	1	pthread-ext	31003	718			true	true:1	0.089804368	0.068387293	25694208
GenMC	c/pthread-ext/09_fmaxsym.yml	1	pthread-ext	31123	722			true	true:1	0.097353904	0.06921478	25763840
GenMC	c/pthread-ext/11_fmaxsymopt-zero.yml	1	pthread-ext	31118	722			true	true:1	0.099007642	0.068826214	25690112
GenMC	c/pthread-ext/11_fmaxsymopt.yml	1	pthread-ext	31236	726			true	true:1	0.156549857	0.07214349	25698304
GenMC	c/pthread-ext/14_spin2003.yml	1	pthread-ext	30571	699			true	true:1	0.0941362081	0.064849403	25677824
GenMC	c/pthread-ext/18_read_write_lock.yml	1	pthread-ext	31079	719			true	true:1	0.0795563631	0.071142959	25858048
GenMC	c/pthread-ext/25_stack.yml	1	pthread-ext	31872	767			false	TIMEOUT:1			
GenMC	c/pthread-ext/25_stack_longer-1.yml	1	pthread-ext	31887	767			true	false(unreach-call):1	0.214415323	0.085216523	26025984
GenMC	c/pthread-ext/25_stack_longer-2.yml	1	pthread-ext	31884	767			false	TIMEOUT:1			
GenMC	c/pthread-ext/25_stack_longest-1.yml	1	pthread-ext	31885	767			false	TIMEOUT:1			
GenMC	c/pthread-ext/25_stack_longest-2.yml	1	pthread-ext	31888	767			true	false(unreach-call):1	0.219364579	0.13122582	26013696
GenMC	c/pthread-ext/26_stack_cas.yml	1	pthread-ext	31775	794			false	TIMEOUT:1			
GenMC	c/pthread-ext/26_stack_cas_longer-1.yml	1	pthread-ext	31790	794			true	false(unreach-call):1	0.09657943	0.090483344	26152960
GenMC	c/pthread-ext/26_stack_cas_longer-2.yml	1	pthread-ext	31787	794			false	TIMEOUT:1			
GenMC	c/pthread-ext/26_stack_cas_longest-1.yml	1	pthread-ext	31791	794			true	false(unreach-call):1	0.181490472	0.139311865	26087424
GenMC	c/pthread-ext/26_stack_cas_longest-2.yml	1	pthread-ext	31788	794			false	TIMEOUT:1			
GenMC	c/pthread-ext/28_buggy_simple_loop1_vf.yml	1	pthread-ext	30423	705			false	TIMEOUT:1			
GenMC	c/pthread-ext/29_conditionals_vs.yml	1	pthread-ext	30586	730			true	true:1	0.087250145	0.06612552	25661440
GenMC	c/pthread-ext/31_simple_loop5_vs.yml	1	pthread-ext	30848	719			false	OUT OF MEMORY:1			
GenMC	c/pthread-ext/35_double_lock_p3_vs.yml	1	pthread-ext	31004	724			true	true:1	0.074108155	0.063633589	25796608
GenMC	c/pthread-ext/36_stack_cas_p0_vs_concur.yml	1	pthread-ext	31030	741			true	true:1	0.184232358	0.079976458	26013696
GenMC	c/pthread-ext/37_stack_lock_p0_vs_concur.yml	1	pthread-ext	31198	720			true	true:1	0.145958569	0.079604694	25968640
GenMC	c/pthread-ext/39_rand_lock_p0_vs.yml	1	pthread-ext	31196	719			true	true:1	0.171054742	0.071444052	25698304
GenMC	c/pthread-ext/40_barrier_vf.yml	1	pthread-ext	30960	710			false	ERROR (compilation):1			
GenMC	c/pthread-ext/43_NetBSD_sysmon_power_sliced-pthread.yml	1	pthread-ext	33714	801			false	ERROR (compilation):1			
GenMC	c/pthread-ext/43_NetBSD_sysmon_power_sliced.yml	1	pthread-ext	34081	817			true	true:1	0.117607541	0.083311189	25939968
GenMC	c/pthread-ext/45_monabsex1_vs.yml	1	pthread-ext	30819	719			true	true:1	0.084329052	0.065728823	25694208
GenMC	c/pthread-ext/46_monabsex2_vs.yml	1	pthread-ext	30796	719			true	true:1	0.0813155901	0.065198644	25677824
GenMC	c/pthread-ext/48_ticket_lock_low_contention_vs-pthread.yml	1	pthread-ext	30774	703			true	true:1	0.079801748	0.067259112	25665536
GenMC	c/pthread-ext/48_ticket_lock_low_contention_vs.yml	1	pthread-ext	31133	728			true	true:1	0.090265786	0.072309617	25714688
GenMC	c/pthread-lit/qw2004-2b.yml	1	pthread-lit	31746	764			true	false(unreach-call):1	0.0910240409	0.075562133	25767936
GenMC	c/pthread-lit/sssc12.yml	1	pthread-lit	48611	1063			true	true:1	0.0840554259	0.070242676	25821184
GenMC	c/pthread-lit/sssc12_variant.yml	1	pthread-lit	48642	1064			true	true:1	0.113044238	0.073625974	25817088
GenMC	c/pthread-race-challenges/thread-local-pthread-value.yml	1	pthread-race-challenges	49736	1086			false	ERROR (compilation):1			
GenMC	c/pthread-race-challenges/thread-local-value-dynamic.yml	1	pthread-race-challenges	49714	1089			true	true:1	0.104164382	0.074535593	25923584
GenMC	c/pthread-race-challenges/thread-local-value.yml	1	pthread-race-challenges	49564	1083			true	true:1	0.09351901	0.07174433	25825280
GenMC	c/pthread-theta/exponential-4.yml	1	pthread-theta	33616	788			false	TIMEOUT:1			
GenMC	c/pthread-theta/exponential-64.yml	1	pthread-theta	33617	788			false	TIMEOUT:1			
GenMC	c/pthread-theta/exponential-nondet.yml	1	pthread-theta	33638	788			true	true:1	0.082383869	0.07220099	25808896
GenMC	c/pthread-theta/unwind1-1.yml	1	pthread-theta	33605	780			true	true:1	0.118450214	0.071141371	25866240
GenMC	c/pthread-theta/unwind1-100.yml	1	pthread-theta	33607	780			true	true:1	0.096730188	0.069023978	25849856
GenMC	c/pthread-theta/unwind1-nondet.yml	1	pthread-theta	33627	780			true	true:1	0.128102635	0.073223541	25903104
GenMC	c/pthread-theta/unwind2-1.yml	1	pthread-theta	33683	783			true	false(unreach-call):1	0.129247262	0.071406087	25903104
GenMC	c/pthread-theta/unwind2-100.yml	1	pthread-theta	33685	783			true	false(unreach-call):1	0.075656969	0.068628901	25899008
GenMC	c/pthread-theta/unwind2-nondet.yml	1	pthread-theta	33705	783			true	true:1	0.089266576	0.071147304	25804800
GenMC	c/pthread-theta/unwind3-1.yml	1	pthread-theta	33579	780			true	false(unreach-call):1	0.076273971	0.069128931	25862144
GenMC	c/pthread-theta/unwind3-100.yml	1	pthread-theta	33581	780			false	TIMEOUT:1			
GenMC	c/pthread-theta/unwind3-nondet.yml	1	pthread-theta	33601	780			true	true:1	0.109351151	0.070774659	25837568
GenMC	c/pthread-theta/wsc.yml	1	pthread-theta	33980	804			true	true:1	0.096313426	0.077443309	25890816
GenMC	c/pthread-wmm/mix000.oepc.yml	1	pthread-wmm	38207	851			true	false(unreach-call):1	0.219292091	0.147603961	26157056
GenMC	c/pthread-wmm/mix000.opt.yml	1	pthread-wmm	37705	846			true	false(unreach-call):1	1.672705	1.31595424	26091520
GenMC	c/pthread-wmm/mix001.oepc.yml	1	pthread-wmm	39489	886			true	false(unreach-call):1	42.3424434	41.1147608	26222592
GenMC	c/pthread-wmm/mix001.opt.yml	1	pthread-wmm	38443	875			false	TIMEOUT:1			
GenMC	c/pthread-wmm/mix002.oepc.yml	1	pthread-wmm	37832	877			true	false(unreach-call):1	39.6302178	36.2023156	26152960
GenMC	c/pthread-wmm/mix002.opt.yml	1	pthread-wmm	38526	880			false	TIMEOUT:1			
GenMC	c/pthread-wmm/mix003.oepc.yml	1	pthread-wmm	37584	867			true	false(unreach-call):1	34.4241028	33.8905682	26140672
GenMC	c/pthread-wmm/mix003_power.opt_pso.opt_rmo.opt_tso.opt.yml	1	pthread-wmm	38308	870			false	TIMEOUT:1			
GenMC	c/pthread-wmm/mix004.oepc.yml	1	pthread-wmm	38697	897			false	TIMEOUT:1			
GenMC	c/pthread-wmm/mix004.opt.yml	1	pthread-wmm	38890	895			false	TIMEOUT:1			
GenMC	c/pthread-wmm/mix005.opt.yml	1	pthread-wmm	38808	893			false	TIMEOUT:1			
GenMC	c/pthread-wmm/mix005_power.oepc_pso.oepc_rmo.oepc.yml	1	pthread-wmm	38639	895			false	TIMEOUT:1			
GenMC	c/pthread-wmm/mix005_tso.oepc.yml	1	pthread-wmm	38619	895			false	TIMEOUT:1			
GenMC	c/pthread-wmm/mix006.opt.yml	1	pthread-wmm	38194	868			false	TIMEOUT:1			
GenMC	c/pthread-wmm/mix006_power.oepc_pso.oepc_rmo.oepc.yml	1	pthread-wmm	37524	865			true	false(unreach-call):1	34.3031135	33.5935809	26066944
GenMC	c/pthread-wmm/mix006_tso.oepc.yml	1	pthread-wmm	44256	939			false	TIMEOUT:1			
GenMC	c/pthread-wmm/mix007.oepc.yml	1	pthread-wmm	38615	895			false	TIMEOUT:1			
GenMC	c/pthread-wmm/mix007.opt.yml	1	pthread-wmm	38808	893			false	TIMEOUT:1			
GenMC	c/pthread-wmm/mix008.opt.yml	1	pthread-wmm	38718	891			false	TIMEOUT:1			
GenMC	c/pthread-wmm/mix008_power.oepc_pso.oepc_rmo.oepc.yml	1	pthread-wmm	38549	893			false	TIMEOUT:1			
GenMC	c/pthread-wmm/mix008_tso.oepc.yml	1	pthread-wmm	44859	965			false	TIMEOUT:1			
GenMC	c/pthread-wmm/mix009.oepc.yml	1	pthread-wmm	36558	842			true	false(unreach-call):1	0.360965027	0.139750446	26009600
GenMC	c/pthread-wmm/mix009.opt.yml	1	pthread-wmm	37796	851			true	false(unreach-call):1	2.78672743	2.62208089	26120192
GenMC	c/pthread-wmm/mix010.oepc.yml	1	pthread-wmm	37673	872			false	TIMEOUT:1			
GenMC	c/pthread-wmm/mix010.opt.yml	1	pthread-wmm	38367	875			false	TIMEOUT:1			
GenMC	c/pthread-wmm/mix011.opt.yml	1	pthread-wmm	38277	873			false	TIMEOUT:1			
GenMC	c/pthread-wmm/mix011_power.oepc_pso.oepc_rmo.oepc.yml	1	pthread-wmm	37607	870			false	TIMEOUT:1			
GenMC	c/pthread-wmm/mix011_tso.oepc.yml	1	pthread-wmm	37587	870			false	TIMEOUT:1			
GenMC	c/pthread-wmm/mix012_power.oepc_power.opt_pso.oepc_rmo.oepc_rmo.opt_tso.oepc.yml	1	pthread-wmm	36361	832			true	false(unreach-call):1	0.141640291	0.129963499	26079232
GenMC	c/pthread-wmm/mix012_pso.opt_tso.opt.yml	1	pthread-wmm	37560	841			true	false(unreach-call):1	0.632888169	0.587045633	26120192
GenMC	c/pthread-wmm/mix013.oepc.yml	1	pthread-wmm	38705	897			false	TIMEOUT:1			
GenMC	c/pthread-wmm/mix013.opt.yml	1	pthread-wmm	38898	895			false	TIMEOUT:1			
GenMC	c/pthread-wmm/mix014.opt.yml	1	pthread-wmm	38808	893			false	TIMEOUT:1			
GenMC	c/pthread-wmm/mix014_power.oepc_pso.oepc_rmo.oepc.yml	1	pthread-wmm	38639	895			false	TIMEOUT:1			
GenMC	c/pthread-wmm/mix014_tso.oepc.yml	1	pthread-wmm	44254	964			false	TIMEOUT:1			
GenMC	c/pthread-wmm/mix015.oepc.yml	1	pthread-wmm	37673	872			true	false(unreach-call):1	15.2343394	13.6922416	26091520
GenMC	c/pthread-wmm/mix015.opt.yml	1	pthread-wmm	38367	875			false	TIMEOUT:1			
GenMC	c/pthread-wmm/mix016.oepc.yml	1	pthread-wmm	37425	862			true	false(unreach-call):1	13.1020954	12.9061857	26165248
GenMC	c/pthread-wmm/mix016_power.opt_rmo.opt.yml	1	pthread-wmm	36980	858			false	TIMEOUT:1			
GenMC	c/pthread-wmm/mix016_pso.opt_tso.opt.yml	1	pthread-wmm	38131	865			false	TIMEOUT:1			
GenMC	c/pthread-wmm/mix017.oepc.yml	1	pthread-wmm	38540	892			false	TIMEOUT:1			
GenMC	c/pthread-wmm/mix017_power.opt_rmo.opt.yml	1	pthread-wmm	37551	882			false	TIMEOUT:1			
GenMC	c/pthread-wmm/mix017_pso.opt_tso.opt.yml	1	pthread-wmm	38745	890			false	TIMEOUT:1			
GenMC	c/pthread-wmm/mix018.opt.yml	1	pthread-wmm	38643	888			false	TIMEOUT:1			
GenMC	c/pthread-wmm/mix018_power.oepc_pso.oepc_rmo.oepc.yml	1	pthread-wmm	38474	890			false	TIMEOUT:1			
GenMC	c/pthread-wmm/mix018_tso.oepc.yml	1	pthread-wmm	38454	890			false	TIMEOUT:1			
GenMC	c/pthread-wmm/mix019.opt.yml	1	pthread-wmm	38029	863			false	TIMEOUT:1			
GenMC	c/pthread-wmm/mix019_power.oepc_pso.oepc_rmo.oepc.yml	1	pthread-wmm	37359	860			true	false(unreach-call):1	13.2360126	12.7560551	26136576
GenMC	c/pthread-wmm/mix019_tso.oepc.yml	1	pthread-wmm	37339	860			false	TIMEOUT:1			
GenMC	c/pthread-wmm/mix020.oepc.yml	1	pthread-wmm	38450	890			false	TIMEOUT:1			
GenMC	c/pthread-wmm/mix020.opt.yml	1	pthread-wmm	38643	888			false	TIMEOUT:1			
GenMC	c/pthread-wmm/mix021.opt.yml	1	pthread-wmm	38553	886			false	TIMEOUT:1			
GenMC	c/pthread-wmm/mix021_power.oepc_pso.oepc_rmo.oepc.yml	1	pthread-wmm	38384	888			false	TIMEOUT:1			
GenMC	c/pthread-wmm/mix021_tso.oepc.yml	1	pthread-wmm	37863	883			false	TIMEOUT:1			
GenMC	c/pthread-wmm/mix022_power.oepc_power.opt_pso.oepc_pso.opt_rmo.oepc_rmo.opt.yml	1	pthread-wmm	36270	830			true	false(unreach-call):1	0.176644169	0.133042951	26099712
GenMC	c/pthread-wmm/mix022_tso.yml	1	pthread-wmm	37916	843			true	false(unreach-call):1	0.625501727	0.586412714	26255360
GenMC	c/pthread-wmm/mix023_power.oepc_pso.oepc_rmo.oepc.yml	1	pthread-wmm	38549	893			false	TIMEOUT:1			
GenMC	c/pthread-wmm/mix023_power.opt_pso.opt_rmo.opt.yml	1	pthread-wmm	37544	883			false	TIMEOUT:1			
GenMC	c/pthread-wmm/mix023_tso.yml	1	pthread-wmm	45856	975			false	TIMEOUT:1			
GenMC	c/pthread-wmm/mix024_power.oepc_pso.oepc_rmo.oepc_tso.oepc_tso.opt.yml	1	pthread-wmm	37624	870			true	false(unreach-call):1	14.5641169	13.822305	26091520
GenMC	c/pthread-wmm/mix024_power.opt_pso.opt_rmo.opt.yml	1	pthread-wmm	37146	866			false	TIMEOUT:1			
GenMC	c/pthread-wmm/mix025_power.oepc_power.opt_pso.oepc_rmo.oepc_tso.oepc_tso.opt.yml	1	pthread-wmm	37386	860			true	false(unreach-call):1	13.8383795	12.8238706	26124288
GenMC	c/pthread-wmm/mix025_pso.opt_rmo.opt.yml	1	pthread-wmm	36888	856			false	TIMEOUT:1			
GenMC	c/pthread-wmm/mix026.oepc.yml	1	pthread-wmm	38450	890			false	TIMEOUT:1			
GenMC	c/pthread-wmm/mix026_power.opt_tso.opt.yml	1	pthread-wmm	38005	886			false	TIMEOUT:1			
GenMC	c/pthread-wmm/mix026_pso.opt_rmo.opt.yml	1	pthread-wmm	37459	880			false	TIMEOUT:1			
GenMC	c/pthread-wmm/mix027_power.oepc_pso.oepc_rmo.oepc.yml	1	pthread-wmm	38384	888			false	TIMEOUT:1			
GenMC	c/pthread-wmm/mix027_power.opt_pso.opt_rmo.opt.yml	1	pthread-wmm	37379	878			false	TIMEOUT:1			
GenMC	c/pthread-wmm/mix027_tso.yml	1	pthread-wmm	38359	888			false	TIMEOUT:1			
GenMC	c/pthread-wmm/mix028_power.oepc_pso.oepc_rmo.oepc.yml	1	pthread-wmm	37269	858			true	false(unreach-call):1	13.0471774	12.7510451	26054656
GenMC	c/pthread-wmm/mix028_power.opt_pso.opt_rmo.opt.yml	1	pthread-wmm	37266	858			false	TIMEOUT:1			
GenMC	c/pthread-wmm/mix028_tso.yml	1	pthread-wmm	38440	866			false	TIMEOUT:1			
GenMC	c/pthread-wmm/mix029_power.oepc_pso.oepc_rmo.oepc_tso.oepc_tso.opt.yml	1	pthread-wmm	38401	888			false	TIMEOUT:1			
GenMC	c/pthread-wmm/mix029_power.opt_pso.opt_rmo.opt.yml	1	pthread-wmm	37880	883			false	TIMEOUT:1			
GenMC	c/pthread-wmm/mix030_power.oepc_pso.oepc_rmo.oepc.yml	1	pthread-wmm	38294	886			false	TIMEOUT:1			
GenMC	c/pthread-wmm/mix030_power.opt_pso.opt_rmo.opt.yml	1	pthread-wmm	37790	881			false	TIMEOUT:1			
GenMC	c/pthread-wmm/mix030_tso.yml	1	pthread-wmm	38964	889			false	TIMEOUT:1			
GenMC	c/pthread-wmm/mix031.oepc.yml	1	pthread-wmm	36641	847			true	false(unreach-call):1	0.229375849	0.169783472	26054656
GenMC	c/pthread-wmm/mix031.opt.yml	1	pthread-wmm	36182	843			true	false(unreach-call):1	4.84127425	4.72277715	26058752
GenMC	c/pthread-wmm/mix032.oepc.yml	1	pthread-wmm	37756	877			false	TIMEOUT:1			
GenMC	c/pthread-wmm/mix032.opt.yml	1	pthread-wmm	36753	867			false	TIMEOUT:1			
GenMC	c/pthread-wmm/mix033.opt.yml	1	pthread-wmm	36663	865			false	TIMEOUT:1			
GenMC	c/pthread-wmm/mix033_power.oepc_pso.oepc_rmo.oepc.yml	1	pthread-wmm	37690	875			false	TIMEOUT:1			
GenMC	c/pthread-wmm/mix033_tso.oepc.yml	1	pthread-wmm	37670	875			false	TIMEOUT:1			
GenMC	c/pthread-wmm/mix034_power.oepc_power.opt_pso.oepc_rmo.oepc_rmo.opt_tso.oepc.yml	1	pthread-wmm	36444	837			true	false(unreach-call):1	0.169821204	0.15734291	26124288
GenMC	c/pthread-wmm/mix034_pso.opt_tso.opt.yml	1	pthread-wmm	35946	833			true	false(unreach-call):1	0.891155009	0.870453668	26009600
GenMC	c/pthread-wmm/mix035.oepc.yml	1	pthread-wmm	37508	867			true	false(unreach-call):1	25.872328	25.4708164	26144768
GenMC	c/pthread-wmm/mix035_power.opt_rmo.opt.yml	1	pthread-wmm	37063	863			false	TIMEOUT:1			
GenMC	c/pthread-wmm/mix035_pso.opt_tso.opt.yml	1	pthread-wmm	36517	857			false	TIMEOUT:1			
GenMC	c/pthread-wmm/mix036.oepc.yml	1	pthread-wmm	38623	897			false	TIMEOUT:1			
GenMC	c/pthread-wmm/mix036_power.opt_rmo.opt.yml	1	pthread-wmm	37634	887			false	TIMEOUT:1			
GenMC	c/pthread-wmm/mix036_pso.opt_tso.opt.yml	1	pthread-wmm	37131	882			false	TIMEOUT:1			
GenMC	c/pthread-wmm/mix037.opt.yml	1	pthread-wmm	37029	880			false	TIMEOUT:1			
GenMC	c/pthread-wmm/mix037_power.oepc_pso.oepc_rmo.oepc.yml	1	pthread-wmm	38557	895			false	TIMEOUT:1			
GenMC	c/pthread-wmm/mix037_tso.oepc.yml	1	pthread-wmm	38537	895			false	TIMEOUT:1			
GenMC	c/pthread-wmm/mix038.opt.yml	1	pthread-wmm	36421	855			false	TIMEOUT:1			
GenMC	c/pthread-wmm/mix038_power.oepc_pso.oepc_rmo.oepc.yml	1	pthread-wmm	37448	865			true	false(unreach-call):1	27.7255392	25.3994733	26095616
GenMC	c/pthread-wmm/mix038_tso.oepc.yml	1	pthread-wmm	37428	865			false	TIMEOUT:1			
GenMC	c/pthread-wmm/mix039.oepc.yml	1	pthread-wmm	38541	895			false	TIMEOUT:1			
GenMC	c/pthread-wmm/mix039.opt.yml	1	pthread-wmm	37037	880			false	TIMEOUT:1			
GenMC	c/pthread-wmm/mix040.opt.yml	1	pthread-wmm	36947	878			false	TIMEOUT:1			
GenMC	c/pthread-wmm/mix040_power.oepc_pso.oepc_rmo.oepc.yml	1	pthread-wmm	38475	893			false	TIMEOUT:1			
GenMC	c/pthread-wmm/mix040_tso.oepc.yml	1	pthread-wmm	37954	888			false	TIMEOUT:1			
GenMC	c/pthread-wmm/mix041_power.oepc_pso.oepc_rmo.oepc.yml	1	pthread-wmm	36331	835			true	false(unreach-call):1	0.293432076	0.160252335	26021888
GenMC	c/pthread-wmm/mix041_power.opt_pso.opt_rmo.opt_tso.oepc_tso.opt.yml	1	pthread-wmm	36345	835			true	false(unreach-call):1	0.980679761	0.780790502	26058752
GenMC	c/pthread-wmm/mix042.oepc.yml	1	pthread-wmm	37424	865			true	false(unreach-call):1	25.8972828	25.470166	26103808
GenMC	c/pthread-wmm/mix042.opt.yml	1	pthread-wmm	36922	860			false	TIMEOUT:1			
GenMC	c/pthread-wmm/mix043.oepc.yml	1	pthread-wmm	38541	895			false	TIMEOUT:1			
GenMC	c/pthread-wmm/mix043.opt.yml	1	pthread-wmm	37538	885			false	TIMEOUT:1			
GenMC	c/pthread-wmm/mix044.opt.yml	1	pthread-wmm	37448	883			false	TIMEOUT:1			
GenMC	c/pthread-wmm/mix044_power.oepc_pso.oepc_rmo.oepc.yml	1	pthread-wmm	38475	893			false	TIMEOUT:1			
GenMC	c/pthread-wmm/mix044_tso.oepc.yml	1	pthread-wmm	38455	893			false	TIMEOUT:1			
GenMC	c/pthread-wmm/mix045_power.oepc_pso.oepc_rmo.oepc.yml	1	pthread-wmm	37358	863			true	false(unreach-call):1	26.6555878	25.2454436	26116096
GenMC	c/pthread-wmm/mix045_power.opt_pso.opt_rmo.opt_tso.oepc_tso.opt.yml	1	pthread-wmm	36871	858			false	TIMEOUT:1			
GenMC	c/pthread-wmm/mix046.oepc.yml	1	pthread-wmm	38451	893			false	TIMEOUT:1			
GenMC	c/pthread-wmm/mix046.opt.yml	1	pthread-wmm	37448	883			false	TIMEOUT:1			
GenMC	c/pthread-wmm/mix047_power.oepc_pso.oepc_rmo.oepc.yml	1	pthread-wmm	38385	891			false	TIMEOUT:1			
GenMC	c/pthread-wmm/mix047_power.opt_pso.opt_rmo.opt_tso.oepc_tso.opt.yml	1	pthread-wmm	37397	881			false	TIMEOUT:1			
GenMC	c/pthread-wmm/mix048_power.oepc_power.opt_pso.oepc_pso.opt_rmo.oepc_rmo.opt_tso.oepc_tso.opt-podwr000_power.oepc_power.opt_pso.oepc_pso.opt_rmo.oepc_rmo.opt_tso.oepc_tso.opt.yml	1	pthread-wmm	36297	827			true	false(unreach-call):1	0.145808143	0.108442238	26112000
GenMC	c/pthread-wmm/mix049_power.oepc_power.opt_pso.oepc_pso.opt_rmo.oepc_rmo.opt_tso.oepc_tso.opt-podwr001_power.oepc_power.opt_pso.oepc_pso.opt_rmo.oepc_rmo.opt_tso.oepc_tso.opt.yml	1	pthread-wmm	37414	857			true	false(unreach-call):1	7.37573251	6.04961534	26136576
GenMC	c/pthread-wmm/mix050.yml	1	pthread-wmm	38378	887			false	TIMEOUT:1			
GenMC	c/pthread-wmm/mix051_power.oepc_power.opt_pso.oepc_rmo.oepc.yml	1	pthread-wmm	38327	885			false	TIMEOUT:1			
GenMC	c/pthread-wmm/mix051_pso.opt_rmo.opt_tso.opt.yml	1	pthread-wmm	36809	870			false	TIMEOUT:1			
GenMC	c/pthread-wmm/mix051_tso.oepc.yml	1	pthread-wmm	38297	885			false	TIMEOUT:1			
GenMC	c/pthread-wmm/mix052_power.oepc_power.opt_pso.oepc_rmo.oepc.yml	1	pthread-wmm	37210	855			true	false(unreach-call):1	6.18373071	5.91587663	26165248
GenMC	c/pthread-wmm/mix052_pso.opt_rmo.opt_tso.opt.yml	1	pthread-wmm	36193	845			false	TIMEOUT:1			
GenMC	c/pthread-wmm/mix052_tso.oepc.yml	1	pthread-wmm	37180	855			false	TIMEOUT:1			
GenMC	c/pthread-wmm/mix053.opt.yml	1	pthread-wmm	36699	868			false	TIMEOUT:1			
GenMC	c/pthread-wmm/mix053_power.oepc_pso.oepc_rmo.oepc.yml	1	pthread-wmm	38227	883			false	TIMEOUT:1			
GenMC	c/pthread-wmm/mix053_tso.oepc.yml	1	pthread-wmm	37706	878			false	TIMEOUT:1			
GenMC	c/pthread-wmm/mix054_power.oepc_power.opt_pso.oepc_rmo.oepc.yml	1	pthread-wmm	36093	825			true	false(unreach-call):1	0.111791249	0.105269514	26046464
GenMC	c/pthread-wmm/mix054_pso.opt_rmo.opt_tso.oepc_tso.opt.yml	1	pthread-wmm	36087	825			true	false(unreach-call):1	0.251568536	0.225985191	26107904
GenMC	c/pthread-wmm/mix055.opt.yml	1	pthread-wmm	37200	873			false	TIMEOUT:1			
GenMC	c/pthread-wmm/mix055_power.oepc_pso.oepc_rmo.oepc.yml	1	pthread-wmm	38227	883			false	TIMEOUT:1			
GenMC	c/pthread-wmm/mix055_tso.oepc.yml	1	pthread-wmm	38207	883			false	TIMEOUT:1			
GenMC	c/pthread-wmm/mix056_power.oepc_pso.oepc_rmo.oepc.yml	1	pthread-wmm	37110	853			true	false(unreach-call):1	5.95423957	5.85505875	26112000
GenMC	c/pthread-wmm/mix056_power.opt_pso.opt_rmo.opt_tso.oepc_tso.opt.yml	1	pthread-wmm	36623	848			false	TIMEOUT:1			
GenMC	c/pthread-wmm/mix057_power.oepc_pso.oepc_rmo.oepc.yml	1	pthread-wmm	38137	881			false	TIMEOUT:1			
GenMC	c/pthread-wmm/mix057_power.opt_pso.opt_rmo.opt_tso.oepc_tso.opt.yml	1	pthread-wmm	37149	871			false	TIMEOUT:1			
GenMC	c/pthread-wmm/rfi000_power.oepc_pso.oepc_rmo.oepc.yml	1	pthread-wmm	39717	859			true	false(unreach-call):1	0.202178755	0.177415584	26370048
GenMC	c/pthread-wmm/rfi000_power.opt_pso.opt_rmo.opt.yml	1	pthread-wmm	36320	833			true	false(unreach-call):1	0.870019996	0.816605305	26128384
GenMC	c/pthread-wmm/rfi000_tso.yml	1	pthread-wmm	39692	859			true	true:1	1.53745749	1.48462294	26349568
GenMC	c/pthread-wmm/rfi001_power.oepc_pso.oepc_rmo.oepc.yml	1	pthread-wmm	36331	835			true	false(unreach-call):1	0.18300341	0.154110877	26066944
GenMC	c/pthread-wmm/rfi001_power.opt_pso.opt_rmo.opt_tso.oepc_tso.opt.yml	1	pthread-wmm	36345	835			true	false(unreach-call):1	0.888754835	0.816430935	26058752
GenMC	c/pthread-wmm/rfi002_power.oepc_power.opt_pso.oepc_pso.opt_rmo.oepc_rmo.opt.yml	1	pthread-wmm	40433	869			true	true:1	4.19939995	3.92446704	26439680
GenMC	c/pthread-wmm/rfi002_tso.yml	1	pthread-wmm	43661	914			true	true:1	5.45177571	5.36400405	26578944
GenMC	c/pthread-wmm/rfi003_power.oepc_power.opt_pso.oepc_pso.opt_rmo.oepc_rmo.opt.yml	1	pthread-wmm	36037	833			true	false(unreach-call):1	2.18010523	2.06262466	26083328
GenMC	c/pthread-wmm/rfi003_tso.yml	1	pthread-wmm	40339	868			true	true:1	4.05610561	3.85313536	26349568
GenMC	c/pthread-wmm/rfi004.yml	1	pthread-wmm	35990	835			true	false(unreach-call):1	2.10130502	2.09131855	26025984
GenMC	c/pthread-wmm/rfi005.yml	1	pthread-wmm	39665	867			true	false(unreach-call):1	0.097691918	0.082863007	26411008
GenMC	c/pthread-wmm/rfi006_power.oepc.yml	1	pthread-wmm	39504	872			true	false(unreach-call):1	0.0954366899	0.089396483	26370048
GenMC	c/pthread-wmm/rfi006_power.opt.yml	1	pthread-wmm	39827	881			true	false(unreach-call):1	0.188901009	0.093390599	26275840
GenMC	c/pthread-wmm/rfi006_pso.oepc_pso.opt_tso.oepc_tso.opt.yml	1	pthread-wmm	38984	868			false	TIMEOUT:1			
GenMC	c/pthread-wmm/rfi006_rmo.yml	1	pthread-wmm	38611	871			true	false(unreach-call):1	0.109118386	0.08684094	26161152
GenMC	c/pthread-wmm/rfi007_power.oepc_power.opt_pso.oepc_pso.opt_rmo.oepc_rmo.opt.yml	1	pthread-wmm	36274	830			true	false(unreach-call):1	0.139767924	0.125005436	26124288
GenMC	c/pthread-wmm/rfi007_tso.yml	1	pthread-wmm	37920	843			true	false(unreach-call):1	0.596472885	0.569642133	26222592
GenMC	c/pthread-wmm/rfi008.oepc.yml	1	pthread-wmm	38219	851			true	false(unreach-call):1	0.151955114	0.143033527	26144768
GenMC	c/pthread-wmm/rfi008.opt.yml	1	pthread-wmm	37717	846			true	false(unreach-call):1	1.45906358	1.30132153	26013696
GenMC	c/pthread-wmm/rfi009_power.oepc.yml	1	pthread-wmm	39594	874			true	false(unreach-call):1	0.213926522	0.092519095	26353664
GenMC	c/pthread-wmm/rfi009_power.opt_pso.oepc_pso.opt_rmo.opt_tso.oepc_tso.opt.yml	1	pthread-wmm	38634	866			false	TIMEOUT:1			
GenMC	c/pthread-wmm/rfi009_rmo.oepc.yml	1	pthread-wmm	38706	873			true	false(unreach-call):1	0.103718239	0.084639654	26198016
GenMC	c/pthread-wmm/rfi010.yml	1	pthread-wmm	37604	843			true	false(unreach-call):1	1.38236002	1.26413795	26181632
GenMC	c/pthread-wmm/safe000_power.oepc.yml	1	pthread-wmm	41703	890			true	false(unreach-call):1	0.130270537	0.094004919	26476544
GenMC	c/pthread-wmm/safe000_power.opt.yml	1	pthread-wmm	39090	877			false	TIMEOUT:1			
GenMC	c/pthread-wmm/safe000_pso.oepc_pso.opt_tso.oepc_tso.opt.yml	1	pthread-wmm	32886	795			false	TIMEOUT:1			
GenMC	c/pthread-wmm/safe000_rmo.yml	1	pthread-wmm	40810	889			true	false(unreach-call):1	0.158546722	0.090993391	26464256
GenMC	c/pthread-wmm/safe001_power.oepc.yml	1	pthread-wmm	41613	888			true	false(unreach-call):1	0.123697608	0.093418387	26472448
GenMC	c/pthread-wmm/safe001_power.opt_pso.oepc_pso.opt_rmo.opt.yml	1	pthread-wmm	37199	853			false	TIMEOUT:1			
GenMC	c/pthread-wmm/safe001_rmo.oepc.yml	1	pthread-wmm	40725	887			true	false(unreach-call):1	0.134921118	0.094654039	26390528
GenMC	c/pthread-wmm/safe001_tso.yml	1	pthread-wmm	32766	793			false	TIMEOUT:1			
GenMC	c/pthread-wmm/safe002_power.oepc.yml	1	pthread-wmm	41703	890			true	false(unreach-call):1	0.11547972	0.094780467	26488832
GenMC	c/pthread-wmm/safe002_power.opt_pso.oepc_pso.opt_rmo.opt.yml	1	pthread-wmm	36831	851			false	TIMEOUT:1			
GenMC	c/pthread-wmm/safe002_rmo.oepc.yml	1	pthread-wmm	40815	889			true	false(unreach-call):1	0.125344365	0.091602324	26484736
GenMC	c/pthread-wmm/safe002_tso.yml	1	pthread-wmm	32856	795			false	TIMEOUT:1			
GenMC	c/pthread-wmm/safe003_power.oepc_pso.oepc_pso.opt_rmo.oepc_rmo.opt.yml	1	pthread-wmm	40693	881			true	false(unreach-call):1	7.27854756	6.96765504	26492928
GenMC	c/pthread-wmm/safe003_power.opt.yml	1	pthread-wmm	39090	877			false	TIMEOUT:1			
GenMC	c/pthread-wmm/safe003_tso.yml	1	pthread-wmm	32856	795			false	TIMEOUT:1			
GenMC	c/pthread-wmm/safe004_power.oepc_pso.oepc_rmo.oepc.yml	1	pthread-wmm	40587	879			true	false(unreach-call):1	7.48414068	6.97141084	26443776
GenMC	c/pthread-wmm/safe004_power.opt_pso.opt_rmo.opt.yml	1	pthread-wmm	37190	853			false	TIMEOUT:1			
GenMC	c/pthread-wmm/safe004_tso.yml	1	pthread-wmm	32766	793			false	TIMEOUT:1			
GenMC	c/pthread-wmm/safe005_power.oepc_power.opt_pso.oepc_pso.opt_rmo.oepc_rmo.opt.yml	1	pthread-wmm	36907	853			false	TIMEOUT:1			
GenMC	c/pthread-wmm/safe005_tso.yml	1	pthread-wmm	32912	797			false	TIMEOUT:1			
GenMC	c/pthread-wmm/safe006_power.oepc-thin000_power.oepc.yml	1	pthread-wmm	37174	835			true	false(unreach-call):1	0.101679967	0.083135225	26136576
GenMC	c/pthread-wmm/safe006_power.opt-thin000_power.opt.yml	1	pthread-wmm	37919	847			true	false(unreach-call):1	0.313547887	0.285585528	26193920
GenMC	c/pthread-wmm/safe006_pso.oepc_pso.opt_tso.oepc_tso.opt-thin000_pso.oepc_pso.opt_tso.oepc_tso.opt.yml	1	pthread-wmm	32399	775			true	true:1	0.205206966	0.164461093	25825280
GenMC	c/pthread-wmm/safe006_rmo.oepc_rmo.opt-thin000_rmo.oepc_rmo.opt.yml	1	pthread-wmm	36300	834			true	false(unreach-call):1	0.100484542	0.079592455	26136576
GenMC	c/pthread-wmm/safe007_power.oepc-thin001_power.oepc.yml	1	pthread-wmm	37835	861			true	false(unreach-call):1	0.128174249	0.082543592	26210304
GenMC	c/pthread-wmm/safe007_power.opt-thin001_power.opt.yml	1	pthread-wmm	38615	874			false	TIMEOUT:1			
GenMC	c/pthread-wmm/safe007_pso.oepc_pso.opt_tso.oepc_tso.opt-thin001_pso.oepc_pso.opt_tso.oepc_tso.opt.yml	1	pthread-wmm	32936	797			false	TIMEOUT:1			
GenMC	c/pthread-wmm/safe007_rmo.oepc_rmo.opt-thin001_rmo.oepc_rmo.opt.yml	1	pthread-wmm	36961	860			true	false(unreach-call):1	0.09333424	0.083846627	26140672
GenMC	c/pthread-wmm/safe008_power.oepc_pso.oepc_pso.opt_rmo.oepc_rmo.opt.yml	1	pthread-wmm	37217	855			true	false(unreach-call):1	5.10505829	4.86224983	26222592
GenMC	c/pthread-wmm/safe008_power.opt.yml	1	pthread-wmm	39008	877			false	TIMEOUT:1			
GenMC	c/pthread-wmm/safe008_tso.yml	1	pthread-wmm	32774	795			false	TIMEOUT:1			
GenMC	c/pthread-wmm/safe009_power.oepc.yml	1	pthread-wmm	39841	872			true	false(unreach-call):1	0.151315958	0.09114645	26337280
GenMC	c/pthread-wmm/safe009_power.opt.yml	1	pthread-wmm	38925	872			true	false(unreach-call):1	46.3113994	44.1507457	26279936
GenMC	c/pthread-wmm/safe009_pso.oepc_pso.opt_tso.oepc_tso.opt.yml	1	pthread-wmm	32721	790			true	true:1	28.6772251	26.3492693	25853952
GenMC	c/pthread-wmm/safe009_rmo.oepc.yml	1	pthread-wmm	38953	871			true	false(unreach-call):1	0.11810796	0.085788902	26255360
GenMC	c/pthread-wmm/safe009_rmo.opt.yml	1	pthread-wmm	37713	862			true	false(unreach-call):1	42.179111	38.2168625	26144768
GenMC	c/pthread-wmm/safe010_power.oepc_power.opt_pso.oepc_pso.opt_rmo.oepc_rmo.opt.yml	1	pthread-wmm	36110	825			true	false(unreach-call):1	0.105134159	0.098663631	26095616
GenMC	c/pthread-wmm/safe010_tso.yml	1	pthread-wmm	32237	773			true	true:1	0.194509308	0.158215497	25735168
GenMC	c/pthread-wmm/safe011_power.oepc_pso.oepc_rmo.oepc_rmo.opt.yml	1	pthread-wmm	37119	853			true	false(unreach-call):1	6.10110564	4.80741339	26087424
GenMC	c/pthread-wmm/safe011_power.opt_pso.opt.yml	1	pthread-wmm	37100	853			false	TIMEOUT:1			
GenMC	c/pthread-wmm/safe011_tso.yml	1	pthread-wmm	32684	793			false	TIMEOUT:1			
GenMC	c/pthread-wmm/safe012_power.oepc.yml	1	pthread-wmm	37816	861			true	false(unreach-call):1	0.106071504	0.082959479	26202112
GenMC	c/pthread-wmm/safe012_power.opt.yml	1	pthread-wmm	38597	874			false	TIMEOUT:1			
GenMC	c/pthread-wmm/safe012_pso.oepc_pso.opt_rmo.opt.yml	1	pthread-wmm	36829	853			false	TIMEOUT:1			
GenMC	c/pthread-wmm/safe012_rmo.oepc.yml	1	pthread-wmm	36928	860			true	false(unreach-call):1	0.143117058	0.086449194	26062848
GenMC	c/pthread-wmm/safe012_tso.yml	1	pthread-wmm	32864	797			false	TIMEOUT:1			
GenMC	c/pthread-wmm/safe013_power.oepc_power.opt_pso.oepc_pso.opt_rmo.oepc_rmo.opt.yml	1	pthread-wmm	36825	853			false	TIMEOUT:1			
GenMC	c/pthread-wmm/safe013_tso.yml	1	pthread-wmm	32830	797			false	TIMEOUT:1			
GenMC	c/pthread-wmm/safe014_power.oepc.yml	1	pthread-wmm	37808	859			true	false(unreach-call):1	0.115766198	0.083034825	26214400
GenMC	c/pthread-wmm/safe014_power.opt.yml	1	pthread-wmm	38131	868			true	false(unreach-call):1	0.132876613	0.083039915	26103808
GenMC	c/pthread-wmm/safe014_pso.oepc_pso.opt_tso.oepc_tso.opt.yml	1	pthread-wmm	32886	795			false	TIMEOUT:1			
GenMC	c/pthread-wmm/safe014_rmo.oepc.yml	1	pthread-wmm	36920	858			true	false(unreach-call):1	0.084748149	0.078516408	26165248
GenMC	c/pthread-wmm/safe014_rmo.opt.yml	1	pthread-wmm	40814	889			false	TIMEOUT:1			
GenMC	c/pthread-wmm/safe015_power.oepc.yml	1	pthread-wmm	42317	908			true	false(unreach-call):1	0.0981581401	0.091647625	26464256
GenMC	c/pthread-wmm/safe015_power.opt.yml	1	pthread-wmm	41668	890			false	TIMEOUT:1			
GenMC	c/pthread-wmm/safe015_pso.oepc_pso.opt_tso.oepc_tso.opt.yml	1	pthread-wmm	32852	795			false	TIMEOUT:1			
GenMC	c/pthread-wmm/safe015_rmo.yml	1	pthread-wmm	40776	889			false	TIMEOUT:1			
GenMC	c/pthread-wmm/safe016_power.oepc.yml	1	pthread-wmm	40329	891			true	false(unreach-call):1	0.208680361	0.095505066	26398720
GenMC	c/pthread-wmm/safe016_power.opt.yml	1	pthread-wmm	41287	900			false	TIMEOUT:1			
GenMC	c/pthread-wmm/safe016_pso.oepc_pso.opt_tso.oepc_tso.opt.yml	1	pthread-wmm	33085	805			false	TIMEOUT:1			
GenMC	c/pthread-wmm/safe016_rmo.oepc.yml	1	pthread-wmm	39441	890			true	false(unreach-call):1	0.175044319	0.092321288	26345472
GenMC	c/pthread-wmm/safe016_rmo.opt.yml	1	pthread-wmm	40399	899			false	TIMEOUT:1			
GenMC	c/pthread-wmm/safe017_power.oepc_power.opt_pso.oepc_pso.opt_rmo.oepc_rmo.opt.yml	1	pthread-wmm	37054	848			true	false(unreach-call):1	1.87800059	1.76226903	26189824
GenMC	c/pthread-wmm/safe017_tso.yml	1	pthread-wmm	32601	788			true	true:1	26.6702896	25.2438818	25747456
GenMC	c/pthread-wmm/safe018_power.oepc.yml	1	pthread-wmm	37733	856			true	false(unreach-call):1	0.161696043	0.08300711	26091520
GenMC	c/pthread-wmm/safe018_power.opt.yml	1	pthread-wmm	40254	883			true	false(unreach-call):1	51.6560495	50.4621493	26304512
GenMC	c/pthread-wmm/safe018_pso.oepc_pso.opt_tso.oepc_tso.opt.yml	1	pthread-wmm	32811	792			true	true:1	29.6944437	27.4329918	25821184
GenMC	c/pthread-wmm/safe018_rmo.oepc.yml	1	pthread-wmm	36845	855			true	false(unreach-call):1	0.099726827	0.08369917	26046464
GenMC	c/pthread-wmm/safe018_rmo.opt.yml	1	pthread-wmm	39042	873			false	TIMEOUT:1			
GenMC	c/pthread-wmm/safe019_power.oepc.yml	1	pthread-wmm	40419	893			true	false(unreach-call):1	0.1015977	0.090129806	26423296
GenMC	c/pthread-wmm/safe019_power.opt.yml	1	pthread-wmm	41278	908			false	TIMEOUT:1			
GenMC	c/pthread-wmm/safe019_pso.oepc_pso.opt_tso.oepc_tso.opt.yml	1	pthread-wmm	33175	807			false	TIMEOUT:1			
GenMC	c/pthread-wmm/safe019_rmo.oepc.yml	1	pthread-wmm	39531	892			true	false(unreach-call):1	0.150360052	0.091430873	26333184
GenMC	c/pthread-wmm/safe019_rmo.opt.yml	1	pthread-wmm	40031	897			false	TIMEOUT:1			
GenMC	c/pthread-wmm/safe020_power.yml	1	pthread-wmm	40216	883			false	TIMEOUT:1			
GenMC	c/pthread-wmm/safe020_pso.oepc_pso.opt_tso.oepc_tso.opt.yml	1	pthread-wmm	32777	792			false	TIMEOUT:1			
GenMC	c/pthread-wmm/safe020_rmo.yml	1	pthread-wmm	39004	873			false	TIMEOUT:1			
GenMC	c/pthread-wmm/safe021_power.oepc_pso.oepc_rmo.oepc_rmo.opt.yml	1	pthread-wmm	37209	855			true	false(unreach-call):1	6.274796	5.95671242	26173440
GenMC	c/pthread-wmm/safe021_power.opt_pso.opt.yml	1	pthread-wmm	37190	855			false	TIMEOUT:1			
GenMC	c/pthread-wmm/safe021_tso.yml	1	pthread-wmm	32774	795			false	TIMEOUT:1			
GenMC	c/pthread-wmm/safe022_power.oepc_power.opt_pso.oepc_pso.opt_rmo.oepc_rmo.opt.yml	1	pthread-wmm	36200	827			true	false(unreach-call):1	0.152329143	0.108027991	26116096
GenMC	c/pthread-wmm/safe022_tso.yml	1	pthread-wmm	32327	775			true	true:1	0.371486668	0.170262167	25825280
GenMC	c/pthread-wmm/safe023_power.oepc_power.opt_pso.oepc_pso.opt_rmo.oepc_rmo.opt.yml	1	pthread-wmm	41303	889			false	TIMEOUT:1			
GenMC	c/pthread-wmm/safe023_tso.yml	1	pthread-wmm	32912	797			false	TIMEOUT:1			
GenMC	c/pthread-wmm/safe024_power.oepc_power.opt_pso.oepc_pso.opt_rmo.oepc_rmo.opt.yml	1	pthread-wmm	36915	855			false	TIMEOUT:1			
GenMC	c/pthread-wmm/safe024_tso.yml	1	pthread-wmm	32920	799			false	TIMEOUT:1			
GenMC	c/pthread-wmm/safe025_power.yml	1	pthread-wmm	42402	910			true	false(unreach-call):1	0.128052495	0.0894318	26570752
GenMC	c/pthread-wmm/safe025_pso.oepc_pso.opt_tso.oepc_tso.opt.yml	1	pthread-wmm	32942	797			false	TIMEOUT:1			
GenMC	c/pthread-wmm/safe025_rmo.yml	1	pthread-wmm	40866	891			false	TIMEOUT:1			
GenMC	c/pthread-wmm/safe026_power.oepc_power.opt_pso.oepc_pso.opt_rmo.oepc_rmo.opt.yml	1	pthread-wmm	37144	850			true	false(unreach-call):1	3.00568999	2.2158043	26058752
GenMC	c/pthread-wmm/safe026_tso.yml	1	pthread-wmm	32691	790			true	true:1	27.2970715	25.6073612	25812992
GenMC	c/pthread-wmm/safe027_power.oepc.yml	1	pthread-wmm	40008	890			true	false(unreach-call):1	0.096551536	0.091496258	26378240
GenMC	c/pthread-wmm/safe027_power.opt.yml	1	pthread-wmm	41368	910			false	TIMEOUT:1			
GenMC	c/pthread-wmm/safe027_pso.oepc_pso.opt_tso.oepc_tso.opt.yml	1	pthread-wmm	33265	809			false	TIMEOUT:1			
GenMC	c/pthread-wmm/safe027_rmo.yml	1	pthread-wmm	39115	889			true	false(unreach-call):1	0.0993779181	0.091228751	26316800
GenMC	c/pthread-wmm/safe028_power.yml	1	pthread-wmm	40306	885			false	TIMEOUT:1			
GenMC	c/pthread-wmm/safe028_pso.oepc_pso.opt_tso.oepc_tso.opt.yml	1	pthread-wmm	32867	794			false	TIMEOUT:1			
GenMC	c/pthread-wmm/safe028_rmo.yml	1	pthread-wmm	39094	875			false	TIMEOUT:1			
GenMC	c/pthread-wmm/safe029_power.oepc_pso.oepc_rmo.oepc.yml	1	pthread-wmm	35994	823			true	false(unreach-call):1	0.164549851	0.100066514	26148864
GenMC	c/pthread-wmm/safe029_power.opt_pso.opt_rmo.opt.yml	1	pthread-wmm	35991	823			true	false(unreach-call):1	0.262875465	0.234993811	26079232
GenMC	c/pthread-wmm/safe029_tso.yml	1	pthread-wmm	32147	771			true	true:1	0.179214506	0.153437136	25722880
GenMC	c/pthread-wmm/safe030_power.oepc_pso.oepc_rmo.oepc.yml	1	pthread-wmm	37021	851			true	false(unreach-call):1	4.96066081	4.74171797	26152960
GenMC	c/pthread-wmm/safe030_power.opt_pso.opt_rmo.opt.yml	1	pthread-wmm	36517	846			false	TIMEOUT:1			
GenMC	c/pthread-wmm/safe030_tso.yml	1	pthread-wmm	32594	791			false	TIMEOUT:1			
GenMC	c/pthread-wmm/safe031_power.oepc_pso.oepc_rmo.oepc.yml	1	pthread-wmm	36709	851			false	TIMEOUT:1			
GenMC	c/pthread-wmm/safe031_power.opt_pso.opt_rmo.opt.yml	1	pthread-wmm	36663	850			false	TIMEOUT:1			
GenMC	c/pthread-wmm/safe031_tso.yml	1	pthread-wmm	32740	795			false	TIMEOUT:1			
GenMC	c/pthread-wmm/safe032_power.oepc_power.opt_pso.oepc_pso.opt_rmo.oepc_rmo.opt.yml	1	pthread-wmm	40768	884			false	TIMEOUT:1			
GenMC	c/pthread-wmm/safe032_tso.yml	1	pthread-wmm	32878	797			false	TIMEOUT:1			
GenMC	c/pthread-wmm/safe033_power.oepc_power.opt_pso.oepc_pso.opt_rmo.oepc_rmo.opt.yml	1	pthread-wmm	35708	823			true	false(unreach-call):1	0.616772896	0.446177483	25972736
GenMC	c/pthread-wmm/safe033_tso.yml	1	pthread-wmm	32293	775			true	true:1	0.327979384	0.255193366	25825280
GenMC	c/pthread-wmm/safe034_power.oepc_power.opt_pso.oepc_pso.opt_rmo.oepc_rmo.opt.yml	1	pthread-wmm	36337	849			false	TIMEOUT:1			
GenMC	c/pthread-wmm/safe034_tso.yml	1	pthread-wmm	32886	799			false	TIMEOUT:1			
GenMC	c/pthread-wmm/safe035_power.yml	1	pthread-wmm	43232	904			false	TIMEOUT:1			
GenMC	c/pthread-wmm/safe035_pso.oepc_pso.opt_rmo.oepc_rmo.opt_tso.oepc_tso.opt.yml	1	pthread-wmm	33071	801			false	TIMEOUT:1			
GenMC	c/pthread-wmm/safe036.yml	1	pthread-wmm	32435	779			true	true:1	0.782659792	0.514615324	25821184
GenMC	c/pthread-wmm/safe037.yml	1	pthread-wmm	33028	803			false	TIMEOUT:1			
GenMC	c/pthread-wmm/thin002_power.oepc.yml	1	pthread-wmm	38477	887			true	false(unreach-call):1	0.186384286	0.089998011	26148864
GenMC	c/pthread-wmm/thin002_power.opt.yml	1	pthread-wmm	39293	901			false	TIMEOUT:1			
GenMC	c/pthread-wmm/thin002_pso.oepc_pso.opt_tso.oepc_tso.opt.yml	1	pthread-wmm	33431	819			false	TIMEOUT:1			
GenMC	c/pthread-wmm/thin002_rmo.yml	1	pthread-wmm	37584	886			true	false(unreach-call):1	0.10844222	0.084652554	26210304
GenMC	c/pthread/bigshot_s.yml	1	pthread	55602	1128			true	true:1	0.182218811	0.078261784	25866240
GenMC	c/pthread/bigshot_s2.yml	1	pthread	55597	1128			true	true:1	0.110812384	0.078701324	25845760
GenMC	c/pthread/butterfly.yml	1	pthread	33848	806			true	true:1	5.42616788	5.22317962	25939968
GenMC	c/pthread/fib_safe-10.yml	1	pthread	31319	728			false	TIMEOUT:1			
GenMC	c/pthread/fib_safe-11.yml	1	pthread	31319	728			false	TIMEOUT:1			
GenMC	c/pthread/fib_safe-12.yml	1	pthread	31319	728			false	TIMEOUT:1			
GenMC	c/pthread/fib_safe-5.yml	1	pthread	31317	728			true	true:1	1.80797227	1.71345537	25788416
GenMC	c/pthread/fib_safe-6.yml	1	pthread	31317	728			true	true:1	8.95631275	8.15949216	25718784
GenMC	c/pthread/fib_safe-7.yml	1	pthread	31317	728			true	true:1	41.1103129	38.8488888	25800704
GenMC	c/pthread/fib_unsafe-10.yml	1	pthread	31319	728			false	TIMEOUT:1			
GenMC	c/pthread/fib_unsafe-11.yml	1	pthread	31319	728			false	TIMEOUT:1			
GenMC	c/pthread/fib_unsafe-12.yml	1	pthread	31319	728			false	TIMEOUT:1			
GenMC	c/pthread/fib_unsafe-5.yml	1	pthread	31317	728			true	false(unreach-call):1	0.503887799	0.463078991	25821184
GenMC	c/pthread/fib_unsafe-6.yml	1	pthread	31317	728			true	false(unreach-call):1	2.27543109	2.12506764	25812992
GenMC	c/pthread/fib_unsafe-7.yml	1	pthread	31317	728			true	false(unreach-call):1	11.3316309	10.592593	25726976
GenMC	c/pthread/lazy01.yml	1	pthread	31389	739			true	false(unreach-call):1	0.0753276079	0.067896635	25780224
GenMC	c/pthread/queue.yml	1	pthread	44025	1068			true	false(unreach-call):1	0.131428974	0.089046547	25968640
GenMC	c/pthread/queue_longer.yml	1	pthread	44020	1067			true	false(unreach-call):1	7.94868361	7.85937111	1.04146534e+09
GenMC	c/pthread/queue_longest.yml	1	pthread	44020	1067			false	OUT OF MEMORY:1			
GenMC	c/pthread/queue_ok.yml	1	pthread	43780	1057			true	true:1	0.130558995	0.073447819	25968640
GenMC	c/pthread/queue_ok_longer.yml	1	pthread	43782	1057			true	true:1	0.129298145	0.118390681	25866240
GenMC	c/pthread/queue_ok_longest.yml	1	pthread	43790	1057			true	true:1	0.254072814	0.190141188	25952256
GenMC	c/pthread/reorder_2.yml	1	pthread	60275	1310			true	false(unreach-call):1	0.153615652	0.114219453	25939968
GenMC	c/pthread/reorder_5.yml	1	pthread	59811	1302			true	false(unreach-call):1	1.96078633	1.7656582	25882624
GenMC	c/pthread/singleton.yml	1	pthread	56401	1166			true	false(unreach-call):1	0.154390886	0.078747075	25960448
GenMC	c/pthread/singleton_with-uninit-problems.yml	1	pthread	56437	1166			true	true:1	0.114325495	0.081648442	25968640
GenMC	c/pthread/stack-1.yml	1	pthread	42807	1027			true	true:1	0.101144313	0.07178559	25899008
GenMC	c/pthread/stack-2.yml	1	pthread	42825	1028			true	true:1	0.1132642	0.072709649	25870336
GenMC	c/pthread/stack_longer-1.yml	1	pthread	42838	1026			true	true:1	2.95160368	2.58548656	580816896
GenMC	c/pthread/stack_longer-2.yml	1	pthread	42822	1026			true	true:1	2.8832762	2.6156362	580927488
GenMC	c/pthread/stack_longest-1.yml	1	pthread	42841	1027			true	true:1	17.1592718	16.4279497	3.70098995e+09
GenMC	c/pthread/stack_longest-2.yml	1	pthread	42823	1026			true	true:1	17.461032	16.5154807	3.70071142e+09
GenMC	c/pthread/stateful01-1.yml	1	pthread	30876	731			true	false(unreach-call):1	0.083667984	0.070221615	25780224
GenMC	c/pthread/stateful01-2.yml	1	pthread	30876	731			true	true:1	0.13558532	0.06779926	25776128
GenMC	c/pthread/sync01.yml	1	pthread	42052	970			false	ERROR (compilation):1			
GenMC	c/pthread/triangular-1.yml	1	pthread	30992	725			true	true:1	3.24881978	3.16349513	25767936
GenMC	c/pthread/triangular-2.yml	1	pthread	30994	725			true	false(unreach-call):1	0.793982216	0.770310818	25755648
GenMC	c/pthread/triangular-longer-1.yml	1	pthread	31003	725			false	TIMEOUT:1			
GenMC	c/pthread/triangular-longer-2.yml	1	pthread	31005	725			false	TIMEOUT:1			
GenMC	c/pthread/triangular-longest-1.yml	1	pthread	31004	725			false	TIMEOUT:1			
GenMC	c/pthread/triangular-longest-2.yml	1	pthread	31006	725			false	TIMEOUT:1			
GenMC	c/pthread/twostage_3.yml	1	pthread	61359	1342			true	false(unreach-call):1	0.105622242	0.081328862	26025984
GenMC	c/weaver/array-eq-symm.wvr.yml	1	weaver	2600	99			true	true:1	0.115022526	0.06875755	25300992
GenMC	c/weaver/array-eq-trans.wvr.yml	1	weaver	3099	116			true	true:1	0.077370415	0.067733178	25337856
GenMC	c/weaver/bench-exp1x3.wvr.yml	1	weaver	1905	73			true	true:1	0.079396767	0.066102095	25251840
GenMC	c/weaver/bench-exp2x3.wvr.yml	1	weaver	2319	95			true	true:1	0.088650472	0.071986496	25296896
GenMC	c/weaver/bench-exp2x4.wvr.yml	1	weaver	2391	99			true	true:1	0.205452459	0.066624739	25325568
GenMC	c/weaver/bench-exp2x6.wvr.yml	1	weaver	2535	107			true	true:1	0.098408025	0.066697114	25313280
GenMC	c/weaver/bench-exp2x9.wvr.yml	1	weaver	2751	119			true	true:1	0.085696685	0.065741615	25346048
GenMC	c/weaver/bench-exp3x3-opt.wvr.yml	1	weaver	2934	120			true	true:1	0.111005568	0.068650222	25411584
GenMC	c/weaver/bench-exp3x3.wvr.yml	1	weaver	2733	117			true	true:1	0.0780428121	0.070810311	25284608
GenMC	c/weaver/chl-array-int-subst.wvr.yml	1	weaver	3296	129			true	true:1	0.072509633	0.070546298	25415680
GenMC	c/weaver/chl-array-int-symm.wvr.yml	1	weaver	2984	112			true	true:1	0.101605533	0.070351501	25317376
GenMC	c/weaver/chl-array-int-trans.wvr.yml	1	weaver	3243	128			true	true:1	0.0763532791	0.069070137	25309184
GenMC	c/weaver/chl-chromosome-opt-symm.wvr.yml	1	weaver	2915	107			true	true:1	0.0962854461	0.069622483	25382912
GenMC	c/weaver/chl-chromosome-subst.wvr.yml	1	weaver	3612	130			true	true:1	0.0774845449	0.068141423	25423872
GenMC	c/weaver/chl-chromosome-symm.wvr.yml	1	weaver	3197	113			true	true:1	0.096047757	0.070344443	25329664
GenMC	c/weaver/chl-chromosome-trans.wvr.yml	1	weaver	3549	129			true	true:1	0.074471185	0.066188786	25403392
GenMC	c/weaver/chl-collitem-subst.wvr.yml	1	weaver	3765	110			true	true:1	0.0946223959	0.066438552	25423872
GenMC	c/weaver/chl-collitem-symm.wvr.yml	1	weaver	3194	96			true	true:1	0.091358922	0.06807553	25366528
GenMC	c/weaver/chl-collitem-trans.wvr.yml	1	weaver	3702	109			true	true:1	0.073134897	0.069167736	25382912
GenMC	c/weaver/chl-exp-term-subst.wvr.yml	1	weaver	3293	90			true	true:1	0.071622816	0.065575166	25337856
GenMC	c/weaver/chl-exp-term-symm.wvr.yml	1	weaver	2836	81			true	true:1	0.072225417	0.064303286	25251840
GenMC	c/weaver/chl-file-item-subst.wvr.yml	1	weaver	3236	93			true	true:1	0.091224756	0.067660594	25366528
GenMC	c/weaver/chl-file-item-symm.wvr.yml	1	weaver	2703	83			true	true:1	0.079604244	0.068120093	25378816
GenMC	c/weaver/chl-file-item-trans.wvr.yml	1	weaver	3038	92			true	true:1	0.192793827	0.072142546	25296896
GenMC	c/weaver/chl-match-subst.wvr.yml	1	weaver	3239	98			true	true:1	0.0947696031	0.067122143	25374720
GenMC	c/weaver/chl-match-symm.wvr.yml	1	weaver	2793	86			true	true:1	0.072492747	0.068272344	25309184
GenMC	c/weaver/chl-match-trans.wvr.yml	1	weaver	3176	97			true	true:1	0.107055168	0.06939422	25407488
GenMC	c/weaver/chl-name-comparator-subst.wvr.yml	1	weaver	5351	162			true	true:1	0.0888026099	0.073188399	25477120
GenMC	c/weaver/chl-name-comparator-symm.wvr.yml	1	weaver	4359	133			true	true:1	0.161453702	0.068705406	25432064
GenMC	c/weaver/chl-name-comparator-trans.wvr.yml	1	weaver	5303	162			true	true:1	0.116945315	0.071911883	25464832
GenMC	c/weaver/chl-node-subst.wvr.yml	1	weaver	4817	140			true	true:1	0.081692999	0.07413359	25513984
GenMC	c/weaver/chl-node-symm.wvr.yml	1	weaver	4113	124			true	true:1	0.0971036289	0.070536608	25427968
GenMC	c/weaver/chl-node-trans.wvr.yml	1	weaver	4766	140			true	true:1	0.114849295	0.069191047	25399296
GenMC	c/weaver/chl-nzb-file-subst.wvr.yml	1	weaver	7028	184			true	true:1	0.176079381	0.09525347	25657344
GenMC	c/weaver/chl-nzb-file-symm.wvr.yml	1	weaver	5443	148			true	true:1	0.113715702	0.085589829	25464832
GenMC	c/weaver/chl-nzb-file-trans.wvr.yml	1	weaver	6977	184			true	true:1	0.109026298	0.097606408	25550848
GenMC	c/weaver/chl-poker-hand-subst.wvr.yml	1	weaver	19764	364			true	true:1	0.14618934	0.11649888	26419200
GenMC	c/weaver/chl-poker-hand-symm.wvr.yml	1	weaver	13323	255			true	true:1	0.12516235	0.096983391	25993216
GenMC	c/weaver/chl-poker-hand-trans.wvr.yml	1	weaver	19389	361			true	true:1	0.142544136	0.11764748	26378240
GenMC	c/weaver/chl-simpl-str-subst.wvr.yml	1	weaver	2796	90			true	true:1	0.178267311	0.066937858	25382912
GenMC	c/weaver/chl-simpl-str-symm.wvr.yml	1	weaver	2512	81			true	true:1	0.088260363	0.063245592	25350144
GenMC	c/weaver/chl-simpl-str-trans.wvr.yml	1	weaver	2735	89			true	true:1	0.079443751	0.066824918	25296896
GenMC	c/weaver/chl-sre-subst.wvr.yml	1	weaver	2401	80			true	true:1	0.0869416801	0.064974589	25309184
GenMC	c/weaver/chl-sre-symm.wvr.yml	1	weaver	2188	72			true	true:1	0.086474348	0.058776201	25300992
GenMC	c/weaver/chl-sre-trans.wvr.yml	1	weaver	2340	79			true	true:1	0.0725564969	0.06131735	25239552
GenMC	c/weaver/chl-time-subst.wvr.yml	1	weaver	3100	102			true	true:1	0.111214417	0.069282438	25350144
GenMC	c/weaver/chl-time-symm.wvr.yml	1	weaver	2702	89			true	true:1	0.091606547	0.067286801	25300992
GenMC	c/weaver/chl-time-trans.wvr.yml	1	weaver	3057	102			true	true:1	0.091095034	0.070916641	25260032
GenMC	c/weaver/chl-word-subst.wvr.yml	1	weaver	3707	143			false	OUT OF MEMORY:1			
GenMC	c/weaver/chl-word-symm.wvr.yml	1	weaver	3197	119			false	OUT OF MEMORY:1			
GenMC	c/weaver/chl-word-trans.wvr.yml	1	weaver	3654	142			false	OUT OF MEMORY:1			
GenMC	c/weaver/clever.wvr.yml	1	weaver	2189	84			true	true:1	0.078460046	0.063610368	25300992
GenMC	c/weaver/fibonacci.wvr.yml	1	weaver	2692	99			true	true:1	0.144824989	0.071933499	25346048
GenMC	c/weaver/loop-tiling-eq.wvr.yml	1	weaver	2968	108			true	true:1	0.12223927	0.068109198	25370624
GenMC	c/weaver/mult-comm.wvr.yml	1	weaver	1966	73			false	OUT OF MEMORY:1			
GenMC	c/weaver/mult-dist.wvr.yml	1	weaver	2185	83			false	OUT OF MEMORY:1			
GenMC	c/weaver/mult-flipped-dist.wvr.yml	1	weaver	2204	84			false	OUT OF MEMORY:1			
GenMC	c/weaver/parallel-bakery-2.wvr.yml	1	weaver	2585	101			true	true:1	0.121686488	0.067287574	25272320
GenMC	c/weaver/parallel-bakery-3.wvr.yml	1	weaver	3662	140			true	true:1	0.0892147621	0.067611844	25427968
GenMC	c/weaver/parallel-bakery-4.wvr.yml	1	weaver	5118	189			true	true:1	0.110368092	0.073943612	25559040
GenMC	c/weaver/parallel-barrier-loop.wvr.yml	1	weaver	3951	174			true	true:1	0.132012965	0.069343524	25468928
GenMC	c/weaver/parallel-barrier.wvr.yml	1	weaver	3447	151			true	true:1	0.108912158	0.06535945	25382912
GenMC	c/weaver/parallel-bluetooth.wvr.yml	1	weaver	2520	94			true	true:1	0.0846913181	0.065867546	25313280
GenMC	c/weaver/parallel-lamport.wvr.yml	1	weaver	3368	134			true	true:1	0.079402007	0.063050557	25350144
GenMC	c/weaver/parallel-min-max-1.wvr.yml	1	weaver	2966	115			false	OUT OF MEMORY:1			
GenMC	c/weaver/parallel-misc-1.wvr.yml	1	weaver	3257	123			true	true:1	0.157200715	0.068196257	25284608
GenMC	c/weaver/parallel-misc-2-unrolled-atomic.wvr.yml	1	weaver	2307	87			true	true:1	0.069775612	0.064291554	25284608
GenMC	c/weaver/parallel-misc-2-unrolled.wvr.yml	1	weaver	2072	81			true	true:1	0.066929347	0.058044782	25202688
GenMC	c/weaver/parallel-misc-2.wvr.yml	1	weaver	2279	93			true	true:1	0.080238773	0.072790233	25194496
GenMC	c/weaver/parallel-misc-3-extended.wvr.yml	1	weaver	2451	116			true	true:1	0.09544095	0.083527818	25313280
GenMC	c/weaver/parallel-misc-3.wvr.yml	1	weaver	2122	94			true	true:1	0.088566263	0.062308769	25329664
GenMC	c/weaver/parallel-misc-4.wvr.yml	1	weaver	2287	96			true	true:1	0.09975107	0.069160619	25288704
GenMC	c/weaver/parallel-misc-5.wvr.yml	1	weaver	3095	123			true	true:1	0.12570239	0.070091428	25296896
GenMC	c/weaver/parallel-parallel-sum-1-dsl.wvr.yml	1	weaver	4926	194			true	true:1	0.113172596	0.074806079	25427968
GenMC	c/weaver/parallel-parallel-sum-1.wvr.yml	1	weaver	4170	156			true	true:1	0.120599499	0.071256086	25468928
GenMC	c/weaver/parallel-parallel-sum-2.wvr.yml	1	weaver	4779	186			true	true:1	0.14143881	0.076257952	25509888
GenMC	c/weaver/parallel-parallel-sum-equiv.wvr.yml	1	weaver	4298	164			true	true:1	0.098781873	0.068935114	25423872
GenMC	c/weaver/parallel-simple-equiv.wvr.yml	1	weaver	2111	80			true	true:1	0.09257277	0.069670459	25223168
GenMC	c/weaver/parallel-ticket-2.wvr.yml	1	weaver	2137	84			true	true:1	0.122044297	0.069133133	25239552
GenMC	c/weaver/parallel-ticket-3.wvr.yml	1	weaver	2360	97			true	true:1	0.0798947901	0.061151966	25329664
GenMC	c/weaver/parallel-ticket-4.wvr.yml	1	weaver	2583	110			true	true:1	0.124278402	0.066925972	25317376
GenMC	c/weaver/parallel-ticket-5.wvr.yml	1	weaver	2806	123			true	true:1	0.0696064769	0.066569147	25358336
GenMC	c/weaver/parallel-ticket-6.wvr.yml	1	weaver	3029	136			true	true:1	0.152554096	0.068924306	25354240
GenMC	c/weaver/parallel-ticket-7.wvr.yml	1	weaver	3252	149			true	true:1	0.072486656	0.070451126	25427968
GenMC	c/weaver/parallel-ticket-8.wvr.yml	1	weaver	3475	162			true	true:1	0.0868808681	0.067138104	25460736
GenMC	c/weaver/popl20-bad-buffer-mult-alt.wvr.yml	1	weaver	4821	174			false	OUT OF MEMORY:1			
GenMC	c/weaver/popl20-bad-buffer-mult-alt2.wvr.yml	1	weaver	4702	170			false	OUT OF MEMORY:1			
GenMC	c/weaver/popl20-bad-buffer-mult-alt3.wvr.yml	1	weaver	4821	174			false	OUT OF MEMORY:1			
GenMC	c/weaver/popl20-bad-commit-1.wvr-bad.yml	1	weaver	5484	176			true	true:1	0.091320071	0.073026653	25444352
GenMC	c/weaver/popl20-bad-commit-2.wvr-bad.yml	1	weaver	7010	220			true	true:1	0.112193701	0.072327231	25567232
GenMC	c/weaver/popl20-bad-counter-queue.wvr.yml	1	weaver	2771	104			true	true:1	0.085453391	0.068719045	25358336
GenMC	c/weaver/popl20-bad-counter-queue2.wvr.yml	1	weaver	2926	107			true	true:1	0.0980748041	0.066762817	25300992
GenMC	c/weaver/popl20-bad-dot-product-alt.wvr.yml	1	weaver	3697	130			true	true:1	0.101178902	0.06707784	25362432
GenMC	c/weaver/popl20-bad-dot-product.wvr.yml	1	weaver	3380	127			true	true:1	0.076972425	0.069914188	25313280
GenMC	c/weaver/popl20-bad-ring-nondet.wvr.yml	1	weaver	4447	170			true	true:1	0.076984409	0.070922983	25485312
GenMC	c/weaver/popl20-bad-ring.wvr.yml	1	weaver	4309	164			true	true:1	0.08978306	0.069301701	25423872
GenMC	c/weaver/popl20-bad-threaded-sum-2.wvr.yml	1	weaver	2532	98			false	TIMEOUT:1			
GenMC	c/weaver/popl20-bad-three-array-sum-alt.wvr.yml	1	weaver	2927	111			true	true:1	0.08103656	0.068633902	25411584
GenMC	c/weaver/popl20-channel-sum.wvr.yml	1	weaver	2746	102			true	true:1	0.0913740171	0.068229672	25243648
GenMC	c/weaver/popl20-commit-1.wvr.yml	1	weaver	4966	162			true	true:1	0.091998237	0.075905076	25436160
GenMC	c/weaver/popl20-commit-2.wvr.yml	1	weaver	6221	200			true	true:1	0.186689186	0.099467999	25456640
GenMC	c/weaver/popl20-counter-determinism.wvr.yml	1	weaver	2247	92			true	true:1	0.07426794	0.065280906	25321472
GenMC	c/weaver/popl20-counter-fun.wvr.yml	1	weaver	3030	102			true	true:1	0.166011447	0.071024614	25354240
GenMC	c/weaver/popl20-difference-det.wvr.yml	1	weaver	2276	93			true	true:1	0.065199391	0.060376008	25358336
GenMC	c/weaver/popl20-figure1-alt.wvr.yml	1	weaver	1950	74			true	true:1	0.080079828	0.064954456	25305088
GenMC	c/weaver/popl20-figure1.wvr.yml	1	weaver	1854	71			true	true:1	0.087296586	0.06531862	25284608
GenMC	c/weaver/popl20-figure3.wvr.yml	1	weaver	1975	74			false	TIMEOUT:1			
GenMC	c/weaver/popl20-horseshoe.wvr.yml	1	weaver	3786	141			false	OUT OF MEMORY:1			
GenMC	c/weaver/popl20-min-max-dec.wvr.yml	1	weaver	3047	121			true	true:1	0.178446449	0.069109245	25317376
GenMC	c/weaver/popl20-min-max-inc-dec.wvr.yml	1	weaver	3252	133			true	true:1	0.07334102	0.067792288	25436160
GenMC	c/weaver/popl20-min-max-inc.wvr.yml	1	weaver	3046	121			true	true:1	0.088123537	0.071495738	25399296
GenMC	c/weaver/popl20-more-array-sum-alt.wvr.yml	1	weaver	2844	111			true	true:1	0.144539629	0.066811631	25362432
GenMC	c/weaver/popl20-more-array-sum-alt2.wvr.yml	1	weaver	3040	115			true	true:1	0.155845885	0.070126859	25300992
GenMC	c/weaver/popl20-more-array-sum.wvr.yml	1	weaver	2899	112			true	true:1	0.121894273	0.06961285	25300992
GenMC	c/weaver/popl20-more-array-sum2.wvr.yml	1	weaver	3114	117			true	true:1	0.114052363	0.070215689	25284608
GenMC	c/weaver/popl20-more-buffer-mult.wvr.yml	1	weaver	4746	172			false	OUT OF MEMORY:1			
GenMC	c/weaver/popl20-more-buffer-mult2.wvr.yml	1	weaver	4627	168			false	OUT OF MEMORY:1			
GenMC	c/weaver/popl20-more-buffer-mult3.wvr.yml	1	weaver	4746	172			false	OUT OF MEMORY:1			
GenMC	c/weaver/popl20-more-buffer-series.wvr.yml	1	weaver	4879	175			true	true:1	0.096678007	0.071026937	25407488
GenMC	c/weaver/popl20-more-buffer-series2.wvr.yml	1	weaver	4760	171			true	true:1	0.124071869	0.070845423	25436160
GenMC	c/weaver/popl20-more-buffer-series3.wvr.yml	1	weaver	4879	175			true	true:1	0.138662144	0.076273902	25493504
GenMC	c/weaver/popl20-more-dec-subseq.wvr.yml	1	weaver	3273	121			true	true:1	0.084940181	0.069018179	25341952
GenMC	c/weaver/popl20-more-inc-subseq.wvr.yml	1	weaver	3273	121			true	true:1	0.077318743	0.066039467	25325568
GenMC	c/weaver/popl20-more-max-array-hom.wvr.yml	1	weaver	2948	114			true	true:1	0.085261551	0.068988453	25317376
GenMC	c/weaver/popl20-more-max-array.wvr.yml	1	weaver	2915	114			true	true:1	0.0994092361	0.067141469	25374720
GenMC	c/weaver/popl20-more-min-array-hom.wvr.yml	1	weaver	2948	114			true	true:1	0.100688496	0.070409305	25374720
GenMC	c/weaver/popl20-more-min-array.wvr.yml	1	weaver	2915	114			true	true:1	0.0846308611	0.069569405	25300992
GenMC	c/weaver/popl20-more-min-le-max.wvr.yml	1	weaver	2848	112			true	true:1	0.0956702559	0.067971414	25350144
GenMC	c/weaver/popl20-more-mts.wvr.yml	1	weaver	3049	112			true	true:1	0.0883286711	0.072221899	25378816
GenMC	c/weaver/popl20-more-multiply-verify.wvr.yml	1	weaver	3451	124			false	OUT OF MEMORY:1			
GenMC	c/weaver/popl20-more-nonblocking-counter-alt2.wvr.yml	1	weaver	2203	81			false	TIMEOUT:1			
GenMC	c/weaver/popl20-more-queue-add-2-nl.wvr.yml	1	weaver	3220	119			false	OUT OF MEMORY:1			
GenMC	c/weaver/popl20-more-queue-add-3-nl.wvr.yml	1	weaver	3978	149			false	OUT OF MEMORY:1			
GenMC	c/weaver/popl20-more-sorted.wvr.yml	1	weaver	2796	106			true	true:1	0.142770651	0.067886275	25296896
GenMC	c/weaver/popl20-more-sum-array-hom.wvr.yml	1	weaver	2805	104			true	true:1	0.0844468641	0.066849719	25296896
GenMC	c/weaver/popl20-more-vector-add.wvr.yml	1	weaver	3008	111			true	true:1	0.097518272	0.069904612	25309184
GenMC	c/weaver/popl20-mult-4.wvr.yml	1	weaver	2693	104			false	TIMEOUT:1			
GenMC	c/weaver/popl20-mult-equiv.wvr.yml	1	weaver	2659	108			false	TIMEOUT:1			
GenMC	c/weaver/popl20-nonblocking-cntr-alt.wvr.yml	1	weaver	2153	81			true	true:1	0.123978539	0.068787177	25227264
GenMC	c/weaver/popl20-nonblocking-cntr.wvr.yml	1	weaver	2092	80			true	true:1	0.0843541879	0.059691004	25300992
GenMC	c/weaver/popl20-prod-cons-eq.wvr.yml	1	weaver	5171	166			true	true:1	0.078467042	0.073637896	25526272
GenMC	c/weaver/popl20-prod-cons.wvr.yml	1	weaver	3418	130			true	true:1	0.0983456529	0.067665918	25382912
GenMC	c/weaver/popl20-prod-cons3.wvr.yml	1	weaver	4383	164			true	true:1	0.113445212	0.069778763	25432064
GenMC	c/weaver/popl20-proofs-counter-add-4-semi-Q67.wvr.yml	1	weaver	2692	108			true	true:1	0.110919685	0.068490938	25341952
GenMC	c/weaver/popl20-queue-add-2.wvr.yml	1	weaver	3045	112			true	true:1	0.092740184	0.069761331	25296896
GenMC	c/weaver/popl20-queue-add-3.wvr.yml	1	weaver	3774	140			true	true:1	0.111212688	0.066125014	25403392
GenMC	c/weaver/popl20-send-receive-alt.wvr.yml	1	weaver	2999	108			true	true:1	0.158035964	0.070324652	25362432
GenMC	c/weaver/popl20-send-receive.wvr.yml	1	weaver	3469	131			true	true:1	0.080193808	0.066992797	25296896
GenMC	c/weaver/popl20-simple-array-sum.wvr.yml	1	weaver	2840	108			true	true:1	0.08558061	0.065282985	25255936
GenMC	c/weaver/popl20-simple-queue.wvr.yml	1	weaver	2787	100			true	true:1	0.086340828	0.067396264	25284608
GenMC	c/weaver/popl20-threaded-sum-3.wvr.yml	1	weaver	3026	121			false	TIMEOUT:1			
GenMC	c/weaver/popl20-three-array-max.wvr.yml	1	weaver	3339	134			true	true:1	0.146801316	0.070530515	25427968
GenMC	c/weaver/popl20-three-array-min.wvr.yml	1	weaver	3331	134			true	true:1	0.0749381201	0.069009303	25444352
GenMC	c/weaver/popl20-three-array-sum.wvr.yml	1	weaver	3101	116			true	true:1	0.112820776	0.071213381	25317376
GenMC	c/weaver/popl20-two-queue.wvr.yml	1	weaver	3336	116			true	true:1	0.087056344	0.065414041	25329664
GenMC	c/weaver/security.wvr.yml	1	weaver	1987	79			true	true:1	0.070164297	0.063106622	25235456
GenMC	c/weaver/spaghetti.wvr.yml	1	weaver	2371	100			false	TIMEOUT:1			
GenMC	c/weaver/test-context1.wvr.yml	1	weaver	2782	99			true	true:1	0.071068804	0.064577313	25243648
GenMC	c/weaver/test-easy1.wvr.yml	1	weaver	1931	73			true	true:1	0.0789602529	0.066107745	25206784
GenMC	c/weaver/test-easy10.wvr.yml	1	weaver	2577	106			true	true:1	0.101369205	0.06748682	25370624
GenMC	c/weaver/test-easy11.wvr.yml	1	weaver	1870	77			false	TIMEOUT:1			
GenMC	c/weaver/test-easy6.wvr.yml	1	weaver	2061	83			true	true:1	0.0750923899	0.066754551	25284608
GenMC	c/weaver/test-easy7.wvr.yml	1	weaver	1928	75			true	true:1	0.116979893	0.07079994	25214976
GenMC	c/weaver/test-easy8.wvr.yml	1	weaver	2037	78			true	true:1	0.104987733	0.072046889	25223168
GenMC	c/weaver/test-hard1.wvr.yml	1	weaver	3455	142			true	true:1	0.072638504	0.065698374	25309184
GenMC	c/weaver/test-semi1.wvr.yml	1	weaver	1851	70			true	true:1	0.0870260331	0.062726681	25235456
GenMC	c/weaver/unroll-2.wvr.yml	1	weaver	2778	102			true	true:1	0.077705315	0.068047572	25329664
GenMC	c/weaver/unroll-3.wvr.yml	1	weaver	2850	105			true	true:1	0.089106291	0.069105788	25264128
GenMC	c/weaver/unroll-4.wvr.yml	1	weaver	2922	108			true	true:1	0.16008809	0.06764272	25341952
GenMC	c/weaver/unroll-5.wvr.yml	1	weaver	2994	111			true	true:1	0.178675772	0.071526034	25387008
GenMC	c/weaver/unroll-cond-2.wvr.yml	1	weaver	2824	105			true	true:1	0.084335682	0.068339786	25317376
GenMC	c/weaver/unroll-cond-3.wvr.yml	1	weaver	2991	113			true	true:1	0.081833275	0.069908897	25292800
GenMC	c/weaver/unroll-cond-4.wvr.yml	1	weaver	3158	121			true	true:1	0.110204114	0.069875986	25354240
GenMC	c/weaver/unroll-cond-5.wvr.yml	1	weaver	3325	129			true	true:1	0.091881293	0.066876131	25419776
GenMC+CAAT-PSO	c/goblint-regression/13-privatized_01-priv_nr_true.yml	1	goblint-regression	1061	42			true	true:1	0.069240344	0.055183311	26079232
GenMC+CAAT-PSO	c/goblint-regression/13-privatized_04-priv_multi_true.yml	1	goblint-regression	50054	1214			false	TIMEOUT:1			
GenMC+CAAT-PSO	c/goblint-regression/13-privatized_18-first-reads_true.yml	1	goblint-regression	1011	45			true	true:1	0.0714243461	0.061711626	26038272
GenMC+CAAT-PSO	c/goblint-regression/13-privatized_18-first-reads_unknown_1_neg.yml	1	goblint-regression	977	44			true	false(unreach-call):1	0.068901887	0.058616037	26009600
GenMC+CAAT-PSO	c/goblint-regression/13-privatized_18-first-reads_unknown_1_pos.yml	1	goblint-regression	974	44			true	true:1	0.0773427951	0.069502242	26017792
GenMC+CAAT-PSO	c/goblint-regression/13-privatized_18-first-reads_unknown_2_neg.yml	1	goblint-regression	977	44			true	true:1	0.076522814	0.065370937	25960448
GenMC+CAAT-PSO	c/goblint-regression/13-privatized_18-first-reads_unknown_2_pos.yml	1	goblint-regression	974	44			true	false(unreach-call):1	0.0660392201	0.05544935	25985024
GenMC+CAAT-PSO	c/goblint-regression/13-privatized_19-publish-precision_true.yml	1	goblint-regression	1081	43			true	true:1	0.071627794	0.058929838	25960448
GenMC+CAAT-PSO	c/goblint-regression/13-privatized_19-publish-precision_unknown_1_neg.yml	1	goblint-regression	1051	42			true	false(unreach-call):1	0.0776962	0.067324654	26083328
GenMC+CAAT-PSO	c/goblint-regression/13-privatized_19-publish-precision_unknown_1_pos.yml	1	goblint-regression	1048	42			true	false(unreach-call):1	0.072023713	0.055810774	26009600
GenMC+CAAT-PSO	c/goblint-regression/13-privatized_19-publish-precision_unknown_2_neg.yml	1	goblint-regression	1051	42			true	false(unreach-call):1	0.0672736471	0.059938129	25964544
GenMC+CAAT-PSO	c/goblint-regression/13-privatized_19-publish-precision_unknown_2_pos.yml	1	goblint-regression	1048	42			true	false(unreach-call):1	0.067946343	0.055171166	26025984
GenMC+CAAT-PSO	c/goblint-regression/13-privatized_20-publish-regression_true.yml	1	goblint-regression	1284	46			true	true:1	0.082126776	0.059021772	26042368
GenMC+CAAT-PSO	c/goblint-regression/13-privatized_24-multiple-protecting_true.yml	1	goblint-regression	1821	66			true	true:1	0.176277153	0.08928132	26103808
GenMC+CAAT-PSO	c/goblint-regression/13-privatized_25-struct_nr_true.yml	1	goblint-regression	1138	46			true	true:1	0.100862079	0.066933437	25952256
GenMC+CAAT-PSO	c/goblint-regression/13-privatized_27-multiple-protecting2_true.yml	1	goblint-regression	2193	72			true	true:1	0.24187532	0.173450956	26144768
GenMC+CAAT-PSO	c/goblint-regression/13-privatized_29-multiple-protecting2-vesal_true.yml	1	goblint-regression	1674	53			true	true:1	0.122099445	0.063720744	25968640
GenMC+CAAT-PSO	c/goblint-regression/13-privatized_30-traces-oplus-vs-meet_true.yml	1	goblint-regression	1337	51			true	true:1	0.076873695	0.059824112	25976832
GenMC+CAAT-PSO	c/goblint-regression/13-privatized_31-traces-mine-vs-mutex_true.yml	1	goblint-regression	1267	46			true	true:1	0.075771734	0.061290187	26071040
GenMC+CAAT-PSO	c/goblint-regression/13-privatized_32-traces-mine-vs-oplus-vs-meet_true.yml	1	goblint-regression	1377	53			true	true:1	0.06963593	0.06243592	26013696
GenMC+CAAT-PSO	c/goblint-regression/13-privatized_33-traces-v-matters_true.yml	1	goblint-regression	1097	42			true	true:1	0.074792758	0.05915455	25997312
GenMC+CAAT-PSO	c/goblint-regression/13-privatized_34-traces-minepp-L-needs-to-be-um_true.yml	1	goblint-regression	1379	54			true	true:1	0.0701193881	0.061333609	26005504
GenMC+CAAT-PSO	c/goblint-regression/13-privatized_35-traces-ex-2_true.yml	1	goblint-regression	1041	41			true	true:1	0.0719089149	0.060354986	25964544
GenMC+CAAT-PSO	c/goblint-regression/13-privatized_36-traces-ex-3_true.yml	1	goblint-regression	987	39			true	true:1	0.0700394401	0.059048124	25964544
GenMC+CAAT-PSO	c/goblint-regression/13-privatized_37-traces-ex-4_true.yml	1	goblint-regression	1041	41			true	true:1	0.065023571	0.058828109	26013696
GenMC+CAAT-PSO	c/goblint-regression/13-privatized_38-traces-ex-4-switch_true.yml	1	goblint-regression	1041	41			true	true:1	0.0707934391	0.066233833	25985024
GenMC+CAAT-PSO	c/goblint-regression/13-privatized_40-traces-ex-6_true.yml	1	goblint-regression	959	38			true	true:1	0.068298814	0.056038992	25980928
GenMC+CAAT-PSO	c/goblint-regression/13-privatized_41-traces-ex-7_unknown_1_neg.yml	1	goblint-regression	945	37			true	false(unreach-call):1	0.071111211	0.05666181	25952256
GenMC+CAAT-PSO	c/goblint-regression/13-privatized_41-traces-ex-7_unknown_1_pos.yml	1	goblint-regression	942	37			true	false(unreach-call):1	0.0608751919	0.057873368	25972736
GenMC+CAAT-PSO	c/goblint-regression/13-privatized_42-traces-ex-mini_true.yml	1	goblint-regression	1092	42			true	true:1	0.066567473	0.056198281	25980928
GenMC+CAAT-PSO	c/goblint-regression/13-privatized_44-traces-mine2_true.yml	1	goblint-regression	973	39			true	true:1	0.057373964	0.05136829	25985024
GenMC+CAAT-PSO	c/goblint-regression/13-privatized_45-traces-per-global-and-current-lock-mine-incomparable_true.yml	1	goblint-regression	1054	41			true	true:1	0.074935387	0.057858338	26034176
GenMC+CAAT-PSO	c/goblint-regression/13-privatized_46-refine-protected1_true.yml	1	goblint-regression	909	39			true	true:1	0.0700078589	0.063918056	25952256
GenMC+CAAT-PSO	c/goblint-regression/13-privatized_47-refine-protected2_true.yml	1	goblint-regression	866	37			true	true:1	0.0654222489	0.057340996	26005504
GenMC+CAAT-PSO	c/goblint-regression/13-privatized_52-refine-protected-loop2-small_true.yml	1	goblint-regression	986	42			false	OUT OF MEMORY:1			
GenMC+CAAT-PSO	c/goblint-regression/13-privatized_57-singlethreaded-unlock_true.yml	1	goblint-regression	816	36			true	true:1	0.058361075	0.052382913	25968640
GenMC+CAAT-PSO	c/goblint-regression/13-privatized_58-singlethreaded-lock_true.yml	1	goblint-regression	967	39			true	true:1	0.065715687	0.056110806	25997312
GenMC+CAAT-PSO	c/goblint-regression/13-privatized_66-mine-W-init_true.yml	1	goblint-regression	621	27			true	true:1	0.0662097661	0.054493683	26066944
GenMC+CAAT-PSO	c/goblint-regression/13-privatized_67-pthread_cond_wait_true.yml	1	goblint-regression	58948	1381			false	ERROR (compilation):1			
GenMC+CAAT-PSO	c/goblint-regression/13-privatized_67-pthread_cond_wait_unknown_1_neg.yml	1	goblint-regression	58960	1381			false	ERROR (compilation):1			
GenMC+CAAT-PSO	c/goblint-regression/13-privatized_67-pthread_cond_wait_unknown_1_pos.yml	1	goblint-regression	58957	1381			false	ERROR (compilation):1			
GenMC+CAAT-PSO	c/goblint-regression/13-privatized_68-pfscan_protected_loop_minimal_interval_true.yml	1	goblint-regression	1532	77			true	true:1	0.085094888	0.072520567	26042368
GenMC+CAAT-PSO	c/goblint-regression/13-privatized_69-refine-protected-loop-interval_true.yml	1	goblint-regression	1250	72			true	true:1	0.102468798	0.059138243	25993216
GenMC+CAAT-PSO	c/goblint-regression/28-race_reach_01-simple_racing.yml	1	goblint-regression	31261	713			false	TIMEOUT:1			
GenMC+CAAT-PSO	c/goblint-regression/28-race_reach_02-simple_racefree.yml	1	goblint-regression	31261	713			false	TIMEOUT:1			
GenMC+CAAT-PSO	c/goblint-regression/28-race_reach_03-munge_racing.yml	1	goblint-regression	31545	717			false	OUT OF MEMORY:1			
GenMC+CAAT-PSO	c/goblint-regression/28-race_reach_04-munge_racefree.yml	1	goblint-regression	31545	717			false	OUT OF MEMORY:1			
GenMC+CAAT-PSO	c/goblint-regression/28-race_reach_05-lockfuns_racefree.yml	1	goblint-regression	31210	718			false	TIMEOUT:1			
GenMC+CAAT-PSO	c/goblint-regression/28-race_reach_06-cond_racing1.yml	1	goblint-regression	42556	954			false	TIMEOUT:1			
GenMC+CAAT-PSO	c/goblint-regression/28-race_reach_07-cond_racing2.yml	1	goblint-regression	42558	954			false	TIMEOUT:1			
GenMC+CAAT-PSO	c/goblint-regression/28-race_reach_08-cond_racefree.yml	1	goblint-regression	42556	954			false	TIMEOUT:1			
GenMC+CAAT-PSO	c/goblint-regression/28-race_reach_09-ptrmunge_racing.yml	1	goblint-regression	31579	718			false	OUT OF MEMORY:1			
GenMC+CAAT-PSO	c/goblint-regression/28-race_reach_10-ptrmunge_racefree.yml	1	goblint-regression	31579	718			false	OUT OF MEMORY:1			
GenMC+CAAT-PSO	c/goblint-regression/28-race_reach_11-ptr_racing.yml	1	goblint-regression	31273	714			false	TIMEOUT:1			
GenMC+CAAT-PSO	c/goblint-regression/28-race_reach_12-ptr_racefree.yml	1	goblint-regression	31273	714			false	TIMEOUT:1			
GenMC+CAAT-PSO	c/goblint-regression/28-race_reach_19-callback_racing.yml	1	goblint-regression	31439	724			false	TIMEOUT:1			
GenMC+CAAT-PSO	c/goblint-regression/28-race_reach_20-callback_racefree.yml	1	goblint-regression	31439	724			false	TIMEOUT:1			
GenMC+CAAT-PSO	c/goblint-regression/28-race_reach_21-deref_read_racing.yml	1	goblint-regression	31073	711			false	ERROR (unsupported property: invalid memory access):1			
GenMC+CAAT-PSO	c/goblint-regression/28-race_reach_22-deref_read_racefree.yml	1	goblint-regression	31135	713			false	ERROR (unsupported property: invalid memory access):1			
GenMC+CAAT-PSO	c/goblint-regression/28-race_reach_23-sound_unlock_racing.yml	1	goblint-regression	31523	722			false	ERROR (unsupported external):1			
GenMC+CAAT-PSO	c/goblint-regression/28-race_reach_24-sound_lock_racing.yml	1	goblint-regression	31338	716			false	TIMEOUT:1			
GenMC+CAAT-PSO	c/goblint-regression/28-race_reach_27-funptr_racing.yml	1	goblint-regression	41297	920			false	TIMEOUT:1			
GenMC+CAAT-PSO	c/goblint-regression/28-race_reach_28-funptr_racefree.yml	1	goblint-regression	41302	920			false	TIMEOUT:1			
GenMC+CAAT-PSO	c/goblint-regression/28-race_reach_36-indirect_racefree.yml	1	goblint-regression	31210	715			false	TIMEOUT:1			
GenMC+CAAT-PSO	c/goblint-regression/28-race_reach_37-indirect_racing.yml	1	goblint-regression	31148	713			false	TIMEOUT:1			
GenMC+CAAT-PSO	c/goblint-regression/28-race_reach_40-trylock_racing.yml	1	goblint-regression	31333	716			false	ERROR (unsupported external):1			
GenMC+CAAT-PSO	c/goblint-regression/28-race_reach_41-trylock_racefree.yml	1	goblint-regression	31204	713			false	TIMEOUT:1			
GenMC+CAAT-PSO	c/goblint-regression/28-race_reach_42-trylock2_racefree.yml	1	goblint-regression	32046	724			false	TIMEOUT:1			
GenMC+CAAT-PSO	c/goblint-regression/28-race_reach_45-escape_racing.yml	1	goblint-regression	31190	715			true	false(unreach-call):1	0.150032065	0.068473286	26095616
GenMC+CAAT-PSO	c/goblint-regression/28-race_reach_46-escape_racefree.yml	1	goblint-regression	31190	715			true	true:1	0.088060612	0.066438758	26132480
GenMC+CAAT-PSO	c/goblint-regression/28-race_reach_51-mutexptr_racefree.yml	1	goblint-regression	31379	720			false	TIMEOUT:1			
GenMC+CAAT-PSO	c/goblint-regression/28-race_reach_60-invariant_racefree.yml	1	goblint-regression	31586	718			false	TIMEOUT:1			
GenMC+CAAT-PSO	c/goblint-regression/28-race_reach_61-invariant_racing.yml	1	goblint-regression	31583	720			false	TIMEOUT:1			
GenMC+CAAT-PSO	c/goblint-regression/28-race_reach_70-funloop_racefree.yml	1	goblint-regression	42641	959			false	TIMEOUT:1			
GenMC+CAAT-PSO	c/goblint-regression/28-race_reach_71-funloop_racing.yml	1	goblint-regression	43068	960			false	TIMEOUT:1			
GenMC+CAAT-PSO	c/goblint-regression/28-race_reach_72-funloop_hard_racing.yml	1	goblint-regression	43150	960			false	TIMEOUT:1			
GenMC+CAAT-PSO	c/goblint-regression/28-race_reach_73-funloop_hard_racefree.yml	1	goblint-regression	43150	960			false	TIMEOUT:1			
GenMC+CAAT-PSO	c/goblint-regression/28-race_reach_74-tricky_address1_racefree.yml	1	goblint-regression	43065	959			true	true:1	1.55962383	1.55616906	26144768
GenMC+CAAT-PSO	c/goblint-regression/28-race_reach_75-tricky_address2_racefree.yml	1	goblint-regression	43071	959			true	true:1	1.54371128	1.53804848	26255360
GenMC+CAAT-PSO	c/goblint-regression/28-race_reach_76-tricky_address3_racefree.yml	1	goblint-regression	43072	960			true	true:1	1.55099898	1.54736417	26165248
GenMC+CAAT-PSO	c/goblint-regression/28-race_reach_77-tricky_address4_racing.yml	1	goblint-regression	43077	960			true	true:1	1.54884997	1.5421467	26128384
GenMC+CAAT-PSO	c/goblint-regression/28-race_reach_78-equ_racing.yml	1	goblint-regression	48834	1042			false	TIMEOUT:1			
GenMC+CAAT-PSO	c/goblint-regression/28-race_reach_79-equ_racefree.yml	1	goblint-regression	48834	1042			false	TIMEOUT:1			
GenMC+CAAT-PSO	c/goblint-regression/28-race_reach_81-list_racing.yml	1	goblint-regression	48944	1047			false	OUT OF MEMORY:1			
GenMC+CAAT-PSO	c/goblint-regression/28-race_reach_82-list_racefree.yml	1	goblint-regression	49016	1049			false	OUT OF MEMORY:1			
GenMC+CAAT-PSO	c/goblint-regression/28-race_reach_83-list2_racing1.yml	1	goblint-regression	49909	1060			false	OUT OF MEMORY:1			
GenMC+CAAT-PSO	c/goblint-regression/28-race_reach_84-list2_racing2.yml	1	goblint-regression	49950	1062			false	OUT OF MEMORY:1			
GenMC+CAAT-PSO	c/goblint-regression/28-race_reach_85-list2_racefree.yml	1	goblint-regression	49909	1060			false	OUT OF MEMORY:1			
GenMC+CAAT-PSO	c/goblint-regression/28-race_reach_86-lists_racing.yml	1	goblint-regression	49342	1058			true	true:1	22.2711761	22.2533019	745689088
GenMC+CAAT-PSO	c/goblint-regression/28-race_reach_87-lists_racefree.yml	1	goblint-regression	49270	1056			true	true:1	19.5760346	19.5320564	743796736
GenMC+CAAT-PSO	c/goblint-regression/28-race_reach_90-arrayloop2_racing.yml	1	goblint-regression	50453	1085			true	true:1	10.8357557	10.8227135	98869248
GenMC+CAAT-PSO	c/goblint-regression/28-race_reach_91-arrayloop2_racefree.yml	1	goblint-regression	49272	1064			true	true:1	3.35296878	3.34466101	56086528
GenMC+CAAT-PSO	c/goblint-regression/28-race_reach_92-evilcollapse_racing.yml	1	goblint-regression	49575	1075			true	true:1	1.52363824	1.51765957	26349568
GenMC+CAAT-PSO	c/goblint-regression/28-race_reach_93-evilcollapse_racefree.yml	1	goblint-regression	49831	1085			true	true:1	1.52935988	1.52590653	26329088
GenMC+CAAT-PSO	c/goblint-regression/28-race_reach_94-alloc_region_racing.yml	1	goblint-regression	60259	1285			false	OUT OF MEMORY:1			
GenMC+CAAT-PSO	c/goblint-regression/36-apron_11-traces-max-simple_true.yml	1	goblint-regression	932	40			true	true:1	0.059028139	0.055793239	25972736
GenMC+CAAT-PSO	c/goblint-regression/36-apron_16-traces-unprot2_true.yml	1	goblint-regression	815	37			true	true:1	0.060729061	0.055068249	25985024
GenMC+CAAT-PSO	c/goblint-regression/36-apron_17-traces-rpb-litmus_unknown_1_neg.yml	1	goblint-regression	1260	50			true	false(unreach-call):1	0.0936579489	0.056195367	25993216
GenMC+CAAT-PSO	c/goblint-regression/36-apron_17-traces-rpb-litmus_unknown_1_pos.yml	1	goblint-regression	1257	50			true	true:1	0.076617258	0.05767677	25972736
GenMC+CAAT-PSO	c/goblint-regression/36-apron_21-traces-cluster-based_true.yml	1	goblint-regression	1930	81			true	true:1	0.088463168	0.071516841	26173440
GenMC+CAAT-PSO	c/goblint-regression/36-apron_22-traces-write-centered-vs-meet-mutex_true_no-overflow.yml	1	goblint-regression	1933	79			true	true:1	0.091236098	0.062386924	26058752
GenMC+CAAT-PSO	c/goblint-regression/36-apron_41-threadenter-no-locals_unknown_1_neg.yml	1	goblint-regression	750	30			true	true:1	0.067292031	0.054735145	25931776
GenMC+CAAT-PSO	c/goblint-regression/36-apron_41-threadenter-no-locals_unknown_1_pos.yml	1	goblint-regression	747	30			true	false(unreach-call):1	0.0705926929	0.063160246	25939968
GenMC+CAAT-PSO	c/ldv-linux-3.14-races/linux-3.14--drivers--media--platform--marvell-ccic--cafe_ccic.ko.cil-1.yml	1	ldv-linux-3.14-races	322870	12246			false	ERROR (compilation):1			
GenMC+CAAT-PSO	c/ldv-linux-3.14-races/linux-3.14--drivers--media--platform--marvell-ccic--cafe_ccic.ko.cil-2.yml	1	ldv-linux-3.14-races	323395	12256			false	SEGMENTATION FAULT:1			
GenMC+CAAT-PSO	c/ldv-linux-3.14-races/linux-3.14--drivers--net--irda--nsc-ircc.ko.cil.yml	1	ldv-linux-3.14-races	319158	12778			false	TIMEOUT:1			
GenMC+CAAT-PSO	c/ldv-linux-3.14-races/linux-3.14--drivers--net--irda--w83977af_ir.ko.cil.yml	1	ldv-linux-3.14-races	258590	10071			false	ABORTED:1			
GenMC+CAAT-PSO	c/ldv-linux-3.14-races/linux-3.14--drivers--spi--spi-tegra20-slink.ko.cil.yml	1	ldv-linux-3.14-races	180898	7111			false	TIMEOUT:1			
GenMC+CAAT-PSO	c/ldv-linux-3.14-races/linux-3.14--drivers--usb--misc--adutux.ko.cil.yml	1	ldv-linux-3.14-races	210550	8118			false	ABORTED:1			
GenMC+CAAT-PSO	c/ldv-races/race-1_1-join.yml	1	ldv-races	76847	1729			true	true:1	0.06709475	0.063398962	26185728
GenMC+CAAT-PSO	c/ldv-races/race-1_2-join.yml	1	ldv-races	77137	1738			true	false(unreach-call):1	0.0788194849	0.068322456	26300416
GenMC+CAAT-PSO	c/ldv-races/race-1_3-join.yml	1	ldv-races	77119	1738			true	false(unreach-call):1	0.069662254	0.06381879	26267648
GenMC+CAAT-PSO	c/ldv-races/race-2_1-container_of.yml	1	ldv-races	187978	3959			true	true:1	0.067787335	0.064949206	26361856
GenMC+CAAT-PSO	c/ldv-races/race-2_2-container_of.yml	1	ldv-races	188224	3967			true	true:1	0.0689806121	0.063519877	26357760
GenMC+CAAT-PSO	c/ldv-races/race-2_3-container_of.yml	1	ldv-races	188618	3979			true	true:1	0.139876521	0.066487718	26406912
GenMC+CAAT-PSO	c/ldv-races/race-2_4-container_of.yml	1	ldv-races	188607	3979			true	true:1	0.0706927279	0.063019203	26357760
GenMC+CAAT-PSO	c/ldv-races/race-2_5-container_of.yml	1	ldv-races	188601	3979			true	true:1	0.0680633411	0.060298244	26439680
GenMC+CAAT-PSO	c/ldv-races/race-3_1-container_of-global.yml	1	ldv-races	188000	3960			true	true:1	0.0678976399	0.062200742	26308608
GenMC+CAAT-PSO	c/ldv-races/race-3_2-container_of-global.yml	1	ldv-races	188302	3970			true	true:1	0.072231686	0.068549322	26390528
GenMC+CAAT-PSO	c/ldv-races/race-4_1-thread_local_vars.yml	1	ldv-races	78338	1800			true	true:1	0.07764859	0.064637742	26284032
GenMC+CAAT-PSO	c/libvsync/arraylock.yml	1	libvsync	197292	6084			true	true:1	0.133654696	0.12783741	27037696
GenMC+CAAT-PSO	c/libvsync/bounded_mpmc_check_full.yml	1	libvsync	196819	6055			true	true:1	0.233266606	0.229701753	27033600
GenMC+CAAT-PSO	c/libvsync/cnalock.yml	1	libvsync	197907	6100			false	ERROR (unsupported property: invalid memory access):1			
GenMC+CAAT-PSO	c/libvsync/hclhlock.yml	1	libvsync	199894	6151			false	ERROR (unsupported property: invalid memory access):1			
GenMC+CAAT-PSO	c/libvsync/hmcslock.yml	1	libvsync	202829	6211			false	ERROR (unsupported property: invalid memory access):1			
GenMC+CAAT-PSO	c/libvsync/mcslock.yml	1	libvsync	196470	6056			false	ERROR (unsupported property: invalid memory access):1			
GenMC+CAAT-PSO	c/libvsync/rec_mcslock.yml	1	libvsync	197915	6059			false	ERROR (unsupported property: invalid memory access):1			
GenMC+CAAT-PSO	c/libvsync/rec_ticketlock.yml	1	libvsync	197393	6043			false	OUT OF MEMORY:1			
GenMC+CAAT-PSO	c/libvsync/rwlock.yml	1	libvsync	197504	6119			false	TIMEOUT:1			
GenMC+CAAT-PSO	c/libvsync/semaphore.yml	1	libvsync	196124	6055			true	true:1	8.4536042	8.42848284	27009024
GenMC+CAAT-PSO	c/libvsync/ticketlock.yml	1	libvsync	195802	6037			false	OUT OF MEMORY:1			
GenMC+CAAT-PSO	c/libvsync/ttaslock.yml	1	libvsync	195314	6028			false	TIMEOUT:1			
GenMC+CAAT-PSO	c/pthread-C-DAC/pthread-demo-datarace-1.yml	1	pthread-C-DAC	58887	1359			false	TIMEOUT:1			
GenMC+CAAT-PSO	c/pthread-C-DAC/pthread-demo-datarace-3.yml	1	pthread-C-DAC	59412	1366			true	false(unreach-call):1	0.1522407	0.146943314	26099712
GenMC+CAAT-PSO	c/pthread-C-DAC/pthread-finding-k-matches.yml	1	pthread-C-DAC	60513	1414			true	true:1	1.38579145	1.36336749	41127936
GenMC+CAAT-PSO	c/pthread-C-DAC/pthread-numerical-integration.yml	1	pthread-C-DAC	61268	1415			true	true:1	0.066937322	0.06137984	26263552
GenMC+CAAT-PSO	c/pthread-atomic/dekker-unfair.yml	1	pthread-atomic	33417	787			true	true:1	0.074152099	0.066961442	26021888
GenMC+CAAT-PSO	c/pthread-atomic/dekker.yml	1	pthread-atomic	33410	787			true	true:1	0.07413745	0.066045272	26136576
GenMC+CAAT-PSO	c/pthread-atomic/lamport.yml	1	pthread-atomic	33120	793			true	true:1	0.09142364	0.082863291	26046464
GenMC+CAAT-PSO	c/pthread-atomic/peterson.yml	1	pthread-atomic	32707	759			true	true:1	0.070098465	0.063437071	25980928
GenMC+CAAT-PSO	c/pthread-atomic/read_write_lock-1.yml	1	pthread-atomic	30503	700			true	true:1	0.126999636	0.093728188	26279936
GenMC+CAAT-PSO	c/pthread-atomic/read_write_lock-2.yml	1	pthread-atomic	31700	758			true	false(unreach-call):1	1.19348708	1.11046062	26091520
GenMC+CAAT-PSO	c/pthread-atomic/szymanski.yml	1	pthread-atomic	32937	772			true	true:1	0.104532189	0.090306239	26091520
GenMC+CAAT-PSO	c/pthread-atomic/time_var_mutex.yml	1	pthread-atomic	30889	727			true	true:1	0.09340466	0.069336773	26169344
GenMC+CAAT-PSO	c/pthread-complex/bounded_buffer.yml	1	pthread-complex	72808	1686			false	ERROR (compilation):1			
GenMC+CAAT-PSO	c/pthread-complex/elimination_backoff_stack.yml	1	pthread-complex	65640	1622			true	true:1	36.4383503	36.411177	26554368
GenMC+CAAT-PSO	c/pthread-complex/safestack_relacy.yml	1	pthread-complex	76984	1763			false	TIMEOUT:1			
GenMC+CAAT-PSO	c/pthread-complex/workstealqueue_mutex-2.yml	1	pthread-complex	80765	1975			false	ERROR (unsupported property: uninitialized memory):1			
GenMC+CAAT-PSO	c/pthread-deagle/arithmetic_prog_bad.yml	1	pthread-deagle	39800	923			false	ERROR (compilation):1			
GenMC+CAAT-PSO	c/pthread-deagle/arithmetic_prog_ok.yml	1	pthread-deagle	39801	923			false	ERROR (compilation):1			
GenMC+CAAT-PSO	c/pthread-deagle/circular_buffer_bad.yml	1	pthread-deagle	31305	766			true	false(unreach-call):1	0.176283725	0.098302203	26148864
GenMC+CAAT-PSO	c/pthread-deagle/circular_buffer_ok.yml	1	pthread-deagle	31393	768			false	TIMEOUT:1			
GenMC+CAAT-PSO	c/pthread-divine/tls_basic.yml	1	pthread-divine	31285	724			false	ERROR (compilation):1			
GenMC+CAAT-PSO	c/pthread-divine/tls_destructor_worker.yml	1	pthread-divine	30825	716			false	ERROR (compilation):1			
GenMC+CAAT-PSO	c/pthread-driver-races/char_generic_nvram_nvram_unlocked_ioctl_write_nvram.yml	1	pthread-driver-races	224766	6872			true	true:1	0.149010506	0.145085835	29470720
GenMC+CAAT-PSO	c/pthread-driver-races/char_generic_nvram_read_nvram_nvram_unlocked_ioctl.yml	1	pthread-driver-races	224762	6872			true	true:1	0.147739789	0.14221876	29450240
GenMC+CAAT-PSO	c/pthread-driver-races/char_generic_nvram_read_nvram_write_nvram.yml	1	pthread-driver-races	225270	6894			true	true:1	0.146335169	0.141448974	29372416
GenMC+CAAT-PSO	c/pthread-driver-races/char_pc8736x_gpio_pc8736x_gpio_change_pc8736x_gpio_configure.yml	1	pthread-driver-races	231278	7078			true	true:1	0.158542773	0.152974644	29941760
GenMC+CAAT-PSO	c/pthread-driver-races/char_pc8736x_gpio_pc8736x_gpio_change_pc8736x_gpio_current.yml	1	pthread-driver-races	231514	7086			true	true:1	0.159950868	0.153653731	29847552
GenMC+CAAT-PSO	c/pthread-driver-races/char_pc8736x_gpio_pc8736x_gpio_change_pc8736x_gpio_get.yml	1	pthread-driver-races	231270	7079			true	true:1	0.160866429	0.158102638	29863936
GenMC+CAAT-PSO	c/pthread-driver-races/char_pc8736x_gpio_pc8736x_gpio_change_pc8736x_gpio_set.yml	1	pthread-driver-races	231502	7086			true	true:1	0.159398493	0.153760417	29847552
GenMC+CAAT-PSO	c/pthread-driver-races/char_pc8736x_gpio_pc8736x_gpio_configure_pc8736x_gpio_current.yml	1	pthread-driver-races	231282	7078			true	true:1	0.159671894	0.153547252	29949952
GenMC+CAAT-PSO	c/pthread-driver-races/char_pc8736x_gpio_pc8736x_gpio_configure_pc8736x_gpio_get.yml	1	pthread-driver-races	231282	7079			true	true:1	0.161995946	0.158136781	29847552
GenMC+CAAT-PSO	c/pthread-driver-races/char_pc8736x_gpio_pc8736x_gpio_configure_pc8736x_gpio_set.yml	1	pthread-driver-races	231270	7078			true	true:1	0.159338997	0.156040598	29908992
GenMC+CAAT-PSO	c/pthread-driver-races/char_pc8736x_gpio_pc8736x_gpio_current_pc8736x_gpio_get.yml	1	pthread-driver-races	231274	7079			true	true:1	0.160592464	0.155044719	29929472
GenMC+CAAT-PSO	c/pthread-driver-races/char_pc8736x_gpio_pc8736x_gpio_current_pc8736x_gpio_set.yml	1	pthread-driver-races	231506	7086			true	true:1	0.165732636	0.15840337	29933568
GenMC+CAAT-PSO	c/pthread-driver-races/char_pc8736x_gpio_pc8736x_gpio_get_pc8736x_gpio_set.yml	1	pthread-driver-races	231262	7079			true	true:1	0.158219043	0.154711254	29884416
GenMC+CAAT-PSO	c/pthread-driver-races/char_pc8736x_gpio_pc8736x_gpio_open_pc8736x_gpio_change.yml	1	pthread-driver-races	231258	7078			true	true:1	0.157637743	0.152064766	29949952
GenMC+CAAT-PSO	c/pthread-driver-races/char_pc8736x_gpio_pc8736x_gpio_open_pc8736x_gpio_configure.yml	1	pthread-driver-races	231270	7078			true	true:1	0.158199233	0.152737579	29913088
GenMC+CAAT-PSO	c/pthread-driver-races/char_pc8736x_gpio_pc8736x_gpio_open_pc8736x_gpio_current.yml	1	pthread-driver-races	231262	7078			true	true:1	0.163803894	0.158339107	29847552
GenMC+CAAT-PSO	c/pthread-driver-races/char_pc8736x_gpio_pc8736x_gpio_open_pc8736x_gpio_get.yml	1	pthread-driver-races	231262	7079			true	true:1	0.157976015	0.152340477	29896704
GenMC+CAAT-PSO	c/pthread-driver-races/char_pc8736x_gpio_pc8736x_gpio_open_pc8736x_gpio_set.yml	1	pthread-driver-races	231250	7078			true	true:1	0.15826816	0.154342841	29876224
GenMC+CAAT-PSO	c/pthread-ext/01b_inc.yml	1	pthread-ext	30901	708			true	true:1	0.135649196	0.068199997	25968640
GenMC+CAAT-PSO	c/pthread-ext/02_inc_cas.yml	1	pthread-ext	31027	737			true	true:1	0.088267213	0.065633511	26087424
GenMC+CAAT-PSO	c/pthread-ext/03_incdec.yml	1	pthread-ext	31380	727			true	true:1	0.132654671	0.068182563	26087424
GenMC+CAAT-PSO	c/pthread-ext/04_incdec_cas.yml	1	pthread-ext	31453	757			true	true:1	0.100302462	0.066862456	26038272
GenMC+CAAT-PSO	c/pthread-ext/08_rand_cas.yml	1	pthread-ext	31907	786			true	true:1	0.0961107981	0.069672458	26058752
GenMC+CAAT-PSO	c/pthread-ext/09_fmaxsym-zero.yml	1	pthread-ext	31003	718			true	true:1	0.111459606	0.069635257	25948160
GenMC+CAAT-PSO	c/pthread-ext/09_fmaxsym.yml	1	pthread-ext	31123	722			true	true:1	0.12085879	0.066134207	25960448
GenMC+CAAT-PSO	c/pthread-ext/11_fmaxsymopt-zero.yml	1	pthread-ext	31118	722			true	true:1	0.0993989999	0.068087901	26095616
GenMC+CAAT-PSO	c/pthread-ext/11_fmaxsymopt.yml	1	pthread-ext	31236	726			true	true:1	0.110016413	0.064757404	26087424
GenMC+CAAT-PSO	c/pthread-ext/14_spin2003.yml	1	pthread-ext	30571	699			true	true:1	0.119863539	0.065826113	25972736
GenMC+CAAT-PSO	c/pthread-ext/18_read_write_lock.yml	1	pthread-ext	31079	719			true	true:1	0.097852344	0.070412978	26087424
GenMC+CAAT-PSO	c/pthread-ext/25_stack.yml	1	pthread-ext	31872	767			false	OUT OF MEMORY:1			
GenMC+CAAT-PSO	c/pthread-ext/25_stack_longer-1.yml	1	pthread-ext	31887	767			true	false(unreach-call):1	0.109494728	0.07649928	26238976
GenMC+CAAT-PSO	c/pthread-ext/25_stack_longer-2.yml	1	pthread-ext	31884	767			false	OUT OF MEMORY:1			
GenMC+CAAT-PSO	c/pthread-ext/25_stack_longest-1.yml	1	pthread-ext	31885	767			false	OUT OF MEMORY:1			
GenMC+CAAT-PSO	c/pthread-ext/25_stack_longest-2.yml	1	pthread-ext	31888	767			true	false(unreach-call):1	0.174808265	0.12781648	26255360
GenMC+CAAT-PSO	c/pthread-ext/26_stack_cas.yml	1	pthread-ext	31775	794			false	OUT OF MEMORY:1			
GenMC+CAAT-PSO	c/pthread-ext/26_stack_cas_longer-1.yml	1	pthread-ext	31790	794			true	false(unreach-call):1	0.130441153	0.081358513	26423296
GenMC+CAAT-PSO	c/pthread-ext/26_stack_cas_longer-2.yml	1	pthread-ext	31787	794			false	OUT OF MEMORY:1			
GenMC+CAAT-PSO	c/pthread-ext/26_stack_cas_longest-1.yml	1	pthread-ext	31791	794			true	false(unreach-call):1	0.149087148	0.130325198	26476544
GenMC+CAAT-PSO	c/pthread-ext/26_stack_cas_longest-2.yml	1	pthread-ext	31788	794			false	OUT OF MEMORY:1			
GenMC+CAAT-PSO	c/pthread-ext/28_buggy_simple_loop1_vf.yml	1	pthread-ext	30423	705			false	TIMEOUT:1			
GenMC+CAAT-PSO	c/pthread-ext/29_conditionals_vs.yml	1	pthread-ext	30586	730			true	true:1	0.128827181	0.070042035	25993216
GenMC+CAAT-PSO	c/pthread-ext/31_simple_loop5_vs.yml	1	pthread-ext	30848	719			false	TIMEOUT:1			
GenMC+CAAT-PSO	c/pthread-ext/35_double_lock_p3_vs.yml	1	pthread-ext	31004	724			true	true:1	0.150574653	0.066235576	26091520
GenMC+CAAT-PSO	c/pthread-ext/36_stack_cas_p0_vs_concur.yml	1	pthread-ext	31030	741			true	true:1	26.9503059	23.5171069	26267648
GenMC+CAAT-PSO	c/pthread-ext/37_stack_lock_p0_vs_concur.yml	1	pthread-ext	31198	720			true	true:1	17.1761258	14.7849921	26214400
GenMC+CAAT-PSO	c/pthread-ext/39_rand_lock_p0_vs.yml	1	pthread-ext	31196	719			true	true:1	0.110353703	0.066474878	26079232
GenMC+CAAT-PSO	c/pthread-ext/40_barrier_vf.yml	1	pthread-ext	30960	710			false	ERROR (compilation):1			
GenMC+CAAT-PSO	c/pthread-ext/43_NetBSD_sysmon_power_sliced-pthread.yml	1	pthread-ext	33714	801			false	ERROR (compilation):1			
GenMC+CAAT-PSO	c/pthread-ext/43_NetBSD_sysmon_power_sliced.yml	1	pthread-ext	34081	817			true	true:1	0.087462272	0.074555432	26271744
GenMC+CAAT-PSO	c/pthread-ext/45_monabsex1_vs.yml	1	pthread-ext	30819	719			true	true:1	0.121027747	0.065981899	25948160
GenMC+CAAT-PSO	c/pthread-ext/46_monabsex2_vs.yml	1	pthread-ext	30796	719			true	true:1	0.085923908	0.064168853	26066944
GenMC+CAAT-PSO	c/pthread-ext/48_ticket_lock_low_contention_vs-pthread.yml	1	pthread-ext	30774	703			true	true:1	0.0882838031	0.063754017	25956352
GenMC+CAAT-PSO	c/pthread-ext/48_ticket_lock_low_contention_vs.yml	1	pthread-ext	31133	728			true	true:1	0.111661091	0.06987808	26091520
GenMC+CAAT-PSO	c/pthread-lit/qw2004-2b.yml	1	pthread-lit	31746	764			true	false(unreach-call):1	0.144243449	0.10832134	26095616
GenMC+CAAT-PSO	c/pthread-lit/sssc12.yml	1	pthread-lit	48611	1063			true	true:1	0.0661252	0.060508431	26136576
GenMC+CAAT-PSO	c/pthread-lit/sssc12_variant.yml	1	pthread-lit	48642	1064			true	true:1	0.06624037	0.060772483	26058752
GenMC+CAAT-PSO	c/pthread-race-challenges/thread-local-pthread-value.yml	1	pthread-race-challenges	49736	1086			false	ERROR (compilation):1			
GenMC+CAAT-PSO	c/pthread-race-challenges/thread-local-value-dynamic.yml	1	pthread-race-challenges	49714	1089			true	true:1	0.066349832	0.060949195	26128384
GenMC+CAAT-PSO	c/pthread-race-challenges/thread-local-value.yml	1	pthread-race-challenges	49564	1083			true	true:1	0.065980234	0.062561944	26054656
GenMC+CAAT-PSO	c/pthread-theta/exponential-4.yml	1	pthread-theta	33616	788			false	TIMEOUT:1			
GenMC+CAAT-PSO	c/pthread-theta/exponential-64.yml	1	pthread-theta	33617	788			false	TIMEOUT:1			
GenMC+CAAT-PSO	c/pthread-theta/exponential-nondet.yml	1	pthread-theta	33638	788			true	true:1	0.07271579	0.063186197	26087424
GenMC+CAAT-PSO	c/pthread-theta/unwind1-1.yml	1	pthread-theta	33605	780			true	true:1	0.075347058	0.063161013	26099712
GenMC+CAAT-PSO	c/pthread-theta/unwind1-100.yml	1	pthread-theta	33607	780			true	true:1	0.069782811	0.066085187	26091520
GenMC+CAAT-PSO	c/pthread-theta/unwind1-nondet.yml	1	pthread-theta	33627	780			true	true:1	0.076037287	0.065938663	26165248
GenMC+CAAT-PSO	c/pthread-theta/unwind2-1.yml	1	pthread-theta	33683	783			true	false(unreach-call):1	0.078993374	0.064674952	26112000
GenMC+CAAT-PSO	c/pthread-theta/unwind2-100.yml	1	pthread-theta	33685	783			true	false(unreach-call):1	0.0771796689	0.06595126	26185728
GenMC+CAAT-PSO	c/pthread-theta/unwind2-nondet.yml	1	pthread-theta	33705	783			true	true:1	0.072770798	0.063804037	26112000
GenMC+CAAT-PSO	c/pthread-theta/unwind3-1.yml	1	pthread-theta	33579	780			true	false(unreach-call):1	0.073327604	0.063391468	26075136
GenMC+CAAT-PSO	c/pthread-theta/unwind3-100.yml	1	pthread-theta	33581	780			false	TIMEOUT:1			
GenMC+CAAT-PSO	c/pthread-theta/unwind3-nondet.yml	1	pthread-theta	33601	780			true	true:1	0.068034765	0.062808054	26152960
GenMC+CAAT-PSO	c/pthread-theta/wsc.yml	1	pthread-theta	33980	804			true	true:1	0.087011939	0.080252521	26165248
GenMC+CAAT-PSO	c/pthread-wmm/mix000.oepc.yml	1	pthread-wmm	38207	851			true	false(unreach-call):1	1.9520875	1.92982647	26501120
GenMC+CAAT-PSO	c/pthread-wmm/mix000.opt.yml	1	pthread-wmm	37705	846			true	false(unreach-call):1	36.5538581	35.9676917	26472448
GenMC+CAAT-PSO	c/pthread-wmm/mix001.oepc.yml	1	pthread-wmm	39489	886			false	TIMEOUT:1			
GenMC+CAAT-PSO	c/pthread-wmm/mix001.opt.yml	1	pthread-wmm	38443	875			false	TIMEOUT:1			
GenMC+CAAT-PSO	c/pthread-wmm/mix002.oepc.yml	1	pthread-wmm	37832	877			false	TIMEOUT:1			
GenMC+CAAT-PSO	c/pthread-wmm/mix002.opt.yml	1	pthread-wmm	38526	880			false	TIMEOUT:1			
GenMC+CAAT-PSO	c/pthread-wmm/mix003.oepc.yml	1	pthread-wmm	37584	867			false	TIMEOUT:1			
GenMC+CAAT-PSO	c/pthread-wmm/mix003_power.opt_pso.opt_rmo.opt_tso.opt.yml	1	pthread-wmm	38308	870			false	TIMEOUT:1			
GenMC+CAAT-PSO	c/pthread-wmm/mix004.oepc.yml	1	pthread-wmm	38697	897			false	TIMEOUT:1			
GenMC+CAAT-PSO	c/pthread-wmm/mix004.opt.yml	1	pthread-wmm	38890	895			false	TIMEOUT:1			
GenMC+CAAT-PSO	c/pthread-wmm/mix005.opt.yml	1	pthread-wmm	38808	893			false	TIMEOUT:1			
GenMC+CAAT-PSO	c/pthread-wmm/mix005_power.oepc_pso.oepc_rmo.oepc.yml	1	pthread-wmm	38639	895			false	TIMEOUT:1			
GenMC+CAAT-PSO	c/pthread-wmm/mix005_tso.oepc.yml	1	pthread-wmm	38619	895			false	TIMEOUT:1			
GenMC+CAAT-PSO	c/pthread-wmm/mix006.opt.yml	1	pthread-wmm	38194	868			false	TIMEOUT:1			
GenMC+CAAT-PSO	c/pthread-wmm/mix006_power.oepc_pso.oepc_rmo.oepc.yml	1	pthread-wmm	37524	865			false	TIMEOUT:1			
GenMC+CAAT-PSO	c/pthread-wmm/mix006_tso.oepc.yml	1	pthread-wmm	44256	939			false	TIMEOUT:1			
GenMC+CAAT-PSO	c/pthread-wmm/mix007.oepc.yml	1	pthread-wmm	38615	895			false	TIMEOUT:1			
GenMC+CAAT-PSO	c/pthread-wmm/mix007.opt.yml	1	pthread-wmm	38808	893			false	TIMEOUT:1			
GenMC+CAAT-PSO	c/pthread-wmm/mix008.opt.yml	1	pthread-wmm	38718	891			false	TIMEOUT:1			
GenMC+CAAT-PSO	c/pthread-wmm/mix008_power.oepc_pso.oepc_rmo.oepc.yml	1	pthread-wmm	38549	893			false	TIMEOUT:1			
GenMC+CAAT-PSO	c/pthread-wmm/mix008_tso.oepc.yml	1	pthread-wmm	44859	965			false	TIMEOUT:1			
GenMC+CAAT-PSO	c/pthread-wmm/mix009.oepc.yml	1	pthread-wmm	36558	842			true	false(unreach-call):1	1.77703649	1.77053764	26349568
GenMC+CAAT-PSO	c/pthread-wmm/mix009.opt.yml	1	pthread-wmm	37796	851			false	TIMEOUT:1			
GenMC+CAAT-PSO	c/pthread-wmm/mix010.oepc.yml	1	pthread-wmm	37673	872			false	TIMEOUT:1			
GenMC+CAAT-PSO	c/pthread-wmm/mix010.opt.yml	1	pthread-wmm	38367	875			false	TIMEOUT:1			
GenMC+CAAT-PSO	c/pthread-wmm/mix011.opt.yml	1	pthread-wmm	38277	873			false	TIMEOUT:1			
GenMC+CAAT-PSO	c/pthread-wmm/mix011_power.oepc_pso.oepc_rmo.oepc.yml	1	pthread-wmm	37607	870			false	TIMEOUT:1			
GenMC+CAAT-PSO	c/pthread-wmm/mix011_tso.oepc.yml	1	pthread-wmm	37587	870			false	TIMEOUT:1			
GenMC+CAAT-PSO	c/pthread-wmm/mix012_power.oepc_power.opt_pso.oepc_rmo.oepc_rmo.opt_tso.oepc.yml	1	pthread-wmm	36361	832			true	false(unreach-call):1	1.36644516	1.30083443	26365952
GenMC+CAAT-PSO	c/pthread-wmm/mix012_pso.opt_tso.opt.yml	1	pthread-wmm	37560	841			true	false(unreach-call):1	13.635112	13.4333952	26447872
GenMC+CAAT-PSO	c/pthread-wmm/mix013.oepc.yml	1	pthread-wmm	38705	897			false	TIMEOUT:1			
GenMC+CAAT-PSO	c/pthread-wmm/mix013.opt.yml	1	pthread-wmm	38898	895			false	TIMEOUT:1			
GenMC+CAAT-PSO	c/pthread-wmm/mix014.opt.yml	1	pthread-wmm	38808	893			false	TIMEOUT:1			
GenMC+CAAT-PSO	c/pthread-wmm/mix014_power.oepc_pso.oepc_rmo.oepc.yml	1	pthread-wmm	38639	895			false	TIMEOUT:1			
GenMC+CAAT-PSO	c/pthread-wmm/mix014_tso.oepc.yml	1	pthread-wmm	44254	964			false	TIMEOUT:1			
GenMC+CAAT-PSO	c/pthread-wmm/mix015.oepc.yml	1	pthread-wmm	37673	872			false	TIMEOUT:1			
GenMC+CAAT-PSO	c/pthread-wmm/mix015.opt.yml	1	pthread-wmm	38367	875			false	TIMEOUT:1			
GenMC+CAAT-PSO	c/pthread-wmm/mix016.oepc.yml	1	pthread-wmm	37425	862			false	TIMEOUT:1			
GenMC+CAAT-PSO	c/pthread-wmm/mix016_power.opt_rmo.opt.yml	1	pthread-wmm	36980	858			false	TIMEOUT:1			
GenMC+CAAT-PSO	c/pthread-wmm/mix016_pso.opt_tso.opt.yml	1	pthread-wmm	38131	865			false	TIMEOUT:1			
GenMC+CAAT-PSO	c/pthread-wmm/mix017.oepc.yml	1	pthread-wmm	38540	892			false	TIMEOUT:1			
GenMC+CAAT-PSO	c/pthread-wmm/mix017_power.opt_rmo.opt.yml	1	pthread-wmm	37551	882			false	TIMEOUT:1			
GenMC+CAAT-PSO	c/pthread-wmm/mix017_pso.opt_tso.opt.yml	1	pthread-wmm	38745	890			false	TIMEOUT:1			
GenMC+CAAT-PSO	c/pthread-wmm/mix018.opt.yml	1	pthread-wmm	38643	888			false	TIMEOUT:1			
GenMC+CAAT-PSO	c/pthread-wmm/mix018_power.oepc_pso.oepc_rmo.oepc.yml	1	pthread-wmm	38474	890			false	TIMEOUT:1			
GenMC+CAAT-PSO	c/pthread-wmm/mix018_tso.oepc.yml	1	pthread-wmm	38454	890			false	TIMEOUT:1			
GenMC+CAAT-PSO	c/pthread-wmm/mix019.opt.yml	1	pthread-wmm	38029	863			false	TIMEOUT:1			
GenMC+CAAT-PSO	c/pthread-wmm/mix019_power.oepc_pso.oepc_rmo.oepc.yml	1	pthread-wmm	37359	860			false	TIMEOUT:1			
GenMC+CAAT-PSO	c/pthread-wmm/mix019_tso.oepc.yml	1	pthread-wmm	37339	860			false	TIMEOUT:1			
GenMC+CAAT-PSO	c/pthread-wmm/mix020.oepc.yml	1	pthread-wmm	38450	890			false	TIMEOUT:1			
GenMC+CAAT-PSO	c/pthread-wmm/mix020.opt.yml	1	pthread-wmm	38643	888			false	TIMEOUT:1			
GenMC+CAAT-PSO	c/pthread-wmm/mix021.opt.yml	1	pthread-wmm	38553	886			false	TIMEOUT:1			
GenMC+CAAT-PSO	c/pthread-wmm/mix021_power.oepc_pso.oepc_rmo.oepc.yml	1	pthread-wmm	38384	888			false	TIMEOUT:1			
GenMC+CAAT-PSO	c/pthread-wmm/mix021_tso.oepc.yml	1	pthread-wmm	37863	883			false	TIMEOUT:1			
GenMC+CAAT-PSO	c/pthread-wmm/mix022_power.oepc_power.opt_pso.oepc_pso.opt_rmo.oepc_rmo.opt.yml	1	pthread-wmm	36270	830			true	false(unreach-call):1	1.3357609	1.28309482	26390528
GenMC+CAAT-PSO	c/pthread-wmm/mix022_tso.yml	1	pthread-wmm	37916	843			true	false(unreach-call):1	13.2499021	13.1796391	26484736
GenMC+CAAT-PSO	c/pthread-wmm/mix023_power.oepc_pso.oepc_rmo.oepc.yml	1	pthread-wmm	38549	893			false	TIMEOUT:1			
GenMC+CAAT-PSO	c/pthread-wmm/mix023_power.opt_pso.opt_rmo.opt.yml	1	pthread-wmm	37544	883			false	TIMEOUT:1			
GenMC+CAAT-PSO	c/pthread-wmm/mix023_tso.yml	1	pthread-wmm	45856	975			false	TIMEOUT:1			
GenMC+CAAT-PSO	c/pthread-wmm/mix024_power.oepc_pso.oepc_rmo.oepc_tso.oepc_tso.opt.yml	1	pthread-wmm	37624	870			false	TIMEOUT:1			
GenMC+CAAT-PSO	c/pthread-wmm/mix024_power.opt_pso.opt_rmo.opt.yml	1	pthread-wmm	37146	866			false	TIMEOUT:1			
GenMC+CAAT-PSO	c/pthread-wmm/mix025_power.oepc_power.opt_pso.oepc_rmo.oepc_tso.oepc_tso.opt.yml	1	pthread-wmm	37386	860			false	TIMEOUT:1			
GenMC+CAAT-PSO	c/pthread-wmm/mix025_pso.opt_rmo.opt.yml	1	pthread-wmm	36888	856			false	TIMEOUT:1			
GenMC+CAAT-PSO	c/pthread-wmm/mix026.oepc.yml	1	pthread-wmm	38450	890			false	TIMEOUT:1			
GenMC+CAAT-PSO	c/pthread-wmm/mix026_power.opt_tso.opt.yml	1	pthread-wmm	38005	886			false	TIMEOUT:1			
GenMC+CAAT-PSO	c/pthread-wmm/mix026_pso.opt_rmo.opt.yml	1	pthread-wmm	37459	880			false	TIMEOUT:1			
GenMC+CAAT-PSO	c/pthread-wmm/mix027_power.oepc_pso.oepc_rmo.oepc.yml	1	pthread-wmm	38384	888			false	TIMEOUT:1			
GenMC+CAAT-PSO	c/pthread-wmm/mix027_power.opt_pso.opt_rmo.opt.yml	1	pthread-wmm	37379	878			false	TIMEOUT:1			
GenMC+CAAT-PSO	c/pthread-wmm/mix027_tso.yml	1	pthread-wmm	38359	888			false	TIMEOUT:1			
GenMC+CAAT-PSO	c/pthread-wmm/mix028_power.oepc_pso.oepc_rmo.oepc.yml	1	pthread-wmm	37269	858			false	TIMEOUT:1			
GenMC+CAAT-PSO	c/pthread-wmm/mix028_power.opt_pso.opt_rmo.opt.yml	1	pthread-wmm	37266	858			false	TIMEOUT:1			
GenMC+CAAT-PSO	c/pthread-wmm/mix028_tso.yml	1	pthread-wmm	38440	866			false	TIMEOUT:1			
GenMC+CAAT-PSO	c/pthread-wmm/mix029_power.oepc_pso.oepc_rmo.oepc_tso.oepc_tso.opt.yml	1	pthread-wmm	38401	888			false	TIMEOUT:1			
GenMC+CAAT-PSO	c/pthread-wmm/mix029_power.opt_pso.opt_rmo.opt.yml	1	pthread-wmm	37880	883			false	TIMEOUT:1			
GenMC+CAAT-PSO	c/pthread-wmm/mix030_power.oepc_pso.oepc_rmo.oepc.yml	1	pthread-wmm	38294	886			false	TIMEOUT:1			
GenMC+CAAT-PSO	c/pthread-wmm/mix030_power.opt_pso.opt_rmo.opt.yml	1	pthread-wmm	37790	881			false	TIMEOUT:1			
GenMC+CAAT-PSO	c/pthread-wmm/mix030_tso.yml	1	pthread-wmm	38964	889			false	TIMEOUT:1			
GenMC+CAAT-PSO	c/pthread-wmm/mix031.oepc.yml	1	pthread-wmm	36641	847			true	false(unreach-call):1	3.40538187	3.24108718	26312704
GenMC+CAAT-PSO	c/pthread-wmm/mix031.opt.yml	1	pthread-wmm	36182	843			false	TIMEOUT:1			
GenMC+CAAT-PSO	c/pthread-wmm/mix032.oepc.yml	1	pthread-wmm	37756	877			false	TIMEOUT:1			
GenMC+CAAT-PSO	c/pthread-wmm/mix032.opt.yml	1	pthread-wmm	36753	867			false	TIMEOUT:1			
GenMC+CAAT-PSO	c/pthread-wmm/mix033.opt.yml	1	pthread-wmm	36663	865			false	TIMEOUT:1			
GenMC+CAAT-PSO	c/pthread-wmm/mix033_power.oepc_pso.oepc_rmo.oepc.yml	1	pthread-wmm	37690	875			false	TIMEOUT:1			
GenMC+CAAT-PSO	c/pthread-wmm/mix033_tso.oepc.yml	1	pthread-wmm	37670	875			false	TIMEOUT:1			
GenMC+CAAT-PSO	c/pthread-wmm/mix034_power.oepc_power.opt_pso.oepc_rmo.oepc_rmo.opt_tso.oepc.yml	1	pthread-wmm	36444	837			true	false(unreach-call):1	2.44966826	2.4094105	26329088
GenMC+CAAT-PSO	c/pthread-wmm/mix034_pso.opt_tso.opt.yml	1	pthread-wmm	35946	833			true	false(unreach-call):1	23.8659515	23.5983475	26374144
GenMC+CAAT-PSO	c/pthread-wmm/mix035.oepc.yml	1	pthread-wmm	37508	867			false	TIMEOUT:1			
GenMC+CAAT-PSO	c/pthread-wmm/mix035_power.opt_rmo.opt.yml	1	pthread-wmm	37063	863			false	TIMEOUT:1			
GenMC+CAAT-PSO	c/pthread-wmm/mix035_pso.opt_tso.opt.yml	1	pthread-wmm	36517	857			false	TIMEOUT:1			
GenMC+CAAT-PSO	c/pthread-wmm/mix036.oepc.yml	1	pthread-wmm	38623	897			false	TIMEOUT:1			
GenMC+CAAT-PSO	c/pthread-wmm/mix036_power.opt_rmo.opt.yml	1	pthread-wmm	37634	887			false	TIMEOUT:1			
GenMC+CAAT-PSO	c/pthread-wmm/mix036_pso.opt_tso.opt.yml	1	pthread-wmm	37131	882			false	TIMEOUT:1			
GenMC+CAAT-PSO	c/pthread-wmm/mix037.opt.yml	1	pthread-wmm	37029	880			false	TIMEOUT:1			
GenMC+CAAT-PSO	c/pthread-wmm/mix037_power.oepc_pso.oepc_rmo.oepc.yml	1	pthread-wmm	38557	895			false	TIMEOUT:1			
GenMC+CAAT-PSO	c/pthread-wmm/mix037_tso.oepc.yml	1	pthread-wmm	38537	895			false	TIMEOUT:1			
GenMC+CAAT-PSO	c/pthread-wmm/mix038.opt.yml	1	pthread-wmm	36421	855			false	TIMEOUT:1			
GenMC+CAAT-PSO	c/pthread-wmm/mix038_power.oepc_pso.oepc_rmo.oepc.yml	1	pthread-wmm	37448	865			false	TIMEOUT:1			
GenMC+CAAT-PSO	c/pthread-wmm/mix038_tso.oepc.yml	1	pthread-wmm	37428	865			false	TIMEOUT:1			
GenMC+CAAT-PSO	c/pthread-wmm/mix039.oepc.yml	1	pthread-wmm	38541	895			false	TIMEOUT:1			
GenMC+CAAT-PSO	c/pthread-wmm/mix039.opt.yml	1	pthread-wmm	37037	880			false	TIMEOUT:1			
GenMC+CAAT-PSO	c/pthread-wmm/mix040.opt.yml	1	pthread-wmm	36947	878			false	TIMEOUT:1			
GenMC+CAAT-PSO	c/pthread-wmm/mix040_power.oepc_pso.oepc_rmo.oepc.yml	1	pthread-wmm	38475	893			false	TIMEOUT:1			
GenMC+CAAT-PSO	c/pthread-wmm/mix040_tso.oepc.yml	1	pthread-wmm	37954	888			false	TIMEOUT:1			
GenMC+CAAT-PSO	c/pthread-wmm/mix041_power.oepc_pso.oepc_rmo.oepc.yml	1	pthread-wmm	36331	835			true	false(unreach-call):1	2.41305322	2.38051971	26427392
GenMC+CAAT-PSO	c/pthread-wmm/mix041_power.opt_pso.opt_rmo.opt_tso.oepc_tso.opt.yml	1	pthread-wmm	36345	835			true	false(unreach-call):1	22.739026	22.6316862	26427392
GenMC+CAAT-PSO	c/pthread-wmm/mix042.oepc.yml	1	pthread-wmm	37424	865			false	TIMEOUT:1			
GenMC+CAAT-PSO	c/pthread-wmm/mix042.opt.yml	1	pthread-wmm	36922	860			false	TIMEOUT:1			
GenMC+CAAT-PSO	c/pthread-wmm/mix043.oepc.yml	1	pthread-wmm	38541	895			false	TIMEOUT:1			
GenMC+CAAT-PSO	c/pthread-wmm/mix043.opt.yml	1	pthread-wmm	37538	885			false	TIMEOUT:1			
GenMC+CAAT-PSO	c/pthread-wmm/mix044.opt.yml	1	pthread-wmm	37448	883			false	TIMEOUT:1			
GenMC+CAAT-PSO	c/pthread-wmm/mix044_power.oepc_pso.oepc_rmo.oepc.yml	1	pthread-wmm	38475	893			false	TIMEOUT:1			
GenMC+CAAT-PSO	c/pthread-wmm/mix044_tso.oepc.yml	1	pthread-wmm	38455	893			false	TIMEOUT:1			
GenMC+CAAT-PSO	c/pthread-wmm/mix045_power.oepc_pso.oepc_rmo.oepc.yml	1	pthread-wmm	37358	863			false	TIMEOUT:1			
GenMC+CAAT-PSO	c/pthread-wmm/mix045_power.opt_pso.opt_rmo.opt_tso.oepc_tso.opt.yml	1	pthread-wmm	36871	858			false	TIMEOUT:1			
GenMC+CAAT-PSO	c/pthread-wmm/mix046.oepc.yml	1	pthread-wmm	38451	893			false	TIMEOUT:1			
GenMC+CAAT-PSO	c/pthread-wmm/mix046.opt.yml	1	pthread-wmm	37448	883			false	TIMEOUT:1			
GenMC+CAAT-PSO	c/pthread-wmm/mix047_power.oepc_pso.oepc_rmo.oepc.yml	1	pthread-wmm	38385	891			false	TIMEOUT:1			
GenMC+CAAT-PSO	c/pthread-wmm/mix047_power.opt_pso.opt_rmo.opt_tso.oepc_tso.opt.yml	1	pthread-wmm	37397	881			false	TIMEOUT:1			
GenMC+CAAT-PSO	c/pthread-wmm/mix048_power.oepc_power.opt_pso.oepc_pso.opt_rmo.oepc_rmo.opt_tso.oepc_tso.opt-podwr000_power.oepc_power.opt_pso.oepc_pso.opt_rmo.oepc_rmo.opt_tso.oepc_tso.opt.yml	1	pthread-wmm	36297	827			true	false(unreach-call):1	0.655422406	0.633113952	26349568
GenMC+CAAT-PSO	c/pthread-wmm/mix049_power.oepc_power.opt_pso.oepc_pso.opt_rmo.oepc_rmo.opt_tso.oepc_tso.opt-podwr001_power.oepc_power.opt_pso.oepc_pso.opt_rmo.oepc_rmo.opt_tso.oepc_tso.opt.yml	1	pthread-wmm	37414	857			false	TIMEOUT:1			
GenMC+CAAT-PSO	c/pthread-wmm/mix050.yml	1	pthread-wmm	38378	887			false	TIMEOUT:1			
GenMC+CAAT-PSO	c/pthread-wmm/mix051_power.oepc_power.opt_pso.oepc_rmo.oepc.yml	1	pthread-wmm	38327	885			false	TIMEOUT:1			
GenMC+CAAT-PSO	c/pthread-wmm/mix051_pso.opt_rmo.opt_tso.opt.yml	1	pthread-wmm	36809	870			false	TIMEOUT:1			
GenMC+CAAT-PSO	c/pthread-wmm/mix051_tso.oepc.yml	1	pthread-wmm	38297	885			false	TIMEOUT:1			
GenMC+CAAT-PSO	c/pthread-wmm/mix052_power.oepc_power.opt_pso.oepc_rmo.oepc.yml	1	pthread-wmm	37210	855			false	TIMEOUT:1			
GenMC+CAAT-PSO	c/pthread-wmm/mix052_pso.opt_rmo.opt_tso.opt.yml	1	pthread-wmm	36193	845			false	TIMEOUT:1			
GenMC+CAAT-PSO	c/pthread-wmm/mix052_tso.oepc.yml	1	pthread-wmm	37180	855			false	TIMEOUT:1			
GenMC+CAAT-PSO	c/pthread-wmm/mix053.opt.yml	1	pthread-wmm	36699	868			false	TIMEOUT:1			
GenMC+CAAT-PSO	c/pthread-wmm/mix053_power.oepc_pso.oepc_rmo.oepc.yml	1	pthread-wmm	38227	883			false	TIMEOUT:1			
GenMC+CAAT-PSO	c/pthread-wmm/mix053_tso.oepc.yml	1	pthread-wmm	37706	878			false	TIMEOUT:1			
GenMC+CAAT-PSO	c/pthread-wmm/mix054_power.oepc_power.opt_pso.oepc_rmo.oepc.yml	1	pthread-wmm	36093	825			true	false(unreach-call):1	0.656866729	0.625560419	26308608
GenMC+CAAT-PSO	c/pthread-wmm/mix054_pso.opt_rmo.opt_tso.oepc_tso.opt.yml	1	pthread-wmm	36087	825			true	false(unreach-call):1	3.85295607	3.78484607	26345472
GenMC+CAAT-PSO	c/pthread-wmm/mix055.opt.yml	1	pthread-wmm	37200	873			false	TIMEOUT:1			
GenMC+CAAT-PSO	c/pthread-wmm/mix055_power.oepc_pso.oepc_rmo.oepc.yml	1	pthread-wmm	38227	883			false	TIMEOUT:1			
GenMC+CAAT-PSO	c/pthread-wmm/mix055_tso.oepc.yml	1	pthread-wmm	38207	883			false	TIMEOUT:1			
GenMC+CAAT-PSO	c/pthread-wmm/mix056_power.oepc_pso.oepc_rmo.oepc.yml	1	pthread-wmm	37110	853			false	TIMEOUT:1			
GenMC+CAAT-PSO	c/pthread-wmm/mix056_power.opt_pso.opt_rmo.opt_tso.oepc_tso.opt.yml	1	pthread-wmm	36623	848			false	TIMEOUT:1			
GenMC+CAAT-PSO	c/pthread-wmm/mix057_power.oepc_pso.oepc_rmo.oepc.yml	1	pthread-wmm	38137	881			false	TIMEOUT:1			
GenMC+CAAT-PSO	c/pthread-wmm/mix057_power.opt_pso.opt_rmo.opt_tso.oepc_tso.opt.yml	1	pthread-wmm	37149	871			false	TIMEOUT:1			
GenMC+CAAT-PSO	c/pthread-wmm/rfi000_power.oepc_pso.oepc_rmo.oepc.yml	1	pthread-wmm	39717	859			true	false(unreach-call):1	2.79224028	2.78793463	26632192
GenMC+CAAT-PSO	c/pthread-wmm/rfi000_power.opt_pso.opt_rmo.opt.yml	1	pthread-wmm	36320	833			true	false(unreach-call):1	23.094423	22.3869182	26402816
GenMC+CAAT-PSO	c/pthread-wmm/rfi000_tso.yml	1	pthread-wmm	39692	859			true	true:1	42.3926691	42.2534363	26599424
GenMC+CAAT-PSO	c/pthread-wmm/rfi001_power.oepc_pso.oepc_rmo.oepc.yml	1	pthread-wmm	36331	835			true	false(unreach-call):1	2.37924592	2.37401127	26288128
GenMC+CAAT-PSO	c/pthread-wmm/rfi001_power.opt_pso.opt_rmo.opt_tso.oepc_tso.opt.yml	1	pthread-wmm	36345	835			true	false(unreach-call):1	23.0315133	22.8539094	26468352
GenMC+CAAT-PSO	c/pthread-wmm/rfi002_power.oepc_power.opt_pso.oepc_pso.opt_rmo.oepc_rmo.opt.yml	1	pthread-wmm	40433	869			false	TIMEOUT:1			
GenMC+CAAT-PSO	c/pthread-wmm/rfi002_tso.yml	1	pthread-wmm	43661	914			false	TIMEOUT:1			
GenMC+CAAT-PSO	c/pthread-wmm/rfi003_power.oepc_power.opt_pso.oepc_pso.opt_rmo.oepc_rmo.opt.yml	1	pthread-wmm	36037	833			false	TIMEOUT:1			
GenMC+CAAT-PSO	c/pthread-wmm/rfi003_tso.yml	1	pthread-wmm	40339	868			false	TIMEOUT:1			
GenMC+CAAT-PSO	c/pthread-wmm/rfi004.yml	1	pthread-wmm	35990	835			false	TIMEOUT:1			
GenMC+CAAT-PSO	c/pthread-wmm/rfi005.yml	1	pthread-wmm	39665	867			true	false(unreach-call):1	0.0816502831	0.078802508	26578944
GenMC+CAAT-PSO	c/pthread-wmm/rfi006_power.oepc.yml	1	pthread-wmm	39504	872			true	false(unreach-call):1	0.0906881839	0.084574586	26664960
GenMC+CAAT-PSO	c/pthread-wmm/rfi006_power.opt.yml	1	pthread-wmm	39827	881			true	false(unreach-call):1	0.08363582	0.078431097	26550272
GenMC+CAAT-PSO	c/pthread-wmm/rfi006_pso.oepc_pso.opt_tso.oepc_tso.opt.yml	1	pthread-wmm	38984	868			false	TIMEOUT:1			
GenMC+CAAT-PSO	c/pthread-wmm/rfi006_rmo.yml	1	pthread-wmm	38611	871			true	false(unreach-call):1	0.0945087811	0.088096762	26488832
GenMC+CAAT-PSO	c/pthread-wmm/rfi007_power.oepc_power.opt_pso.oepc_pso.opt_rmo.oepc_rmo.opt.yml	1	pthread-wmm	36274	830			true	false(unreach-call):1	1.28883552	1.28208357	26394624
GenMC+CAAT-PSO	c/pthread-wmm/rfi007_tso.yml	1	pthread-wmm	37920	843			true	false(unreach-call):1	13.248802	13.1241716	26591232
GenMC+CAAT-PSO	c/pthread-wmm/rfi008.oepc.yml	1	pthread-wmm	38219	851			true	false(unreach-call):1	1.98844318	1.93091992	26521600
GenMC+CAAT-PSO	c/pthread-wmm/rfi008.opt.yml	1	pthread-wmm	37717	846			true	false(unreach-call):1	36.0613021	35.9795611	26472448
GenMC+CAAT-PSO	c/pthread-wmm/rfi009_power.oepc.yml	1	pthread-wmm	39594	874			true	false(unreach-call):1	0.09080626	0.085463302	26648576
GenMC+CAAT-PSO	c/pthread-wmm/rfi009_power.opt_pso.oepc_pso.opt_rmo.opt_tso.oepc_tso.opt.yml	1	pthread-wmm	38634	866			false	TIMEOUT:1			
GenMC+CAAT-PSO	c/pthread-wmm/rfi009_rmo.oepc.yml	1	pthread-wmm	38706	873			true	false(unreach-call):1	0.097025333	0.093693172	26497024
GenMC+CAAT-PSO	c/pthread-wmm/rfi010.yml	1	pthread-wmm	37604	843			true	false(unreach-call):1	35.6384921	35.3949786	26357760
GenMC+CAAT-PSO	c/pthread-wmm/safe000_power.oepc.yml	1	pthread-wmm	41703	890			true	false(unreach-call):1	0.0903271319	0.084624223	26808320
GenMC+CAAT-PSO	c/pthread-wmm/safe000_power.opt.yml	1	pthread-wmm	39090	877			false	TIMEOUT:1			
GenMC+CAAT-PSO	c/pthread-wmm/safe000_pso.oepc_pso.opt_tso.oepc_tso.opt.yml	1	pthread-wmm	32886	795			false	TIMEOUT:1			
GenMC+CAAT-PSO	c/pthread-wmm/safe000_rmo.yml	1	pthread-wmm	40810	889			true	false(unreach-call):1	0.088673915	0.082787629	26701824
GenMC+CAAT-PSO	c/pthread-wmm/safe001_power.oepc.yml	1	pthread-wmm	41613	888			true	false(unreach-call):1	0.0909624371	0.086839775	26771456
GenMC+CAAT-PSO	c/pthread-wmm/safe001_power.opt_pso.oepc_pso.opt_rmo.opt.yml	1	pthread-wmm	37199	853			false	TIMEOUT:1			
GenMC+CAAT-PSO	c/pthread-wmm/safe001_rmo.oepc.yml	1	pthread-wmm	40725	887			true	false(unreach-call):1	0.0866798051	0.081137625	26734592
GenMC+CAAT-PSO	c/pthread-wmm/safe001_tso.yml	1	pthread-wmm	32766	793			false	TIMEOUT:1			
GenMC+CAAT-PSO	c/pthread-wmm/safe002_power.oepc.yml	1	pthread-wmm	41703	890			true	false(unreach-call):1	0.093071214	0.087013046	26718208
GenMC+CAAT-PSO	c/pthread-wmm/safe002_power.opt_pso.oepc_pso.opt_rmo.opt.yml	1	pthread-wmm	36831	851			false	TIMEOUT:1			
GenMC+CAAT-PSO	c/pthread-wmm/safe002_rmo.oepc.yml	1	pthread-wmm	40815	889			true	false(unreach-call):1	0.0901592469	0.087115841	26705920
GenMC+CAAT-PSO	c/pthread-wmm/safe002_tso.yml	1	pthread-wmm	32856	795			false	TIMEOUT:1			
GenMC+CAAT-PSO	c/pthread-wmm/safe003_power.oepc_pso.oepc_pso.opt_rmo.oepc_rmo.opt.yml	1	pthread-wmm	40693	881			false	TIMEOUT:1			
GenMC+CAAT-PSO	c/pthread-wmm/safe003_power.opt.yml	1	pthread-wmm	39090	877			false	TIMEOUT:1			
GenMC+CAAT-PSO	c/pthread-wmm/safe003_tso.yml	1	pthread-wmm	32856	795			false	TIMEOUT:1			
GenMC+CAAT-PSO	c/pthread-wmm/safe004_power.oepc_pso.oepc_rmo.oepc.yml	1	pthread-wmm	40587	879			false	TIMEOUT:1			
GenMC+CAAT-PSO	c/pthread-wmm/safe004_power.opt_pso.opt_rmo.opt.yml	1	pthread-wmm	37190	853			false	TIMEOUT:1			
GenMC+CAAT-PSO	c/pthread-wmm/safe004_tso.yml	1	pthread-wmm	32766	793			false	TIMEOUT:1			
GenMC+CAAT-PSO	c/pthread-wmm/safe005_power.oepc_power.opt_pso.oepc_pso.opt_rmo.oepc_rmo.opt.yml	1	pthread-wmm	36907	853			false	TIMEOUT:1			
GenMC+CAAT-PSO	c/pthread-wmm/safe005_tso.yml	1	pthread-wmm	32912	797			false	TIMEOUT:1			
GenMC+CAAT-PSO	c/pthread-wmm/safe006_power.oepc-thin000_power.oepc.yml	1	pthread-wmm	37174	835			true	false(unreach-call):1	0.097698613	0.080573445	26365952
GenMC+CAAT-PSO	c/pthread-wmm/safe006_power.opt-thin000_power.opt.yml	1	pthread-wmm	37919	847			true	false(unreach-call):1	5.85477836	4.92111905	26439680
GenMC+CAAT-PSO	c/pthread-wmm/safe006_pso.oepc_pso.opt_tso.oepc_tso.opt-thin000_pso.oepc_pso.opt_tso.oepc_tso.opt.yml	1	pthread-wmm	32399	775			true	true:1	2.66770676	2.42706239	26091520
GenMC+CAAT-PSO	c/pthread-wmm/safe006_rmo.oepc_rmo.opt-thin000_rmo.oepc_rmo.opt.yml	1	pthread-wmm	36300	834			true	false(unreach-call):1	0.084763294	0.07575898	26288128
GenMC+CAAT-PSO	c/pthread-wmm/safe007_power.oepc-thin001_power.oepc.yml	1	pthread-wmm	37835	861			true	false(unreach-call):1	0.160773302	0.087992345	26427392
GenMC+CAAT-PSO	c/pthread-wmm/safe007_power.opt-thin001_power.opt.yml	1	pthread-wmm	38615	874			false	TIMEOUT:1			
GenMC+CAAT-PSO	c/pthread-wmm/safe007_pso.oepc_pso.opt_tso.oepc_tso.opt-thin001_pso.oepc_pso.opt_tso.oepc_tso.opt.yml	1	pthread-wmm	32936	797			false	TIMEOUT:1			
GenMC+CAAT-PSO	c/pthread-wmm/safe007_rmo.oepc_rmo.opt-thin001_rmo.oepc_rmo.opt.yml	1	pthread-wmm	36961	860			true	false(unreach-call):1	0.0962698441	0.083776418	26365952
GenMC+CAAT-PSO	c/pthread-wmm/safe008_power.oepc_pso.oepc_pso.opt_rmo.oepc_rmo.opt.yml	1	pthread-wmm	37217	855			false	TIMEOUT:1			
GenMC+CAAT-PSO	c/pthread-wmm/safe008_power.opt.yml	1	pthread-wmm	39008	877			false	TIMEOUT:1			
GenMC+CAAT-PSO	c/pthread-wmm/safe008_tso.yml	1	pthread-wmm	32774	795			false	TIMEOUT:1			
GenMC+CAAT-PSO	c/pthread-wmm/safe009_power.oepc.yml	1	pthread-wmm	39841	872			true	false(unreach-call):1	0.086546861	0.083703942	26697728
GenMC+CAAT-PSO	c/pthread-wmm/safe009_power.opt.yml	1	pthread-wmm	38925	872			false	TIMEOUT:1			
GenMC+CAAT-PSO	c/pthread-wmm/safe009_pso.oepc_pso.opt_tso.oepc_tso.opt.yml	1	pthread-wmm	32721	790			false	TIMEOUT:1			
GenMC+CAAT-PSO	c/pthread-wmm/safe009_rmo.oepc.yml	1	pthread-wmm	38953	871			true	false(unreach-call):1	0.09644727	0.090502401	26632192
GenMC+CAAT-PSO	c/pthread-wmm/safe009_rmo.opt.yml	1	pthread-wmm	37713	862			false	TIMEOUT:1			
GenMC+CAAT-PSO	c/pthread-wmm/safe010_power.oepc_power.opt_pso.oepc_pso.opt_rmo.oepc_rmo.opt.yml	1	pthread-wmm	36110	825			true	false(unreach-call):1	0.559349803	0.544842357	26427392
GenMC+CAAT-PSO	c/pthread-wmm/safe010_tso.yml	1	pthread-wmm	32237	773			true	true:1	2.41851193	2.35483433	26005504
GenMC+CAAT-PSO	c/pthread-wmm/safe011_power.oepc_pso.oepc_rmo.oepc_rmo.opt.yml	1	pthread-wmm	37119	853			false	TIMEOUT:1			
GenMC+CAAT-PSO	c/pthread-wmm/safe011_power.opt_pso.opt.yml	1	pthread-wmm	37100	853			false	TIMEOUT:1			
GenMC+CAAT-PSO	c/pthread-wmm/safe011_tso.yml	1	pthread-wmm	32684	793			false	TIMEOUT:1			
GenMC+CAAT-PSO	c/pthread-wmm/safe012_power.oepc.yml	1	pthread-wmm	37816	861			true	false(unreach-call):1	0.103209411	0.084682271	26411008
GenMC+CAAT-PSO	c/pthread-wmm/safe012_power.opt.yml	1	pthread-wmm	38597	874			false	TIMEOUT:1			
GenMC+CAAT-PSO	c/pthread-wmm/safe012_pso.oepc_pso.opt_rmo.opt.yml	1	pthread-wmm	36829	853			false	TIMEOUT:1			
GenMC+CAAT-PSO	c/pthread-wmm/safe012_rmo.oepc.yml	1	pthread-wmm	36928	860			true	false(unreach-call):1	0.0903517461	0.083971273	26451968
GenMC+CAAT-PSO	c/pthread-wmm/safe012_tso.yml	1	pthread-wmm	32864	797			false	TIMEOUT:1			
GenMC+CAAT-PSO	c/pthread-wmm/safe013_power.oepc_power.opt_pso.oepc_pso.opt_rmo.oepc_rmo.opt.yml	1	pthread-wmm	36825	853			false	TIMEOUT:1			
GenMC+CAAT-PSO	c/pthread-wmm/safe013_tso.yml	1	pthread-wmm	32830	797			false	TIMEOUT:1			
GenMC+CAAT-PSO	c/pthread-wmm/safe014_power.oepc.yml	1	pthread-wmm	37808	859			true	false(unreach-call):1	0.097234396	0.084354793	26394624
GenMC+CAAT-PSO	c/pthread-wmm/safe014_power.opt.yml	1	pthread-wmm	38131	868			true	false(unreach-call):1	0.097582396	0.085638607	26451968
GenMC+CAAT-PSO	c/pthread-wmm/safe014_pso.oepc_pso.opt_tso.oepc_tso.opt.yml	1	pthread-wmm	32886	795			false	TIMEOUT:1			
GenMC+CAAT-PSO	c/pthread-wmm/safe014_rmo.oepc.yml	1	pthread-wmm	36920	858			true	false(unreach-call):1	0.092292213	0.081065656	26361856
GenMC+CAAT-PSO	c/pthread-wmm/safe014_rmo.opt.yml	1	pthread-wmm	40814	889			false	TIMEOUT:1			
GenMC+CAAT-PSO	c/pthread-wmm/safe015_power.oepc.yml	1	pthread-wmm	42317	908			true	false(unreach-call):1	0.0829363969	0.077086453	26804224
GenMC+CAAT-PSO	c/pthread-wmm/safe015_power.opt.yml	1	pthread-wmm	41668	890			false	TIMEOUT:1			
GenMC+CAAT-PSO	c/pthread-wmm/safe015_pso.oepc_pso.opt_tso.oepc_tso.opt.yml	1	pthread-wmm	32852	795			false	TIMEOUT:1			
GenMC+CAAT-PSO	c/pthread-wmm/safe015_rmo.yml	1	pthread-wmm	40776	889			false	TIMEOUT:1			
GenMC+CAAT-PSO	c/pthread-wmm/safe016_power.oepc.yml	1	pthread-wmm	40329	891			true	false(unreach-call):1	0.0884403631	0.082607652	26697728
GenMC+CAAT-PSO	c/pthread-wmm/safe016_power.opt.yml	1	pthread-wmm	41287	900			false	TIMEOUT:1			
GenMC+CAAT-PSO	c/pthread-wmm/safe016_pso.oepc_pso.opt_tso.oepc_tso.opt.yml	1	pthread-wmm	33085	805			false	TIMEOUT:1			
GenMC+CAAT-PSO	c/pthread-wmm/safe016_rmo.oepc.yml	1	pthread-wmm	39441	890			true	false(unreach-call):1	0.094791205	0.085146072	26669056
GenMC+CAAT-PSO	c/pthread-wmm/safe016_rmo.opt.yml	1	pthread-wmm	40399	899			false	TIMEOUT:1			
GenMC+CAAT-PSO	c/pthread-wmm/safe017_power.oepc_power.opt_pso.oepc_pso.opt_rmo.oepc_rmo.opt.yml	1	pthread-wmm	37054	848			true	false(unreach-call):1	61.1750805	59.5067193	26447872
GenMC+CAAT-PSO	c/pthread-wmm/safe017_tso.yml	1	pthread-wmm	32601	788			false	TIMEOUT:1			
GenMC+CAAT-PSO	c/pthread-wmm/safe018_power.oepc.yml	1	pthread-wmm	37733	856			true	false(unreach-call):1	0.111926082	0.084994989	26419200
GenMC+CAAT-PSO	c/pthread-wmm/safe018_power.opt.yml	1	pthread-wmm	40254	883			false	TIMEOUT:1			
GenMC+CAAT-PSO	c/pthread-wmm/safe018_pso.oepc_pso.opt_tso.oepc_tso.opt.yml	1	pthread-wmm	32811	792			false	TIMEOUT:1			
GenMC+CAAT-PSO	c/pthread-wmm/safe018_rmo.oepc.yml	1	pthread-wmm	36845	855			true	false(unreach-call):1	0.148145111	0.081810846	26341376
GenMC+CAAT-PSO	c/pthread-wmm/safe018_rmo.opt.yml	1	pthread-wmm	39042	873			false	TIMEOUT:1			
GenMC+CAAT-PSO	c/pthread-wmm/safe019_power.oepc.yml	1	pthread-wmm	40419	893			true	false(unreach-call):1	0.0881015509	0.082134756	26648576
GenMC+CAAT-PSO	c/pthread-wmm/safe019_power.opt.yml	1	pthread-wmm	41278	908			false	TIMEOUT:1			
GenMC+CAAT-PSO	c/pthread-wmm/safe019_pso.oepc_pso.opt_tso.oepc_tso.opt.yml	1	pthread-wmm	33175	807			false	TIMEOUT:1			
GenMC+CAAT-PSO	c/pthread-wmm/safe019_rmo.oepc.yml	1	pthread-wmm	39531	892			true	false(unreach-call):1	0.090881312	0.085595246	26664960
GenMC+CAAT-PSO	c/pthread-wmm/safe019_rmo.opt.yml	1	pthread-wmm	40031	897			false	TIMEOUT:1			
GenMC+CAAT-PSO	c/pthread-wmm/safe020_power.yml	1	pthread-wmm	40216	883			false	TIMEOUT:1			
GenMC+CAAT-PSO	c/pthread-wmm/safe020_pso.oepc_pso.opt_tso.oepc_tso.opt.yml	1	pthread-wmm	32777	792			false	TIMEOUT:1			
GenMC+CAAT-PSO	c/pthread-wmm/safe020_rmo.yml	1	pthread-wmm	39004	873			false	TIMEOUT:1			
GenMC+CAAT-PSO	c/pthread-wmm/safe021_power.oepc_pso.oepc_rmo.oepc_rmo.opt.yml	1	pthread-wmm	37209	855			false	TIMEOUT:1			
GenMC+CAAT-PSO	c/pthread-wmm/safe021_power.opt_pso.opt.yml	1	pthread-wmm	37190	855			false	TIMEOUT:1			
GenMC+CAAT-PSO	c/pthread-wmm/safe021_tso.yml	1	pthread-wmm	32774	795			false	TIMEOUT:1			
GenMC+CAAT-PSO	c/pthread-wmm/safe022_power.oepc_power.opt_pso.oepc_pso.opt_rmo.oepc_rmo.opt.yml	1	pthread-wmm	36200	827			true	false(unreach-call):1	0.632921748	0.626816743	26415104
GenMC+CAAT-PSO	c/pthread-wmm/safe022_tso.yml	1	pthread-wmm	32327	775			true	true:1	2.56064264	2.40614749	26009600
GenMC+CAAT-PSO	c/pthread-wmm/safe023_power.oepc_power.opt_pso.oepc_pso.opt_rmo.oepc_rmo.opt.yml	1	pthread-wmm	41303	889			false	TIMEOUT:1			
GenMC+CAAT-PSO	c/pthread-wmm/safe023_tso.yml	1	pthread-wmm	32912	797			false	TIMEOUT:1			
GenMC+CAAT-PSO	c/pthread-wmm/safe024_power.oepc_power.opt_pso.oepc_pso.opt_rmo.oepc_rmo.opt.yml	1	pthread-wmm	36915	855			false	TIMEOUT:1			
GenMC+CAAT-PSO	c/pthread-wmm/safe024_tso.yml	1	pthread-wmm	32920	799			false	TIMEOUT:1			
GenMC+CAAT-PSO	c/pthread-wmm/safe025_power.yml	1	pthread-wmm	42402	910			true	false(unreach-call):1	0.083118859	0.078205059	26779648
GenMC+CAAT-PSO	c/pthread-wmm/safe025_pso.oepc_pso.opt_tso.oepc_tso.opt.yml	1	pthread-wmm	32942	797			false	TIMEOUT:1			
GenMC+CAAT-PSO	c/pthread-wmm/safe025_rmo.yml	1	pthread-wmm	40866	891			false	TIMEOUT:1			
GenMC+CAAT-PSO	c/pthread-wmm/safe026_power.oepc_power.opt_pso.oepc_pso.opt_rmo.oepc_rmo.opt.yml	1	pthread-wmm	37144	850			false	TIMEOUT:1			
GenMC+CAAT-PSO	c/pthread-wmm/safe026_tso.yml	1	pthread-wmm	32691	790			false	TIMEOUT:1			
GenMC+CAAT-PSO	c/pthread-wmm/safe027_power.oepc.yml	1	pthread-wmm	40008	890			true	false(unreach-call):1	0.0862045221	0.080751385	26648576
GenMC+CAAT-PSO	c/pthread-wmm/safe027_power.opt.yml	1	pthread-wmm	41368	910			false	TIMEOUT:1			
GenMC+CAAT-PSO	c/pthread-wmm/safe027_pso.oepc_pso.opt_tso.oepc_tso.opt.yml	1	pthread-wmm	33265	809			false	TIMEOUT:1			
GenMC+CAAT-PSO	c/pthread-wmm/safe027_rmo.yml	1	pthread-wmm	39115	889			true	false(unreach-call):1	0.089423503	0.084245876	26476544
GenMC+CAAT-PSO	c/pthread-wmm/safe028_power.yml	1	pthread-wmm	40306	885			false	TIMEOUT:1			
GenMC+CAAT-PSO	c/pthread-wmm/safe028_pso.oepc_pso.opt_tso.oepc_tso.opt.yml	1	pthread-wmm	32867	794			false	TIMEOUT:1			
GenMC+CAAT-PSO	c/pthread-wmm/safe028_rmo.yml	1	pthread-wmm	39094	875			false	TIMEOUT:1			
GenMC+CAAT-PSO	c/pthread-wmm/safe029_power.oepc_pso.oepc_rmo.oepc.yml	1	pthread-wmm	35994	823			true	false(unreach-call):1	0.538536428	0.533319399	26431488
GenMC+CAAT-PSO	c/pthread-wmm/safe029_power.opt_pso.opt_rmo.opt.yml	1	pthread-wmm	35991	823			true	false(unreach-call):1	3.77022588	3.76226633	26406912
GenMC+CAAT-PSO	c/pthread-wmm/safe029_tso.yml	1	pthread-wmm	32147	771			true	true:1	2.45008179	2.31705318	26005504
GenMC+CAAT-PSO	c/pthread-wmm/safe030_power.oepc_pso.oepc_rmo.oepc.yml	1	pthread-wmm	37021	851			false	TIMEOUT:1			
GenMC+CAAT-PSO	c/pthread-wmm/safe030_power.opt_pso.opt_rmo.opt.yml	1	pthread-wmm	36517	846			false	TIMEOUT:1			
GenMC+CAAT-PSO	c/pthread-wmm/safe030_tso.yml	1	pthread-wmm	32594	791			false	TIMEOUT:1			
GenMC+CAAT-PSO	c/pthread-wmm/safe031_power.oepc_pso.oepc_rmo.oepc.yml	1	pthread-wmm	36709	851			false	TIMEOUT:1			
GenMC+CAAT-PSO	c/pthread-wmm/safe031_power.opt_pso.opt_rmo.opt.yml	1	pthread-wmm	36663	850			false	TIMEOUT:1			
GenMC+CAAT-PSO	c/pthread-wmm/safe031_tso.yml	1	pthread-wmm	32740	795			false	TIMEOUT:1			
GenMC+CAAT-PSO	c/pthread-wmm/safe032_power.oepc_power.opt_pso.oepc_pso.opt_rmo.oepc_rmo.opt.yml	1	pthread-wmm	40768	884			false	TIMEOUT:1			
GenMC+CAAT-PSO	c/pthread-wmm/safe032_tso.yml	1	pthread-wmm	32878	797			false	TIMEOUT:1			
GenMC+CAAT-PSO	c/pthread-wmm/safe033_power.oepc_power.opt_pso.oepc_pso.opt_rmo.oepc_rmo.opt.yml	1	pthread-wmm	35708	823			true	false(unreach-call):1	10.0883444	9.94553374	26284032
GenMC+CAAT-PSO	c/pthread-wmm/safe033_tso.yml	1	pthread-wmm	32293	775			true	true:1	5.84072915	5.60227211	26095616
GenMC+CAAT-PSO	c/pthread-wmm/safe034_power.oepc_power.opt_pso.oepc_pso.opt_rmo.oepc_rmo.opt.yml	1	pthread-wmm	36337	849			false	TIMEOUT:1			
GenMC+CAAT-PSO	c/pthread-wmm/safe034_tso.yml	1	pthread-wmm	32886	799			false	TIMEOUT:1			
GenMC+CAAT-PSO	c/pthread-wmm/safe035_power.yml	1	pthread-wmm	43232	904			false	TIMEOUT:1			
GenMC+CAAT-PSO	c/pthread-wmm/safe035_pso.oepc_pso.opt_rmo.oepc_rmo.opt_tso.oepc_tso.opt.yml	1	pthread-wmm	33071	801			false	TIMEOUT:1			
GenMC+CAAT-PSO	c/pthread-wmm/safe036.yml	1	pthread-wmm	32435	779			true	true:1	16.5082412	16.1779228	26087424
GenMC+CAAT-PSO	c/pthread-wmm/safe037.yml	1	pthread-wmm	33028	803			false	TIMEOUT:1			
GenMC+CAAT-PSO	c/pthread-wmm/thin002_power.oepc.yml	1	pthread-wmm	38477	887			true	false(unreach-call):1	0.101884475	0.088789994	26398720
GenMC+CAAT-PSO	c/pthread-wmm/thin002_power.opt.yml	1	pthread-wmm	39293	901			false	TIMEOUT:1			
GenMC+CAAT-PSO	c/pthread-wmm/thin002_pso.oepc_pso.opt_tso.oepc_tso.opt.yml	1	pthread-wmm	33431	819			false	TIMEOUT:1			
GenMC+CAAT-PSO	c/pthread-wmm/thin002_rmo.yml	1	pthread-wmm	37584	886			true	false(unreach-call):1	0.09106923	0.087007697	26423296
GenMC+CAAT-PSO	c/pthread/bigshot_s.yml	1	pthread	55602	1128			true	true:1	0.069479141	0.065537065	26132480
GenMC+CAAT-PSO	c/pthread/bigshot_s2.yml	1	pthread	55597	1128			true	true:1	0.067533465	0.062460912	26140672
GenMC+CAAT-PSO	c/pthread/butterfly.yml	1	pthread	33848	806			true	true:1	33.1160108	32.8239636	26169344
GenMC+CAAT-PSO	c/pthread/fib_safe-10.yml	1	pthread	31319	728			false	TIMEOUT:1			
GenMC+CAAT-PSO	c/pthread/fib_safe-11.yml	1	pthread	31319	728			false	TIMEOUT:1			
GenMC+CAAT-PSO	c/pthread/fib_safe-12.yml	1	pthread	31319	728			false	TIMEOUT:1			
GenMC+CAAT-PSO	c/pthread/fib_safe-5.yml	1	pthread	31317	728			false	TIMEOUT:1			
GenMC+CAAT-PSO	c/pthread/fib_safe-6.yml	1	pthread	31317	728			false	TIMEOUT:1			
GenMC+CAAT-PSO	c/pthread/fib_safe-7.yml	1	pthread	31317	728			false	TIMEOUT:1			
GenMC+CAAT-PSO	c/pthread/fib_unsafe-10.yml	1	pthread	31319	728			false	TIMEOUT:1			
GenMC+CAAT-PSO	c/pthread/fib_unsafe-11.yml	1	pthread	31319	728			false	TIMEOUT:1			
GenMC+CAAT-PSO	c/pthread/fib_unsafe-12.yml	1	pthread	31319	728			false	TIMEOUT:1			
GenMC+CAAT-PSO	c/pthread/fib_unsafe-5.yml	1	pthread	31317	728			true	false(unreach-call):1	17.8416309	15.7321773	26005504
GenMC+CAAT-PSO	c/pthread/fib_unsafe-6.yml	1	pthread	31317	728			false	TIMEOUT:1			
GenMC+CAAT-PSO	c/pthread/fib_unsafe-7.yml	1	pthread	31317	728			false	TIMEOUT:1			
GenMC+CAAT-PSO	c/pthread/lazy01.yml	1	pthread	31389	739			true	false(unreach-call):1	0.128147017	0.068659578	26124288
GenMC+CAAT-PSO	c/pthread/queue.yml	1	pthread	44025	1068			true	false(unreach-call):1	1.18060276	1.17273329	26292224
GenMC+CAAT-PSO	c/pthread/queue_longer.yml	1	pthread	44020	1067			false	TIMEOUT:1			
GenMC+CAAT-PSO	c/pthread/queue_longest.yml	1	pthread	44020	1067			false	TIMEOUT:1			
GenMC+CAAT-PSO	c/pthread/queue_ok.yml	1	pthread	43780	1057			true	true:1	0.083145086	0.077026529	26263552
GenMC+CAAT-PSO	c/pthread/queue_ok_longer.yml	1	pthread	43782	1057			true	true:1	4.32317215	4.31010883	116969472
GenMC+CAAT-PSO	c/pthread/queue_ok_longest.yml	1	pthread	43790	1057			true	true:1	21.9648633	21.9513512	472473600
GenMC+CAAT-PSO	c/pthread/reorder_2.yml	1	pthread	60275	1310			true	false(unreach-call):1	0.664305996	0.655080834	26271744
GenMC+CAAT-PSO	c/pthread/reorder_5.yml	1	pthread	59811	1302			true	false(unreach-call):1	33.4386839	33.4155903	26157056
GenMC+CAAT-PSO	c/pthread/singleton.yml	1	pthread	56401	1166			true	false(unreach-call):1	0.0740152299	0.070555641	26234880
GenMC+CAAT-PSO	c/pthread/singleton_with-uninit-problems.yml	1	pthread	56437	1166			true	true:1	0.076517456	0.069111903	26218496
GenMC+CAAT-PSO	c/pthread/stack-1.yml	1	pthread	42807	1027			true	true:1	0.067858031	0.065082589	26157056
GenMC+CAAT-PSO	c/pthread/stack-2.yml	1	pthread	42825	1028			true	true:1	0.0660839819	0.060931517	26132480
GenMC+CAAT-PSO	c/pthread/stack_longer-1.yml	1	pthread	42838	1026			false	TIMEOUT:1			
GenMC+CAAT-PSO	c/pthread/stack_longer-2.yml	1	pthread	42822	1026			false	TIMEOUT:1			
GenMC+CAAT-PSO	c/pthread/stack_longest-1.yml	1	pthread	42841	1027			false	TIMEOUT:1			
GenMC+CAAT-PSO	c/pthread/stack_longest-2.yml	1	pthread	42823	1026			false	TIMEOUT:1			
GenMC+CAAT-PSO	c/pthread/stateful01-1.yml	1	pthread	30876	731			true	false(unreach-call):1	0.126136021	0.069326913	26025984
GenMC+CAAT-PSO	c/pthread/stateful01-2.yml	1	pthread	30876	731			true	true:1	0.0930444991	0.072725776	26038272
GenMC+CAAT-PSO	c/pthread/sync01.yml	1	pthread	42052	970			false	ERROR (compilation):1			
GenMC+CAAT-PSO	c/pthread/triangular-1.yml	1	pthread	30992	725			false	TIMEOUT:1			
GenMC+CAAT-PSO	c/pthread/triangular-2.yml	1	pthread	30994	725			true	false(unreach-call):1	24.8368878	24.2030581	26091520
GenMC+CAAT-PSO	c/pthread/triangular-longer-1.yml	1	pthread	31003	725			false	TIMEOUT:1			
GenMC+CAAT-PSO	c/pthread/triangular-longer-2.yml	1	pthread	31005	725			false	TIMEOUT:1			
GenMC+CAAT-PSO	c/pthread/triangular-longest-1.yml	1	pthread	31004	725			false	TIMEOUT:1			
GenMC+CAAT-PSO	c/pthread/triangular-longest-2.yml	1	pthread	31006	725			false	TIMEOUT:1			
GenMC+CAAT-PSO	c/pthread/twostage_3.yml	1	pthread	61359	1342			true	false(unreach-call):1	0.0871892211	0.079430707	26370048
GenMC+CAAT-PSO	c/weaver/array-eq-symm.wvr.yml	1	weaver	2600	99			true	true:1	0.131279357	0.064139356	25550848
GenMC+CAAT-PSO	c/weaver/array-eq-trans.wvr.yml	1	weaver	3099	116			true	true:1	0.107825567	0.067155622	25669632
GenMC+CAAT-PSO	c/weaver/bench-exp1x3.wvr.yml	1	weaver	1905	73			true	true:1	0.120405577	0.054940975	25518080
GenMC+CAAT-PSO	c/weaver/bench-exp2x3.wvr.yml	1	weaver	2319	95			true	true:1	0.127054	0.061324538	25538560
GenMC+CAAT-PSO	c/weaver/bench-exp2x4.wvr.yml	1	weaver	2391	99			true	true:1	0.066510584	0.063438593	25595904
GenMC+CAAT-PSO	c/weaver/bench-exp2x6.wvr.yml	1	weaver	2535	107			true	true:1	0.111771061	0.065311127	25567232
GenMC+CAAT-PSO	c/weaver/bench-exp2x9.wvr.yml	1	weaver	2751	119			true	true:1	0.103364934	0.061226958	25575424
GenMC+CAAT-PSO	c/weaver/bench-exp3x3-opt.wvr.yml	1	weaver	2934	120			true	true:1	0.085793969	0.065881693	25698304
GenMC+CAAT-PSO	c/weaver/bench-exp3x3.wvr.yml	1	weaver	2733	117			true	true:1	0.083480004	0.062288099	25636864
GenMC+CAAT-PSO	c/weaver/chl-array-int-subst.wvr.yml	1	weaver	3296	129			true	true:1	0.095358799	0.06555537	25661440
GenMC+CAAT-PSO	c/weaver/chl-array-int-symm.wvr.yml	1	weaver	2984	112			true	true:1	0.0730061701	0.063563271	25620480
GenMC+CAAT-PSO	c/weaver/chl-array-int-trans.wvr.yml	1	weaver	3243	128			true	true:1	0.109477472	0.067474157	25636864
GenMC+CAAT-PSO	c/weaver/chl-chromosome-opt-symm.wvr.yml	1	weaver	2915	107			true	true:1	0.080435237	0.060598059	25653248
GenMC+CAAT-PSO	c/weaver/chl-chromosome-subst.wvr.yml	1	weaver	3612	130			true	true:1	0.0914910319	0.065414066	25698304
GenMC+CAAT-PSO	c/weaver/chl-chromosome-symm.wvr.yml	1	weaver	3197	113			true	true:1	0.109204343	0.066908377	25686016
GenMC+CAAT-PSO	c/weaver/chl-chromosome-trans.wvr.yml	1	weaver	3549	129			true	true:1	0.105988111	0.065847132	25710592
GenMC+CAAT-PSO	c/weaver/chl-collitem-subst.wvr.yml	1	weaver	3765	110			true	true:1	0.072477569	0.066240351	25661440
GenMC+CAAT-PSO	c/weaver/chl-collitem-symm.wvr.yml	1	weaver	3194	96			true	true:1	0.0744293721	0.067131816	25673728
GenMC+CAAT-PSO	c/weaver/chl-collitem-trans.wvr.yml	1	weaver	3702	109			true	true:1	0.140775173	0.06758932	25616384
GenMC+CAAT-PSO	c/weaver/chl-exp-term-subst.wvr.yml	1	weaver	3293	90			true	true:1	0.0926054571	0.065379654	25694208
GenMC+CAAT-PSO	c/weaver/chl-exp-term-symm.wvr.yml	1	weaver	2836	81			true	true:1	0.109192484	0.062203965	25665536
GenMC+CAAT-PSO	c/weaver/chl-file-item-subst.wvr.yml	1	weaver	3236	93			true	true:1	0.124116024	0.06405488	25710592
GenMC+CAAT-PSO	c/weaver/chl-file-item-symm.wvr.yml	1	weaver	2703	83			true	true:1	0.109758734	0.065546713	25542656
GenMC+CAAT-PSO	c/weaver/chl-file-item-trans.wvr.yml	1	weaver	3038	92			true	true:1	0.101015285	0.063977749	25653248
GenMC+CAAT-PSO	c/weaver/chl-match-subst.wvr.yml	1	weaver	3239	98			true	true:1	0.081638691	0.063632903	25702400
GenMC+CAAT-PSO	c/weaver/chl-match-symm.wvr.yml	1	weaver	2793	86			true	true:1	0.0953997649	0.065206358	25550848
GenMC+CAAT-PSO	c/weaver/chl-match-trans.wvr.yml	1	weaver	3176	97			true	true:1	0.0942136589	0.063910119	25686016
GenMC+CAAT-PSO	c/weaver/chl-name-comparator-subst.wvr.yml	1	weaver	5351	162			true	true:1	0.120013902	0.071489166	25788416
GenMC+CAAT-PSO	c/weaver/chl-name-comparator-symm.wvr.yml	1	weaver	4359	133			true	true:1	0.093274503	0.067029147	25698304
GenMC+CAAT-PSO	c/weaver/chl-name-comparator-trans.wvr.yml	1	weaver	5303	162			true	true:1	0.145105208	0.072440406	25825280
GenMC+CAAT-PSO	c/weaver/chl-node-subst.wvr.yml	1	weaver	4817	140			true	true:1	0.122562817	0.06452715	25690112
GenMC+CAAT-PSO	c/weaver/chl-node-symm.wvr.yml	1	weaver	4113	124			true	true:1	0.140524054	0.064410198	25661440
GenMC+CAAT-PSO	c/weaver/chl-node-trans.wvr.yml	1	weaver	4766	140			true	true:1	0.102950013	0.0677103	25726976
GenMC+CAAT-PSO	c/weaver/chl-nzb-file-subst.wvr.yml	1	weaver	7028	184			true	true:1	0.1573712	0.091707143	25878528
GenMC+CAAT-PSO	c/weaver/chl-nzb-file-symm.wvr.yml	1	weaver	5443	148			true	true:1	0.177551599	0.086659665	25755648
GenMC+CAAT-PSO	c/weaver/chl-nzb-file-trans.wvr.yml	1	weaver	6977	184			true	true:1	0.110872478	0.095715437	25948160
GenMC+CAAT-PSO	c/weaver/chl-poker-hand-subst.wvr.yml	1	weaver	19764	364			true	true:1	0.133777789	0.113283301	26677248
GenMC+CAAT-PSO	c/weaver/chl-poker-hand-symm.wvr.yml	1	weaver	13323	255			true	true:1	0.184219861	0.09342208	26337280
GenMC+CAAT-PSO	c/weaver/chl-poker-hand-trans.wvr.yml	1	weaver	19389	361			true	true:1	0.20884151	0.114325391	26705920
GenMC+CAAT-PSO	c/weaver/chl-simpl-str-subst.wvr.yml	1	weaver	2796	90			true	true:1	0.096503761	0.065705468	25649152
GenMC+CAAT-PSO	c/weaver/chl-simpl-str-symm.wvr.yml	1	weaver	2512	81			true	true:1	0.09697592	0.061803548	25522176
GenMC+CAAT-PSO	c/weaver/chl-simpl-str-trans.wvr.yml	1	weaver	2735	89			true	true:1	0.114003072	0.06365655	25567232
GenMC+CAAT-PSO	c/weaver/chl-sre-subst.wvr.yml	1	weaver	2401	80			true	true:1	0.136122238	0.063812061	25563136
GenMC+CAAT-PSO	c/weaver/chl-sre-symm.wvr.yml	1	weaver	2188	72			true	true:1	0.15934167	0.058354332	25567232
GenMC+CAAT-PSO	c/weaver/chl-sre-trans.wvr.yml	1	weaver	2340	79			true	true:1	0.100175519	0.058601834	25550848
GenMC+CAAT-PSO	c/weaver/chl-time-subst.wvr.yml	1	weaver	3100	102			true	true:1	0.0779196321	0.068743589	25657344
GenMC+CAAT-PSO	c/weaver/chl-time-symm.wvr.yml	1	weaver	2702	89			true	true:1	0.085225197	0.066139881	25665536
GenMC+CAAT-PSO	c/weaver/chl-time-trans.wvr.yml	1	weaver	3057	102			true	true:1	0.112672537	0.070546154	25657344
GenMC+CAAT-PSO	c/weaver/chl-word-subst.wvr.yml	1	weaver	3707	143			false	OUT OF MEMORY:1			
GenMC+CAAT-PSO	c/weaver/chl-word-symm.wvr.yml	1	weaver	3197	119			false	OUT OF MEMORY:1			
GenMC+CAAT-PSO	c/weaver/chl-word-trans.wvr.yml	1	weaver	3654	142			false	OUT OF MEMORY:1			
GenMC+CAAT-PSO	c/weaver/clever.wvr.yml	1	weaver	2189	84			true	true:1	0.102419598	0.055632406	25522176
GenMC+CAAT-PSO	c/weaver/fibonacci.wvr.yml	1	weaver	2692	99			true	true:1	0.120741563	0.063131588	25530368
GenMC+CAAT-PSO	c/weaver/loop-tiling-eq.wvr.yml	1	weaver	2968	108			true	true:1	0.085872428	0.063887157	25600000
GenMC+CAAT-PSO	c/weaver/mult-comm.wvr.yml	1	weaver	1966	73			false	OUT OF MEMORY:1			
GenMC+CAAT-PSO	c/weaver/mult-dist.wvr.yml	1	weaver	2185	83			false	OUT OF MEMORY:1			
GenMC+CAAT-PSO	c/weaver/mult-flipped-dist.wvr.yml	1	weaver	2204	84			false	OUT OF MEMORY:1			
GenMC+CAAT-PSO	c/weaver/parallel-bakery-2.wvr.yml	1	weaver	2585	101			true	true:1	0.103763764	0.060959073	25563136
GenMC+CAAT-PSO	c/weaver/parallel-bakery-3.wvr.yml	1	weaver	3662	140			true	true:1	0.107208022	0.063720157	25653248
GenMC+CAAT-PSO	c/weaver/parallel-bakery-4.wvr.yml	1	weaver	5118	189			true	true:1	0.0942230979	0.068027962	25825280
GenMC+CAAT-PSO	c/weaver/parallel-barrier-loop.wvr.yml	1	weaver	3951	174			true	true:1	0.0925130149	0.065096841	25690112
GenMC+CAAT-PSO	c/weaver/parallel-barrier.wvr.yml	1	weaver	3447	151			true	true:1	0.0822011529	0.06386321	25665536
GenMC+CAAT-PSO	c/weaver/parallel-bluetooth.wvr.yml	1	weaver	2520	94			true	true:1	0.064676143	0.058878997	25559040
GenMC+CAAT-PSO	c/weaver/parallel-lamport.wvr.yml	1	weaver	3368	134			true	true:1	0.0940305369	0.066936408	25690112
GenMC+CAAT-PSO	c/weaver/parallel-min-max-1.wvr.yml	1	weaver	2966	115			false	OUT OF MEMORY:1			
GenMC+CAAT-PSO	c/weaver/parallel-misc-1.wvr.yml	1	weaver	3257	123			true	true:1	0.068429917	0.063099458	25657344
GenMC+CAAT-PSO	c/weaver/parallel-misc-2-unrolled-atomic.wvr.yml	1	weaver	2307	87			true	true:1	0.114433511	0.059130146	25608192
GenMC+CAAT-PSO	c/weaver/parallel-misc-2-unrolled.wvr.yml	1	weaver	2072	81			true	true:1	0.086597386	0.060625546	25526272
GenMC+CAAT-PSO	c/weaver/parallel-misc-2.wvr.yml	1	weaver	2279	93			true	true:1	0.121221551	0.057614608	25518080
GenMC+CAAT-PSO	c/weaver/parallel-misc-3-extended.wvr.yml	1	weaver	2451	116			true	true:1	0.175523927	0.158086703	25567232
GenMC+CAAT-PSO	c/weaver/parallel-misc-3.wvr.yml	1	weaver	2122	94			true	true:1	0.106242463	0.059927482	25513984
GenMC+CAAT-PSO	c/weaver/parallel-misc-4.wvr.yml	1	weaver	2287	96			true	true:1	0.0929426401	0.061586674	25624576
GenMC+CAAT-PSO	c/weaver/parallel-misc-5.wvr.yml	1	weaver	3095	123			true	true:1	0.091647304	0.061475076	25567232
GenMC+CAAT-PSO	c/weaver/parallel-parallel-sum-1-dsl.wvr.yml	1	weaver	4926	194			true	true:1	0.114022126	0.067598705	25796608
GenMC+CAAT-PSO	c/weaver/parallel-parallel-sum-1.wvr.yml	1	weaver	4170	156			true	true:1	0.115562052	0.067704102	25759744
GenMC+CAAT-PSO	c/weaver/parallel-parallel-sum-2.wvr.yml	1	weaver	4779	186			true	true:1	0.148038984	0.066410656	25825280
GenMC+CAAT-PSO	c/weaver/parallel-parallel-sum-equiv.wvr.yml	1	weaver	4298	164			true	true:1	0.13023762	0.067269312	25694208
GenMC+CAAT-PSO	c/weaver/parallel-simple-equiv.wvr.yml	1	weaver	2111	80			true	true:1	0.078269133	0.054348982	25513984
GenMC+CAAT-PSO	c/weaver/parallel-ticket-2.wvr.yml	1	weaver	2137	84			true	true:1	0.064514838	0.058312933	25505792
GenMC+CAAT-PSO	c/weaver/parallel-ticket-3.wvr.yml	1	weaver	2360	97			true	true:1	0.106997096	0.059401647	25571328
GenMC+CAAT-PSO	c/weaver/parallel-ticket-4.wvr.yml	1	weaver	2583	110			true	true:1	0.117461403	0.063962852	25583616
GenMC+CAAT-PSO	c/weaver/parallel-ticket-5.wvr.yml	1	weaver	2806	123			true	true:1	0.0994506261	0.065243536	25628672
GenMC+CAAT-PSO	c/weaver/parallel-ticket-6.wvr.yml	1	weaver	3029	136			true	true:1	0.0939435819	0.06645752	25698304
GenMC+CAAT-PSO	c/weaver/parallel-ticket-7.wvr.yml	1	weaver	3252	149			true	true:1	0.0886357169	0.065931007	25686016
GenMC+CAAT-PSO	c/weaver/parallel-ticket-8.wvr.yml	1	weaver	3475	162			true	true:1	0.093602812	0.065142839	25718784
GenMC+CAAT-PSO	c/weaver/popl20-bad-buffer-mult-alt.wvr.yml	1	weaver	4821	174			false	OUT OF MEMORY:1			
GenMC+CAAT-PSO	c/weaver/popl20-bad-buffer-mult-alt2.wvr.yml	1	weaver	4702	170			false	OUT OF MEMORY:1			
GenMC+CAAT-PSO	c/weaver/popl20-bad-buffer-mult-alt3.wvr.yml	1	weaver	4821	174			false	OUT OF MEMORY:1			
GenMC+CAAT-PSO	c/weaver/popl20-bad-commit-1.wvr-bad.yml	1	weaver	5484	176			true	true:1	0.123289934	0.06845318	25690112
GenMC+CAAT-PSO	c/weaver/popl20-bad-commit-2.wvr-bad.yml	1	weaver	7010	220			true	true:1	0.138755212	0.067179358	25792512
GenMC+CAAT-PSO	c/weaver/popl20-bad-counter-queue.wvr.yml	1	weaver	2771	104			true	true:1	0.11288837	0.061294525	25661440
GenMC+CAAT-PSO	c/weaver/popl20-bad-counter-queue2.wvr.yml	1	weaver	2926	107			true	true:1	0.10898632	0.062706196	25645056
GenMC+CAAT-PSO	c/weaver/popl20-bad-dot-product-alt.wvr.yml	1	weaver	3697	130			true	true:1	0.10575552	0.066101449	25694208
GenMC+CAAT-PSO	c/weaver/popl20-bad-dot-product.wvr.yml	1	weaver	3380	127			true	true:1	0.0931758611	0.065701639	25690112
GenMC+CAAT-PSO	c/weaver/popl20-bad-ring-nondet.wvr.yml	1	weaver	4447	170			true	true:1	0.091284442	0.0650372	25694208
GenMC+CAAT-PSO	c/weaver/popl20-bad-ring.wvr.yml	1	weaver	4309	164			true	true:1	0.091539112	0.06696925	25702400
GenMC+CAAT-PSO	c/weaver/popl20-bad-threaded-sum-2.wvr.yml	1	weaver	2532	98			false	OUT OF MEMORY:1			
GenMC+CAAT-PSO	c/weaver/popl20-bad-three-array-sum-alt.wvr.yml	1	weaver	2927	111			true	true:1	0.102519304	0.067352009	25620480
GenMC+CAAT-PSO	c/weaver/popl20-channel-sum.wvr.yml	1	weaver	2746	102			true	true:1	0.106329627	0.064975218	25571328
GenMC+CAAT-PSO	c/weaver/popl20-commit-1.wvr.yml	1	weaver	4966	162			true	true:1	0.111597529	0.067204451	25722880
GenMC+CAAT-PSO	c/weaver/popl20-commit-2.wvr.yml	1	weaver	6221	200			true	true:1	0.187100711	0.099522095	25825280
GenMC+CAAT-PSO	c/weaver/popl20-counter-determinism.wvr.yml	1	weaver	2247	92			true	true:1	0.090856639	0.057213538	25522176
GenMC+CAAT-PSO	c/weaver/popl20-counter-fun.wvr.yml	1	weaver	3030	102			true	true:1	0.0993445771	0.06524143	25665536
GenMC+CAAT-PSO	c/weaver/popl20-difference-det.wvr.yml	1	weaver	2276	93			true	true:1	0.13126211	0.061913382	25632768
GenMC+CAAT-PSO	c/weaver/popl20-figure1-alt.wvr.yml	1	weaver	1950	74			true	true:1	0.078154583	0.060855832	25505792
GenMC+CAAT-PSO	c/weaver/popl20-figure1.wvr.yml	1	weaver	1854	71			true	true:1	0.075475842	0.057489211	25554944
GenMC+CAAT-PSO	c/weaver/popl20-figure3.wvr.yml	1	weaver	1975	74			false	TIMEOUT:1			
GenMC+CAAT-PSO	c/weaver/popl20-horseshoe.wvr.yml	1	weaver	3786	141			false	OUT OF MEMORY:1			
GenMC+CAAT-PSO	c/weaver/popl20-min-max-dec.wvr.yml	1	weaver	3047	121			true	true:1	0.07846196	0.065627074	25595904
GenMC+CAAT-PSO	c/weaver/popl20-min-max-inc-dec.wvr.yml	1	weaver	3252	133			true	true:1	0.0961746851	0.06341771	25690112
GenMC+CAAT-PSO	c/weaver/popl20-min-max-inc.wvr.yml	1	weaver	3046	121			true	true:1	0.113742353	0.063741461	25640960
GenMC+CAAT-PSO	c/weaver/popl20-more-array-sum-alt.wvr.yml	1	weaver	2844	111			true	true:1	0.099898289	0.06237031	25653248
GenMC+CAAT-PSO	c/weaver/popl20-more-array-sum-alt2.wvr.yml	1	weaver	3040	115			true	true:1	0.110332967	0.063521406	25636864
GenMC+CAAT-PSO	c/weaver/popl20-more-array-sum.wvr.yml	1	weaver	2899	112			true	true:1	0.102793918	0.063291616	25649152
GenMC+CAAT-PSO	c/weaver/popl20-more-array-sum2.wvr.yml	1	weaver	3114	117			true	true:1	0.110898685	0.065450913	25632768
GenMC+CAAT-PSO	c/weaver/popl20-more-buffer-mult.wvr.yml	1	weaver	4746	172			false	OUT OF MEMORY:1			
GenMC+CAAT-PSO	c/weaver/popl20-more-buffer-mult2.wvr.yml	1	weaver	4627	168			false	OUT OF MEMORY:1			
GenMC+CAAT-PSO	c/weaver/popl20-more-buffer-mult3.wvr.yml	1	weaver	4746	172			false	OUT OF MEMORY:1			
GenMC+CAAT-PSO	c/weaver/popl20-more-buffer-series.wvr.yml	1	weaver	4879	175			true	true:1	0.0749860491	0.069058825	25714688
GenMC+CAAT-PSO	c/weaver/popl20-more-buffer-series2.wvr.yml	1	weaver	4760	171			true	true:1	0.079869412	0.065300525	25784320
GenMC+CAAT-PSO	c/weaver/popl20-more-buffer-series3.wvr.yml	1	weaver	4879	175			true	true:1	0.130042546	0.067908285	25780224
GenMC+CAAT-PSO	c/weaver/popl20-more-dec-subseq.wvr.yml	1	weaver	3273	121			true	true:1	0.112169304	0.065372849	25559040
GenMC+CAAT-PSO	c/weaver/popl20-more-inc-subseq.wvr.yml	1	weaver	3273	121			true	true:1	0.0996628701	0.065326059	25628672
GenMC+CAAT-PSO	c/weaver/popl20-more-max-array-hom.wvr.yml	1	weaver	2948	114			true	true:1	0.0904414851	0.065464484	25657344
GenMC+CAAT-PSO	c/weaver/popl20-more-max-array.wvr.yml	1	weaver	2915	114			true	true:1	0.097577486	0.062503956	25632768
GenMC+CAAT-PSO	c/weaver/popl20-more-min-array-hom.wvr.yml	1	weaver	2948	114			true	true:1	0.100726253	0.065363055	25624576
GenMC+CAAT-PSO	c/weaver/popl20-more-min-array.wvr.yml	1	weaver	2915	114			true	true:1	0.093191706	0.062196076	25575424
GenMC+CAAT-PSO	c/weaver/popl20-more-min-le-max.wvr.yml	1	weaver	2848	112			true	true:1	0.143525491	0.065114151	25559040
GenMC+CAAT-PSO	c/weaver/popl20-more-mts.wvr.yml	1	weaver	3049	112			true	true:1	0.122697907	0.066338328	25649152
GenMC+CAAT-PSO	c/weaver/popl20-more-multiply-verify.wvr.yml	1	weaver	3451	124			false	OUT OF MEMORY:1			
GenMC+CAAT-PSO	c/weaver/popl20-more-nonblocking-counter-alt2.wvr.yml	1	weaver	2203	81			false	OUT OF MEMORY:1			
GenMC+CAAT-PSO	c/weaver/popl20-more-queue-add-2-nl.wvr.yml	1	weaver	3220	119			false	OUT OF MEMORY:1			
GenMC+CAAT-PSO	c/weaver/popl20-more-queue-add-3-nl.wvr.yml	1	weaver	3978	149			false	OUT OF MEMORY:1			
GenMC+CAAT-PSO	c/weaver/popl20-more-sorted.wvr.yml	1	weaver	2796	106			true	true:1	0.071064751	0.061922127	25579520
GenMC+CAAT-PSO	c/weaver/popl20-more-sum-array-hom.wvr.yml	1	weaver	2805	104			true	true:1	0.125919373	0.065513159	25616384
GenMC+CAAT-PSO	c/weaver/popl20-more-vector-add.wvr.yml	1	weaver	3008	111			true	true:1	0.085214591	0.062791872	25579520
GenMC+CAAT-PSO	c/weaver/popl20-mult-4.wvr.yml	1	weaver	2693	104			false	OUT OF MEMORY:1			
GenMC+CAAT-PSO	c/weaver/popl20-mult-equiv.wvr.yml	1	weaver	2659	108			false	OUT OF MEMORY:1			
GenMC+CAAT-PSO	c/weaver/popl20-nonblocking-cntr-alt.wvr.yml	1	weaver	2153	81			true	true:1	0.122309702	0.058121925	25645056
GenMC+CAAT-PSO	c/weaver/popl20-nonblocking-cntr.wvr.yml	1	weaver	2092	80			true	true:1	0.101280894	0.05876227	25505792
GenMC+CAAT-PSO	c/weaver/popl20-prod-cons-eq.wvr.yml	1	weaver	5171	166			true	true:1	0.125360244	0.067869366	25759744
GenMC+CAAT-PSO	c/weaver/popl20-prod-cons.wvr.yml	1	weaver	3418	130			true	true:1	0.078326909	0.063320674	25677824
GenMC+CAAT-PSO	c/weaver/popl20-prod-cons3.wvr.yml	1	weaver	4383	164			true	true:1	0.127483645	0.06720898	25718784
GenMC+CAAT-PSO	c/weaver/popl20-proofs-counter-add-4-semi-Q67.wvr.yml	1	weaver	2692	108			true	true:1	0.133931559	0.065892929	25563136
GenMC+CAAT-PSO	c/weaver/popl20-queue-add-2.wvr.yml	1	weaver	3045	112			true	true:1	0.103884077	0.063019908	25632768
GenMC+CAAT-PSO	c/weaver/popl20-queue-add-3.wvr.yml	1	weaver	3774	140			true	true:1	0.133135051	0.068048638	25714688
GenMC+CAAT-PSO	c/weaver/popl20-send-receive-alt.wvr.yml	1	weaver	2999	108			true	true:1	0.1002182	0.062307703	25628672
GenMC+CAAT-PSO	c/weaver/popl20-send-receive.wvr.yml	1	weaver	3469	131			true	true:1	0.0896096281	0.062781403	25579520
GenMC+CAAT-PSO	c/weaver/popl20-simple-array-sum.wvr.yml	1	weaver	2840	108			true	true:1	0.103171332	0.062221188	25628672
GenMC+CAAT-PSO	c/weaver/popl20-simple-queue.wvr.yml	1	weaver	2787	100			true	true:1	0.099620502	0.062631419	25538560
GenMC+CAAT-PSO	c/weaver/popl20-threaded-sum-3.wvr.yml	1	weaver	3026	121			false	OUT OF MEMORY:1			
GenMC+CAAT-PSO	c/weaver/popl20-three-array-max.wvr.yml	1	weaver	3339	134			true	true:1	0.095043816	0.067948151	25702400
GenMC+CAAT-PSO	c/weaver/popl20-three-array-min.wvr.yml	1	weaver	3331	134			true	true:1	0.093761869	0.067942186	25690112
GenMC+CAAT-PSO	c/weaver/popl20-three-array-sum.wvr.yml	1	weaver	3101	116			true	true:1	0.092210312	0.066666523	25563136
GenMC+CAAT-PSO	c/weaver/popl20-two-queue.wvr.yml	1	weaver	3336	116			true	true:1	0.0800794411	0.063897431	25661440
GenMC+CAAT-PSO	c/weaver/security.wvr.yml	1	weaver	1987	79			true	true:1	0.0856968609	0.055479013	25518080
GenMC+CAAT-PSO	c/weaver/spaghetti.wvr.yml	1	weaver	2371	100			false	TIMEOUT:1			
GenMC+CAAT-PSO	c/weaver/test-context1.wvr.yml	1	weaver	2782	99			true	true:1	0.111871188	0.064023861	25563136
GenMC+CAAT-PSO	c/weaver/test-easy1.wvr.yml	1	weaver	1931	73			true	true:1	0.080795545	0.059847021	25493504
GenMC+CAAT-PSO	c/weaver/test-easy10.wvr.yml	1	weaver	2577	106			true	true:1	0.141965758	0.066213843	25694208
GenMC+CAAT-PSO	c/weaver/test-easy11.wvr.yml	1	weaver	1870	77			false	TIMEOUT:1			
GenMC+CAAT-PSO	c/weaver/test-easy6.wvr.yml	1	weaver	2061	83			true	true:1	0.130683684	0.067568919	25563136
GenMC+CAAT-PSO	c/weaver/test-easy7.wvr.yml	1	weaver	1928	75			true	true:1	0.081715493	0.055215767	25542656
GenMC+CAAT-PSO	c/weaver/test-easy8.wvr.yml	1	weaver	2037	78			true	true:1	0.125956355	0.058332639	25550848
GenMC+CAAT-PSO	c/weaver/test-hard1.wvr.yml	1	weaver	3455	142			true	true:1	0.098403967	0.065764507	25620480
GenMC+CAAT-PSO	c/weaver/test-semi1.wvr.yml	1	weaver	1851	70			true	true:1	0.123491856	0.053490164	25513984
GenMC+CAAT-PSO	c/weaver/unroll-2.wvr.yml	1	weaver	2778	102			true	true:1	0.0991545259	0.062805839	25616384
GenMC+CAAT-PSO	c/weaver/unroll-3.wvr.yml	1	weaver	2850	105			true	true:1	0.104303948	0.060909763	25567232
GenMC+CAAT-PSO	c/weaver/unroll-4.wvr.yml	1	weaver	2922	108			true	true:1	0.137993576	0.064816286	25686016
GenMC+CAAT-PSO	c/weaver/unroll-5.wvr.yml	1	weaver	2994	111			true	true:1	0.121569627	0.065249151	25624576
GenMC+CAAT-PSO	c/weaver/unroll-cond-2.wvr.yml	1	weaver	2824	105			true	true:1	0.113780307	0.062376286	25624576
GenMC+CAAT-PSO	c/weaver/unroll-cond-3.wvr.yml	1	weaver	2991	113			true	true:1	0.122893259	0.066275964	25571328
GenMC+CAAT-PSO	c/weaver/unroll-cond-4.wvr.yml	1	weaver	3158	121			true	true:1	0.085504121	0.063548207	25632768
GenMC+CAAT-PSO	c/weaver/unroll-cond-5.wvr.yml	1	weaver	3325	129			true	true:1	0.0745669351	0.062999097	25608192
GenMC+CAAT-SC	c/goblint-regression/13-privatized_01-priv_nr_true.yml	1	goblint-regression	1061	42			true	true:1	0.0735279629	0.063460491	25866240
GenMC+CAAT-SC	c/goblint-regression/13-privatized_04-priv_multi_true.yml	1	goblint-regression	50054	1214			false	TIMEOUT:1			
GenMC+CAAT-SC	c/goblint-regression/13-privatized_18-first-reads_true.yml	1	goblint-regression	1011	45			true	true:1	0.067436569	0.066093486	25894912
GenMC+CAAT-SC	c/goblint-regression/13-privatized_18-first-reads_unknown_1_neg.yml	1	goblint-regression	977	44			true	false(unreach-call):1	0.072766914	0.066311347	25817088
GenMC+CAAT-SC	c/goblint-regression/13-privatized_18-first-reads_unknown_1_pos.yml	1	goblint-regression	974	44			true	true:1	0.072090949	0.068990548	25858048
GenMC+CAAT-SC	c/goblint-regression/13-privatized_18-first-reads_unknown_2_neg.yml	1	goblint-regression	977	44			true	true:1	0.063803729	0.057057833	25800704
GenMC+CAAT-SC	c/goblint-regression/13-privatized_18-first-reads_unknown_2_pos.yml	1	goblint-regression	974	44			true	false(unreach-call):1	0.062982399	0.054854482	25845760
GenMC+CAAT-SC	c/goblint-regression/13-privatized_19-publish-precision_true.yml	1	goblint-regression	1081	43			true	true:1	0.063376601	0.056080343	25821184
GenMC+CAAT-SC	c/goblint-regression/13-privatized_19-publish-precision_unknown_1_neg.yml	1	goblint-regression	1051	42			true	false(unreach-call):1	0.0604872199	0.0566991	25866240
GenMC+CAAT-SC	c/goblint-regression/13-privatized_19-publish-precision_unknown_1_pos.yml	1	goblint-regression	1048	42			true	false(unreach-call):1	0.093097955	0.056514491	25899008
GenMC+CAAT-SC	c/goblint-regression/13-privatized_19-publish-precision_unknown_2_neg.yml	1	goblint-regression	1051	42			true	false(unreach-call):1	0.070000462	0.063995124	25874432
GenMC+CAAT-SC	c/goblint-regression/13-privatized_19-publish-precision_unknown_2_pos.yml	1	goblint-regression	1048	42			true	false(unreach-call):1	0.0714099261	0.062993731	25821184
GenMC+CAAT-SC	c/goblint-regression/13-privatized_20-publish-regression_true.yml	1	goblint-regression	1284	46			true	true:1	0.072594541	0.065852307	25874432
GenMC+CAAT-SC	c/goblint-regression/13-privatized_24-multiple-protecting_true.yml	1	goblint-regression	1821	66			true	true:1	0.064294728	0.058543357	25829376
GenMC+CAAT-SC	c/goblint-regression/13-privatized_25-struct_nr_true.yml	1	goblint-regression	1138	46			true	true:1	0.075695759	0.066207257	25763840
GenMC+CAAT-SC	c/goblint-regression/13-privatized_27-multiple-protecting2_true.yml	1	goblint-regression	2193	72			true	true:1	0.087397641	0.067553251	25911296
GenMC+CAAT-SC	c/goblint-regression/13-privatized_29-multiple-protecting2-vesal_true.yml	1	goblint-regression	1674	53			true	true:1	0.0642312081	0.05628207	25903104
GenMC+CAAT-SC	c/goblint-regression/13-privatized_30-traces-oplus-vs-meet_true.yml	1	goblint-regression	1337	51			true	true:1	0.0619853861	0.057794323	25800704
GenMC+CAAT-SC	c/goblint-regression/13-privatized_31-traces-mine-vs-mutex_true.yml	1	goblint-regression	1267	46			true	true:1	0.077806944	0.066652188	25866240
GenMC+CAAT-SC	c/goblint-regression/13-privatized_32-traces-mine-vs-oplus-vs-meet_true.yml	1	goblint-regression	1377	53			true	true:1	0.065340791	0.055515676	25858048
GenMC+CAAT-SC	c/goblint-regression/13-privatized_33-traces-v-matters_true.yml	1	goblint-regression	1097	42			true	true:1	0.072421909	0.058660799	25792512
GenMC+CAAT-SC	c/goblint-regression/13-privatized_34-traces-minepp-L-needs-to-be-um_true.yml	1	goblint-regression	1379	54			true	true:1	0.060441136	0.057517343	25882624
GenMC+CAAT-SC	c/goblint-regression/13-privatized_35-traces-ex-2_true.yml	1	goblint-regression	1041	41			true	true:1	0.0845719221	0.059920261	25780224
GenMC+CAAT-SC	c/goblint-regression/13-privatized_36-traces-ex-3_true.yml	1	goblint-regression	987	39			true	true:1	0.066819598	0.063962086	25841664
GenMC+CAAT-SC	c/goblint-regression/13-privatized_37-traces-ex-4_true.yml	1	goblint-regression	1041	41			true	true:1	0.10112661	0.061419931	25853952
GenMC+CAAT-SC	c/goblint-regression/13-privatized_38-traces-ex-4-switch_true.yml	1	goblint-regression	1041	41			true	true:1	0.081568327	0.053601389	25743360
GenMC+CAAT-SC	c/goblint-regression/13-privatized_40-traces-ex-6_true.yml	1	goblint-regression	959	38			true	true:1	0.0669291379	0.060056757	25808896
GenMC+CAAT-SC	c/goblint-regression/13-privatized_41-traces-ex-7_unknown_1_neg.yml	1	goblint-regression	945	37			true	false(unreach-call):1	0.067650536	0.062944492	25821184
GenMC+CAAT-SC	c/goblint-regression/13-privatized_41-traces-ex-7_unknown_1_pos.yml	1	goblint-regression	942	37			true	false(unreach-call):1	0.068504993	0.063448938	25804800
GenMC+CAAT-SC	c/goblint-regression/13-privatized_42-traces-ex-mini_true.yml	1	goblint-regression	1092	42			true	true:1	0.074354612	0.061267083	25817088
GenMC+CAAT-SC	c/goblint-regression/13-privatized_44-traces-mine2_true.yml	1	goblint-regression	973	39			true	true:1	0.069979758	0.059725604	25780224
GenMC+CAAT-SC	c/goblint-regression/13-privatized_45-traces-per-global-and-current-lock-mine-incomparable_true.yml	1	goblint-regression	1054	41			true	true:1	0.066176384	0.062592675	25862144
GenMC+CAAT-SC	c/goblint-regression/13-privatized_46-refine-protected1_true.yml	1	goblint-regression	909	39			true	true:1	0.0675418989	0.054659792	25767936
GenMC+CAAT-SC	c/goblint-regression/13-privatized_47-refine-protected2_true.yml	1	goblint-regression	866	37			true	true:1	0.067655727	0.063174443	25776128
GenMC+CAAT-SC	c/goblint-regression/13-privatized_52-refine-protected-loop2-small_true.yml	1	goblint-regression	986	42			false	TIMEOUT:1			
GenMC+CAAT-SC	c/goblint-regression/13-privatized_57-singlethreaded-unlock_true.yml	1	goblint-regression	816	36			true	true:1	0.0571203111	0.053456382	25767936
GenMC+CAAT-SC	c/goblint-regression/13-privatized_58-singlethreaded-lock_true.yml	1	goblint-regression	967	39			true	true:1	0.0619884529	0.055870955	25726976
GenMC+CAAT-SC	c/goblint-regression/13-privatized_66-mine-W-init_true.yml	1	goblint-regression	621	27			true	true:1	0.064121959	0.056271376	25817088
GenMC+CAAT-SC	c/goblint-regression/13-privatized_67-pthread_cond_wait_true.yml	1	goblint-regression	58948	1381			false	ERROR (compilation):1			
GenMC+CAAT-SC	c/goblint-regression/13-privatized_67-pthread_cond_wait_unknown_1_neg.yml	1	goblint-regression	58960	1381			false	ERROR (compilation):1			
GenMC+CAAT-SC	c/goblint-regression/13-privatized_67-pthread_cond_wait_unknown_1_pos.yml	1	goblint-regression	58957	1381			false	ERROR (compilation):1			
GenMC+CAAT-SC	c/goblint-regression/13-privatized_68-pfscan_protected_loop_minimal_interval_true.yml	1	goblint-regression	1532	77			true	true:1	0.06681573	0.054137469	25960448
GenMC+CAAT-SC	c/goblint-regression/13-privatized_69-refine-protected-loop-interval_true.yml	1	goblint-regression	1250	72			true	true:1	0.070817005	0.056093062	25853952
GenMC+CAAT-SC	c/goblint-regression/28-race_reach_01-simple_racing.yml	1	goblint-regression	31261	713			true	false(unreach-call):1	13.2766581	12.8053044	2.06107034e+09
GenMC+CAAT-SC	c/goblint-regression/28-race_reach_02-simple_racefree.yml	1	goblint-regression	31261	713			false	TIMEOUT:1			
GenMC+CAAT-SC	c/goblint-regression/28-race_reach_03-munge_racing.yml	1	goblint-regression	31545	717			false	OUT OF MEMORY:1			
GenMC+CAAT-SC	c/goblint-regression/28-race_reach_04-munge_racefree.yml	1	goblint-regression	31545	717			false	OUT OF MEMORY:1			
GenMC+CAAT-SC	c/goblint-regression/28-race_reach_05-lockfuns_racefree.yml	1	goblint-regression	31210	718			false	TIMEOUT:1			
GenMC+CAAT-SC	c/goblint-regression/28-race_reach_06-cond_racing1.yml	1	goblint-regression	42556	954			true	false(unreach-call):1	12.9212824	12.8151586	2.06109491e+09
GenMC+CAAT-SC	c/goblint-regression/28-race_reach_07-cond_racing2.yml	1	goblint-regression	42558	954			false	TIMEOUT:1			
GenMC+CAAT-SC	c/goblint-regression/28-race_reach_08-cond_racefree.yml	1	goblint-regression	42556	954			false	TIMEOUT:1			
GenMC+CAAT-SC	c/goblint-regression/28-race_reach_09-ptrmunge_racing.yml	1	goblint-regression	31579	718			false	OUT OF MEMORY:1			
GenMC+CAAT-SC	c/goblint-regression/28-race_reach_10-ptrmunge_racefree.yml	1	goblint-regression	31579	718			false	OUT OF MEMORY:1			
GenMC+CAAT-SC	c/goblint-regression/28-race_reach_11-ptr_racing.yml	1	goblint-regression	31273	714			true	false(unreach-call):1	13.7906326	12.6666504	2.06105395e+09
GenMC+CAAT-SC	c/goblint-regression/28-race_reach_12-ptr_racefree.yml	1	goblint-regression	31273	714			false	TIMEOUT:1			
GenMC+CAAT-SC	c/goblint-regression/28-race_reach_19-callback_racing.yml	1	goblint-regression	31439	724			false	TIMEOUT:1			
GenMC+CAAT-SC	c/goblint-regression/28-race_reach_20-callback_racefree.yml	1	goblint-regression	31439	724			false	TIMEOUT:1			
GenMC+CAAT-SC	c/goblint-regression/28-race_reach_21-deref_read_racing.yml	1	goblint-regression	31073	711			false	ERROR (unsupported property: invalid memory access):1			
GenMC+CAAT-SC	c/goblint-regression/28-race_reach_22-deref_read_racefree.yml	1	goblint-regression	31135	713			false	ERROR (unsupported property: invalid memory access):1			
GenMC+CAAT-SC	c/goblint-regression/28-race_reach_23-sound_unlock_racing.yml	1	goblint-regression	31523	722			false	ERROR (unsupported external):1			
GenMC+CAAT-SC	c/goblint-regression/28-race_reach_24-sound_lock_racing.yml	1	goblint-regression	31338	716			true	false(unreach-call):1	13.2972243	12.6145282	2.06107034e+09
GenMC+CAAT-SC	c/goblint-regression/28-race_reach_27-funptr_racing.yml	1	goblint-regression	41297	920			false	TIMEOUT:1			
GenMC+CAAT-SC	c/goblint-regression/28-race_reach_28-funptr_racefree.yml	1	goblint-regression	41302	920			false	TIMEOUT:1			
GenMC+CAAT-SC	c/goblint-regression/28-race_reach_36-indirect_racefree.yml	1	goblint-regression	31210	715			false	TIMEOUT:1			
GenMC+CAAT-SC	c/goblint-regression/28-race_reach_37-indirect_racing.yml	1	goblint-regression	31148	713			true	false(unreach-call):1	14.7418382	12.9286624	2.06101299e+09
GenMC+CAAT-SC	c/goblint-regression/28-race_reach_40-trylock_racing.yml	1	goblint-regression	31333	716			false	ERROR (unsupported external):1			
GenMC+CAAT-SC	c/goblint-regression/28-race_reach_41-trylock_racefree.yml	1	goblint-regression	31204	713			false	TIMEOUT:1			
GenMC+CAAT-SC	c/goblint-regression/28-race_reach_42-trylock2_racefree.yml	1	goblint-regression	32046	724			false	TIMEOUT:1			
GenMC+CAAT-SC	c/goblint-regression/28-race_reach_45-escape_racing.yml	1	goblint-regression	31190	715			true	false(unreach-call):1	0.0837024651	0.065176141	25944064
GenMC+CAAT-SC	c/goblint-regression/28-race_reach_46-escape_racefree.yml	1	goblint-regression	31190	715			true	true:1	0.108341726	0.067223245	25890816
GenMC+CAAT-SC	c/goblint-regression/28-race_reach_51-mutexptr_racefree.yml	1	goblint-regression	31379	720			false	TIMEOUT:1			
GenMC+CAAT-SC	c/goblint-regression/28-race_reach_60-invariant_racefree.yml	1	goblint-regression	31586	718			false	TIMEOUT:1			
GenMC+CAAT-SC	c/goblint-regression/28-race_reach_61-invariant_racing.yml	1	goblint-regression	31583	720			false	TIMEOUT:1			
GenMC+CAAT-SC	c/goblint-regression/28-race_reach_70-funloop_racefree.yml	1	goblint-regression	42641	959			false	TIMEOUT:1			
GenMC+CAAT-SC	c/goblint-regression/28-race_reach_71-funloop_racing.yml	1	goblint-regression	43068	960			false	TIMEOUT:1			
GenMC+CAAT-SC	c/goblint-regression/28-race_reach_72-funloop_hard_racing.yml	1	goblint-regression	43150	960			false	TIMEOUT:1			
GenMC+CAAT-SC	c/goblint-regression/28-race_reach_73-funloop_hard_racefree.yml	1	goblint-regression	43150	960			false	TIMEOUT:1			
GenMC+CAAT-SC	c/goblint-regression/28-race_reach_74-tricky_address1_racefree.yml	1	goblint-regression	43065	959			true	true:1	1.80621259	1.7120935	26001408
GenMC+CAAT-SC	c/goblint-regression/28-race_reach_75-tricky_address2_racefree.yml	1	goblint-regression	43071	959			true	true:1	1.76269559	1.71232777	25997312
GenMC+CAAT-SC	c/goblint-regression/28-race_reach_76-tricky_address3_racefree.yml	1	goblint-regression	43072	960			true	true:1	1.76125797	1.71095727	26034176
GenMC+CAAT-SC	c/goblint-regression/28-race_reach_77-tricky_address4_racing.yml	1	goblint-regression	43077	960			true	true:1	1.74836592	1.71567283	25944064
GenMC+CAAT-SC	c/goblint-regression/28-race_reach_78-equ_racing.yml	1	goblint-regression	48834	1042			false	TIMEOUT:1			
GenMC+CAAT-SC	c/goblint-regression/28-race_reach_79-equ_racefree.yml	1	goblint-regression	48834	1042			false	TIMEOUT:1			
GenMC+CAAT-SC	c/goblint-regression/28-race_reach_81-list_racing.yml	1	goblint-regression	48944	1047			false	OUT OF MEMORY:1			
GenMC+CAAT-SC	c/goblint-regression/28-race_reach_82-list_racefree.yml	1	goblint-regression	49016	1049			false	OUT OF MEMORY:1			
GenMC+CAAT-SC	c/goblint-regression/28-race_reach_83-list2_racing1.yml	1	goblint-regression	49909	1060			false	OUT OF MEMORY:1			
GenMC+CAAT-SC	c/goblint-regression/28-race_reach_84-list2_racing2.yml	1	goblint-regression	49950	1062			false	OUT OF MEMORY:1			
GenMC+CAAT-SC	c/goblint-regression/28-race_reach_85-list2_racefree.yml	1	goblint-regression	49909	1060			false	OUT OF MEMORY:1			
GenMC+CAAT-SC	c/goblint-regression/28-race_reach_86-lists_racing.yml	1	goblint-regression	49342	1058			true	true:1	26.3202266	26.2825454	745594880
GenMC+CAAT-SC	c/goblint-regression/28-race_reach_87-lists_racefree.yml	1	goblint-regression	49270	1056			true	true:1	22.8852432	22.8530515	743690240
GenMC+CAAT-SC	c/goblint-regression/28-race_reach_90-arrayloop2_racing.yml	1	goblint-regression	50453	1085			true	true:1	14.033104	13.8701862	98803712
GenMC+CAAT-SC	c/goblint-regression/28-race_reach_91-arrayloop2_racefree.yml	1	goblint-regression	49272	1064			true	true:1	3.89957605	3.88982872	55984128
GenMC+CAAT-SC	c/goblint-regression/28-race_reach_92-evilcollapse_racing.yml	1	goblint-regression	49575	1075			true	true:1	1.78723246	1.71489177	26124288
GenMC+CAAT-SC	c/goblint-regression/28-race_reach_93-evilcollapse_racefree.yml	1	goblint-regression	49831	1085			true	true:1	1.79299402	1.72112713	26107904
GenMC+CAAT-SC	c/goblint-regression/28-race_reach_94-alloc_region_racing.yml	1	goblint-regression	60259	1285			false	OUT OF MEMORY:1			
GenMC+CAAT-SC	c/goblint-regression/36-apron_11-traces-max-simple_true.yml	1	goblint-regression	932	40			true	true:1	0.067126894	0.063086124	25837568
GenMC+CAAT-SC	c/goblint-regression/36-apron_16-traces-unprot2_true.yml	1	goblint-regression	815	37			true	true:1	0.057710462	0.052015162	25694208
GenMC+CAAT-SC	c/goblint-regression/36-apron_17-traces-rpb-litmus_unknown_1_neg.yml	1	goblint-regression	1260	50			true	false(unreach-call):1	0.0780526671	0.066870635	25751552
GenMC+CAAT-SC	c/goblint-regression/36-apron_17-traces-rpb-litmus_unknown_1_pos.yml	1	goblint-regression	1257	50			true	true:1	0.0797996321	0.055733119	25796608
GenMC+CAAT-SC	c/goblint-regression/36-apron_21-traces-cluster-based_true.yml	1	goblint-regression	1930	81			true	true:1	0.094007623	0.06153806	25956352
GenMC+CAAT-SC	c/goblint-regression/36-apron_22-traces-write-centered-vs-meet-mutex_true_no-overflow.yml	1	goblint-regression	1933	79			true	true:1	0.083257147	0.059542239	25915392
GenMC+CAAT-SC	c/goblint-regression/36-apron_41-threadenter-no-locals_unknown_1_neg.yml	1	goblint-regression	750	30			true	true:1	0.059893809	0.056582168	25792512
GenMC+CAAT-SC	c/goblint-regression/36-apron_41-threadenter-no-locals_unknown_1_pos.yml	1	goblint-regression	747	30			true	false(unreach-call):1	0.068943963	0.066631823	25747456
GenMC+CAAT-SC	c/ldv-linux-3.14-races/linux-3.14--drivers--media--platform--marvell-ccic--cafe_ccic.ko.cil-1.yml	1	ldv-linux-3.14-races	322870	12246			false	ERROR (compilation):1			
GenMC+CAAT-SC	c/ldv-linux-3.14-races/linux-3.14--drivers--media--platform--marvell-ccic--cafe_ccic.ko.cil-2.yml	1	ldv-linux-3.14-races	323395	12256			false	SEGMENTATION FAULT:1			
GenMC+CAAT-SC	c/ldv-linux-3.14-races/linux-3.14--drivers--net--irda--nsc-ircc.ko.cil.yml	1	ldv-linux-3.14-races	319158	12778			false	TIMEOUT:1			
GenMC+CAAT-SC	c/ldv-linux-3.14-races/linux-3.14--drivers--net--irda--w83977af_ir.ko.cil.yml	1	ldv-linux-3.14-races	258590	10071			false	ABORTED:1			
GenMC+CAAT-SC	c/ldv-linux-3.14-races/linux-3.14--drivers--spi--spi-tegra20-slink.ko.cil.yml	1	ldv-linux-3.14-races	180898	7111			false	TIMEOUT:1			
GenMC+CAAT-SC	c/ldv-linux-3.14-races/linux-3.14--drivers--usb--misc--adutux.ko.cil.yml	1	ldv-linux-3.14-races	210550	8118			false	ABORTED:1			
GenMC+CAAT-SC	c/ldv-races/race-1_1-join.yml	1	ldv-races	76847	1729			true	true:1	0.080741092	0.072543138	26116096
GenMC+CAAT-SC	c/ldv-races/race-1_2-join.yml	1	ldv-races	77137	1738			true	false(unreach-call):1	0.078481389	0.074391183	26116096
GenMC+CAAT-SC	c/ldv-races/race-1_3-join.yml	1	ldv-races	77119	1738			true	false(unreach-call):1	0.08254283	0.074379501	26083328
GenMC+CAAT-SC	c/ldv-races/race-2_1-container_of.yml	1	ldv-races	187978	3959			true	true:1	0.081043798	0.077551116	26148864
GenMC+CAAT-SC	c/ldv-races/race-2_2-container_of.yml	1	ldv-races	188224	3967			true	true:1	0.075220942	0.072269709	26267648
GenMC+CAAT-SC	c/ldv-races/race-2_3-container_of.yml	1	ldv-races	188618	3979			true	true:1	0.077302114	0.071227826	26173440
GenMC+CAAT-SC	c/ldv-races/race-2_4-container_of.yml	1	ldv-races	188607	3979			true	true:1	0.0766488611	0.073505632	26165248
GenMC+CAAT-SC	c/ldv-races/race-2_5-container_of.yml	1	ldv-races	188601	3979			true	true:1	0.077246393	0.071157588	26279936
GenMC+CAAT-SC	c/ldv-races/race-3_1-container_of-global.yml	1	ldv-races	188000	3960			true	true:1	0.077906184	0.070571322	26189824
GenMC+CAAT-SC	c/ldv-races/race-3_2-container_of-global.yml	1	ldv-races	188302	3970			true	true:1	0.075873311	0.07277942	26161152
GenMC+CAAT-SC	c/ldv-races/race-4_1-thread_local_vars.yml	1	ldv-races	78338	1800			true	true:1	0.0786475771	0.075323114	26091520
GenMC+CAAT-SC	c/libvsync/arraylock.yml	1	libvsync	197292	6084			true	true:1	0.119809897	0.114771186	26918912
GenMC+CAAT-SC	c/libvsync/bounded_mpmc_check_full.yml	1	libvsync	196819	6055			true	true:1	0.128244568	0.120438962	26939392
GenMC+CAAT-SC	c/libvsync/cnalock.yml	1	libvsync	197907	6100			false	ERROR (unsupported property: invalid memory access):1			
GenMC+CAAT-SC	c/libvsync/hclhlock.yml	1	libvsync	199894	6151			false	ERROR (unsupported property: invalid memory access):1			
GenMC+CAAT-SC	c/libvsync/hmcslock.yml	1	libvsync	202829	6211			false	ERROR (unsupported property: invalid memory access):1			
GenMC+CAAT-SC	c/libvsync/mcslock.yml	1	libvsync	196470	6056			false	ERROR (unsupported property: invalid memory access):1			
GenMC+CAAT-SC	c/libvsync/rec_mcslock.yml	1	libvsync	197915	6059			false	ERROR (unsupported property: invalid memory access):1			
GenMC+CAAT-SC	c/libvsync/rec_ticketlock.yml	1	libvsync	197393	6043			false	OUT OF MEMORY:1			
GenMC+CAAT-SC	c/libvsync/rwlock.yml	1	libvsync	197504	6119			false	OUT OF MEMORY:1			
GenMC+CAAT-SC	c/libvsync/semaphore.yml	1	libvsync	196124	6055			true	true:1	4.24576209	4.23777697	26861568
GenMC+CAAT-SC	c/libvsync/ticketlock.yml	1	libvsync	195802	6037			false	OUT OF MEMORY:1			
GenMC+CAAT-SC	c/libvsync/ttaslock.yml	1	libvsync	195314	6028			false	OUT OF MEMORY:1			
GenMC+CAAT-SC	c/pthread-C-DAC/pthread-demo-datarace-1.yml	1	pthread-C-DAC	58887	1359			false	TIMEOUT:1			
GenMC+CAAT-SC	c/pthread-C-DAC/pthread-demo-datarace-3.yml	1	pthread-C-DAC	59412	1366			true	false(unreach-call):1	0.135801522	0.125999067	25935872
GenMC+CAAT-SC	c/pthread-C-DAC/pthread-finding-k-matches.yml	1	pthread-C-DAC	60513	1414			true	true:1	0.335394221	0.328723921	65454080
GenMC+CAAT-SC	c/pthread-C-DAC/pthread-numerical-integration.yml	1	pthread-C-DAC	61268	1415			true	true:1	0.083941506	0.073811269	26103808
GenMC+CAAT-SC	c/pthread-atomic/dekker-unfair.yml	1	pthread-atomic	33417	787			true	true:1	0.0750394301	0.064987157	25939968
GenMC+CAAT-SC	c/pthread-atomic/dekker.yml	1	pthread-atomic	33410	787			true	true:1	0.069567523	0.06386513	25890816
GenMC+CAAT-SC	c/pthread-atomic/lamport.yml	1	pthread-atomic	33120	793			true	true:1	0.080777114	0.065046229	25833472
GenMC+CAAT-SC	c/pthread-atomic/peterson.yml	1	pthread-atomic	32707	759			true	true:1	0.181373588	0.066748047	25841664
GenMC+CAAT-SC	c/pthread-atomic/read_write_lock-1.yml	1	pthread-atomic	30503	700			true	true:1	0.140508699	0.073590963	26169344
GenMC+CAAT-SC	c/pthread-atomic/read_write_lock-2.yml	1	pthread-atomic	31700	758			true	false(unreach-call):1	0.142853505	0.119858568	25919488
GenMC+CAAT-SC	c/pthread-atomic/szymanski.yml	1	pthread-atomic	32937	772			true	true:1	0.090644161	0.06559889	25903104
GenMC+CAAT-SC	c/pthread-atomic/time_var_mutex.yml	1	pthread-atomic	30889	727			true	true:1	0.127810776	0.066349557	25899008
GenMC+CAAT-SC	c/pthread-complex/bounded_buffer.yml	1	pthread-complex	72808	1686			false	ERROR (compilation):1			
GenMC+CAAT-SC	c/pthread-complex/elimination_backoff_stack.yml	1	pthread-complex	65640	1622			true	true:1	25.7980662	25.6705139	26411008
GenMC+CAAT-SC	c/pthread-complex/safestack_relacy.yml	1	pthread-complex	76984	1763			false	TIMEOUT:1			
GenMC+CAAT-SC	c/pthread-complex/workstealqueue_mutex-2.yml	1	pthread-complex	80765	1975			false	ERROR (unsupported property: uninitialized memory):1			
GenMC+CAAT-SC	c/pthread-deagle/arithmetic_prog_bad.yml	1	pthread-deagle	39800	923			false	ERROR (compilation):1			
GenMC+CAAT-SC	c/pthread-deagle/arithmetic_prog_ok.yml	1	pthread-deagle	39801	923			false	ERROR (compilation):1			
GenMC+CAAT-SC	c/pthread-deagle/circular_buffer_bad.yml	1	pthread-deagle	31305	766			true	false(unreach-call):1	0.093594956	0.072025094	26021888
GenMC+CAAT-SC	c/pthread-deagle/circular_buffer_ok.yml	1	pthread-deagle	31393	768			true	true:1	3.10713565	2.99869533	25976832
GenMC+CAAT-SC	c/pthread-divine/tls_basic.yml	1	pthread-divine	31285	724			false	ERROR (compilation):1			
GenMC+CAAT-SC	c/pthread-divine/tls_destructor_worker.yml	1	pthread-divine	30825	716			false	ERROR (compilation):1			
GenMC+CAAT-SC	c/pthread-driver-races/char_generic_nvram_nvram_unlocked_ioctl_write_nvram.yml	1	pthread-driver-races	224766	6872			true	true:1	0.16396686	0.160969669	29237248
GenMC+CAAT-SC	c/pthread-driver-races/char_generic_nvram_read_nvram_nvram_unlocked_ioctl.yml	1	pthread-driver-races	224762	6872			true	true:1	0.164090636	0.157503226	29257728
GenMC+CAAT-SC	c/pthread-driver-races/char_generic_nvram_read_nvram_write_nvram.yml	1	pthread-driver-races	225270	6894			true	true:1	0.161354365	0.155366759	29229056
GenMC+CAAT-SC	c/pthread-driver-races/char_pc8736x_gpio_pc8736x_gpio_change_pc8736x_gpio_configure.yml	1	pthread-driver-races	231278	7078			true	true:1	0.246671598	0.172383158	29736960
GenMC+CAAT-SC	c/pthread-driver-races/char_pc8736x_gpio_pc8736x_gpio_change_pc8736x_gpio_current.yml	1	pthread-driver-races	231514	7086			true	true:1	0.200124507	0.165778663	29700096
GenMC+CAAT-SC	c/pthread-driver-races/char_pc8736x_gpio_pc8736x_gpio_change_pc8736x_gpio_get.yml	1	pthread-driver-races	231270	7079			true	true:1	0.191480991	0.169897919	29761536
GenMC+CAAT-SC	c/pthread-driver-races/char_pc8736x_gpio_pc8736x_gpio_change_pc8736x_gpio_set.yml	1	pthread-driver-races	231502	7086			true	true:1	0.199527592	0.167359443	29675520
GenMC+CAAT-SC	c/pthread-driver-races/char_pc8736x_gpio_pc8736x_gpio_configure_pc8736x_gpio_current.yml	1	pthread-driver-races	231282	7078			true	true:1	0.175229217	0.165506765	29724672
GenMC+CAAT-SC	c/pthread-driver-races/char_pc8736x_gpio_pc8736x_gpio_configure_pc8736x_gpio_get.yml	1	pthread-driver-races	231282	7079			true	true:1	0.188545062	0.171279586	29777920
GenMC+CAAT-SC	c/pthread-driver-races/char_pc8736x_gpio_pc8736x_gpio_configure_pc8736x_gpio_set.yml	1	pthread-driver-races	231270	7078			true	true:1	0.175997159	0.167470156	29765632
GenMC+CAAT-SC	c/pthread-driver-races/char_pc8736x_gpio_pc8736x_gpio_current_pc8736x_gpio_get.yml	1	pthread-driver-races	231274	7079			true	true:1	0.1697103	0.164000317	29736960
GenMC+CAAT-SC	c/pthread-driver-races/char_pc8736x_gpio_pc8736x_gpio_current_pc8736x_gpio_set.yml	1	pthread-driver-races	231506	7086			true	true:1	0.174898769	0.172917756	29728768
GenMC+CAAT-SC	c/pthread-driver-races/char_pc8736x_gpio_pc8736x_gpio_get_pc8736x_gpio_set.yml	1	pthread-driver-races	231262	7079			true	true:1	0.17625107	0.16889669	29761536
GenMC+CAAT-SC	c/pthread-driver-races/char_pc8736x_gpio_pc8736x_gpio_open_pc8736x_gpio_change.yml	1	pthread-driver-races	231258	7078			true	true:1	0.17471948	0.168674712	29769728
GenMC+CAAT-SC	c/pthread-driver-races/char_pc8736x_gpio_pc8736x_gpio_open_pc8736x_gpio_configure.yml	1	pthread-driver-races	231270	7078			true	true:1	0.201229955	0.16737852	29745152
GenMC+CAAT-SC	c/pthread-driver-races/char_pc8736x_gpio_pc8736x_gpio_open_pc8736x_gpio_current.yml	1	pthread-driver-races	231262	7078			true	true:1	0.176868227	0.170420325	29757440
GenMC+CAAT-SC	c/pthread-driver-races/char_pc8736x_gpio_pc8736x_gpio_open_pc8736x_gpio_get.yml	1	pthread-driver-races	231262	7079			true	true:1	0.186072351	0.17320512	29745152
GenMC+CAAT-SC	c/pthread-driver-races/char_pc8736x_gpio_pc8736x_gpio_open_pc8736x_gpio_set.yml	1	pthread-driver-races	231250	7078			true	true:1	0.175191154	0.169606209	29638656
GenMC+CAAT-SC	c/pthread-ext/01b_inc.yml	1	pthread-ext	30901	708			true	true:1	0.110971368	0.064775346	25903104
GenMC+CAAT-SC	c/pthread-ext/02_inc_cas.yml	1	pthread-ext	31027	737			true	true:1	0.140485186	0.067424589	25903104
GenMC+CAAT-SC	c/pthread-ext/03_incdec.yml	1	pthread-ext	31380	727			true	true:1	0.108338195	0.063955817	25833472
GenMC+CAAT-SC	c/pthread-ext/04_incdec_cas.yml	1	pthread-ext	31453	757			true	true:1	0.159478293	0.072411336	25952256
GenMC+CAAT-SC	c/pthread-ext/08_rand_cas.yml	1	pthread-ext	31907	786			true	true:1	0.090089201	0.067256879	25935872
GenMC+CAAT-SC	c/pthread-ext/09_fmaxsym-zero.yml	1	pthread-ext	31003	718			true	true:1	0.107416793	0.06371623	25784320
GenMC+CAAT-SC	c/pthread-ext/09_fmaxsym.yml	1	pthread-ext	31123	722			true	true:1	0.196827011	0.067175293	25817088
GenMC+CAAT-SC	c/pthread-ext/11_fmaxsymopt-zero.yml	1	pthread-ext	31118	722			true	true:1	0.068039519	0.063395275	25812992
GenMC+CAAT-SC	c/pthread-ext/11_fmaxsymopt.yml	1	pthread-ext	31236	726			true	true:1	0.0914586709	0.067269465	25899008
GenMC+CAAT-SC	c/pthread-ext/14_spin2003.yml	1	pthread-ext	30571	699			true	true:1	0.197110657	0.064898998	25825280
GenMC+CAAT-SC	c/pthread-ext/18_read_write_lock.yml	1	pthread-ext	31079	719			true	true:1	0.128695326	0.068033175	26017792
GenMC+CAAT-SC	c/pthread-ext/25_stack.yml	1	pthread-ext	31872	767			false	TIMEOUT:1			
GenMC+CAAT-SC	c/pthread-ext/25_stack_longer-1.yml	1	pthread-ext	31887	767			true	false(unreach-call):1	0.133056588	0.08152208	26038272
GenMC+CAAT-SC	c/pthread-ext/25_stack_longer-2.yml	1	pthread-ext	31884	767			false	TIMEOUT:1			
GenMC+CAAT-SC	c/pthread-ext/25_stack_longest-1.yml	1	pthread-ext	31885	767			false	TIMEOUT:1			
GenMC+CAAT-SC	c/pthread-ext/25_stack_longest-2.yml	1	pthread-ext	31888	767			true	false(unreach-call):1	0.246505551	0.127815782	26087424
GenMC+CAAT-SC	c/pthread-ext/26_stack_cas.yml	1	pthread-ext	31775	794			false	TIMEOUT:1			
GenMC+CAAT-SC	c/pthread-ext/26_stack_cas_longer-1.yml	1	pthread-ext	31790	794			true	false(unreach-call):1	0.105807015	0.08260076	26279936
GenMC+CAAT-SC	c/pthread-ext/26_stack_cas_longer-2.yml	1	pthread-ext	31787	794			false	TIMEOUT:1			
GenMC+CAAT-SC	c/pthread-ext/26_stack_cas_longest-1.yml	1	pthread-ext	31791	794			true	false(unreach-call):1	0.236685481	0.13642264	26300416
GenMC+CAAT-SC	c/pthread-ext/26_stack_cas_longest-2.yml	1	pthread-ext	31788	794			false	TIMEOUT:1			
GenMC+CAAT-SC	c/pthread-ext/28_buggy_simple_loop1_vf.yml	1	pthread-ext	30423	705			false	TIMEOUT:1			
GenMC+CAAT-SC	c/pthread-ext/29_conditionals_vs.yml	1	pthread-ext	30586	730			true	true:1	0.13431935	0.065168351	25899008
GenMC+CAAT-SC	c/pthread-ext/31_simple_loop5_vs.yml	1	pthread-ext	30848	719			false	TIMEOUT:1			
GenMC+CAAT-SC	c/pthread-ext/35_double_lock_p3_vs.yml	1	pthread-ext	31004	724			true	true:1	0.111509271	0.064584858	25915392
GenMC+CAAT-SC	c/pthread-ext/36_stack_cas_p0_vs_concur.yml	1	pthread-ext	31030	741			true	true:1	0.147466683	0.07497638	26136576
GenMC+CAAT-SC	c/pthread-ext/37_stack_lock_p0_vs_concur.yml	1	pthread-ext	31198	720			true	true:1	0.167331443	0.073603306	26091520
GenMC+CAAT-SC	c/pthread-ext/39_rand_lock_p0_vs.yml	1	pthread-ext	31196	719			true	true:1	0.092607336	0.068037483	25825280
GenMC+CAAT-SC	c/pthread-ext/40_barrier_vf.yml	1	pthread-ext	30960	710			false	ERROR (compilation):1			
GenMC+CAAT-SC	c/pthread-ext/43_NetBSD_sysmon_power_sliced-pthread.yml	1	pthread-ext	33714	801			false	ERROR (compilation):1			
GenMC+CAAT-SC	c/pthread-ext/43_NetBSD_sysmon_power_sliced.yml	1	pthread-ext	34081	817			true	true:1	0.082339161	0.072322958	26054656
GenMC+CAAT-SC	c/pthread-ext/45_monabsex1_vs.yml	1	pthread-ext	30819	719			true	true:1	0.105316791	0.063675637	25870336
GenMC+CAAT-SC	c/pthread-ext/46_monabsex2_vs.yml	1	pthread-ext	30796	719			true	true:1	0.129339465	0.06674283	25755648
GenMC+CAAT-SC	c/pthread-ext/48_ticket_lock_low_contention_vs-pthread.yml	1	pthread-ext	30774	703			true	true:1	0.102183524	0.063234188	25874432
GenMC+CAAT-SC	c/pthread-ext/48_ticket_lock_low_contention_vs.yml	1	pthread-ext	31133	728			true	true:1	0.115294608	0.067123625	25825280
GenMC+CAAT-SC	c/pthread-lit/qw2004-2b.yml	1	pthread-lit	31746	764			true	false(unreach-call):1	0.080344029	0.075158649	25870336
GenMC+CAAT-SC	c/pthread-lit/sssc12.yml	1	pthread-lit	48611	1063			true	true:1	0.0759493	0.066397652	25874432
GenMC+CAAT-SC	c/pthread-lit/sssc12_variant.yml	1	pthread-lit	48642	1064			true	true:1	0.072180561	0.066284618	25993216
GenMC+CAAT-SC	c/pthread-race-challenges/thread-local-pthread-value.yml	1	pthread-race-challenges	49736	1086			false	ERROR (compilation):1			
GenMC+CAAT-SC	c/pthread-race-challenges/thread-local-value-dynamic.yml	1	pthread-race-challenges	49714	1089			true	true:1	0.074706048	0.066792636	25948160
GenMC+CAAT-SC	c/pthread-race-challenges/thread-local-value.yml	1	pthread-race-challenges	49564	1083			true	true:1	0.072004075	0.066195717	25931776
GenMC+CAAT-SC	c/pthread-theta/exponential-4.yml	1	pthread-theta	33616	788			false	TIMEOUT:1			
GenMC+CAAT-SC	c/pthread-theta/exponential-64.yml	1	pthread-theta	33617	788			false	TIMEOUT:1			
GenMC+CAAT-SC	c/pthread-theta/exponential-nondet.yml	1	pthread-theta	33638	788			true	true:1	0.0657710601	0.060638163	25911296
GenMC+CAAT-SC	c/pthread-theta/unwind1-1.yml	1	pthread-theta	33605	780			true	true:1	0.074487352	0.063229452	25866240
GenMC+CAAT-SC	c/pthread-theta/unwind1-100.yml	1	pthread-theta	33607	780			true	true:1	0.073473203	0.062149595	25931776
GenMC+CAAT-SC	c/pthread-theta/unwind1-nondet.yml	1	pthread-theta	33627	780			true	true:1	0.069321427	0.063654292	25968640
GenMC+CAAT-SC	c/pthread-theta/unwind2-1.yml	1	pthread-theta	33683	783			true	false(unreach-call):1	0.0755203121	0.065288005	25899008
GenMC+CAAT-SC	c/pthread-theta/unwind2-100.yml	1	pthread-theta	33685	783			true	false(unreach-call):1	0.073543206	0.064400022	25919488
GenMC+CAAT-SC	c/pthread-theta/unwind2-nondet.yml	1	pthread-theta	33705	783			true	true:1	0.081585806	0.06427365	25980928
GenMC+CAAT-SC	c/pthread-theta/unwind3-1.yml	1	pthread-theta	33579	780			true	false(unreach-call):1	0.068904939	0.064612931	25899008
GenMC+CAAT-SC	c/pthread-theta/unwind3-100.yml	1	pthread-theta	33581	780			false	TIMEOUT:1			
GenMC+CAAT-SC	c/pthread-theta/unwind3-nondet.yml	1	pthread-theta	33601	780			true	true:1	0.0760918909	0.063710658	25899008
GenMC+CAAT-SC	c/pthread-theta/wsc.yml	1	pthread-theta	33980	804			true	true:1	0.086481862	0.076301525	25997312
GenMC+CAAT-SC	c/pthread-wmm/mix000.oepc.yml	1	pthread-wmm	38207	851			true	false(unreach-call):1	0.211472213	0.204211165	26308608
GenMC+CAAT-SC	c/pthread-wmm/mix000.opt.yml	1	pthread-wmm	37705	846			true	false(unreach-call):1	2.45213064	2.30141866	26189824
GenMC+CAAT-SC	c/pthread-wmm/mix001.oepc.yml	1	pthread-wmm	39489	886			false	TIMEOUT:1			
GenMC+CAAT-SC	c/pthread-wmm/mix001.opt.yml	1	pthread-wmm	38443	875			false	TIMEOUT:1			
GenMC+CAAT-SC	c/pthread-wmm/mix002.oepc.yml	1	pthread-wmm	37832	877			false	TIMEOUT:1			
GenMC+CAAT-SC	c/pthread-wmm/mix002.opt.yml	1	pthread-wmm	38526	880			false	TIMEOUT:1			
GenMC+CAAT-SC	c/pthread-wmm/mix003.oepc.yml	1	pthread-wmm	37584	867			false	TIMEOUT:1			
GenMC+CAAT-SC	c/pthread-wmm/mix003_power.opt_pso.opt_rmo.opt_tso.opt.yml	1	pthread-wmm	38308	870			false	TIMEOUT:1			
GenMC+CAAT-SC	c/pthread-wmm/mix004.oepc.yml	1	pthread-wmm	38697	897			false	TIMEOUT:1			
GenMC+CAAT-SC	c/pthread-wmm/mix004.opt.yml	1	pthread-wmm	38890	895			false	TIMEOUT:1			
GenMC+CAAT-SC	c/pthread-wmm/mix005.opt.yml	1	pthread-wmm	38808	893			false	TIMEOUT:1			
GenMC+CAAT-SC	c/pthread-wmm/mix005_power.oepc_pso.oepc_rmo.oepc.yml	1	pthread-wmm	38639	895			false	TIMEOUT:1			
GenMC+CAAT-SC	c/pthread-wmm/mix005_tso.oepc.yml	1	pthread-wmm	38619	895			false	TIMEOUT:1			
GenMC+CAAT-SC	c/pthread-wmm/mix006.opt.yml	1	pthread-wmm	38194	868			false	TIMEOUT:1			
GenMC+CAAT-SC	c/pthread-wmm/mix006_power.oepc_pso.oepc_rmo.oepc.yml	1	pthread-wmm	37524	865			false	TIMEOUT:1			
GenMC+CAAT-SC	c/pthread-wmm/mix006_tso.oepc.yml	1	pthread-wmm	44256	939			false	TIMEOUT:1			
GenMC+CAAT-SC	c/pthread-wmm/mix007.oepc.yml	1	pthread-wmm	38615	895			false	TIMEOUT:1			
GenMC+CAAT-SC	c/pthread-wmm/mix007.opt.yml	1	pthread-wmm	38808	893			false	TIMEOUT:1			
GenMC+CAAT-SC	c/pthread-wmm/mix008.opt.yml	1	pthread-wmm	38718	891			false	TIMEOUT:1			
GenMC+CAAT-SC	c/pthread-wmm/mix008_power.oepc_pso.oepc_rmo.oepc.yml	1	pthread-wmm	38549	893			false	TIMEOUT:1			
GenMC+CAAT-SC	c/pthread-wmm/mix008_tso.oepc.yml	1	pthread-wmm	44859	965			false	TIMEOUT:1			
GenMC+CAAT-SC	c/pthread-wmm/mix009.oepc.yml	1	pthread-wmm	36558	842			true	false(unreach-call):1	0.188761697	0.177410087	26226688
GenMC+CAAT-SC	c/pthread-wmm/mix009.opt.yml	1	pthread-wmm	37796	851			true	false(unreach-call):1	5.2207159	4.73754412	26263552
GenMC+CAAT-SC	c/pthread-wmm/mix010.oepc.yml	1	pthread-wmm	37673	872			false	TIMEOUT:1			
GenMC+CAAT-SC	c/pthread-wmm/mix010.opt.yml	1	pthread-wmm	38367	875			false	TIMEOUT:1			
GenMC+CAAT-SC	c/pthread-wmm/mix011.opt.yml	1	pthread-wmm	38277	873			false	TIMEOUT:1			
GenMC+CAAT-SC	c/pthread-wmm/mix011_power.oepc_pso.oepc_rmo.oepc.yml	1	pthread-wmm	37607	870			false	TIMEOUT:1			
GenMC+CAAT-SC	c/pthread-wmm/mix011_tso.oepc.yml	1	pthread-wmm	37587	870			false	TIMEOUT:1			
GenMC+CAAT-SC	c/pthread-wmm/mix012_power.oepc_power.opt_pso.oepc_rmo.oepc_rmo.opt_tso.oepc.yml	1	pthread-wmm	36361	832			true	false(unreach-call):1	0.170916945	0.164628928	26103808
GenMC+CAAT-SC	c/pthread-wmm/mix012_pso.opt_tso.opt.yml	1	pthread-wmm	37560	841			true	false(unreach-call):1	1.04765168	1.02445937	26271744
GenMC+CAAT-SC	c/pthread-wmm/mix013.oepc.yml	1	pthread-wmm	38705	897			false	TIMEOUT:1			
GenMC+CAAT-SC	c/pthread-wmm/mix013.opt.yml	1	pthread-wmm	38898	895			false	TIMEOUT:1			
GenMC+CAAT-SC	c/pthread-wmm/mix014.opt.yml	1	pthread-wmm	38808	893			false	TIMEOUT:1			
GenMC+CAAT-SC	c/pthread-wmm/mix014_power.oepc_pso.oepc_rmo.oepc.yml	1	pthread-wmm	38639	895			false	TIMEOUT:1			
GenMC+CAAT-SC	c/pthread-wmm/mix014_tso.oepc.yml	1	pthread-wmm	44254	964			false	TIMEOUT:1			
GenMC+CAAT-SC	c/pthread-wmm/mix015.oepc.yml	1	pthread-wmm	37673	872			true	false(unreach-call):1	28.3981541	28.195012	26247168
GenMC+CAAT-SC	c/pthread-wmm/mix015.opt.yml	1	pthread-wmm	38367	875			false	TIMEOUT:1			
GenMC+CAAT-SC	c/pthread-wmm/mix016.oepc.yml	1	pthread-wmm	37425	862			true	false(unreach-call):1	27.0911403	26.5495532	26263552
GenMC+CAAT-SC	c/pthread-wmm/mix016_power.opt_rmo.opt.yml	1	pthread-wmm	36980	858			false	TIMEOUT:1			
GenMC+CAAT-SC	c/pthread-wmm/mix016_pso.opt_tso.opt.yml	1	pthread-wmm	38131	865			false	TIMEOUT:1			
GenMC+CAAT-SC	c/pthread-wmm/mix017.oepc.yml	1	pthread-wmm	38540	892			false	TIMEOUT:1			
GenMC+CAAT-SC	c/pthread-wmm/mix017_power.opt_rmo.opt.yml	1	pthread-wmm	37551	882			false	TIMEOUT:1			
GenMC+CAAT-SC	c/pthread-wmm/mix017_pso.opt_tso.opt.yml	1	pthread-wmm	38745	890			false	TIMEOUT:1			
GenMC+CAAT-SC	c/pthread-wmm/mix018.opt.yml	1	pthread-wmm	38643	888			false	TIMEOUT:1			
GenMC+CAAT-SC	c/pthread-wmm/mix018_power.oepc_pso.oepc_rmo.oepc.yml	1	pthread-wmm	38474	890			false	TIMEOUT:1			
GenMC+CAAT-SC	c/pthread-wmm/mix018_tso.oepc.yml	1	pthread-wmm	38454	890			false	TIMEOUT:1			
GenMC+CAAT-SC	c/pthread-wmm/mix019.opt.yml	1	pthread-wmm	38029	863			false	TIMEOUT:1			
GenMC+CAAT-SC	c/pthread-wmm/mix019_power.oepc_pso.oepc_rmo.oepc.yml	1	pthread-wmm	37359	860			true	false(unreach-call):1	26.116105	25.794339	26198016
GenMC+CAAT-SC	c/pthread-wmm/mix019_tso.oepc.yml	1	pthread-wmm	37339	860			false	TIMEOUT:1			
GenMC+CAAT-SC	c/pthread-wmm/mix020.oepc.yml	1	pthread-wmm	38450	890			false	TIMEOUT:1			
GenMC+CAAT-SC	c/pthread-wmm/mix020.opt.yml	1	pthread-wmm	38643	888			false	TIMEOUT:1			
GenMC+CAAT-SC	c/pthread-wmm/mix021.opt.yml	1	pthread-wmm	38553	886			false	TIMEOUT:1			
GenMC+CAAT-SC	c/pthread-wmm/mix021_power.oepc_pso.oepc_rmo.oepc.yml	1	pthread-wmm	38384	888			false	TIMEOUT:1			
GenMC+CAAT-SC	c/pthread-wmm/mix021_tso.oepc.yml	1	pthread-wmm	37863	883			false	TIMEOUT:1			
GenMC+CAAT-SC	c/pthread-wmm/mix022_power.oepc_power.opt_pso.oepc_pso.opt_rmo.oepc_rmo.opt.yml	1	pthread-wmm	36270	830			true	false(unreach-call):1	0.199423742	0.169399657	26218496
GenMC+CAAT-SC	c/pthread-wmm/mix022_tso.yml	1	pthread-wmm	37916	843			true	false(unreach-call):1	0.963783254	0.947659354	26345472
GenMC+CAAT-SC	c/pthread-wmm/mix023_power.oepc_pso.oepc_rmo.oepc.yml	1	pthread-wmm	38549	893			false	TIMEOUT:1			
GenMC+CAAT-SC	c/pthread-wmm/mix023_power.opt_pso.opt_rmo.opt.yml	1	pthread-wmm	37544	883			false	TIMEOUT:1			
GenMC+CAAT-SC	c/pthread-wmm/mix023_tso.yml	1	pthread-wmm	45856	975			false	TIMEOUT:1			
GenMC+CAAT-SC	c/pthread-wmm/mix024_power.oepc_pso.oepc_rmo.oepc_tso.oepc_tso.opt.yml	1	pthread-wmm	37624	870			true	false(unreach-call):1	28.2128621	27.8212083	26222592
GenMC+CAAT-SC	c/pthread-wmm/mix024_power.opt_pso.opt_rmo.opt.yml	1	pthread-wmm	37146	866			false	TIMEOUT:1			
GenMC+CAAT-SC	c/pthread-wmm/mix025_power.oepc_power.opt_pso.oepc_rmo.oepc_tso.oepc_tso.opt.yml	1	pthread-wmm	37386	860			true	false(unreach-call):1	25.6094239	25.4435239	26198016
GenMC+CAAT-SC	c/pthread-wmm/mix025_pso.opt_rmo.opt.yml	1	pthread-wmm	36888	856			false	TIMEOUT:1			
GenMC+CAAT-SC	c/pthread-wmm/mix026.oepc.yml	1	pthread-wmm	38450	890			false	TIMEOUT:1			
GenMC+CAAT-SC	c/pthread-wmm/mix026_power.opt_tso.opt.yml	1	pthread-wmm	38005	886			false	TIMEOUT:1			
GenMC+CAAT-SC	c/pthread-wmm/mix026_pso.opt_rmo.opt.yml	1	pthread-wmm	37459	880			false	TIMEOUT:1			
GenMC+CAAT-SC	c/pthread-wmm/mix027_power.oepc_pso.oepc_rmo.oepc.yml	1	pthread-wmm	38384	888			false	TIMEOUT:1			
GenMC+CAAT-SC	c/pthread-wmm/mix027_power.opt_pso.opt_rmo.opt.yml	1	pthread-wmm	37379	878			false	TIMEOUT:1			
GenMC+CAAT-SC	c/pthread-wmm/mix027_tso.yml	1	pthread-wmm	38359	888			false	TIMEOUT:1			
GenMC+CAAT-SC	c/pthread-wmm/mix028_power.oepc_pso.oepc_rmo.oepc.yml	1	pthread-wmm	37269	858			true	false(unreach-call):1	25.4608389	25.3515014	26279936
GenMC+CAAT-SC	c/pthread-wmm/mix028_power.opt_pso.opt_rmo.opt.yml	1	pthread-wmm	37266	858			false	TIMEOUT:1			
GenMC+CAAT-SC	c/pthread-wmm/mix028_tso.yml	1	pthread-wmm	38440	866			false	TIMEOUT:1			
GenMC+CAAT-SC	c/pthread-wmm/mix029_power.oepc_pso.oepc_rmo.oepc_tso.oepc_tso.opt.yml	1	pthread-wmm	38401	888			false	TIMEOUT:1			
GenMC+CAAT-SC	c/pthread-wmm/mix029_power.opt_pso.opt_rmo.opt.yml	1	pthread-wmm	37880	883			false	TIMEOUT:1			
GenMC+CAAT-SC	c/pthread-wmm/mix030_power.oepc_pso.oepc_rmo.oepc.yml	1	pthread-wmm	38294	886			false	TIMEOUT:1			
GenMC+CAAT-SC	c/pthread-wmm/mix030_power.opt_pso.opt_rmo.opt.yml	1	pthread-wmm	37790	881			false	TIMEOUT:1			
GenMC+CAAT-SC	c/pthread-wmm/mix030_tso.yml	1	pthread-wmm	38964	889			false	TIMEOUT:1			
GenMC+CAAT-SC	c/pthread-wmm/mix031.oepc.yml	1	pthread-wmm	36641	847			true	false(unreach-call):1	0.261672163	0.244735527	26136576
GenMC+CAAT-SC	c/pthread-wmm/mix031.opt.yml	1	pthread-wmm	36182	843			true	false(unreach-call):1	8.89450929	8.75380073	26120192
GenMC+CAAT-SC	c/pthread-wmm/mix032.oepc.yml	1	pthread-wmm	37756	877			false	TIMEOUT:1			
GenMC+CAAT-SC	c/pthread-wmm/mix032.opt.yml	1	pthread-wmm	36753	867			false	TIMEOUT:1			
GenMC+CAAT-SC	c/pthread-wmm/mix033.opt.yml	1	pthread-wmm	36663	865			false	TIMEOUT:1			
GenMC+CAAT-SC	c/pthread-wmm/mix033_power.oepc_pso.oepc_rmo.oepc.yml	1	pthread-wmm	37690	875			false	TIMEOUT:1			
GenMC+CAAT-SC	c/pthread-wmm/mix033_tso.oepc.yml	1	pthread-wmm	37670	875			false	TIMEOUT:1			
GenMC+CAAT-SC	c/pthread-wmm/mix034_power.oepc_power.opt_pso.oepc_rmo.oepc_rmo.opt_tso.oepc.yml	1	pthread-wmm	36444	837			true	false(unreach-call):1	0.240226208	0.232563396	26136576
GenMC+CAAT-SC	c/pthread-wmm/mix034_pso.opt_tso.opt.yml	1	pthread-wmm	35946	833			true	false(unreach-call):1	1.59306071	1.54823381	26075136
GenMC+CAAT-SC	c/pthread-wmm/mix035.oepc.yml	1	pthread-wmm	37508	867			true	false(unreach-call):1	53.4100461	52.8304937	26210304
GenMC+CAAT-SC	c/pthread-wmm/mix035_power.opt_rmo.opt.yml	1	pthread-wmm	37063	863			false	TIMEOUT:1			
GenMC+CAAT-SC	c/pthread-wmm/mix035_pso.opt_tso.opt.yml	1	pthread-wmm	36517	857			false	TIMEOUT:1			
GenMC+CAAT-SC	c/pthread-wmm/mix036.oepc.yml	1	pthread-wmm	38623	897			false	TIMEOUT:1			
GenMC+CAAT-SC	c/pthread-wmm/mix036_power.opt_rmo.opt.yml	1	pthread-wmm	37634	887			false	TIMEOUT:1			
GenMC+CAAT-SC	c/pthread-wmm/mix036_pso.opt_tso.opt.yml	1	pthread-wmm	37131	882			false	TIMEOUT:1			
GenMC+CAAT-SC	c/pthread-wmm/mix037.opt.yml	1	pthread-wmm	37029	880			false	TIMEOUT:1			
GenMC+CAAT-SC	c/pthread-wmm/mix037_power.oepc_pso.oepc_rmo.oepc.yml	1	pthread-wmm	38557	895			false	TIMEOUT:1			
GenMC+CAAT-SC	c/pthread-wmm/mix037_tso.oepc.yml	1	pthread-wmm	38537	895			false	TIMEOUT:1			
GenMC+CAAT-SC	c/pthread-wmm/mix038.opt.yml	1	pthread-wmm	36421	855			false	TIMEOUT:1			
GenMC+CAAT-SC	c/pthread-wmm/mix038_power.oepc_pso.oepc_rmo.oepc.yml	1	pthread-wmm	37448	865			true	false(unreach-call):1	53.1521653	51.996383	26259456
GenMC+CAAT-SC	c/pthread-wmm/mix038_tso.oepc.yml	1	pthread-wmm	37428	865			false	TIMEOUT:1			
GenMC+CAAT-SC	c/pthread-wmm/mix039.oepc.yml	1	pthread-wmm	38541	895			false	TIMEOUT:1			
GenMC+CAAT-SC	c/pthread-wmm/mix039.opt.yml	1	pthread-wmm	37037	880			false	TIMEOUT:1			
GenMC+CAAT-SC	c/pthread-wmm/mix040.opt.yml	1	pthread-wmm	36947	878			false	TIMEOUT:1			
GenMC+CAAT-SC	c/pthread-wmm/mix040_power.oepc_pso.oepc_rmo.oepc.yml	1	pthread-wmm	38475	893			false	TIMEOUT:1			
GenMC+CAAT-SC	c/pthread-wmm/mix040_tso.oepc.yml	1	pthread-wmm	37954	888			false	TIMEOUT:1			
GenMC+CAAT-SC	c/pthread-wmm/mix041_power.oepc_pso.oepc_rmo.oepc.yml	1	pthread-wmm	36331	835			true	false(unreach-call):1	0.279856482	0.224853399	26144768
GenMC+CAAT-SC	c/pthread-wmm/mix041_power.opt_pso.opt_rmo.opt_tso.oepc_tso.opt.yml	1	pthread-wmm	36345	835			true	false(unreach-call):1	1.41200202	1.37678855	26181632
GenMC+CAAT-SC	c/pthread-wmm/mix042.oepc.yml	1	pthread-wmm	37424	865			true	false(unreach-call):1	51.927591	51.5820941	26189824
GenMC+CAAT-SC	c/pthread-wmm/mix042.opt.yml	1	pthread-wmm	36922	860			false	TIMEOUT:1			
GenMC+CAAT-SC	c/pthread-wmm/mix043.oepc.yml	1	pthread-wmm	38541	895			false	TIMEOUT:1			
GenMC+CAAT-SC	c/pthread-wmm/mix043.opt.yml	1	pthread-wmm	37538	885			false	TIMEOUT:1			
GenMC+CAAT-SC	c/pthread-wmm/mix044.opt.yml	1	pthread-wmm	37448	883			false	TIMEOUT:1			
GenMC+CAAT-SC	c/pthread-wmm/mix044_power.oepc_pso.oepc_rmo.oepc.yml	1	pthread-wmm	38475	893			false	TIMEOUT:1			
GenMC+CAAT-SC	c/pthread-wmm/mix044_tso.oepc.yml	1	pthread-wmm	38455	893			false	TIMEOUT:1			
GenMC+CAAT-SC	c/pthread-wmm/mix045_power.oepc_pso.oepc_rmo.oepc.yml	1	pthread-wmm	37358	863			true	false(unreach-call):1	51.4400855	51.0232972	26189824
GenMC+CAAT-SC	c/pthread-wmm/mix045_power.opt_pso.opt_rmo.opt_tso.oepc_tso.opt.yml	1	pthread-wmm	36871	858			false	TIMEOUT:1			
GenMC+CAAT-SC	c/pthread-wmm/mix046.oepc.yml	1	pthread-wmm	38451	893			false	TIMEOUT:1			
GenMC+CAAT-SC	c/pthread-wmm/mix046.opt.yml	1	pthread-wmm	37448	883			false	TIMEOUT:1			
GenMC+CAAT-SC	c/pthread-wmm/mix047_power.oepc_pso.oepc_rmo.oepc.yml	1	pthread-wmm	38385	891			false	TIMEOUT:1			
GenMC+CAAT-SC	c/pthread-wmm/mix047_power.opt_pso.opt_rmo.opt_tso.oepc_tso.opt.yml	1	pthread-wmm	37397	881			false	TIMEOUT:1			
GenMC+CAAT-SC	c/pthread-wmm/mix048_power.oepc_power.opt_pso.oepc_pso.opt_rmo.oepc_rmo.opt_tso.oepc_tso.opt-podwr000_power.oepc_power.opt_pso.oepc_pso.opt_rmo.oepc_rmo.opt_tso.oepc_tso.opt.yml	1	pthread-wmm	36297	827			true	false(unreach-call):1	0.142064731	0.127657313	26120192
GenMC+CAAT-SC	c/pthread-wmm/mix049_power.oepc_power.opt_pso.oepc_pso.opt_rmo.oepc_rmo.opt_tso.oepc_tso.opt-podwr001_power.oepc_power.opt_pso.oepc_pso.opt_rmo.oepc_rmo.opt_tso.oepc_tso.opt.yml	1	pthread-wmm	37414	857			true	false(unreach-call):1	12.0283974	11.725613	26255360
GenMC+CAAT-SC	c/pthread-wmm/mix050.yml	1	pthread-wmm	38378	887			false	TIMEOUT:1			
GenMC+CAAT-SC	c/pthread-wmm/mix051_power.oepc_power.opt_pso.oepc_rmo.oepc.yml	1	pthread-wmm	38327	885			false	TIMEOUT:1			
GenMC+CAAT-SC	c/pthread-wmm/mix051_pso.opt_rmo.opt_tso.opt.yml	1	pthread-wmm	36809	870			false	TIMEOUT:1			
GenMC+CAAT-SC	c/pthread-wmm/mix051_tso.oepc.yml	1	pthread-wmm	38297	885			false	TIMEOUT:1			
GenMC+CAAT-SC	c/pthread-wmm/mix052_power.oepc_power.opt_pso.oepc_rmo.oepc.yml	1	pthread-wmm	37210	855			true	false(unreach-call):1	12.3565453	11.9716807	26255360
GenMC+CAAT-SC	c/pthread-wmm/mix052_pso.opt_rmo.opt_tso.opt.yml	1	pthread-wmm	36193	845			false	TIMEOUT:1			
GenMC+CAAT-SC	c/pthread-wmm/mix052_tso.oepc.yml	1	pthread-wmm	37180	855			false	TIMEOUT:1			
GenMC+CAAT-SC	c/pthread-wmm/mix053.opt.yml	1	pthread-wmm	36699	868			false	TIMEOUT:1			
GenMC+CAAT-SC	c/pthread-wmm/mix053_power.oepc_pso.oepc_rmo.oepc.yml	1	pthread-wmm	38227	883			false	TIMEOUT:1			
GenMC+CAAT-SC	c/pthread-wmm/mix053_tso.oepc.yml	1	pthread-wmm	37706	878			false	TIMEOUT:1			
GenMC+CAAT-SC	c/pthread-wmm/mix054_power.oepc_power.opt_pso.oepc_rmo.oepc.yml	1	pthread-wmm	36093	825			true	false(unreach-call):1	0.134776631	0.122257132	26144768
GenMC+CAAT-SC	c/pthread-wmm/mix054_pso.opt_rmo.opt_tso.oepc_tso.opt.yml	1	pthread-wmm	36087	825			true	false(unreach-call):1	0.3653614	0.348942699	26169344
GenMC+CAAT-SC	c/pthread-wmm/mix055.opt.yml	1	pthread-wmm	37200	873			false	TIMEOUT:1			
GenMC+CAAT-SC	c/pthread-wmm/mix055_power.oepc_pso.oepc_rmo.oepc.yml	1	pthread-wmm	38227	883			false	TIMEOUT:1			
GenMC+CAAT-SC	c/pthread-wmm/mix055_tso.oepc.yml	1	pthread-wmm	38207	883			false	TIMEOUT:1			
GenMC+CAAT-SC	c/pthread-wmm/mix056_power.oepc_pso.oepc_rmo.oepc.yml	1	pthread-wmm	37110	853			true	false(unreach-call):1	11.4170044	11.3368012	26284032
GenMC+CAAT-SC	c/pthread-wmm/mix056_power.opt_pso.opt_rmo.opt_tso.oepc_tso.opt.yml	1	pthread-wmm	36623	848			false	TIMEOUT:1			
GenMC+CAAT-SC	c/pthread-wmm/mix057_power.oepc_pso.oepc_rmo.oepc.yml	1	pthread-wmm	38137	881			false	TIMEOUT:1			
GenMC+CAAT-SC	c/pthread-wmm/mix057_power.opt_pso.opt_rmo.opt_tso.oepc_tso.opt.yml	1	pthread-wmm	37149	871			false	TIMEOUT:1			
GenMC+CAAT-SC	c/pthread-wmm/rfi000_power.oepc_pso.oepc_rmo.oepc.yml	1	pthread-wmm	39717	859			true	false(unreach-call):1	0.357534772	0.276508864	26439680
GenMC+CAAT-SC	c/pthread-wmm/rfi000_power.opt_pso.opt_rmo.opt.yml	1	pthread-wmm	36320	833			true	false(unreach-call):1	1.55017506	1.37286378	26222592
GenMC+CAAT-SC	c/pthread-wmm/rfi000_tso.yml	1	pthread-wmm	39692	859			true	true:1	3.37046117	2.83306708	26533888
GenMC+CAAT-SC	c/pthread-wmm/rfi001_power.oepc_pso.oepc_rmo.oepc.yml	1	pthread-wmm	36331	835			true	false(unreach-call):1	0.273964212	0.230247996	26177536
GenMC+CAAT-SC	c/pthread-wmm/rfi001_power.opt_pso.opt_rmo.opt_tso.oepc_tso.opt.yml	1	pthread-wmm	36345	835			true	false(unreach-call):1	1.43586277	1.38208236	26177536
GenMC+CAAT-SC	c/pthread-wmm/rfi002_power.oepc_power.opt_pso.oepc_pso.opt_rmo.oepc_rmo.opt.yml	1	pthread-wmm	40433	869			true	true:1	7.73587728	7.48307638	26533888
GenMC+CAAT-SC	c/pthread-wmm/rfi002_tso.yml	1	pthread-wmm	43661	914			true	true:1	10.8497848	10.8147209	26742784
GenMC+CAAT-SC	c/pthread-wmm/rfi003_power.oepc_power.opt_pso.oepc_pso.opt_rmo.oepc_rmo.opt.yml	1	pthread-wmm	36037	833			true	false(unreach-call):1	4.17526918	3.79783592	26079232
GenMC+CAAT-SC	c/pthread-wmm/rfi003_tso.yml	1	pthread-wmm	40339	868			true	true:1	7.70793973	7.46581648	26501120
GenMC+CAAT-SC	c/pthread-wmm/rfi004.yml	1	pthread-wmm	35990	835			true	false(unreach-call):1	3.93079004	3.84677559	26120192
GenMC+CAAT-SC	c/pthread-wmm/rfi005.yml	1	pthread-wmm	39665	867			true	false(unreach-call):1	0.112394373	0.082989864	26411008
GenMC+CAAT-SC	c/pthread-wmm/rfi006_power.oepc.yml	1	pthread-wmm	39504	872			true	false(unreach-call):1	0.185309839	0.087571009	26488832
GenMC+CAAT-SC	c/pthread-wmm/rfi006_power.opt.yml	1	pthread-wmm	39827	881			true	false(unreach-call):1	0.188921688	0.088394485	26472448
GenMC+CAAT-SC	c/pthread-wmm/rfi006_pso.oepc_pso.opt_tso.oepc_tso.opt.yml	1	pthread-wmm	38984	868			false	TIMEOUT:1			
GenMC+CAAT-SC	c/pthread-wmm/rfi006_rmo.yml	1	pthread-wmm	38611	871			true	false(unreach-call):1	0.0889379779	0.083157521	26279936
GenMC+CAAT-SC	c/pthread-wmm/rfi007_power.oepc_power.opt_pso.oepc_pso.opt_rmo.oepc_rmo.opt.yml	1	pthread-wmm	36274	830			true	false(unreach-call):1	0.186772374	0.164243638	26120192
GenMC+CAAT-SC	c/pthread-wmm/rfi007_tso.yml	1	pthread-wmm	37920	843			true	false(unreach-call):1	0.98676155	0.960822516	26333184
GenMC+CAAT-SC	c/pthread-wmm/rfi008.oepc.yml	1	pthread-wmm	38219	851			true	false(unreach-call):1	0.209678222	0.202029879	26238976
GenMC+CAAT-SC	c/pthread-wmm/rfi008.opt.yml	1	pthread-wmm	37717	846			true	false(unreach-call):1	2.39396728	2.31391989	26284032
GenMC+CAAT-SC	c/pthread-wmm/rfi009_power.oepc.yml	1	pthread-wmm	39594	874			true	false(unreach-call):1	0.128311234	0.087096967	26464256
GenMC+CAAT-SC	c/pthread-wmm/rfi009_power.opt_pso.oepc_pso.opt_rmo.opt_tso.oepc_tso.opt.yml	1	pthread-wmm	38634	866			false	TIMEOUT:1			
GenMC+CAAT-SC	c/pthread-wmm/rfi009_rmo.oepc.yml	1	pthread-wmm	38706	873			true	false(unreach-call):1	0.090812323	0.085050421	26296320
GenMC+CAAT-SC	c/pthread-wmm/rfi010.yml	1	pthread-wmm	37604	843			true	false(unreach-call):1	2.33391774	2.27056631	26292224
GenMC+CAAT-SC	c/pthread-wmm/safe000_power.oepc.yml	1	pthread-wmm	41703	890			true	false(unreach-call):1	0.09824119	0.091719205	26509312
GenMC+CAAT-SC	c/pthread-wmm/safe000_power.opt.yml	1	pthread-wmm	39090	877			false	TIMEOUT:1			
GenMC+CAAT-SC	c/pthread-wmm/safe000_pso.oepc_pso.opt_tso.oepc_tso.opt.yml	1	pthread-wmm	32886	795			false	TIMEOUT:1			
GenMC+CAAT-SC	c/pthread-wmm/safe000_rmo.yml	1	pthread-wmm	40810	889			true	false(unreach-call):1	0.09712172	0.093193879	26484736
GenMC+CAAT-SC	c/pthread-wmm/safe001_power.oepc.yml	1	pthread-wmm	41613	888			true	false(unreach-call):1	0.10000428	0.092422841	26648576
GenMC+CAAT-SC	c/pthread-wmm/safe001_power.opt_pso.oepc_pso.opt_rmo.opt.yml	1	pthread-wmm	37199	853			false	TIMEOUT:1			
GenMC+CAAT-SC	c/pthread-wmm/safe001_rmo.oepc.yml	1	pthread-wmm	40725	887			true	false(unreach-call):1	0.104250214	0.093336475	26591232
GenMC+CAAT-SC	c/pthread-wmm/safe001_tso.yml	1	pthread-wmm	32766	793			false	TIMEOUT:1			
GenMC+CAAT-SC	c/pthread-wmm/safe002_power.oepc.yml	1	pthread-wmm	41703	890			true	false(unreach-call):1	0.100428631	0.091664603	26624000
GenMC+CAAT-SC	c/pthread-wmm/safe002_power.opt_pso.oepc_pso.opt_rmo.opt.yml	1	pthread-wmm	36831	851			false	TIMEOUT:1			
GenMC+CAAT-SC	c/pthread-wmm/safe002_rmo.oepc.yml	1	pthread-wmm	40815	889			true	false(unreach-call):1	0.105812846	0.090573137	26476544
GenMC+CAAT-SC	c/pthread-wmm/safe002_tso.yml	1	pthread-wmm	32856	795			false	TIMEOUT:1			
GenMC+CAAT-SC	c/pthread-wmm/safe003_power.oepc_pso.oepc_pso.opt_rmo.oepc_rmo.opt.yml	1	pthread-wmm	40693	881			true	false(unreach-call):1	14.8691493	14.4004759	26587136
GenMC+CAAT-SC	c/pthread-wmm/safe003_power.opt.yml	1	pthread-wmm	39090	877			false	TIMEOUT:1			
GenMC+CAAT-SC	c/pthread-wmm/safe003_tso.yml	1	pthread-wmm	32856	795			false	TIMEOUT:1			
GenMC+CAAT-SC	c/pthread-wmm/safe004_power.oepc_pso.oepc_rmo.oepc.yml	1	pthread-wmm	40587	879			true	false(unreach-call):1	14.0267965	13.9779149	26537984
GenMC+CAAT-SC	c/pthread-wmm/safe004_power.opt_pso.opt_rmo.opt.yml	1	pthread-wmm	37190	853			false	TIMEOUT:1			
GenMC+CAAT-SC	c/pthread-wmm/safe004_tso.yml	1	pthread-wmm	32766	793			false	TIMEOUT:1			
GenMC+CAAT-SC	c/pthread-wmm/safe005_power.oepc_power.opt_pso.oepc_pso.opt_rmo.oepc_rmo.opt.yml	1	pthread-wmm	36907	853			false	TIMEOUT:1			
GenMC+CAAT-SC	c/pthread-wmm/safe005_tso.yml	1	pthread-wmm	32912	797			false	TIMEOUT:1			
GenMC+CAAT-SC	c/pthread-wmm/safe006_power.oepc-thin000_power.oepc.yml	1	pthread-wmm	37174	835			true	false(unreach-call):1	0.0819568109	0.076906228	26275840
GenMC+CAAT-SC	c/pthread-wmm/safe006_power.opt-thin000_power.opt.yml	1	pthread-wmm	37919	847			true	false(unreach-call):1	0.48148981	0.463899651	26279936
GenMC+CAAT-SC	c/pthread-wmm/safe006_pso.oepc_pso.opt_tso.oepc_tso.opt-thin000_pso.oepc_pso.opt_tso.oepc_tso.opt.yml	1	pthread-wmm	32399	775			true	true:1	0.399591425	0.246100417	25894912
GenMC+CAAT-SC	c/pthread-wmm/safe006_rmo.oepc_rmo.opt-thin000_rmo.oepc_rmo.opt.yml	1	pthread-wmm	36300	834			true	false(unreach-call):1	0.094685682	0.075589685	26095616
GenMC+CAAT-SC	c/pthread-wmm/safe007_power.oepc-thin001_power.oepc.yml	1	pthread-wmm	37835	861			true	false(unreach-call):1	0.0934190521	0.083596002	26296320
GenMC+CAAT-SC	c/pthread-wmm/safe007_power.opt-thin001_power.opt.yml	1	pthread-wmm	38615	874			false	TIMEOUT:1			
GenMC+CAAT-SC	c/pthread-wmm/safe007_pso.oepc_pso.opt_tso.oepc_tso.opt-thin001_pso.oepc_pso.opt_tso.oepc_tso.opt.yml	1	pthread-wmm	32936	797			false	TIMEOUT:1			
GenMC+CAAT-SC	c/pthread-wmm/safe007_rmo.oepc_rmo.opt-thin001_rmo.oepc_rmo.opt.yml	1	pthread-wmm	36961	860			true	false(unreach-call):1	0.090993852	0.079599015	26230784
GenMC+CAAT-SC	c/pthread-wmm/safe008_power.oepc_pso.oepc_pso.opt_rmo.oepc_rmo.opt.yml	1	pthread-wmm	37217	855			true	false(unreach-call):1	9.42665846	9.3751131	26234880
GenMC+CAAT-SC	c/pthread-wmm/safe008_power.opt.yml	1	pthread-wmm	39008	877			false	TIMEOUT:1			
GenMC+CAAT-SC	c/pthread-wmm/safe008_tso.yml	1	pthread-wmm	32774	795			false	TIMEOUT:1			
GenMC+CAAT-SC	c/pthread-wmm/safe009_power.oepc.yml	1	pthread-wmm	39841	872			true	false(unreach-call):1	0.113345791	0.088364152	26476544
GenMC+CAAT-SC	c/pthread-wmm/safe009_power.opt.yml	1	pthread-wmm	38925	872			false	TIMEOUT:1			
GenMC+CAAT-SC	c/pthread-wmm/safe009_pso.oepc_pso.opt_tso.oepc_tso.opt.yml	1	pthread-wmm	32721	790			true	true:1	54.009253	51.9700281	25837568
GenMC+CAAT-SC	c/pthread-wmm/safe009_rmo.oepc.yml	1	pthread-wmm	38953	871			true	false(unreach-call):1	0.0921942451	0.084237796	26349568
GenMC+CAAT-SC	c/pthread-wmm/safe009_rmo.opt.yml	1	pthread-wmm	37713	862			false	TIMEOUT:1			
GenMC+CAAT-SC	c/pthread-wmm/safe010_power.oepc_power.opt_pso.oepc_pso.opt_rmo.oepc_rmo.opt.yml	1	pthread-wmm	36110	825			true	false(unreach-call):1	0.116866528	0.106254559	26165248
GenMC+CAAT-SC	c/pthread-wmm/safe010_tso.yml	1	pthread-wmm	32237	773			true	true:1	0.497024617	0.239515534	25903104
GenMC+CAAT-SC	c/pthread-wmm/safe011_power.oepc_pso.oepc_rmo.oepc_rmo.opt.yml	1	pthread-wmm	37119	853			true	false(unreach-call):1	9.26144601	9.2328741	26288128
GenMC+CAAT-SC	c/pthread-wmm/safe011_power.opt_pso.opt.yml	1	pthread-wmm	37100	853			false	TIMEOUT:1			
GenMC+CAAT-SC	c/pthread-wmm/safe011_tso.yml	1	pthread-wmm	32684	793			false	TIMEOUT:1			
GenMC+CAAT-SC	c/pthread-wmm/safe012_power.oepc.yml	1	pthread-wmm	37816	861			true	false(unreach-call):1	0.0905784511	0.083951895	26238976
GenMC+CAAT-SC	c/pthread-wmm/safe012_power.opt.yml	1	pthread-wmm	38597	874			false	TIMEOUT:1			
GenMC+CAAT-SC	c/pthread-wmm/safe012_pso.oepc_pso.opt_rmo.opt.yml	1	pthread-wmm	36829	853			false	TIMEOUT:1			
GenMC+CAAT-SC	c/pthread-wmm/safe012_rmo.oepc.yml	1	pthread-wmm	36928	860			true	false(unreach-call):1	0.087480975	0.076679505	26177536
GenMC+CAAT-SC	c/pthread-wmm/safe012_tso.yml	1	pthread-wmm	32864	797			false	TIMEOUT:1			
GenMC+CAAT-SC	c/pthread-wmm/safe013_power.oepc_power.opt_pso.oepc_pso.opt_rmo.oepc_rmo.opt.yml	1	pthread-wmm	36825	853			false	TIMEOUT:1			
GenMC+CAAT-SC	c/pthread-wmm/safe013_tso.yml	1	pthread-wmm	32830	797			false	TIMEOUT:1			
GenMC+CAAT-SC	c/pthread-wmm/safe014_power.oepc.yml	1	pthread-wmm	37808	859			true	false(unreach-call):1	0.089152905	0.080494149	26296320
GenMC+CAAT-SC	c/pthread-wmm/safe014_power.opt.yml	1	pthread-wmm	38131	868			true	false(unreach-call):1	0.0865126509	0.083091814	26284032
GenMC+CAAT-SC	c/pthread-wmm/safe014_pso.oepc_pso.opt_tso.oepc_tso.opt.yml	1	pthread-wmm	32886	795			false	TIMEOUT:1			
GenMC+CAAT-SC	c/pthread-wmm/safe014_rmo.oepc.yml	1	pthread-wmm	36920	858			true	false(unreach-call):1	0.092581854	0.082129968	26173440
GenMC+CAAT-SC	c/pthread-wmm/safe014_rmo.opt.yml	1	pthread-wmm	40814	889			false	TIMEOUT:1			
GenMC+CAAT-SC	c/pthread-wmm/safe015_power.oepc.yml	1	pthread-wmm	42317	908			true	false(unreach-call):1	0.100551832	0.08498871	26599424
GenMC+CAAT-SC	c/pthread-wmm/safe015_power.opt.yml	1	pthread-wmm	41668	890			false	TIMEOUT:1			
GenMC+CAAT-SC	c/pthread-wmm/safe015_pso.oepc_pso.opt_tso.oepc_tso.opt.yml	1	pthread-wmm	32852	795			false	TIMEOUT:1			
GenMC+CAAT-SC	c/pthread-wmm/safe015_rmo.yml	1	pthread-wmm	40776	889			false	TIMEOUT:1			
GenMC+CAAT-SC	c/pthread-wmm/safe016_power.oepc.yml	1	pthread-wmm	40329	891			true	false(unreach-call):1	0.103922314	0.090865463	26509312
GenMC+CAAT-SC	c/pthread-wmm/safe016_power.opt.yml	1	pthread-wmm	41287	900			false	TIMEOUT:1			
GenMC+CAAT-SC	c/pthread-wmm/safe016_pso.oepc_pso.opt_tso.oepc_tso.opt.yml	1	pthread-wmm	33085	805			false	TIMEOUT:1			
GenMC+CAAT-SC	c/pthread-wmm/safe016_rmo.oepc.yml	1	pthread-wmm	39441	890			true	false(unreach-call):1	0.0993120549	0.087791884	26451968
GenMC+CAAT-SC	c/pthread-wmm/safe016_rmo.opt.yml	1	pthread-wmm	40399	899			false	TIMEOUT:1			
GenMC+CAAT-SC	c/pthread-wmm/safe017_power.oepc_power.opt_pso.oepc_pso.opt_rmo.oepc_rmo.opt.yml	1	pthread-wmm	37054	848			true	false(unreach-call):1	3.44151614	3.3696405	26312704
GenMC+CAAT-SC	c/pthread-wmm/safe017_tso.yml	1	pthread-wmm	32601	788			true	true:1	55.3925821	50.8669721	25927680
GenMC+CAAT-SC	c/pthread-wmm/safe018_power.oepc.yml	1	pthread-wmm	37733	856			true	false(unreach-call):1	0.088523734	0.08025547	26222592
GenMC+CAAT-SC	c/pthread-wmm/safe018_power.opt.yml	1	pthread-wmm	40254	883			false	TIMEOUT:1			
GenMC+CAAT-SC	c/pthread-wmm/safe018_pso.oepc_pso.opt_tso.oepc_tso.opt.yml	1	pthread-wmm	32811	792			true	true:1	55.9687538	55.163067	25882624
GenMC+CAAT-SC	c/pthread-wmm/safe018_rmo.oepc.yml	1	pthread-wmm	36845	855			true	false(unreach-call):1	0.0890873111	0.077250982	26234880
GenMC+CAAT-SC	c/pthread-wmm/safe018_rmo.opt.yml	1	pthread-wmm	39042	873			false	TIMEOUT:1			
GenMC+CAAT-SC	c/pthread-wmm/safe019_power.oepc.yml	1	pthread-wmm	40419	893			true	false(unreach-call):1	0.104269759	0.092663116	26480640
GenMC+CAAT-SC	c/pthread-wmm/safe019_power.opt.yml	1	pthread-wmm	41278	908			false	TIMEOUT:1			
GenMC+CAAT-SC	c/pthread-wmm/safe019_pso.oepc_pso.opt_tso.oepc_tso.opt.yml	1	pthread-wmm	33175	807			false	TIMEOUT:1			
GenMC+CAAT-SC	c/pthread-wmm/safe019_rmo.oepc.yml	1	pthread-wmm	39531	892			true	false(unreach-call):1	0.142584587	0.089504977	26513408
GenMC+CAAT-SC	c/pthread-wmm/safe019_rmo.opt.yml	1	pthread-wmm	40031	897			false	TIMEOUT:1			
GenMC+CAAT-SC	c/pthread-wmm/safe020_power.yml	1	pthread-wmm	40216	883			false	TIMEOUT:1			
GenMC+CAAT-SC	c/pthread-wmm/safe020_pso.oepc_pso.opt_tso.oepc_tso.opt.yml	1	pthread-wmm	32777	792			false	TIMEOUT:1			
GenMC+CAAT-SC	c/pthread-wmm/safe020_rmo.yml	1	pthread-wmm	39004	873			false	TIMEOUT:1			
GenMC+CAAT-SC	c/pthread-wmm/safe021_power.oepc_pso.oepc_rmo.oepc_rmo.opt.yml	1	pthread-wmm	37209	855			true	false(unreach-call):1	11.7934237	11.6276614	26210304
GenMC+CAAT-SC	c/pthread-wmm/safe021_power.opt_pso.opt.yml	1	pthread-wmm	37190	855			false	TIMEOUT:1			
GenMC+CAAT-SC	c/pthread-wmm/safe021_tso.yml	1	pthread-wmm	32774	795			false	TIMEOUT:1			
GenMC+CAAT-SC	c/pthread-wmm/safe022_power.oepc_power.opt_pso.oepc_pso.opt_rmo.oepc_rmo.opt.yml	1	pthread-wmm	36200	827			true	false(unreach-call):1	0.144045447	0.124215735	26193920
GenMC+CAAT-SC	c/pthread-wmm/safe022_tso.yml	1	pthread-wmm	32327	775			true	true:1	0.384489188	0.239465028	25825280
GenMC+CAAT-SC	c/pthread-wmm/safe023_power.oepc_power.opt_pso.oepc_pso.opt_rmo.oepc_rmo.opt.yml	1	pthread-wmm	41303	889			false	TIMEOUT:1			
GenMC+CAAT-SC	c/pthread-wmm/safe023_tso.yml	1	pthread-wmm	32912	797			false	TIMEOUT:1			
GenMC+CAAT-SC	c/pthread-wmm/safe024_power.oepc_power.opt_pso.oepc_pso.opt_rmo.oepc_rmo.opt.yml	1	pthread-wmm	36915	855			false	TIMEOUT:1			
GenMC+CAAT-SC	c/pthread-wmm/safe024_tso.yml	1	pthread-wmm	32920	799			false	TIMEOUT:1			
GenMC+CAAT-SC	c/pthread-wmm/safe025_power.yml	1	pthread-wmm	42402	910			true	false(unreach-call):1	0.14056661	0.087268513	26574848
GenMC+CAAT-SC	c/pthread-wmm/safe025_pso.oepc_pso.opt_tso.oepc_tso.opt.yml	1	pthread-wmm	32942	797			false	TIMEOUT:1			
GenMC+CAAT-SC	c/pthread-wmm/safe025_rmo.yml	1	pthread-wmm	40866	891			false	TIMEOUT:1			
GenMC+CAAT-SC	c/pthread-wmm/safe026_power.oepc_power.opt_pso.oepc_pso.opt_rmo.oepc_rmo.opt.yml	1	pthread-wmm	37144	850			true	false(unreach-call):1	4.25561733	4.20436569	26267648
GenMC+CAAT-SC	c/pthread-wmm/safe026_tso.yml	1	pthread-wmm	32691	790			true	true:1	57.1766211	51.6032679	25952256
GenMC+CAAT-SC	c/pthread-wmm/safe027_power.oepc.yml	1	pthread-wmm	40008	890			true	false(unreach-call):1	0.097903886	0.089055256	26402816
GenMC+CAAT-SC	c/pthread-wmm/safe027_power.opt.yml	1	pthread-wmm	41368	910			false	TIMEOUT:1			
GenMC+CAAT-SC	c/pthread-wmm/safe027_pso.oepc_pso.opt_tso.oepc_tso.opt.yml	1	pthread-wmm	33265	809			false	TIMEOUT:1			
GenMC+CAAT-SC	c/pthread-wmm/safe027_rmo.yml	1	pthread-wmm	39115	889			true	false(unreach-call):1	0.173758778	0.090814476	26411008
GenMC+CAAT-SC	c/pthread-wmm/safe028_power.yml	1	pthread-wmm	40306	885			false	TIMEOUT:1			
GenMC+CAAT-SC	c/pthread-wmm/safe028_pso.oepc_pso.opt_tso.oepc_tso.opt.yml	1	pthread-wmm	32867	794			false	TIMEOUT:1			
GenMC+CAAT-SC	c/pthread-wmm/safe028_rmo.yml	1	pthread-wmm	39094	875			false	TIMEOUT:1			
GenMC+CAAT-SC	c/pthread-wmm/safe029_power.oepc_pso.oepc_rmo.oepc.yml	1	pthread-wmm	35994	823			true	false(unreach-call):1	0.129730133	0.11288836	26132480
GenMC+CAAT-SC	c/pthread-wmm/safe029_power.opt_pso.opt_rmo.opt.yml	1	pthread-wmm	35991	823			true	false(unreach-call):1	0.372123558	0.349109486	26132480
GenMC+CAAT-SC	c/pthread-wmm/safe029_tso.yml	1	pthread-wmm	32147	771			true	true:1	0.476220295	0.232946752	25845760
GenMC+CAAT-SC	c/pthread-wmm/safe030_power.oepc_pso.oepc_rmo.oepc.yml	1	pthread-wmm	37021	851			true	false(unreach-call):1	9.23919148	9.13675615	26198016
GenMC+CAAT-SC	c/pthread-wmm/safe030_power.opt_pso.opt_rmo.opt.yml	1	pthread-wmm	36517	846			false	TIMEOUT:1			
GenMC+CAAT-SC	c/pthread-wmm/safe030_tso.yml	1	pthread-wmm	32594	791			false	TIMEOUT:1			
GenMC+CAAT-SC	c/pthread-wmm/safe031_power.oepc_pso.oepc_rmo.oepc.yml	1	pthread-wmm	36709	851			false	TIMEOUT:1			
GenMC+CAAT-SC	c/pthread-wmm/safe031_power.opt_pso.opt_rmo.opt.yml	1	pthread-wmm	36663	850			false	TIMEOUT:1			
GenMC+CAAT-SC	c/pthread-wmm/safe031_tso.yml	1	pthread-wmm	32740	795			false	TIMEOUT:1			
GenMC+CAAT-SC	c/pthread-wmm/safe032_power.oepc_power.opt_pso.oepc_pso.opt_rmo.oepc_rmo.opt.yml	1	pthread-wmm	40768	884			false	TIMEOUT:1			
GenMC+CAAT-SC	c/pthread-wmm/safe032_tso.yml	1	pthread-wmm	32878	797			false	TIMEOUT:1			
GenMC+CAAT-SC	c/pthread-wmm/safe033_power.oepc_power.opt_pso.oepc_pso.opt_rmo.oepc_rmo.opt.yml	1	pthread-wmm	35708	823			true	false(unreach-call):1	0.758203312	0.732151934	26177536
GenMC+CAAT-SC	c/pthread-wmm/safe033_tso.yml	1	pthread-wmm	32293	775			true	true:1	0.723058157	0.417518335	25931776
GenMC+CAAT-SC	c/pthread-wmm/safe034_power.oepc_power.opt_pso.oepc_pso.opt_rmo.oepc_rmo.opt.yml	1	pthread-wmm	36337	849			false	TIMEOUT:1			
GenMC+CAAT-SC	c/pthread-wmm/safe034_tso.yml	1	pthread-wmm	32886	799			false	TIMEOUT:1			
GenMC+CAAT-SC	c/pthread-wmm/safe035_power.yml	1	pthread-wmm	43232	904			false	TIMEOUT:1			
GenMC+CAAT-SC	c/pthread-wmm/safe035_pso.oepc_pso.opt_rmo.oepc_rmo.opt_tso.oepc_tso.opt.yml	1	pthread-wmm	33071	801			false	TIMEOUT:1			
GenMC+CAAT-SC	c/pthread-wmm/safe036.yml	1	pthread-wmm	32435	779			true	true:1	0.95645452	0.900090801	25960448
GenMC+CAAT-SC	c/pthread-wmm/safe037.yml	1	pthread-wmm	33028	803			false	TIMEOUT:1			
GenMC+CAAT-SC	c/pthread-wmm/thin002_power.oepc.yml	1	pthread-wmm	38477	887			true	false(unreach-call):1	0.095191474	0.085464491	26251264
GenMC+CAAT-SC	c/pthread-wmm/thin002_power.opt.yml	1	pthread-wmm	39293	901			false	TIMEOUT:1			
GenMC+CAAT-SC	c/pthread-wmm/thin002_pso.oepc_pso.opt_tso.oepc_tso.opt.yml	1	pthread-wmm	33431	819			false	TIMEOUT:1			
GenMC+CAAT-SC	c/pthread-wmm/thin002_rmo.yml	1	pthread-wmm	37584	886			true	false(unreach-call):1	0.100664204	0.083441753	26169344
GenMC+CAAT-SC	c/pthread/bigshot_s.yml	1	pthread	55602	1128			true	true:1	0.077209451	0.070383771	26009600
GenMC+CAAT-SC	c/pthread/bigshot_s2.yml	1	pthread	55597	1128			true	true:1	0.0726371029	0.06622756	25944064
GenMC+CAAT-SC	c/pthread/butterfly.yml	1	pthread	33848	806			true	true:1	14.8975187	14.4238329	25944064
GenMC+CAAT-SC	c/pthread/fib_safe-10.yml	1	pthread	31319	728			false	TIMEOUT:1			
GenMC+CAAT-SC	c/pthread/fib_safe-11.yml	1	pthread	31319	728			false	TIMEOUT:1			
GenMC+CAAT-SC	c/pthread/fib_safe-12.yml	1	pthread	31319	728			false	TIMEOUT:1			
GenMC+CAAT-SC	c/pthread/fib_safe-5.yml	1	pthread	31317	728			true	true:1	3.81137041	3.59918237	25829376
GenMC+CAAT-SC	c/pthread/fib_safe-6.yml	1	pthread	31317	728			true	true:1	19.5431183	18.501467	25919488
GenMC+CAAT-SC	c/pthread/fib_safe-7.yml	1	pthread	31317	728			false	TIMEOUT:1			
GenMC+CAAT-SC	c/pthread/fib_unsafe-10.yml	1	pthread	31319	728			false	TIMEOUT:1			
GenMC+CAAT-SC	c/pthread/fib_unsafe-11.yml	1	pthread	31319	728			false	TIMEOUT:1			
GenMC+CAAT-SC	c/pthread/fib_unsafe-12.yml	1	pthread	31319	728			false	TIMEOUT:1			
GenMC+CAAT-SC	c/pthread/fib_unsafe-5.yml	1	pthread	31317	728			true	false(unreach-call):1	1.18419859	0.988810161	25956352
GenMC+CAAT-SC	c/pthread/fib_unsafe-6.yml	1	pthread	31317	728			true	false(unreach-call):1	5.92826412	5.04135858	25829376
GenMC+CAAT-SC	c/pthread/fib_unsafe-7.yml	1	pthread	31317	728			true	false(unreach-call):1	26.3301486	25.7023204	25853952
GenMC+CAAT-SC	c/pthread/lazy01.yml	1	pthread	31389	739			true	false(unreach-call):1	0.070018527	0.063706562	25968640
GenMC+CAAT-SC	c/pthread/queue.yml	1	pthread	44025	1068			true	false(unreach-call):1	0.105910333	0.098166143	25972736
GenMC+CAAT-SC	c/pthread/queue_longer.yml	1	pthread	44020	1067			false	TIMEOUT:1			
GenMC+CAAT-SC	c/pthread/queue_longest.yml	1	pthread	44020	1067			false	TIMEOUT:1			
GenMC+CAAT-SC	c/pthread/queue_ok.yml	1	pthread	43780	1057			true	true:1	0.08045177	0.073705416	26083328
GenMC+CAAT-SC	c/pthread/queue_ok_longer.yml	1	pthread	43782	1057			true	true:1	0.576902307	0.468782751	79384576
GenMC+CAAT-SC	c/pthread/queue_ok_longest.yml	1	pthread	43790	1057			true	true:1	1.66556798	1.6521976	276946944
GenMC+CAAT-SC	c/pthread/reorder_2.yml	1	pthread	60275	1310			true	false(unreach-call):1	0.153290424	0.146032711	26050560
GenMC+CAAT-SC	c/pthread/reorder_5.yml	1	pthread	59811	1302			true	false(unreach-call):1	3.3016405	3.29035986	26050560
GenMC+CAAT-SC	c/pthread/singleton.yml	1	pthread	56401	1166			true	false(unreach-call):1	0.079204931	0.072763654	26165248
GenMC+CAAT-SC	c/pthread/singleton_with-uninit-problems.yml	1	pthread	56437	1166			true	true:1	0.078977898	0.072836895	26148864
GenMC+CAAT-SC	c/pthread/stack-1.yml	1	pthread	42807	1027			true	true:1	0.0771392741	0.067547675	26030080
GenMC+CAAT-SC	c/pthread/stack-2.yml	1	pthread	42825	1028			true	true:1	0.0730782381	0.070244943	25960448
GenMC+CAAT-SC	c/pthread/stack_longer-1.yml	1	pthread	42838	1026			true	true:1	16.48175	14.1182442	695930880
GenMC+CAAT-SC	c/pthread/stack_longer-2.yml	1	pthread	42822	1026			true	true:1	14.3509001	14.1564919	687153152
GenMC+CAAT-SC	c/pthread/stack_longest-1.yml	1	pthread	42841	1027			false	TIMEOUT:1			
GenMC+CAAT-SC	c/pthread/stack_longest-2.yml	1	pthread	42823	1026			false	TIMEOUT:1			
GenMC+CAAT-SC	c/pthread/stateful01-1.yml	1	pthread	30876	731			true	false(unreach-call):1	0.126282173	0.068448183	25927680
GenMC+CAAT-SC	c/pthread/stateful01-2.yml	1	pthread	30876	731			true	true:1	0.10210911	0.065535056	25894912
GenMC+CAAT-SC	c/pthread/sync01.yml	1	pthread	42052	970			false	ERROR (compilation):1			
GenMC+CAAT-SC	c/pthread/triangular-1.yml	1	pthread	30992	725			true	true:1	6.45340414	6.38974606	25939968
GenMC+CAAT-SC	c/pthread/triangular-2.yml	1	pthread	30994	725			true	false(unreach-call):1	2.53376806	1.58855542	25890816
GenMC+CAAT-SC	c/pthread/triangular-longer-1.yml	1	pthread	31003	725			false	TIMEOUT:1			
GenMC+CAAT-SC	c/pthread/triangular-longer-2.yml	1	pthread	31005	725			false	TIMEOUT:1			
GenMC+CAAT-SC	c/pthread/triangular-longest-1.yml	1	pthread	31004	725			false	TIMEOUT:1			
GenMC+CAAT-SC	c/pthread/triangular-longest-2.yml	1	pthread	31006	725			false	TIMEOUT:1			
GenMC+CAAT-SC	c/pthread/twostage_3.yml	1	pthread	61359	1342			true	false(unreach-call):1	0.096939305	0.088802095	26128384
GenMC+CAAT-SC	c/weaver/array-eq-symm.wvr.yml	1	weaver	2600	99			true	true:1	0.0891276461	0.063523565	25432064
GenMC+CAAT-SC	c/weaver/array-eq-trans.wvr.yml	1	weaver	3099	116			true	true:1	0.101025189	0.063060744	25436160
GenMC+CAAT-SC	c/weaver/bench-exp1x3.wvr.yml	1	weaver	1905	73			true	true:1	0.07157294	0.060550228	25407488
GenMC+CAAT-SC	c/weaver/bench-exp2x3.wvr.yml	1	weaver	2319	95			true	true:1	0.0998126069	0.059751899	25460736
GenMC+CAAT-SC	c/weaver/bench-exp2x4.wvr.yml	1	weaver	2391	99			true	true:1	0.120045759	0.055675663	25403392
GenMC+CAAT-SC	c/weaver/bench-exp2x6.wvr.yml	1	weaver	2535	107			true	true:1	0.181984943	0.062006838	25427968
GenMC+CAAT-SC	c/weaver/bench-exp2x9.wvr.yml	1	weaver	2751	119			true	true:1	0.097986095	0.061428595	25432064
GenMC+CAAT-SC	c/weaver/bench-exp3x3-opt.wvr.yml	1	weaver	2934	120			true	true:1	0.104518894	0.067648233	25518080
GenMC+CAAT-SC	c/weaver/bench-exp3x3.wvr.yml	1	weaver	2733	117			true	true:1	0.134753725	0.065435499	25436160
GenMC+CAAT-SC	c/weaver/chl-array-int-subst.wvr.yml	1	weaver	3296	129			true	true:1	0.095750935	0.06574064	25436160
GenMC+CAAT-SC	c/weaver/chl-array-int-symm.wvr.yml	1	weaver	2984	112			true	true:1	0.098546983	0.06297528	25411584
GenMC+CAAT-SC	c/weaver/chl-array-int-trans.wvr.yml	1	weaver	3243	128			true	true:1	0.0917371841	0.065656255	25448448
GenMC+CAAT-SC	c/weaver/chl-chromosome-opt-symm.wvr.yml	1	weaver	2915	107			true	true:1	0.0779952779	0.0649055	25395200
GenMC+CAAT-SC	c/weaver/chl-chromosome-subst.wvr.yml	1	weaver	3612	130			true	true:1	0.082177446	0.063094923	25464832
GenMC+CAAT-SC	c/weaver/chl-chromosome-symm.wvr.yml	1	weaver	3197	113			true	true:1	0.129985467	0.06398379	25432064
GenMC+CAAT-SC	c/weaver/chl-chromosome-trans.wvr.yml	1	weaver	3549	129			true	true:1	0.094241511	0.065851663	25489408
GenMC+CAAT-SC	c/weaver/chl-collitem-subst.wvr.yml	1	weaver	3765	110			true	true:1	0.079029071	0.066019609	25456640
GenMC+CAAT-SC	c/weaver/chl-collitem-symm.wvr.yml	1	weaver	3194	96			true	true:1	0.100046104	0.065965135	25436160
GenMC+CAAT-SC	c/weaver/chl-collitem-trans.wvr.yml	1	weaver	3702	109			true	true:1	0.112331202	0.063209429	25513984
GenMC+CAAT-SC	c/weaver/chl-exp-term-subst.wvr.yml	1	weaver	3293	90			true	true:1	0.09483156	0.064397323	25505792
GenMC+CAAT-SC	c/weaver/chl-exp-term-symm.wvr.yml	1	weaver	2836	81			true	true:1	0.0971407261	0.062830766	25399296
GenMC+CAAT-SC	c/weaver/chl-file-item-subst.wvr.yml	1	weaver	3236	93			true	true:1	0.106361317	0.061839376	25427968
GenMC+CAAT-SC	c/weaver/chl-file-item-symm.wvr.yml	1	weaver	2703	83			true	true:1	0.0775448621	0.063177606	25395200
GenMC+CAAT-SC	c/weaver/chl-file-item-trans.wvr.yml	1	weaver	3038	92			true	true:1	0.134416928	0.065984222	25497600
GenMC+CAAT-SC	c/weaver/chl-match-subst.wvr.yml	1	weaver	3239	98			true	true:1	0.082528391	0.064526987	25432064
GenMC+CAAT-SC	c/weaver/chl-match-symm.wvr.yml	1	weaver	2793	86			true	true:1	0.094862329	0.062001671	25399296
GenMC+CAAT-SC	c/weaver/chl-match-trans.wvr.yml	1	weaver	3176	97			true	true:1	0.101299249	0.063417225	25407488
GenMC+CAAT-SC	c/weaver/chl-name-comparator-subst.wvr.yml	1	weaver	5351	162			true	true:1	0.14249288	0.073192646	25681920
GenMC+CAAT-SC	c/weaver/chl-name-comparator-symm.wvr.yml	1	weaver	4359	133			true	true:1	0.130559691	0.069284068	25604096
GenMC+CAAT-SC	c/weaver/chl-name-comparator-trans.wvr.yml	1	weaver	5303	162			true	true:1	0.094399101	0.068643441	25587712
GenMC+CAAT-SC	c/weaver/chl-node-subst.wvr.yml	1	weaver	4817	140			true	true:1	0.0983497991	0.069829112	25563136
GenMC+CAAT-SC	c/weaver/chl-node-symm.wvr.yml	1	weaver	4113	124			true	true:1	0.069623323	0.062531285	25477120
GenMC+CAAT-SC	c/weaver/chl-node-trans.wvr.yml	1	weaver	4766	140			true	true:1	0.132047149	0.068903028	25628672
GenMC+CAAT-SC	c/weaver/chl-nzb-file-subst.wvr.yml	1	weaver	7028	184			true	true:1	0.120555475	0.094547187	25694208
GenMC+CAAT-SC	c/weaver/chl-nzb-file-symm.wvr.yml	1	weaver	5443	148			true	true:1	0.137180701	0.087587903	25657344
GenMC+CAAT-SC	c/weaver/chl-nzb-file-trans.wvr.yml	1	weaver	6977	184			true	true:1	0.128988263	0.092000136	25698304
GenMC+CAAT-SC	c/weaver/chl-poker-hand-subst.wvr.yml	1	weaver	19764	364			true	true:1	0.190738985	0.113100497	26427392
GenMC+CAAT-SC	c/weaver/chl-poker-hand-symm.wvr.yml	1	weaver	13323	255			true	true:1	0.132349427	0.094853749	26087424
GenMC+CAAT-SC	c/weaver/chl-poker-hand-trans.wvr.yml	1	weaver	19389	361			true	true:1	0.201002844	0.117755216	26513408
GenMC+CAAT-SC	c/weaver/chl-simpl-str-subst.wvr.yml	1	weaver	2796	90			true	true:1	0.115851226	0.064172897	25436160
GenMC+CAAT-SC	c/weaver/chl-simpl-str-symm.wvr.yml	1	weaver	2512	81			true	true:1	0.128275017	0.058567134	25423872
GenMC+CAAT-SC	c/weaver/chl-simpl-str-trans.wvr.yml	1	weaver	2735	89			true	true:1	0.101380457	0.059843157	25477120
GenMC+CAAT-SC	c/weaver/chl-sre-subst.wvr.yml	1	weaver	2401	80			true	true:1	0.0868515359	0.060710317	25370624
GenMC+CAAT-SC	c/weaver/chl-sre-symm.wvr.yml	1	weaver	2188	72			true	true:1	0.083730083	0.055862769	25464832
GenMC+CAAT-SC	c/weaver/chl-sre-trans.wvr.yml	1	weaver	2340	79			true	true:1	0.112727814	0.059474398	25423872
GenMC+CAAT-SC	c/weaver/chl-time-subst.wvr.yml	1	weaver	3100	102			true	true:1	0.137750209	0.067926303	25432064
GenMC+CAAT-SC	c/weaver/chl-time-symm.wvr.yml	1	weaver	2702	89			true	true:1	0.118576547	0.062280728	25427968
GenMC+CAAT-SC	c/weaver/chl-time-trans.wvr.yml	1	weaver	3057	102			true	true:1	0.110927869	0.06487552	25432064
GenMC+CAAT-SC	c/weaver/chl-word-subst.wvr.yml	1	weaver	3707	143			false	OUT OF MEMORY:1			
GenMC+CAAT-SC	c/weaver/chl-word-symm.wvr.yml	1	weaver	3197	119			false	OUT OF MEMORY:1			
GenMC+CAAT-SC	c/weaver/chl-word-trans.wvr.yml	1	weaver	3654	142			false	OUT OF MEMORY:1			
GenMC+CAAT-SC	c/weaver/clever.wvr.yml	1	weaver	2189	84			true	true:1	0.061684843	0.056103977	25366528
GenMC+CAAT-SC	c/weaver/fibonacci.wvr.yml	1	weaver	2692	99			true	true:1	0.104235202	0.062568506	25427968
GenMC+CAAT-SC	c/weaver/loop-tiling-eq.wvr.yml	1	weaver	2968	108			true	true:1	0.113730896	0.065956718	25501696
GenMC+CAAT-SC	c/weaver/mult-comm.wvr.yml	1	weaver	1966	73			false	OUT OF MEMORY:1			
GenMC+CAAT-SC	c/weaver/mult-dist.wvr.yml	1	weaver	2185	83			false	OUT OF MEMORY:1			
GenMC+CAAT-SC	c/weaver/mult-flipped-dist.wvr.yml	1	weaver	2204	84			false	OUT OF MEMORY:1			
GenMC+CAAT-SC	c/weaver/parallel-bakery-2.wvr.yml	1	weaver	2585	101			true	true:1	0.0927462891	0.062098924	25444352
GenMC+CAAT-SC	c/weaver/parallel-bakery-3.wvr.yml	1	weaver	3662	140			true	true:1	0.129109598	0.061622467	25481216
GenMC+CAAT-SC	c/weaver/parallel-bakery-4.wvr.yml	1	weaver	5118	189			true	true:1	0.150784168	0.072570225	25694208
GenMC+CAAT-SC	c/weaver/parallel-barrier-loop.wvr.yml	1	weaver	3951	174			true	true:1	0.12134444	0.061627806	25473024
GenMC+CAAT-SC	c/weaver/parallel-barrier.wvr.yml	1	weaver	3447	151			true	true:1	0.085270808	0.062278514	25452544
GenMC+CAAT-SC	c/weaver/parallel-bluetooth.wvr.yml	1	weaver	2520	94			true	true:1	0.072376507	0.058221895	25440256
GenMC+CAAT-SC	c/weaver/parallel-lamport.wvr.yml	1	weaver	3368	134			true	true:1	0.090819335	0.061232673	25513984
GenMC+CAAT-SC	c/weaver/parallel-min-max-1.wvr.yml	1	weaver	2966	115			false	OUT OF MEMORY:1			
GenMC+CAAT-SC	c/weaver/parallel-misc-1.wvr.yml	1	weaver	3257	123			true	true:1	0.0948565931	0.062004735	25501696
GenMC+CAAT-SC	c/weaver/parallel-misc-2-unrolled-atomic.wvr.yml	1	weaver	2307	87			true	true:1	0.111115154	0.057322911	25444352
GenMC+CAAT-SC	c/weaver/parallel-misc-2-unrolled.wvr.yml	1	weaver	2072	81			true	true:1	0.0658115919	0.054512241	25419776
GenMC+CAAT-SC	c/weaver/parallel-misc-2.wvr.yml	1	weaver	2279	93			true	true:1	0.0934287929	0.056916778	25395200
GenMC+CAAT-SC	c/weaver/parallel-misc-3-extended.wvr.yml	1	weaver	2451	116			true	true:1	0.224371257	0.100851603	25382912
GenMC+CAAT-SC	c/weaver/parallel-misc-3.wvr.yml	1	weaver	2122	94			true	true:1	0.073797746	0.061477039	25358336
GenMC+CAAT-SC	c/weaver/parallel-misc-4.wvr.yml	1	weaver	2287	96			true	true:1	0.095002401	0.056906217	25440256
GenMC+CAAT-SC	c/weaver/parallel-misc-5.wvr.yml	1	weaver	3095	123			true	true:1	0.095202137	0.061013749	25362432
GenMC+CAAT-SC	c/weaver/parallel-parallel-sum-1-dsl.wvr.yml	1	weaver	4926	194			true	true:1	0.0835764221	0.069232166	25612288
GenMC+CAAT-SC	c/weaver/parallel-parallel-sum-1.wvr.yml	1	weaver	4170	156			true	true:1	0.115240752	0.068402427	25559040
GenMC+CAAT-SC	c/weaver/parallel-parallel-sum-2.wvr.yml	1	weaver	4779	186			true	true:1	0.113731567	0.068024339	25563136
GenMC+CAAT-SC	c/weaver/parallel-parallel-sum-equiv.wvr.yml	1	weaver	4298	164			true	true:1	0.134717954	0.068054632	25563136
GenMC+CAAT-SC	c/weaver/parallel-simple-equiv.wvr.yml	1	weaver	2111	80			true	true:1	0.0599804161	0.05675071	25341952
GenMC+CAAT-SC	c/weaver/parallel-ticket-2.wvr.yml	1	weaver	2137	84			true	true:1	0.063764554	0.052232231	25362432
GenMC+CAAT-SC	c/weaver/parallel-ticket-3.wvr.yml	1	weaver	2360	97			true	true:1	0.104716042	0.058824648	25432064
GenMC+CAAT-SC	c/weaver/parallel-ticket-4.wvr.yml	1	weaver	2583	110			true	true:1	0.118088342	0.060044736	25407488
GenMC+CAAT-SC	c/weaver/parallel-ticket-5.wvr.yml	1	weaver	2806	123			true	true:1	0.13175551	0.064084282	25456640
GenMC+CAAT-SC	c/weaver/parallel-ticket-6.wvr.yml	1	weaver	3029	136			true	true:1	0.0774205071	0.062665416	25436160
GenMC+CAAT-SC	c/weaver/parallel-ticket-7.wvr.yml	1	weaver	3252	149			true	true:1	0.104687633	0.061379833	25530368
GenMC+CAAT-SC	c/weaver/parallel-ticket-8.wvr.yml	1	weaver	3475	162			true	true:1	0.088864781	0.061870619	25505792
GenMC+CAAT-SC	c/weaver/popl20-bad-buffer-mult-alt.wvr.yml	1	weaver	4821	174			false	OUT OF MEMORY:1			
GenMC+CAAT-SC	c/weaver/popl20-bad-buffer-mult-alt2.wvr.yml	1	weaver	4702	170			false	OUT OF MEMORY:1			
GenMC+CAAT-SC	c/weaver/popl20-bad-buffer-mult-alt3.wvr.yml	1	weaver	4821	174			false	OUT OF MEMORY:1			
GenMC+CAAT-SC	c/weaver/popl20-bad-commit-1.wvr-bad.yml	1	weaver	5484	176			true	true:1	0.0880149781	0.069165834	25542656
GenMC+CAAT-SC	c/weaver/popl20-bad-commit-2.wvr-bad.yml	1	weaver	7010	220			true	true:1	0.102911409	0.068162095	25653248
GenMC+CAAT-SC	c/weaver/popl20-bad-counter-queue.wvr.yml	1	weaver	2771	104			true	true:1	0.098365453	0.064509924	25432064
GenMC+CAAT-SC	c/weaver/popl20-bad-counter-queue2.wvr.yml	1	weaver	2926	107			true	true:1	0.100928723	0.064631669	25448448
GenMC+CAAT-SC	c/weaver/popl20-bad-dot-product-alt.wvr.yml	1	weaver	3697	130			true	true:1	0.140014161	0.067220643	25505792
GenMC+CAAT-SC	c/weaver/popl20-bad-dot-product.wvr.yml	1	weaver	3380	127			true	true:1	0.081040995	0.062796725	25468928
GenMC+CAAT-SC	c/weaver/popl20-bad-ring-nondet.wvr.yml	1	weaver	4447	170			true	true:1	0.139851333	0.070115169	25563136
GenMC+CAAT-SC	c/weaver/popl20-bad-ring.wvr.yml	1	weaver	4309	164			true	true:1	0.12232794	0.067509451	25526272
GenMC+CAAT-SC	c/weaver/popl20-bad-threaded-sum-2.wvr.yml	1	weaver	2532	98			false	TIMEOUT:1			
GenMC+CAAT-SC	c/weaver/popl20-bad-three-array-sum-alt.wvr.yml	1	weaver	2927	111			true	true:1	0.077828986	0.064395483	25403392
GenMC+CAAT-SC	c/weaver/popl20-channel-sum.wvr.yml	1	weaver	2746	102			true	true:1	0.09808278	0.063736951	25432064
GenMC+CAAT-SC	c/weaver/popl20-commit-1.wvr.yml	1	weaver	4966	162			true	true:1	0.095724805	0.067311055	25534464
GenMC+CAAT-SC	c/weaver/popl20-commit-2.wvr.yml	1	weaver	6221	200			true	true:1	0.197914346	0.09897694	25563136
GenMC+CAAT-SC	c/weaver/popl20-counter-determinism.wvr.yml	1	weaver	2247	92			true	true:1	0.080100368	0.057789181	25468928
GenMC+CAAT-SC	c/weaver/popl20-counter-fun.wvr.yml	1	weaver	3030	102			true	true:1	0.165743761	0.066384547	25423872
GenMC+CAAT-SC	c/weaver/popl20-difference-det.wvr.yml	1	weaver	2276	93			true	true:1	0.061433006	0.054350194	25354240
GenMC+CAAT-SC	c/weaver/popl20-figure1-alt.wvr.yml	1	weaver	1950	74			true	true:1	0.06589223	0.057344092	25370624
GenMC+CAAT-SC	c/weaver/popl20-figure1.wvr.yml	1	weaver	1854	71			true	true:1	0.060212599	0.055004903	25321472
GenMC+CAAT-SC	c/weaver/popl20-figure3.wvr.yml	1	weaver	1975	74			false	TIMEOUT:1			
GenMC+CAAT-SC	c/weaver/popl20-horseshoe.wvr.yml	1	weaver	3786	141			false	OUT OF MEMORY:1			
GenMC+CAAT-SC	c/weaver/popl20-min-max-dec.wvr.yml	1	weaver	3047	121			true	true:1	0.105243179	0.062655378	25497600
GenMC+CAAT-SC	c/weaver/popl20-min-max-inc-dec.wvr.yml	1	weaver	3252	133			true	true:1	0.111907755	0.061953793	25464832
GenMC+CAAT-SC	c/weaver/popl20-min-max-inc.wvr.yml	1	weaver	3046	121			true	true:1	0.095266312	0.062327784	25452544
GenMC+CAAT-SC	c/weaver/popl20-more-array-sum-alt.wvr.yml	1	weaver	2844	111			true	true:1	0.132902096	0.066468745	25481216
GenMC+CAAT-SC	c/weaver/popl20-more-array-sum-alt2.wvr.yml	1	weaver	3040	115			true	true:1	0.09667012	0.066497837	25440256
GenMC+CAAT-SC	c/weaver/popl20-more-array-sum.wvr.yml	1	weaver	2899	112			true	true:1	0.140655879	0.068112252	25460736
GenMC+CAAT-SC	c/weaver/popl20-more-array-sum2.wvr.yml	1	weaver	3114	117			true	true:1	0.086724662	0.063021405	25403392
GenMC+CAAT-SC	c/weaver/popl20-more-buffer-mult.wvr.yml	1	weaver	4746	172			false	OUT OF MEMORY:1			
GenMC+CAAT-SC	c/weaver/popl20-more-buffer-mult2.wvr.yml	1	weaver	4627	168			false	OUT OF MEMORY:1			
GenMC+CAAT-SC	c/weaver/popl20-more-buffer-mult3.wvr.yml	1	weaver	4746	172			false	OUT OF MEMORY:1			
GenMC+CAAT-SC	c/weaver/popl20-more-buffer-series.wvr.yml	1	weaver	4879	175			true	true:1	0.126192991	0.06792371	25579520
GenMC+CAAT-SC	c/weaver/popl20-more-buffer-series2.wvr.yml	1	weaver	4760	171			true	true:1	0.13683534	0.071017223	25612288
GenMC+CAAT-SC	c/weaver/popl20-more-buffer-series3.wvr.yml	1	weaver	4879	175			true	true:1	0.09579004	0.069684224	25600000
GenMC+CAAT-SC	c/weaver/popl20-more-dec-subseq.wvr.yml	1	weaver	3273	121			true	true:1	0.082599926	0.061076066	25427968
GenMC+CAAT-SC	c/weaver/popl20-more-inc-subseq.wvr.yml	1	weaver	3273	121			true	true:1	0.096626227	0.061245168	25419776
GenMC+CAAT-SC	c/weaver/popl20-more-max-array-hom.wvr.yml	1	weaver	2948	114			true	true:1	0.118559931	0.06814268	25489408
GenMC+CAAT-SC	c/weaver/popl20-more-max-array.wvr.yml	1	weaver	2915	114			true	true:1	0.093630164	0.063754819	25452544
GenMC+CAAT-SC	c/weaver/popl20-more-min-array-hom.wvr.yml	1	weaver	2948	114			true	true:1	0.100710846	0.061866655	25395200
GenMC+CAAT-SC	c/weaver/popl20-more-min-array.wvr.yml	1	weaver	2915	114			true	true:1	0.0863254319	0.062295623	25452544
GenMC+CAAT-SC	c/weaver/popl20-more-min-le-max.wvr.yml	1	weaver	2848	112			true	true:1	0.0886791201	0.063139994	25436160
GenMC+CAAT-SC	c/weaver/popl20-more-mts.wvr.yml	1	weaver	3049	112			true	true:1	0.068006784	0.065734852	25444352
GenMC+CAAT-SC	c/weaver/popl20-more-multiply-verify.wvr.yml	1	weaver	3451	124			false	OUT OF MEMORY:1			
GenMC+CAAT-SC	c/weaver/popl20-more-nonblocking-counter-alt2.wvr.yml	1	weaver	2203	81			false	TIMEOUT:1			
GenMC+CAAT-SC	c/weaver/popl20-more-queue-add-2-nl.wvr.yml	1	weaver	3220	119			false	OUT OF MEMORY:1			
GenMC+CAAT-SC	c/weaver/popl20-more-queue-add-3-nl.wvr.yml	1	weaver	3978	149			false	OUT OF MEMORY:1			
GenMC+CAAT-SC	c/weaver/popl20-more-sorted.wvr.yml	1	weaver	2796	106			true	true:1	0.085345919	0.061270006	25427968
GenMC+CAAT-SC	c/weaver/popl20-more-sum-array-hom.wvr.yml	1	weaver	2805	104			true	true:1	0.089844498	0.060405082	25432064
GenMC+CAAT-SC	c/weaver/popl20-more-vector-add.wvr.yml	1	weaver	3008	111			true	true:1	0.083604019	0.063872484	25452544
GenMC+CAAT-SC	c/weaver/popl20-mult-4.wvr.yml	1	weaver	2693	104			false	TIMEOUT:1			
GenMC+CAAT-SC	c/weaver/popl20-mult-equiv.wvr.yml	1	weaver	2659	108			false	TIMEOUT:1			
GenMC+CAAT-SC	c/weaver/popl20-nonblocking-cntr-alt.wvr.yml	1	weaver	2153	81			true	true:1	0.0926532811	0.056563905	25374720
GenMC+CAAT-SC	c/weaver/popl20-nonblocking-cntr.wvr.yml	1	weaver	2092	80			true	true:1	0.070253459	0.052772368	25300992
GenMC+CAAT-SC	c/weaver/popl20-prod-cons-eq.wvr.yml	1	weaver	5171	166			true	true:1	0.091936734	0.070162445	25595904
GenMC+CAAT-SC	c/weaver/popl20-prod-cons.wvr.yml	1	weaver	3418	130			true	true:1	0.07557021	0.060694085	25432064
GenMC+CAAT-SC	c/weaver/popl20-prod-cons3.wvr.yml	1	weaver	4383	164			true	true:1	0.103835815	0.064741999	25481216
GenMC+CAAT-SC	c/weaver/popl20-proofs-counter-add-4-semi-Q67.wvr.yml	1	weaver	2692	108			true	true:1	0.066010081	0.060583564	25378816
GenMC+CAAT-SC	c/weaver/popl20-queue-add-2.wvr.yml	1	weaver	3045	112			true	true:1	0.0951258249	0.065073741	25378816
GenMC+CAAT-SC	c/weaver/popl20-queue-add-3.wvr.yml	1	weaver	3774	140			true	true:1	0.10237998	0.065391625	25427968
GenMC+CAAT-SC	c/weaver/popl20-send-receive-alt.wvr.yml	1	weaver	2999	108			true	true:1	0.110352437	0.061981916	25456640
GenMC+CAAT-SC	c/weaver/popl20-send-receive.wvr.yml	1	weaver	3469	131			true	true:1	0.083079831	0.061166153	25432064
GenMC+CAAT-SC	c/weaver/popl20-simple-array-sum.wvr.yml	1	weaver	2840	108			true	true:1	0.088909179	0.059484303	25358336
GenMC+CAAT-SC	c/weaver/popl20-simple-queue.wvr.yml	1	weaver	2787	100			true	true:1	0.0762717549	0.060793834	25452544
GenMC+CAAT-SC	c/weaver/popl20-threaded-sum-3.wvr.yml	1	weaver	3026	121			false	TIMEOUT:1			
GenMC+CAAT-SC	c/weaver/popl20-three-array-max.wvr.yml	1	weaver	3339	134			true	true:1	0.099989847	0.064968401	25534464
GenMC+CAAT-SC	c/weaver/popl20-three-array-min.wvr.yml	1	weaver	3331	134			true	true:1	0.098548269	0.062938324	25419776
GenMC+CAAT-SC	c/weaver/popl20-three-array-sum.wvr.yml	1	weaver	3101	116			true	true:1	0.090983688	0.064897596	25497600
GenMC+CAAT-SC	c/weaver/popl20-two-queue.wvr.yml	1	weaver	3336	116			true	true:1	0.0879846771	0.064094837	25444352
GenMC+CAAT-SC	c/weaver/security.wvr.yml	1	weaver	1987	79			true	true:1	0.072912293	0.062976787	25300992
GenMC+CAAT-SC	c/weaver/spaghetti.wvr.yml	1	weaver	2371	100			false	TIMEOUT:1			
GenMC+CAAT-SC	c/weaver/test-context1.wvr.yml	1	weaver	2782	99			true	true:1	0.06897532	0.063748711	25395200
GenMC+CAAT-SC	c/weaver/test-easy1.wvr.yml	1	weaver	1931	73			true	true:1	0.08150164	0.055283105	25432064
GenMC+CAAT-SC	c/weaver/test-easy10.wvr.yml	1	weaver	2577	106			true	true:1	0.111201809	0.060134226	25436160
GenMC+CAAT-SC	c/weaver/test-easy11.wvr.yml	1	weaver	1870	77			false	TIMEOUT:1			
GenMC+CAAT-SC	c/weaver/test-easy6.wvr.yml	1	weaver	2061	83			true	true:1	0.076007558	0.056173642	25403392
GenMC+CAAT-SC	c/weaver/test-easy7.wvr.yml	1	weaver	1928	75			true	true:1	0.061402182	0.051961903	25309184
GenMC+CAAT-SC	c/weaver/test-easy8.wvr.yml	1	weaver	2037	78			true	true:1	0.068723751	0.054562921	25272320
GenMC+CAAT-SC	c/weaver/test-hard1.wvr.yml	1	weaver	3455	142			true	true:1	0.114711169	0.064224744	25452544
GenMC+CAAT-SC	c/weaver/test-semi1.wvr.yml	1	weaver	1851	70			true	true:1	0.0651274109	0.060368279	25399296
GenMC+CAAT-SC	c/weaver/unroll-2.wvr.yml	1	weaver	2778	102			true	true:1	0.107261433	0.063719885	25366528
GenMC+CAAT-SC	c/weaver/unroll-3.wvr.yml	1	weaver	2850	105			true	true:1	0.128568802	0.065057355	25407488
GenMC+CAAT-SC	c/weaver/unroll-4.wvr.yml	1	weaver	2922	108			true	true:1	0.099708467	0.065501623	25419776
GenMC+CAAT-SC	c/weaver/unroll-5.wvr.yml	1	weaver	2994	111			true	true:1	0.103066382	0.064513721	25419776
GenMC+CAAT-SC	c/weaver/unroll-cond-2.wvr.yml	1	weaver	2824	105			true	true:1	0.084777234	0.062903757	25489408
GenMC+CAAT-SC	c/weaver/unroll-cond-3.wvr.yml	1	weaver	2991	113			true	true:1	0.109659627	0.066120563	25366528
GenMC+CAAT-SC	c/weaver/unroll-cond-4.wvr.yml	1	weaver	3158	121			true	true:1	0.122192723	0.062675412	25432064
GenMC+CAAT-SC	c/weaver/unroll-cond-5.wvr.yml	1	weaver	3325	129			true	true:1	0.126907476	0.064740758	25464832
GenMC+CAAT-TSO	c/goblint-regression/13-privatized_01-priv_nr_true.yml	1	goblint-regression	1061	42			true	true:1	0.062946529	0.056838797	25944064
GenMC+CAAT-TSO	c/goblint-regression/13-privatized_04-priv_multi_true.yml	1	goblint-regression	50054	1214			false	TIMEOUT:1			
GenMC+CAAT-TSO	c/goblint-regression/13-privatized_18-first-reads_true.yml	1	goblint-regression	1011	45			true	true:1	0.0620139181	0.058179961	25960448
GenMC+CAAT-TSO	c/goblint-regression/13-privatized_18-first-reads_unknown_1_neg.yml	1	goblint-regression	977	44			true	false(unreach-call):1	0.066979704	0.060253005	25960448
GenMC+CAAT-TSO	c/goblint-regression/13-privatized_18-first-reads_unknown_1_pos.yml	1	goblint-regression	974	44			true	true:1	0.067206584	0.060296917	25931776
GenMC+CAAT-TSO	c/goblint-regression/13-privatized_18-first-reads_unknown_2_neg.yml	1	goblint-regression	977	44			true	true:1	0.068475976	0.055700595	25968640
GenMC+CAAT-TSO	c/goblint-regression/13-privatized_18-first-reads_unknown_2_pos.yml	1	goblint-regression	974	44			true	false(unreach-call):1	0.0858545409	0.071100259	25915392
GenMC+CAAT-TSO	c/goblint-regression/13-privatized_19-publish-precision_true.yml	1	goblint-regression	1081	43			true	true:1	0.079886062	0.056964455	25993216
GenMC+CAAT-TSO	c/goblint-regression/13-privatized_19-publish-precision_unknown_1_neg.yml	1	goblint-regression	1051	42			true	false(unreach-call):1	0.059898925	0.05596749	25964544
GenMC+CAAT-TSO	c/goblint-regression/13-privatized_19-publish-precision_unknown_1_pos.yml	1	goblint-regression	1048	42			true	false(unreach-call):1	0.072563076	0.066082938	25935872
GenMC+CAAT-TSO	c/goblint-regression/13-privatized_19-publish-precision_unknown_2_neg.yml	1	goblint-regression	1051	42			true	false(unreach-call):1	0.058562973	0.056976802	25960448
GenMC+CAAT-TSO	c/goblint-regression/13-privatized_19-publish-precision_unknown_2_pos.yml	1	goblint-regression	1048	42			true	false(unreach-call):1	0.060149754	0.058410187	25968640
GenMC+CAAT-TSO	c/goblint-regression/13-privatized_20-publish-regression_true.yml	1	goblint-regression	1284	46			true	true:1	0.078182349	0.05727847	26021888
GenMC+CAAT-TSO	c/goblint-regression/13-privatized_24-multiple-protecting_true.yml	1	goblint-regression	1821	66			true	true:1	0.0751691291	0.063887251	25980928
GenMC+CAAT-TSO	c/goblint-regression/13-privatized_25-struct_nr_true.yml	1	goblint-regression	1138	46			true	true:1	0.0709106809	0.059785592	26087424
GenMC+CAAT-TSO	c/goblint-regression/13-privatized_27-multiple-protecting2_true.yml	1	goblint-regression	2193	72			true	true:1	0.138488908	0.069791547	26107904
GenMC+CAAT-TSO	c/goblint-regression/13-privatized_29-multiple-protecting2-vesal_true.yml	1	goblint-regression	1674	53			true	true:1	0.0680595951	0.061679114	26025984
GenMC+CAAT-TSO	c/goblint-regression/13-privatized_30-traces-oplus-vs-meet_true.yml	1	goblint-regression	1337	51			true	true:1	0.082109165	0.060471061	26030080
GenMC+CAAT-TSO	c/goblint-regression/13-privatized_31-traces-mine-vs-mutex_true.yml	1	goblint-regression	1267	46			true	true:1	0.066669737	0.059005305	26001408
GenMC+CAAT-TSO	c/goblint-regression/13-privatized_32-traces-mine-vs-oplus-vs-meet_true.yml	1	goblint-regression	1377	53			true	true:1	0.068877641	0.061848498	25985024
GenMC+CAAT-TSO	c/goblint-regression/13-privatized_33-traces-v-matters_true.yml	1	goblint-regression	1097	42			true	true:1	0.090279465	0.060031869	25952256
GenMC+CAAT-TSO	c/goblint-regression/13-privatized_34-traces-minepp-L-needs-to-be-um_true.yml	1	goblint-regression	1379	54			true	true:1	0.0774170321	0.059165306	25927680
GenMC+CAAT-TSO	c/goblint-regression/13-privatized_35-traces-ex-2_true.yml	1	goblint-regression	1041	41			true	true:1	0.070006724	0.057127453	25952256
GenMC+CAAT-TSO	c/goblint-regression/13-privatized_36-traces-ex-3_true.yml	1	goblint-regression	987	39			true	true:1	0.064968209	0.05428849	25956352
GenMC+CAAT-TSO	c/goblint-regression/13-privatized_37-traces-ex-4_true.yml	1	goblint-regression	1041	41			true	true:1	0.0585550381	0.055458697	26021888
GenMC+CAAT-TSO	c/goblint-regression/13-privatized_38-traces-ex-4-switch_true.yml	1	goblint-regression	1041	41			true	true:1	0.0660647179	0.056396133	25997312
GenMC+CAAT-TSO	c/goblint-regression/13-privatized_40-traces-ex-6_true.yml	1	goblint-regression	959	38			true	true:1	0.0642795729	0.055035151	25952256
GenMC+CAAT-TSO	c/goblint-regression/13-privatized_41-traces-ex-7_unknown_1_neg.yml	1	goblint-regression	945	37			true	false(unreach-call):1	0.062218696	0.055077166	25948160
GenMC+CAAT-TSO	c/goblint-regression/13-privatized_41-traces-ex-7_unknown_1_pos.yml	1	goblint-regression	942	37			true	false(unreach-call):1	0.0606359279	0.056681527	25903104
GenMC+CAAT-TSO	c/goblint-regression/13-privatized_42-traces-ex-mini_true.yml	1	goblint-regression	1092	42			true	true:1	0.0681394399	0.057906402	25948160
GenMC+CAAT-TSO	c/goblint-regression/13-privatized_44-traces-mine2_true.yml	1	goblint-regression	973	39			true	true:1	0.0670609709	0.060408228	25952256
GenMC+CAAT-TSO	c/goblint-regression/13-privatized_45-traces-per-global-and-current-lock-mine-incomparable_true.yml	1	goblint-regression	1054	41			true	true:1	0.061986433	0.058269394	25939968
GenMC+CAAT-TSO	c/goblint-regression/13-privatized_46-refine-protected1_true.yml	1	goblint-regression	909	39			true	true:1	0.071115136	0.053124186	26001408
GenMC+CAAT-TSO	c/goblint-regression/13-privatized_47-refine-protected2_true.yml	1	goblint-regression	866	37			true	true:1	0.083295336	0.064086428	25952256
GenMC+CAAT-TSO	c/goblint-regression/13-privatized_52-refine-protected-loop2-small_true.yml	1	goblint-regression	986	42			false	TIMEOUT:1			
GenMC+CAAT-TSO	c/goblint-regression/13-privatized_57-singlethreaded-unlock_true.yml	1	goblint-regression	816	36			true	true:1	0.073864719	0.053864079	25952256
GenMC+CAAT-TSO	c/goblint-regression/13-privatized_58-singlethreaded-lock_true.yml	1	goblint-regression	967	39			true	true:1	0.063055051	0.060137198	25915392
GenMC+CAAT-TSO	c/goblint-regression/13-privatized_66-mine-W-init_true.yml	1	goblint-regression	621	27			true	true:1	0.07793955	0.05521059	25952256
GenMC+CAAT-TSO	c/goblint-regression/13-privatized_67-pthread_cond_wait_true.yml	1	goblint-regression	58948	1381			false	ERROR (compilation):1			
GenMC+CAAT-TSO	c/goblint-regression/13-privatized_67-pthread_cond_wait_unknown_1_neg.yml	1	goblint-regression	58960	1381			false	ERROR (compilation):1			
GenMC+CAAT-TSO	c/goblint-regression/13-privatized_67-pthread_cond_wait_unknown_1_pos.yml	1	goblint-regression	58957	1381			false	ERROR (compilation):1			
GenMC+CAAT-TSO	c/goblint-regression/13-privatized_68-pfscan_protected_loop_minimal_interval_true.yml	1	goblint-regression	1532	77			true	true:1	0.089719712	0.068363301	26087424
GenMC+CAAT-TSO	c/goblint-regression/13-privatized_69-refine-protected-loop-interval_true.yml	1	goblint-regression	1250	72			true	true:1	0.103592459	0.06840821	25960448
GenMC+CAAT-TSO	c/goblint-regression/28-race_reach_01-simple_racing.yml	1	goblint-regression	31261	713			false	TIMEOUT:1			
GenMC+CAAT-TSO	c/goblint-regression/28-race_reach_02-simple_racefree.yml	1	goblint-regression	31261	713			false	TIMEOUT:1			
GenMC+CAAT-TSO	c/goblint-regression/28-race_reach_03-munge_racing.yml	1	goblint-regression	31545	717			false	OUT OF MEMORY:1			
GenMC+CAAT-TSO	c/goblint-regression/28-race_reach_04-munge_racefree.yml	1	goblint-regression	31545	717			false	OUT OF MEMORY:1			
GenMC+CAAT-TSO	c/goblint-regression/28-race_reach_05-lockfuns_racefree.yml	1	goblint-regression	31210	718			false	TIMEOUT:1			
GenMC+CAAT-TSO	c/goblint-regression/28-race_reach_06-cond_racing1.yml	1	goblint-regression	42556	954			false	TIMEOUT:1			
GenMC+CAAT-TSO	c/goblint-regression/28-race_reach_07-cond_racing2.yml	1	goblint-regression	42558	954			false	TIMEOUT:1			
GenMC+CAAT-TSO	c/goblint-regression/28-race_reach_08-cond_racefree.yml	1	goblint-regression	42556	954			false	TIMEOUT:1			
GenMC+CAAT-TSO	c/goblint-regression/28-race_reach_09-ptrmunge_racing.yml	1	goblint-regression	31579	718			false	OUT OF MEMORY:1			
GenMC+CAAT-TSO	c/goblint-regression/28-race_reach_10-ptrmunge_racefree.yml	1	goblint-regression	31579	718			false	OUT OF MEMORY:1			
GenMC+CAAT-TSO	c/goblint-regression/28-race_reach_11-ptr_racing.yml	1	goblint-regression	31273	714			false	TIMEOUT:1			
GenMC+CAAT-TSO	c/goblint-regression/28-race_reach_12-ptr_racefree.yml	1	goblint-regression	31273	714			false	TIMEOUT:1			
GenMC+CAAT-TSO	c/goblint-regression/28-race_reach_19-callback_racing.yml	1	goblint-regression	31439	724			false	TIMEOUT:1			
GenMC+CAAT-TSO	c/goblint-regression/28-race_reach_20-callback_racefree.yml	1	goblint-regression	31439	724			false	TIMEOUT:1			
GenMC+CAAT-TSO	c/goblint-regression/28-race_reach_21-deref_read_racing.yml	1	goblint-regression	31073	711			false	ERROR (unsupported property: invalid memory access):1			
GenMC+CAAT-TSO	c/goblint-regression/28-race_reach_22-deref_read_racefree.yml	1	goblint-regression	31135	713			false	ERROR (unsupported property: invalid memory access):1			
GenMC+CAAT-TSO	c/goblint-regression/28-race_reach_23-sound_unlock_racing.yml	1	goblint-regression	31523	722			false	ERROR (unsupported external):1			
GenMC+CAAT-TSO	c/goblint-regression/28-race_reach_24-sound_lock_racing.yml	1	goblint-regression	31338	716			false	TIMEOUT:1			
GenMC+CAAT-TSO	c/goblint-regression/28-race_reach_27-funptr_racing.yml	1	goblint-regression	41297	920			false	TIMEOUT:1			
GenMC+CAAT-TSO	c/goblint-regression/28-race_reach_28-funptr_racefree.yml	1	goblint-regression	41302	920			false	TIMEOUT:1			
GenMC+CAAT-TSO	c/goblint-regression/28-race_reach_36-indirect_racefree.yml	1	goblint-regression	31210	715			false	TIMEOUT:1			
GenMC+CAAT-TSO	c/goblint-regression/28-race_reach_37-indirect_racing.yml	1	goblint-regression	31148	713			false	TIMEOUT:1			
GenMC+CAAT-TSO	c/goblint-regression/28-race_reach_40-trylock_racing.yml	1	goblint-regression	31333	716			false	ERROR (unsupported external):1			
GenMC+CAAT-TSO	c/goblint-regression/28-race_reach_41-trylock_racefree.yml	1	goblint-regression	31204	713			false	TIMEOUT:1			
GenMC+CAAT-TSO	c/goblint-regression/28-race_reach_42-trylock2_racefree.yml	1	goblint-regression	32046	724			false	TIMEOUT:1			
GenMC+CAAT-TSO	c/goblint-regression/28-race_reach_45-escape_racing.yml	1	goblint-regression	31190	715			true	false(unreach-call):1	0.125273509	0.069783782	25989120
GenMC+CAAT-TSO	c/goblint-regression/28-race_reach_46-escape_racefree.yml	1	goblint-regression	31190	715			true	true:1	0.170757001	0.069172162	25985024
GenMC+CAAT-TSO	c/goblint-regression/28-race_reach_51-mutexptr_racefree.yml	1	goblint-regression	31379	720			false	TIMEOUT:1			
GenMC+CAAT-TSO	c/goblint-regression/28-race_reach_60-invariant_racefree.yml	1	goblint-regression	31586	718			false	TIMEOUT:1			
GenMC+CAAT-TSO	c/goblint-regression/28-race_reach_61-invariant_racing.yml	1	goblint-regression	31583	720			false	TIMEOUT:1			
GenMC+CAAT-TSO	c/goblint-regression/28-race_reach_70-funloop_racefree.yml	1	goblint-regression	42641	959			false	TIMEOUT:1			
GenMC+CAAT-TSO	c/goblint-regression/28-race_reach_71-funloop_racing.yml	1	goblint-regression	43068	960			false	TIMEOUT:1			
GenMC+CAAT-TSO	c/goblint-regression/28-race_reach_72-funloop_hard_racing.yml	1	goblint-regression	43150	960			false	TIMEOUT:1			
GenMC+CAAT-TSO	c/goblint-regression/28-race_reach_73-funloop_hard_racefree.yml	1	goblint-regression	43150	960			false	TIMEOUT:1			
GenMC+CAAT-TSO	c/goblint-regression/28-race_reach_74-tricky_address1_racefree.yml	1	goblint-regression	43065	959			true	true:1	1.53766173	1.53369857	26169344
GenMC+CAAT-TSO	c/goblint-regression/28-race_reach_75-tricky_address2_racefree.yml	1	goblint-regression	43071	959			true	true:1	1.54568815	1.54089816	26181632
GenMC+CAAT-TSO	c/goblint-regression/28-race_reach_76-tricky_address3_racefree.yml	1	goblint-regression	43072	960			true	true:1	1.55119358	1.54383106	26243072
GenMC+CAAT-TSO	c/goblint-regression/28-race_reach_77-tricky_address4_racing.yml	1	goblint-regression	43077	960			true	true:1	1.55716566	1.55111956	26152960
GenMC+CAAT-TSO	c/goblint-regression/28-race_reach_78-equ_racing.yml	1	goblint-regression	48834	1042			false	TIMEOUT:1			
GenMC+CAAT-TSO	c/goblint-regression/28-race_reach_79-equ_racefree.yml	1	goblint-regression	48834	1042			false	TIMEOUT:1			
GenMC+CAAT-TSO	c/goblint-regression/28-race_reach_81-list_racing.yml	1	goblint-regression	48944	1047			false	OUT OF MEMORY:1			
GenMC+CAAT-TSO	c/goblint-regression/28-race_reach_82-list_racefree.yml	1	goblint-regression	49016	1049			false	OUT OF MEMORY:1			
GenMC+CAAT-TSO	c/goblint-regression/28-race_reach_83-list2_racing1.yml	1	goblint-regression	49909	1060			false	OUT OF MEMORY:1			
GenMC+CAAT-TSO	c/goblint-regression/28-race_reach_84-list2_racing2.yml	1	goblint-regression	49950	1062			false	OUT OF MEMORY:1			
GenMC+CAAT-TSO	c/goblint-regression/28-race_reach_85-list2_racefree.yml	1	goblint-regression	49909	1060			false	OUT OF MEMORY:1			
GenMC+CAAT-TSO	c/goblint-regression/28-race_reach_86-lists_racing.yml	1	goblint-regression	49342	1058			true	true:1	23.0251113	23.0018431	745709568
GenMC+CAAT-TSO	c/goblint-regression/28-race_reach_87-lists_racefree.yml	1	goblint-regression	49270	1056			true	true:1	20.3166436	20.3003787	743743488
GenMC+CAAT-TSO	c/goblint-regression/28-race_reach_90-arrayloop2_racing.yml	1	goblint-regression	50453	1085			true	true:1	11.0674893	11.0573254	98787328
GenMC+CAAT-TSO	c/goblint-regression/28-race_reach_91-arrayloop2_racefree.yml	1	goblint-regression	49272	1064			true	true:1	3.41945758	3.41472342	56045568
GenMC+CAAT-TSO	c/goblint-regression/28-race_reach_92-evilcollapse_racing.yml	1	goblint-regression	49575	1075			true	true:1	1.55294743	1.54704304	26263552
GenMC+CAAT-TSO	c/goblint-regression/28-race_reach_93-evilcollapse_racefree.yml	1	goblint-regression	49831	1085			true	true:1	1.58779877	1.55521465	26365952
GenMC+CAAT-TSO	c/goblint-regression/28-race_reach_94-alloc_region_racing.yml	1	goblint-regression	60259	1285			false	OUT OF MEMORY:1			
GenMC+CAAT-TSO	c/goblint-regression/36-apron_11-traces-max-simple_true.yml	1	goblint-regression	932	40			true	true:1	0.0675736121	0.062637828	26009600
GenMC+CAAT-TSO	c/goblint-regression/36-apron_16-traces-unprot2_true.yml	1	goblint-regression	815	37			true	true:1	0.063649987	0.056287008	25944064
GenMC+CAAT-TSO	c/goblint-regression/36-apron_17-traces-rpb-litmus_unknown_1_neg.yml	1	goblint-regression	1260	50			true	false(unreach-call):1	0.066253871	0.056503652	26005504
GenMC+CAAT-TSO	c/goblint-regression/36-apron_17-traces-rpb-litmus_unknown_1_pos.yml	1	goblint-regression	1257	50			true	true:1	0.073695031	0.061807343	25960448
GenMC+CAAT-TSO	c/goblint-regression/36-apron_21-traces-cluster-based_true.yml	1	goblint-regression	1930	81			true	true:1	0.08764396	0.073497693	26095616
GenMC+CAAT-TSO	c/goblint-regression/36-apron_22-traces-write-centered-vs-meet-mutex_true_no-overflow.yml	1	goblint-regression	1933	79			true	true:1	0.07602845	0.061077949	25989120
GenMC+CAAT-TSO	c/goblint-regression/36-apron_41-threadenter-no-locals_unknown_1_neg.yml	1	goblint-regression	750	30			true	true:1	0.109682481	0.058956292	25890816
GenMC+CAAT-TSO	c/goblint-regression/36-apron_41-threadenter-no-locals_unknown_1_pos.yml	1	goblint-regression	747	30			true	false(unreach-call):1	0.059271747	0.053996173	25948160
GenMC+CAAT-TSO	c/ldv-linux-3.14-races/linux-3.14--drivers--media--platform--marvell-ccic--cafe_ccic.ko.cil-1.yml	1	ldv-linux-3.14-races	322870	12246			false	ERROR (compilation):1			
GenMC+CAAT-TSO	c/ldv-linux-3.14-races/linux-3.14--drivers--media--platform--marvell-ccic--cafe_ccic.ko.cil-2.yml	1	ldv-linux-3.14-races	323395	12256			false	SEGMENTATION FAULT:1			
GenMC+CAAT-TSO	c/ldv-linux-3.14-races/linux-3.14--drivers--net--irda--nsc-ircc.ko.cil.yml	1	ldv-linux-3.14-races	319158	12778			false	TIMEOUT:1			
GenMC+CAAT-TSO	c/ldv-linux-3.14-races/linux-3.14--drivers--net--irda--w83977af_ir.ko.cil.yml	1	ldv-linux-3.14-races	258590	10071			false	ABORTED:1			
GenMC+CAAT-TSO	c/ldv-linux-3.14-races/linux-3.14--drivers--spi--spi-tegra20-slink.ko.cil.yml	1	ldv-linux-3.14-races	180898	7111			false	TIMEOUT:1			
GenMC+CAAT-TSO	c/ldv-linux-3.14-races/linux-3.14--drivers--usb--misc--adutux.ko.cil.yml	1	ldv-linux-3.14-races	210550	8118			false	ABORTED:1			
GenMC+CAAT-TSO	c/ldv-races/race-1_1-join.yml	1	ldv-races	76847	1729			true	true:1	0.066261969	0.062969005	26152960
GenMC+CAAT-TSO	c/ldv-races/race-1_2-join.yml	1	ldv-races	77137	1738			true	false(unreach-call):1	0.0702684551	0.066486896	26226688
GenMC+CAAT-TSO	c/ldv-races/race-1_3-join.yml	1	ldv-races	77119	1738			true	false(unreach-call):1	0.068440792	0.062468583	26222592
GenMC+CAAT-TSO	c/ldv-races/race-2_1-container_of.yml	1	ldv-races	187978	3959			true	true:1	0.066589458	0.061502134	26341376
GenMC+CAAT-TSO	c/ldv-races/race-2_2-container_of.yml	1	ldv-races	188224	3967			true	true:1	0.070367147	0.064982284	26333184
GenMC+CAAT-TSO	c/ldv-races/race-2_3-container_of.yml	1	ldv-races	188618	3979			true	true:1	0.073712863	0.066246606	26423296
GenMC+CAAT-TSO	c/ldv-races/race-2_4-container_of.yml	1	ldv-races	188607	3979			true	true:1	0.070036892	0.064132553	26337280
GenMC+CAAT-TSO	c/ldv-races/race-2_5-container_of.yml	1	ldv-races	188601	3979			true	true:1	0.073264622	0.065018082	26382336
GenMC+CAAT-TSO	c/ldv-races/race-3_1-container_of-global.yml	1	ldv-races	188000	3960			true	true:1	0.0668398059	0.060023579	26271744
GenMC+CAAT-TSO	c/ldv-races/race-3_2-container_of-global.yml	1	ldv-races	188302	3970			true	true:1	0.069379512	0.064555083	26394624
GenMC+CAAT-TSO	c/ldv-races/race-4_1-thread_local_vars.yml	1	ldv-races	78338	1800			true	true:1	0.070083322	0.062943137	26263552
GenMC+CAAT-TSO	c/libvsync/arraylock.yml	1	libvsync	197292	6084			true	true:1	0.111265557	0.105757781	27017216
GenMC+CAAT-TSO	c/libvsync/bounded_mpmc_check_full.yml	1	libvsync	196819	6055			true	true:1	0.118843163	0.114605503	27000832
GenMC+CAAT-TSO	c/libvsync/cnalock.yml	1	libvsync	197907	6100			false	ERROR (unsupported property: invalid memory access):1			
GenMC+CAAT-TSO	c/libvsync/hclhlock.yml	1	libvsync	199894	6151			false	ERROR (unsupported property: invalid memory access):1			
GenMC+CAAT-TSO	c/libvsync/hmcslock.yml	1	libvsync	202829	6211			false	ERROR (unsupported property: invalid memory access):1			
GenMC+CAAT-TSO	c/libvsync/mcslock.yml	1	libvsync	196470	6056			false	ERROR (unsupported property: invalid memory access):1			
GenMC+CAAT-TSO	c/libvsync/rec_mcslock.yml	1	libvsync	197915	6059			false	ERROR (unsupported property: invalid memory access):1			
GenMC+CAAT-TSO	c/libvsync/rec_ticketlock.yml	1	libvsync	197393	6043			false	OUT OF MEMORY:1			
GenMC+CAAT-TSO	c/libvsync/rwlock.yml	1	libvsync	197504	6119			false	OUT OF MEMORY:1			
GenMC+CAAT-TSO	c/libvsync/semaphore.yml	1	libvsync	196124	6055			true	true:1	4.80259087	4.79480838	27074560
GenMC+CAAT-TSO	c/libvsync/ticketlock.yml	1	libvsync	195802	6037			false	OUT OF MEMORY:1			
GenMC+CAAT-TSO	c/libvsync/ttaslock.yml	1	libvsync	195314	6028			false	OUT OF MEMORY:1			
GenMC+CAAT-TSO	c/pthread-C-DAC/pthread-demo-datarace-1.yml	1	pthread-C-DAC	58887	1359			false	TIMEOUT:1			
GenMC+CAAT-TSO	c/pthread-C-DAC/pthread-demo-datarace-3.yml	1	pthread-C-DAC	59412	1366			true	false(unreach-call):1	0.152622368	0.144146233	26021888
GenMC+CAAT-TSO	c/pthread-C-DAC/pthread-finding-k-matches.yml	1	pthread-C-DAC	60513	1414			true	true:1	0.599784682	0.590561366	43053056
GenMC+CAAT-TSO	c/pthread-C-DAC/pthread-numerical-integration.yml	1	pthread-C-DAC	61268	1415			true	true:1	0.066850053	0.063001783	26247168
GenMC+CAAT-TSO	c/pthread-atomic/dekker-unfair.yml	1	pthread-atomic	33417	787			true	true:1	0.069701973	0.061652002	26042368
GenMC+CAAT-TSO	c/pthread-atomic/dekker.yml	1	pthread-atomic	33410	787			true	true:1	0.07532205	0.066573227	26075136
GenMC+CAAT-TSO	c/pthread-atomic/lamport.yml	1	pthread-atomic	33120	793			true	true:1	0.0750080229	0.065984649	26034176
GenMC+CAAT-TSO	c/pthread-atomic/peterson.yml	1	pthread-atomic	32707	759			true	true:1	0.0673815351	0.062224647	26030080
GenMC+CAAT-TSO	c/pthread-atomic/read_write_lock-1.yml	1	pthread-atomic	30503	700			true	true:1	0.123630362	0.074290778	26243072
GenMC+CAAT-TSO	c/pthread-atomic/read_write_lock-2.yml	1	pthread-atomic	31700	758			true	false(unreach-call):1	0.149939723	0.130548979	26071040
GenMC+CAAT-TSO	c/pthread-atomic/szymanski.yml	1	pthread-atomic	32937	772			true	true:1	0.07835034	0.067748097	26083328
GenMC+CAAT-TSO	c/pthread-atomic/time_var_mutex.yml	1	pthread-atomic	30889	727			true	true:1	0.089834278	0.067662937	26132480
GenMC+CAAT-TSO	c/pthread-complex/bounded_buffer.yml	1	pthread-complex	72808	1686			false	ERROR (compilation):1			
GenMC+CAAT-TSO	c/pthread-complex/elimination_backoff_stack.yml	1	pthread-complex	65640	1622			true	true:1	26.9358278	26.8770857	26513408
GenMC+CAAT-TSO	c/pthread-complex/safestack_relacy.yml	1	pthread-complex	76984	1763			false	TIMEOUT:1			
GenMC+CAAT-TSO	c/pthread-complex/workstealqueue_mutex-2.yml	1	pthread-complex	80765	1975			false	ERROR (unsupported property: uninitialized memory):1			
GenMC+CAAT-TSO	c/pthread-deagle/arithmetic_prog_bad.yml	1	pthread-deagle	39800	923			false	ERROR (compilation):1			
GenMC+CAAT-TSO	c/pthread-deagle/arithmetic_prog_ok.yml	1	pthread-deagle	39801	923			false	ERROR (compilation):1			
GenMC+CAAT-TSO	c/pthread-deagle/circular_buffer_bad.yml	1	pthread-deagle	31305	766			true	false(unreach-call):1	0.129760663	0.071048445	26091520
GenMC+CAAT-TSO	c/pthread-deagle/circular_buffer_ok.yml	1	pthread-deagle	31393	768			true	true:1	5.12258206	4.51773185	26124288
GenMC+CAAT-TSO	c/pthread-divine/tls_basic.yml	1	pthread-divine	31285	724			false	ERROR (compilation):1			
GenMC+CAAT-TSO	c/pthread-divine/tls_destructor_worker.yml	1	pthread-divine	30825	716			false	ERROR (compilation):1			
GenMC+CAAT-TSO	c/pthread-driver-races/char_generic_nvram_nvram_unlocked_ioctl_write_nvram.yml	1	pthread-driver-races	224766	6872			true	true:1	0.146481731	0.141040794	29401088
GenMC+CAAT-TSO	c/pthread-driver-races/char_generic_nvram_read_nvram_nvram_unlocked_ioctl.yml	1	pthread-driver-races	224762	6872			true	true:1	0.1431184	0.13824753	29372416
GenMC+CAAT-TSO	c/pthread-driver-races/char_generic_nvram_read_nvram_write_nvram.yml	1	pthread-driver-races	225270	6894			true	true:1	0.169307239	0.142425899	29356032
GenMC+CAAT-TSO	c/pthread-driver-races/char_pc8736x_gpio_pc8736x_gpio_change_pc8736x_gpio_configure.yml	1	pthread-driver-races	231278	7078			true	true:1	0.158073595	0.154343427	29900800
GenMC+CAAT-TSO	c/pthread-driver-races/char_pc8736x_gpio_pc8736x_gpio_change_pc8736x_gpio_current.yml	1	pthread-driver-races	231514	7086			true	true:1	0.161548956	0.154254404	29790208
GenMC+CAAT-TSO	c/pthread-driver-races/char_pc8736x_gpio_pc8736x_gpio_change_pc8736x_gpio_get.yml	1	pthread-driver-races	231270	7079			true	true:1	0.157064524	0.153105399	29822976
GenMC+CAAT-TSO	c/pthread-driver-races/char_pc8736x_gpio_pc8736x_gpio_change_pc8736x_gpio_set.yml	1	pthread-driver-races	231502	7086			true	true:1	0.162715098	0.156904248	29868032
GenMC+CAAT-TSO	c/pthread-driver-races/char_pc8736x_gpio_pc8736x_gpio_configure_pc8736x_gpio_current.yml	1	pthread-driver-races	231282	7078			true	true:1	0.155707937	0.152211483	29917184
GenMC+CAAT-TSO	c/pthread-driver-races/char_pc8736x_gpio_pc8736x_gpio_configure_pc8736x_gpio_get.yml	1	pthread-driver-races	231282	7079			true	true:1	0.156091735	0.153006261	29843456
GenMC+CAAT-TSO	c/pthread-driver-races/char_pc8736x_gpio_pc8736x_gpio_configure_pc8736x_gpio_set.yml	1	pthread-driver-races	231270	7078			true	true:1	0.156123437	0.152921615	29818880
GenMC+CAAT-TSO	c/pthread-driver-races/char_pc8736x_gpio_pc8736x_gpio_current_pc8736x_gpio_get.yml	1	pthread-driver-races	231274	7079			true	true:1	0.188304857	0.154151518	29917184
GenMC+CAAT-TSO	c/pthread-driver-races/char_pc8736x_gpio_pc8736x_gpio_current_pc8736x_gpio_set.yml	1	pthread-driver-races	231506	7086			true	true:1	0.161182828	0.153313671	29892608
GenMC+CAAT-TSO	c/pthread-driver-races/char_pc8736x_gpio_pc8736x_gpio_get_pc8736x_gpio_set.yml	1	pthread-driver-races	231262	7079			true	true:1	0.156914616	0.151280063	29872128
GenMC+CAAT-TSO	c/pthread-driver-races/char_pc8736x_gpio_pc8736x_gpio_open_pc8736x_gpio_change.yml	1	pthread-driver-races	231258	7078			true	true:1	0.156964111	0.151443731	29876224
GenMC+CAAT-TSO	c/pthread-driver-races/char_pc8736x_gpio_pc8736x_gpio_open_pc8736x_gpio_configure.yml	1	pthread-driver-races	231270	7078			true	true:1	0.156764648	0.153796431	29859840
GenMC+CAAT-TSO	c/pthread-driver-races/char_pc8736x_gpio_pc8736x_gpio_open_pc8736x_gpio_current.yml	1	pthread-driver-races	231262	7078			true	true:1	0.155640948	0.152732515	29884416
GenMC+CAAT-TSO	c/pthread-driver-races/char_pc8736x_gpio_pc8736x_gpio_open_pc8736x_gpio_get.yml	1	pthread-driver-races	231262	7079			true	true:1	0.156432968	0.150895647	29863936
GenMC+CAAT-TSO	c/pthread-driver-races/char_pc8736x_gpio_pc8736x_gpio_open_pc8736x_gpio_set.yml	1	pthread-driver-races	231250	7078			true	true:1	0.155346618	0.150094536	29859840
GenMC+CAAT-TSO	c/pthread-ext/01b_inc.yml	1	pthread-ext	30901	708			true	true:1	0.089142821	0.067681369	26071040
GenMC+CAAT-TSO	c/pthread-ext/02_inc_cas.yml	1	pthread-ext	31027	737			true	true:1	0.114098438	0.069099947	26038272
GenMC+CAAT-TSO	c/pthread-ext/03_incdec.yml	1	pthread-ext	31380	727			true	true:1	0.130106438	0.072177493	26017792
GenMC+CAAT-TSO	c/pthread-ext/04_incdec_cas.yml	1	pthread-ext	31453	757			true	true:1	0.11106401	0.069470259	26030080
GenMC+CAAT-TSO	c/pthread-ext/08_rand_cas.yml	1	pthread-ext	31907	786			true	true:1	0.124414946	0.06804265	26087424
GenMC+CAAT-TSO	c/pthread-ext/09_fmaxsym-zero.yml	1	pthread-ext	31003	718			true	true:1	0.12024789	0.065281648	26017792
GenMC+CAAT-TSO	c/pthread-ext/09_fmaxsym.yml	1	pthread-ext	31123	722			true	true:1	0.105396462	0.065725262	25956352
GenMC+CAAT-TSO	c/pthread-ext/11_fmaxsymopt-zero.yml	1	pthread-ext	31118	722			true	true:1	0.09623194	0.065204508	25956352
GenMC+CAAT-TSO	c/pthread-ext/11_fmaxsymopt.yml	1	pthread-ext	31236	726			true	true:1	0.11884428	0.06361567	26009600
GenMC+CAAT-TSO	c/pthread-ext/14_spin2003.yml	1	pthread-ext	30571	699			true	true:1	0.135748654	0.067796475	25972736
GenMC+CAAT-TSO	c/pthread-ext/18_read_write_lock.yml	1	pthread-ext	31079	719			true	true:1	0.161902336	0.072640848	26214400
GenMC+CAAT-TSO	c/pthread-ext/25_stack.yml	1	pthread-ext	31872	767			false	TIMEOUT:1			
GenMC+CAAT-TSO	c/pthread-ext/25_stack_longer-1.yml	1	pthread-ext	31887	767			true	false(unreach-call):1	0.148858759	0.078461898	26226688
GenMC+CAAT-TSO	c/pthread-ext/25_stack_longer-2.yml	1	pthread-ext	31884	767			false	TIMEOUT:1			
GenMC+CAAT-TSO	c/pthread-ext/25_stack_longest-1.yml	1	pthread-ext	31885	767			false	TIMEOUT:1			
GenMC+CAAT-TSO	c/pthread-ext/25_stack_longest-2.yml	1	pthread-ext	31888	767			true	false(unreach-call):1	0.150857995	0.12267737	26292224
GenMC+CAAT-TSO	c/pthread-ext/26_stack_cas.yml	1	pthread-ext	31775	794			false	TIMEOUT:1			
GenMC+CAAT-TSO	c/pthread-ext/26_stack_cas_longer-1.yml	1	pthread-ext	31790	794			true	false(unreach-call):1	0.137988866	0.081102237	26349568
GenMC+CAAT-TSO	c/pthread-ext/26_stack_cas_longer-2.yml	1	pthread-ext	31787	794			false	TIMEOUT:1			
GenMC+CAAT-TSO	c/pthread-ext/26_stack_cas_longest-1.yml	1	pthread-ext	31791	794			true	false(unreach-call):1	0.207710444	0.131922717	26394624
GenMC+CAAT-TSO	c/pthread-ext/26_stack_cas_longest-2.yml	1	pthread-ext	31788	794			false	TIMEOUT:1			
GenMC+CAAT-TSO	c/pthread-ext/28_buggy_simple_loop1_vf.yml	1	pthread-ext	30423	705			false	TIMEOUT:1			
GenMC+CAAT-TSO	c/pthread-ext/29_conditionals_vs.yml	1	pthread-ext	30586	730			true	true:1	0.124135017	0.065926496	25952256
GenMC+CAAT-TSO	c/pthread-ext/31_simple_loop5_vs.yml	1	pthread-ext	30848	719			false	TIMEOUT:1			
GenMC+CAAT-TSO	c/pthread-ext/35_double_lock_p3_vs.yml	1	pthread-ext	31004	724			true	true:1	0.09974949	0.064934463	26083328
GenMC+CAAT-TSO	c/pthread-ext/36_stack_cas_p0_vs_concur.yml	1	pthread-ext	31030	741			true	true:1	0.079502578	0.072704783	26218496
GenMC+CAAT-TSO	c/pthread-ext/37_stack_lock_p0_vs_concur.yml	1	pthread-ext	31198	720			true	true:1	0.076148695	0.070425838	26189824
GenMC+CAAT-TSO	c/pthread-ext/39_rand_lock_p0_vs.yml	1	pthread-ext	31196	719			true	true:1	0.10726363	0.06574164	25985024
GenMC+CAAT-TSO	c/pthread-ext/40_barrier_vf.yml	1	pthread-ext	30960	710			false	ERROR (compilation):1			
GenMC+CAAT-TSO	c/pthread-ext/43_NetBSD_sysmon_power_sliced-pthread.yml	1	pthread-ext	33714	801			false	ERROR (compilation):1			
GenMC+CAAT-TSO	c/pthread-ext/43_NetBSD_sysmon_power_sliced.yml	1	pthread-ext	34081	817			true	true:1	0.0871883229	0.074325736	26140672
GenMC+CAAT-TSO	c/pthread-ext/45_monabsex1_vs.yml	1	pthread-ext	30819	719			true	true:1	0.114427911	0.064686687	25944064
GenMC+CAAT-TSO	c/pthread-ext/46_monabsex2_vs.yml	1	pthread-ext	30796	719			true	true:1	0.0676185399	0.060926041	26013696
GenMC+CAAT-TSO	c/pthread-ext/48_ticket_lock_low_contention_vs-pthread.yml	1	pthread-ext	30774	703			true	true:1	0.0977666969	0.063880568	25939968
GenMC+CAAT-TSO	c/pthread-ext/48_ticket_lock_low_contention_vs.yml	1	pthread-ext	31133	728			true	true:1	0.087710179	0.065103938	25956352
GenMC+CAAT-TSO	c/pthread-lit/qw2004-2b.yml	1	pthread-lit	31746	764			true	false(unreach-call):1	0.123447512	0.073452669	26050560
GenMC+CAAT-TSO	c/pthread-lit/sssc12.yml	1	pthread-lit	48611	1063			true	true:1	0.0652728591	0.059777744	26091520
GenMC+CAAT-TSO	c/pthread-lit/sssc12_variant.yml	1	pthread-lit	48642	1064			true	true:1	0.075235102	0.064724978	26152960
GenMC+CAAT-TSO	c/pthread-race-challenges/thread-local-pthread-value.yml	1	pthread-race-challenges	49736	1086			false	ERROR (compilation):1			
GenMC+CAAT-TSO	c/pthread-race-challenges/thread-local-value-dynamic.yml	1	pthread-race-challenges	49714	1089			true	true:1	0.062998064	0.057499743	26091520
GenMC+CAAT-TSO	c/pthread-race-challenges/thread-local-value.yml	1	pthread-race-challenges	49564	1083			true	true:1	0.063980714	0.058581701	26038272
GenMC+CAAT-TSO	c/pthread-theta/exponential-4.yml	1	pthread-theta	33616	788			false	TIMEOUT:1			
GenMC+CAAT-TSO	c/pthread-theta/exponential-64.yml	1	pthread-theta	33617	788			false	TIMEOUT:1			
GenMC+CAAT-TSO	c/pthread-theta/exponential-nondet.yml	1	pthread-theta	33638	788			true	true:1	0.0749582209	0.067566357	26132480
GenMC+CAAT-TSO	c/pthread-theta/unwind1-1.yml	1	pthread-theta	33605	780			true	true:1	0.073361691	0.062941645	26095616
GenMC+CAAT-TSO	c/pthread-theta/unwind1-100.yml	1	pthread-theta	33607	780			true	true:1	0.074962343	0.065885051	26062848
GenMC+CAAT-TSO	c/pthread-theta/unwind1-nondet.yml	1	pthread-theta	33627	780			true	true:1	0.067358018	0.064674574	26112000
GenMC+CAAT-TSO	c/pthread-theta/unwind2-1.yml	1	pthread-theta	33683	783			true	false(unreach-call):1	0.072865808	0.063977299	26140672
GenMC+CAAT-TSO	c/pthread-theta/unwind2-100.yml	1	pthread-theta	33685	783			true	false(unreach-call):1	0.069728034	0.064059238	26120192
GenMC+CAAT-TSO	c/pthread-theta/unwind2-nondet.yml	1	pthread-theta	33705	783			true	true:1	0.075299629	0.06227575	26107904
GenMC+CAAT-TSO	c/pthread-theta/unwind3-1.yml	1	pthread-theta	33579	780			true	false(unreach-call):1	0.06765599	0.064889746	26095616
GenMC+CAAT-TSO	c/pthread-theta/unwind3-100.yml	1	pthread-theta	33581	780			false	TIMEOUT:1			
GenMC+CAAT-TSO	c/pthread-theta/unwind3-nondet.yml	1	pthread-theta	33601	780			true	true:1	0.06610244	0.058637672	26083328
GenMC+CAAT-TSO	c/pthread-theta/wsc.yml	1	pthread-theta	33980	804			true	true:1	0.0985404281	0.082726491	26185728
GenMC+CAAT-TSO	c/pthread-wmm/mix000.oepc.yml	1	pthread-wmm	38207	851			true	false(unreach-call):1	0.289949021	0.282703568	26423296
GenMC+CAAT-TSO	c/pthread-wmm/mix000.opt.yml	1	pthread-wmm	37705	846			true	false(unreach-call):1	3.51550795	3.49110182	26423296
GenMC+CAAT-TSO	c/pthread-wmm/mix001.oepc.yml	1	pthread-wmm	39489	886			false	TIMEOUT:1			
GenMC+CAAT-TSO	c/pthread-wmm/mix001.opt.yml	1	pthread-wmm	38443	875			false	TIMEOUT:1			
GenMC+CAAT-TSO	c/pthread-wmm/mix002.oepc.yml	1	pthread-wmm	37832	877			false	TIMEOUT:1			
GenMC+CAAT-TSO	c/pthread-wmm/mix002.opt.yml	1	pthread-wmm	38526	880			false	TIMEOUT:1			
GenMC+CAAT-TSO	c/pthread-wmm/mix003.oepc.yml	1	pthread-wmm	37584	867			false	TIMEOUT:1			
GenMC+CAAT-TSO	c/pthread-wmm/mix003_power.opt_pso.opt_rmo.opt_tso.opt.yml	1	pthread-wmm	38308	870			false	TIMEOUT:1			
GenMC+CAAT-TSO	c/pthread-wmm/mix004.oepc.yml	1	pthread-wmm	38697	897			false	TIMEOUT:1			
GenMC+CAAT-TSO	c/pthread-wmm/mix004.opt.yml	1	pthread-wmm	38890	895			false	TIMEOUT:1			
GenMC+CAAT-TSO	c/pthread-wmm/mix005.opt.yml	1	pthread-wmm	38808	893			false	TIMEOUT:1			
GenMC+CAAT-TSO	c/pthread-wmm/mix005_power.oepc_pso.oepc_rmo.oepc.yml	1	pthread-wmm	38639	895			false	TIMEOUT:1			
GenMC+CAAT-TSO	c/pthread-wmm/mix005_tso.oepc.yml	1	pthread-wmm	38619	895			false	TIMEOUT:1			
GenMC+CAAT-TSO	c/pthread-wmm/mix006.opt.yml	1	pthread-wmm	38194	868			false	TIMEOUT:1			
GenMC+CAAT-TSO	c/pthread-wmm/mix006_power.oepc_pso.oepc_rmo.oepc.yml	1	pthread-wmm	37524	865			false	TIMEOUT:1			
GenMC+CAAT-TSO	c/pthread-wmm/mix006_tso.oepc.yml	1	pthread-wmm	44256	939			false	TIMEOUT:1			
GenMC+CAAT-TSO	c/pthread-wmm/mix007.oepc.yml	1	pthread-wmm	38615	895			false	TIMEOUT:1			
GenMC+CAAT-TSO	c/pthread-wmm/mix007.opt.yml	1	pthread-wmm	38808	893			false	TIMEOUT:1			
GenMC+CAAT-TSO	c/pthread-wmm/mix008.opt.yml	1	pthread-wmm	38718	891			false	TIMEOUT:1			
GenMC+CAAT-TSO	c/pthread-wmm/mix008_power.oepc_pso.oepc_rmo.oepc.yml	1	pthread-wmm	38549	893			false	TIMEOUT:1			
GenMC+CAAT-TSO	c/pthread-wmm/mix008_tso.oepc.yml	1	pthread-wmm	44859	965			false	TIMEOUT:1			
GenMC+CAAT-TSO	c/pthread-wmm/mix009.oepc.yml	1	pthread-wmm	36558	842			true	false(unreach-call):1	0.233089349	0.224161547	26312704
GenMC+CAAT-TSO	c/pthread-wmm/mix009.opt.yml	1	pthread-wmm	37796	851			true	false(unreach-call):1	7.16411372	7.13761276	26431488
GenMC+CAAT-TSO	c/pthread-wmm/mix010.oepc.yml	1	pthread-wmm	37673	872			false	TIMEOUT:1			
GenMC+CAAT-TSO	c/pthread-wmm/mix010.opt.yml	1	pthread-wmm	38367	875			false	TIMEOUT:1			
GenMC+CAAT-TSO	c/pthread-wmm/mix011.opt.yml	1	pthread-wmm	38277	873			false	TIMEOUT:1			
GenMC+CAAT-TSO	c/pthread-wmm/mix011_power.oepc_pso.oepc_rmo.oepc.yml	1	pthread-wmm	37607	870			false	TIMEOUT:1			
GenMC+CAAT-TSO	c/pthread-wmm/mix011_tso.oepc.yml	1	pthread-wmm	37587	870			false	TIMEOUT:1			
GenMC+CAAT-TSO	c/pthread-wmm/mix012_power.oepc_power.opt_pso.oepc_rmo.oepc_rmo.opt_tso.oepc.yml	1	pthread-wmm	36361	832			true	false(unreach-call):1	0.216438341	0.20783712	26275840
GenMC+CAAT-TSO	c/pthread-wmm/mix012_pso.opt_tso.opt.yml	1	pthread-wmm	37560	841			true	false(unreach-call):1	1.59321855	1.54038983	26435584
GenMC+CAAT-TSO	c/pthread-wmm/mix013.oepc.yml	1	pthread-wmm	38705	897			false	TIMEOUT:1			
GenMC+CAAT-TSO	c/pthread-wmm/mix013.opt.yml	1	pthread-wmm	38898	895			false	TIMEOUT:1			
GenMC+CAAT-TSO	c/pthread-wmm/mix014.opt.yml	1	pthread-wmm	38808	893			false	TIMEOUT:1			
GenMC+CAAT-TSO	c/pthread-wmm/mix014_power.oepc_pso.oepc_rmo.oepc.yml	1	pthread-wmm	38639	895			false	TIMEOUT:1			
GenMC+CAAT-TSO	c/pthread-wmm/mix014_tso.oepc.yml	1	pthread-wmm	44254	964			false	TIMEOUT:1			
GenMC+CAAT-TSO	c/pthread-wmm/mix015.oepc.yml	1	pthread-wmm	37673	872			true	false(unreach-call):1	40.2284491	40.0611025	26349568
GenMC+CAAT-TSO	c/pthread-wmm/mix015.opt.yml	1	pthread-wmm	38367	875			false	TIMEOUT:1			
GenMC+CAAT-TSO	c/pthread-wmm/mix016.oepc.yml	1	pthread-wmm	37425	862			true	false(unreach-call):1	37.8995048	37.2729942	26382336
GenMC+CAAT-TSO	c/pthread-wmm/mix016_power.opt_rmo.opt.yml	1	pthread-wmm	36980	858			false	TIMEOUT:1			
GenMC+CAAT-TSO	c/pthread-wmm/mix016_pso.opt_tso.opt.yml	1	pthread-wmm	38131	865			false	TIMEOUT:1			
GenMC+CAAT-TSO	c/pthread-wmm/mix017.oepc.yml	1	pthread-wmm	38540	892			false	TIMEOUT:1			
GenMC+CAAT-TSO	c/pthread-wmm/mix017_power.opt_rmo.opt.yml	1	pthread-wmm	37551	882			false	TIMEOUT:1			
GenMC+CAAT-TSO	c/pthread-wmm/mix017_pso.opt_tso.opt.yml	1	pthread-wmm	38745	890			false	TIMEOUT:1			
GenMC+CAAT-TSO	c/pthread-wmm/mix018.opt.yml	1	pthread-wmm	38643	888			false	TIMEOUT:1			
GenMC+CAAT-TSO	c/pthread-wmm/mix018_power.oepc_pso.oepc_rmo.oepc.yml	1	pthread-wmm	38474	890			false	TIMEOUT:1			
GenMC+CAAT-TSO	c/pthread-wmm/mix018_tso.oepc.yml	1	pthread-wmm	38454	890			false	TIMEOUT:1			
GenMC+CAAT-TSO	c/pthread-wmm/mix019.opt.yml	1	pthread-wmm	38029	863			false	TIMEOUT:1			
GenMC+CAAT-TSO	c/pthread-wmm/mix019_power.oepc_pso.oepc_rmo.oepc.yml	1	pthread-wmm	37359	860			true	false(unreach-call):1	36.5768545	36.3447723	26451968
GenMC+CAAT-TSO	c/pthread-wmm/mix019_tso.oepc.yml	1	pthread-wmm	37339	860			false	TIMEOUT:1			
GenMC+CAAT-TSO	c/pthread-wmm/mix020.oepc.yml	1	pthread-wmm	38450	890			false	TIMEOUT:1			
GenMC+CAAT-TSO	c/pthread-wmm/mix020.opt.yml	1	pthread-wmm	38643	888			false	TIMEOUT:1			
GenMC+CAAT-TSO	c/pthread-wmm/mix021.opt.yml	1	pthread-wmm	38553	886			false	TIMEOUT:1			
GenMC+CAAT-TSO	c/pthread-wmm/mix021_power.oepc_pso.oepc_rmo.oepc.yml	1	pthread-wmm	38384	888			false	TIMEOUT:1			
GenMC+CAAT-TSO	c/pthread-wmm/mix021_tso.oepc.yml	1	pthread-wmm	37863	883			false	TIMEOUT:1			
GenMC+CAAT-TSO	c/pthread-wmm/mix022_power.oepc_power.opt_pso.oepc_pso.opt_rmo.oepc_rmo.opt.yml	1	pthread-wmm	36270	830			true	false(unreach-call):1	0.229220456	0.210702441	26341376
GenMC+CAAT-TSO	c/pthread-wmm/mix022_tso.yml	1	pthread-wmm	37916	843			true	false(unreach-call):1	1.45905981	1.40356255	26505216
GenMC+CAAT-TSO	c/pthread-wmm/mix023_power.oepc_pso.oepc_rmo.oepc.yml	1	pthread-wmm	38549	893			false	TIMEOUT:1			
GenMC+CAAT-TSO	c/pthread-wmm/mix023_power.opt_pso.opt_rmo.opt.yml	1	pthread-wmm	37544	883			false	TIMEOUT:1			
GenMC+CAAT-TSO	c/pthread-wmm/mix023_tso.yml	1	pthread-wmm	45856	975			false	TIMEOUT:1			
GenMC+CAAT-TSO	c/pthread-wmm/mix024_power.oepc_pso.oepc_rmo.oepc_tso.oepc_tso.opt.yml	1	pthread-wmm	37624	870			true	false(unreach-call):1	40.0289843	39.7019845	26460160
GenMC+CAAT-TSO	c/pthread-wmm/mix024_power.opt_pso.opt_rmo.opt.yml	1	pthread-wmm	37146	866			false	TIMEOUT:1			
GenMC+CAAT-TSO	c/pthread-wmm/mix025_power.oepc_power.opt_pso.oepc_rmo.oepc_tso.oepc_tso.opt.yml	1	pthread-wmm	37386	860			true	false(unreach-call):1	37.0704005	36.6219516	26439680
GenMC+CAAT-TSO	c/pthread-wmm/mix025_pso.opt_rmo.opt.yml	1	pthread-wmm	36888	856			false	TIMEOUT:1			
GenMC+CAAT-TSO	c/pthread-wmm/mix026.oepc.yml	1	pthread-wmm	38450	890			false	TIMEOUT:1			
GenMC+CAAT-TSO	c/pthread-wmm/mix026_power.opt_tso.opt.yml	1	pthread-wmm	38005	886			false	TIMEOUT:1			
GenMC+CAAT-TSO	c/pthread-wmm/mix026_pso.opt_rmo.opt.yml	1	pthread-wmm	37459	880			false	TIMEOUT:1			
GenMC+CAAT-TSO	c/pthread-wmm/mix027_power.oepc_pso.oepc_rmo.oepc.yml	1	pthread-wmm	38384	888			false	TIMEOUT:1			
GenMC+CAAT-TSO	c/pthread-wmm/mix027_power.opt_pso.opt_rmo.opt.yml	1	pthread-wmm	37379	878			false	TIMEOUT:1			
GenMC+CAAT-TSO	c/pthread-wmm/mix027_tso.yml	1	pthread-wmm	38359	888			false	TIMEOUT:1			
GenMC+CAAT-TSO	c/pthread-wmm/mix028_power.oepc_pso.oepc_rmo.oepc.yml	1	pthread-wmm	37269	858			true	false(unreach-call):1	36.1582546	36.0048196	26357760
GenMC+CAAT-TSO	c/pthread-wmm/mix028_power.opt_pso.opt_rmo.opt.yml	1	pthread-wmm	37266	858			false	TIMEOUT:1			
GenMC+CAAT-TSO	c/pthread-wmm/mix028_tso.yml	1	pthread-wmm	38440	866			false	TIMEOUT:1			
GenMC+CAAT-TSO	c/pthread-wmm/mix029_power.oepc_pso.oepc_rmo.oepc_tso.oepc_tso.opt.yml	1	pthread-wmm	38401	888			false	TIMEOUT:1			
GenMC+CAAT-TSO	c/pthread-wmm/mix029_power.opt_pso.opt_rmo.opt.yml	1	pthread-wmm	37880	883			false	TIMEOUT:1			
GenMC+CAAT-TSO	c/pthread-wmm/mix030_power.oepc_pso.oepc_rmo.oepc.yml	1	pthread-wmm	38294	886			false	TIMEOUT:1			
GenMC+CAAT-TSO	c/pthread-wmm/mix030_power.opt_pso.opt_rmo.opt.yml	1	pthread-wmm	37790	881			false	TIMEOUT:1			
GenMC+CAAT-TSO	c/pthread-wmm/mix030_tso.yml	1	pthread-wmm	38964	889			false	TIMEOUT:1			
GenMC+CAAT-TSO	c/pthread-wmm/mix031.oepc.yml	1	pthread-wmm	36641	847			true	false(unreach-call):1	0.372942532	0.31847044	26394624
GenMC+CAAT-TSO	c/pthread-wmm/mix031.opt.yml	1	pthread-wmm	36182	843			true	false(unreach-call):1	13.7202033	12.3182243	26259456
GenMC+CAAT-TSO	c/pthread-wmm/mix032.oepc.yml	1	pthread-wmm	37756	877			false	TIMEOUT:1			
GenMC+CAAT-TSO	c/pthread-wmm/mix032.opt.yml	1	pthread-wmm	36753	867			false	TIMEOUT:1			
GenMC+CAAT-TSO	c/pthread-wmm/mix033.opt.yml	1	pthread-wmm	36663	865			false	TIMEOUT:1			
GenMC+CAAT-TSO	c/pthread-wmm/mix033_power.oepc_pso.oepc_rmo.oepc.yml	1	pthread-wmm	37690	875			false	TIMEOUT:1			
GenMC+CAAT-TSO	c/pthread-wmm/mix033_tso.oepc.yml	1	pthread-wmm	37670	875			false	TIMEOUT:1			
GenMC+CAAT-TSO	c/pthread-wmm/mix034_power.oepc_power.opt_pso.oepc_rmo.oepc_rmo.opt_tso.oepc.yml	1	pthread-wmm	36444	837			true	false(unreach-call):1	0.309166782	0.292300484	26370048
GenMC+CAAT-TSO	c/pthread-wmm/mix034_pso.opt_tso.opt.yml	1	pthread-wmm	35946	833			true	false(unreach-call):1	2.37448576	2.17561333	26292224
GenMC+CAAT-TSO	c/pthread-wmm/mix035.oepc.yml	1	pthread-wmm	37508	867			false	TIMEOUT:1			
GenMC+CAAT-TSO	c/pthread-wmm/mix035_power.opt_rmo.opt.yml	1	pthread-wmm	37063	863			false	TIMEOUT:1			
GenMC+CAAT-TSO	c/pthread-wmm/mix035_pso.opt_tso.opt.yml	1	pthread-wmm	36517	857			false	TIMEOUT:1			
GenMC+CAAT-TSO	c/pthread-wmm/mix036.oepc.yml	1	pthread-wmm	38623	897			false	TIMEOUT:1			
GenMC+CAAT-TSO	c/pthread-wmm/mix036_power.opt_rmo.opt.yml	1	pthread-wmm	37634	887			false	TIMEOUT:1			
GenMC+CAAT-TSO	c/pthread-wmm/mix036_pso.opt_tso.opt.yml	1	pthread-wmm	37131	882			false	TIMEOUT:1			
GenMC+CAAT-TSO	c/pthread-wmm/mix037.opt.yml	1	pthread-wmm	37029	880			false	TIMEOUT:1			
GenMC+CAAT-TSO	c/pthread-wmm/mix037_power.oepc_pso.oepc_rmo.oepc.yml	1	pthread-wmm	38557	895			false	TIMEOUT:1			
GenMC+CAAT-TSO	c/pthread-wmm/mix037_tso.oepc.yml	1	pthread-wmm	38537	895			false	TIMEOUT:1			
GenMC+CAAT-TSO	c/pthread-wmm/mix038.opt.yml	1	pthread-wmm	36421	855			false	TIMEOUT:1			
GenMC+CAAT-TSO	c/pthread-wmm/mix038_power.oepc_pso.oepc_rmo.oepc.yml	1	pthread-wmm	37448	865			false	TIMEOUT:1			
GenMC+CAAT-TSO	c/pthread-wmm/mix038_tso.oepc.yml	1	pthread-wmm	37428	865			false	TIMEOUT:1			
GenMC+CAAT-TSO	c/pthread-wmm/mix039.oepc.yml	1	pthread-wmm	38541	895			false	TIMEOUT:1			
GenMC+CAAT-TSO	c/pthread-wmm/mix039.opt.yml	1	pthread-wmm	37037	880			false	TIMEOUT:1			
GenMC+CAAT-TSO	c/pthread-wmm/mix040.opt.yml	1	pthread-wmm	36947	878			false	TIMEOUT:1			
GenMC+CAAT-TSO	c/pthread-wmm/mix040_power.oepc_pso.oepc_rmo.oepc.yml	1	pthread-wmm	38475	893			false	TIMEOUT:1			
GenMC+CAAT-TSO	c/pthread-wmm/mix040_tso.oepc.yml	1	pthread-wmm	37954	888			false	TIMEOUT:1			
GenMC+CAAT-TSO	c/pthread-wmm/mix041_power.oepc_pso.oepc_rmo.oepc.yml	1	pthread-wmm	36331	835			true	false(unreach-call):1	0.30178357	0.286809181	26394624
GenMC+CAAT-TSO	c/pthread-wmm/mix041_power.opt_pso.opt_rmo.opt_tso.oepc_tso.opt.yml	1	pthread-wmm	36345	835			true	false(unreach-call):1	1.8763295	1.86777002	26324992
GenMC+CAAT-TSO	c/pthread-wmm/mix042.oepc.yml	1	pthread-wmm	37424	865			false	TIMEOUT:1			
GenMC+CAAT-TSO	c/pthread-wmm/mix042.opt.yml	1	pthread-wmm	36922	860			false	TIMEOUT:1			
GenMC+CAAT-TSO	c/pthread-wmm/mix043.oepc.yml	1	pthread-wmm	38541	895			false	TIMEOUT:1			
GenMC+CAAT-TSO	c/pthread-wmm/mix043.opt.yml	1	pthread-wmm	37538	885			false	TIMEOUT:1			
GenMC+CAAT-TSO	c/pthread-wmm/mix044.opt.yml	1	pthread-wmm	37448	883			false	TIMEOUT:1			
GenMC+CAAT-TSO	c/pthread-wmm/mix044_power.oepc_pso.oepc_rmo.oepc.yml	1	pthread-wmm	38475	893			false	TIMEOUT:1			
GenMC+CAAT-TSO	c/pthread-wmm/mix044_tso.oepc.yml	1	pthread-wmm	38455	893			false	TIMEOUT:1			
GenMC+CAAT-TSO	c/pthread-wmm/mix045_power.oepc_pso.oepc_rmo.oepc.yml	1	pthread-wmm	37358	863			false	TIMEOUT:1			
GenMC+CAAT-TSO	c/pthread-wmm/mix045_power.opt_pso.opt_rmo.opt_tso.oepc_tso.opt.yml	1	pthread-wmm	36871	858			false	TIMEOUT:1			
GenMC+CAAT-TSO	c/pthread-wmm/mix046.oepc.yml	1	pthread-wmm	38451	893			false	TIMEOUT:1			
GenMC+CAAT-TSO	c/pthread-wmm/mix046.opt.yml	1	pthread-wmm	37448	883			false	TIMEOUT:1			
GenMC+CAAT-TSO	c/pthread-wmm/mix047_power.oepc_pso.oepc_rmo.oepc.yml	1	pthread-wmm	38385	891			false	TIMEOUT:1			
GenMC+CAAT-TSO	c/pthread-wmm/mix047_power.opt_pso.opt_rmo.opt_tso.oepc_tso.opt.yml	1	pthread-wmm	37397	881			false	TIMEOUT:1			
GenMC+CAAT-TSO	c/pthread-wmm/mix048_power.oepc_power.opt_pso.oepc_pso.opt_rmo.oepc_rmo.opt_tso.oepc_tso.opt-podwr000_power.oepc_power.opt_pso.oepc_pso.opt_rmo.oepc_rmo.opt_tso.oepc_tso.opt.yml	1	pthread-wmm	36297	827			true	false(unreach-call):1	0.168406863	0.148534001	26296320
GenMC+CAAT-TSO	c/pthread-wmm/mix049_power.oepc_power.opt_pso.oepc_pso.opt_rmo.oepc_rmo.opt_tso.oepc_tso.opt-podwr001_power.oepc_power.opt_pso.oepc_pso.opt_rmo.oepc_rmo.opt_tso.oepc_tso.opt.yml	1	pthread-wmm	37414	857			true	false(unreach-call):1	17.2536279	16.9757773	26386432
GenMC+CAAT-TSO	c/pthread-wmm/mix050.yml	1	pthread-wmm	38378	887			false	TIMEOUT:1			
GenMC+CAAT-TSO	c/pthread-wmm/mix051_power.oepc_power.opt_pso.oepc_rmo.oepc.yml	1	pthread-wmm	38327	885			false	TIMEOUT:1			
GenMC+CAAT-TSO	c/pthread-wmm/mix051_pso.opt_rmo.opt_tso.opt.yml	1	pthread-wmm	36809	870			false	TIMEOUT:1			
GenMC+CAAT-TSO	c/pthread-wmm/mix051_tso.oepc.yml	1	pthread-wmm	38297	885			false	TIMEOUT:1			
GenMC+CAAT-TSO	c/pthread-wmm/mix052_power.oepc_power.opt_pso.oepc_rmo.oepc.yml	1	pthread-wmm	37210	855			true	false(unreach-call):1	16.73456	16.3185745	26357760
GenMC+CAAT-TSO	c/pthread-wmm/mix052_pso.opt_rmo.opt_tso.opt.yml	1	pthread-wmm	36193	845			false	TIMEOUT:1			
GenMC+CAAT-TSO	c/pthread-wmm/mix052_tso.oepc.yml	1	pthread-wmm	37180	855			false	TIMEOUT:1			
GenMC+CAAT-TSO	c/pthread-wmm/mix053.opt.yml	1	pthread-wmm	36699	868			false	TIMEOUT:1			
GenMC+CAAT-TSO	c/pthread-wmm/mix053_power.oepc_pso.oepc_rmo.oepc.yml	1	pthread-wmm	38227	883			false	TIMEOUT:1			
GenMC+CAAT-TSO	c/pthread-wmm/mix053_tso.oepc.yml	1	pthread-wmm	37706	878			false	TIMEOUT:1			
GenMC+CAAT-TSO	c/pthread-wmm/mix054_power.oepc_power.opt_pso.oepc_rmo.oepc.yml	1	pthread-wmm	36093	825			true	false(unreach-call):1	0.180038339	0.1434565	26304512
GenMC+CAAT-TSO	c/pthread-wmm/mix054_pso.opt_rmo.opt_tso.oepc_tso.opt.yml	1	pthread-wmm	36087	825			true	false(unreach-call):1	0.464150648	0.44789741	26353664
GenMC+CAAT-TSO	c/pthread-wmm/mix055.opt.yml	1	pthread-wmm	37200	873			false	TIMEOUT:1			
GenMC+CAAT-TSO	c/pthread-wmm/mix055_power.oepc_pso.oepc_rmo.oepc.yml	1	pthread-wmm	38227	883			false	TIMEOUT:1			
GenMC+CAAT-TSO	c/pthread-wmm/mix055_tso.oepc.yml	1	pthread-wmm	38207	883			false	TIMEOUT:1			
GenMC+CAAT-TSO	c/pthread-wmm/mix056_power.oepc_pso.oepc_rmo.oepc.yml	1	pthread-wmm	37110	853			true	false(unreach-call):1	16.1425175	16.0733833	26447872
GenMC+CAAT-TSO	c/pthread-wmm/mix056_power.opt_pso.opt_rmo.opt_tso.oepc_tso.opt.yml	1	pthread-wmm	36623	848			false	TIMEOUT:1			
GenMC+CAAT-TSO	c/pthread-wmm/mix057_power.oepc_pso.oepc_rmo.oepc.yml	1	pthread-wmm	38137	881			false	TIMEOUT:1			
GenMC+CAAT-TSO	c/pthread-wmm/mix057_power.opt_pso.opt_rmo.opt_tso.oepc_tso.opt.yml	1	pthread-wmm	37149	871			false	TIMEOUT:1			
GenMC+CAAT-TSO	c/pthread-wmm/rfi000_power.oepc_pso.oepc_rmo.oepc.yml	1	pthread-wmm	39717	859			true	false(unreach-call):1	0.381576384	0.370227233	26595328
GenMC+CAAT-TSO	c/pthread-wmm/rfi000_power.opt_pso.opt_rmo.opt.yml	1	pthread-wmm	36320	833			true	false(unreach-call):1	1.90872015	1.87614967	26365952
GenMC+CAAT-TSO	c/pthread-wmm/rfi000_tso.yml	1	pthread-wmm	39692	859			true	true:1	4.92357394	4.69383297	26632192
GenMC+CAAT-TSO	c/pthread-wmm/rfi001_power.oepc_pso.oepc_rmo.oepc.yml	1	pthread-wmm	36331	835			true	false(unreach-call):1	0.295976287	0.289534634	26370048
GenMC+CAAT-TSO	c/pthread-wmm/rfi001_power.opt_pso.opt_rmo.opt_tso.oepc_tso.opt.yml	1	pthread-wmm	36345	835			true	false(unreach-call):1	1.91819632	1.89559333	26431488
GenMC+CAAT-TSO	c/pthread-wmm/rfi002_power.oepc_power.opt_pso.oepc_pso.opt_rmo.oepc_rmo.opt.yml	1	pthread-wmm	40433	869			true	true:1	12.3516815	12.3305954	26632192
GenMC+CAAT-TSO	c/pthread-wmm/rfi002_tso.yml	1	pthread-wmm	43661	914			true	true:1	16.5958746	16.5521122	26812416
GenMC+CAAT-TSO	c/pthread-wmm/rfi003_power.oepc_power.opt_pso.oepc_pso.opt_rmo.oepc_rmo.opt.yml	1	pthread-wmm	36037	833			true	false(unreach-call):1	5.47563232	5.35485279	26365952
GenMC+CAAT-TSO	c/pthread-wmm/rfi003_tso.yml	1	pthread-wmm	40339	868			true	true:1	12.5196417	12.498864	26632192
GenMC+CAAT-TSO	c/pthread-wmm/rfi004.yml	1	pthread-wmm	35990	835			true	false(unreach-call):1	5.42872008	5.38800833	26292224
GenMC+CAAT-TSO	c/pthread-wmm/rfi005.yml	1	pthread-wmm	39665	867			true	false(unreach-call):1	0.0948050701	0.086667375	26578944
GenMC+CAAT-TSO	c/pthread-wmm/rfi006_power.oepc.yml	1	pthread-wmm	39504	872			true	false(unreach-call):1	0.099918721	0.092163594	26599424
GenMC+CAAT-TSO	c/pthread-wmm/rfi006_power.opt.yml	1	pthread-wmm	39827	881			true	false(unreach-call):1	0.128881277	0.094275079	26513408
GenMC+CAAT-TSO	c/pthread-wmm/rfi006_pso.oepc_pso.opt_tso.oepc_tso.opt.yml	1	pthread-wmm	38984	868			false	TIMEOUT:1			
GenMC+CAAT-TSO	c/pthread-wmm/rfi006_rmo.yml	1	pthread-wmm	38611	871			true	false(unreach-call):1	0.142210601	0.091064739	26439680
GenMC+CAAT-TSO	c/pthread-wmm/rfi007_power.oepc_power.opt_pso.oepc_pso.opt_rmo.oepc_rmo.opt.yml	1	pthread-wmm	36274	830			true	false(unreach-call):1	0.228780281	0.209131386	26333184
GenMC+CAAT-TSO	c/pthread-wmm/rfi007_tso.yml	1	pthread-wmm	37920	843			true	false(unreach-call):1	1.43668082	1.40080431	26537984
GenMC+CAAT-TSO	c/pthread-wmm/rfi008.oepc.yml	1	pthread-wmm	38219	851			true	false(unreach-call):1	0.293828579	0.280632752	26501120
GenMC+CAAT-TSO	c/pthread-wmm/rfi008.opt.yml	1	pthread-wmm	37717	846			true	false(unreach-call):1	3.56354657	3.5121911	26427392
GenMC+CAAT-TSO	c/pthread-wmm/rfi009_power.oepc.yml	1	pthread-wmm	39594	874			true	false(unreach-call):1	0.099662699	0.094750846	26509312
GenMC+CAAT-TSO	c/pthread-wmm/rfi009_power.opt_pso.oepc_pso.opt_rmo.opt_tso.oepc_tso.opt.yml	1	pthread-wmm	38634	866			false	TIMEOUT:1			
GenMC+CAAT-TSO	c/pthread-wmm/rfi009_rmo.oepc.yml	1	pthread-wmm	38706	873			true	false(unreach-call):1	0.095568773	0.08940625	26488832
GenMC+CAAT-TSO	c/pthread-wmm/rfi010.yml	1	pthread-wmm	37604	843			true	false(unreach-call):1	3.58574637	3.46442841	26398720
GenMC+CAAT-TSO	c/pthread-wmm/safe000_power.oepc.yml	1	pthread-wmm	41703	890			true	false(unreach-call):1	0.0907200511	0.085393889	26669056
GenMC+CAAT-TSO	c/pthread-wmm/safe000_power.opt.yml	1	pthread-wmm	39090	877			false	TIMEOUT:1			
GenMC+CAAT-TSO	c/pthread-wmm/safe000_pso.oepc_pso.opt_tso.oepc_tso.opt.yml	1	pthread-wmm	32886	795			false	TIMEOUT:1			
GenMC+CAAT-TSO	c/pthread-wmm/safe000_rmo.yml	1	pthread-wmm	40810	889			true	false(unreach-call):1	0.112502606	0.106847701	26693632
GenMC+CAAT-TSO	c/pthread-wmm/safe001_power.oepc.yml	1	pthread-wmm	41613	888			true	false(unreach-call):1	0.093387496	0.087432113	26750976
GenMC+CAAT-TSO	c/pthread-wmm/safe001_power.opt_pso.oepc_pso.opt_rmo.opt.yml	1	pthread-wmm	37199	853			false	TIMEOUT:1			
GenMC+CAAT-TSO	c/pthread-wmm/safe001_rmo.oepc.yml	1	pthread-wmm	40725	887			true	false(unreach-call):1	0.098015987	0.09225745	26726400
GenMC+CAAT-TSO	c/pthread-wmm/safe001_tso.yml	1	pthread-wmm	32766	793			false	TIMEOUT:1			
GenMC+CAAT-TSO	c/pthread-wmm/safe002_power.oepc.yml	1	pthread-wmm	41703	890			true	false(unreach-call):1	0.090262646	0.087508874	26681344
GenMC+CAAT-TSO	c/pthread-wmm/safe002_power.opt_pso.oepc_pso.opt_rmo.opt.yml	1	pthread-wmm	36831	851			false	TIMEOUT:1			
GenMC+CAAT-TSO	c/pthread-wmm/safe002_rmo.oepc.yml	1	pthread-wmm	40815	889			true	false(unreach-call):1	0.105007389	0.098424197	26714112
GenMC+CAAT-TSO	c/pthread-wmm/safe002_tso.yml	1	pthread-wmm	32856	795			false	TIMEOUT:1			
GenMC+CAAT-TSO	c/pthread-wmm/safe003_power.oepc_pso.oepc_pso.opt_rmo.oepc_rmo.opt.yml	1	pthread-wmm	40693	881			true	false(unreach-call):1	22.1316411	22.0966695	26669056
GenMC+CAAT-TSO	c/pthread-wmm/safe003_power.opt.yml	1	pthread-wmm	39090	877			false	TIMEOUT:1			
GenMC+CAAT-TSO	c/pthread-wmm/safe003_tso.yml	1	pthread-wmm	32856	795			false	TIMEOUT:1			
GenMC+CAAT-TSO	c/pthread-wmm/safe004_power.oepc_pso.oepc_rmo.oepc.yml	1	pthread-wmm	40587	879			true	false(unreach-call):1	21.8596257	21.814896	26673152
GenMC+CAAT-TSO	c/pthread-wmm/safe004_power.opt_pso.opt_rmo.opt.yml	1	pthread-wmm	37190	853			false	TIMEOUT:1			
GenMC+CAAT-TSO	c/pthread-wmm/safe004_tso.yml	1	pthread-wmm	32766	793			false	TIMEOUT:1			
GenMC+CAAT-TSO	c/pthread-wmm/safe005_power.oepc_power.opt_pso.oepc_pso.opt_rmo.oepc_rmo.opt.yml	1	pthread-wmm	36907	853			false	TIMEOUT:1			
GenMC+CAAT-TSO	c/pthread-wmm/safe005_tso.yml	1	pthread-wmm	32912	797			false	TIMEOUT:1			
GenMC+CAAT-TSO	c/pthread-wmm/safe006_power.oepc-thin000_power.oepc.yml	1	pthread-wmm	37174	835			true	false(unreach-call):1	0.113370518	0.079550058	26349568
GenMC+CAAT-TSO	c/pthread-wmm/safe006_power.opt-thin000_power.opt.yml	1	pthread-wmm	37919	847			true	false(unreach-call):1	0.668820315	0.634958036	26374144
GenMC+CAAT-TSO	c/pthread-wmm/safe006_pso.oepc_pso.opt_tso.oepc_tso.opt-thin000_pso.oepc_pso.opt_tso.oepc_tso.opt.yml	1	pthread-wmm	32399	775			true	true:1	0.369865336	0.290359931	26001408
GenMC+CAAT-TSO	c/pthread-wmm/safe006_rmo.oepc_rmo.opt-thin000_rmo.oepc_rmo.opt.yml	1	pthread-wmm	36300	834			true	false(unreach-call):1	0.0837545081	0.075867275	26267648
GenMC+CAAT-TSO	c/pthread-wmm/safe007_power.oepc-thin001_power.oepc.yml	1	pthread-wmm	37835	861			true	false(unreach-call):1	0.0891020681	0.083119936	26488832
GenMC+CAAT-TSO	c/pthread-wmm/safe007_power.opt-thin001_power.opt.yml	1	pthread-wmm	38615	874			false	TIMEOUT:1			
GenMC+CAAT-TSO	c/pthread-wmm/safe007_pso.oepc_pso.opt_tso.oepc_tso.opt-thin001_pso.oepc_pso.opt_tso.oepc_tso.opt.yml	1	pthread-wmm	32936	797			false	TIMEOUT:1			
GenMC+CAAT-TSO	c/pthread-wmm/safe007_rmo.oepc_rmo.opt-thin001_rmo.oepc_rmo.opt.yml	1	pthread-wmm	36961	860			true	false(unreach-call):1	0.089646593	0.083027328	26402816
GenMC+CAAT-TSO	c/pthread-wmm/safe008_power.oepc_pso.oepc_pso.opt_rmo.oepc_rmo.opt.yml	1	pthread-wmm	37217	855			true	false(unreach-call):1	12.8579929	12.8229423	26439680
GenMC+CAAT-TSO	c/pthread-wmm/safe008_power.opt.yml	1	pthread-wmm	39008	877			false	TIMEOUT:1			
GenMC+CAAT-TSO	c/pthread-wmm/safe008_tso.yml	1	pthread-wmm	32774	795			false	TIMEOUT:1			
GenMC+CAAT-TSO	c/pthread-wmm/safe009_power.oepc.yml	1	pthread-wmm	39841	872			true	false(unreach-call):1	0.119420586	0.094968838	26611712
GenMC+CAAT-TSO	c/pthread-wmm/safe009_power.opt.yml	1	pthread-wmm	38925	872			false	TIMEOUT:1			
GenMC+CAAT-TSO	c/pthread-wmm/safe009_pso.oepc_pso.opt_tso.oepc_tso.opt.yml	1	pthread-wmm	32721	790			false	TIMEOUT:1			
GenMC+CAAT-TSO	c/pthread-wmm/safe009_rmo.oepc.yml	1	pthread-wmm	38953	871			true	false(unreach-call):1	0.095966534	0.087307601	26497024
GenMC+CAAT-TSO	c/pthread-wmm/safe009_rmo.opt.yml	1	pthread-wmm	37713	862			false	TIMEOUT:1			
GenMC+CAAT-TSO	c/pthread-wmm/safe010_power.oepc_power.opt_pso.oepc_pso.opt_rmo.oepc_rmo.opt.yml	1	pthread-wmm	36110	825			true	false(unreach-call):1	0.137269013	0.122183429	26394624
GenMC+CAAT-TSO	c/pthread-wmm/safe010_tso.yml	1	pthread-wmm	32237	773			true	true:1	0.352694856	0.279115677	26087424
GenMC+CAAT-TSO	c/pthread-wmm/safe011_power.oepc_pso.oepc_rmo.oepc_rmo.opt.yml	1	pthread-wmm	37119	853			true	false(unreach-call):1	12.7003064	12.6317558	26402816
GenMC+CAAT-TSO	c/pthread-wmm/safe011_power.opt_pso.opt.yml	1	pthread-wmm	37100	853			false	TIMEOUT:1			
GenMC+CAAT-TSO	c/pthread-wmm/safe011_tso.yml	1	pthread-wmm	32684	793			false	TIMEOUT:1			
GenMC+CAAT-TSO	c/pthread-wmm/safe012_power.oepc.yml	1	pthread-wmm	37816	861			true	false(unreach-call):1	0.109618604	0.086152009	26370048
GenMC+CAAT-TSO	c/pthread-wmm/safe012_power.opt.yml	1	pthread-wmm	38597	874			false	TIMEOUT:1			
GenMC+CAAT-TSO	c/pthread-wmm/safe012_pso.oepc_pso.opt_rmo.opt.yml	1	pthread-wmm	36829	853			false	TIMEOUT:1			
GenMC+CAAT-TSO	c/pthread-wmm/safe012_rmo.oepc.yml	1	pthread-wmm	36928	860			true	false(unreach-call):1	0.151736765	0.082331804	26419200
GenMC+CAAT-TSO	c/pthread-wmm/safe012_tso.yml	1	pthread-wmm	32864	797			false	TIMEOUT:1			
GenMC+CAAT-TSO	c/pthread-wmm/safe013_power.oepc_power.opt_pso.oepc_pso.opt_rmo.oepc_rmo.opt.yml	1	pthread-wmm	36825	853			false	TIMEOUT:1			
GenMC+CAAT-TSO	c/pthread-wmm/safe013_tso.yml	1	pthread-wmm	32830	797			false	TIMEOUT:1			
GenMC+CAAT-TSO	c/pthread-wmm/safe014_power.oepc.yml	1	pthread-wmm	37808	859			true	false(unreach-call):1	0.094414623	0.086226699	26427392
GenMC+CAAT-TSO	c/pthread-wmm/safe014_power.opt.yml	1	pthread-wmm	38131	868			true	false(unreach-call):1	0.095568993	0.087457003	26390528
GenMC+CAAT-TSO	c/pthread-wmm/safe014_pso.oepc_pso.opt_tso.oepc_tso.opt.yml	1	pthread-wmm	32886	795			false	TIMEOUT:1			
GenMC+CAAT-TSO	c/pthread-wmm/safe014_rmo.oepc.yml	1	pthread-wmm	36920	858			true	false(unreach-call):1	0.142555756	0.080540861	26423296
GenMC+CAAT-TSO	c/pthread-wmm/safe014_rmo.opt.yml	1	pthread-wmm	40814	889			false	TIMEOUT:1			
GenMC+CAAT-TSO	c/pthread-wmm/safe015_power.oepc.yml	1	pthread-wmm	42317	908			true	false(unreach-call):1	0.081198251	0.076397111	26796032
GenMC+CAAT-TSO	c/pthread-wmm/safe015_power.opt.yml	1	pthread-wmm	41668	890			false	TIMEOUT:1			
GenMC+CAAT-TSO	c/pthread-wmm/safe015_pso.oepc_pso.opt_tso.oepc_tso.opt.yml	1	pthread-wmm	32852	795			false	TIMEOUT:1			
GenMC+CAAT-TSO	c/pthread-wmm/safe015_rmo.yml	1	pthread-wmm	40776	889			false	TIMEOUT:1			
GenMC+CAAT-TSO	c/pthread-wmm/safe016_power.oepc.yml	1	pthread-wmm	40329	891			true	false(unreach-call):1	0.102022902	0.095851314	26718208
GenMC+CAAT-TSO	c/pthread-wmm/safe016_power.opt.yml	1	pthread-wmm	41287	900			false	TIMEOUT:1			
GenMC+CAAT-TSO	c/pthread-wmm/safe016_pso.oepc_pso.opt_tso.oepc_tso.opt.yml	1	pthread-wmm	33085	805			false	TIMEOUT:1			
GenMC+CAAT-TSO	c/pthread-wmm/safe016_rmo.oepc.yml	1	pthread-wmm	39441	890			true	false(unreach-call):1	0.106929339	0.096830839	26558464
GenMC+CAAT-TSO	c/pthread-wmm/safe016_rmo.opt.yml	1	pthread-wmm	40399	899			false	TIMEOUT:1			
GenMC+CAAT-TSO	c/pthread-wmm/safe017_power.oepc_power.opt_pso.oepc_pso.opt_rmo.oepc_rmo.opt.yml	1	pthread-wmm	37054	848			true	false(unreach-call):1	4.66953263	4.60802042	26427392
GenMC+CAAT-TSO	c/pthread-wmm/safe017_tso.yml	1	pthread-wmm	32601	788			false	TIMEOUT:1			
GenMC+CAAT-TSO	c/pthread-wmm/safe018_power.oepc.yml	1	pthread-wmm	37733	856			true	false(unreach-call):1	0.09204706	0.082791304	26435584
GenMC+CAAT-TSO	c/pthread-wmm/safe018_power.opt.yml	1	pthread-wmm	40254	883			false	TIMEOUT:1			
GenMC+CAAT-TSO	c/pthread-wmm/safe018_pso.oepc_pso.opt_tso.oepc_tso.opt.yml	1	pthread-wmm	32811	792			false	TIMEOUT:1			
GenMC+CAAT-TSO	c/pthread-wmm/safe018_rmo.oepc.yml	1	pthread-wmm	36845	855			true	false(unreach-call):1	0.0930167111	0.080607465	26341376
GenMC+CAAT-TSO	c/pthread-wmm/safe018_rmo.opt.yml	1	pthread-wmm	39042	873			false	TIMEOUT:1			
GenMC+CAAT-TSO	c/pthread-wmm/safe019_power.oepc.yml	1	pthread-wmm	40419	893			true	false(unreach-call):1	0.100113795	0.094238946	26681344
GenMC+CAAT-TSO	c/pthread-wmm/safe019_power.opt.yml	1	pthread-wmm	41278	908			false	TIMEOUT:1			
GenMC+CAAT-TSO	c/pthread-wmm/safe019_pso.oepc_pso.opt_tso.oepc_tso.opt.yml	1	pthread-wmm	33175	807			false	TIMEOUT:1			
GenMC+CAAT-TSO	c/pthread-wmm/safe019_rmo.oepc.yml	1	pthread-wmm	39531	892			true	false(unreach-call):1	0.102346877	0.095486714	26607616
GenMC+CAAT-TSO	c/pthread-wmm/safe019_rmo.opt.yml	1	pthread-wmm	40031	897			false	TIMEOUT:1			
GenMC+CAAT-TSO	c/pthread-wmm/safe020_power.yml	1	pthread-wmm	40216	883			false	TIMEOUT:1			
GenMC+CAAT-TSO	c/pthread-wmm/safe020_pso.oepc_pso.opt_tso.oepc_tso.opt.yml	1	pthread-wmm	32777	792			false	TIMEOUT:1			
GenMC+CAAT-TSO	c/pthread-wmm/safe020_rmo.yml	1	pthread-wmm	39004	873			false	TIMEOUT:1			
GenMC+CAAT-TSO	c/pthread-wmm/safe021_power.oepc_pso.oepc_rmo.oepc_rmo.opt.yml	1	pthread-wmm	37209	855			true	false(unreach-call):1	16.7774018	16.3583038	26439680
GenMC+CAAT-TSO	c/pthread-wmm/safe021_power.opt_pso.opt.yml	1	pthread-wmm	37190	855			false	TIMEOUT:1			
GenMC+CAAT-TSO	c/pthread-wmm/safe021_tso.yml	1	pthread-wmm	32774	795			false	TIMEOUT:1			
GenMC+CAAT-TSO	c/pthread-wmm/safe022_power.oepc_power.opt_pso.oepc_pso.opt_rmo.oepc_rmo.opt.yml	1	pthread-wmm	36200	827			true	false(unreach-call):1	0.179960556	0.144912411	26361856
GenMC+CAAT-TSO	c/pthread-wmm/safe022_tso.yml	1	pthread-wmm	32327	775			true	true:1	0.293813441	0.285170169	26001408
GenMC+CAAT-TSO	c/pthread-wmm/safe023_power.oepc_power.opt_pso.oepc_pso.opt_rmo.oepc_rmo.opt.yml	1	pthread-wmm	41303	889			false	TIMEOUT:1			
GenMC+CAAT-TSO	c/pthread-wmm/safe023_tso.yml	1	pthread-wmm	32912	797			false	TIMEOUT:1			
GenMC+CAAT-TSO	c/pthread-wmm/safe024_power.oepc_power.opt_pso.oepc_pso.opt_rmo.oepc_rmo.opt.yml	1	pthread-wmm	36915	855			false	TIMEOUT:1			
GenMC+CAAT-TSO	c/pthread-wmm/safe024_tso.yml	1	pthread-wmm	32920	799			false	TIMEOUT:1			
GenMC+CAAT-TSO	c/pthread-wmm/safe025_power.yml	1	pthread-wmm	42402	910			true	false(unreach-call):1	0.082022549	0.079998306	26718208
GenMC+CAAT-TSO	c/pthread-wmm/safe025_pso.oepc_pso.opt_tso.oepc_tso.opt.yml	1	pthread-wmm	32942	797			false	TIMEOUT:1			
GenMC+CAAT-TSO	c/pthread-wmm/safe025_rmo.yml	1	pthread-wmm	40866	891			false	TIMEOUT:1			
GenMC+CAAT-TSO	c/pthread-wmm/safe026_power.oepc_power.opt_pso.oepc_pso.opt_rmo.oepc_rmo.opt.yml	1	pthread-wmm	37144	850			true	false(unreach-call):1	5.97461011	5.95965985	26398720
GenMC+CAAT-TSO	c/pthread-wmm/safe026_tso.yml	1	pthread-wmm	32691	790			false	TIMEOUT:1			
GenMC+CAAT-TSO	c/pthread-wmm/safe027_power.oepc.yml	1	pthread-wmm	40008	890			true	false(unreach-call):1	0.101696663	0.093255687	26615808
GenMC+CAAT-TSO	c/pthread-wmm/safe027_power.opt.yml	1	pthread-wmm	41368	910			false	TIMEOUT:1			
GenMC+CAAT-TSO	c/pthread-wmm/safe027_pso.oepc_pso.opt_tso.oepc_tso.opt.yml	1	pthread-wmm	33265	809			false	TIMEOUT:1			
GenMC+CAAT-TSO	c/pthread-wmm/safe027_rmo.yml	1	pthread-wmm	39115	889			true	false(unreach-call):1	0.0981037	0.092575224	26521600
GenMC+CAAT-TSO	c/pthread-wmm/safe028_power.yml	1	pthread-wmm	40306	885			false	TIMEOUT:1			
GenMC+CAAT-TSO	c/pthread-wmm/safe028_pso.oepc_pso.opt_tso.oepc_tso.opt.yml	1	pthread-wmm	32867	794			false	TIMEOUT:1			
GenMC+CAAT-TSO	c/pthread-wmm/safe028_rmo.yml	1	pthread-wmm	39094	875			false	TIMEOUT:1			
GenMC+CAAT-TSO	c/pthread-wmm/safe029_power.oepc_pso.oepc_rmo.oepc.yml	1	pthread-wmm	35994	823			true	false(unreach-call):1	0.139309382	0.128348413	26378240
GenMC+CAAT-TSO	c/pthread-wmm/safe029_power.opt_pso.opt_rmo.opt.yml	1	pthread-wmm	35991	823			true	false(unreach-call):1	0.461246493	0.442179525	26390528
GenMC+CAAT-TSO	c/pthread-wmm/safe029_tso.yml	1	pthread-wmm	32147	771			true	true:1	0.356798944	0.27087011	26058752
GenMC+CAAT-TSO	c/pthread-wmm/safe030_power.oepc_pso.oepc_rmo.oepc.yml	1	pthread-wmm	37021	851			true	false(unreach-call):1	12.5540732	12.4835957	26484736
GenMC+CAAT-TSO	c/pthread-wmm/safe030_power.opt_pso.opt_rmo.opt.yml	1	pthread-wmm	36517	846			false	TIMEOUT:1			
GenMC+CAAT-TSO	c/pthread-wmm/safe030_tso.yml	1	pthread-wmm	32594	791			false	TIMEOUT:1			
GenMC+CAAT-TSO	c/pthread-wmm/safe031_power.oepc_pso.oepc_rmo.oepc.yml	1	pthread-wmm	36709	851			false	TIMEOUT:1			
GenMC+CAAT-TSO	c/pthread-wmm/safe031_power.opt_pso.opt_rmo.opt.yml	1	pthread-wmm	36663	850			false	TIMEOUT:1			
GenMC+CAAT-TSO	c/pthread-wmm/safe031_tso.yml	1	pthread-wmm	32740	795			false	TIMEOUT:1			
GenMC+CAAT-TSO	c/pthread-wmm/safe032_power.oepc_power.opt_pso.oepc_pso.opt_rmo.oepc_rmo.opt.yml	1	pthread-wmm	40768	884			false	TIMEOUT:1			
GenMC+CAAT-TSO	c/pthread-wmm/safe032_tso.yml	1	pthread-wmm	32878	797			false	TIMEOUT:1			
GenMC+CAAT-TSO	c/pthread-wmm/safe033_power.oepc_power.opt_pso.oepc_pso.opt_rmo.oepc_rmo.opt.yml	1	pthread-wmm	35708	823			true	false(unreach-call):1	1.06388583	1.01400762	26374144
GenMC+CAAT-TSO	c/pthread-wmm/safe033_tso.yml	1	pthread-wmm	32293	775			true	true:1	0.533810985	0.500104162	26009600
GenMC+CAAT-TSO	c/pthread-wmm/safe034_power.oepc_power.opt_pso.oepc_pso.opt_rmo.oepc_rmo.opt.yml	1	pthread-wmm	36337	849			false	TIMEOUT:1			
GenMC+CAAT-TSO	c/pthread-wmm/safe034_tso.yml	1	pthread-wmm	32886	799			false	TIMEOUT:1			
GenMC+CAAT-TSO	c/pthread-wmm/safe035_power.yml	1	pthread-wmm	43232	904			false	TIMEOUT:1			
GenMC+CAAT-TSO	c/pthread-wmm/safe035_pso.oepc_pso.opt_rmo.oepc_rmo.opt_tso.oepc_tso.opt.yml	1	pthread-wmm	33071	801			false	TIMEOUT:1			
GenMC+CAAT-TSO	c/pthread-wmm/safe036.yml	1	pthread-wmm	32435	779			true	true:1	1.29003661	1.13481801	26062848
GenMC+CAAT-TSO	c/pthread-wmm/safe037.yml	1	pthread-wmm	33028	803			false	TIMEOUT:1			
GenMC+CAAT-TSO	c/pthread-wmm/thin002_power.oepc.yml	1	pthread-wmm	38477	887			true	false(unreach-call):1	0.093066412	0.087216729	26431488
GenMC+CAAT-TSO	c/pthread-wmm/thin002_power.opt.yml	1	pthread-wmm	39293	901			false	TIMEOUT:1			
GenMC+CAAT-TSO	c/pthread-wmm/thin002_pso.oepc_pso.opt_tso.oepc_tso.opt.yml	1	pthread-wmm	33431	819			false	TIMEOUT:1			
GenMC+CAAT-TSO	c/pthread-wmm/thin002_rmo.yml	1	pthread-wmm	37584	886			true	false(unreach-call):1	0.094728797	0.088885471	26361856
GenMC+CAAT-TSO	c/pthread/bigshot_s.yml	1	pthread	55602	1128			true	true:1	0.066310049	0.060335691	26054656
GenMC+CAAT-TSO	c/pthread/bigshot_s2.yml	1	pthread	55597	1128			true	true:1	0.064482984	0.061331889	26058752
GenMC+CAAT-TSO	c/pthread/butterfly.yml	1	pthread	33848	806			true	true:1	21.1221322	20.9546976	26128384
GenMC+CAAT-TSO	c/pthread/fib_safe-10.yml	1	pthread	31319	728			false	TIMEOUT:1			
GenMC+CAAT-TSO	c/pthread/fib_safe-11.yml	1	pthread	31319	728			false	TIMEOUT:1			
GenMC+CAAT-TSO	c/pthread/fib_safe-12.yml	1	pthread	31319	728			false	TIMEOUT:1			
GenMC+CAAT-TSO	c/pthread/fib_safe-5.yml	1	pthread	31317	728			true	true:1	7.37411605	6.87390222	25985024
GenMC+CAAT-TSO	c/pthread/fib_safe-6.yml	1	pthread	31317	728			true	true:1	42.3906898	36.9213773	26058752
GenMC+CAAT-TSO	c/pthread/fib_safe-7.yml	1	pthread	31317	728			false	TIMEOUT:1			
GenMC+CAAT-TSO	c/pthread/fib_unsafe-10.yml	1	pthread	31319	728			false	TIMEOUT:1			
GenMC+CAAT-TSO	c/pthread/fib_unsafe-11.yml	1	pthread	31319	728			false	TIMEOUT:1			
GenMC+CAAT-TSO	c/pthread/fib_unsafe-12.yml	1	pthread	31319	728			false	TIMEOUT:1			
GenMC+CAAT-TSO	c/pthread/fib_unsafe-5.yml	1	pthread	31317	728			true	false(unreach-call):1	2.19549923	1.86500793	26075136
GenMC+CAAT-TSO	c/pthread/fib_unsafe-6.yml	1	pthread	31317	728			true	false(unreach-call):1	13.1704075	10.3183358	26013696
GenMC+CAAT-TSO	c/pthread/fib_unsafe-7.yml	1	pthread	31317	728			true	false(unreach-call):1	57.9168635	54.6778522	26062848
GenMC+CAAT-TSO	c/pthread/lazy01.yml	1	pthread	31389	739			true	false(unreach-call):1	0.082531948	0.067718732	26099712
GenMC+CAAT-TSO	c/pthread/queue.yml	1	pthread	44025	1068			true	false(unreach-call):1	0.116142387	0.094912995	26128384
GenMC+CAAT-TSO	c/pthread/queue_longer.yml	1	pthread	44020	1067			false	TIMEOUT:1			
GenMC+CAAT-TSO	c/pthread/queue_longest.yml	1	pthread	44020	1067			false	TIMEOUT:1			
GenMC+CAAT-TSO	c/pthread/queue_ok.yml	1	pthread	43780	1057			true	true:1	0.071803494	0.064995411	26165248
GenMC+CAAT-TSO	c/pthread/queue_ok_longer.yml	1	pthread	43782	1057			true	true:1	1.14113919	1.13556697	55533568
GenMC+CAAT-TSO	c/pthread/queue_ok_longest.yml	1	pthread	43790	1057			true	true:1	5.04458981	5.03745286	240902144
GenMC+CAAT-TSO	c/pthread/reorder_2.yml	1	pthread	60275	1310			true	false(unreach-call):1	0.156108394	0.151469098	26152960
GenMC+CAAT-TSO	c/pthread/reorder_5.yml	1	pthread	59811	1302			true	false(unreach-call):1	3.90285149	3.84021779	26210304
GenMC+CAAT-TSO	c/pthread/singleton.yml	1	pthread	56401	1166			true	false(unreach-call):1	0.069733027	0.063582113	26279936
GenMC+CAAT-TSO	c/pthread/singleton_with-uninit-problems.yml	1	pthread	56437	1166			true	true:1	0.069776202	0.06423518	26304512
GenMC+CAAT-TSO	c/pthread/stack-1.yml	1	pthread	42807	1027			true	true:1	0.0643607459	0.061733942	26120192
GenMC+CAAT-TSO	c/pthread/stack-2.yml	1	pthread	42825	1028			true	true:1	0.064658233	0.062081666	26157056
GenMC+CAAT-TSO	c/pthread/stack_longer-1.yml	1	pthread	42838	1026			true	true:1	25.1547991	25.1384701	645840896
GenMC+CAAT-TSO	c/pthread/stack_longer-2.yml	1	pthread	42822	1026			true	true:1	25.116644	25.0991054	644747264
GenMC+CAAT-TSO	c/pthread/stack_longest-1.yml	1	pthread	42841	1027			false	TIMEOUT:1			
GenMC+CAAT-TSO	c/pthread/stack_longest-2.yml	1	pthread	42823	1026			false	TIMEOUT:1			
GenMC+CAAT-TSO	c/pthread/stateful01-1.yml	1	pthread	30876	731			true	false(unreach-call):1	0.104297596	0.065318043	26124288
GenMC+CAAT-TSO	c/pthread/stateful01-2.yml	1	pthread	30876	731			true	true:1	0.108752506	0.065736362	26083328
GenMC+CAAT-TSO	c/pthread/sync01.yml	1	pthread	42052	970			false	ERROR (compilation):1			
GenMC+CAAT-TSO	c/pthread/triangular-1.yml	1	pthread	30992	725			true	true:1	9.56557256	8.50283319	26124288
GenMC+CAAT-TSO	c/pthread/triangular-2.yml	1	pthread	30994	725			true	false(unreach-call):1	2.81613683	2.04658911	26021888
GenMC+CAAT-TSO	c/pthread/triangular-longer-1.yml	1	pthread	31003	725			false	TIMEOUT:1			
GenMC+CAAT-TSO	c/pthread/triangular-longer-2.yml	1	pthread	31005	725			false	TIMEOUT:1			
GenMC+CAAT-TSO	c/pthread/triangular-longest-1.yml	1	pthread	31004	725			false	TIMEOUT:1			
GenMC+CAAT-TSO	c/pthread/triangular-longest-2.yml	1	pthread	31006	725			false	TIMEOUT:1			
GenMC+CAAT-TSO	c/pthread/twostage_3.yml	1	pthread	61359	1342			true	false(unreach-call):1	0.077105057	0.071592005	26271744
GenMC+CAAT-TSO	c/weaver/array-eq-symm.wvr.yml	1	weaver	2600	99			true	true:1	0.100387384	0.060865374	25563136
GenMC+CAAT-TSO	c/weaver/array-eq-trans.wvr.yml	1	weaver	3099	116			true	true:1	0.104244565	0.063222161	25567232
GenMC+CAAT-TSO	c/weaver/bench-exp1x3.wvr.yml	1	weaver	1905	73			true	true:1	0.084031757	0.054950667	25473024
GenMC+CAAT-TSO	c/weaver/bench-exp2x3.wvr.yml	1	weaver	2319	95			true	true:1	0.068620368	0.058885206	25554944
GenMC+CAAT-TSO	c/weaver/bench-exp2x4.wvr.yml	1	weaver	2391	99			true	true:1	0.0794513801	0.061172923	25513984
GenMC+CAAT-TSO	c/weaver/bench-exp2x6.wvr.yml	1	weaver	2535	107			true	true:1	0.106627082	0.065750535	25624576
GenMC+CAAT-TSO	c/weaver/bench-exp2x9.wvr.yml	1	weaver	2751	119			true	true:1	0.108044244	0.062551457	25628672
GenMC+CAAT-TSO	c/weaver/bench-exp3x3-opt.wvr.yml	1	weaver	2934	120			true	true:1	0.106271512	0.062747139	25665536
GenMC+CAAT-TSO	c/weaver/bench-exp3x3.wvr.yml	1	weaver	2733	117			true	true:1	0.100684308	0.062369277	25559040
GenMC+CAAT-TSO	c/weaver/chl-array-int-subst.wvr.yml	1	weaver	3296	129			true	true:1	0.077664088	0.065054792	25702400
GenMC+CAAT-TSO	c/weaver/chl-array-int-symm.wvr.yml	1	weaver	2984	112			true	true:1	0.0988831	0.062405177	25608192
GenMC+CAAT-TSO	c/weaver/chl-array-int-trans.wvr.yml	1	weaver	3243	128			true	true:1	0.135798798	0.064482789	25600000
GenMC+CAAT-TSO	c/weaver/chl-chromosome-opt-symm.wvr.yml	1	weaver	2915	107			true	true:1	0.080804975	0.061183956	25636864
GenMC+CAAT-TSO	c/weaver/chl-chromosome-subst.wvr.yml	1	weaver	3612	130			true	true:1	0.114533715	0.065008094	25681920
GenMC+CAAT-TSO	c/weaver/chl-chromosome-symm.wvr.yml	1	weaver	3197	113			true	true:1	0.121304318	0.06664227	25640960
GenMC+CAAT-TSO	c/weaver/chl-chromosome-trans.wvr.yml	1	weaver	3549	129			true	true:1	0.114556251	0.066786608	25624576
GenMC+CAAT-TSO	c/weaver/chl-collitem-subst.wvr.yml	1	weaver	3765	110			true	true:1	0.10079174	0.068355771	25608192
GenMC+CAAT-TSO	c/weaver/chl-collitem-symm.wvr.yml	1	weaver	3194	96			true	true:1	0.107214523	0.063865786	25559040
GenMC+CAAT-TSO	c/weaver/chl-collitem-trans.wvr.yml	1	weaver	3702	109			true	true:1	0.148471435	0.068475324	25620480
GenMC+CAAT-TSO	c/weaver/chl-exp-term-subst.wvr.yml	1	weaver	3293	90			true	true:1	0.068065075	0.061103888	25563136
GenMC+CAAT-TSO	c/weaver/chl-exp-term-symm.wvr.yml	1	weaver	2836	81			true	true:1	0.098663626	0.061201554	25604096
GenMC+CAAT-TSO	c/weaver/chl-file-item-subst.wvr.yml	1	weaver	3236	93			true	true:1	0.071433626	0.061457812	25628672
GenMC+CAAT-TSO	c/weaver/chl-file-item-symm.wvr.yml	1	weaver	2703	83			true	true:1	0.099711932	0.064178097	25620480
GenMC+CAAT-TSO	c/weaver/chl-file-item-trans.wvr.yml	1	weaver	3038	92			true	true:1	0.102910291	0.064764507	25608192
GenMC+CAAT-TSO	c/weaver/chl-match-subst.wvr.yml	1	weaver	3239	98			true	true:1	0.113567476	0.06553766	25624576
GenMC+CAAT-TSO	c/weaver/chl-match-symm.wvr.yml	1	weaver	2793	86			true	true:1	0.111586013	0.063789127	25624576
GenMC+CAAT-TSO	c/weaver/chl-match-trans.wvr.yml	1	weaver	3176	97			true	true:1	0.0807036591	0.061485637	25624576
GenMC+CAAT-TSO	c/weaver/chl-name-comparator-subst.wvr.yml	1	weaver	5351	162			true	true:1	0.107533301	0.069171383	25731072
GenMC+CAAT-TSO	c/weaver/chl-name-comparator-symm.wvr.yml	1	weaver	4359	133			true	true:1	0.092476503	0.065498674	25767936
GenMC+CAAT-TSO	c/weaver/chl-name-comparator-trans.wvr.yml	1	weaver	5303	162			true	true:1	0.154141146	0.071834931	25694208
GenMC+CAAT-TSO	c/weaver/chl-node-subst.wvr.yml	1	weaver	4817	140			true	true:1	0.130577345	0.069666026	25690112
GenMC+CAAT-TSO	c/weaver/chl-node-symm.wvr.yml	1	weaver	4113	124			true	true:1	0.122369149	0.065961492	25694208
GenMC+CAAT-TSO	c/weaver/chl-node-trans.wvr.yml	1	weaver	4766	140			true	true:1	0.143411745	0.067338771	25690112
GenMC+CAAT-TSO	c/weaver/chl-nzb-file-subst.wvr.yml	1	weaver	7028	184			true	true:1	0.18229222	0.096561495	25862144
GenMC+CAAT-TSO	c/weaver/chl-nzb-file-symm.wvr.yml	1	weaver	5443	148			true	true:1	0.109062779	0.083402406	25767936
GenMC+CAAT-TSO	c/weaver/chl-nzb-file-trans.wvr.yml	1	weaver	6977	184			true	true:1	0.112696881	0.093608924	25866240
GenMC+CAAT-TSO	c/weaver/chl-poker-hand-subst.wvr.yml	1	weaver	19764	364			true	true:1	0.147998516	0.115553035	26603520
GenMC+CAAT-TSO	c/weaver/chl-poker-hand-symm.wvr.yml	1	weaver	13323	255			true	true:1	0.166873854	0.099000576	26349568
GenMC+CAAT-TSO	c/weaver/chl-poker-hand-trans.wvr.yml	1	weaver	19389	361			true	true:1	0.138340282	0.114097882	26607616
GenMC+CAAT-TSO	c/weaver/chl-simpl-str-subst.wvr.yml	1	weaver	2796	90			true	true:1	0.108544761	0.061503422	25575424
GenMC+CAAT-TSO	c/weaver/chl-simpl-str-symm.wvr.yml	1	weaver	2512	81			true	true:1	0.121334037	0.060654791	25600000
GenMC+CAAT-TSO	c/weaver/chl-simpl-str-trans.wvr.yml	1	weaver	2735	89			true	true:1	0.081919929	0.061911033	25571328
GenMC+CAAT-TSO	c/weaver/chl-sre-subst.wvr.yml	1	weaver	2401	80			true	true:1	0.142127676	0.060611705	25620480
GenMC+CAAT-TSO	c/weaver/chl-sre-symm.wvr.yml	1	weaver	2188	72			true	true:1	0.126074072	0.055832207	25600000
GenMC+CAAT-TSO	c/weaver/chl-sre-trans.wvr.yml	1	weaver	2340	79			true	true:1	0.127705364	0.060613333	25554944
GenMC+CAAT-TSO	c/weaver/chl-time-subst.wvr.yml	1	weaver	3100	102			true	true:1	0.0703138841	0.066654704	25620480
GenMC+CAAT-TSO	c/weaver/chl-time-symm.wvr.yml	1	weaver	2702	89			true	true:1	0.145208801	0.066693638	25563136
GenMC+CAAT-TSO	c/weaver/chl-time-trans.wvr.yml	1	weaver	3057	102			true	true:1	0.0765497341	0.063700276	25669632
GenMC+CAAT-TSO	c/weaver/chl-word-subst.wvr.yml	1	weaver	3707	143			false	OUT OF MEMORY:1			
GenMC+CAAT-TSO	c/weaver/chl-word-symm.wvr.yml	1	weaver	3197	119			false	OUT OF MEMORY:1			
GenMC+CAAT-TSO	c/weaver/chl-word-trans.wvr.yml	1	weaver	3654	142			false	OUT OF MEMORY:1			
GenMC+CAAT-TSO	c/weaver/clever.wvr.yml	1	weaver	2189	84			true	true:1	0.129294864	0.057265802	25563136
GenMC+CAAT-TSO	c/weaver/fibonacci.wvr.yml	1	weaver	2692	99			true	true:1	0.117699931	0.06560049	25616384
GenMC+CAAT-TSO	c/weaver/loop-tiling-eq.wvr.yml	1	weaver	2968	108			true	true:1	0.095711891	0.063695692	25604096
GenMC+CAAT-TSO	c/weaver/mult-comm.wvr.yml	1	weaver	1966	73			false	OUT OF MEMORY:1			
GenMC+CAAT-TSO	c/weaver/mult-dist.wvr.yml	1	weaver	2185	83			false	OUT OF MEMORY:1			
GenMC+CAAT-TSO	c/weaver/mult-flipped-dist.wvr.yml	1	weaver	2204	84			false	OUT OF MEMORY:1			
GenMC+CAAT-TSO	c/weaver/parallel-bakery-2.wvr.yml	1	weaver	2585	101			true	true:1	0.070531336	0.063524276	25583616
GenMC+CAAT-TSO	c/weaver/parallel-bakery-3.wvr.yml	1	weaver	3662	140			true	true:1	0.124267892	0.06319562	25702400
GenMC+CAAT-TSO	c/weaver/parallel-bakery-4.wvr.yml	1	weaver	5118	189			true	true:1	0.089435954	0.067583716	25825280
GenMC+CAAT-TSO	c/weaver/parallel-barrier-loop.wvr.yml	1	weaver	3951	174			true	true:1	0.124251947	0.063049975	25718784
GenMC+CAAT-TSO	c/weaver/parallel-barrier.wvr.yml	1	weaver	3447	151			true	true:1	0.0698167341	0.063911261	25702400
GenMC+CAAT-TSO	c/weaver/parallel-bluetooth.wvr.yml	1	weaver	2520	94			true	true:1	0.10461035	0.062051354	25526272
GenMC+CAAT-TSO	c/weaver/parallel-lamport.wvr.yml	1	weaver	3368	134			true	true:1	0.117802905	0.064742716	25690112
GenMC+CAAT-TSO	c/weaver/parallel-min-max-1.wvr.yml	1	weaver	2966	115			false	OUT OF MEMORY:1			
GenMC+CAAT-TSO	c/weaver/parallel-misc-1.wvr.yml	1	weaver	3257	123			true	true:1	0.107547208	0.065434228	25608192
GenMC+CAAT-TSO	c/weaver/parallel-misc-2-unrolled-atomic.wvr.yml	1	weaver	2307	87			true	true:1	0.086801959	0.05602242	25481216
GenMC+CAAT-TSO	c/weaver/parallel-misc-2-unrolled.wvr.yml	1	weaver	2072	81			true	true:1	0.072793468	0.055917148	25546752
GenMC+CAAT-TSO	c/weaver/parallel-misc-2.wvr.yml	1	weaver	2279	93			true	true:1	0.157217754	0.05815232	25513984
GenMC+CAAT-TSO	c/weaver/parallel-misc-3-extended.wvr.yml	1	weaver	2451	116			true	true:1	0.239365493	0.124591471	25608192
GenMC+CAAT-TSO	c/weaver/parallel-misc-3.wvr.yml	1	weaver	2122	94			true	true:1	0.088678446	0.057202914	25513984
GenMC+CAAT-TSO	c/weaver/parallel-misc-4.wvr.yml	1	weaver	2287	96			true	true:1	0.145212517	0.06081015	25554944
GenMC+CAAT-TSO	c/weaver/parallel-misc-5.wvr.yml	1	weaver	3095	123			true	true:1	0.0659816409	0.061855929	25554944
GenMC+CAAT-TSO	c/weaver/parallel-parallel-sum-1-dsl.wvr.yml	1	weaver	4926	194			true	true:1	0.085600419	0.069978187	25677824
GenMC+CAAT-TSO	c/weaver/parallel-parallel-sum-1.wvr.yml	1	weaver	4170	156			true	true:1	0.147046004	0.067656653	25690112
GenMC+CAAT-TSO	c/weaver/parallel-parallel-sum-2.wvr.yml	1	weaver	4779	186			true	true:1	0.118013028	0.065618916	25743360
GenMC+CAAT-TSO	c/weaver/parallel-parallel-sum-equiv.wvr.yml	1	weaver	4298	164			true	true:1	0.0827422549	0.064685273	25657344
GenMC+CAAT-TSO	c/weaver/parallel-simple-equiv.wvr.yml	1	weaver	2111	80			true	true:1	0.103072776	0.056977325	25448448
GenMC+CAAT-TSO	c/weaver/parallel-ticket-2.wvr.yml	1	weaver	2137	84			true	true:1	0.074438793	0.052923116	25505792
GenMC+CAAT-TSO	c/weaver/parallel-ticket-3.wvr.yml	1	weaver	2360	97			true	true:1	0.150039731	0.062742324	25616384
GenMC+CAAT-TSO	c/weaver/parallel-ticket-4.wvr.yml	1	weaver	2583	110			true	true:1	0.109202287	0.065034907	25554944
GenMC+CAAT-TSO	c/weaver/parallel-ticket-5.wvr.yml	1	weaver	2806	123			true	true:1	0.128426759	0.06215964	25608192
GenMC+CAAT-TSO	c/weaver/parallel-ticket-6.wvr.yml	1	weaver	3029	136			true	true:1	0.0933431439	0.064955692	25583616
GenMC+CAAT-TSO	c/weaver/parallel-ticket-7.wvr.yml	1	weaver	3252	149			true	true:1	0.136337213	0.058853915	25681920
GenMC+CAAT-TSO	c/weaver/parallel-ticket-8.wvr.yml	1	weaver	3475	162			true	true:1	0.117578104	0.066363425	25694208
GenMC+CAAT-TSO	c/weaver/popl20-bad-buffer-mult-alt.wvr.yml	1	weaver	4821	174			false	OUT OF MEMORY:1			
GenMC+CAAT-TSO	c/weaver/popl20-bad-buffer-mult-alt2.wvr.yml	1	weaver	4702	170			false	OUT OF MEMORY:1			
GenMC+CAAT-TSO	c/weaver/popl20-bad-buffer-mult-alt3.wvr.yml	1	weaver	4821	174			false	OUT OF MEMORY:1			
GenMC+CAAT-TSO	c/weaver/popl20-bad-commit-1.wvr-bad.yml	1	weaver	5484	176			true	true:1	0.092709242	0.069274783	25755648
GenMC+CAAT-TSO	c/weaver/popl20-bad-commit-2.wvr-bad.yml	1	weaver	7010	220			true	true:1	0.114232821	0.068233153	25780224
GenMC+CAAT-TSO	c/weaver/popl20-bad-counter-queue.wvr.yml	1	weaver	2771	104			true	true:1	0.099774905	0.062701885	25640960
GenMC+CAAT-TSO	c/weaver/popl20-bad-counter-queue2.wvr.yml	1	weaver	2926	107			true	true:1	0.10856685	0.061589076	25563136
GenMC+CAAT-TSO	c/weaver/popl20-bad-dot-product-alt.wvr.yml	1	weaver	3697	130			true	true:1	0.13372095	0.068046485	25686016
GenMC+CAAT-TSO	c/weaver/popl20-bad-dot-product.wvr.yml	1	weaver	3380	127			true	true:1	0.120412629	0.062996079	25653248
GenMC+CAAT-TSO	c/weaver/popl20-bad-ring-nondet.wvr.yml	1	weaver	4447	170			true	true:1	0.116672339	0.06807613	25731072
GenMC+CAAT-TSO	c/weaver/popl20-bad-ring.wvr.yml	1	weaver	4309	164			true	true:1	0.089970457	0.064617499	25694208
GenMC+CAAT-TSO	c/weaver/popl20-bad-threaded-sum-2.wvr.yml	1	weaver	2532	98			false	TIMEOUT:1			
GenMC+CAAT-TSO	c/weaver/popl20-bad-three-array-sum-alt.wvr.yml	1	weaver	2927	111			true	true:1	0.100744116	0.066123862	25604096
GenMC+CAAT-TSO	c/weaver/popl20-channel-sum.wvr.yml	1	weaver	2746	102			true	true:1	0.114840274	0.065523453	25612288
GenMC+CAAT-TSO	c/weaver/popl20-commit-1.wvr.yml	1	weaver	4966	162			true	true:1	0.091276328	0.066671635	25649152
GenMC+CAAT-TSO	c/weaver/popl20-commit-2.wvr.yml	1	weaver	6221	200			true	true:1	0.189161528	0.099666234	25829376
GenMC+CAAT-TSO	c/weaver/popl20-counter-determinism.wvr.yml	1	weaver	2247	92			true	true:1	0.127099007	0.058340531	25538560
GenMC+CAAT-TSO	c/weaver/popl20-counter-fun.wvr.yml	1	weaver	3030	102			true	true:1	0.081160219	0.061303408	25513984
GenMC+CAAT-TSO	c/weaver/popl20-difference-det.wvr.yml	1	weaver	2276	93			true	true:1	0.107442258	0.056101498	25563136
GenMC+CAAT-TSO	c/weaver/popl20-figure1-alt.wvr.yml	1	weaver	1950	74			true	true:1	0.064429966	0.058356123	25559040
GenMC+CAAT-TSO	c/weaver/popl20-figure1.wvr.yml	1	weaver	1854	71			true	true:1	0.072874197	0.054361361	25452544
GenMC+CAAT-TSO	c/weaver/popl20-figure3.wvr.yml	1	weaver	1975	74			false	TIMEOUT:1			
GenMC+CAAT-TSO	c/weaver/popl20-horseshoe.wvr.yml	1	weaver	3786	141			false	OUT OF MEMORY:1			
GenMC+CAAT-TSO	c/weaver/popl20-min-max-dec.wvr.yml	1	weaver	3047	121			true	true:1	0.103596761	0.061539029	25661440
GenMC+CAAT-TSO	c/weaver/popl20-min-max-inc-dec.wvr.yml	1	weaver	3252	133			true	true:1	0.075100134	0.062345184	25645056
GenMC+CAAT-TSO	c/weaver/popl20-min-max-inc.wvr.yml	1	weaver	3046	121			true	true:1	0.0878941449	0.061000811	25604096
GenMC+CAAT-TSO	c/weaver/popl20-more-array-sum-alt.wvr.yml	1	weaver	2844	111			true	true:1	0.107576754	0.063875325	25604096
GenMC+CAAT-TSO	c/weaver/popl20-more-array-sum-alt2.wvr.yml	1	weaver	3040	115			true	true:1	0.107060145	0.062932688	25571328
GenMC+CAAT-TSO	c/weaver/popl20-more-array-sum.wvr.yml	1	weaver	2899	112			true	true:1	0.0975308451	0.064213677	25657344
GenMC+CAAT-TSO	c/weaver/popl20-more-array-sum2.wvr.yml	1	weaver	3114	117			true	true:1	0.110873509	0.063665488	25665536
GenMC+CAAT-TSO	c/weaver/popl20-more-buffer-mult.wvr.yml	1	weaver	4746	172			false	OUT OF MEMORY:1			
GenMC+CAAT-TSO	c/weaver/popl20-more-buffer-mult2.wvr.yml	1	weaver	4627	168			false	OUT OF MEMORY:1			
GenMC+CAAT-TSO	c/weaver/popl20-more-buffer-mult3.wvr.yml	1	weaver	4746	172			false	OUT OF MEMORY:1			
GenMC+CAAT-TSO	c/weaver/popl20-more-buffer-series.wvr.yml	1	weaver	4879	175			true	true:1	0.122112836	0.071813083	25694208
GenMC+CAAT-TSO	c/weaver/popl20-more-buffer-series2.wvr.yml	1	weaver	4760	171			true	true:1	0.120638679	0.066737573	25698304
GenMC+CAAT-TSO	c/weaver/popl20-more-buffer-series3.wvr.yml	1	weaver	4879	175			true	true:1	0.072407214	0.066470705	25686016
GenMC+CAAT-TSO	c/weaver/popl20-more-dec-subseq.wvr.yml	1	weaver	3273	121			true	true:1	0.105290277	0.064828304	25563136
GenMC+CAAT-TSO	c/weaver/popl20-more-inc-subseq.wvr.yml	1	weaver	3273	121			true	true:1	0.074979716	0.066943	25567232
GenMC+CAAT-TSO	c/weaver/popl20-more-max-array-hom.wvr.yml	1	weaver	2948	114			true	true:1	0.105888683	0.061355859	25550848
GenMC+CAAT-TSO	c/weaver/popl20-more-max-array.wvr.yml	1	weaver	2915	114			true	true:1	0.0985500361	0.061307041	25542656
GenMC+CAAT-TSO	c/weaver/popl20-more-min-array-hom.wvr.yml	1	weaver	2948	114			true	true:1	0.0993708901	0.064335657	25559040
GenMC+CAAT-TSO	c/weaver/popl20-more-min-array.wvr.yml	1	weaver	2915	114			true	true:1	0.0991604311	0.063307556	25571328
GenMC+CAAT-TSO	c/weaver/popl20-more-min-le-max.wvr.yml	1	weaver	2848	112			true	true:1	0.102080178	0.062089421	25518080
GenMC+CAAT-TSO	c/weaver/popl20-more-mts.wvr.yml	1	weaver	3049	112			true	true:1	0.121921763	0.066567859	25624576
GenMC+CAAT-TSO	c/weaver/popl20-more-multiply-verify.wvr.yml	1	weaver	3451	124			false	OUT OF MEMORY:1			
GenMC+CAAT-TSO	c/weaver/popl20-more-nonblocking-counter-alt2.wvr.yml	1	weaver	2203	81			false	TIMEOUT:1			
GenMC+CAAT-TSO	c/weaver/popl20-more-queue-add-2-nl.wvr.yml	1	weaver	3220	119			false	OUT OF MEMORY:1			
GenMC+CAAT-TSO	c/weaver/popl20-more-queue-add-3-nl.wvr.yml	1	weaver	3978	149			false	OUT OF MEMORY:1			
GenMC+CAAT-TSO	c/weaver/popl20-more-sorted.wvr.yml	1	weaver	2796	106			true	true:1	0.162159103	0.066652554	25571328
GenMC+CAAT-TSO	c/weaver/popl20-more-sum-array-hom.wvr.yml	1	weaver	2805	104			true	true:1	0.132652116	0.061786076	25567232
GenMC+CAAT-TSO	c/weaver/popl20-more-vector-add.wvr.yml	1	weaver	3008	111			true	true:1	0.0718161101	0.064376518	25583616
GenMC+CAAT-TSO	c/weaver/popl20-mult-4.wvr.yml	1	weaver	2693	104			false	TIMEOUT:1			
GenMC+CAAT-TSO	c/weaver/popl20-mult-equiv.wvr.yml	1	weaver	2659	108			false	TIMEOUT:1			
GenMC+CAAT-TSO	c/weaver/popl20-nonblocking-cntr-alt.wvr.yml	1	weaver	2153	81			true	true:1	0.104335614	0.058270337	25518080
GenMC+CAAT-TSO	c/weaver/popl20-nonblocking-cntr.wvr.yml	1	weaver	2092	80			true	true:1	0.104944688	0.057492997	25522176
GenMC+CAAT-TSO	c/weaver/popl20-prod-cons-eq.wvr.yml	1	weaver	5171	166			true	true:1	0.116617679	0.067164866	25686016
GenMC+CAAT-TSO	c/weaver/popl20-prod-cons.wvr.yml	1	weaver	3418	130			true	true:1	0.110085533	0.063367372	25640960
GenMC+CAAT-TSO	c/weaver/popl20-prod-cons3.wvr.yml	1	weaver	4383	164			true	true:1	0.0832859699	0.067913143	25669632
GenMC+CAAT-TSO	c/weaver/popl20-proofs-counter-add-4-semi-Q67.wvr.yml	1	weaver	2692	108			true	true:1	0.113099591	0.064050403	25600000
GenMC+CAAT-TSO	c/weaver/popl20-queue-add-2.wvr.yml	1	weaver	3045	112			true	true:1	0.109308972	0.067235371	25526272
GenMC+CAAT-TSO	c/weaver/popl20-queue-add-3.wvr.yml	1	weaver	3774	140			true	true:1	0.125382415	0.064809486	25694208
GenMC+CAAT-TSO	c/weaver/popl20-send-receive-alt.wvr.yml	1	weaver	2999	108			true	true:1	0.0823042491	0.060218412	25587712
GenMC+CAAT-TSO	c/weaver/popl20-send-receive.wvr.yml	1	weaver	3469	131			true	true:1	0.091087793	0.063890387	25559040
GenMC+CAAT-TSO	c/weaver/popl20-simple-array-sum.wvr.yml	1	weaver	2840	108			true	true:1	0.0845027569	0.061209834	25559040
GenMC+CAAT-TSO	c/weaver/popl20-simple-queue.wvr.yml	1	weaver	2787	100			true	true:1	0.165942752	0.065428311	25530368
GenMC+CAAT-TSO	c/weaver/popl20-threaded-sum-3.wvr.yml	1	weaver	3026	121			false	TIMEOUT:1			
GenMC+CAAT-TSO	c/weaver/popl20-three-array-max.wvr.yml	1	weaver	3339	134			true	true:1	0.075700002	0.062884886	25669632
GenMC+CAAT-TSO	c/weaver/popl20-three-array-min.wvr.yml	1	weaver	3331	134			true	true:1	0.0708270411	0.06250739	25653248
GenMC+CAAT-TSO	c/weaver/popl20-three-array-sum.wvr.yml	1	weaver	3101	116			true	true:1	0.0944941259	0.061783812	25563136
GenMC+CAAT-TSO	c/weaver/popl20-two-queue.wvr.yml	1	weaver	3336	116			true	true:1	0.0810790641	0.060563322	25620480
GenMC+CAAT-TSO	c/weaver/security.wvr.yml	1	weaver	1987	79			true	true:1	0.069932782	0.055710015	25493504
GenMC+CAAT-TSO	c/weaver/spaghetti.wvr.yml	1	weaver	2371	100			false	TIMEOUT:1			
GenMC+CAAT-TSO	c/weaver/test-context1.wvr.yml	1	weaver	2782	99			true	true:1	0.144181196	0.065283178	25567232
GenMC+CAAT-TSO	c/weaver/test-easy1.wvr.yml	1	weaver	1931	73			true	true:1	0.068300489	0.05860116	25505792
GenMC+CAAT-TSO	c/weaver/test-easy10.wvr.yml	1	weaver	2577	106			true	true:1	0.078235944	0.061155232	25563136
GenMC+CAAT-TSO	c/weaver/test-easy11.wvr.yml	1	weaver	1870	77			false	TIMEOUT:1			
GenMC+CAAT-TSO	c/weaver/test-easy6.wvr.yml	1	weaver	2061	83			true	true:1	0.093510875	0.06827074	25571328
GenMC+CAAT-TSO	c/weaver/test-easy7.wvr.yml	1	weaver	1928	75			true	true:1	0.062190933	0.054156483	25571328
GenMC+CAAT-TSO	c/weaver/test-easy8.wvr.yml	1	weaver	2037	78			true	true:1	0.068222653	0.058397875	25563136
GenMC+CAAT-TSO	c/weaver/test-hard1.wvr.yml	1	weaver	3455	142			true	true:1	0.080728992	0.061513642	25575424
GenMC+CAAT-TSO	c/weaver/test-semi1.wvr.yml	1	weaver	1851	70			true	true:1	0.059779619	0.056513193	25464832
GenMC+CAAT-TSO	c/weaver/unroll-2.wvr.yml	1	weaver	2778	102			true	true:1	0.070299862	0.062416814	25595904
GenMC+CAAT-TSO	c/weaver/unroll-3.wvr.yml	1	weaver	2850	105			true	true:1	0.07580688	0.060961536	25534464
GenMC+CAAT-TSO	c/weaver/unroll-4.wvr.yml	1	weaver	2922	108			true	true:1	0.118743874	0.063979111	25600000
GenMC+CAAT-TSO	c/weaver/unroll-5.wvr.yml	1	weaver	2994	111			true	true:1	0.105255614	0.062032902	25620480
GenMC+CAAT-TSO	c/weaver/unroll-cond-2.wvr.yml	1	weaver	2824	105			true	true:1	0.111002289	0.061658438	25526272
GenMC+CAAT-TSO	c/weaver/unroll-cond-3.wvr.yml	1	weaver	2991	113			true	true:1	0.0971099921	0.065176045	25632768
GenMC+CAAT-TSO	c/weaver/unroll-cond-4.wvr.yml	1	weaver	3158	121			true	true:1	0.112222138	0.060989732	25624576
GenMC+CAAT-TSO	c/weaver/unroll-cond-5.wvr.yml	1	weaver	3325	129			true	true:1	0.0737946751	0.064519519	25669632
