tool		GenMC SV-COMP fair-coverage adapter GenMC (https://plv.mpi-sws.org/genmc):   GenMC v0.17.0 (commit #unknown)   Built with LLVM 15.0.7 (Release)	GenMC SV-COMP fair-coverage adapter GenMC (https://plv.mpi-sws.org/genmc):   GenMC v0.17.0 (commit #unknown)   Built with LLVM 15.0.7 (Release)	GenMC SV-COMP fair-coverage adapter GenMC (https://plv.mpi-sws.org/genmc):   GenMC v0.17.0 (commit #unknown)   Built with LLVM 15.0.7 (Release)	GenMC SV-COMP fair-coverage adapter GenMC (https://plv.mpi-sws.org/genmc):   GenMC v0.17.0 (commit #unknown)   Built with LLVM 15.0.7 (Release)	GenMC SV-COMP fair-coverage adapter GenMC (https://plv.mpi-sws.org/genmc):   GenMC v0.17.0 (commit #unknown)   Built with LLVM 15.0.7 (Release)	GenMC SV-COMP fair-coverage adapter GenMC (https://plv.mpi-sws.org/genmc):   GenMC v0.17.0 (commit #unknown)   Built with LLVM 15.0.7 (Release)	GenMC SV-COMP fair-coverage adapter GenMC (https://plv.mpi-sws.org/genmc):   GenMC v0.17.0 (commit #unknown)   Built with LLVM 15.0.7 (Release)	GenMC SV-COMP fair-coverage adapter GenMC (https://plv.mpi-sws.org/genmc):   GenMC v0.17.0 (commit #unknown)   Built with LLVM 15.0.7 (Release)	GenMC SV-COMP fair-coverage adapter GenMC (https://plv.mpi-sws.org/genmc):   GenMC v0.17.0 (commit #unknown)   Built with LLVM 15.0.7 (Release)	GenMC SV-COMP fair-coverage adapter GenMC (https://plv.mpi-sws.org/genmc):   GenMC v0.17.0 (commit #unknown)   Built with LLVM 15.0.7 (Release)	GenMC SV-COMP fair-coverage adapter GenMC (https://plv.mpi-sws.org/genmc):   GenMC v0.17.0 (commit #unknown)   Built with LLVM 15.0.7 (Release)	GenMC SV-COMP fair-coverage adapter GenMC (https://plv.mpi-sws.org/genmc):   GenMC v0.17.0 (commit #unknown)   Built with LLVM 15.0.7 (Release)	GenMC SV-COMP fair-coverage adapter GenMC (https://plv.mpi-sws.org/genmc):   GenMC v0.17.0 (commit #unknown)   Built with LLVM 15.0.7 (Release)	GenMC SV-COMP fair-coverage adapter GenMC (https://plv.mpi-sws.org/genmc):   GenMC v0.17.0 (commit #unknown)   Built with LLVM 15.0.7 (Release)	GenMC SV-COMP fair-coverage adapter GenMC (https://plv.mpi-sws.org/genmc):   GenMC v0.17.0 (commit #unknown)   Built with LLVM 15.0.7 (Release)	GenMC SV-COMP fair-coverage adapter GenMC (https://plv.mpi-sws.org/genmc):   GenMC v0.17.0 (commit #unknown)   Built with LLVM 15.0.7 (Release)	Deagle 4.1.0	Deagle 4.1.0	Deagle 4.1.0	Deagle 4.1.0
run set		adapted-genmc.GenMC.unreach-call	adapted-genmc.GenMC.unreach-call	adapted-genmc.GenMC.unreach-call	adapted-genmc.GenMC.unreach-call	adapted-caat-sc.GenMC+CAAT-SC.unreach-call	adapted-caat-sc.GenMC+CAAT-SC.unreach-call	adapted-caat-sc.GenMC+CAAT-SC.unreach-call	adapted-caat-sc.GenMC+CAAT-SC.unreach-call	adapted-caat-tso.GenMC+CAAT-TSO.unreach-call	adapted-caat-tso.GenMC+CAAT-TSO.unreach-call	adapted-caat-tso.GenMC+CAAT-TSO.unreach-call	adapted-caat-tso.GenMC+CAAT-TSO.unreach-call	adapted-caat-pso.GenMC+CAAT-PSO.unreach-call	adapted-caat-pso.GenMC+CAAT-PSO.unreach-call	adapted-caat-pso.GenMC+CAAT-PSO.unreach-call	adapted-caat-pso.GenMC+CAAT-PSO.unreach-call	adapted-deagle.Deagle.unreach-call	adapted-deagle.Deagle.unreach-call	adapted-deagle.Deagle.unreach-call	adapted-deagle.Deagle.unreach-call
/workspace/experiments/fair-coverage/comparison-latest-vs-deagle-60s/final-five/raw/sv-benchmarks/c/		status	cputime (s)	walltime (s)	memory (MB)	status	cputime (s)	walltime (s)	memory (MB)	status	cputime (s)	walltime (s)	memory (MB)	status	cputime (s)	walltime (s)	memory (MB)	status	cputime (s)	walltime (s)	memory (MB)
goblint-regression/13-privatized_04-priv_multi_true.yml	true	OUT OF MEMORY	15.025412723	15.772411742946133	3999.997952	TIMEOUT	61.06942008	61.161694334005006	1981.943808	TIMEOUT	61.037241123	61.0728026520228	982.237184	TIMEOUT	61.059165242	61.087199560017325	1203.666944	TIMEOUT	61.200725499	64.30051090603229	2494.545920
goblint-regression/13-privatized_18-first-reads_unknown_1_pos.yml	false	true	0.059854698	0.06557834299746901	25.718784	true	0.068990548	0.07209094904828817	25.858048	true	0.060296917	0.06720658403355628	25.931776	true	0.069502242	0.07734279509168118	26.017792	false(unreach-call)	0.239477527	0.3125842319568619	11.042816
goblint-regression/13-privatized_18-first-reads_unknown_2_neg.yml	false	true	0.071390758	0.07771016901824623	25.669632	true	0.057057833	0.06380372901912779	25.800704	true	0.055700595	0.06847597600426525	25.968640	true	0.065370937	0.07652281399350613	25.960448	false(unreach-call)	0.236205402	0.28548132395371795	11.108352
goblint-regression/13-privatized_52-refine-protected-loop2-small_true.yml	true	TIMEOUT	60.72129977	66.90794277202804	104.136704	TIMEOUT	57.430861661	91.02051716402639	108.544000	TIMEOUT	60.576972113	68.64054927707184	107.884544	OUT OF MEMORY	39.630212577	45.83013557398226	3999.997952	true	5.197622086	5.352600064943545	28.467200
goblint-regression/13-privatized_67-pthread_cond_wait_true.yml	false	ERROR (compilation)	0.068308031	0.11627488792873919	25.726976	ERROR (compilation)	0.066938483	0.07116617599967867	25.882624	ERROR (compilation)	0.056808319	0.06435982196126133	25.964544	ERROR (compilation)	0.057726527	0.06353717495221645	26.025984	false(unreach-call)	0.307149221	0.35402223200071603	13.217792
goblint-regression/13-privatized_67-pthread_cond_wait_unknown_1_neg.yml	false	ERROR (compilation)	0.066887007	0.09218257409520447	25.726976	ERROR (compilation)	0.066880516	0.07333935401402414	25.886720	ERROR (compilation)	0.055924189	0.060419042012654245	26.030080	ERROR (compilation)	0.058773208	0.06313262903131545	26.021888	false(unreach-call)	0.314664183	0.4762725210748613	13.185024
goblint-regression/13-privatized_67-pthread_cond_wait_unknown_1_pos.yml	false	ERROR (compilation)	0.070938736	0.10285444499459118	25.726976	ERROR (compilation)	0.064880292	0.07114496908616275	25.845760	ERROR (compilation)	0.060514519	0.074849640019238	26.001408	ERROR (compilation)	0.059036371	0.06251469498965889	26.062848	false(unreach-call)	0.309701794	0.34588855307083577	13.201408
goblint-regression/28-race_reach_01-simple_racing.yml	false	false(unreach-call)	3.666951114	3.8523026530165225	77.045760	false(unreach-call)	12.805304413	13.276658060029149	2061.070336	TIMEOUT	60.957368502	69.5983257710468	1057.169408	TIMEOUT	60.601640589	67.5232778020436	1057.173504	ERROR	0.124175324	0.2121762610040605	11.173888
goblint-regression/28-race_reach_02-simple_racefree.yml	true	OUT OF MEMORY	26.336550675	28.157447471981868	3999.997952	TIMEOUT	61.13016077	69.04039670608472	3964.162048	TIMEOUT	60.935096084	71.09595613600686	1057.099776	TIMEOUT	60.651352549	80.53902801789809	1057.095680	ERROR	0.118514614	0.13135313498787582	11.161600
goblint-regression/28-race_reach_03-munge_racing.yml	false	OUT OF MEMORY	33.664290585	35.86769822309725	3999.997952	OUT OF MEMORY	12.183288306	14.024722498026676	3999.997952	OUT OF MEMORY	11.900780443	13.553357084048912	3999.997952	OUT OF MEMORY	11.912793963	13.177443867083639	3999.997952	ERROR	0.123731465	0.21453707397449762	11.251712
goblint-regression/28-race_reach_04-munge_racefree.yml	true	OUT OF MEMORY	34.285996028	36.854401305899955	3999.997952	OUT OF MEMORY	13.041663156	15.143174331984483	3999.997952	OUT OF MEMORY	11.515734666	13.204215368023142	3999.997952	OUT OF MEMORY	11.467386919	12.52905346895568	3999.997952	ERROR	0.120940244	0.20252066501416266	11.190272
goblint-regression/28-race_reach_05-lockfuns_racefree.yml	true	OUT OF MEMORY	26.057905269	27.141012707026675	3999.997952	TIMEOUT	60.998650544	67.58292297401931	3964.178432	TIMEOUT	60.509431066	71.16693160508294	1057.103872	TIMEOUT	60.951591393	63.56500961794518	1057.103872	ERROR	0.115036229	0.1286826089490205	11.190272
goblint-regression/28-race_reach_06-cond_racing1.yml	false	false(unreach-call)	3.60058569	3.87764204305131	77.094912	false(unreach-call)	12.815158554	12.921282375929877	2061.094912	TIMEOUT	60.935382368	61.07387722004205	1057.124352	TIMEOUT	61.005546605	61.05531771690585	1057.107968	ERROR	0.135210819	0.26674837595783174	12.439552
goblint-regression/28-race_reach_07-cond_racing2.yml	false	OUT OF MEMORY	25.772903944	26.007596833980642	3999.997952	TIMEOUT	61.102127877	63.967358399997465	3964.190720	TIMEOUT	61.044265537	61.06386919005308	1057.112064	TIMEOUT	60.971243645	61.05694284394849	1057.124352	ERROR	0.134140027	0.17431945097632706	12.402688
goblint-regression/28-race_reach_08-cond_racefree.yml	true	OUT OF MEMORY	25.933908199	26.3830146699911	3999.997952	TIMEOUT	60.954079897	61.25911340105813	3964.186624	TIMEOUT	60.988779731	61.070007442031056	1057.042432	TIMEOUT	61.035511914	61.058063053991646	1057.120256	ERROR	0.135250472	0.20027003495488316	12.406784
goblint-regression/28-race_reach_09-ptrmunge_racing.yml	false	OUT OF MEMORY	34.071842689	36.46013269899413	3999.997952	OUT OF MEMORY	12.197986204	14.196643218048848	3999.997952	OUT OF MEMORY	11.520315938	11.867679499089718	3999.997952	OUT OF MEMORY	11.572124242	12.067787742009386	3999.997952	ERROR	0.116763133	0.1654944309266284	11.280384
goblint-regression/28-race_reach_10-ptrmunge_racefree.yml	true	OUT OF MEMORY	34.577387884	37.00274931092281	3999.997952	OUT OF MEMORY	12.118860874	12.504549311008304	3999.997952	OUT OF MEMORY	11.35146536	14.303165495977737	3999.997952	OUT OF MEMORY	11.441664532	14.297906426945701	3999.997952	ERROR	0.119846205	0.19955393008422107	11.268096
goblint-regression/28-race_reach_11-ptr_racing.yml	false	false(unreach-call)	3.68463748	4.062713777064346	76.877824	false(unreach-call)	12.666650385	13.790632633958012	2061.053952	TIMEOUT	61.023099864	64.11256704200059	1057.173504	TIMEOUT	61.031163527	68.55809443292674	1057.185792	ERROR	0.119233139	0.19527140108402818	11.112448
goblint-regression/28-race_reach_12-ptr_racefree.yml	true	OUT OF MEMORY	26.242866791	28.730993667035364	3999.997952	TIMEOUT	61.137398684	63.28123436495662	3964.170240	TIMEOUT	60.866226716	67.69996738608461	1057.099776	TIMEOUT	60.999777785	69.89010897697881	1057.021952	ERROR	0.124084357	0.2367210709489882	11.112448
goblint-regression/28-race_reach_19-callback_racing.yml	false	OUT OF MEMORY	26.473507149	27.748219226952642	3999.997952	TIMEOUT	61.203482828	62.76100071694236	3983.536128	TIMEOUT	60.38045747	67.37353760492988	1063.575552	TIMEOUT	61.059227081	65.2315077399835	1063.636992	ERROR	0.114611294	0.15354754601139575	11.206656
goblint-regression/28-race_reach_20-callback_racefree.yml	true	OUT OF MEMORY	26.856970263	28.38959612697363	3999.997952	TIMEOUT	61.239102645	64.28554782504216	3982.934016	TIMEOUT	60.757812111	66.81987786793616	1063.526400	TIMEOUT	60.684583559	70.13581089500804	1063.555072	ERROR	0.114678642	0.13815652392804623	11.235328
goblint-regression/28-race_reach_21-deref_read_racing.yml	false	ERROR (unsupported property: invalid memory access)	3.447212577	3.587005981011316	56.279040	ERROR (unsupported property: invalid memory access)	3.65538932	4.366633658064529	56.254464	ERROR (unsupported property: invalid memory access)	3.671201906	4.613501301966608	56.164352	ERROR (unsupported property: invalid memory access)	3.666390667	3.74006479291711	56.483840	ERROR	0.12139708	0.23813960002735257	11.075584
goblint-regression/28-race_reach_22-deref_read_racefree.yml	true	ERROR (unsupported property: invalid memory access)	3.481677162	4.042254084022716	56.258560	ERROR (unsupported property: invalid memory access)	3.58470115	4.744246091111563	56.291328	ERROR (unsupported property: invalid memory access)	3.637235425	4.35734310396947	56.107008	ERROR (unsupported property: invalid memory access)	3.676294561	3.887850914034061	56.270848	ERROR	0.113535505	0.1437766730086878	11.153408
goblint-regression/28-race_reach_23-sound_unlock_racing.yml	false	ERROR (unsupported external)	1.64439717	1.880316679016687	25.825280	ERROR (unsupported external)	1.689115234	2.1128737019607797	25.952256	ERROR (unsupported external)	1.627389939	2.0507135619409382	26.095616	ERROR (unsupported external)	1.626262928	2.243471399997361	26.148864	ERROR	0.120882134	0.16032868204638362	11.296768
goblint-regression/28-race_reach_24-sound_lock_racing.yml	false	false(unreach-call)	3.745835779	4.205160425975919	76.931072	false(unreach-call)	12.614528239	13.29722434503492	2061.070336	TIMEOUT	61.037154159	65.68442663201131	1057.185792	TIMEOUT	60.948400092	63.54728987603448	1057.075200	ERROR	0.124218829	0.2407556950347498	11.218944
goblint-regression/28-race_reach_27-funptr_racing.yml	false	OUT OF MEMORY	26.529460239	27.34966699697543	3999.997952	TIMEOUT	60.841658316	61.270100765977986	3958.255616	TIMEOUT	61.033230046	61.06049265805632	1057.247232	TIMEOUT	60.98286684	61.0673531240318	1057.251328	ERROR	0.11480539	0.16955773497465998	11.722752
goblint-regression/28-race_reach_28-funptr_racefree.yml	true	OUT OF MEMORY	26.306761398	26.921780264005065	3999.997952	TIMEOUT	60.946198601	61.24112122296356	3958.284288	TIMEOUT	60.769342748	61.056902096024714	1057.251328	TIMEOUT	61.043915511	61.065004594041966	1057.255424	ERROR	0.117302298	0.12618205300532281	11.710464
goblint-regression/28-race_reach_36-indirect_racefree.yml	true	OUT OF MEMORY	25.954629582	27.22734150197357	3999.997952	TIMEOUT	61.090917438	64.97704243299086	3968.077824	TIMEOUT	60.148898413	64.51079311000649	1057.239040	TIMEOUT	61.008038559	69.66757570800837	1057.234944	ERROR	0.115932817	0.13535708701238036	11.210752
goblint-regression/28-race_reach_37-indirect_racing.yml	false	false(unreach-call)	3.647868702	3.8064171930309385	76.791808	false(unreach-call)	12.928662409	14.741838237969205	2061.012992	TIMEOUT	60.366526594	68.93155783903785	1057.198080	TIMEOUT	60.97091535	63.2409646139713	1057.193984	ERROR	0.116892787	0.18771462608128786	11.087872
goblint-regression/28-race_reach_40-trylock_racing.yml	false	ERROR (unsupported external)	1.637476166	1.9592099689180031	25.825280	ERROR (unsupported external)	1.647289682	1.7670995270600542	25.956352	ERROR (unsupported external)	1.70156782	1.9532396829454228	26.124288	ERROR (unsupported external)	1.64454316	1.7799977669492364	26.083328	ERROR	0.116356216	0.17972914595156908	11.272192
goblint-regression/28-race_reach_41-trylock_racefree.yml	true	OUT OF MEMORY	26.088211201	27.942499930039048	3999.997952	TIMEOUT	61.225449666	71.09716264496092	3967.922176	TIMEOUT	60.659616824	70.5603075280087	1057.128448	TIMEOUT	60.997410053	73.15252757898998	1057.136640	ERROR	0.121877895	0.17666926397942007	11.206656
goblint-regression/28-race_reach_42-trylock2_racefree.yml	true	TIMEOUT	60.878803183	63.48549983697012	165.240832	TIMEOUT	60.264102148	61.152420819038525	3896.418304	TIMEOUT	61.052459618	62.276964085991494	1057.624064	TIMEOUT	61.053633226	62.37276816600934	1057.624064	ERROR	0.122185623	0.17828803893644363	11.350016
goblint-regression/28-race_reach_51-mutexptr_racefree.yml	true	OUT OF MEMORY	25.438940865	27.92039313504938	3999.997952	TIMEOUT	60.628157801	67.07982196600642	3968.790528	TIMEOUT	61.028508474	63.02648201899137	1057.271808	TIMEOUT	61.005441331	62.72610910201911	1057.275904	ERROR	0.113914208	0.1329094530083239	11.161600
goblint-regression/28-race_reach_60-invariant_racefree.yml	true	OUT OF MEMORY	26.073634126	28.196637741057202	3999.997952	TIMEOUT	60.778027925	66.17823205795139	3963.219968	TIMEOUT	60.507086445	61.09017952007707	1057.361920	TIMEOUT	61.049493884	65.46532412595116	1057.345536	ERROR	0.118067094	0.19901230407413095	11.288576
goblint-regression/28-race_reach_61-invariant_racing.yml	false	OUT OF MEMORY	25.547634221	26.81298856297508	3999.997952	TIMEOUT	61.153181379	62.36872886191122	3958.059008	TIMEOUT	61.064903127	64.47196144098416	1057.345536	TIMEOUT	61.054646762	63.143253199988976	1057.337344	ERROR	0.116484227	0.16201151709537953	11.247616
goblint-regression/28-race_reach_70-funloop_racefree.yml	true	TIMEOUT	61.066296768	62.560430265031755	2304.786432	TIMEOUT	60.778971953	61.26995686092414	3987.742720	TIMEOUT	60.94468672	61.0635818640003	1068.085248	TIMEOUT	61.041278173	61.061806567944586	1061.126144	ERROR	0.123798033	0.14917298895306885	12.152832
goblint-regression/28-race_reach_71-funloop_racing.yml	false	TIMEOUT	61.001489434	63.867062780074775	2274.283520	TIMEOUT	61.056912394	61.28063063498121	3994.869760	TIMEOUT	60.979505165	61.07425502699334	1068.433408	TIMEOUT	61.048246755	61.064833448966965	1061.216256	ERROR	0.126758236	0.20206925098318607	12.255232
goblint-regression/28-race_reach_72-funloop_hard_racing.yml	false	TIMEOUT	61.098896414	62.89347487897612	2364.497920	TIMEOUT	61.045081356	61.2976998379454	3995.316224	TIMEOUT	61.030720191	61.06069616798777	1068.449792	TIMEOUT	61.037740293	61.05873921897728	1061.179392	ERROR	0.132034903	0.2512958670267835	12.103680
goblint-regression/28-race_reach_73-funloop_hard_racefree.yml	true	TIMEOUT	60.981298406	63.07450227602385	2335.875072	TIMEOUT	61.093457943	61.30524491798133	3995.283456	TIMEOUT	61.035872594	61.06111496197991	1068.355584	TIMEOUT	61.023707803	61.058495667995885	1061.183488	ERROR	0.125360269	0.16292137501295656	12.206080
goblint-regression/28-race_reach_74-tricky_address1_racefree.yml	true	true	1.62648796	1.6640491689322516	25.944064	true	1.712093503	1.8062125949654728	26.001408	true	1.533698566	1.5376617340371013	26.169344	true	1.556169055	1.5596238339785486	26.144768	ERROR	0.126359851	0.2248345969710499	12.144640
goblint-regression/28-race_reach_75-tricky_address2_racefree.yml	true	true	1.623202472	1.7166633330052719	25.944064	true	1.712327769	1.7626955889863893	25.997312	true	1.540898161	1.5456881549907848	26.181632	true	1.53804848	1.5437112760264426	26.255360	ERROR	0.131344477	0.22261121298652142	12.177408
goblint-regression/28-race_reach_76-tricky_address3_racefree.yml	true	true	1.628322656	1.7325703029055148	25.911296	true	1.710957265	1.7612579700071365	26.034176	true	1.543831064	1.551193580031395	26.243072	true	1.547364171	1.5509989769198	26.165248	ERROR	0.12672991	0.17813582997769117	12.148736
goblint-regression/28-race_reach_77-tricky_address4_racing.yml	false	true	1.627209087	1.763767937081866	25.890816	true	1.715672828	1.7483659220160916	25.944064	true	1.551119557	1.557165664038621	26.152960	true	1.542146695	1.548849966027774	26.128384	ERROR	0.12335333	0.14228032599203289	12.296192
goblint-regression/28-race_reach_78-equ_racing.yml	false	OUT OF MEMORY	25.474231008	25.718166459002532	3999.997952	TIMEOUT	61.159468661	61.28519189695362	3968.106496	TIMEOUT	60.921080729	61.0628605709644	1057.382400	TIMEOUT	61.040324534	61.06790668703616	1056.944128	ERROR	0.126364731	0.19519582099746913	12.234752
goblint-regression/28-race_reach_79-equ_racefree.yml	true	OUT OF MEMORY	25.70751345	26.3161277390318	3999.997952	TIMEOUT	61.132819451	61.28756360092666	3967.803392	TIMEOUT	61.017324129	61.05875820305664	1057.349632	TIMEOUT	60.97765074	61.062471296987496	1056.911360	ERROR	0.129670623	0.2002155230147764	12.222464
goblint-regression/28-race_reach_81-list_racing.yml	false	OUT OF MEMORY	16.037069902	16.88798036193475	3999.997952	OUT OF MEMORY	13.776789923	13.848071041051298	3999.997952	OUT OF MEMORY	12.131500654	12.145783216925338	3999.997952	OUT OF MEMORY	11.925388666	11.935429789009504	3999.997952	ERROR	0.127532677	0.13920077902730554	12.365824
goblint-regression/28-race_reach_82-list_racefree.yml	false	OUT OF MEMORY	16.423861343	17.956879959092475	3999.997952	OUT OF MEMORY	13.876887293	13.92745755892247	3999.997952	OUT OF MEMORY	12.284825669	12.296665088972077	3999.997952	OUT OF MEMORY	12.419346908	12.436112769995816	3999.997952	ERROR	0.125996329	0.1560784550383687	12.410880
goblint-regression/28-race_reach_83-list2_racing1.yml	false	OUT OF MEMORY	33.877518089	35.40433313092217	3999.997952	OUT OF MEMORY	26.880180506	26.96212174196262	3999.997952	OUT OF MEMORY	22.637873574	22.680089746951126	3999.997952	OUT OF MEMORY	22.288766843	22.3115953769302	3999.997952	ERROR	0.130923588	0.15745112800505012	12.546048
goblint-regression/28-race_reach_84-list2_racing2.yml	false	OUT OF MEMORY	30.600140933	31.102698437985964	3999.997952	OUT OF MEMORY	25.758733602	25.82182162103709	3999.997952	OUT OF MEMORY	22.259386172	22.290412139962427	3999.997952	OUT OF MEMORY	21.28952228	21.308749220101163	3999.997952	ERROR	0.136419595	0.2617801930755377	12.357632
goblint-regression/28-race_reach_85-list2_racefree.yml	true	OUT OF MEMORY	32.39371221	33.853624025010504	3999.997952	OUT OF MEMORY	26.139974755	26.25942981801927	3999.997952	OUT OF MEMORY	21.702767611	21.741407620022073	3999.997952	OUT OF MEMORY	20.789874305	20.85246692597866	3999.997952	ERROR	0.132860097	0.21106437302660197	12.476416
goblint-regression/28-race_reach_86-lists_racing.yml	false	true	23.972644568	24.623508621938527	745.537536	true	26.282545439	26.320226629963145	745.594880	true	23.001843119	23.02511134603992	745.709568	true	22.253301897	22.27117610303685	745.689088	ERROR	0.129956303	0.17954294697847217	12.402688
goblint-regression/28-race_reach_87-lists_racefree.yml	true	true	20.755130986	21.364387044101022	743.669760	true	22.853051547	22.88524315704126	743.690240	true	20.300378724	20.316643575089984	743.743488	true	19.532056449	19.57603463495616	743.796736	ERROR	0.13331532	0.17015111504588276	12.390400
goblint-regression/28-race_reach_90-arrayloop2_racing.yml	false	true	12.201816735	12.275435570976697	98.803712	true	13.870186189	14.033104036003351	98.803712	true	11.05732536	11.06748933403287	98.787328	true	10.822713541	10.835755708976649	98.869248	ERROR	0.128306542	0.22985222504939884	12.382208
goblint-regression/28-race_reach_91-arrayloop2_racefree.yml	true	true	3.53949212	3.754443764104508	55.988224	true	3.889828722	3.8995760530233383	55.984128	true	3.414723416	3.419457581010647	56.045568	true	3.344661012	3.352968778926879	56.086528	ERROR	0.126380354	0.16336934897117317	12.349440
goblint-regression/28-race_reach_92-evilcollapse_racing.yml	false	true	1.654416335	1.7570802730042487	25.956352	true	1.714891775	1.787232463946566	26.124288	true	1.547043041	1.5529474320355803	26.263552	true	1.517659568	1.523638237034902	26.349568	ERROR	0.126455686	0.17482002300675958	12.394496
goblint-regression/28-race_reach_93-evilcollapse_racefree.yml	true	true	1.662724477	1.7325295549817383	25.993216	true	1.721127132	1.79299401701428	26.107904	true	1.555214648	1.5877987709827721	26.365952	true	1.525906526	1.5293598810676485	26.329088	ERROR	0.136646563	0.23985668597742915	12.333056
goblint-regression/28-race_reach_94-alloc_region_racing.yml	false	OUT OF MEMORY	11.097197514	11.366705539054237	3999.997952	OUT OF MEMORY	8.080502068	8.112218466005288	3999.997952	OUT OF MEMORY	7.046311998	7.103969479096122	3999.997952	OUT OF MEMORY	6.960150745	6.979157548979856	3999.997952	ERROR	0.146722747	0.29758575302548707	13.299712
goblint-regression/36-apron_17-traces-rpb-litmus_unknown_1_pos.yml	false	true	0.073514442	0.10961330798454583	25.722880	true	0.055733119	0.07979963207617402	25.796608	true	0.061807343	0.0736950309947133	25.960448	true	0.05767677	0.07661725801881403	25.972736	false(unreach-call)	0.280126853	0.3067576310131699	11.026432
goblint-regression/36-apron_41-threadenter-no-locals_unknown_1_neg.yml	false	true	0.057035762	0.06653795694001019	25.632768	true	0.056582168	0.05989380902610719	25.792512	true	0.058956292	0.10968248103745282	25.890816	true	0.054735145	0.0672920310171321	25.931776	false(unreach-call)	0.205964817	0.27547068998683244	10.887168
ldv-linux-3.14-races/linux-3.14--drivers--media--platform--marvell-ccic--cafe_ccic.ko.cil-1.yml	true	ERROR (compilation)	0.096803757	0.1057387690525502	27.484160	ERROR (compilation)	0.093405329	0.10191932402085513	27.582464	ERROR (compilation)	0.08528131	0.09027701092418283	27.697152	ERROR (compilation)	0.086594318	0.09202299499884248	27.766784	unknown	0.497883804	0.5990927770035341	32.186368
ldv-linux-3.14-races/linux-3.14--drivers--media--platform--marvell-ccic--cafe_ccic.ko.cil-2.yml	false	SEGMENTATION FAULT	0.594086344	0.8330639010528103	40.353792	SEGMENTATION FAULT	0.5922121	0.7159054860239848	40.476672	SEGMENTATION FAULT	0.553566971	0.6767027010209858	40.656896	SEGMENTATION FAULT	0.532226715	0.6582218779949471	40.726528	unknown	0.493786338	0.5812892190879211	32.071680
ldv-linux-3.14-races/linux-3.14--drivers--net--irda--nsc-ircc.ko.cil.yml	false	TIMEOUT	60.80928259	61.01303476700559	51.625984	TIMEOUT	60.917837048	61.013275412027724	51.687424	TIMEOUT	60.929474931	61.01196040294599	51.593216	TIMEOUT	60.994678975	61.01095434394665	51.617792	unknown	0.516977749	0.6867745380150154	33.026048
ldv-linux-3.14-races/linux-3.14--drivers--net--irda--w83977af_ir.ko.cil.yml	false	ABORTED	8.170622308	8.475134150939994	35.659776	ABORTED	8.302570442	8.45668585295789	35.729408	ABORTED	7.772294012	7.900571136036888	35.848192	ABORTED	7.611186878	7.738913204986602	35.852288	unknown	0.417106867	0.6406138080637902	26.927104
ldv-linux-3.14-races/linux-3.14--drivers--spi--spi-tegra20-slink.ko.cil.yml	false	TIMEOUT	60.323922509	61.01299486204516	32.579584	TIMEOUT	60.954202001	61.010227899998426	32.681984	TIMEOUT	60.965671568	61.01053187297657	32.800768	TIMEOUT	60.986067103	61.009472989011556	32.886784	unknown	0.282904418	0.3132759180152789	21.045248
ldv-linux-3.14-races/linux-3.14--drivers--usb--misc--adutux.ko.cil.yml	false	ABORTED	37.940362343	38.833656536997296	33.116160	ABORTED	39.022709646	39.182587580988184	33.251328	ABORTED	36.776376068	36.98611269099638	33.402880	ABORTED	35.705557562	35.84395253693219	33.472512	unknown	0.330859489	0.5177186370128766	22.253568
ldv-races/race-2_2-container_of.yml	false	true	0.079225096	0.13992436206899583	26.091520	true	0.072269709	0.07522094203159213	26.267648	true	0.064982284	0.07036714698188007	26.333184	true	0.063519877	0.06898061209358275	26.357760	false(unreach-call)	0.264235301	0.2816077229799703	12.251136
ldv-races/race-2_3-container_of.yml	false	true	0.081373886	0.1369861930143088	26.099712	true	0.071227826	0.0773021139902994	26.173440	true	0.066246606	0.07371286302804947	26.423296	true	0.066487718	0.13987652107607573	26.406912	false(unreach-call)	0.320086242	0.39261053199879825	12.947456
ldv-races/race-2_4-container_of.yml	false	true	0.0826908	0.17351427394896746	26.152960	true	0.073505632	0.07664886105339974	26.165248	true	0.064132553	0.07003689196426421	26.337280	true	0.063019203	0.07069272792432457	26.357760	false(unreach-call)	0.329936213	0.410590187064372	12.984320
ldv-races/race-2_5-container_of.yml	false	true	0.080597173	0.11814403801690787	26.116096	true	0.071157588	0.07724639296066016	26.279936	true	0.065018082	0.07326462201308459	26.382336	true	0.060298244	0.06806334108114243	26.439680	false(unreach-call)	0.497300069	0.5670278759207577	13.115392
ldv-races/race-3_2-container_of-global.yml	false	true	0.07761277	0.17439461103640497	26.107904	true	0.07277942	0.07587331102695316	26.161152	true	0.064555083	0.06937951198779047	26.394624	true	0.068549322	0.0722316859755665	26.390528	false(unreach-call)	0.284008737	0.3558721690205857	12.324864
libvsync/arraylock.yml	true	true	0.111171169	0.16376018500886858	26.845184	true	0.114771186	0.11980989691801369	26.918912	true	0.105757781	0.1112655570032075	27.017216	true	0.12783741	0.13365469605196267	27.037696	unknown	0.478115122	0.5691749599063769	25.178112
libvsync/bounded_mpmc_check_full.yml	true	true	0.126457397	0.2710954010253772	26.701824	true	0.120438962	0.12824456801172346	26.939392	true	0.114605503	0.11884316289797425	27.000832	true	0.229701753	0.23326660599559546	27.033600	unknown	0.458501556	0.5998906170716509	25.071616
libvsync/cnalock.yml	true	ERROR (unsupported property: invalid memory access)	0.130447016	0.15090014599263668	26.857472	ERROR (unsupported property: invalid memory access)	0.116723458	0.12072017707396299	27.004928	ERROR (unsupported property: invalid memory access)	0.104869373	0.10840505093801767	27.176960	ERROR (unsupported property: invalid memory access)	0.104041688	0.11000416392926127	27.205632	unknown	0.477388934	0.6982445740140975	25.194496
libvsync/hclhlock.yml	true	ERROR (unsupported property: invalid memory access)	0.130427713	0.15395889501087368	26.935296	ERROR (unsupported property: invalid memory access)	0.117297106	0.12381791393272579	27.115520	ERROR (unsupported property: invalid memory access)	0.106382244	0.11158311599865556	27.250688	ERROR (unsupported property: invalid memory access)	0.107766852	0.1120014350162819	27.226112	unknown	0.471752071	0.5359927569516003	25.403392
libvsync/hmcslock.yml	true	ERROR (unsupported property: invalid memory access)	0.147866607	0.15810873394366354	27.197440	ERROR (unsupported property: invalid memory access)	0.149032473	0.15962550602853298	27.226112	ERROR (unsupported property: invalid memory access)	0.136644431	0.1392177640227601	27.381760	ERROR (unsupported property: invalid memory access)	0.154772736	0.16036522400099784	27.471872	unknown	0.483000472	0.5709435070166364	25.657344
libvsync/mcslock.yml	true	ERROR (unsupported property: invalid memory access)	0.106910531	0.1267246169736609	26.791936	ERROR (unsupported property: invalid memory access)	0.105850276	0.11282609798945487	26.906624	ERROR (unsupported property: invalid memory access)	0.097627881	0.10298061394132674	27.070464	ERROR (unsupported property: invalid memory access)	0.094393096	0.10023577103856951	27.176960	unknown	0.456930762	0.48899834498297423	25.059328
libvsync/rec_mcslock.yml	true	ERROR (unsupported property: invalid memory access)	0.110952207	0.1265243130037561	26.853376	ERROR (unsupported property: invalid memory access)	0.108607936	0.11447758099529892	26.996736	ERROR (unsupported property: invalid memory access)	0.098580803	0.10672308504581451	27.168768	ERROR (unsupported property: invalid memory access)	0.098792078	0.10200714797247201	27.152384	unknown	0.459769915	0.5646557919681072	25.235456
libvsync/rec_ticketlock.yml	true	OUT OF MEMORY	14.108024529	14.38384126604069	3999.997952	OUT OF MEMORY	14.758554882	14.883905317052267	3999.997952	OUT OF MEMORY	13.542230924	13.569957080995664	3999.997952	OUT OF MEMORY	12.674231101	12.706059491960332	3999.997952	unknown	0.467482937	0.551338782068342	25.128960
libvsync/rwlock.yml	true	OUT OF MEMORY	12.777088921	13.10818063095212	3999.997952	OUT OF MEMORY	13.34926672	13.453130624024197	3999.997952	OUT OF MEMORY	12.628535707	12.697181453928351	3999.997952	TIMEOUT	60.98685949	61.01130806200672	52.088832	unknown	0.467665422	0.493834659922868	25.206784
libvsync/semaphore.yml	true	true	2.285723975	2.35556200100109	26.705920	true	4.23777697	4.245762093923986	26.861568	true	4.794808379	4.802590865991078	27.074560	true	8.428482845	8.453604198992252	27.009024	unknown	0.464968944	0.4811108490685001	25.018368
libvsync/ticketlock.yml	true	OUT OF MEMORY	14.077957055	14.553069915971719	3999.997952	OUT OF MEMORY	14.868224972	14.996924459002912	3999.997952	OUT OF MEMORY	13.329393072	13.388668900937773	3999.997952	OUT OF MEMORY	12.728734942	12.743974043987691	3999.997952	unknown	0.472356831	0.5615004959981889	24.973312
libvsync/ttaslock.yml	true	OUT OF MEMORY	13.407604644	13.741037995088845	3999.997952	OUT OF MEMORY	14.465660975	14.57956068997737	3999.997952	OUT OF MEMORY	13.00789343	13.076620429987088	3999.997952	TIMEOUT	60.904761218	61.011086988961324	51.240960	unknown	0.460993885	0.5130995019571856	24.940544
pthread-C-DAC/pthread-finding-k-matches.yml	true	true	0.128910314	0.13584338396321982	25.980928	true	0.328723921	0.33539422100875527	65.454080	true	0.590561366	0.5997846819227561	43.053056	true	1.363367486	1.3857914459658787	41.127936	ERROR	0.164448015	0.27684368402697146	13.479936
pthread-complex/bounded_buffer.yml	false	ERROR (compilation)	0.074728733	0.120255401940085	25.661440	ERROR (compilation)	0.067948069	0.07440921000670642	25.808896	ERROR (compilation)	0.058488392	0.06416322407312691	25.919488	ERROR (compilation)	0.058336374	0.06376259902026504	25.903104	OUT OF MEMORY	23.74238844	24.769739136914723	3999.997952
pthread-complex/elimination_backoff_stack.yml	false	true	16.732395911	17.39885255403351	26.214400	true	25.670513896	25.79806624597404	26.411008	true	26.87708575	26.935827826033346	26.513408	true	36.411176957	36.438350346987136	26.554368	OUT OF MEMORY	38.290662731	40.17546997801401	3999.997952
pthread-complex/safestack_relacy.yml	false	TIMEOUT	60.204033409	61.031661740038544	25.935872	TIMEOUT	60.225550135	61.012147177010775	26.140672	TIMEOUT	60.909582705	61.01001586497296	26.275840	TIMEOUT	60.960674851	61.006129690096714	26.312704	unknown	41.263327717	42.61738958093338	762.552320
pthread-complex/workstealqueue_mutex-2.yml	true	ERROR (unsupported property: uninitialized memory)	0.099071826	0.12124981207307428	26.288128	ERROR (unsupported property: uninitialized memory)	0.099526475	0.11257366102654487	26.398720	ERROR (unsupported property: uninitialized memory)	0.084157104	0.08947385498322546	26.640384	ERROR (unsupported property: uninitialized memory)	0.086289254	0.09055068402085453	26.595328	false(unreach-call)	26.591995489	27.69313587900251	285.208576
pthread-deagle/arithmetic_prog_bad.yml	false	ERROR (compilation)	0.063556049	0.1031296270666644	25.337856	ERROR (compilation)	0.058936119	0.06686357501894236	25.473024	ERROR (compilation)	0.05815525	0.0644093930022791	25.608192	ERROR (compilation)	0.049489664	0.05453617498278618	25.706496	false(unreach-call)	6.612817171	6.922763025970198	207.261696
pthread-deagle/arithmetic_prog_ok.yml	true	ERROR (compilation)	0.060108632	0.08669652999378741	25.456640	ERROR (compilation)	0.05952266	0.06453230301849544	25.468928	ERROR (compilation)	0.062662345	0.0661338270874694	25.690112	ERROR (compilation)	0.051790104	0.05503463500645012	25.735168	true	6.403658302	6.983039685990661	331.743232
pthread-deagle/circular_buffer_ok.yml	true	true	1.573105987	1.7176999010844156	25.796608	true	2.998695331	3.1071356509346515	25.976832	true	4.517731845	5.1225820609834045	26.124288	TIMEOUT	60.278630768	69.66632053395733	26.140672	true	58.016906879	60.3217865760671	125.960192
pthread-divine/tls_basic.yml	true	ERROR (compilation)	0.06647348	0.07287523697596043	25.509888	ERROR (compilation)	0.06277757	0.10705975303426385	25.604096	ERROR (compilation)	0.062462446	0.09331081598065794	25.759744	ERROR (compilation)	0.064087383	0.07185894006397575	25.751552	true	0.236871337	0.3116075700381771	11.280384
pthread-divine/tls_destructor_worker.yml	false	ERROR (compilation)	0.063298685	0.07907991600222886	25.497600	ERROR (compilation)	0.059743568	0.10478205408435315	25.628672	ERROR (compilation)	0.065531563	0.09656571596860886	25.731072	ERROR (compilation)	0.060368389	0.11320239398628473	25.747456	unknown	0.092994071	0.11670732602942735	8.183808
pthread-driver-races/char_generic_nvram_read_nvram_write_nvram.yml	false	true	0.160705275	0.22697699908167124	29.085696	true	0.155366759	0.1613543649436906	29.229056	true	0.142425899	0.1693072390044108	29.356032	true	0.141448974	0.14633516897447407	29.372416	false(unreach-call)	5.65962529	6.092994063044898	56.266752
pthread-driver-races/char_pc8736x_gpio_pc8736x_gpio_change_pc8736x_gpio_current.yml	false	true	0.175124808	0.18930896802339703	29.564928	true	0.165778663	0.20012450707145035	29.700096	true	0.154254404	0.16154895594809204	29.790208	true	0.153653731	0.15995086799375713	29.847552	false(unreach-call)	1.33316613	1.4332485829945654	84.713472
pthread-driver-races/char_pc8736x_gpio_pc8736x_gpio_change_pc8736x_gpio_set.yml	false	true	0.171256944	0.26742720999754965	29.618176	true	0.167359443	0.19952759193256497	29.675520	true	0.156904248	0.16271509800571948	29.868032	true	0.153760417	0.15939849300775677	29.847552	false(unreach-call)	1.356795835	1.4114306799601763	88.743936
pthread-driver-races/char_pc8736x_gpio_pc8736x_gpio_current_pc8736x_gpio_set.yml	false	true	0.172975775	0.18412307801190764	29.544448	true	0.172917756	0.17489876900799572	29.728768	true	0.153313671	0.1611828280147165	29.892608	true	0.15840337	0.16573263600002974	29.933568	false(unreach-call)	1.32811736	1.3793919320451096	84.738048
pthread-ext/09_fmaxsym-zero.yml	true	true	0.068387293	0.08980436797719449	25.694208	true	0.06371623	0.10741679300554097	25.784320	true	0.065281648	0.12024789000861347	26.017792	true	0.069635257	0.11145960609428585	25.948160	TIMEOUT	60.828950595	64.56340837501921	72.245248
pthread-ext/09_fmaxsym.yml	true	true	0.06921478	0.09735390404239297	25.763840	true	0.067175293	0.1968270109500736	25.817088	true	0.065725262	0.10539646202232689	25.956352	true	0.066134207	0.12085878988727927	25.960448	TIMEOUT	60.695603636	66.3963228930952	143.921152
pthread-ext/25_stack.yml	true	TIMEOUT	60.756994321	64.16071764694061	91.979776	TIMEOUT	60.531772195	70.33779712498654	93.249536	TIMEOUT	61.00928508	62.575897509930655	98.410496	OUT OF MEMORY	31.733587514	31.832645645015873	3999.997952	true	7.014328556	7.796759493998252	330.739712
pthread-ext/25_stack_longer-2.yml	true	TIMEOUT	60.89739133	63.711608274956234	94.420992	TIMEOUT	60.595920484	69.6322007329436	92.545024	TIMEOUT	61.003621216	64.43561112694442	101.322752	OUT OF MEMORY	31.208351812	32.3896411129972	3999.997952	true	18.82053672	19.655697211972438	2008.363008
pthread-ext/25_stack_longest-1.yml	true	TIMEOUT	60.654812625	64.37898922502063	94.986240	TIMEOUT	60.943053143	72.66388437803835	96.759808	TIMEOUT	61.011931225	62.90504731901456	103.952384	OUT OF MEMORY	30.378727781	31.085450686048716	3999.997952	OUT OF MEMORY	18.363448309	19.05068228300661	3999.997952
pthread-ext/25_stack_longest-2.yml	false	false(unreach-call)	0.13122582	0.2193645789520815	26.013696	false(unreach-call)	0.127815782	0.24650555104017258	26.087424	false(unreach-call)	0.12267737	0.15085799503140152	26.292224	false(unreach-call)	0.12781648	0.17480826494283974	26.255360	OUT OF MEMORY	18.547448743	18.768528658896685	3999.997952
pthread-ext/26_stack_cas.yml	true	TIMEOUT	60.807193822	65.03709428606089	87.924736	TIMEOUT	60.974162942	74.07591880008113	90.234880	TIMEOUT	61.007640794	63.62809361994732	102.535168	OUT OF MEMORY	28.268063787	29.28024046495557	3999.997952	true	14.199940011	14.982328584999777	794.501120
pthread-ext/26_stack_cas_longer-1.yml	false	false(unreach-call)	0.090483344	0.09657943004276603	26.152960	false(unreach-call)	0.08260076	0.10580701497383416	26.279936	false(unreach-call)	0.081102237	0.1379888659575954	26.349568	false(unreach-call)	0.081358513	0.13044115295633674	26.423296	OUT OF MEMORY	18.763322806	19.271188347949646	3999.997952
pthread-ext/26_stack_cas_longer-2.yml	true	TIMEOUT	60.791938164	64.43050473800395	92.557312	TIMEOUT	60.862036732	69.7143864040263	90.492928	TIMEOUT	60.983381796	65.22113503096625	103.460864	OUT OF MEMORY	28.389015087	30.73737471399363	3999.997952	OUT OF MEMORY	18.340646222	21.828341810964048	3999.997952
pthread-ext/26_stack_cas_longest-1.yml	false	false(unreach-call)	0.139311865	0.18149047205224633	26.087424	false(unreach-call)	0.13642264	0.23668548103887588	26.300416	false(unreach-call)	0.131922717	0.207710443995893	26.394624	false(unreach-call)	0.130325198	0.14908714802004397	26.476544	OUT OF MEMORY	17.518530458	18.841910339077003	3999.997952
pthread-ext/26_stack_cas_longest-2.yml	true	TIMEOUT	60.97177207	65.3838041430572	96.165888	TIMEOUT	60.752728122	70.08104251604527	93.880320	TIMEOUT	61.008406018	63.396585484966636	106.356736	OUT OF MEMORY	26.797605273	27.815913989092223	3999.997952	OUT OF MEMORY	17.816846568	18.182142380042933	3999.997952
pthread-ext/28_buggy_simple_loop1_vf.yml	false	TIMEOUT	60.897696843	65.23741723201238	25.726976	TIMEOUT	60.938605055	66.9083706169622	25.776128	TIMEOUT	60.983970714	74.4785071980441	26.017792	TIMEOUT	60.586067518	67.35077646607533	25.989120	false(unreach-call)	5.112093873	5.3423277960391715	45.674496
pthread-ext/31_simple_loop5_vs.yml	true	OUT OF MEMORY	15.986043791	17.11573481594678	3999.997952	TIMEOUT	61.146800923	71.74595254601445	2483.458048	TIMEOUT	60.190964806	71.25101181399077	864.350208	TIMEOUT	60.939605854	63.96131730696652	969.125888	TIMEOUT	60.941857738	64.91828196402639	68.820992
pthread-ext/40_barrier_vf.yml	false	ERROR (compilation)	0.062719353	0.07650098006706685	25.481216	ERROR (compilation)	0.060883734	0.09222745103761554	25.583616	ERROR (compilation)	0.062681552	0.11610707605723292	25.706496	ERROR (compilation)	0.062990058	0.11077494896017015	25.726976	false(unreach-call)	5.483704829	5.645186332054436	45.965312
pthread-ext/43_NetBSD_sysmon_power_sliced-pthread.yml	true	ERROR (compilation)	0.062810749	0.06875645590480417	25.546752	ERROR (compilation)	0.055946449	0.06515973503701389	25.579520	ERROR (compilation)	0.059717086	0.07114246999844909	25.772032	ERROR (compilation)	0.05784529	0.06580699200276285	25.747456	TIMEOUT	61.06419661	64.42725821991917	3246.432256
pthread-ext/43_NetBSD_sysmon_power_sliced.yml	true	true	0.083311189	0.11760754091665149	25.939968	true	0.072322958	0.08233916095923632	26.054656	true	0.074325736	0.08718832291197032	26.140672	true	0.074555432	0.08746227202937007	26.271744	TIMEOUT	60.910701421	63.03940800903365	906.018816
pthread-lit/sssc12_variant.yml	true	true	0.073625974	0.11304423806723207	25.817088	true	0.066284618	0.07218056102283299	25.993216	true	0.064724978	0.0752351019764319	26.152960	true	0.060772483	0.06624037004075944	26.058752	TIMEOUT	60.99328352	63.06637359596789	133.386240
pthread-race-challenges/thread-local-pthread-value.yml	true	ERROR (compilation)	0.064177696	0.09299976599868387	25.366528	ERROR (compilation)	0.059247391	0.06527765700593591	25.382912	ERROR (compilation)	0.051656138	0.05724457302130759	25.538560	ERROR (compilation)	0.054106497	0.06033842405304313	25.604096	true	5.191706483	5.49218359508086	51.081216
pthread-theta/exponential-4.yml	true	TIMEOUT	61.00074746	62.66315801604651	25.833472	TIMEOUT	60.866514662	63.050705136032775	25.948160	TIMEOUT	60.487251177	61.00800389505457	26.050560	TIMEOUT	60.962288208	62.95456353807822	26.120192	true	0.266180172	0.3406884359428659	16.379904
pthread-theta/exponential-64.yml	true	TIMEOUT	60.962737808	62.24362243490759	25.772032	TIMEOUT	60.747233349	61.01719869894441	65.822720	TIMEOUT	60.851981963	61.014194186078385	57.450496	TIMEOUT	60.3339341	61.01756747101899	57.327616	OUT OF MEMORY	18.684677977	19.410892538027838	3999.997952
pthread-theta/unwind1-1.yml	false	true	0.071141371	0.11845021403860301	25.866240	true	0.063229452	0.07448735204525292	25.866240	true	0.062941645	0.07336169097106904	26.095616	true	0.063161013	0.07534705800935626	26.099712	false(unreach-call)	5.144392917	5.332283018040471	116.531200
pthread-theta/unwind1-nondet.yml	false	true	0.073223541	0.12810263491701335	25.903104	true	0.063654292	0.0693214270286262	25.968640	true	0.064674574	0.06735801801551133	26.112000	true	0.065938663	0.07603728701360524	26.165248	false(unreach-call)	4.531969654	5.310358296032064	104.165376
pthread-theta/unwind2-100.yml	false	false(unreach-call)	0.068628901	0.07565696898382157	25.899008	false(unreach-call)	0.064400022	0.07354320597369224	25.919488	false(unreach-call)	0.064059238	0.06972803396638483	26.120192	false(unreach-call)	0.06595126	0.07717966893687844	26.185728	true	4.628563022	5.262533757020719	110.813184
pthread-theta/unwind2-nondet.yml	false	true	0.071147304	0.08926657598931342	25.804800	true	0.06427365	0.08158580597955734	25.980928	true	0.06227575	0.0752996290102601	26.107904	true	0.063804037	0.07277079799678177	26.112000	false(unreach-call)	5.003806097	5.274903375073336	119.439360
pthread-theta/unwind3-100.yml	false	TIMEOUT	60.775096021	61.0252427890664	25.743360	TIMEOUT	60.514233873	61.016609786078334	48.259072	TIMEOUT	60.806820931	61.01125033991411	41.947136	TIMEOUT	60.865838874	61.01147954305634	44.244992	OUT OF MEMORY	25.669354648	25.87388201407157	3999.997952
pthread-theta/unwind3-nondet.yml	false	true	0.070774659	0.10935115104075521	25.837568	true	0.063710658	0.07609189092181623	25.899008	true	0.058637672	0.06610244000330567	26.083328	true	0.062808054	0.06803476496133953	26.152960	false(unreach-call)	4.859442686	5.299900862970389	47.968256
pthread-wmm/mix001.oepc.yml	false	false(unreach-call)	41.114760778	42.34244335198309	26.222592	TIMEOUT	60.985508927	63.14615924900863	26.349568	TIMEOUT	60.780723906	61.010989350033924	26.595328	TIMEOUT	60.953513785	61.0257107031066	26.599424	false(unreach-call)	0.278784455	0.3283891249448061	13.037568
pthread-wmm/mix001.opt.yml	false	TIMEOUT	60.861002284	64.11600740300491	26.230784	TIMEOUT	60.77660473	61.009218579973094	26.345472	TIMEOUT	60.88919194	61.0081640399294	26.402816	TIMEOUT	60.658112382	61.01608683203813	26.427392	false(unreach-call)	0.266735287	0.28480785398278385	11.923456
pthread-wmm/mix002.oepc.yml	false	false(unreach-call)	36.202315634	39.630217832978815	26.152960	TIMEOUT	61.00202096	62.12320805701893	26.251264	TIMEOUT	60.93442505	62.15139842603821	26.427392	TIMEOUT	60.87581459	61.011071731103584	26.390528	false(unreach-call)	0.278023252	0.4354847060749307	12.083200
pthread-wmm/mix002.opt.yml	false	TIMEOUT	60.906614919	63.31129307800438	26.218496	TIMEOUT	60.6440655	61.01041974697728	26.251264	TIMEOUT	60.496191381	61.00544981902931	26.460160	TIMEOUT	60.668060854	61.013486905023456	26.501120	false(unreach-call)	0.269631402	0.3675003369571641	11.878400
pthread-wmm/mix003.oepc.yml	false	false(unreach-call)	33.8905682	34.42410275305156	26.140672	TIMEOUT	60.0957524	61.01090709597338	26.214400	TIMEOUT	60.468678816	61.01150880998466	26.333184	TIMEOUT	60.931810243	63.04394553392194	26.435584	false(unreach-call)	0.272717171	0.3177997439634055	11.886592
pthread-wmm/mix003_power.opt_pso.opt_rmo.opt_tso.opt.yml	false	TIMEOUT	60.887561772	64.64446449792013	26.173440	TIMEOUT	60.382663246	61.01090903801378	26.308608	TIMEOUT	60.757338981	61.00504626892507	26.431488	TIMEOUT	60.597084991	61.01024607208092	26.415104	false(unreach-call)	0.262119807	0.29092743701767176	11.829248
pthread-wmm/mix004.oepc.yml	false	TIMEOUT	60.831282478	64.85439502901863	26.173440	TIMEOUT	60.63211969	61.008093979093246	26.284032	TIMEOUT	61.001234621	64.79940658702981	26.447872	TIMEOUT	60.951410675	61.00905175297521	26.451968	false(unreach-call)	0.310486431	0.3532417529495433	13.869056
pthread-wmm/mix004.opt.yml	false	TIMEOUT	60.750747307	64.0759648999665	26.288128	TIMEOUT	60.978728848	62.65513795602601	26.398720	TIMEOUT	60.83543955	61.05300859303679	26.533888	TIMEOUT	60.828182199	61.009166567004286	26.501120	false(unreach-call)	0.285703696	0.3140234319726005	12.726272
pthread-wmm/mix005.opt.yml	false	TIMEOUT	60.549086676	65.22097642091103	26.284032	TIMEOUT	60.389114592	61.010399349965155	26.361856	TIMEOUT	60.932434467	61.00790348602459	26.546176	TIMEOUT	60.955565419	61.0077569570858	26.460160	false(unreach-call)	0.278017941	0.33165972807910293	12.582912
pthread-wmm/mix005_power.oepc_pso.oepc_rmo.oepc.yml	false	TIMEOUT	61.002877485	63.056197396013886	26.206208	TIMEOUT	60.1097815	61.01429124199785	26.288128	TIMEOUT	60.79627956	61.01074398297351	26.435584	TIMEOUT	61.002860146	63.268496452015825	26.574848	false(unreach-call)	0.305850443	0.4501286019803956	13.758464
pthread-wmm/mix005_tso.oepc.yml	false	TIMEOUT	61.002115682	62.656917890999466	26.271744	TIMEOUT	60.302098871	61.0128472680226	26.431488	TIMEOUT	60.641827063	61.035056580090895	26.537984	TIMEOUT	60.695970013	61.00922804395668	26.578944	false(unreach-call)	0.294623329	0.33453986898530275	13.778944
pthread-wmm/mix006.opt.yml	false	TIMEOUT	60.415802339	66.41281777608674	26.132480	TIMEOUT	60.262508474	61.0087740420131	26.284032	TIMEOUT	60.772168169	61.00866341998335	26.394624	TIMEOUT	60.62871505	61.01484170497861	26.537984	false(unreach-call)	0.27322485	0.3113613430177793	11.886592
pthread-wmm/mix006_power.oepc_pso.oepc_rmo.oepc.yml	false	false(unreach-call)	33.593580939	34.30311353702564	26.066944	TIMEOUT	60.604734444	61.009868573979475	26.243072	TIMEOUT	60.754371546	61.00879427604377	26.439680	TIMEOUT	60.819013292	61.01234079001006	26.353664	false(unreach-call)	0.274863074	0.4147936780937016	11.902976
pthread-wmm/mix006_tso.oepc.yml	false	TIMEOUT	61.009158025	62.560102559044026	26.615808	TIMEOUT	60.249156896	61.007051025051624	26.701824	TIMEOUT	60.958512246	61.00747831794433	26.984448	TIMEOUT	60.96285615	61.010489951004274	27.004928	false(unreach-call)	0.335893568	0.35353228100575507	15.974400
pthread-wmm/mix007.oepc.yml	false	TIMEOUT	60.593640525	63.418061267002486	26.185728	TIMEOUT	60.5128719	61.00942393695004	26.279936	TIMEOUT	60.460852747	61.01946039008908	26.419200	TIMEOUT	60.878670535	61.01020908495411	26.497024	false(unreach-call)	0.292692103	0.3958718659123406	13.783040
pthread-wmm/mix007.opt.yml	false	TIMEOUT	60.746203608	63.64964759501163	26.251264	TIMEOUT	60.698457163	61.00970758998301	26.312704	TIMEOUT	60.436915617	61.024894924950786	26.546176	TIMEOUT	60.883624448	61.00812856690027	26.505216	false(unreach-call)	0.287002406	0.3264650220517069	12.730368
pthread-wmm/mix008.opt.yml	false	TIMEOUT	61.003670451	63.045628863037564	26.181632	TIMEOUT	60.925253765	61.0064250229625	26.386432	TIMEOUT	60.611024288	61.009686055011116	26.456064	TIMEOUT	60.902301439	61.009238715982065	26.578944	false(unreach-call)	0.29268246	0.3171977889724076	12.726272
pthread-wmm/mix008_power.oepc_pso.oepc_rmo.oepc.yml	false	TIMEOUT	61.003178712	63.98634004499763	26.267648	TIMEOUT	60.709089884	61.00954160199035	26.337280	TIMEOUT	60.4481567	61.02898098807782	26.431488	TIMEOUT	60.9123136	61.00810877396725	26.570752	false(unreach-call)	0.295932383	0.3436822929652408	13.672448
pthread-wmm/mix008_tso.oepc.yml	false	TIMEOUT	60.968899283	62.38373967190273	26.697728	TIMEOUT	60.951847297	61.00847366801463	26.738688	TIMEOUT	60.968331429	61.00865881796926	26.959872	TIMEOUT	60.965066615	61.008163443999365	26.992640	false(unreach-call)	0.348559391	0.48930854606442153	17.219584
pthread-wmm/mix009.opt.yml	false	false(unreach-call)	2.622080893	2.7867274340242147	26.120192	false(unreach-call)	4.737544124	5.220715904026292	26.263552	false(unreach-call)	7.137612756	7.164113717037253	26.431488	TIMEOUT	60.660193696	61.01011372695211	26.484736	false(unreach-call)	0.25959869	0.2798591440077871	11.804672
pthread-wmm/mix010.oepc.yml	false	TIMEOUT	60.897958682	63.09652577992529	26.177536	TIMEOUT	60.989809635	62.13938747602515	26.161152	TIMEOUT	60.633926764	61.00692298007198	26.456064	TIMEOUT	60.898413238	61.005319942953065	26.476544	false(unreach-call)	0.275592166	0.3162001030286774	11.894784
pthread-wmm/mix010.opt.yml	false	TIMEOUT	60.154084454	65.43501196498983	26.161152	TIMEOUT	60.798338188	61.01040909695439	26.288128	TIMEOUT	60.429456846	61.00948320911266	26.480640	TIMEOUT	60.877574454	61.006303925067186	26.492928	false(unreach-call)	0.273786783	0.29006870510056615	11.886592
pthread-wmm/mix011.opt.yml	false	TIMEOUT	60.873151796	63.68868266802747	26.206208	TIMEOUT	60.53386853	61.00837729300838	26.284032	TIMEOUT	60.995470592	63.40487772494089	26.460160	TIMEOUT	60.800682635	61.011200751992874	26.464256	false(unreach-call)	0.270240551	0.3100350390886888	11.968512
pthread-wmm/mix011_power.oepc_pso.oepc_rmo.oepc.yml	false	TIMEOUT	61.001753759	62.41204285109416	26.152960	TIMEOUT	60.755232732	61.00979784200899	26.193920	TIMEOUT	60.830817399	61.01163223199546	26.390528	TIMEOUT	60.756158109	61.0213418409694	26.488832	false(unreach-call)	0.274076359	0.3261283249594271	12.005376
pthread-wmm/mix011_tso.oepc.yml	false	TIMEOUT	60.846853916	65.06035741302185	26.152960	TIMEOUT	60.763079382	65.28953540406656	26.275840	TIMEOUT	60.815652108	61.00759159505833	26.488832	TIMEOUT	60.578991159	61.006138416938484	26.476544	false(unreach-call)	0.27026706	0.28844731696881354	11.997184
pthread-wmm/mix013.oepc.yml	false	TIMEOUT	60.831953418	64.50163748092018	26.243072	TIMEOUT	60.576186121	61.00873073306866	26.329088	TIMEOUT	60.674035656	61.01106943003833	26.472448	TIMEOUT	60.93865808	61.01189385307953	26.525696	false(unreach-call)	0.311205492	0.3796945019857958	13.819904
pthread-wmm/mix013.opt.yml	false	TIMEOUT	61.00457753	62.56822001503315	26.218496	TIMEOUT	61.002209078	64.44182192906737	26.267648	TIMEOUT	60.915006851	61.009577315999195	26.427392	TIMEOUT	60.551098139	61.012541949981824	26.562560	false(unreach-call)	0.283444933	0.30457924702204764	12.681216
pthread-wmm/mix014.opt.yml	false	TIMEOUT	61.00021187	62.80768656008877	26.292224	TIMEOUT	60.758114054	61.00896804302465	26.361856	TIMEOUT	60.541002249	61.01055083004758	26.542080	TIMEOUT	60.842101978	61.009202428977005	26.566656	false(unreach-call)	0.285168278	0.33591917797457427	12.713984
pthread-wmm/mix014_power.oepc_pso.oepc_rmo.oepc.yml	false	TIMEOUT	60.493380544	64.66556675394531	26.181632	TIMEOUT	60.626637007	61.01207538798917	26.279936	TIMEOUT	60.839638689	61.00992941390723	26.488832	TIMEOUT	60.762142293	61.01254643895663	26.562560	false(unreach-call)	0.306914886	0.3505824210587889	13.905920
pthread-wmm/mix014_tso.oepc.yml	false	TIMEOUT	60.997447573	62.9081376909744	26.607616	TIMEOUT	60.892842158	61.010167425032705	26.791936	TIMEOUT	60.956943353	61.01224789302796	26.873856	TIMEOUT	60.967862196	61.008580278023146	26.902528	false(unreach-call)	0.373858406	0.4985209930455312	17.821696
pthread-wmm/mix015.oepc.yml	false	false(unreach-call)	13.692241568	15.234339411952533	26.091520	false(unreach-call)	28.195012009	28.39815408294089	26.247168	false(unreach-call)	40.061102467	40.228449087939225	26.349568	TIMEOUT	60.823778522	61.021446157014	26.443776	false(unreach-call)	0.277862377	0.33211427193600684	12.021760
pthread-wmm/mix015.opt.yml	false	TIMEOUT	60.878411588	63.30828803498298	26.144768	TIMEOUT	60.86768469	61.00891388498712	26.296320	TIMEOUT	60.74176098	61.00840450508986	26.468352	TIMEOUT	60.757235963	61.00830305996351	26.505216	false(unreach-call)	0.269107802	0.3114772039698437	11.956224
pthread-wmm/mix016.oepc.yml	false	false(unreach-call)	12.906185689	13.10209538100753	26.165248	false(unreach-call)	26.549553228	27.091140317032114	26.263552	false(unreach-call)	37.27299417	37.89950476808008	26.382336	TIMEOUT	60.833903027	61.03110536001623	26.460160	false(unreach-call)	0.277154189	0.36685583903454244	11.800576
pthread-wmm/mix016_power.opt_rmo.opt.yml	false	TIMEOUT	61.002211237	62.14686704496853	26.120192	TIMEOUT	60.318561462	61.00905470200814	26.124288	TIMEOUT	60.391606643	61.008600544999354	26.296320	TIMEOUT	60.726084044	61.01028369402047	26.345472	false(unreach-call)	0.261178804	0.38958528102375567	11.685888
pthread-wmm/mix016_pso.opt_tso.opt.yml	false	TIMEOUT	60.778230406	64.99649068200961	26.128384	TIMEOUT	60.844640918	61.005948838894255	26.308608	TIMEOUT	60.889553232	61.00649430300109	26.468352	TIMEOUT	60.919165903	61.01012896792963	26.509312	false(unreach-call)	0.270925883	0.3296228889375925	11.878400
pthread-wmm/mix017.oepc.yml	false	TIMEOUT	60.906646119	64.0136209120974	26.169344	TIMEOUT	60.638422904	61.012230052030645	26.333184	TIMEOUT	60.507545292	61.00944029702805	26.480640	TIMEOUT	60.908956862	61.00919324206188	26.439680	false(unreach-call)	0.291001021	0.3287615409353748	13.660160
pthread-wmm/mix017_power.opt_rmo.opt.yml	false	TIMEOUT	60.884287248	64.55331736593507	26.124288	TIMEOUT	60.852230609	61.01128591306042	26.173440	TIMEOUT	60.826705354	61.00873410096392	26.398720	TIMEOUT	60.844638548	61.008463172009215	26.443776	false(unreach-call)	0.287887038	0.32986820791848004	12.328960
pthread-wmm/mix017_pso.opt_tso.opt.yml	false	TIMEOUT	60.976379804	63.884540872997604	26.296320	TIMEOUT	60.70514487	61.00628823903389	26.300416	TIMEOUT	60.512280127	61.011140130925924	26.529792	TIMEOUT	60.948419613	61.011495009996	26.497024	false(unreach-call)	0.27724779	0.30285484704654664	12.574720
pthread-wmm/mix018.opt.yml	false	TIMEOUT	60.697636211	66.46511750901118	26.243072	TIMEOUT	60.631699299	66.38903885800391	26.378240	TIMEOUT	60.784764439	61.006175759015605	26.447872	TIMEOUT	60.938957114	61.00895297690295	26.574848	false(unreach-call)	0.278210698	0.33254377194680274	12.578816
pthread-wmm/mix018_power.oepc_pso.oepc_rmo.oepc.yml	false	TIMEOUT	60.029988725	61.02122886991128	26.157056	TIMEOUT	61.002747494	62.71890838898253	26.284032	TIMEOUT	60.494807153	61.010246068937704	26.501120	TIMEOUT	60.696215244	61.00613450992387	26.497024	false(unreach-call)	0.292511472	0.35899242805317044	13.479936
pthread-wmm/mix018_tso.oepc.yml	false	TIMEOUT	61.001805909	62.70103636896238	26.189824	TIMEOUT	60.266790581	61.00904456200078	26.333184	TIMEOUT	61.003488767	62.08229605294764	26.533888	TIMEOUT	60.688935083	61.01179676398169	26.468352	false(unreach-call)	0.306257178	0.3372273499844596	13.651968
pthread-wmm/mix019.opt.yml	false	TIMEOUT	60.877341451	64.27239449205808	26.210304	TIMEOUT	60.523390451	61.01275105495006	26.234880	TIMEOUT	60.658744041	61.019284458016045	26.419200	TIMEOUT	60.068894003	61.01749992801342	26.517504	false(unreach-call)	0.271078525	0.3415803670650348	11.874304
pthread-wmm/mix019_power.oepc_pso.oepc_rmo.oepc.yml	false	false(unreach-call)	12.756055133	13.236012631910853	26.136576	false(unreach-call)	25.794338954	26.11610502190888	26.198016	false(unreach-call)	36.344772349	36.576854509999976	26.451968	TIMEOUT	60.828541748	61.00879786896985	26.357760	false(unreach-call)	0.276483916	0.3247109849471599	11.829248
pthread-wmm/mix019_tso.oepc.yml	false	TIMEOUT	60.954105173	63.82328848692123	26.124288	TIMEOUT	60.866038616	61.00913904502522	26.279936	TIMEOUT	60.692192449	61.00794762407895	26.386432	TIMEOUT	60.799417323	61.011139516951516	26.443776	false(unreach-call)	0.2673688	0.2991041319910437	11.812864
pthread-wmm/mix020.oepc.yml	false	TIMEOUT	60.793001776	66.01625134504866	26.193920	TIMEOUT	60.320371529	61.00582372699864	26.324992	TIMEOUT	60.469928068	61.009753716993146	26.492928	TIMEOUT	60.665256088	61.02180185599718	26.402816	false(unreach-call)	0.312389021	0.3586856200126931	13.705216
pthread-wmm/mix020.opt.yml	false	TIMEOUT	60.856723238	63.9263860930223	26.238976	TIMEOUT	60.571844213	61.029836277943105	26.398720	TIMEOUT	60.883289154	61.008906454080716	26.460160	TIMEOUT	60.21636694	61.0062155269552	26.542080	false(unreach-call)	0.278065389	0.33128049701917917	12.513280
pthread-wmm/mix021.opt.yml	false	TIMEOUT	61.003830047	62.26076995499898	26.222592	TIMEOUT	60.939934494	63.62806249293499	26.406912	TIMEOUT	60.672609829	61.01569653302431	26.517504	TIMEOUT	60.639096517	61.00922069104854	26.558464	false(unreach-call)	0.273061775	0.2947597539750859	12.431360
pthread-wmm/mix021_power.oepc_pso.oepc_rmo.oepc.yml	false	TIMEOUT	61.002416441	63.472875674953684	26.124288	TIMEOUT	60.489799878	61.00902489491273	26.320896	TIMEOUT	60.676390392	61.02136238804087	26.488832	TIMEOUT	60.575846845	61.00591777195223	26.488832	false(unreach-call)	0.286594729	0.31077305297367275	13.467648
pthread-wmm/mix021_tso.oepc.yml	false	TIMEOUT	60.200445203	64.0060739389155	26.230784	TIMEOUT	60.970408426	65.41767542401794	26.292224	TIMEOUT	60.902079672	61.01206537592225	26.423296	TIMEOUT	60.808971974	61.00811449508183	26.497024	false(unreach-call)	0.28905484	0.3751292689703405	12.890112
pthread-wmm/mix023_power.oepc_pso.oepc_rmo.oepc.yml	false	TIMEOUT	60.950906817	62.89242514909711	26.193920	TIMEOUT	60.401283619	61.00942919799127	26.353664	TIMEOUT	60.200078724	61.02357303304598	26.488832	TIMEOUT	60.828665853	61.00866393209435	26.472448	false(unreach-call)	0.287331282	0.3212838260224089	13.504512
pthread-wmm/mix023_power.opt_pso.opt_rmo.opt.yml	false	TIMEOUT	60.931517076	63.94952403893694	26.136576	TIMEOUT	60.527771289	61.00865288404748	26.214400	TIMEOUT	60.727364247	61.00888265995309	26.427392	TIMEOUT	60.908200641	61.01284245599527	26.394624	false(unreach-call)	0.291448594	0.3351583870826289	12.480512
pthread-wmm/mix023_tso.yml	false	TIMEOUT	60.956842068	63.56477725203149	26.767360	TIMEOUT	60.922431783	61.009619710966945	26.890240	TIMEOUT	60.959248096	61.00843933597207	27.000832	TIMEOUT	60.942325229	61.0089611139847	27.004928	false(unreach-call)	0.387776136	0.45506117097102106	18.722816
pthread-wmm/mix024_power.oepc_pso.oepc_rmo.oepc_tso.oepc_tso.opt.yml	false	false(unreach-call)	13.822304994	14.564116910099983	26.091520	false(unreach-call)	27.821208329	28.212862126994878	26.222592	false(unreach-call)	39.701984508	40.02898434607778	26.460160	TIMEOUT	60.725577478	61.00876069208607	26.411008	false(unreach-call)	0.27551334	0.34448615298606455	11.960320
pthread-wmm/mix024_power.opt_pso.opt_rmo.opt.yml	false	TIMEOUT	60.756874826	64.35152529994957	26.116096	TIMEOUT	60.999588539	62.20346721098758	26.234880	TIMEOUT	60.731278873	61.010568435071036	26.349568	TIMEOUT	60.827434791	61.007551187998615	26.382336	false(unreach-call)	0.265106252	0.2874848529463634	11.698176
pthread-wmm/mix025_power.oepc_power.opt_pso.oepc_rmo.oepc_tso.oepc_tso.opt.yml	false	false(unreach-call)	12.823870588	13.838379536988214	26.124288	false(unreach-call)	25.443523903	25.609423929010518	26.198016	false(unreach-call)	36.621951645	37.070400475058705	26.439680	TIMEOUT	60.824413345	61.006519449991174	26.451968	false(unreach-call)	0.272936366	0.2865322349825874	11.804672
pthread-wmm/mix025_pso.opt_rmo.opt.yml	false	TIMEOUT	60.960971852	65.33694282907527	26.099712	TIMEOUT	60.766146495	61.009565060958266	26.238976	TIMEOUT	60.722526623	61.00665810005739	26.288128	TIMEOUT	60.614095663	61.00832955399528	26.361856	false(unreach-call)	0.263171051	0.2808775049634278	11.726848
pthread-wmm/mix026.oepc.yml	false	TIMEOUT	60.810843246	65.06207677000202	26.181632	TIMEOUT	60.634670507	61.005967183969915	26.288128	TIMEOUT	60.673700106	61.01023548201192	26.435584	TIMEOUT	60.548804624	61.02345698198769	26.411008	false(unreach-call)	0.302728858	0.3445123640121892	13.656064
pthread-wmm/mix026_power.opt_tso.opt.yml	false	TIMEOUT	60.877731943	63.92664415307809	26.173440	TIMEOUT	60.269549231	61.00941481906921	26.312704	TIMEOUT	60.88287082	61.00599959399551	26.484736	TIMEOUT	60.499416805	61.00892970699351	26.423296	false(unreach-call)	0.332942541	0.39349434501491487	13.135872
pthread-wmm/mix026_pso.opt_rmo.opt.yml	false	TIMEOUT	60.884752405	62.65765439788811	26.120192	TIMEOUT	60.560046754	61.00992902193684	26.198016	TIMEOUT	60.848610102	61.0110350670293	26.435584	TIMEOUT	60.417163098	61.009053193964064	26.378240	false(unreach-call)	0.285894705	0.3222448530141264	12.279808
pthread-wmm/mix027_power.oepc_pso.oepc_rmo.oepc.yml	false	TIMEOUT	60.363356419	65.81227216403931	26.173440	TIMEOUT	60.135649981	61.0094528660411	26.349568	TIMEOUT	60.722170597	61.00925986201037	26.390528	TIMEOUT	60.931428418	61.014718943974	26.451968	false(unreach-call)	0.288632704	0.32586807396728545	13.463552
pthread-wmm/mix027_power.opt_pso.opt_rmo.opt.yml	false	TIMEOUT	60.811111225	65.00954379397444	26.116096	TIMEOUT	60.633316411	61.007780337007716	26.210304	TIMEOUT	60.526167186	61.00857026595622	26.382336	TIMEOUT	60.754509511	61.00814781698864	26.464256	false(unreach-call)	0.281017723	0.30311465403065085	12.120064
pthread-wmm/mix027_tso.yml	false	TIMEOUT	60.922863735	63.000914323027246	26.243072	TIMEOUT	60.072581369	61.006166032049805	26.308608	TIMEOUT	60.734642566	61.01754155091476	26.464256	TIMEOUT	60.745392194	61.01032277196646	26.537984	false(unreach-call)	0.329930174	0.3475646860897541	13.717504
pthread-wmm/mix028_power.oepc_pso.oepc_rmo.oepc.yml	false	false(unreach-call)	12.751045131	13.047177422908135	26.054656	false(unreach-call)	25.351501405	25.460838943021372	26.279936	false(unreach-call)	36.004819559	36.15825455496088	26.357760	TIMEOUT	60.769387445	61.00867637002375	26.472448	false(unreach-call)	0.266881055	0.3433388189878315	11.784192
pthread-wmm/mix028_power.opt_pso.opt_rmo.opt.yml	false	TIMEOUT	60.979213322	63.019584032008424	26.103808	TIMEOUT	60.015740822	61.007511076983064	26.316800	TIMEOUT	60.621065956	61.00774213694967	26.402816	TIMEOUT	60.554643285	61.01300290506333	26.501120	false(unreach-call)	0.261460484	0.35919526393990964	11.776000
pthread-wmm/mix028_tso.yml	false	TIMEOUT	60.766153417	65.65408489992842	26.333184	TIMEOUT	60.687277875	61.01115022005979	26.406912	TIMEOUT	60.818249884	61.00890529702883	26.554368	TIMEOUT	60.941171206	62.975068083032966	26.619904	false(unreach-call)	0.268730119	0.27918278705328703	12.001280
pthread-wmm/mix029_power.oepc_pso.oepc_rmo.oepc_tso.oepc_tso.opt.yml	false	TIMEOUT	60.911224441	66.08944237208925	26.238976	TIMEOUT	60.789345828	61.00723226601258	26.275840	TIMEOUT	60.798324222	61.00929162395187	26.509312	TIMEOUT	60.380777016	61.04868717095815	26.505216	false(unreach-call)	0.285795924	0.34597724804189056	13.545472
pthread-wmm/mix029_power.opt_pso.opt_rmo.opt.yml	false	TIMEOUT	61.001971291	64.0626937430352	26.132480	TIMEOUT	60.535555481	61.00544876197819	26.312704	TIMEOUT	60.911212693	61.00797039095778	26.484736	TIMEOUT	61.001964828	62.04901976801921	26.492928	false(unreach-call)	0.28735842	0.36385190207511187	12.771328
pthread-wmm/mix030_power.oepc_pso.oepc_rmo.oepc.yml	false	TIMEOUT	60.77869911	66.30149461398832	26.198016	TIMEOUT	60.562709855	61.008798107970506	26.341376	TIMEOUT	60.83820011	61.01097549009137	26.419200	TIMEOUT	60.884750401	61.0189783469541	26.505216	false(unreach-call)	0.304091682	0.4352199650602415	13.594624
pthread-wmm/mix030_power.opt_pso.opt_rmo.opt.yml	false	TIMEOUT	60.999712369	63.90442083601374	26.136576	TIMEOUT	60.456162403	61.0082680870546	26.271744	TIMEOUT	60.999928396	67.09813357098028	26.427392	TIMEOUT	60.945335455	62.632420309004374	26.402816	false(unreach-call)	0.289399587	0.3284441940486431	12.701696
pthread-wmm/mix030_tso.yml	false	TIMEOUT	60.916349583	62.54376318608411	26.263552	TIMEOUT	61.000803096	63.1989230660256	26.427392	TIMEOUT	60.621678057	61.00695963099133	26.591232	TIMEOUT	60.959088499	61.00877076399047	26.570752	false(unreach-call)	0.302615482	0.3278286571148783	13.176832
pthread-wmm/mix031.opt.yml	false	false(unreach-call)	4.722777152	4.841274252976291	26.058752	false(unreach-call)	8.753800727	8.894509291974828	26.120192	false(unreach-call)	12.318224294	13.720203257980756	26.259456	TIMEOUT	60.271785548	61.009956459049135	26.333184	false(unreach-call)	0.255783559	0.3160859909839928	11.665408
pthread-wmm/mix032.oepc.yml	false	TIMEOUT	60.924284893	63.84294616000261	26.148864	TIMEOUT	60.325775969	61.01914452807978	26.198016	TIMEOUT	60.812307708	61.01048527797684	26.451968	TIMEOUT	60.788955243	61.01214272005018	26.439680	false(unreach-call)	0.274685893	0.29983030003495514	11.993088
pthread-wmm/mix032.opt.yml	false	TIMEOUT	60.822137608	63.2470588729484	26.054656	TIMEOUT	60.839935351	61.00764311396051	26.193920	TIMEOUT	60.732968859	61.00824255193584	26.390528	TIMEOUT	60.863567411	61.009342883946374	26.308608	false(unreach-call)	0.265583162	0.29226483299862593	11.784192
pthread-wmm/mix033.opt.yml	false	TIMEOUT	60.84288026	65.73063049605116	26.083328	TIMEOUT	60.841757233	61.009610851993784	26.116096	TIMEOUT	61.002021337	62.384673214983195	26.402816	TIMEOUT	60.623317787	61.00661083497107	26.341376	false(unreach-call)	0.264085075	0.4084693359909579	11.747328
pthread-wmm/mix033_power.oepc_pso.oepc_rmo.oepc.yml	false	TIMEOUT	60.772318157	67.31835818907712	26.157056	TIMEOUT	60.818434658	61.00886779802386	26.255360	TIMEOUT	60.581018164	61.008764522965066	26.378240	TIMEOUT	60.805289933	61.006197904003784	26.447872	false(unreach-call)	0.275080288	0.3328059159684926	12.029952
pthread-wmm/mix033_tso.oepc.yml	false	TIMEOUT	60.949424607	66.50148492201697	26.107904	TIMEOUT	60.465995677	61.00969979399815	26.304512	TIMEOUT	60.881439722	61.00867374590598	26.402816	TIMEOUT	60.687801369	61.00847576500382	26.451968	false(unreach-call)	0.280658746	0.33123231993522495	11.948032
pthread-wmm/mix035.oepc.yml	false	false(unreach-call)	25.47081639	25.87232798500918	26.144768	false(unreach-call)	52.830493701	53.41004607104696	26.210304	TIMEOUT	60.393770746	61.00994817703031	26.439680	TIMEOUT	60.812475054	61.01024708908517	26.423296	false(unreach-call)	0.277770889	0.3457104329718277	11.837440
pthread-wmm/mix035_power.opt_rmo.opt.yml	false	TIMEOUT	60.890662897	64.16397034400143	26.058752	TIMEOUT	60.734497157	61.02302577602677	26.148864	TIMEOUT	60.977978825	62.478482565958984	26.349568	TIMEOUT	60.851059655	61.00635020900518	26.443776	false(unreach-call)	0.267360209	0.28427850105799735	11.796480
pthread-wmm/mix035_pso.opt_tso.opt.yml	false	TIMEOUT	60.417221672	66.58512587007135	26.112000	TIMEOUT	60.529162416	61.00856644695159	26.189824	TIMEOUT	60.996435713	62.36497949506156	26.361856	TIMEOUT	60.538292793	61.00856454402674	26.419200	false(unreach-call)	0.264527691	0.30097242596093565	11.649024
pthread-wmm/mix036.oepc.yml	false	TIMEOUT	60.74899731	64.43894630204886	26.218496	TIMEOUT	60.548419888	61.007658257032745	26.255360	TIMEOUT	60.493977836	61.029049812001176	26.492928	TIMEOUT	60.817973648	61.01028961490374	26.456064	false(unreach-call)	0.288216278	0.3222645609639585	13.758464
pthread-wmm/mix036_power.opt_rmo.opt.yml	false	TIMEOUT	60.905165645	64.64327934710309	26.140672	TIMEOUT	60.599881996	61.008450974943116	26.157056	TIMEOUT	60.590941586	61.02617200498935	26.353664	TIMEOUT	60.70305106	61.00884968996979	26.361856	false(unreach-call)	0.287212711	0.314861613092944	12.402688
pthread-wmm/mix036_pso.opt_tso.opt.yml	false	TIMEOUT	60.825377239	65.57905832899269	26.083328	TIMEOUT	60.071577539	61.02265096199699	26.251264	TIMEOUT	60.830447664	61.009952101972885	26.382336	TIMEOUT	60.637525622	61.00777183799073	26.394624	false(unreach-call)	0.275239791	0.2991283249575645	11.767808
pthread-wmm/mix037.opt.yml	false	TIMEOUT	60.876251537	63.79492067103274	26.075136	TIMEOUT	61.002284465	62.04576880601235	26.165248	TIMEOUT	60.563372233	61.0102049150737	26.357760	TIMEOUT	60.771464247	61.00810738198925	26.415104	false(unreach-call)	0.275324648	0.3338816650211811	11.739136
pthread-wmm/mix037_power.oepc_pso.oepc_rmo.oepc.yml	false	TIMEOUT	60.882350995	63.82744821894448	26.247168	TIMEOUT	60.66156782	61.00803069898393	26.230784	TIMEOUT	60.864611457	61.01375363802072	26.382336	TIMEOUT	60.974808889	62.81348353298381	26.484736	false(unreach-call)	0.288130757	0.3299600430764258	13.553664
pthread-wmm/mix037_tso.oepc.yml	false	TIMEOUT	60.777731855	63.47577248897869	26.263552	TIMEOUT	60.849365217	61.00937255797908	26.324992	TIMEOUT	60.832478779	61.00863848696463	26.501120	TIMEOUT	60.831223001	61.01012752891984	26.550272	false(unreach-call)	0.305198365	0.416028970037587	13.742080
pthread-wmm/mix038.opt.yml	false	TIMEOUT	60.930044259	63.82850041601341	26.087424	TIMEOUT	60.389178876	61.011161241913214	26.132480	TIMEOUT	60.828095043	61.00687542709056	26.230784	TIMEOUT	60.96763807	62.865064686047845	26.353664	false(unreach-call)	0.26629062	0.32925624202471226	11.702272
pthread-wmm/mix038_power.oepc_pso.oepc_rmo.oepc.yml	false	false(unreach-call)	25.399473307	27.72553918196354	26.095616	false(unreach-call)	51.99638298	53.15216530603357	26.259456	TIMEOUT	60.834111649	61.010030284989625	26.386432	TIMEOUT	60.624735563	61.011094690999016	26.464256	false(unreach-call)	0.279797243	0.3078735270537436	11.853824
pthread-wmm/mix038_tso.oepc.yml	false	TIMEOUT	60.873932057	62.99049101001583	26.198016	TIMEOUT	60.943594827	63.67767585499678	26.243072	TIMEOUT	60.88820356	61.00835857400671	26.386432	TIMEOUT	60.884959932	61.007596543990076	26.529792	false(unreach-call)	0.269575	0.308575124014169	11.792384
pthread-wmm/mix039.oepc.yml	false	TIMEOUT	60.537883768	61.01506831194274	26.173440	TIMEOUT	60.506075805	61.00820153998211	26.288128	TIMEOUT	60.503521109	61.005483111948706	26.464256	TIMEOUT	60.85484546	61.0103702590568	26.533888	false(unreach-call)	0.31728412	0.3443934250390157	13.787136
pthread-wmm/mix039.opt.yml	false	TIMEOUT	60.871231607	65.22059824701864	26.075136	TIMEOUT	60.678818698	64.40586838999297	26.259456	TIMEOUT	61.004164676	62.06908683804795	26.324992	TIMEOUT	60.843914682	61.010970239993185	26.329088	false(unreach-call)	0.281302135	0.30266871908679605	11.812864
pthread-wmm/mix040.opt.yml	false	TIMEOUT	60.703095099	64.94875842204783	26.058752	TIMEOUT	60.721216719	61.0104619829217	26.128384	TIMEOUT	60.456643111	61.02335895097349	26.361856	TIMEOUT	60.747234021	61.00941017502919	26.394624	false(unreach-call)	0.272398379	0.35957109509035945	11.743232
pthread-wmm/mix040_power.oepc_pso.oepc_rmo.oepc.yml	false	TIMEOUT	60.874918734	63.859181285020895	26.222592	TIMEOUT	60.979827243	62.61355004401412	26.329088	TIMEOUT	60.534966002	61.01128273096401	26.423296	TIMEOUT	61.004409271	64.52852671500295	26.431488	false(unreach-call)	0.286403205	0.34356924891471863	13.533184
pthread-wmm/mix040_tso.oepc.yml	false	TIMEOUT	60.803255717	63.60854299389757	26.251264	TIMEOUT	60.677932054	61.01052494090982	26.300416	TIMEOUT	61.001930291	62.17280153394677	26.501120	TIMEOUT	60.570520116	61.01361454895232	26.542080	false(unreach-call)	0.293291228	0.33715145906899124	12.914688
pthread-wmm/mix042.oepc.yml	false	false(unreach-call)	25.470166017	25.89728277688846	26.103808	false(unreach-call)	51.58209412	51.927591017098166	26.189824	TIMEOUT	60.569895471	61.010106905014254	26.386432	TIMEOUT	61.002190788	62.02166728605516	26.378240	false(unreach-call)	0.279592493	0.32661134493537247	11.812864
pthread-wmm/mix042.opt.yml	false	TIMEOUT	60.846926725	63.814508712035604	26.148864	TIMEOUT	60.173437283	61.00869631499518	26.255360	TIMEOUT	60.067514463	61.03478433995042	26.374144	TIMEOUT	60.871623008	61.0106182100717	26.349568	false(unreach-call)	0.263096302	0.3326150890206918	11.853824
pthread-wmm/mix043.oepc.yml	false	TIMEOUT	60.781759575	64.30011184990872	26.218496	TIMEOUT	60.638949282	61.02081335207913	26.345472	TIMEOUT	60.484567725	61.00876279606018	26.374144	TIMEOUT	60.841585786	61.01242834108416	26.460160	false(unreach-call)	0.327737345	0.33502895291894674	13.795328
pthread-wmm/mix043.opt.yml	false	TIMEOUT	60.905211596	63.2686265000375	26.083328	TIMEOUT	60.63261118	61.006710763904266	26.226688	TIMEOUT	60.06633093	61.00768410495948	26.394624	TIMEOUT	60.778358656	61.00714983406942	26.374144	false(unreach-call)	0.277403911	0.29698055901098996	12.238848
pthread-wmm/mix044.opt.yml	false	TIMEOUT	60.832026794	64.5956878119614	26.103808	TIMEOUT	60.692397799	61.006762692006305	26.234880	TIMEOUT	60.694277256	61.00694095401559	26.460160	TIMEOUT	60.895013649	63.56222543993499	26.488832	false(unreach-call)	0.279580401	0.32308841904159635	12.206080
pthread-wmm/mix044_power.oepc_pso.oepc_rmo.oepc.yml	false	TIMEOUT	60.579711539	64.18051693693269	26.222592	TIMEOUT	60.720374401	61.00843692093622	26.316800	TIMEOUT	60.694162739	61.01139927096665	26.517504	TIMEOUT	60.936700635	63.03664318996016	26.497024	false(unreach-call)	0.291366167	0.32412837201263756	13.627392
pthread-wmm/mix044_tso.oepc.yml	false	TIMEOUT	60.802759176	65.00340996205341	26.251264	TIMEOUT	60.526909013	61.01139757304918	26.312704	TIMEOUT	60.745264743	61.009701572940685	26.505216	TIMEOUT	60.790212996	61.00817646202631	26.513408	false(unreach-call)	0.343287242	0.3917152970097959	13.848576
pthread-wmm/mix045_power.oepc_pso.oepc_rmo.oepc.yml	false	false(unreach-call)	25.245443565	26.655587787972763	26.116096	false(unreach-call)	51.023297244	51.44008547195699	26.189824	TIMEOUT	60.70951245	61.01237214892171	26.456064	TIMEOUT	60.903072044	63.370131679927	26.374144	false(unreach-call)	0.277502289	0.32536348700523376	11.759616
pthread-wmm/mix045_power.opt_pso.opt_rmo.opt_tso.oepc_tso.opt.yml	false	TIMEOUT	60.907456909	63.368365295929834	26.099712	TIMEOUT	60.630337595	61.01048816693947	26.210304	TIMEOUT	60.582069102	61.0197969469009	26.394624	TIMEOUT	60.778450294	61.02910385502037	26.456064	false(unreach-call)	0.262981107	0.29131292598322034	11.759616
pthread-wmm/mix046.oepc.yml	false	TIMEOUT	60.99949507	63.14109237398952	26.202112	TIMEOUT	60.734214075	61.009888321044855	26.333184	TIMEOUT	60.692825014	61.00892119097989	26.382336	TIMEOUT	60.390821138	61.024421445908956	26.480640	false(unreach-call)	0.305662104	0.3270405209623277	13.668352
pthread-wmm/mix046.opt.yml	false	TIMEOUT	60.95064596	63.05166400002781	26.169344	TIMEOUT	60.661898471	61.01225415105	26.333184	TIMEOUT	60.797177808	61.00665215798654	26.443776	TIMEOUT	60.791784834	61.0084628110053	26.447872	false(unreach-call)	0.283184691	0.3433270259993151	12.238848
pthread-wmm/mix047_power.oepc_pso.oepc_rmo.oepc.yml	false	TIMEOUT	60.862188535	63.959863986005075	26.218496	TIMEOUT	60.6529781	61.00769748701714	26.312704	TIMEOUT	60.466081604	61.01087596092839	26.390528	TIMEOUT	60.294875552	61.010932120960206	26.439680	false(unreach-call)	0.323224208	0.47191167902201414	13.631488
pthread-wmm/mix047_power.opt_pso.opt_rmo.opt_tso.oepc_tso.opt.yml	false	TIMEOUT	60.828969578	64.31172932800837	26.116096	TIMEOUT	60.76502519	61.009313218994066	26.275840	TIMEOUT	60.782388552	61.008609173004515	26.472448	TIMEOUT	60.24270392	61.007450089091435	26.472448	false(unreach-call)	0.277952077	0.29655007005203515	12.267520
pthread-wmm/mix049_power.oepc_power.opt_pso.oepc_pso.opt_rmo.oepc_rmo.opt_tso.oepc_tso.opt-podwr001_power.oepc_power.opt_pso.oepc_pso.opt_rmo.oepc_rmo.opt_tso.oepc_tso.opt.yml	false	false(unreach-call)	6.049615343	7.375732514075935	26.136576	false(unreach-call)	11.725612952	12.028397385030985	26.255360	false(unreach-call)	16.975777317	17.253627892001532	26.386432	TIMEOUT	60.75845036	61.007686499971896	26.451968	false(unreach-call)	0.270939891	0.29627489403355867	11.722752
pthread-wmm/mix050.yml	false	TIMEOUT	60.938279687	63.79540210403502	26.173440	TIMEOUT	60.621558179	61.01035680004861	26.329088	TIMEOUT	60.809600355	61.01131209800951	26.472448	TIMEOUT	60.402152175	61.00833419407718	26.513408	false(unreach-call)	0.30268176	0.318088530912064	13.635584
pthread-wmm/mix051_power.oepc_power.opt_pso.oepc_rmo.oepc.yml	false	TIMEOUT	61.002148533	64.32778680499177	26.132480	TIMEOUT	60.882981192	61.01144470507279	26.271744	TIMEOUT	60.867211898	61.00716116698459	26.492928	TIMEOUT	60.941634123	62.725854986929335	26.521600	false(unreach-call)	0.369115544	0.40826552698854357	13.852672
pthread-wmm/mix051_pso.opt_rmo.opt_tso.opt.yml	false	TIMEOUT	60.816941314	64.27807415602729	26.099712	TIMEOUT	60.532865319	61.00970112707	26.148864	TIMEOUT	60.786544998	61.005975482054055	26.304512	TIMEOUT	60.656812543	61.00973436201457	26.394624	false(unreach-call)	0.276088775	0.30697917693760246	11.780096
pthread-wmm/mix051_tso.oepc.yml	false	TIMEOUT	60.875453834	63.89532330899965	26.193920	TIMEOUT	60.360714473	61.02994752989616	26.341376	TIMEOUT	60.712075735	61.0111917409813	26.456064	TIMEOUT	60.505481641	61.01643984194379	26.488832	false(unreach-call)	0.316834587	0.5064280879450962	13.574144
pthread-wmm/mix052_power.oepc_power.opt_pso.oepc_rmo.oepc.yml	false	false(unreach-call)	5.915876625	6.183730712044053	26.165248	false(unreach-call)	11.971680659	12.356545336078852	26.255360	false(unreach-call)	16.318574489	16.734559971024282	26.357760	TIMEOUT	60.986426584	62.57761190505698	26.435584	false(unreach-call)	0.268376895	0.30203001596964896	11.702272
pthread-wmm/mix052_pso.opt_rmo.opt_tso.opt.yml	false	TIMEOUT	60.947047704	62.47226029296871	26.005504	TIMEOUT	60.86894557	61.008226105012	26.193920	TIMEOUT	60.835729552	61.01015245902818	26.349568	TIMEOUT	60.698441691	61.00775445101317	26.353664	false(unreach-call)	0.261094993	0.28137402702122927	11.739136
pthread-wmm/mix052_tso.oepc.yml	false	TIMEOUT	60.811056407	65.0111041360069	26.181632	TIMEOUT	60.320505513	61.011307394946925	26.296320	TIMEOUT	60.802840593	61.01173996098805	26.390528	TIMEOUT	60.996458949	62.904878065921366	26.431488	false(unreach-call)	0.269636799	0.3028027140535414	11.808768
pthread-wmm/mix053.opt.yml	false	TIMEOUT	60.847554844	63.240533913020045	26.046464	TIMEOUT	60.851107564	61.01080902700778	26.230784	TIMEOUT	60.697582161	61.00836395099759	26.279936	TIMEOUT	60.558550922	61.00995714694727	26.374144	false(unreach-call)	0.270169671	0.29653027292806655	11.800576
pthread-wmm/mix053_power.oepc_pso.oepc_rmo.oepc.yml	false	TIMEOUT	60.726136222	63.88993918302003	26.198016	TIMEOUT	60.814936193	61.00910217198543	26.312704	TIMEOUT	60.619815715	61.033987874980085	26.378240	TIMEOUT	60.897068366	61.01037076895591	26.488832	false(unreach-call)	0.290660443	0.35372198303230107	13.381632
pthread-wmm/mix053_tso.oepc.yml	false	TIMEOUT	60.860875718	64.61322401091456	26.148864	TIMEOUT	60.55578078	61.00813009799458	26.353664	TIMEOUT	60.650190462	61.008077578037046	26.402816	TIMEOUT	60.815833868	61.00963758805301	26.464256	false(unreach-call)	0.283182928	0.2995460369857028	12.607488
pthread-wmm/mix055.opt.yml	false	TIMEOUT	60.992208483	63.24304640898481	26.058752	TIMEOUT	60.554369785	63.807798199006356	26.247168	TIMEOUT	60.878109848	61.0105036549503	26.451968	TIMEOUT	60.804111057	61.008633109973744	26.492928	false(unreach-call)	0.282855372	0.3152340749511495	12.070912
pthread-wmm/mix055_power.oepc_pso.oepc_rmo.oepc.yml	false	TIMEOUT	61.005503258	62.983702350989915	26.169344	TIMEOUT	60.68082787	64.17252658295911	26.255360	TIMEOUT	60.699701177	61.03281480201986	26.431488	TIMEOUT	60.89123311	61.01149269298185	26.521600	false(unreach-call)	0.292492043	0.4453461730154231	13.373440
pthread-wmm/mix055_tso.oepc.yml	false	TIMEOUT	60.535042559	63.41408021503594	26.251264	TIMEOUT	60.205432921	61.00798556802329	26.349568	TIMEOUT	60.577866852	61.00815924908966	26.509312	TIMEOUT	60.66503286	61.00986435089726	26.447872	false(unreach-call)	0.324766218	0.4031617530854419	13.504512
pthread-wmm/mix056_power.oepc_pso.oepc_rmo.oepc.yml	false	false(unreach-call)	5.855058746	5.954239565064199	26.112000	false(unreach-call)	11.336801177	11.417004444054328	26.284032	false(unreach-call)	16.07338334	16.142517465981655	26.447872	TIMEOUT	60.933420598	61.01094731502235	26.460160	false(unreach-call)	0.276424546	0.31240265001542866	11.698176
pthread-wmm/mix056_power.opt_pso.opt_rmo.opt_tso.oepc_tso.opt.yml	false	TIMEOUT	60.940018225	62.47127124702092	26.091520	TIMEOUT	60.778789026	61.007260033045895	26.284032	TIMEOUT	60.813518264	61.00993068795651	26.378240	TIMEOUT	60.906862348	61.0054130529752	26.333184	false(unreach-call)	0.257708742	0.29241992393508554	11.673600
pthread-wmm/mix057_power.oepc_pso.oepc_rmo.oepc.yml	false	TIMEOUT	60.880774412	65.50039202906191	26.218496	TIMEOUT	60.435073933	61.00790920399595	26.345472	TIMEOUT	60.879056377	61.01024463796057	26.386432	TIMEOUT	60.931764724	62.77357713493984	26.419200	false(unreach-call)	0.311632743	0.3354531649965793	13.479936
pthread-wmm/mix057_power.opt_pso.opt_rmo.opt_tso.oepc_tso.opt.yml	false	TIMEOUT	61.003165537	63.91918719303794	26.148864	TIMEOUT	60.656200956	61.006248224992305	26.308608	TIMEOUT	60.87568621	61.01129169098567	26.443776	TIMEOUT	60.733715	61.005800765007734	26.394624	false(unreach-call)	0.282574635	0.3029838140355423	11.988992
pthread-wmm/rfi002_power.oepc_power.opt_pso.oepc_pso.opt_rmo.oepc_rmo.opt.yml	true	true	3.924467042	4.199399953009561	26.439680	true	7.483076378	7.735877281054854	26.533888	true	12.330595406	12.351681544096209	26.632192	TIMEOUT	60.917490905	61.008611215977	26.693632	true	0.277075737	0.3386298589175567	12.439552
pthread-wmm/rfi002_tso.yml	true	true	5.364004051	5.451775707071647	26.578944	true	10.814720877	10.849784843041562	26.742784	true	16.552112187	16.59587456996087	26.812416	TIMEOUT	60.942931941	61.008850096026435	26.832896	true	0.323147252	0.5019185540731996	14.364672
pthread-wmm/rfi003_power.oepc_power.opt_pso.oepc_pso.opt_rmo.oepc_rmo.opt.yml	false	false(unreach-call)	2.062624658	2.1801052300725132	26.083328	false(unreach-call)	3.79783592	4.175269184052013	26.079232	false(unreach-call)	5.354852793	5.475632323999889	26.365952	TIMEOUT	60.094131672	61.01309783803299	26.279936	false(unreach-call)	0.253770231	0.31722359906416386	11.595776
pthread-wmm/rfi003_tso.yml	true	true	3.853135358	4.056105611030944	26.349568	true	7.46581648	7.7079397269990295	26.501120	true	12.498863961	12.519641702994704	26.632192	TIMEOUT	60.965538526	61.00577013590373	26.701824	true	0.275495571	0.3232395809609443	12.476416
pthread-wmm/rfi004.yml	false	false(unreach-call)	2.091318552	2.1013050209730864	26.025984	false(unreach-call)	3.846775587	3.9307900379644707	26.120192	false(unreach-call)	5.388008326	5.428720082039945	26.292224	TIMEOUT	60.905478083	63.56444962602109	26.394624	false(unreach-call)	0.254845562	0.3448817019816488	11.759616
pthread-wmm/rfi006_pso.oepc_pso.opt_tso.oepc_tso.opt.yml	false	TIMEOUT	61.001938653	62.92700608703308	26.271744	TIMEOUT	61.001459549	62.372295431094244	26.353664	TIMEOUT	60.035888986	61.01333336299285	26.599424	TIMEOUT	60.899537015	61.006470667081885	26.624000	false(unreach-call)	0.278851705	0.3182603339664638	12.820480
pthread-wmm/rfi009_power.opt_pso.oepc_pso.opt_rmo.opt_tso.oepc_tso.opt.yml	false	TIMEOUT	61.002488442	62.9921118930215	26.243072	TIMEOUT	60.623764686	61.0157134749461	26.402816	TIMEOUT	60.818804314	61.01892736996524	26.566656	TIMEOUT	60.918889975	61.0122865519952	26.554368	false(unreach-call)	0.268292751	0.3188265759963542	11.972608
pthread-wmm/safe000_power.opt.yml	false	TIMEOUT	60.917074095	63.72891405702103	26.300416	TIMEOUT	60.296343224	61.02957505208906	26.447872	TIMEOUT	60.808509199	61.00992722099181	26.566656	TIMEOUT	60.966598821	61.00864883698523	26.587136	false(unreach-call)	0.270883385	0.3115658570313826	12.369920
pthread-wmm/safe000_pso.oepc_pso.opt_tso.oepc_tso.opt.yml	true	TIMEOUT	61.001473552	62.36916315299459	25.829376	TIMEOUT	60.21200294	61.032098714029416	25.894912	TIMEOUT	60.806028371	61.010254584951326	26.054656	TIMEOUT	60.926388824	63.158030748949386	26.165248	true	0.224917253	0.2426080049481243	11.350016
pthread-wmm/safe001_power.opt_pso.oepc_pso.opt_rmo.opt.yml	false	TIMEOUT	60.869174359	63.919501881930046	26.214400	TIMEOUT	60.96156965	62.4715486940695	26.329088	TIMEOUT	60.495408393	61.00843388098292	26.439680	TIMEOUT	60.871115495	61.01305496902205	26.488832	false(unreach-call)	0.265061606	0.2878910209983587	11.776000
pthread-wmm/safe001_tso.yml	true	TIMEOUT	60.888202948	64.59229147597216	25.849856	TIMEOUT	61.001793606	65.79721223399974	25.837568	TIMEOUT	60.733870487	61.01255357207265	26.062848	TIMEOUT	60.611422647	61.012668877025135	26.124288	true	0.230564808	0.3076153170550242	11.374592
pthread-wmm/safe002_power.opt_pso.oepc_pso.opt_rmo.opt.yml	false	TIMEOUT	60.953237025	63.96727299201302	26.017792	TIMEOUT	60.694009309	61.0131454130169	26.140672	TIMEOUT	60.624827343	61.008201504009776	26.398720	TIMEOUT	60.746014384	61.007003356935456	26.329088	false(unreach-call)	0.256824797	0.2674618570599705	11.743232
pthread-wmm/safe002_tso.yml	true	TIMEOUT	60.991582117	62.35343017207924	25.792512	TIMEOUT	60.171342634	61.02666084503289	25.866240	TIMEOUT	60.611530434	61.021508698002435	26.038272	TIMEOUT	60.755444739	61.011978886905126	26.136576	true	0.2243367	0.2955167309846729	11.366400
pthread-wmm/safe003_power.oepc_pso.oepc_pso.opt_rmo.oepc_rmo.opt.yml	false	false(unreach-call)	6.967655037	7.278547563939355	26.492928	false(unreach-call)	14.400475867	14.869149347068742	26.587136	false(unreach-call)	22.096669459	22.13164108793717	26.669056	TIMEOUT	60.930138959	61.008743518963456	26.714112	false(unreach-call)	0.303221594	0.46557710401248187	13.983744
pthread-wmm/safe003_power.opt.yml	false	TIMEOUT	60.916335224	62.652883465983905	26.361856	TIMEOUT	60.607221446	61.01437020394951	26.370048	TIMEOUT	60.925858124	61.009097363916226	26.578944	TIMEOUT	60.854181965	61.005343633005396	26.513408	false(unreach-call)	0.276146044	0.3440223539946601	12.468224
pthread-wmm/safe003_tso.yml	true	TIMEOUT	61.001422493	62.35563984897453	25.849856	TIMEOUT	61.003961646	62.332504102028906	25.837568	TIMEOUT	60.420235866	61.02470351802185	26.046464	TIMEOUT	60.96673055	62.30358750803862	26.128384	true	0.227806942	0.3089406369253993	11.350016
pthread-wmm/safe004_power.oepc_pso.oepc_rmo.oepc.yml	false	false(unreach-call)	6.971410842	7.484140675980598	26.443776	false(unreach-call)	13.977914914	14.026796477031894	26.537984	false(unreach-call)	21.814895955	21.859625729965046	26.673152	TIMEOUT	60.957108533	61.00716371706221	26.689536	false(unreach-call)	0.297676417	0.3347331309923902	13.996032
pthread-wmm/safe004_power.opt_pso.opt_rmo.opt.yml	false	TIMEOUT	60.886822608	63.1356718839379	26.075136	TIMEOUT	60.562303599	61.01040522905532	26.288128	TIMEOUT	60.581797016	61.01080726401415	26.411008	TIMEOUT	60.923110507	61.00905319000594	26.439680	false(unreach-call)	0.263643998	0.28851268999278545	11.747328
pthread-wmm/safe004_tso.yml	true	TIMEOUT	60.994852427	64.42855789803434	25.788416	TIMEOUT	60.953140254	63.48511670494918	25.952256	TIMEOUT	60.40417166	61.01228061004076	26.050560	TIMEOUT	60.494034014	61.030581022030674	26.021888	true	0.228901236	0.26884292904287577	11.268096
pthread-wmm/safe005_power.oepc_power.opt_pso.oepc_pso.opt_rmo.oepc_rmo.opt.yml	false	TIMEOUT	60.894120556	65.41881533293054	26.058752	TIMEOUT	60.844252086	61.008324829046614	26.255360	TIMEOUT	61.002723113	62.625279729953036	26.353664	TIMEOUT	60.862661498	61.00822106201667	26.349568	false(unreach-call)	0.271009822	0.3144871500553563	11.776000
pthread-wmm/safe005_tso.yml	true	TIMEOUT	60.999582491	62.640678097028285	25.853952	TIMEOUT	60.621405223	61.025361508945934	25.931776	TIMEOUT	60.79928159	61.00999489298556	26.071040	TIMEOUT	60.839125121	61.006586723960936	26.046464	true	0.230255972	0.28496997605543584	11.350016
pthread-wmm/safe007_power.opt-thin001_power.opt.yml	false	TIMEOUT	61.005252166	63.80420131701976	26.230784	TIMEOUT	60.532627352	61.01189995498862	26.251264	TIMEOUT	60.790697423	61.01769272098318	26.427392	TIMEOUT	60.870517243	61.005034717032686	26.542080	false(unreach-call)	0.26258155	0.3091787239536643	11.845632
pthread-wmm/safe007_pso.oepc_pso.opt_tso.oepc_tso.opt-thin001_pso.oepc_pso.opt_tso.oepc_tso.opt.yml	true	TIMEOUT	60.962645462	63.71841662598308	25.755648	TIMEOUT	60.483437873	61.0276357519906	25.923584	TIMEOUT	60.910202929	61.00878343300428	26.034176	TIMEOUT	60.772904307	61.006715715979226	26.112000	true	0.222324536	0.2664603110169992	11.374592
pthread-wmm/safe008_power.oepc_pso.oepc_pso.opt_rmo.oepc_rmo.opt.yml	false	false(unreach-call)	4.862249833	5.105058294022456	26.222592	false(unreach-call)	9.3751131	9.426658464944921	26.234880	false(unreach-call)	12.822942268	12.857992898090743	26.439680	TIMEOUT	60.739977488	61.006313077989034	26.472448	false(unreach-call)	0.265542879	0.42938222899101675	11.743232
pthread-wmm/safe008_power.opt.yml	false	TIMEOUT	60.925853483	64.10543430096004	26.222592	TIMEOUT	60.045217002	61.008125007967465	26.345472	TIMEOUT	60.738473502	61.00985435000621	26.587136	TIMEOUT	60.94620483	61.01126105408184	26.533888	false(unreach-call)	0.272280217	0.313352798926644	12.341248
pthread-wmm/safe008_tso.yml	true	TIMEOUT	60.893914748	63.64848548802547	25.853952	TIMEOUT	60.168068225	61.017413632012904	25.960448	TIMEOUT	60.386898677	61.02181282395031	26.079232	TIMEOUT	60.507540497	61.03366187901702	26.071040	true	0.228176252	0.29476544505450875	11.300864
pthread-wmm/safe009_power.opt.yml	false	false(unreach-call)	44.150745686	46.31139942898881	26.279936	TIMEOUT	60.713892808	64.54815734701697	26.427392	TIMEOUT	60.779353769	61.00835223309696	26.570752	TIMEOUT	60.915835761	61.00850215903483	26.554368	false(unreach-call)	0.276586379	0.3169254099484533	12.288000
pthread-wmm/safe009_pso.oepc_pso.opt_tso.oepc_tso.opt.yml	true	true	26.349269278	28.677225066930987	25.853952	true	51.970028073	54.009252964984626	25.837568	TIMEOUT	60.669983957	61.01985593105201	26.025984	TIMEOUT	61.000986728	62.15731491497718	26.140672	true	0.221182069	0.23653596988879144	11.313152
pthread-wmm/safe009_rmo.opt.yml	false	false(unreach-call)	38.216862477	42.17911103903316	26.144768	TIMEOUT	60.432449515	61.0198652719846	26.255360	TIMEOUT	60.889572499	61.008924569003284	26.439680	TIMEOUT	60.456211244	61.021243869909085	26.390528	false(unreach-call)	0.277419031	0.30614794604480267	11.796480
pthread-wmm/safe011_power.oepc_pso.oepc_rmo.oepc_rmo.opt.yml	false	false(unreach-call)	4.807413394	6.101105636917055	26.087424	false(unreach-call)	9.232874103	9.261446009972133	26.288128	false(unreach-call)	12.631755761	12.700306377955712	26.402816	TIMEOUT	60.834277289	61.00947789801285	26.484736	false(unreach-call)	0.274745076	0.350445180083625	11.739136
pthread-wmm/safe011_power.opt_pso.opt.yml	false	TIMEOUT	60.799363356	65.02430889708921	26.124288	TIMEOUT	60.692564155	61.006181501899846	26.316800	TIMEOUT	60.759481377	61.00608265702613	26.464256	TIMEOUT	60.912493137	63.31372455600649	26.419200	false(unreach-call)	0.267161317	0.279652048018761	11.743232
pthread-wmm/safe011_tso.yml	true	TIMEOUT	60.364908664	64.67755034996662	25.825280	TIMEOUT	60.975102801	69.15605538198724	25.956352	TIMEOUT	61.003096912	62.719024640042335	26.083328	TIMEOUT	60.92750194	62.15177094191313	26.021888	true	0.234152862	0.38798027706798166	11.247616
pthread-wmm/safe012_power.opt.yml	false	TIMEOUT	60.750484857	72.16664164490066	26.144768	TIMEOUT	60.504334879	61.010663153021596	26.382336	TIMEOUT	60.727738632	61.01409286900889	26.505216	TIMEOUT	60.769800009	61.00973940396216	26.546176	false(unreach-call)	0.270632706	0.35923482407815754	11.894784
pthread-wmm/safe012_pso.oepc_pso.opt_rmo.opt.yml	false	TIMEOUT	60.889653128	63.62973206699826	26.099712	TIMEOUT	61.000518276	62.39267828897573	26.165248	TIMEOUT	60.916264392	61.00860012497287	26.292224	TIMEOUT	60.48690897	61.01040305499919	26.365952	false(unreach-call)	0.267002004	0.39088164002168924	11.628544
pthread-wmm/safe012_tso.yml	true	TIMEOUT	61.005772222	62.307772084954195	25.858048	TIMEOUT	60.495431908	61.02726650994737	25.976832	TIMEOUT	60.743924497	61.026638182927854	26.120192	TIMEOUT	60.549373555	61.023694393923506	26.136576	true	0.226437842	0.2522221460239962	11.325440
pthread-wmm/safe013_power.oepc_power.opt_pso.oepc_pso.opt_rmo.oepc_rmo.opt.yml	false	TIMEOUT	61.002213321	62.65783978905529	26.132480	TIMEOUT	60.84582856	61.009683823096566	26.275840	TIMEOUT	60.422115178	61.0065166860586	26.382336	TIMEOUT	60.444155234	61.00550053501502	26.390528	false(unreach-call)	0.260279652	0.2832669470226392	11.816960
pthread-wmm/safe013_tso.yml	true	TIMEOUT	60.985642782	64.37060585001018	25.776128	TIMEOUT	60.111198369	61.03432129905559	25.964544	TIMEOUT	60.79669635	61.0102625109721	26.071040	TIMEOUT	60.658158191	61.0218510980485	26.091520	true	0.232617687	0.4870137090329081	11.317248
pthread-wmm/safe014_pso.oepc_pso.opt_tso.oepc_tso.opt.yml	true	TIMEOUT	60.95090793	62.77496614889242	25.788416	TIMEOUT	60.757271496	61.02960160304792	25.886720	TIMEOUT	60.387488842	61.008550299098715	26.107904	TIMEOUT	60.835696403	61.00857573398389	26.066944	true	0.224289305	0.25950135895982385	11.341824
pthread-wmm/safe014_rmo.opt.yml	false	TIMEOUT	60.097145589	61.00584154005628	26.341376	TIMEOUT	60.774892988	61.00835271703545	26.562560	TIMEOUT	60.893751435	61.009258941048756	26.718208	TIMEOUT	60.967581719	61.00852249097079	26.738688	false(unreach-call)	0.293117579	0.3117170709883794	12.980224
pthread-wmm/safe015_power.opt.yml	false	TIMEOUT	61.002166504	62.663302812958136	26.472448	TIMEOUT	60.557741023	61.01233051996678	26.550272	TIMEOUT	60.929024939	61.008017168031074	26.820608	TIMEOUT	60.967777372	61.00695814401843	26.718208	false(unreach-call)	0.293957809	0.5412483079126105	13.139968
pthread-wmm/safe015_pso.oepc_pso.opt_tso.oepc_tso.opt.yml	true	TIMEOUT	60.934013453	62.43441125797108	25.845760	TIMEOUT	60.984628407	70.87021524703596	25.894912	TIMEOUT	60.463809626	61.01992354192771	26.030080	TIMEOUT	60.880768108	61.02370959799737	26.152960	true	0.230057477	0.3672540030675009	11.317248
pthread-wmm/safe015_rmo.yml	false	TIMEOUT	60.104811693	61.00686849805061	26.337280	TIMEOUT	60.634424118	61.0129816790577	26.468352	TIMEOUT	60.892687013	61.012169374967925	26.677248	TIMEOUT	60.969549176	61.0074396119453	26.726400	false(unreach-call)	0.291812725	0.35085705399978906	12.865536
pthread-wmm/safe016_power.opt.yml	false	TIMEOUT	60.967547239	63.06694906903431	26.464256	TIMEOUT	60.274491507	61.02603798999917	26.644480	TIMEOUT	60.863967392	61.00761105399579	26.779648	TIMEOUT	60.898246099	61.007976964931004	26.726400	false(unreach-call)	0.303531078	0.3769439799943939	14.299136
pthread-wmm/safe016_pso.oepc_pso.opt_tso.oepc_tso.opt.yml	true	TIMEOUT	60.885449779	63.61718334699981	25.821184	TIMEOUT	60.647261111	61.03029882302508	25.944064	TIMEOUT	60.676542414	61.00981129601132	26.046464	TIMEOUT	60.88404793	63.59997182106599	26.095616	true	0.236714168	0.3340637239161879	11.259904
pthread-wmm/safe016_rmo.opt.yml	false	TIMEOUT	60.955790592	62.36027042695787	26.353664	TIMEOUT	60.621462091	61.00730770791415	26.525696	TIMEOUT	60.942785388	61.01123804401141	26.681344	TIMEOUT	60.949190339	61.00715612608474	26.652672	false(unreach-call)	0.310471622	0.34388958604540676	14.262272
pthread-wmm/safe017_tso.yml	true	true	25.243881817	26.670289564994164	25.747456	true	50.866972109	55.392582145985216	25.927680	TIMEOUT	60.494763122	61.01738749304786	26.050560	TIMEOUT	60.928436677	62.781409253017046	26.095616	true	0.227368834	0.2761737919645384	11.345920
pthread-wmm/safe018_power.opt.yml	false	false(unreach-call)	50.462149272	51.656049548997544	26.304512	TIMEOUT	60.706639751	61.02861786598805	26.533888	TIMEOUT	60.939460129	61.01125761005096	26.669056	TIMEOUT	60.969680048	61.00561315706	26.599424	false(unreach-call)	0.280690027	0.29059698595665395	12.681216
pthread-wmm/safe018_pso.oepc_pso.opt_tso.oepc_tso.opt.yml	true	true	27.432991752	29.694443724001758	25.821184	true	55.163067029	55.96875382307917	25.882624	TIMEOUT	60.833468098	61.014676365070045	26.095616	TIMEOUT	60.607107243	61.02076312399004	26.181632	true	0.223049687	0.23983829200733453	11.243520
pthread-wmm/safe018_rmo.opt.yml	false	TIMEOUT	60.939342581	63.145413082093	26.271744	TIMEOUT	60.966813734	62.17583866196219	26.386432	TIMEOUT	60.718724909	61.023833024082705	26.501120	TIMEOUT	60.89949907	61.00569540297147	26.603520	false(unreach-call)	0.274520291	0.30131926806643605	12.025856
pthread-wmm/safe019_power.opt.yml	false	TIMEOUT	60.872272537	63.85585065709893	26.419200	TIMEOUT	60.650386422	61.01076764205936	26.542080	TIMEOUT	60.964127685	61.00898072507698	26.710016	TIMEOUT	60.950604266	61.008041751920246	26.689536	false(unreach-call)	0.31640795	0.3477569839451462	14.446592
pthread-wmm/safe019_pso.oepc_pso.opt_tso.oepc_tso.opt.yml	true	TIMEOUT	61.001415252	63.262407116941176	25.870336	TIMEOUT	60.730142597	61.00817041506525	25.911296	TIMEOUT	60.872449685	61.012216043891385	26.107904	TIMEOUT	60.529435732	61.008071526070125	26.148864	true	0.235385768	0.24752487300429493	11.436032
pthread-wmm/safe019_rmo.opt.yml	false	TIMEOUT	60.996381858	62.184441462974064	26.353664	TIMEOUT	60.13084175	61.031342935049906	26.460160	TIMEOUT	60.136158755	61.012063806992956	26.656768	TIMEOUT	60.956269553	61.0080093650613	26.624000	false(unreach-call)	0.294391297	0.3230358950095251	13.631488
pthread-wmm/safe020_power.yml	false	TIMEOUT	61.004598702	62.278226819005795	26.361856	TIMEOUT	60.998150774	62.037245028070174	26.476544	TIMEOUT	60.195386371	61.00964609300718	26.652672	TIMEOUT	60.917636515	61.00727621593978	26.664960	false(unreach-call)	0.288550294	0.3397780910599977	12.623872
pthread-wmm/safe020_pso.oepc_pso.opt_tso.oepc_tso.opt.yml	true	TIMEOUT	60.947687597	64.89858374197502	25.866240	TIMEOUT	60.775241979	61.01598258095328	25.886720	TIMEOUT	60.82317055	61.023108464083634	26.066944	TIMEOUT	60.926183078	63.36091861501336	26.095616	true	0.223638998	0.2753009059233591	11.403264
pthread-wmm/safe020_rmo.yml	false	TIMEOUT	60.929545513	63.20392662100494	26.296320	TIMEOUT	60.616669745	61.008562352042645	26.345472	TIMEOUT	60.939105709	63.115709517966025	26.505216	TIMEOUT	60.860710517	61.02928376989439	26.546176	false(unreach-call)	0.280455593	0.3437735080951825	11.902976
pthread-wmm/safe021_power.oepc_pso.oepc_rmo.oepc_rmo.opt.yml	false	false(unreach-call)	5.956712417	6.274795995908789	26.173440	false(unreach-call)	11.627661354	11.793423712952062	26.210304	false(unreach-call)	16.358303836	16.77740184403956	26.439680	TIMEOUT	60.84116651	61.00853545602877	26.447872	false(unreach-call)	0.274411147	0.3795219419989735	11.825152
pthread-wmm/safe021_power.opt_pso.opt.yml	false	TIMEOUT	61.002781368	62.760673693032004	26.128384	TIMEOUT	60.99231088	62.51010982110165	26.198016	TIMEOUT	60.844898155	61.00976040796377	26.447872	TIMEOUT	60.97272566	62.665788445970975	26.492928	false(unreach-call)	0.266598889	0.303994943969883	11.755520
pthread-wmm/safe021_tso.yml	true	TIMEOUT	60.861412266	64.8476308529498	25.866240	TIMEOUT	61.004910385	62.501492950017564	25.882624	TIMEOUT	60.820568519	61.01897750305943	26.087424	TIMEOUT	60.728935875	61.00888126308564	26.116096	true	0.227617226	0.242002732004039	11.374592
pthread-wmm/safe023_power.oepc_power.opt_pso.oepc_pso.opt_rmo.oepc_rmo.opt.yml	false	TIMEOUT	60.11103144	61.01361435104627	26.501120	TIMEOUT	60.617848903	61.011708526988514	26.550272	TIMEOUT	60.916293225	61.00779761897866	26.689536	TIMEOUT	60.920973488	61.00576242909301	26.701824	false(unreach-call)	0.362393986	0.3896639309823513	15.052800
pthread-wmm/safe023_tso.yml	true	TIMEOUT	60.957354984	63.52989165298641	25.796608	TIMEOUT	60.676883264	61.0168731570011	25.845760	TIMEOUT	60.735402409	61.02923829900101	26.005504	TIMEOUT	60.876228553	61.009490380994976	26.144768	true	0.228695265	0.2587650459026918	11.370496
pthread-wmm/safe024_power.oepc_power.opt_pso.oepc_pso.opt_rmo.oepc_rmo.opt.yml	false	TIMEOUT	60.845910068	63.43922024895437	26.042368	TIMEOUT	60.790982538	61.00787995499559	26.157056	TIMEOUT	60.165684724	61.00991158594843	26.312704	TIMEOUT	60.890163776	63.603999975021	26.402816	false(unreach-call)	0.260376284	0.3012866979697719	11.718656
pthread-wmm/safe024_tso.yml	true	TIMEOUT	60.902272985	63.46567854098976	25.767936	TIMEOUT	60.401992444	61.02552420494612	25.919488	TIMEOUT	60.757814299	61.01348946499638	26.144768	TIMEOUT	60.936256273	62.89134329801891	26.112000	true	0.228567392	0.27378406294155866	11.370496
pthread-wmm/safe025_pso.oepc_pso.opt_tso.oepc_tso.opt.yml	true	TIMEOUT	60.957670005	62.213414676021785	25.804800	TIMEOUT	60.998171771	69.01436736504547	25.931776	TIMEOUT	60.861262174	61.01146212499589	26.042368	TIMEOUT	60.498211123	61.007061064010486	26.071040	true	0.228532439	0.3514162639621645	11.378688
pthread-wmm/safe025_rmo.yml	false	TIMEOUT	60.921203759	63.32297613006085	26.365952	TIMEOUT	60.962487242	62.86970890802331	26.574848	TIMEOUT	60.834456655	61.011691124993376	26.664960	TIMEOUT	60.947149266	61.005855628987774	26.689536	false(unreach-call)	0.285490986	0.29930966708343476	12.931072
pthread-wmm/safe026_power.oepc_power.opt_pso.oepc_pso.opt_rmo.oepc_rmo.opt.yml	false	false(unreach-call)	2.215804296	3.00568999000825	26.058752	false(unreach-call)	4.204365691	4.255617327056825	26.267648	false(unreach-call)	5.959659849	5.974610107950866	26.398720	TIMEOUT	60.516263883	61.009547516005114	26.451968	false(unreach-call)	0.269122271	0.28717600007075816	11.751424
pthread-wmm/safe026_tso.yml	true	true	25.607361169	27.2970715330448	25.812992	true	51.603267856	57.17662109201774	25.952256	TIMEOUT	60.693364029	67.82835766999051	25.985024	TIMEOUT	60.148040207	61.0127637879923	26.042368	true	0.230336549	0.2886643069796264	11.300864
pthread-wmm/safe027_power.opt.yml	false	TIMEOUT	60.959301912	62.957733700983226	26.484736	TIMEOUT	60.627652488	61.00751507491805	26.488832	TIMEOUT	60.960813452	61.008270548074506	26.714112	TIMEOUT	60.967328854	61.005612491979264	26.710016	false(unreach-call)	0.305166857	0.3227048140252009	14.450688
pthread-wmm/safe027_pso.oepc_pso.opt_tso.oepc_tso.opt.yml	true	TIMEOUT	60.990604243	63.196288009989075	25.776128	TIMEOUT	60.595102814	61.00995074107777	25.964544	TIMEOUT	60.802531746	61.008439501049	26.050560	TIMEOUT	60.81887578	61.01057349401526	26.148864	true	0.235842866	0.2493490360211581	11.436032
pthread-wmm/safe028_power.yml	false	TIMEOUT	60.953128672	62.74692080495879	26.435584	TIMEOUT	60.572888488	61.01065579999704	26.439680	TIMEOUT	60.888895316	61.00876686500851	26.640384	TIMEOUT	60.972356779	61.00816503295209	26.603520	false(unreach-call)	0.282003828	0.36696002003736794	12.718080
pthread-wmm/safe028_pso.oepc_pso.opt_tso.oepc_tso.opt.yml	true	TIMEOUT	60.97226279	62.051251263939776	25.862144	TIMEOUT	60.974688234	62.27851901599206	25.890816	TIMEOUT	60.676340135	61.01999847497791	26.046464	TIMEOUT	60.443333596	61.00903281092178	26.148864	true	0.227826622	0.3085547430673614	11.460608
pthread-wmm/safe028_rmo.yml	false	TIMEOUT	60.159316902	61.017430471023545	26.312704	TIMEOUT	60.176047995	61.009023677092046	26.382336	TIMEOUT	60.945355622	61.01006479898933	26.558464	TIMEOUT	60.851060513	61.00845504901372	26.501120	false(unreach-call)	0.274591928	0.3510779960779473	12.021760
pthread-wmm/safe030_power.oepc_pso.oepc_rmo.oepc.yml	false	false(unreach-call)	4.741717972	4.960660813958384	26.152960	false(unreach-call)	9.136756149	9.239191479049623	26.198016	false(unreach-call)	12.483595687	12.554073157021776	26.484736	TIMEOUT	60.547926874	61.015197045053355	26.472448	false(unreach-call)	0.273414197	0.3481287440517917	11.739136
pthread-wmm/safe030_power.opt_pso.opt_rmo.opt.yml	false	TIMEOUT	61.002968822	63.85523620899767	26.112000	TIMEOUT	61.000252527	62.026110560051166	26.206208	TIMEOUT	60.617418242	61.008458735072054	26.345472	TIMEOUT	60.823185611	61.008339970954694	26.337280	false(unreach-call)	0.257114653	0.3026086069876328	11.718656
pthread-wmm/safe030_tso.yml	true	TIMEOUT	61.002520454	64.65449135703966	25.825280	TIMEOUT	61.005376635	62.029053002013825	25.923584	TIMEOUT	60.37019853	61.024078287999146	26.071040	TIMEOUT	60.370930365	61.02542991901282	26.095616	true	0.236105129	0.38109863095451146	11.186176
pthread-wmm/safe031_power.oepc_pso.oepc_rmo.oepc.yml	false	TIMEOUT	60.686435107	66.9115914979484	26.161152	TIMEOUT	60.460233832	61.007476389058866	26.193920	TIMEOUT	60.843647843	61.00789886992425	26.308608	TIMEOUT	60.831322543	61.01088569895364	26.365952	false(unreach-call)	0.267616169	0.2978766580345109	11.784192
pthread-wmm/safe031_power.opt_pso.opt_rmo.opt.yml	false	TIMEOUT	60.842187972	63.0166942239739	26.132480	TIMEOUT	60.415109029	61.00573820702266	26.173440	TIMEOUT	60.843455567	61.005873824935406	26.415104	TIMEOUT	60.998817236	63.42924512992613	26.365952	false(unreach-call)	0.260326505	0.330321001005359	11.689984
pthread-wmm/safe031_tso.yml	true	TIMEOUT	60.827124257	65.35524523002096	25.845760	TIMEOUT	61.002080034	62.054688512929715	25.927680	TIMEOUT	60.762878967	61.01330198603682	26.087424	TIMEOUT	60.93785317	63.041771658929065	26.087424	true	0.226615637	0.25962072401307523	11.317248
pthread-wmm/safe032_power.oepc_power.opt_pso.oepc_pso.opt_rmo.oepc_rmo.opt.yml	false	TIMEOUT	60.898272495	62.52737553301267	26.460160	TIMEOUT	60.594376579	61.00855785794556	26.492928	TIMEOUT	60.918401088	61.005976301967166	26.730496	TIMEOUT	60.950183446	61.007563454099	26.677248	false(unreach-call)	0.306748509	0.44057809899095446	13.946880
pthread-wmm/safe032_tso.yml	true	TIMEOUT	60.890394978	63.458342988975346	25.800704	TIMEOUT	60.994605271	62.151079209987074	25.931776	TIMEOUT	60.855947413	61.01001070800703	26.099712	TIMEOUT	60.910104065	61.005561005091295	26.157056	true	0.230507155	0.29538019897881895	11.390976
pthread-wmm/safe034_power.oepc_power.opt_pso.oepc_pso.opt_rmo.oepc_rmo.opt.yml	false	TIMEOUT	61.000303683	62.92133164498955	26.075136	TIMEOUT	60.985479378	65.29483718797565	26.136576	TIMEOUT	60.74803667	61.00926206901204	26.288128	TIMEOUT	60.846802766	61.010591458994895	26.402816	false(unreach-call)	0.265861719	0.3274211200186983	11.812864
pthread-wmm/safe034_tso.yml	true	TIMEOUT	60.894669723	63.27299230301287	25.878528	TIMEOUT	61.00236264	62.06239515997004	25.886720	TIMEOUT	60.869685733	61.01087355893105	26.021888	TIMEOUT	60.715192983	61.00817897799425	26.099712	true	0.223968722	0.2400716410484165	11.358208
pthread-wmm/safe035_power.yml	true	TIMEOUT	61.002945807	62.07535184896551	26.603520	TIMEOUT	60.844962472	61.00799677497707	26.685440	TIMEOUT	60.947675982	61.0064768519951	26.853376	TIMEOUT	60.856714581	61.009162251022644	26.873856	true	0.559595122	0.8189806509763002	18.096128
pthread-wmm/safe035_pso.oepc_pso.opt_rmo.oepc_rmo.opt_tso.oepc_tso.opt.yml	true	TIMEOUT	60.169740575	61.00967205595225	25.833472	TIMEOUT	60.358862121	61.02412656904198	25.952256	TIMEOUT	60.743218608	61.00964492303319	26.062848	TIMEOUT	60.682530057	61.01030234899372	26.136576	true	0.216662364	0.2795316220726818	11.325440
pthread-wmm/safe037.yml	true	TIMEOUT	60.91984712	62.35681170306634	25.837568	TIMEOUT	60.037103988	61.027710351976566	25.903104	TIMEOUT	60.882381674	61.012195494025946	26.116096	TIMEOUT	60.754514667	61.00840182299726	26.050560	true	0.223180556	0.32138909201603383	11.337728
pthread-wmm/thin002_power.opt.yml	false	TIMEOUT	60.983379546	63.539071076898836	26.353664	TIMEOUT	60.525028565	61.024857338983566	26.394624	TIMEOUT	60.958561677	61.009310894995	26.513408	TIMEOUT	60.915958262	61.00854366901331	26.525696	false(unreach-call)	0.289367861	0.44693262595683336	12.931072
pthread-wmm/thin002_pso.oepc_pso.opt_tso.oepc_tso.opt.yml	true	TIMEOUT	60.010166774	61.008696423028596	25.821184	TIMEOUT	60.678420406	61.00760830496438	25.890816	TIMEOUT	60.999434388	62.060955504886806	26.099712	TIMEOUT	61.004798766	62.04666828701738	26.124288	true	0.23803073	0.3738819999853149	11.354112
pthread/fib_safe-10.yml	true	TIMEOUT	60.582379395	65.56512619100977	25.743360	TIMEOUT	60.982155152	73.91029886703473	25.956352	TIMEOUT	60.784613079	71.28946497594006	26.075136	TIMEOUT	60.972265112	74.79586644703522	26.107904	true	18.77768647	20.591920398990624	98.041856
pthread/fib_safe-11.yml	true	TIMEOUT	60.931364666	65.33218645700254	25.821184	TIMEOUT	60.783442118	65.75739724596497	25.825280	TIMEOUT	60.492483438	74.61250626202673	26.124288	TIMEOUT	60.980528163	66.5453764119884	26.009600	true	54.802629358	56.58718068199232	133.341184
pthread/fib_safe-5.yml	true	true	1.713455373	1.8079722699476406	25.788416	true	3.59918237	3.8113704109564424	25.829376	true	6.873902223	7.374116054968908	25.985024	TIMEOUT	60.828773093	67.7081580319209	26.083328	true	0.689615785	1.0004649490583688	26.718208
pthread/fib_safe-6.yml	true	true	8.159492157	8.95631275093183	25.718784	true	18.501466969	19.54311827593483	25.919488	true	36.921377311	42.390689822961576	26.058752	TIMEOUT	60.944588483	62.837390483007766	26.087424	true	1.741702701	1.8041404249379411	34.971648
pthread/fib_safe-7.yml	true	true	38.848888814	41.11031289899256	25.800704	TIMEOUT	60.489857387	76.39780363906175	25.825280	TIMEOUT	60.213518407	68.36445489502512	26.054656	TIMEOUT	60.884019774	63.83281953702681	26.087424	true	4.194805295	4.462778437999077	46.845952
pthread/fib_unsafe-10.yml	false	TIMEOUT	60.412527741	65.18340451491531	25.759744	TIMEOUT	60.964474815	71.66589819197543	25.882624	TIMEOUT	60.640870565	70.23654526507016	25.997312	TIMEOUT	60.955398249	71.31900010199752	26.066944	false(unreach-call)	12.397032199	13.236278560012579	90.669056
pthread/fib_unsafe-11.yml	false	TIMEOUT	60.990110928	65.48185399710201	25.710592	TIMEOUT	60.40037795	71.15967550093774	25.821184	TIMEOUT	60.240366404	71.23726439999882	26.083328	TIMEOUT	60.775364258	71.23055608104914	26.025984	false(unreach-call)	27.183621221	28.28397224692162	116.920320
pthread/fib_unsafe-12.yml	false	TIMEOUT	60.876522935	63.68692799191922	25.837568	TIMEOUT	60.260554131	74.28195321490057	25.915392	TIMEOUT	60.912347536	64.19682443398051	25.972736	TIMEOUT	60.928972828	63.21074235602282	26.087424	false(unreach-call)	51.664750709	56.42644100997131	155.127808
pthread/fib_unsafe-6.yml	false	false(unreach-call)	2.125067635	2.2754310918971896	25.812992	false(unreach-call)	5.041358579	5.92826411803253	25.829376	false(unreach-call)	10.318335753	13.170407493016683	26.013696	TIMEOUT	60.876857797	67.62163735297509	26.087424	false(unreach-call)	1.031910793	1.1075385439908132	32.616448
pthread/fib_unsafe-7.yml	false	false(unreach-call)	10.592592967	11.331630944041535	25.726976	false(unreach-call)	25.70232041	26.330148553010076	25.853952	false(unreach-call)	54.677852182	57.91686353308614	26.062848	TIMEOUT	60.697933925	69.62852667202242	26.091520	false(unreach-call)	1.814204759	1.9754931409843266	39.702528
pthread/queue_longer.yml	false	false(unreach-call)	7.859371106	7.9486836100695655	1041.465344	TIMEOUT	60.624423642	61.082235979964025	950.095872	TIMEOUT	60.990697271	61.04248010192532	540.278784	TIMEOUT	60.980456913	61.01137851900421	81.223680	ERROR	0.140494137	0.16410792502574623	12.574720
pthread/queue_longest.yml	false	OUT OF MEMORY	40.464336544	41.28634677303489	3999.997952	TIMEOUT	60.948860941	61.04609221697319	570.503168	TIMEOUT	61.003385452	61.031825971091166	326.631424	TIMEOUT	60.904281601	61.015589539078064	97.988608	ERROR	0.145258384	0.17153334501199424	12.644352
pthread/queue_ok_longer.yml	true	true	0.118390681	0.12929814495146275	25.866240	true	0.468782751	0.576902306987904	79.384576	true	1.135566969	1.1411391899455339	55.533568	true	4.310108831	4.323172146920115	116.969472	ERROR	0.139460263	0.1636691939784214	12.525568
pthread/queue_ok_longest.yml	true	true	0.190141188	0.2540728138992563	25.952256	true	1.652197601	1.665567977936007	276.946944	true	5.03745286	5.044589809025638	240.902144	true	21.951351174	21.964863260043785	472.473600	ERROR	0.138390916	0.15031991491559893	12.521472
pthread/stack-2.yml	false	true	0.072709649	0.11326420004479587	25.870336	true	0.070244943	0.0730782380560413	25.960448	true	0.062081666	0.06465823296457529	26.157056	true	0.060931517	0.06608398188836873	26.132480	false(unreach-call)	1.109744365	1.3619914690498263	45.723648
pthread/stack_longer-1.yml	false	true	2.58548656	2.951603676076047	580.816896	true	14.118244227	16.48175001400523	695.930880	true	25.138470073	25.154799110023305	645.840896	TIMEOUT	61.023088635	61.05342709599063	734.867456	ERROR	0.145056287	0.2115413270657882	12.455936
pthread/stack_longer-2.yml	true	true	2.615636196	2.883276203996502	580.927488	true	14.156491929	14.350900065037422	687.153152	true	25.099105385	25.116644026944414	644.747264	TIMEOUT	60.967206885	61.05573357793037	731.041792	ERROR	0.136386944	0.18030961602926254	12.476416
pthread/stack_longest-1.yml	false	true	16.427949694	17.159271838027053	3700.989952	TIMEOUT	60.989128839	61.20662243105471	2885.345280	TIMEOUT	61.084099117	61.1180113570299	1592.836096	TIMEOUT	61.030513166	61.07395893603098	897.581056	ERROR	0.136504763	0.15713230590336025	12.472320
pthread/stack_longest-2.yml	true	true	16.515480698	17.461032007005997	3700.711424	TIMEOUT	60.924917286	61.20082134602126	2878.283776	TIMEOUT	61.063523978	61.112565927091055	1602.232320	TIMEOUT	61.035230548	61.0681955650216	901.603328	ERROR	0.134529371	0.15629890095442533	12.541952
pthread/sync01.yml	true	ERROR (compilation)	0.065541102	0.08601222396828234	25.370624	ERROR (compilation)	0.057352807	0.06473296694457531	25.518080	ERROR (compilation)	0.052234557	0.05784320994280279	25.702400	ERROR (compilation)	0.050778181	0.05684580106753856	25.653248	true	5.214339654	5.36264728999231	33.431552
pthread/triangular-1.yml	true	true	3.163495127	3.2488197790225968	25.767936	true	6.389746063	6.453404141939245	25.939968	true	8.502833195	9.565572564024478	26.124288	TIMEOUT	60.769622348	74.15653169504367	26.050560	true	0.353057859	0.4156046810094267	11.141120
pthread/triangular-longer-1.yml	true	TIMEOUT	60.866393044	63.780400787014514	25.812992	TIMEOUT	60.223891248	67.1328402160434	25.948160	TIMEOUT	60.931517396	68.58431397599634	26.066944	TIMEOUT	60.402233263	70.45020607102197	26.120192	true	14.514730215	15.185423578019254	39.591936
pthread/triangular-longer-2.yml	false	TIMEOUT	60.833246414	64.1439154909458	25.829376	TIMEOUT	60.955623757	64.37700982706156	25.886720	TIMEOUT	60.945087407	63.39319831691682	26.087424	TIMEOUT	60.98888775	74.2603764149826	26.152960	false(unreach-call)	6.160213969	6.793845842010342	31.637504
weaver/chl-word-subst.wvr.yml	true	OUT OF MEMORY	14.834094553	15.480012370971963	3999.997952	OUT OF MEMORY	15.206183879	15.68575578299351	3999.997952	OUT OF MEMORY	15.336196992	17.580205622012727	3999.997952	OUT OF MEMORY	14.955396437	17.213675851933658	3999.997952	true	5.99504419	6.640818545012735	83.103744
weaver/chl-word-symm.wvr.yml	true	OUT OF MEMORY	14.971419385	15.594185473048128	3999.997952	OUT OF MEMORY	15.033887134	16.25595116603654	3999.997952	OUT OF MEMORY	15.056386368	16.22631697799079	3999.997952	OUT OF MEMORY	14.973419654	29.53770349593833	3999.997952	true	5.536251575	5.846781498985365	84.631552
weaver/chl-word-trans.wvr.yml	true	OUT OF MEMORY	15.036398724	15.73320557596162	3999.997952	OUT OF MEMORY	14.998311488	15.394676835974678	3999.997952	OUT OF MEMORY	15.235328245	16.034587432979606	3999.997952	OUT OF MEMORY	14.991203544	15.704938995069824	3999.997952	true	6.228301403	6.363446243922226	89.808896
weaver/loop-tiling-eq.wvr.yml	true	true	0.068109198	0.12223927001468837	25.370624	true	0.065956718	0.11373089603148401	25.501696	true	0.063695692	0.09571189095731825	25.604096	true	0.063887157	0.08587242802605033	25.600000	unknown	4.861080578	5.526884782011621	81.178624
weaver/mult-comm.wvr.yml	true	OUT OF MEMORY	11.266483872	11.50583282590378	3999.997952	OUT OF MEMORY	11.055864485	11.103169949958101	3999.997952	OUT OF MEMORY	11.123843805	11.416040585958399	3999.997952	OUT OF MEMORY	12.41235451	15.164237341028638	3999.997952	true	5.020537019	5.23671253293287	78.913536
weaver/mult-dist.wvr.yml	true	OUT OF MEMORY	11.282492467	11.48839231103193	3999.997952	OUT OF MEMORY	11.077855229	11.86915832106024	3999.997952	OUT OF MEMORY	11.186276191	13.879252840997651	3999.997952	OUT OF MEMORY	11.283040194	11.747929670964368	3999.997952	true	5.22551995	5.3455346850678325	75.698176
weaver/mult-flipped-dist.wvr.yml	true	OUT OF MEMORY	11.29471866	11.510563614079729	3999.997952	OUT OF MEMORY	11.333846065	12.067400604952127	3999.997952	OUT OF MEMORY	10.866024273	11.326080549042672	3999.997952	OUT OF MEMORY	11.105098447	13.397782788029872	3999.997952	true	5.194090155	5.482255605980754	76.996608
weaver/parallel-barrier-loop.wvr.yml	false	true	0.069343524	0.13201296492479742	25.468928	true	0.061627806	0.12134444003459066	25.473024	true	0.063049975	0.1242519470397383	25.718784	true	0.065096841	0.09251301491167396	25.690112	false(unreach-call)	5.102756129	5.501726682996377	53.440512
weaver/parallel-min-max-1.wvr.yml	true	OUT OF MEMORY	15.940453944	16.351283948053606	3999.997952	OUT OF MEMORY	15.637045995	16.975418782094494	3999.997952	OUT OF MEMORY	15.522837983	20.212958761956543	3999.997952	OUT OF MEMORY	15.677779227	18.37112420296762	3999.997952	true	4.95036458	5.571284570032731	75.718656
weaver/parallel-ticket-7.wvr.yml	true	true	0.070451126	0.07248665601946414	25.427968	true	0.061379833	0.10468763310927898	25.530368	true	0.058853915	0.1363372131017968	25.681920	true	0.065931007	0.08863571693655103	25.686016	TIMEOUT	60.702627243	68.00716338399798	78.385152
weaver/parallel-ticket-8.wvr.yml	true	true	0.067138104	0.08688086806796491	25.460736	true	0.061870619	0.0888647809624672	25.505792	true	0.066363425	0.117578104021959	25.694208	true	0.065142839	0.09360281203407794	25.718784	TIMEOUT	60.942805627	64.40524455707055	73.285632
weaver/popl20-bad-buffer-mult-alt.wvr.yml	true	OUT OF MEMORY	15.034985485	15.70760684099514	3999.997952	OUT OF MEMORY	15.638093708	17.703506445046514	3999.997952	OUT OF MEMORY	15.798908266	18.51871587499045	3999.997952	OUT OF MEMORY	15.203090771	16.24480848305393	3999.997952	true	6.352187312	6.952614108915441	82.194432
weaver/popl20-bad-buffer-mult-alt2.wvr.yml	true	OUT OF MEMORY	15.029377506	15.980141584994271	3999.997952	OUT OF MEMORY	15.401348119	15.949630573042668	3999.997952	OUT OF MEMORY	15.383141938	16.963745724060573	3999.997952	OUT OF MEMORY	14.961034641	15.43507229408715	3999.997952	true	7.830259367	8.084411724004894	85.409792
weaver/popl20-bad-buffer-mult-alt3.wvr.yml	false	OUT OF MEMORY	15.010852798	15.897341485018842	3999.997952	OUT OF MEMORY	15.590729114	18.427806047024205	3999.997952	OUT OF MEMORY	15.688116625	16.199841615045443	3999.997952	OUT OF MEMORY	15.287977446	17.270244220038876	3999.997952	false(unreach-call)	6.197888822	6.7611368879443035	82.698240
weaver/popl20-bad-counter-queue.wvr.yml	false	true	0.068719045	0.08545339095871896	25.358336	true	0.064509924	0.09836545295547694	25.432064	true	0.062701885	0.09977490501478314	25.640960	true	0.061294525	0.11288837005849928	25.661440	false(unreach-call)	5.127519952	5.32798382290639	77.647872
weaver/popl20-bad-threaded-sum-2.wvr.yml	true	TIMEOUT	60.900901355	63.311741183977574	83.968000	TIMEOUT	60.701873574	63.347303447080776	94.097408	TIMEOUT	60.760530149	73.74557454301976	96.612352	OUT OF MEMORY	37.84695681	44.15874727303162	3999.997952	true	4.995487833	5.257591067929752	65.019904
weaver/popl20-figure3.wvr.yml	true	TIMEOUT	60.412204803	65.50352844898589	109.109248	TIMEOUT	61.002449875	63.55408263998106	111.833088	TIMEOUT	60.462972432	66.84217728301883	110.837760	TIMEOUT	60.507815937	65.80377290595789	72.032256	true	5.135998325	5.353865331038833	79.343616
weaver/popl20-horseshoe.wvr.yml	true	OUT OF MEMORY	14.836790839	15.625590943964198	3999.997952	OUT OF MEMORY	15.063411673	17.50775472901296	3999.997952	OUT OF MEMORY	15.276143323	15.987308032927103	3999.997952	OUT OF MEMORY	15.241357201	16.27100305899512	3999.997952	true	5.363681415	5.802130443044007	87.506944
weaver/popl20-min-max-inc-dec.wvr.yml	true	true	0.067792288	0.0733410200336948	25.436160	true	0.061953793	0.11190775502473116	25.464832	true	0.062345184	0.0751001340104267	25.645056	true	0.06341771	0.09617468505166471	25.690112	TIMEOUT	60.996065261	62.644208971993066	83.795968
weaver/popl20-more-array-sum-alt.wvr.yml	false	true	0.066811631	0.1445396289927885	25.362432	true	0.066468745	0.13290209602564573	25.481216	true	0.063875325	0.10757675394415855	25.604096	true	0.06237031	0.09989828895777464	25.653248	false(unreach-call)	5.391158379	5.515692355926149	79.695872
weaver/popl20-more-array-sum.wvr.yml	false	true	0.06961285	0.12189427297562361	25.300992	true	0.068112252	0.14065587904769927	25.460736	true	0.064213677	0.09753084508702159	25.657344	true	0.063291616	0.10279391799122095	25.649152	false(unreach-call)	6.074908561	6.1250001969747245	82.284544
weaver/popl20-more-buffer-mult.wvr.yml	true	OUT OF MEMORY	15.066760366	16.134432435035706	3999.997952	OUT OF MEMORY	15.552202773	17.858665158972144	3999.997952	OUT OF MEMORY	15.822193265	16.74137691501528	3999.997952	OUT OF MEMORY	15.274766738	15.862662933999673	3999.997952	true	10.073359558	10.421571591985412	85.950464
weaver/popl20-more-buffer-mult2.wvr.yml	true	OUT OF MEMORY	15.561368536	16.484488844987936	3999.997952	OUT OF MEMORY	15.539709952	16.21765534800943	3999.997952	OUT OF MEMORY	15.624734117	18.635603072005324	3999.997952	OUT OF MEMORY	15.376290539	16.447185986093245	3999.997952	true	11.232510344	12.130477427039295	79.876096
weaver/popl20-more-buffer-mult3.wvr.yml	false	OUT OF MEMORY	14.984608571	16.286625895067118	3999.997952	OUT OF MEMORY	15.702586884	17.022953671053983	3999.997952	OUT OF MEMORY	16.038536837	16.957731766044162	3999.997952	OUT OF MEMORY	15.1801773	17.15927704994101	3999.997952	false(unreach-call)	6.25719298	6.472491418942809	88.981504
weaver/popl20-more-buffer-series3.wvr.yml	false	true	0.076273902	0.1386621439596638	25.493504	true	0.069684224	0.09579003998078406	25.600000	true	0.066470705	0.07240721397101879	25.686016	true	0.067908285	0.13004254596307874	25.780224	false(unreach-call)	5.968258374	6.409869306953624	85.983232
weaver/popl20-more-multiply-verify.wvr.yml	true	OUT OF MEMORY	15.051141122	16.139916577958502	3999.997952	OUT OF MEMORY	15.082666545	16.496692211017944	3999.997952	OUT OF MEMORY	15.063627522	15.914429702912457	3999.997952	OUT OF MEMORY	14.806949434	15.446465697023086	3999.997952	true	5.344826366	5.668512617005035	86.732800
weaver/popl20-more-nonblocking-counter-alt2.wvr.yml	true	TIMEOUT	60.395197764	66.75366726797074	96.657408	TIMEOUT	60.934261427	64.68187122198287	101.134336	TIMEOUT	60.963232336	69.24220514600165	99.979264	OUT OF MEMORY	35.237631637	37.94282963394653	3999.997952	true	5.287313051	5.324823384056799	70.152192
weaver/popl20-more-queue-add-2-nl.wvr.yml	true	OUT OF MEMORY	14.855304628	15.355922337039374	3999.997952	OUT OF MEMORY	14.973860271	15.3052451540716	3999.997952	OUT OF MEMORY	15.787783557	20.187795553938486	3999.997952	OUT OF MEMORY	14.688128666	15.296197989024222	3999.997952	true	5.370268342	5.5194530569715425	86.941696
weaver/popl20-more-queue-add-3-nl.wvr.yml	true	OUT OF MEMORY	14.891070505	15.538799496018328	3999.997952	OUT OF MEMORY	15.096358798	16.220787878963165	3999.997952	OUT OF MEMORY	15.487442437	18.127058002981357	3999.997952	OUT OF MEMORY	15.077084401	15.940764204016887	3999.997952	true	5.654550959	6.304203427047469	84.037632
weaver/popl20-mult-4.wvr.yml	true	TIMEOUT	60.84116618	64.03169074095786	96.219136	TIMEOUT	61.008404784	62.383524617995135	104.890368	TIMEOUT	60.961894555	63.73633933602832	107.839488	OUT OF MEMORY	34.082929909	35.75499180005863	3999.997952	TIMEOUT	60.873568616	63.0665931890253	70.311936
weaver/popl20-mult-equiv.wvr.yml	true	TIMEOUT	60.875868614	63.646306492039	94.027776	TIMEOUT	60.275059778	66.59362344897818	99.991552	TIMEOUT	60.951299439	66.09434462396894	114.061312	OUT OF MEMORY	35.021278085	36.42453542398289	3999.997952	true	5.295606241	5.419248154968955	68.767744
weaver/popl20-threaded-sum-3.wvr.yml	true	TIMEOUT	61.009227004	63.29438082897104	90.365952	TIMEOUT	60.996248879	67.33862450392917	108.007424	TIMEOUT	60.516851054	72.7696590180276	111.333376	OUT OF MEMORY	30.348358356	32.599210343905725	3999.997952	true	5.072255241	5.382727309013717	65.187840
weaver/spaghetti.wvr.yml	true	TIMEOUT	60.899774771	63.66065978305414	73.891840	TIMEOUT	60.934553891	88.45896277506836	83.787776	TIMEOUT	60.582072189	67.70911425293889	76.480512	TIMEOUT	60.886940654	66.2482937509194	25.522176	true	5.258112506	5.35066979995463	76.292096
weaver/test-easy1.wvr.yml	true	true	0.066107745	0.0789602529257536	25.206784	true	0.055283105	0.0815016400301829	25.432064	true	0.05860116	0.06830048898700625	25.505792	true	0.059847021	0.08079554501455277	25.493504	ERROR	0.097047833	0.1054198460187763	11.116544
weaver/test-easy11.wvr.yml	true	TIMEOUT	60.901783066	63.442855564062484	25.272320	TIMEOUT	54.41906669	91.0177525349427	25.419776	TIMEOUT	60.818809663	68.6282140170224	25.501696	TIMEOUT	60.884258248	63.64647696900647	25.505792	true	5.102826149	5.399870774010196	92.114944
weaver/test-hard1.wvr.yml	true	true	0.065698374	0.0726385039743036	25.309184	true	0.064224744	0.11471116892062128	25.452544	true	0.061513642	0.08072899200487882	25.575424	true	0.065764507	0.09840396698564291	25.620480	TIMEOUT	60.701733455	63.66631156101357	80.965632
