shape	outcome	mode	workers	status	elapsed_ns	gate	complete	fail_open	loads_reduced	error_sha256	warning_sha256
000000	0000	baseline	1	0	718921500		16	0	0	4351193f13482f1870741e6857258940817ba51914284682e896a3f0d27bc8e8	5eff143c29a6ae2177d8c74126604cd419d1a1cafa403aca38b7aa8d582648a5
000000	0000	rvf	1	0	53922417	enabled	8	0	16	4351193f13482f1870741e6857258940817ba51914284682e896a3f0d27bc8e8	5eff143c29a6ae2177d8c74126604cd419d1a1cafa403aca38b7aa8d582648a5
000000	0001	baseline	1	0	49927708		16	0	0	4351193f13482f1870741e6857258940817ba51914284682e896a3f0d27bc8e8	5eff143c29a6ae2177d8c74126604cd419d1a1cafa403aca38b7aa8d582648a5
000000	0001	rvf	1	0	51162833	enabled	8	0	16	4351193f13482f1870741e6857258940817ba51914284682e896a3f0d27bc8e8	5eff143c29a6ae2177d8c74126604cd419d1a1cafa403aca38b7aa8d582648a5
000000	0002	baseline	1	0	48937166		16	0	0	4351193f13482f1870741e6857258940817ba51914284682e896a3f0d27bc8e8	5eff143c29a6ae2177d8c74126604cd419d1a1cafa403aca38b7aa8d582648a5
000000	0002	rvf	1	0	50081125	enabled	8	0	16	4351193f13482f1870741e6857258940817ba51914284682e896a3f0d27bc8e8	5eff143c29a6ae2177d8c74126604cd419d1a1cafa403aca38b7aa8d582648a5
000000	0010	baseline	1	0	49297584		16	0	0	4351193f13482f1870741e6857258940817ba51914284682e896a3f0d27bc8e8	5eff143c29a6ae2177d8c74126604cd419d1a1cafa403aca38b7aa8d582648a5
000000	0010	rvf	1	0	49919500	enabled	8	0	16	4351193f13482f1870741e6857258940817ba51914284682e896a3f0d27bc8e8	5eff143c29a6ae2177d8c74126604cd419d1a1cafa403aca38b7aa8d582648a5
000000	0011	baseline	1	0	49931916		16	0	0	4351193f13482f1870741e6857258940817ba51914284682e896a3f0d27bc8e8	5eff143c29a6ae2177d8c74126604cd419d1a1cafa403aca38b7aa8d582648a5
000000	0011	rvf	1	0	50165333	enabled	8	0	16	4351193f13482f1870741e6857258940817ba51914284682e896a3f0d27bc8e8	5eff143c29a6ae2177d8c74126604cd419d1a1cafa403aca38b7aa8d582648a5
000000	0012	baseline	1	0	48569250		16	0	0	4351193f13482f1870741e6857258940817ba51914284682e896a3f0d27bc8e8	5eff143c29a6ae2177d8c74126604cd419d1a1cafa403aca38b7aa8d582648a5
000000	0012	rvf	1	0	50143208	enabled	8	0	16	4351193f13482f1870741e6857258940817ba51914284682e896a3f0d27bc8e8	5eff143c29a6ae2177d8c74126604cd419d1a1cafa403aca38b7aa8d582648a5
000000	0020	baseline	1	0	49202083		16	0	0	4351193f13482f1870741e6857258940817ba51914284682e896a3f0d27bc8e8	5eff143c29a6ae2177d8c74126604cd419d1a1cafa403aca38b7aa8d582648a5
000000	0020	rvf	1	0	50812209	enabled	8	0	16	4351193f13482f1870741e6857258940817ba51914284682e896a3f0d27bc8e8	5eff143c29a6ae2177d8c74126604cd419d1a1cafa403aca38b7aa8d582648a5
000000	0021	baseline	1	0	48586166		16	0	0	4351193f13482f1870741e6857258940817ba51914284682e896a3f0d27bc8e8	5eff143c29a6ae2177d8c74126604cd419d1a1cafa403aca38b7aa8d582648a5
000000	0021	rvf	1	0	50210291	enabled	8	0	16	4351193f13482f1870741e6857258940817ba51914284682e896a3f0d27bc8e8	5eff143c29a6ae2177d8c74126604cd419d1a1cafa403aca38b7aa8d582648a5
000000	0022	baseline	1	0	48937166		16	0	0	4351193f13482f1870741e6857258940817ba51914284682e896a3f0d27bc8e8	5eff143c29a6ae2177d8c74126604cd419d1a1cafa403aca38b7aa8d582648a5
000000	0022	rvf	1	0	50347375	enabled	8	0	16	4351193f13482f1870741e6857258940817ba51914284682e896a3f0d27bc8e8	5eff143c29a6ae2177d8c74126604cd419d1a1cafa403aca38b7aa8d582648a5
000000	0100	baseline	1	0	50223750		16	0	0	4351193f13482f1870741e6857258940817ba51914284682e896a3f0d27bc8e8	5eff143c29a6ae2177d8c74126604cd419d1a1cafa403aca38b7aa8d582648a5
000000	0100	rvf	1	0	48632750	enabled	8	0	16	4351193f13482f1870741e6857258940817ba51914284682e896a3f0d27bc8e8	5eff143c29a6ae2177d8c74126604cd419d1a1cafa403aca38b7aa8d582648a5
000000	0101	baseline	1	0	48619958		16	0	0	4351193f13482f1870741e6857258940817ba51914284682e896a3f0d27bc8e8	5eff143c29a6ae2177d8c74126604cd419d1a1cafa403aca38b7aa8d582648a5
000000	0101	rvf	1	0	50337459	enabled	8	0	16	4351193f13482f1870741e6857258940817ba51914284682e896a3f0d27bc8e8	5eff143c29a6ae2177d8c74126604cd419d1a1cafa403aca38b7aa8d582648a5
000000	0102	baseline	1	0	49054542		16	0	0	4351193f13482f1870741e6857258940817ba51914284682e896a3f0d27bc8e8	5eff143c29a6ae2177d8c74126604cd419d1a1cafa403aca38b7aa8d582648a5
000000	0102	rvf	1	0	49931875	enabled	8	0	16	4351193f13482f1870741e6857258940817ba51914284682e896a3f0d27bc8e8	5eff143c29a6ae2177d8c74126604cd419d1a1cafa403aca38b7aa8d582648a5
000000	0110	baseline	1	0	50091167		16	0	0	4351193f13482f1870741e6857258940817ba51914284682e896a3f0d27bc8e8	5eff143c29a6ae2177d8c74126604cd419d1a1cafa403aca38b7aa8d582648a5
000000	0110	rvf	1	0	50116500	enabled	8	0	16	4351193f13482f1870741e6857258940817ba51914284682e896a3f0d27bc8e8	5eff143c29a6ae2177d8c74126604cd419d1a1cafa403aca38b7aa8d582648a5
000000	0111	baseline	1	0	49392125		16	0	0	4351193f13482f1870741e6857258940817ba51914284682e896a3f0d27bc8e8	5eff143c29a6ae2177d8c74126604cd419d1a1cafa403aca38b7aa8d582648a5
000000	0111	rvf	1	0	49604333	enabled	8	0	16	4351193f13482f1870741e6857258940817ba51914284682e896a3f0d27bc8e8	5eff143c29a6ae2177d8c74126604cd419d1a1cafa403aca38b7aa8d582648a5
000000	0112	baseline	1	0	49714167		16	0	0	4351193f13482f1870741e6857258940817ba51914284682e896a3f0d27bc8e8	5eff143c29a6ae2177d8c74126604cd419d1a1cafa403aca38b7aa8d582648a5
000000	0112	rvf	1	0	49891416	enabled	8	0	16	4351193f13482f1870741e6857258940817ba51914284682e896a3f0d27bc8e8	5eff143c29a6ae2177d8c74126604cd419d1a1cafa403aca38b7aa8d582648a5
000000	0120	baseline	1	0	50109875		16	0	0	4351193f13482f1870741e6857258940817ba51914284682e896a3f0d27bc8e8	5eff143c29a6ae2177d8c74126604cd419d1a1cafa403aca38b7aa8d582648a5
000000	0120	rvf	1	0	50533500	enabled	8	0	16	4351193f13482f1870741e6857258940817ba51914284682e896a3f0d27bc8e8	5eff143c29a6ae2177d8c74126604cd419d1a1cafa403aca38b7aa8d582648a5
000000	0121	baseline	1	0	50851334		16	0	0	4351193f13482f1870741e6857258940817ba51914284682e896a3f0d27bc8e8	5eff143c29a6ae2177d8c74126604cd419d1a1cafa403aca38b7aa8d582648a5
000000	0121	rvf	1	0	49634500	enabled	8	0	16	4351193f13482f1870741e6857258940817ba51914284682e896a3f0d27bc8e8	5eff143c29a6ae2177d8c74126604cd419d1a1cafa403aca38b7aa8d582648a5
000000	0122	baseline	1	0	54226291		16	0	0	4351193f13482f1870741e6857258940817ba51914284682e896a3f0d27bc8e8	5eff143c29a6ae2177d8c74126604cd419d1a1cafa403aca38b7aa8d582648a5
000000	0122	rvf	1	0	49324750	enabled	8	0	16	4351193f13482f1870741e6857258940817ba51914284682e896a3f0d27bc8e8	5eff143c29a6ae2177d8c74126604cd419d1a1cafa403aca38b7aa8d582648a5
000000	0200	baseline	1	0	49330375		16	0	0	4351193f13482f1870741e6857258940817ba51914284682e896a3f0d27bc8e8	5eff143c29a6ae2177d8c74126604cd419d1a1cafa403aca38b7aa8d582648a5
000000	0200	rvf	1	0	50214917	enabled	8	0	16	4351193f13482f1870741e6857258940817ba51914284682e896a3f0d27bc8e8	5eff143c29a6ae2177d8c74126604cd419d1a1cafa403aca38b7aa8d582648a5
000000	0201	baseline	1	0	49498500		16	0	0	4351193f13482f1870741e6857258940817ba51914284682e896a3f0d27bc8e8	5eff143c29a6ae2177d8c74126604cd419d1a1cafa403aca38b7aa8d582648a5
000000	0201	rvf	1	0	49958167	enabled	8	0	16	4351193f13482f1870741e6857258940817ba51914284682e896a3f0d27bc8e8	5eff143c29a6ae2177d8c74126604cd419d1a1cafa403aca38b7aa8d582648a5
000000	0202	baseline	1	0	49774584		16	0	0	4351193f13482f1870741e6857258940817ba51914284682e896a3f0d27bc8e8	5eff143c29a6ae2177d8c74126604cd419d1a1cafa403aca38b7aa8d582648a5
000000	0202	rvf	1	0	50636666	enabled	8	0	16	4351193f13482f1870741e6857258940817ba51914284682e896a3f0d27bc8e8	5eff143c29a6ae2177d8c74126604cd419d1a1cafa403aca38b7aa8d582648a5
000000	0210	baseline	1	0	49060709		16	0	0	4351193f13482f1870741e6857258940817ba51914284682e896a3f0d27bc8e8	5eff143c29a6ae2177d8c74126604cd419d1a1cafa403aca38b7aa8d582648a5
000000	0210	rvf	1	0	50193500	enabled	8	0	16	4351193f13482f1870741e6857258940817ba51914284682e896a3f0d27bc8e8	5eff143c29a6ae2177d8c74126604cd419d1a1cafa403aca38b7aa8d582648a5
000000	0211	baseline	1	0	48532375		16	0	0	4351193f13482f1870741e6857258940817ba51914284682e896a3f0d27bc8e8	5eff143c29a6ae2177d8c74126604cd419d1a1cafa403aca38b7aa8d582648a5
000000	0211	rvf	1	0	50371791	enabled	8	0	16	4351193f13482f1870741e6857258940817ba51914284682e896a3f0d27bc8e8	5eff143c29a6ae2177d8c74126604cd419d1a1cafa403aca38b7aa8d582648a5
000000	0212	baseline	1	0	49909958		16	0	0	4351193f13482f1870741e6857258940817ba51914284682e896a3f0d27bc8e8	5eff143c29a6ae2177d8c74126604cd419d1a1cafa403aca38b7aa8d582648a5
000000	0212	rvf	1	0	50904166	enabled	8	0	16	4351193f13482f1870741e6857258940817ba51914284682e896a3f0d27bc8e8	5eff143c29a6ae2177d8c74126604cd419d1a1cafa403aca38b7aa8d582648a5
000000	0220	baseline	1	0	48988375		16	0	0	4351193f13482f1870741e6857258940817ba51914284682e896a3f0d27bc8e8	5eff143c29a6ae2177d8c74126604cd419d1a1cafa403aca38b7aa8d582648a5
000000	0220	rvf	1	0	51070875	enabled	8	0	16	4351193f13482f1870741e6857258940817ba51914284682e896a3f0d27bc8e8	5eff143c29a6ae2177d8c74126604cd419d1a1cafa403aca38b7aa8d582648a5
000000	0221	baseline	1	0	50539958		16	0	0	4351193f13482f1870741e6857258940817ba51914284682e896a3f0d27bc8e8	5eff143c29a6ae2177d8c74126604cd419d1a1cafa403aca38b7aa8d582648a5
000000	0221	rvf	1	0	51750084	enabled	8	0	16	4351193f13482f1870741e6857258940817ba51914284682e896a3f0d27bc8e8	5eff143c29a6ae2177d8c74126604cd419d1a1cafa403aca38b7aa8d582648a5
000000	0222	baseline	1	0	49057958		16	0	0	4351193f13482f1870741e6857258940817ba51914284682e896a3f0d27bc8e8	5eff143c29a6ae2177d8c74126604cd419d1a1cafa403aca38b7aa8d582648a5
000000	0222	rvf	1	0	51069334	enabled	8	0	16	4351193f13482f1870741e6857258940817ba51914284682e896a3f0d27bc8e8	5eff143c29a6ae2177d8c74126604cd419d1a1cafa403aca38b7aa8d582648a5
000000	1000	baseline	1	0	48606833		16	0	0	4351193f13482f1870741e6857258940817ba51914284682e896a3f0d27bc8e8	5eff143c29a6ae2177d8c74126604cd419d1a1cafa403aca38b7aa8d582648a5
000000	1000	rvf	1	0	50271459	enabled	8	0	16	4351193f13482f1870741e6857258940817ba51914284682e896a3f0d27bc8e8	5eff143c29a6ae2177d8c74126604cd419d1a1cafa403aca38b7aa8d582648a5
000000	1001	baseline	1	0	49876709		16	0	0	4351193f13482f1870741e6857258940817ba51914284682e896a3f0d27bc8e8	5eff143c29a6ae2177d8c74126604cd419d1a1cafa403aca38b7aa8d582648a5
000000	1001	rvf	1	0	50930000	enabled	8	0	16	4351193f13482f1870741e6857258940817ba51914284682e896a3f0d27bc8e8	5eff143c29a6ae2177d8c74126604cd419d1a1cafa403aca38b7aa8d582648a5
000000	1002	baseline	1	0	49812833		16	0	0	4351193f13482f1870741e6857258940817ba51914284682e896a3f0d27bc8e8	5eff143c29a6ae2177d8c74126604cd419d1a1cafa403aca38b7aa8d582648a5
000000	1002	rvf	1	0	50590000	enabled	8	0	16	4351193f13482f1870741e6857258940817ba51914284682e896a3f0d27bc8e8	5eff143c29a6ae2177d8c74126604cd419d1a1cafa403aca38b7aa8d582648a5
000000	1010	baseline	1	0	48858708		16	0	0	4351193f13482f1870741e6857258940817ba51914284682e896a3f0d27bc8e8	5eff143c29a6ae2177d8c74126604cd419d1a1cafa403aca38b7aa8d582648a5
000000	1010	rvf	1	0	51695208	enabled	8	0	16	4351193f13482f1870741e6857258940817ba51914284682e896a3f0d27bc8e8	5eff143c29a6ae2177d8c74126604cd419d1a1cafa403aca38b7aa8d582648a5
000000	1011	baseline	1	0	48698125		16	0	0	4351193f13482f1870741e6857258940817ba51914284682e896a3f0d27bc8e8	5eff143c29a6ae2177d8c74126604cd419d1a1cafa403aca38b7aa8d582648a5
000000	1011	rvf	1	0	50242250	enabled	8	0	16	4351193f13482f1870741e6857258940817ba51914284682e896a3f0d27bc8e8	5eff143c29a6ae2177d8c74126604cd419d1a1cafa403aca38b7aa8d582648a5
000000	1012	baseline	1	0	49360791		16	0	0	4351193f13482f1870741e6857258940817ba51914284682e896a3f0d27bc8e8	5eff143c29a6ae2177d8c74126604cd419d1a1cafa403aca38b7aa8d582648a5
000000	1012	rvf	1	0	49683166	enabled	8	0	16	4351193f13482f1870741e6857258940817ba51914284682e896a3f0d27bc8e8	5eff143c29a6ae2177d8c74126604cd419d1a1cafa403aca38b7aa8d582648a5
000000	1020	baseline	1	0	50333166		16	0	0	4351193f13482f1870741e6857258940817ba51914284682e896a3f0d27bc8e8	5eff143c29a6ae2177d8c74126604cd419d1a1cafa403aca38b7aa8d582648a5
000000	1020	rvf	1	0	51111958	enabled	8	0	16	4351193f13482f1870741e6857258940817ba51914284682e896a3f0d27bc8e8	5eff143c29a6ae2177d8c74126604cd419d1a1cafa403aca38b7aa8d582648a5
000000	1021	baseline	1	0	48973208		16	0	0	4351193f13482f1870741e6857258940817ba51914284682e896a3f0d27bc8e8	5eff143c29a6ae2177d8c74126604cd419d1a1cafa403aca38b7aa8d582648a5
000000	1021	rvf	1	0	49571958	enabled	8	0	16	4351193f13482f1870741e6857258940817ba51914284682e896a3f0d27bc8e8	5eff143c29a6ae2177d8c74126604cd419d1a1cafa403aca38b7aa8d582648a5
000000	1022	baseline	1	0	49340041		16	0	0	4351193f13482f1870741e6857258940817ba51914284682e896a3f0d27bc8e8	5eff143c29a6ae2177d8c74126604cd419d1a1cafa403aca38b7aa8d582648a5
000000	1022	rvf	1	0	49898583	enabled	8	0	16	4351193f13482f1870741e6857258940817ba51914284682e896a3f0d27bc8e8	5eff143c29a6ae2177d8c74126604cd419d1a1cafa403aca38b7aa8d582648a5
000000	1100	baseline	1	0	49989500		16	0	0	4351193f13482f1870741e6857258940817ba51914284682e896a3f0d27bc8e8	5eff143c29a6ae2177d8c74126604cd419d1a1cafa403aca38b7aa8d582648a5
000000	1100	rvf	1	0	51390875	enabled	8	0	16	4351193f13482f1870741e6857258940817ba51914284682e896a3f0d27bc8e8	5eff143c29a6ae2177d8c74126604cd419d1a1cafa403aca38b7aa8d582648a5
000000	1101	baseline	1	0	48757000		16	0	0	4351193f13482f1870741e6857258940817ba51914284682e896a3f0d27bc8e8	5eff143c29a6ae2177d8c74126604cd419d1a1cafa403aca38b7aa8d582648a5
000000	1101	rvf	1	0	49998667	enabled	8	0	16	4351193f13482f1870741e6857258940817ba51914284682e896a3f0d27bc8e8	5eff143c29a6ae2177d8c74126604cd419d1a1cafa403aca38b7aa8d582648a5
000000	1102	baseline	1	0	49657125		16	0	0	4351193f13482f1870741e6857258940817ba51914284682e896a3f0d27bc8e8	5eff143c29a6ae2177d8c74126604cd419d1a1cafa403aca38b7aa8d582648a5
000000	1102	rvf	1	0	49408917	enabled	8	0	16	4351193f13482f1870741e6857258940817ba51914284682e896a3f0d27bc8e8	5eff143c29a6ae2177d8c74126604cd419d1a1cafa403aca38b7aa8d582648a5
000000	1110	baseline	1	0	50017584		16	0	0	4351193f13482f1870741e6857258940817ba51914284682e896a3f0d27bc8e8	5eff143c29a6ae2177d8c74126604cd419d1a1cafa403aca38b7aa8d582648a5
000000	1110	rvf	1	0	49516875	enabled	8	0	16	4351193f13482f1870741e6857258940817ba51914284682e896a3f0d27bc8e8	5eff143c29a6ae2177d8c74126604cd419d1a1cafa403aca38b7aa8d582648a5
000000	1111	baseline	1	0	50280125		16	0	0	4351193f13482f1870741e6857258940817ba51914284682e896a3f0d27bc8e8	5eff143c29a6ae2177d8c74126604cd419d1a1cafa403aca38b7aa8d582648a5
000000	1111	rvf	1	0	49847833	enabled	8	0	16	4351193f13482f1870741e6857258940817ba51914284682e896a3f0d27bc8e8	5eff143c29a6ae2177d8c74126604cd419d1a1cafa403aca38b7aa8d582648a5
000000	1112	baseline	1	0	50567750		16	0	0	4351193f13482f1870741e6857258940817ba51914284682e896a3f0d27bc8e8	5eff143c29a6ae2177d8c74126604cd419d1a1cafa403aca38b7aa8d582648a5
000000	1112	rvf	1	0	50564375	enabled	8	0	16	4351193f13482f1870741e6857258940817ba51914284682e896a3f0d27bc8e8	5eff143c29a6ae2177d8c74126604cd419d1a1cafa403aca38b7aa8d582648a5
000000	1120	baseline	1	42	47541958		0	0	0	9a4d10a79dfde562a0d30b92e3105a0f2c22902db1896f9908cb681305e13c35	e3b0c44298fc1c149afbf4c8996fb92427ae41e4649b934ca495991b7852b855
000000	1120	rvf	1	42	54159208	enabled	4	0	6	9a4d10a79dfde562a0d30b92e3105a0f2c22902db1896f9908cb681305e13c35	5eff143c29a6ae2177d8c74126604cd419d1a1cafa403aca38b7aa8d582648a5
000000	1121	baseline	1	0	49930041		16	0	0	4351193f13482f1870741e6857258940817ba51914284682e896a3f0d27bc8e8	5eff143c29a6ae2177d8c74126604cd419d1a1cafa403aca38b7aa8d582648a5
000000	1121	rvf	1	0	50624125	enabled	8	0	16	4351193f13482f1870741e6857258940817ba51914284682e896a3f0d27bc8e8	5eff143c29a6ae2177d8c74126604cd419d1a1cafa403aca38b7aa8d582648a5
000000	1122	baseline	1	0	50600375		16	0	0	4351193f13482f1870741e6857258940817ba51914284682e896a3f0d27bc8e8	5eff143c29a6ae2177d8c74126604cd419d1a1cafa403aca38b7aa8d582648a5
000000	1122	rvf	1	0	49858500	enabled	8	0	16	4351193f13482f1870741e6857258940817ba51914284682e896a3f0d27bc8e8	5eff143c29a6ae2177d8c74126604cd419d1a1cafa403aca38b7aa8d582648a5
000000	1200	baseline	1	0	49576916		16	0	0	4351193f13482f1870741e6857258940817ba51914284682e896a3f0d27bc8e8	5eff143c29a6ae2177d8c74126604cd419d1a1cafa403aca38b7aa8d582648a5
000000	1200	rvf	1	0	50688125	enabled	8	0	16	4351193f13482f1870741e6857258940817ba51914284682e896a3f0d27bc8e8	5eff143c29a6ae2177d8c74126604cd419d1a1cafa403aca38b7aa8d582648a5
000000	1201	baseline	1	0	66450583		16	0	0	4351193f13482f1870741e6857258940817ba51914284682e896a3f0d27bc8e8	5eff143c29a6ae2177d8c74126604cd419d1a1cafa403aca38b7aa8d582648a5
000000	1201	rvf	1	0	56461000	enabled	8	0	16	4351193f13482f1870741e6857258940817ba51914284682e896a3f0d27bc8e8	5eff143c29a6ae2177d8c74126604cd419d1a1cafa403aca38b7aa8d582648a5
000000	1202	baseline	1	0	54995125		16	0	0	4351193f13482f1870741e6857258940817ba51914284682e896a3f0d27bc8e8	5eff143c29a6ae2177d8c74126604cd419d1a1cafa403aca38b7aa8d582648a5
000000	1202	rvf	1	0	51073416	enabled	8	0	16	4351193f13482f1870741e6857258940817ba51914284682e896a3f0d27bc8e8	5eff143c29a6ae2177d8c74126604cd419d1a1cafa403aca38b7aa8d582648a5
000000	1210	baseline	1	0	48896542		16	0	0	4351193f13482f1870741e6857258940817ba51914284682e896a3f0d27bc8e8	5eff143c29a6ae2177d8c74126604cd419d1a1cafa403aca38b7aa8d582648a5
000000	1210	rvf	1	0	51998583	enabled	8	0	16	4351193f13482f1870741e6857258940817ba51914284682e896a3f0d27bc8e8	5eff143c29a6ae2177d8c74126604cd419d1a1cafa403aca38b7aa8d582648a5
000000	1211	baseline	1	0	49410875		16	0	0	4351193f13482f1870741e6857258940817ba51914284682e896a3f0d27bc8e8	5eff143c29a6ae2177d8c74126604cd419d1a1cafa403aca38b7aa8d582648a5
000000	1211	rvf	1	0	50216375	enabled	8	0	16	4351193f13482f1870741e6857258940817ba51914284682e896a3f0d27bc8e8	5eff143c29a6ae2177d8c74126604cd419d1a1cafa403aca38b7aa8d582648a5
000000	1212	baseline	1	0	48634000		16	0	0	4351193f13482f1870741e6857258940817ba51914284682e896a3f0d27bc8e8	5eff143c29a6ae2177d8c74126604cd419d1a1cafa403aca38b7aa8d582648a5
000000	1212	rvf	1	0	50866958	enabled	8	0	16	4351193f13482f1870741e6857258940817ba51914284682e896a3f0d27bc8e8	5eff143c29a6ae2177d8c74126604cd419d1a1cafa403aca38b7aa8d582648a5
000000	1220	baseline	1	42	48096125		2	0	0	9a4d10a79dfde562a0d30b92e3105a0f2c22902db1896f9908cb681305e13c35	e3b0c44298fc1c149afbf4c8996fb92427ae41e4649b934ca495991b7852b855
000000	1220	rvf	1	42	50084959	enabled	1	0	4	9a4d10a79dfde562a0d30b92e3105a0f2c22902db1896f9908cb681305e13c35	5eff143c29a6ae2177d8c74126604cd419d1a1cafa403aca38b7aa8d582648a5
000000	1221	baseline	1	0	50263042		16	0	0	4351193f13482f1870741e6857258940817ba51914284682e896a3f0d27bc8e8	5eff143c29a6ae2177d8c74126604cd419d1a1cafa403aca38b7aa8d582648a5
000000	1221	rvf	1	0	50450208	enabled	8	0	16	4351193f13482f1870741e6857258940817ba51914284682e896a3f0d27bc8e8	5eff143c29a6ae2177d8c74126604cd419d1a1cafa403aca38b7aa8d582648a5
000000	1222	baseline	1	0	50465541		16	0	0	4351193f13482f1870741e6857258940817ba51914284682e896a3f0d27bc8e8	5eff143c29a6ae2177d8c74126604cd419d1a1cafa403aca38b7aa8d582648a5
000000	1222	rvf	1	0	49095291	enabled	8	0	16	4351193f13482f1870741e6857258940817ba51914284682e896a3f0d27bc8e8	5eff143c29a6ae2177d8c74126604cd419d1a1cafa403aca38b7aa8d582648a5
000000	2000	baseline	1	0	49183500		16	0	0	4351193f13482f1870741e6857258940817ba51914284682e896a3f0d27bc8e8	5eff143c29a6ae2177d8c74126604cd419d1a1cafa403aca38b7aa8d582648a5
000000	2000	rvf	1	0	50767459	enabled	8	0	16	4351193f13482f1870741e6857258940817ba51914284682e896a3f0d27bc8e8	5eff143c29a6ae2177d8c74126604cd419d1a1cafa403aca38b7aa8d582648a5
000000	2001	baseline	1	0	49141042		16	0	0	4351193f13482f1870741e6857258940817ba51914284682e896a3f0d27bc8e8	5eff143c29a6ae2177d8c74126604cd419d1a1cafa403aca38b7aa8d582648a5
000000	2001	rvf	1	0	49784084	enabled	8	0	16	4351193f13482f1870741e6857258940817ba51914284682e896a3f0d27bc8e8	5eff143c29a6ae2177d8c74126604cd419d1a1cafa403aca38b7aa8d582648a5
000000	2002	baseline	1	0	49273625		16	0	0	4351193f13482f1870741e6857258940817ba51914284682e896a3f0d27bc8e8	5eff143c29a6ae2177d8c74126604cd419d1a1cafa403aca38b7aa8d582648a5
000000	2002	rvf	1	0	51192083	enabled	8	0	16	4351193f13482f1870741e6857258940817ba51914284682e896a3f0d27bc8e8	5eff143c29a6ae2177d8c74126604cd419d1a1cafa403aca38b7aa8d582648a5
000000	2010	baseline	1	0	52074583		16	0	0	4351193f13482f1870741e6857258940817ba51914284682e896a3f0d27bc8e8	5eff143c29a6ae2177d8c74126604cd419d1a1cafa403aca38b7aa8d582648a5
000000	2010	rvf	1	0	51730666	enabled	8	0	16	4351193f13482f1870741e6857258940817ba51914284682e896a3f0d27bc8e8	5eff143c29a6ae2177d8c74126604cd419d1a1cafa403aca38b7aa8d582648a5
000000	2011	baseline	1	0	50223250		16	0	0	4351193f13482f1870741e6857258940817ba51914284682e896a3f0d27bc8e8	5eff143c29a6ae2177d8c74126604cd419d1a1cafa403aca38b7aa8d582648a5
000000	2011	rvf	1	0	51231625	enabled	8	0	16	4351193f13482f1870741e6857258940817ba51914284682e896a3f0d27bc8e8	5eff143c29a6ae2177d8c74126604cd419d1a1cafa403aca38b7aa8d582648a5
000000	2012	baseline	1	0	53402792		16	0	0	4351193f13482f1870741e6857258940817ba51914284682e896a3f0d27bc8e8	5eff143c29a6ae2177d8c74126604cd419d1a1cafa403aca38b7aa8d582648a5
000000	2012	rvf	1	0	54816666	enabled	8	0	16	4351193f13482f1870741e6857258940817ba51914284682e896a3f0d27bc8e8	5eff143c29a6ae2177d8c74126604cd419d1a1cafa403aca38b7aa8d582648a5
000000	2020	baseline	1	0	48762667		16	0	0	4351193f13482f1870741e6857258940817ba51914284682e896a3f0d27bc8e8	5eff143c29a6ae2177d8c74126604cd419d1a1cafa403aca38b7aa8d582648a5
000000	2020	rvf	1	0	50469834	enabled	8	0	16	4351193f13482f1870741e6857258940817ba51914284682e896a3f0d27bc8e8	5eff143c29a6ae2177d8c74126604cd419d1a1cafa403aca38b7aa8d582648a5
000000	2021	baseline	1	0	48895250		16	0	0	4351193f13482f1870741e6857258940817ba51914284682e896a3f0d27bc8e8	5eff143c29a6ae2177d8c74126604cd419d1a1cafa403aca38b7aa8d582648a5
000000	2021	rvf	1	0	50104500	enabled	8	0	16	4351193f13482f1870741e6857258940817ba51914284682e896a3f0d27bc8e8	5eff143c29a6ae2177d8c74126604cd419d1a1cafa403aca38b7aa8d582648a5
000000	2022	baseline	1	0	48683750		16	0	0	4351193f13482f1870741e6857258940817ba51914284682e896a3f0d27bc8e8	5eff143c29a6ae2177d8c74126604cd419d1a1cafa403aca38b7aa8d582648a5
000000	2022	rvf	1	0	50759458	enabled	8	0	16	4351193f13482f1870741e6857258940817ba51914284682e896a3f0d27bc8e8	5eff143c29a6ae2177d8c74126604cd419d1a1cafa403aca38b7aa8d582648a5
000000	2100	baseline	1	0	49075708		16	0	0	4351193f13482f1870741e6857258940817ba51914284682e896a3f0d27bc8e8	5eff143c29a6ae2177d8c74126604cd419d1a1cafa403aca38b7aa8d582648a5
000000	2100	rvf	1	0	52203667	enabled	8	0	16	4351193f13482f1870741e6857258940817ba51914284682e896a3f0d27bc8e8	5eff143c29a6ae2177d8c74126604cd419d1a1cafa403aca38b7aa8d582648a5
000000	2101	baseline	1	0	50536417		16	0	0	4351193f13482f1870741e6857258940817ba51914284682e896a3f0d27bc8e8	5eff143c29a6ae2177d8c74126604cd419d1a1cafa403aca38b7aa8d582648a5
000000	2101	rvf	1	0	50536416	enabled	8	0	16	4351193f13482f1870741e6857258940817ba51914284682e896a3f0d27bc8e8	5eff143c29a6ae2177d8c74126604cd419d1a1cafa403aca38b7aa8d582648a5
000000	2102	baseline	1	0	49283333		16	0	0	4351193f13482f1870741e6857258940817ba51914284682e896a3f0d27bc8e8	5eff143c29a6ae2177d8c74126604cd419d1a1cafa403aca38b7aa8d582648a5
000000	2102	rvf	1	0	50114625	enabled	8	0	16	4351193f13482f1870741e6857258940817ba51914284682e896a3f0d27bc8e8	5eff143c29a6ae2177d8c74126604cd419d1a1cafa403aca38b7aa8d582648a5
000000	2110	baseline	1	0	49571459		16	0	0	4351193f13482f1870741e6857258940817ba51914284682e896a3f0d27bc8e8	5eff143c29a6ae2177d8c74126604cd419d1a1cafa403aca38b7aa8d582648a5
000000	2110	rvf	1	0	50270750	enabled	8	0	16	4351193f13482f1870741e6857258940817ba51914284682e896a3f0d27bc8e8	5eff143c29a6ae2177d8c74126604cd419d1a1cafa403aca38b7aa8d582648a5
000000	2111	baseline	1	0	49410333		16	0	0	4351193f13482f1870741e6857258940817ba51914284682e896a3f0d27bc8e8	5eff143c29a6ae2177d8c74126604cd419d1a1cafa403aca38b7aa8d582648a5
000000	2111	rvf	1	0	50076667	enabled	8	0	16	4351193f13482f1870741e6857258940817ba51914284682e896a3f0d27bc8e8	5eff143c29a6ae2177d8c74126604cd419d1a1cafa403aca38b7aa8d582648a5
000000	2112	baseline	1	0	48787042		16	0	0	4351193f13482f1870741e6857258940817ba51914284682e896a3f0d27bc8e8	5eff143c29a6ae2177d8c74126604cd419d1a1cafa403aca38b7aa8d582648a5
000000	2112	rvf	1	0	50585541	enabled	8	0	16	4351193f13482f1870741e6857258940817ba51914284682e896a3f0d27bc8e8	5eff143c29a6ae2177d8c74126604cd419d1a1cafa403aca38b7aa8d582648a5
000000	2120	baseline	1	42	47916459		5	0	0	9a4d10a79dfde562a0d30b92e3105a0f2c22902db1896f9908cb681305e13c35	e3b0c44298fc1c149afbf4c8996fb92427ae41e4649b934ca495991b7852b855
000000	2120	rvf	1	42	50271250	enabled	4	0	9	9a4d10a79dfde562a0d30b92e3105a0f2c22902db1896f9908cb681305e13c35	5eff143c29a6ae2177d8c74126604cd419d1a1cafa403aca38b7aa8d582648a5
000000	2121	baseline	1	0	49712083		16	0	0	4351193f13482f1870741e6857258940817ba51914284682e896a3f0d27bc8e8	5eff143c29a6ae2177d8c74126604cd419d1a1cafa403aca38b7aa8d582648a5
000000	2121	rvf	1	0	49958292	enabled	8	0	16	4351193f13482f1870741e6857258940817ba51914284682e896a3f0d27bc8e8	5eff143c29a6ae2177d8c74126604cd419d1a1cafa403aca38b7aa8d582648a5
000000	2122	baseline	1	0	48585208		16	0	0	4351193f13482f1870741e6857258940817ba51914284682e896a3f0d27bc8e8	5eff143c29a6ae2177d8c74126604cd419d1a1cafa403aca38b7aa8d582648a5
000000	2122	rvf	1	0	50143583	enabled	8	0	16	4351193f13482f1870741e6857258940817ba51914284682e896a3f0d27bc8e8	5eff143c29a6ae2177d8c74126604cd419d1a1cafa403aca38b7aa8d582648a5
000000	2200	baseline	1	0	49800166		16	0	0	4351193f13482f1870741e6857258940817ba51914284682e896a3f0d27bc8e8	5eff143c29a6ae2177d8c74126604cd419d1a1cafa403aca38b7aa8d582648a5
000000	2200	rvf	1	0	49989125	enabled	8	0	16	4351193f13482f1870741e6857258940817ba51914284682e896a3f0d27bc8e8	5eff143c29a6ae2177d8c74126604cd419d1a1cafa403aca38b7aa8d582648a5
000000	2201	baseline	1	0	49028167		16	0	0	4351193f13482f1870741e6857258940817ba51914284682e896a3f0d27bc8e8	5eff143c29a6ae2177d8c74126604cd419d1a1cafa403aca38b7aa8d582648a5
000000	2201	rvf	1	0	50048583	enabled	8	0	16	4351193f13482f1870741e6857258940817ba51914284682e896a3f0d27bc8e8	5eff143c29a6ae2177d8c74126604cd419d1a1cafa403aca38b7aa8d582648a5
000000	2202	baseline	1	0	48874042		16	0	0	4351193f13482f1870741e6857258940817ba51914284682e896a3f0d27bc8e8	5eff143c29a6ae2177d8c74126604cd419d1a1cafa403aca38b7aa8d582648a5
000000	2202	rvf	1	0	49811500	enabled	8	0	16	4351193f13482f1870741e6857258940817ba51914284682e896a3f0d27bc8e8	5eff143c29a6ae2177d8c74126604cd419d1a1cafa403aca38b7aa8d582648a5
000000	2210	baseline	1	0	48799791		16	0	0	4351193f13482f1870741e6857258940817ba51914284682e896a3f0d27bc8e8	5eff143c29a6ae2177d8c74126604cd419d1a1cafa403aca38b7aa8d582648a5
000000	2210	rvf	1	0	51009417	enabled	8	0	16	4351193f13482f1870741e6857258940817ba51914284682e896a3f0d27bc8e8	5eff143c29a6ae2177d8c74126604cd419d1a1cafa403aca38b7aa8d582648a5
000000	2211	baseline	1	0	50032500		16	0	0	4351193f13482f1870741e6857258940817ba51914284682e896a3f0d27bc8e8	5eff143c29a6ae2177d8c74126604cd419d1a1cafa403aca38b7aa8d582648a5
000000	2211	rvf	1	0	50399375	enabled	8	0	16	4351193f13482f1870741e6857258940817ba51914284682e896a3f0d27bc8e8	5eff143c29a6ae2177d8c74126604cd419d1a1cafa403aca38b7aa8d582648a5
000000	2212	baseline	1	0	48858042		16	0	0	4351193f13482f1870741e6857258940817ba51914284682e896a3f0d27bc8e8	5eff143c29a6ae2177d8c74126604cd419d1a1cafa403aca38b7aa8d582648a5
000000	2212	rvf	1	0	52559458	enabled	8	0	16	4351193f13482f1870741e6857258940817ba51914284682e896a3f0d27bc8e8	5eff143c29a6ae2177d8c74126604cd419d1a1cafa403aca38b7aa8d582648a5
000000	2220	baseline	1	0	48833792		16	0	0	4351193f13482f1870741e6857258940817ba51914284682e896a3f0d27bc8e8	5eff143c29a6ae2177d8c74126604cd419d1a1cafa403aca38b7aa8d582648a5
000000	2220	rvf	1	0	50222667	enabled	8	0	16	4351193f13482f1870741e6857258940817ba51914284682e896a3f0d27bc8e8	5eff143c29a6ae2177d8c74126604cd419d1a1cafa403aca38b7aa8d582648a5
000000	2221	baseline	1	0	49132458		16	0	0	4351193f13482f1870741e6857258940817ba51914284682e896a3f0d27bc8e8	5eff143c29a6ae2177d8c74126604cd419d1a1cafa403aca38b7aa8d582648a5
000000	2221	rvf	1	0	50864708	enabled	8	0	16	4351193f13482f1870741e6857258940817ba51914284682e896a3f0d27bc8e8	5eff143c29a6ae2177d8c74126604cd419d1a1cafa403aca38b7aa8d582648a5
000000	2222	baseline	1	0	48966541		16	0	0	4351193f13482f1870741e6857258940817ba51914284682e896a3f0d27bc8e8	5eff143c29a6ae2177d8c74126604cd419d1a1cafa403aca38b7aa8d582648a5
000000	2222	rvf	1	0	50632916	enabled	8	0	16	4351193f13482f1870741e6857258940817ba51914284682e896a3f0d27bc8e8	5eff143c29a6ae2177d8c74126604cd419d1a1cafa403aca38b7aa8d582648a5
000001	0000	baseline	1	0	48412958		8	0	0	4351193f13482f1870741e6857258940817ba51914284682e896a3f0d27bc8e8	5eff143c29a6ae2177d8c74126604cd419d1a1cafa403aca38b7aa8d582648a5
000001	0000	rvf	1	0	49577666	enabled	4	0	8	4351193f13482f1870741e6857258940817ba51914284682e896a3f0d27bc8e8	5eff143c29a6ae2177d8c74126604cd419d1a1cafa403aca38b7aa8d582648a5
000001	0001	baseline	1	0	48411167		8	0	0	4351193f13482f1870741e6857258940817ba51914284682e896a3f0d27bc8e8	5eff143c29a6ae2177d8c74126604cd419d1a1cafa403aca38b7aa8d582648a5
000001	0001	rvf	1	0	48792958	enabled	4	0	8	4351193f13482f1870741e6857258940817ba51914284682e896a3f0d27bc8e8	5eff143c29a6ae2177d8c74126604cd419d1a1cafa403aca38b7aa8d582648a5
000001	0002	baseline	1	0	47808084		8	0	0	4351193f13482f1870741e6857258940817ba51914284682e896a3f0d27bc8e8	5eff143c29a6ae2177d8c74126604cd419d1a1cafa403aca38b7aa8d582648a5
000001	0002	rvf	1	0	49637375	enabled	4	0	8	4351193f13482f1870741e6857258940817ba51914284682e896a3f0d27bc8e8	5eff143c29a6ae2177d8c74126604cd419d1a1cafa403aca38b7aa8d582648a5
000001	0010	baseline	1	0	47810250		8	0	0	4351193f13482f1870741e6857258940817ba51914284682e896a3f0d27bc8e8	5eff143c29a6ae2177d8c74126604cd419d1a1cafa403aca38b7aa8d582648a5
000001	0010	rvf	1	0	48628375	enabled	4	0	8	4351193f13482f1870741e6857258940817ba51914284682e896a3f0d27bc8e8	5eff143c29a6ae2177d8c74126604cd419d1a1cafa403aca38b7aa8d582648a5
000001	0011	baseline	1	0	47963792		8	0	0	4351193f13482f1870741e6857258940817ba51914284682e896a3f0d27bc8e8	5eff143c29a6ae2177d8c74126604cd419d1a1cafa403aca38b7aa8d582648a5
000001	0011	rvf	1	0	49368375	enabled	4	0	8	4351193f13482f1870741e6857258940817ba51914284682e896a3f0d27bc8e8	5eff143c29a6ae2177d8c74126604cd419d1a1cafa403aca38b7aa8d582648a5
000001	0012	baseline	1	0	47953750		8	0	0	4351193f13482f1870741e6857258940817ba51914284682e896a3f0d27bc8e8	5eff143c29a6ae2177d8c74126604cd419d1a1cafa403aca38b7aa8d582648a5
000001	0012	rvf	1	0	49454000	enabled	4	0	8	4351193f13482f1870741e6857258940817ba51914284682e896a3f0d27bc8e8	5eff143c29a6ae2177d8c74126604cd419d1a1cafa403aca38b7aa8d582648a5
000001	0020	baseline	1	0	48265875		8	0	0	4351193f13482f1870741e6857258940817ba51914284682e896a3f0d27bc8e8	5eff143c29a6ae2177d8c74126604cd419d1a1cafa403aca38b7aa8d582648a5
000001	0020	rvf	1	0	49534792	enabled	4	0	8	4351193f13482f1870741e6857258940817ba51914284682e896a3f0d27bc8e8	5eff143c29a6ae2177d8c74126604cd419d1a1cafa403aca38b7aa8d582648a5
000001	0021	baseline	1	0	48419667		8	0	0	4351193f13482f1870741e6857258940817ba51914284682e896a3f0d27bc8e8	5eff143c29a6ae2177d8c74126604cd419d1a1cafa403aca38b7aa8d582648a5
000001	0021	rvf	1	0	49307750	enabled	4	0	8	4351193f13482f1870741e6857258940817ba51914284682e896a3f0d27bc8e8	5eff143c29a6ae2177d8c74126604cd419d1a1cafa403aca38b7aa8d582648a5
000001	0022	baseline	1	0	47792750		8	0	0	4351193f13482f1870741e6857258940817ba51914284682e896a3f0d27bc8e8	5eff143c29a6ae2177d8c74126604cd419d1a1cafa403aca38b7aa8d582648a5
000001	0022	rvf	1	0	49231500	enabled	4	0	8	4351193f13482f1870741e6857258940817ba51914284682e896a3f0d27bc8e8	5eff143c29a6ae2177d8c74126604cd419d1a1cafa403aca38b7aa8d582648a5
000001	0100	baseline	1	0	48624666		8	0	0	4351193f13482f1870741e6857258940817ba51914284682e896a3f0d27bc8e8	5eff143c29a6ae2177d8c74126604cd419d1a1cafa403aca38b7aa8d582648a5
000001	0100	rvf	1	0	48620708	enabled	4	0	8	4351193f13482f1870741e6857258940817ba51914284682e896a3f0d27bc8e8	5eff143c29a6ae2177d8c74126604cd419d1a1cafa403aca38b7aa8d582648a5
000001	0101	baseline	1	0	48444250		8	0	0	4351193f13482f1870741e6857258940817ba51914284682e896a3f0d27bc8e8	5eff143c29a6ae2177d8c74126604cd419d1a1cafa403aca38b7aa8d582648a5
000001	0101	rvf	1	0	49704458	enabled	4	0	8	4351193f13482f1870741e6857258940817ba51914284682e896a3f0d27bc8e8	5eff143c29a6ae2177d8c74126604cd419d1a1cafa403aca38b7aa8d582648a5
000001	0102	baseline	1	0	47620250		8	0	0	4351193f13482f1870741e6857258940817ba51914284682e896a3f0d27bc8e8	5eff143c29a6ae2177d8c74126604cd419d1a1cafa403aca38b7aa8d582648a5
000001	0102	rvf	1	0	48653292	enabled	4	0	8	4351193f13482f1870741e6857258940817ba51914284682e896a3f0d27bc8e8	5eff143c29a6ae2177d8c74126604cd419d1a1cafa403aca38b7aa8d582648a5
000001	0110	baseline	1	0	48106584		8	0	0	4351193f13482f1870741e6857258940817ba51914284682e896a3f0d27bc8e8	5eff143c29a6ae2177d8c74126604cd419d1a1cafa403aca38b7aa8d582648a5
000001	0110	rvf	1	0	50071584	enabled	4	0	8	4351193f13482f1870741e6857258940817ba51914284682e896a3f0d27bc8e8	5eff143c29a6ae2177d8c74126604cd419d1a1cafa403aca38b7aa8d582648a5
000001	0111	baseline	1	0	47182584		8	0	0	4351193f13482f1870741e6857258940817ba51914284682e896a3f0d27bc8e8	5eff143c29a6ae2177d8c74126604cd419d1a1cafa403aca38b7aa8d582648a5
000001	0111	rvf	1	0	49994667	enabled	4	0	8	4351193f13482f1870741e6857258940817ba51914284682e896a3f0d27bc8e8	5eff143c29a6ae2177d8c74126604cd419d1a1cafa403aca38b7aa8d582648a5
000001	0112	baseline	1	0	48467500		8	0	0	4351193f13482f1870741e6857258940817ba51914284682e896a3f0d27bc8e8	5eff143c29a6ae2177d8c74126604cd419d1a1cafa403aca38b7aa8d582648a5
000001	0112	rvf	1	0	49552167	enabled	4	0	8	4351193f13482f1870741e6857258940817ba51914284682e896a3f0d27bc8e8	5eff143c29a6ae2177d8c74126604cd419d1a1cafa403aca38b7aa8d582648a5
000001	0120	baseline	1	0	47685208		8	0	0	4351193f13482f1870741e6857258940817ba51914284682e896a3f0d27bc8e8	5eff143c29a6ae2177d8c74126604cd419d1a1cafa403aca38b7aa8d582648a5
000001	0120	rvf	1	0	49582625	enabled	4	0	8	4351193f13482f1870741e6857258940817ba51914284682e896a3f0d27bc8e8	5eff143c29a6ae2177d8c74126604cd419d1a1cafa403aca38b7aa8d582648a5
000001	0121	baseline	1	0	49585875		8	0	0	4351193f13482f1870741e6857258940817ba51914284682e896a3f0d27bc8e8	5eff143c29a6ae2177d8c74126604cd419d1a1cafa403aca38b7aa8d582648a5
000001	0121	rvf	1	0	50396416	enabled	4	0	8	4351193f13482f1870741e6857258940817ba51914284682e896a3f0d27bc8e8	5eff143c29a6ae2177d8c74126604cd419d1a1cafa403aca38b7aa8d582648a5
000001	0122	baseline	1	0	48568625		8	0	0	4351193f13482f1870741e6857258940817ba51914284682e896a3f0d27bc8e8	5eff143c29a6ae2177d8c74126604cd419d1a1cafa403aca38b7aa8d582648a5
000001	0122	rvf	1	0	49488291	enabled	4	0	8	4351193f13482f1870741e6857258940817ba51914284682e896a3f0d27bc8e8	5eff143c29a6ae2177d8c74126604cd419d1a1cafa403aca38b7aa8d582648a5
000001	0200	baseline	1	0	48943500		8	0	0	4351193f13482f1870741e6857258940817ba51914284682e896a3f0d27bc8e8	5eff143c29a6ae2177d8c74126604cd419d1a1cafa403aca38b7aa8d582648a5
000001	0200	rvf	1	0	49810959	enabled	4	0	8	4351193f13482f1870741e6857258940817ba51914284682e896a3f0d27bc8e8	5eff143c29a6ae2177d8c74126604cd419d1a1cafa403aca38b7aa8d582648a5
000001	0201	baseline	1	0	48781458		8	0	0	4351193f13482f1870741e6857258940817ba51914284682e896a3f0d27bc8e8	5eff143c29a6ae2177d8c74126604cd419d1a1cafa403aca38b7aa8d582648a5
000001	0201	rvf	1	0	53653750	enabled	4	0	8	4351193f13482f1870741e6857258940817ba51914284682e896a3f0d27bc8e8	5eff143c29a6ae2177d8c74126604cd419d1a1cafa403aca38b7aa8d582648a5
000001	0202	baseline	1	0	48029750		8	0	0	4351193f13482f1870741e6857258940817ba51914284682e896a3f0d27bc8e8	5eff143c29a6ae2177d8c74126604cd419d1a1cafa403aca38b7aa8d582648a5
000001	0202	rvf	1	0	48094917	enabled	4	0	8	4351193f13482f1870741e6857258940817ba51914284682e896a3f0d27bc8e8	5eff143c29a6ae2177d8c74126604cd419d1a1cafa403aca38b7aa8d582648a5
000001	0210	baseline	1	0	48132375		8	0	0	4351193f13482f1870741e6857258940817ba51914284682e896a3f0d27bc8e8	5eff143c29a6ae2177d8c74126604cd419d1a1cafa403aca38b7aa8d582648a5
000001	0210	rvf	1	0	49397792	enabled	4	0	8	4351193f13482f1870741e6857258940817ba51914284682e896a3f0d27bc8e8	5eff143c29a6ae2177d8c74126604cd419d1a1cafa403aca38b7aa8d582648a5
000001	0211	baseline	1	0	48907708		8	0	0	4351193f13482f1870741e6857258940817ba51914284682e896a3f0d27bc8e8	5eff143c29a6ae2177d8c74126604cd419d1a1cafa403aca38b7aa8d582648a5
000001	0211	rvf	1	0	48611375	enabled	4	0	8	4351193f13482f1870741e6857258940817ba51914284682e896a3f0d27bc8e8	5eff143c29a6ae2177d8c74126604cd419d1a1cafa403aca38b7aa8d582648a5
000001	0212	baseline	1	0	48581333		8	0	0	4351193f13482f1870741e6857258940817ba51914284682e896a3f0d27bc8e8	5eff143c29a6ae2177d8c74126604cd419d1a1cafa403aca38b7aa8d582648a5
000001	0212	rvf	1	0	48397917	enabled	4	0	8	4351193f13482f1870741e6857258940817ba51914284682e896a3f0d27bc8e8	5eff143c29a6ae2177d8c74126604cd419d1a1cafa403aca38b7aa8d582648a5
000001	0220	baseline	1	0	48751833		8	0	0	4351193f13482f1870741e6857258940817ba51914284682e896a3f0d27bc8e8	5eff143c29a6ae2177d8c74126604cd419d1a1cafa403aca38b7aa8d582648a5
000001	0220	rvf	1	0	49181625	enabled	4	0	8	4351193f13482f1870741e6857258940817ba51914284682e896a3f0d27bc8e8	5eff143c29a6ae2177d8c74126604cd419d1a1cafa403aca38b7aa8d582648a5
000001	0221	baseline	1	0	48606167		8	0	0	4351193f13482f1870741e6857258940817ba51914284682e896a3f0d27bc8e8	5eff143c29a6ae2177d8c74126604cd419d1a1cafa403aca38b7aa8d582648a5
000001	0221	rvf	1	0	49034541	enabled	4	0	8	4351193f13482f1870741e6857258940817ba51914284682e896a3f0d27bc8e8	5eff143c29a6ae2177d8c74126604cd419d1a1cafa403aca38b7aa8d582648a5
000001	0222	baseline	1	0	47874250		8	0	0	4351193f13482f1870741e6857258940817ba51914284682e896a3f0d27bc8e8	5eff143c29a6ae2177d8c74126604cd419d1a1cafa403aca38b7aa8d582648a5
000001	0222	rvf	1	0	48584292	enabled	4	0	8	4351193f13482f1870741e6857258940817ba51914284682e896a3f0d27bc8e8	5eff143c29a6ae2177d8c74126604cd419d1a1cafa403aca38b7aa8d582648a5
000001	1000	baseline	1	0	49973083		8	0	0	4351193f13482f1870741e6857258940817ba51914284682e896a3f0d27bc8e8	5eff143c29a6ae2177d8c74126604cd419d1a1cafa403aca38b7aa8d582648a5
000001	1000	rvf	1	0	49746084	enabled	4	0	8	4351193f13482f1870741e6857258940817ba51914284682e896a3f0d27bc8e8	5eff143c29a6ae2177d8c74126604cd419d1a1cafa403aca38b7aa8d582648a5
000001	1001	baseline	1	0	48245375		8	0	0	4351193f13482f1870741e6857258940817ba51914284682e896a3f0d27bc8e8	5eff143c29a6ae2177d8c74126604cd419d1a1cafa403aca38b7aa8d582648a5
000001	1001	rvf	1	0	49326458	enabled	4	0	8	4351193f13482f1870741e6857258940817ba51914284682e896a3f0d27bc8e8	5eff143c29a6ae2177d8c74126604cd419d1a1cafa403aca38b7aa8d582648a5
000001	1002	baseline	1	0	48198500		8	0	0	4351193f13482f1870741e6857258940817ba51914284682e896a3f0d27bc8e8	5eff143c29a6ae2177d8c74126604cd419d1a1cafa403aca38b7aa8d582648a5
000001	1002	rvf	1	0	49188042	enabled	4	0	8	4351193f13482f1870741e6857258940817ba51914284682e896a3f0d27bc8e8	5eff143c29a6ae2177d8c74126604cd419d1a1cafa403aca38b7aa8d582648a5
000001	1010	baseline	1	0	48150375		8	0	0	4351193f13482f1870741e6857258940817ba51914284682e896a3f0d27bc8e8	5eff143c29a6ae2177d8c74126604cd419d1a1cafa403aca38b7aa8d582648a5
000001	1010	rvf	1	0	49836791	enabled	4	0	8	4351193f13482f1870741e6857258940817ba51914284682e896a3f0d27bc8e8	5eff143c29a6ae2177d8c74126604cd419d1a1cafa403aca38b7aa8d582648a5
000001	1011	baseline	1	0	50320291		8	0	0	4351193f13482f1870741e6857258940817ba51914284682e896a3f0d27bc8e8	5eff143c29a6ae2177d8c74126604cd419d1a1cafa403aca38b7aa8d582648a5
000001	1011	rvf	1	0	50365417	enabled	4	0	8	4351193f13482f1870741e6857258940817ba51914284682e896a3f0d27bc8e8	5eff143c29a6ae2177d8c74126604cd419d1a1cafa403aca38b7aa8d582648a5
000001	1012	baseline	1	0	49887708		8	0	0	4351193f13482f1870741e6857258940817ba51914284682e896a3f0d27bc8e8	5eff143c29a6ae2177d8c74126604cd419d1a1cafa403aca38b7aa8d582648a5
000001	1012	rvf	1	0	51092916	enabled	4	0	8	4351193f13482f1870741e6857258940817ba51914284682e896a3f0d27bc8e8	5eff143c29a6ae2177d8c74126604cd419d1a1cafa403aca38b7aa8d582648a5
000001	1020	baseline	1	0	50238583		8	0	0	4351193f13482f1870741e6857258940817ba51914284682e896a3f0d27bc8e8	5eff143c29a6ae2177d8c74126604cd419d1a1cafa403aca38b7aa8d582648a5
000001	1020	rvf	1	0	50737667	enabled	4	0	8	4351193f13482f1870741e6857258940817ba51914284682e896a3f0d27bc8e8	5eff143c29a6ae2177d8c74126604cd419d1a1cafa403aca38b7aa8d582648a5
000001	1021	baseline	1	0	49617125		8	0	0	4351193f13482f1870741e6857258940817ba51914284682e896a3f0d27bc8e8	5eff143c29a6ae2177d8c74126604cd419d1a1cafa403aca38b7aa8d582648a5
000001	1021	rvf	1	0	48283292	enabled	4	0	8	4351193f13482f1870741e6857258940817ba51914284682e896a3f0d27bc8e8	5eff143c29a6ae2177d8c74126604cd419d1a1cafa403aca38b7aa8d582648a5
000001	1022	baseline	1	0	47864000		8	0	0	4351193f13482f1870741e6857258940817ba51914284682e896a3f0d27bc8e8	5eff143c29a6ae2177d8c74126604cd419d1a1cafa403aca38b7aa8d582648a5
000001	1022	rvf	1	0	48257000	enabled	4	0	8	4351193f13482f1870741e6857258940817ba51914284682e896a3f0d27bc8e8	5eff143c29a6ae2177d8c74126604cd419d1a1cafa403aca38b7aa8d582648a5
000001	1100	baseline	1	0	48473042		8	0	0	4351193f13482f1870741e6857258940817ba51914284682e896a3f0d27bc8e8	5eff143c29a6ae2177d8c74126604cd419d1a1cafa403aca38b7aa8d582648a5
000001	1100	rvf	1	0	49294625	enabled	4	0	8	4351193f13482f1870741e6857258940817ba51914284682e896a3f0d27bc8e8	5eff143c29a6ae2177d8c74126604cd419d1a1cafa403aca38b7aa8d582648a5
000001	1101	baseline	1	0	49890833		8	0	0	4351193f13482f1870741e6857258940817ba51914284682e896a3f0d27bc8e8	5eff143c29a6ae2177d8c74126604cd419d1a1cafa403aca38b7aa8d582648a5
000001	1101	rvf	1	0	48337791	enabled	4	0	8	4351193f13482f1870741e6857258940817ba51914284682e896a3f0d27bc8e8	5eff143c29a6ae2177d8c74126604cd419d1a1cafa403aca38b7aa8d582648a5
000001	1102	baseline	1	0	48771916		8	0	0	4351193f13482f1870741e6857258940817ba51914284682e896a3f0d27bc8e8	5eff143c29a6ae2177d8c74126604cd419d1a1cafa403aca38b7aa8d582648a5
000001	1102	rvf	1	0	48821542	enabled	4	0	8	4351193f13482f1870741e6857258940817ba51914284682e896a3f0d27bc8e8	5eff143c29a6ae2177d8c74126604cd419d1a1cafa403aca38b7aa8d582648a5
000001	1110	baseline	1	0	47846750		8	0	0	4351193f13482f1870741e6857258940817ba51914284682e896a3f0d27bc8e8	5eff143c29a6ae2177d8c74126604cd419d1a1cafa403aca38b7aa8d582648a5
000001	1110	rvf	1	0	48831334	enabled	4	0	8	4351193f13482f1870741e6857258940817ba51914284682e896a3f0d27bc8e8	5eff143c29a6ae2177d8c74126604cd419d1a1cafa403aca38b7aa8d582648a5
000001	1111	baseline	1	0	48747959		8	0	0	4351193f13482f1870741e6857258940817ba51914284682e896a3f0d27bc8e8	5eff143c29a6ae2177d8c74126604cd419d1a1cafa403aca38b7aa8d582648a5
000001	1111	rvf	1	0	50885375	enabled	4	0	8	4351193f13482f1870741e6857258940817ba51914284682e896a3f0d27bc8e8	5eff143c29a6ae2177d8c74126604cd419d1a1cafa403aca38b7aa8d582648a5
000001	1112	baseline	1	42	48126916		2	0	0	9a4d10a79dfde562a0d30b92e3105a0f2c22902db1896f9908cb681305e13c35	e3b0c44298fc1c149afbf4c8996fb92427ae41e4649b934ca495991b7852b855
000001	1112	rvf	1	0	49401458	enabled	4	0	8	4351193f13482f1870741e6857258940817ba51914284682e896a3f0d27bc8e8	5eff143c29a6ae2177d8c74126604cd419d1a1cafa403aca38b7aa8d582648a5
000001	1120	baseline	1	0	47865959		8	0	0	4351193f13482f1870741e6857258940817ba51914284682e896a3f0d27bc8e8	5eff143c29a6ae2177d8c74126604cd419d1a1cafa403aca38b7aa8d582648a5
000001	1120	rvf	1	0	48784833	enabled	4	0	8	4351193f13482f1870741e6857258940817ba51914284682e896a3f0d27bc8e8	5eff143c29a6ae2177d8c74126604cd419d1a1cafa403aca38b7aa8d582648a5
000001	1121	baseline	1	0	48057875		8	0	0	4351193f13482f1870741e6857258940817ba51914284682e896a3f0d27bc8e8	5eff143c29a6ae2177d8c74126604cd419d1a1cafa403aca38b7aa8d582648a5
000001	1121	rvf	1	0	50401417	enabled	4	0	8	4351193f13482f1870741e6857258940817ba51914284682e896a3f0d27bc8e8	5eff143c29a6ae2177d8c74126604cd419d1a1cafa403aca38b7aa8d582648a5
000001	1122	baseline	1	42	48491625		0	0	0	9a4d10a79dfde562a0d30b92e3105a0f2c22902db1896f9908cb681305e13c35	e3b0c44298fc1c149afbf4c8996fb92427ae41e4649b934ca495991b7852b855
000001	1122	rvf	1	42	47698583	enabled	1	0	3	9a4d10a79dfde562a0d30b92e3105a0f2c22902db1896f9908cb681305e13c35	5eff143c29a6ae2177d8c74126604cd419d1a1cafa403aca38b7aa8d582648a5
000001	1200	baseline	1	0	48600209		8	0	0	4351193f13482f1870741e6857258940817ba51914284682e896a3f0d27bc8e8	5eff143c29a6ae2177d8c74126604cd419d1a1cafa403aca38b7aa8d582648a5
000001	1200	rvf	1	0	47938833	enabled	4	0	8	4351193f13482f1870741e6857258940817ba51914284682e896a3f0d27bc8e8	5eff143c29a6ae2177d8c74126604cd419d1a1cafa403aca38b7aa8d582648a5
000001	1201	baseline	1	0	48556083		8	0	0	4351193f13482f1870741e6857258940817ba51914284682e896a3f0d27bc8e8	5eff143c29a6ae2177d8c74126604cd419d1a1cafa403aca38b7aa8d582648a5
000001	1201	rvf	1	0	49191167	enabled	4	0	8	4351193f13482f1870741e6857258940817ba51914284682e896a3f0d27bc8e8	5eff143c29a6ae2177d8c74126604cd419d1a1cafa403aca38b7aa8d582648a5
000001	1202	baseline	1	0	47328375		8	0	0	4351193f13482f1870741e6857258940817ba51914284682e896a3f0d27bc8e8	5eff143c29a6ae2177d8c74126604cd419d1a1cafa403aca38b7aa8d582648a5
000001	1202	rvf	1	0	48322458	enabled	4	0	8	4351193f13482f1870741e6857258940817ba51914284682e896a3f0d27bc8e8	5eff143c29a6ae2177d8c74126604cd419d1a1cafa403aca38b7aa8d582648a5
000001	1210	baseline	1	0	48702500		8	0	0	4351193f13482f1870741e6857258940817ba51914284682e896a3f0d27bc8e8	5eff143c29a6ae2177d8c74126604cd419d1a1cafa403aca38b7aa8d582648a5
000001	1210	rvf	1	0	48190791	enabled	4	0	8	4351193f13482f1870741e6857258940817ba51914284682e896a3f0d27bc8e8	5eff143c29a6ae2177d8c74126604cd419d1a1cafa403aca38b7aa8d582648a5
000001	1211	baseline	1	0	47346000		8	0	0	4351193f13482f1870741e6857258940817ba51914284682e896a3f0d27bc8e8	5eff143c29a6ae2177d8c74126604cd419d1a1cafa403aca38b7aa8d582648a5
000001	1211	rvf	1	0	50157667	enabled	4	0	8	4351193f13482f1870741e6857258940817ba51914284682e896a3f0d27bc8e8	5eff143c29a6ae2177d8c74126604cd419d1a1cafa403aca38b7aa8d582648a5
000001	1212	baseline	1	0	47823750		8	0	0	4351193f13482f1870741e6857258940817ba51914284682e896a3f0d27bc8e8	5eff143c29a6ae2177d8c74126604cd419d1a1cafa403aca38b7aa8d582648a5
000001	1212	rvf	1	0	48524958	enabled	4	0	8	4351193f13482f1870741e6857258940817ba51914284682e896a3f0d27bc8e8	5eff143c29a6ae2177d8c74126604cd419d1a1cafa403aca38b7aa8d582648a5
000001	1220	baseline	1	0	48128333		8	0	0	4351193f13482f1870741e6857258940817ba51914284682e896a3f0d27bc8e8	5eff143c29a6ae2177d8c74126604cd419d1a1cafa403aca38b7aa8d582648a5
000001	1220	rvf	1	0	49793625	enabled	4	0	8	4351193f13482f1870741e6857258940817ba51914284682e896a3f0d27bc8e8	5eff143c29a6ae2177d8c74126604cd419d1a1cafa403aca38b7aa8d582648a5
000001	1221	baseline	1	0	47456083		8	0	0	4351193f13482f1870741e6857258940817ba51914284682e896a3f0d27bc8e8	5eff143c29a6ae2177d8c74126604cd419d1a1cafa403aca38b7aa8d582648a5
000001	1221	rvf	1	0	50048375	enabled	4	0	8	4351193f13482f1870741e6857258940817ba51914284682e896a3f0d27bc8e8	5eff143c29a6ae2177d8c74126604cd419d1a1cafa403aca38b7aa8d582648a5
000001	1222	baseline	1	42	48625166		1	0	0	9a4d10a79dfde562a0d30b92e3105a0f2c22902db1896f9908cb681305e13c35	e3b0c44298fc1c149afbf4c8996fb92427ae41e4649b934ca495991b7852b855
000001	1222	rvf	1	42	48721125	enabled	0	0	3	9a4d10a79dfde562a0d30b92e3105a0f2c22902db1896f9908cb681305e13c35	5eff143c29a6ae2177d8c74126604cd419d1a1cafa403aca38b7aa8d582648a5
000001	2000	baseline	1	0	47462334		8	0	0	4351193f13482f1870741e6857258940817ba51914284682e896a3f0d27bc8e8	5eff143c29a6ae2177d8c74126604cd419d1a1cafa403aca38b7aa8d582648a5
000001	2000	rvf	1	0	48434542	enabled	4	0	8	4351193f13482f1870741e6857258940817ba51914284682e896a3f0d27bc8e8	5eff143c29a6ae2177d8c74126604cd419d1a1cafa403aca38b7aa8d582648a5
000001	2001	baseline	1	0	47900458		8	0	0	4351193f13482f1870741e6857258940817ba51914284682e896a3f0d27bc8e8	5eff143c29a6ae2177d8c74126604cd419d1a1cafa403aca38b7aa8d582648a5
000001	2001	rvf	1	0	49843292	enabled	4	0	8	4351193f13482f1870741e6857258940817ba51914284682e896a3f0d27bc8e8	5eff143c29a6ae2177d8c74126604cd419d1a1cafa403aca38b7aa8d582648a5
000001	2002	baseline	1	0	48481125		8	0	0	4351193f13482f1870741e6857258940817ba51914284682e896a3f0d27bc8e8	5eff143c29a6ae2177d8c74126604cd419d1a1cafa403aca38b7aa8d582648a5
000001	2002	rvf	1	0	48503750	enabled	4	0	8	4351193f13482f1870741e6857258940817ba51914284682e896a3f0d27bc8e8	5eff143c29a6ae2177d8c74126604cd419d1a1cafa403aca38b7aa8d582648a5
000001	2010	baseline	1	0	48128750		8	0	0	4351193f13482f1870741e6857258940817ba51914284682e896a3f0d27bc8e8	5eff143c29a6ae2177d8c74126604cd419d1a1cafa403aca38b7aa8d582648a5
000001	2010	rvf	1	0	48466666	enabled	4	0	8	4351193f13482f1870741e6857258940817ba51914284682e896a3f0d27bc8e8	5eff143c29a6ae2177d8c74126604cd419d1a1cafa403aca38b7aa8d582648a5
000001	2011	baseline	1	0	47686250		8	0	0	4351193f13482f1870741e6857258940817ba51914284682e896a3f0d27bc8e8	5eff143c29a6ae2177d8c74126604cd419d1a1cafa403aca38b7aa8d582648a5
000001	2011	rvf	1	0	52093834	enabled	4	0	8	4351193f13482f1870741e6857258940817ba51914284682e896a3f0d27bc8e8	5eff143c29a6ae2177d8c74126604cd419d1a1cafa403aca38b7aa8d582648a5
000001	2012	baseline	1	0	48619125		8	0	0	4351193f13482f1870741e6857258940817ba51914284682e896a3f0d27bc8e8	5eff143c29a6ae2177d8c74126604cd419d1a1cafa403aca38b7aa8d582648a5
000001	2012	rvf	1	0	48716834	enabled	4	0	8	4351193f13482f1870741e6857258940817ba51914284682e896a3f0d27bc8e8	5eff143c29a6ae2177d8c74126604cd419d1a1cafa403aca38b7aa8d582648a5
000001	2020	baseline	1	0	48206667		8	0	0	4351193f13482f1870741e6857258940817ba51914284682e896a3f0d27bc8e8	5eff143c29a6ae2177d8c74126604cd419d1a1cafa403aca38b7aa8d582648a5
000001	2020	rvf	1	0	48139667	enabled	4	0	8	4351193f13482f1870741e6857258940817ba51914284682e896a3f0d27bc8e8	5eff143c29a6ae2177d8c74126604cd419d1a1cafa403aca38b7aa8d582648a5
000001	2021	baseline	1	0	47714791		8	0	0	4351193f13482f1870741e6857258940817ba51914284682e896a3f0d27bc8e8	5eff143c29a6ae2177d8c74126604cd419d1a1cafa403aca38b7aa8d582648a5
000001	2021	rvf	1	0	48178583	enabled	4	0	8	4351193f13482f1870741e6857258940817ba51914284682e896a3f0d27bc8e8	5eff143c29a6ae2177d8c74126604cd419d1a1cafa403aca38b7aa8d582648a5
000001	2022	baseline	1	0	48188958		8	0	0	4351193f13482f1870741e6857258940817ba51914284682e896a3f0d27bc8e8	5eff143c29a6ae2177d8c74126604cd419d1a1cafa403aca38b7aa8d582648a5
000001	2022	rvf	1	0	53509833	enabled	4	0	8	4351193f13482f1870741e6857258940817ba51914284682e896a3f0d27bc8e8	5eff143c29a6ae2177d8c74126604cd419d1a1cafa403aca38b7aa8d582648a5
000001	2100	baseline	1	0	50737916		8	0	0	4351193f13482f1870741e6857258940817ba51914284682e896a3f0d27bc8e8	5eff143c29a6ae2177d8c74126604cd419d1a1cafa403aca38b7aa8d582648a5
000001	2100	rvf	1	0	50714000	enabled	4	0	8	4351193f13482f1870741e6857258940817ba51914284682e896a3f0d27bc8e8	5eff143c29a6ae2177d8c74126604cd419d1a1cafa403aca38b7aa8d582648a5
000001	2101	baseline	1	0	47520334		8	0	0	4351193f13482f1870741e6857258940817ba51914284682e896a3f0d27bc8e8	5eff143c29a6ae2177d8c74126604cd419d1a1cafa403aca38b7aa8d582648a5
000001	2101	rvf	1	0	50618416	enabled	4	0	8	4351193f13482f1870741e6857258940817ba51914284682e896a3f0d27bc8e8	5eff143c29a6ae2177d8c74126604cd419d1a1cafa403aca38b7aa8d582648a5
000001	2102	baseline	1	0	48584833		8	0	0	4351193f13482f1870741e6857258940817ba51914284682e896a3f0d27bc8e8	5eff143c29a6ae2177d8c74126604cd419d1a1cafa403aca38b7aa8d582648a5
000001	2102	rvf	1	0	49445250	enabled	4	0	8	4351193f13482f1870741e6857258940817ba51914284682e896a3f0d27bc8e8	5eff143c29a6ae2177d8c74126604cd419d1a1cafa403aca38b7aa8d582648a5
000001	2110	baseline	1	0	48330042		8	0	0	4351193f13482f1870741e6857258940817ba51914284682e896a3f0d27bc8e8	5eff143c29a6ae2177d8c74126604cd419d1a1cafa403aca38b7aa8d582648a5
000001	2110	rvf	1	0	49497834	enabled	4	0	8	4351193f13482f1870741e6857258940817ba51914284682e896a3f0d27bc8e8	5eff143c29a6ae2177d8c74126604cd419d1a1cafa403aca38b7aa8d582648a5
000001	2111	baseline	1	0	47732375		8	0	0	4351193f13482f1870741e6857258940817ba51914284682e896a3f0d27bc8e8	5eff143c29a6ae2177d8c74126604cd419d1a1cafa403aca38b7aa8d582648a5
000001	2111	rvf	1	0	48881041	enabled	4	0	8	4351193f13482f1870741e6857258940817ba51914284682e896a3f0d27bc8e8	5eff143c29a6ae2177d8c74126604cd419d1a1cafa403aca38b7aa8d582648a5
000001	2112	baseline	1	0	48398750		8	0	0	4351193f13482f1870741e6857258940817ba51914284682e896a3f0d27bc8e8	5eff143c29a6ae2177d8c74126604cd419d1a1cafa403aca38b7aa8d582648a5
000001	2112	rvf	1	0	48095292	enabled	4	0	8	4351193f13482f1870741e6857258940817ba51914284682e896a3f0d27bc8e8	5eff143c29a6ae2177d8c74126604cd419d1a1cafa403aca38b7aa8d582648a5
000001	2120	baseline	1	0	47125000		8	0	0	4351193f13482f1870741e6857258940817ba51914284682e896a3f0d27bc8e8	5eff143c29a6ae2177d8c74126604cd419d1a1cafa403aca38b7aa8d582648a5
000001	2120	rvf	1	0	48483209	enabled	4	0	8	4351193f13482f1870741e6857258940817ba51914284682e896a3f0d27bc8e8	5eff143c29a6ae2177d8c74126604cd419d1a1cafa403aca38b7aa8d582648a5
000001	2121	baseline	1	0	48503750		8	0	0	4351193f13482f1870741e6857258940817ba51914284682e896a3f0d27bc8e8	5eff143c29a6ae2177d8c74126604cd419d1a1cafa403aca38b7aa8d582648a5
000001	2121	rvf	1	0	48866959	enabled	4	0	8	4351193f13482f1870741e6857258940817ba51914284682e896a3f0d27bc8e8	5eff143c29a6ae2177d8c74126604cd419d1a1cafa403aca38b7aa8d582648a5
000001	2122	baseline	1	0	48896167		8	0	0	4351193f13482f1870741e6857258940817ba51914284682e896a3f0d27bc8e8	5eff143c29a6ae2177d8c74126604cd419d1a1cafa403aca38b7aa8d582648a5
000001	2122	rvf	1	0	49256291	enabled	4	0	8	4351193f13482f1870741e6857258940817ba51914284682e896a3f0d27bc8e8	5eff143c29a6ae2177d8c74126604cd419d1a1cafa403aca38b7aa8d582648a5
000001	2200	baseline	1	0	47690625		8	0	0	4351193f13482f1870741e6857258940817ba51914284682e896a3f0d27bc8e8	5eff143c29a6ae2177d8c74126604cd419d1a1cafa403aca38b7aa8d582648a5
000001	2200	rvf	1	0	49161292	enabled	4	0	8	4351193f13482f1870741e6857258940817ba51914284682e896a3f0d27bc8e8	5eff143c29a6ae2177d8c74126604cd419d1a1cafa403aca38b7aa8d582648a5
000001	2201	baseline	1	0	46999334		8	0	0	4351193f13482f1870741e6857258940817ba51914284682e896a3f0d27bc8e8	5eff143c29a6ae2177d8c74126604cd419d1a1cafa403aca38b7aa8d582648a5
000001	2201	rvf	1	0	49108584	enabled	4	0	8	4351193f13482f1870741e6857258940817ba51914284682e896a3f0d27bc8e8	5eff143c29a6ae2177d8c74126604cd419d1a1cafa403aca38b7aa8d582648a5
000001	2202	baseline	1	0	47990250		8	0	0	4351193f13482f1870741e6857258940817ba51914284682e896a3f0d27bc8e8	5eff143c29a6ae2177d8c74126604cd419d1a1cafa403aca38b7aa8d582648a5
000001	2202	rvf	1	0	48990416	enabled	4	0	8	4351193f13482f1870741e6857258940817ba51914284682e896a3f0d27bc8e8	5eff143c29a6ae2177d8c74126604cd419d1a1cafa403aca38b7aa8d582648a5
000001	2210	baseline	1	0	47793750		8	0	0	4351193f13482f1870741e6857258940817ba51914284682e896a3f0d27bc8e8	5eff143c29a6ae2177d8c74126604cd419d1a1cafa403aca38b7aa8d582648a5
000001	2210	rvf	1	0	49389833	enabled	4	0	8	4351193f13482f1870741e6857258940817ba51914284682e896a3f0d27bc8e8	5eff143c29a6ae2177d8c74126604cd419d1a1cafa403aca38b7aa8d582648a5
000001	2211	baseline	1	0	48220666		8	0	0	4351193f13482f1870741e6857258940817ba51914284682e896a3f0d27bc8e8	5eff143c29a6ae2177d8c74126604cd419d1a1cafa403aca38b7aa8d582648a5
000001	2211	rvf	1	0	50406709	enabled	4	0	8	4351193f13482f1870741e6857258940817ba51914284682e896a3f0d27bc8e8	5eff143c29a6ae2177d8c74126604cd419d1a1cafa403aca38b7aa8d582648a5
000001	2212	baseline	1	0	49962583		8	0	0	4351193f13482f1870741e6857258940817ba51914284682e896a3f0d27bc8e8	5eff143c29a6ae2177d8c74126604cd419d1a1cafa403aca38b7aa8d582648a5
000001	2212	rvf	1	0	49291042	enabled	4	0	8	4351193f13482f1870741e6857258940817ba51914284682e896a3f0d27bc8e8	5eff143c29a6ae2177d8c74126604cd419d1a1cafa403aca38b7aa8d582648a5
000001	2220	baseline	1	0	47316667		8	0	0	4351193f13482f1870741e6857258940817ba51914284682e896a3f0d27bc8e8	5eff143c29a6ae2177d8c74126604cd419d1a1cafa403aca38b7aa8d582648a5
000001	2220	rvf	1	0	49022625	enabled	4	0	8	4351193f13482f1870741e6857258940817ba51914284682e896a3f0d27bc8e8	5eff143c29a6ae2177d8c74126604cd419d1a1cafa403aca38b7aa8d582648a5
000001	2221	baseline	1	0	48538291		8	0	0	4351193f13482f1870741e6857258940817ba51914284682e896a3f0d27bc8e8	5eff143c29a6ae2177d8c74126604cd419d1a1cafa403aca38b7aa8d582648a5
000001	2221	rvf	1	0	48736042	enabled	4	0	8	4351193f13482f1870741e6857258940817ba51914284682e896a3f0d27bc8e8	5eff143c29a6ae2177d8c74126604cd419d1a1cafa403aca38b7aa8d582648a5
000001	2222	baseline	1	0	48797792		8	0	0	4351193f13482f1870741e6857258940817ba51914284682e896a3f0d27bc8e8	5eff143c29a6ae2177d8c74126604cd419d1a1cafa403aca38b7aa8d582648a5
000001	2222	rvf	1	0	49707250	enabled	4	0	8	4351193f13482f1870741e6857258940817ba51914284682e896a3f0d27bc8e8	5eff143c29a6ae2177d8c74126604cd419d1a1cafa403aca38b7aa8d582648a5
000010	0000	baseline	1	0	49089541		10	0	0	4351193f13482f1870741e6857258940817ba51914284682e896a3f0d27bc8e8	5eff143c29a6ae2177d8c74126604cd419d1a1cafa403aca38b7aa8d582648a5
000010	0000	rvf	1	0	49673291	enabled	6	0	6	4351193f13482f1870741e6857258940817ba51914284682e896a3f0d27bc8e8	5eff143c29a6ae2177d8c74126604cd419d1a1cafa403aca38b7aa8d582648a5
000010	0001	baseline	1	0	48969833		10	0	0	4351193f13482f1870741e6857258940817ba51914284682e896a3f0d27bc8e8	5eff143c29a6ae2177d8c74126604cd419d1a1cafa403aca38b7aa8d582648a5
000010	0001	rvf	1	0	49586334	enabled	6	0	6	4351193f13482f1870741e6857258940817ba51914284682e896a3f0d27bc8e8	5eff143c29a6ae2177d8c74126604cd419d1a1cafa403aca38b7aa8d582648a5
000010	0002	baseline	1	0	48481042		10	0	0	4351193f13482f1870741e6857258940817ba51914284682e896a3f0d27bc8e8	5eff143c29a6ae2177d8c74126604cd419d1a1cafa403aca38b7aa8d582648a5
000010	0002	rvf	1	0	51596875	enabled	6	0	6	4351193f13482f1870741e6857258940817ba51914284682e896a3f0d27bc8e8	5eff143c29a6ae2177d8c74126604cd419d1a1cafa403aca38b7aa8d582648a5
000010	0010	baseline	1	0	48925750		10	0	0	4351193f13482f1870741e6857258940817ba51914284682e896a3f0d27bc8e8	5eff143c29a6ae2177d8c74126604cd419d1a1cafa403aca38b7aa8d582648a5
000010	0010	rvf	1	0	50228917	enabled	6	0	6	4351193f13482f1870741e6857258940817ba51914284682e896a3f0d27bc8e8	5eff143c29a6ae2177d8c74126604cd419d1a1cafa403aca38b7aa8d582648a5
000010	0011	baseline	1	0	48521292		10	0	0	4351193f13482f1870741e6857258940817ba51914284682e896a3f0d27bc8e8	5eff143c29a6ae2177d8c74126604cd419d1a1cafa403aca38b7aa8d582648a5
000010	0011	rvf	1	0	48752458	enabled	6	0	6	4351193f13482f1870741e6857258940817ba51914284682e896a3f0d27bc8e8	5eff143c29a6ae2177d8c74126604cd419d1a1cafa403aca38b7aa8d582648a5
000010	0012	baseline	1	0	49363167		10	0	0	4351193f13482f1870741e6857258940817ba51914284682e896a3f0d27bc8e8	5eff143c29a6ae2177d8c74126604cd419d1a1cafa403aca38b7aa8d582648a5
000010	0012	rvf	1	0	49950958	enabled	6	0	6	4351193f13482f1870741e6857258940817ba51914284682e896a3f0d27bc8e8	5eff143c29a6ae2177d8c74126604cd419d1a1cafa403aca38b7aa8d582648a5
000010	0020	baseline	1	0	47887875		10	0	0	4351193f13482f1870741e6857258940817ba51914284682e896a3f0d27bc8e8	5eff143c29a6ae2177d8c74126604cd419d1a1cafa403aca38b7aa8d582648a5
000010	0020	rvf	1	0	50422250	enabled	6	0	6	4351193f13482f1870741e6857258940817ba51914284682e896a3f0d27bc8e8	5eff143c29a6ae2177d8c74126604cd419d1a1cafa403aca38b7aa8d582648a5
000010	0021	baseline	1	0	48402542		10	0	0	4351193f13482f1870741e6857258940817ba51914284682e896a3f0d27bc8e8	5eff143c29a6ae2177d8c74126604cd419d1a1cafa403aca38b7aa8d582648a5
000010	0021	rvf	1	0	50271042	enabled	6	0	6	4351193f13482f1870741e6857258940817ba51914284682e896a3f0d27bc8e8	5eff143c29a6ae2177d8c74126604cd419d1a1cafa403aca38b7aa8d582648a5
000010	0022	baseline	1	0	48367209		10	0	0	4351193f13482f1870741e6857258940817ba51914284682e896a3f0d27bc8e8	5eff143c29a6ae2177d8c74126604cd419d1a1cafa403aca38b7aa8d582648a5
000010	0022	rvf	1	0	53665833	enabled	6	0	6	4351193f13482f1870741e6857258940817ba51914284682e896a3f0d27bc8e8	5eff143c29a6ae2177d8c74126604cd419d1a1cafa403aca38b7aa8d582648a5
000010	0100	baseline	1	0	48403958		10	0	0	4351193f13482f1870741e6857258940817ba51914284682e896a3f0d27bc8e8	5eff143c29a6ae2177d8c74126604cd419d1a1cafa403aca38b7aa8d582648a5
000010	0100	rvf	1	0	49431333	enabled	6	0	6	4351193f13482f1870741e6857258940817ba51914284682e896a3f0d27bc8e8	5eff143c29a6ae2177d8c74126604cd419d1a1cafa403aca38b7aa8d582648a5
000010	0101	baseline	1	0	48271166		10	0	0	4351193f13482f1870741e6857258940817ba51914284682e896a3f0d27bc8e8	5eff143c29a6ae2177d8c74126604cd419d1a1cafa403aca38b7aa8d582648a5
000010	0101	rvf	1	0	48973125	enabled	6	0	6	4351193f13482f1870741e6857258940817ba51914284682e896a3f0d27bc8e8	5eff143c29a6ae2177d8c74126604cd419d1a1cafa403aca38b7aa8d582648a5
000010	0102	baseline	1	0	48199542		10	0	0	4351193f13482f1870741e6857258940817ba51914284682e896a3f0d27bc8e8	5eff143c29a6ae2177d8c74126604cd419d1a1cafa403aca38b7aa8d582648a5
000010	0102	rvf	1	0	50054541	enabled	6	0	6	4351193f13482f1870741e6857258940817ba51914284682e896a3f0d27bc8e8	5eff143c29a6ae2177d8c74126604cd419d1a1cafa403aca38b7aa8d582648a5
000010	0110	baseline	1	0	47615959		10	0	0	4351193f13482f1870741e6857258940817ba51914284682e896a3f0d27bc8e8	5eff143c29a6ae2177d8c74126604cd419d1a1cafa403aca38b7aa8d582648a5
000010	0110	rvf	1	0	48590042	enabled	6	0	6	4351193f13482f1870741e6857258940817ba51914284682e896a3f0d27bc8e8	5eff143c29a6ae2177d8c74126604cd419d1a1cafa403aca38b7aa8d582648a5
000010	0111	baseline	1	0	48468291		10	0	0	4351193f13482f1870741e6857258940817ba51914284682e896a3f0d27bc8e8	5eff143c29a6ae2177d8c74126604cd419d1a1cafa403aca38b7aa8d582648a5
000010	0111	rvf	1	0	49357083	enabled	6	0	6	4351193f13482f1870741e6857258940817ba51914284682e896a3f0d27bc8e8	5eff143c29a6ae2177d8c74126604cd419d1a1cafa403aca38b7aa8d582648a5
000010	0112	baseline	1	0	47523833		10	0	0	4351193f13482f1870741e6857258940817ba51914284682e896a3f0d27bc8e8	5eff143c29a6ae2177d8c74126604cd419d1a1cafa403aca38b7aa8d582648a5
000010	0112	rvf	1	0	50715583	enabled	6	0	6	4351193f13482f1870741e6857258940817ba51914284682e896a3f0d27bc8e8	5eff143c29a6ae2177d8c74126604cd419d1a1cafa403aca38b7aa8d582648a5
000010	0120	baseline	1	0	47860334		10	0	0	4351193f13482f1870741e6857258940817ba51914284682e896a3f0d27bc8e8	5eff143c29a6ae2177d8c74126604cd419d1a1cafa403aca38b7aa8d582648a5
000010	0120	rvf	1	0	56796334	enabled	6	0	6	4351193f13482f1870741e6857258940817ba51914284682e896a3f0d27bc8e8	5eff143c29a6ae2177d8c74126604cd419d1a1cafa403aca38b7aa8d582648a5
000010	0121	baseline	1	0	60281542		10	0	0	4351193f13482f1870741e6857258940817ba51914284682e896a3f0d27bc8e8	5eff143c29a6ae2177d8c74126604cd419d1a1cafa403aca38b7aa8d582648a5
000010	0121	rvf	1	0	66945834	enabled	6	0	6	4351193f13482f1870741e6857258940817ba51914284682e896a3f0d27bc8e8	5eff143c29a6ae2177d8c74126604cd419d1a1cafa403aca38b7aa8d582648a5
000010	0122	baseline	1	0	52049209		10	0	0	4351193f13482f1870741e6857258940817ba51914284682e896a3f0d27bc8e8	5eff143c29a6ae2177d8c74126604cd419d1a1cafa403aca38b7aa8d582648a5
000010	0122	rvf	1	0	52881458	enabled	6	0	6	4351193f13482f1870741e6857258940817ba51914284682e896a3f0d27bc8e8	5eff143c29a6ae2177d8c74126604cd419d1a1cafa403aca38b7aa8d582648a5
000010	0200	baseline	1	0	62556084		10	0	0	4351193f13482f1870741e6857258940817ba51914284682e896a3f0d27bc8e8	5eff143c29a6ae2177d8c74126604cd419d1a1cafa403aca38b7aa8d582648a5
000010	0200	rvf	1	0	52717209	enabled	6	0	6	4351193f13482f1870741e6857258940817ba51914284682e896a3f0d27bc8e8	5eff143c29a6ae2177d8c74126604cd419d1a1cafa403aca38b7aa8d582648a5
000010	0201	baseline	1	0	52036166		10	0	0	4351193f13482f1870741e6857258940817ba51914284682e896a3f0d27bc8e8	5eff143c29a6ae2177d8c74126604cd419d1a1cafa403aca38b7aa8d582648a5
000010	0201	rvf	1	0	64686958	enabled	6	0	6	4351193f13482f1870741e6857258940817ba51914284682e896a3f0d27bc8e8	5eff143c29a6ae2177d8c74126604cd419d1a1cafa403aca38b7aa8d582648a5
000010	0202	baseline	1	0	51254041		10	0	0	4351193f13482f1870741e6857258940817ba51914284682e896a3f0d27bc8e8	5eff143c29a6ae2177d8c74126604cd419d1a1cafa403aca38b7aa8d582648a5
000010	0202	rvf	1	0	55731458	enabled	6	0	6	4351193f13482f1870741e6857258940817ba51914284682e896a3f0d27bc8e8	5eff143c29a6ae2177d8c74126604cd419d1a1cafa403aca38b7aa8d582648a5
000010	0210	baseline	1	0	60750625		10	0	0	4351193f13482f1870741e6857258940817ba51914284682e896a3f0d27bc8e8	5eff143c29a6ae2177d8c74126604cd419d1a1cafa403aca38b7aa8d582648a5
000010	0210	rvf	1	0	49426917	enabled	6	0	6	4351193f13482f1870741e6857258940817ba51914284682e896a3f0d27bc8e8	5eff143c29a6ae2177d8c74126604cd419d1a1cafa403aca38b7aa8d582648a5
000010	0211	baseline	1	0	48619083		10	0	0	4351193f13482f1870741e6857258940817ba51914284682e896a3f0d27bc8e8	5eff143c29a6ae2177d8c74126604cd419d1a1cafa403aca38b7aa8d582648a5
000010	0211	rvf	1	0	51087750	enabled	6	0	6	4351193f13482f1870741e6857258940817ba51914284682e896a3f0d27bc8e8	5eff143c29a6ae2177d8c74126604cd419d1a1cafa403aca38b7aa8d582648a5
000010	0212	baseline	1	0	48925875		10	0	0	4351193f13482f1870741e6857258940817ba51914284682e896a3f0d27bc8e8	5eff143c29a6ae2177d8c74126604cd419d1a1cafa403aca38b7aa8d582648a5
000010	0212	rvf	1	0	49440333	enabled	6	0	6	4351193f13482f1870741e6857258940817ba51914284682e896a3f0d27bc8e8	5eff143c29a6ae2177d8c74126604cd419d1a1cafa403aca38b7aa8d582648a5
000010	0220	baseline	1	0	48922542		10	0	0	4351193f13482f1870741e6857258940817ba51914284682e896a3f0d27bc8e8	5eff143c29a6ae2177d8c74126604cd419d1a1cafa403aca38b7aa8d582648a5
000010	0220	rvf	1	0	49830666	enabled	6	0	6	4351193f13482f1870741e6857258940817ba51914284682e896a3f0d27bc8e8	5eff143c29a6ae2177d8c74126604cd419d1a1cafa403aca38b7aa8d582648a5
000010	0221	baseline	1	0	48060708		10	0	0	4351193f13482f1870741e6857258940817ba51914284682e896a3f0d27bc8e8	5eff143c29a6ae2177d8c74126604cd419d1a1cafa403aca38b7aa8d582648a5
000010	0221	rvf	1	0	49133250	enabled	6	0	6	4351193f13482f1870741e6857258940817ba51914284682e896a3f0d27bc8e8	5eff143c29a6ae2177d8c74126604cd419d1a1cafa403aca38b7aa8d582648a5
000010	0222	baseline	1	0	47551500		10	0	0	4351193f13482f1870741e6857258940817ba51914284682e896a3f0d27bc8e8	5eff143c29a6ae2177d8c74126604cd419d1a1cafa403aca38b7aa8d582648a5
000010	0222	rvf	1	0	50425000	enabled	6	0	6	4351193f13482f1870741e6857258940817ba51914284682e896a3f0d27bc8e8	5eff143c29a6ae2177d8c74126604cd419d1a1cafa403aca38b7aa8d582648a5
000010	1000	baseline	1	0	48474041		10	0	0	4351193f13482f1870741e6857258940817ba51914284682e896a3f0d27bc8e8	5eff143c29a6ae2177d8c74126604cd419d1a1cafa403aca38b7aa8d582648a5
000010	1000	rvf	1	0	49039166	enabled	6	0	6	4351193f13482f1870741e6857258940817ba51914284682e896a3f0d27bc8e8	5eff143c29a6ae2177d8c74126604cd419d1a1cafa403aca38b7aa8d582648a5
000010	1001	baseline	1	0	49011250		10	0	0	4351193f13482f1870741e6857258940817ba51914284682e896a3f0d27bc8e8	5eff143c29a6ae2177d8c74126604cd419d1a1cafa403aca38b7aa8d582648a5
000010	1001	rvf	1	0	49757541	enabled	6	0	6	4351193f13482f1870741e6857258940817ba51914284682e896a3f0d27bc8e8	5eff143c29a6ae2177d8c74126604cd419d1a1cafa403aca38b7aa8d582648a5
000010	1002	baseline	1	0	48524333		10	0	0	4351193f13482f1870741e6857258940817ba51914284682e896a3f0d27bc8e8	5eff143c29a6ae2177d8c74126604cd419d1a1cafa403aca38b7aa8d582648a5
000010	1002	rvf	1	0	49031334	enabled	6	0	6	4351193f13482f1870741e6857258940817ba51914284682e896a3f0d27bc8e8	5eff143c29a6ae2177d8c74126604cd419d1a1cafa403aca38b7aa8d582648a5
000010	1010	baseline	1	0	48101125		10	0	0	4351193f13482f1870741e6857258940817ba51914284682e896a3f0d27bc8e8	5eff143c29a6ae2177d8c74126604cd419d1a1cafa403aca38b7aa8d582648a5
000010	1010	rvf	1	0	49610292	enabled	6	0	6	4351193f13482f1870741e6857258940817ba51914284682e896a3f0d27bc8e8	5eff143c29a6ae2177d8c74126604cd419d1a1cafa403aca38b7aa8d582648a5
000010	1011	baseline	1	0	49682584		10	0	0	4351193f13482f1870741e6857258940817ba51914284682e896a3f0d27bc8e8	5eff143c29a6ae2177d8c74126604cd419d1a1cafa403aca38b7aa8d582648a5
000010	1011	rvf	1	0	49529917	enabled	6	0	6	4351193f13482f1870741e6857258940817ba51914284682e896a3f0d27bc8e8	5eff143c29a6ae2177d8c74126604cd419d1a1cafa403aca38b7aa8d582648a5
000010	1012	baseline	1	0	47323000		10	0	0	4351193f13482f1870741e6857258940817ba51914284682e896a3f0d27bc8e8	5eff143c29a6ae2177d8c74126604cd419d1a1cafa403aca38b7aa8d582648a5
000010	1012	rvf	1	0	47931792	enabled	6	0	6	4351193f13482f1870741e6857258940817ba51914284682e896a3f0d27bc8e8	5eff143c29a6ae2177d8c74126604cd419d1a1cafa403aca38b7aa8d582648a5
000010	1020	baseline	1	42	47614167		0	0	0	9a4d10a79dfde562a0d30b92e3105a0f2c22902db1896f9908cb681305e13c35	e3b0c44298fc1c149afbf4c8996fb92427ae41e4649b934ca495991b7852b855
000010	1020	rvf	1	42	47473708	enabled	4	0	4	9a4d10a79dfde562a0d30b92e3105a0f2c22902db1896f9908cb681305e13c35	5eff143c29a6ae2177d8c74126604cd419d1a1cafa403aca38b7aa8d582648a5
000010	1021	baseline	1	0	48766250		10	0	0	4351193f13482f1870741e6857258940817ba51914284682e896a3f0d27bc8e8	5eff143c29a6ae2177d8c74126604cd419d1a1cafa403aca38b7aa8d582648a5
000010	1021	rvf	1	0	49812667	enabled	6	0	6	4351193f13482f1870741e6857258940817ba51914284682e896a3f0d27bc8e8	5eff143c29a6ae2177d8c74126604cd419d1a1cafa403aca38b7aa8d582648a5
000010	1022	baseline	1	0	49027833		10	0	0	4351193f13482f1870741e6857258940817ba51914284682e896a3f0d27bc8e8	5eff143c29a6ae2177d8c74126604cd419d1a1cafa403aca38b7aa8d582648a5
000010	1022	rvf	1	0	50579208	enabled	6	0	6	4351193f13482f1870741e6857258940817ba51914284682e896a3f0d27bc8e8	5eff143c29a6ae2177d8c74126604cd419d1a1cafa403aca38b7aa8d582648a5
000010	1100	baseline	1	0	50149167		10	0	0	4351193f13482f1870741e6857258940817ba51914284682e896a3f0d27bc8e8	5eff143c29a6ae2177d8c74126604cd419d1a1cafa403aca38b7aa8d582648a5
000010	1100	rvf	1	0	49163500	enabled	6	0	6	4351193f13482f1870741e6857258940817ba51914284682e896a3f0d27bc8e8	5eff143c29a6ae2177d8c74126604cd419d1a1cafa403aca38b7aa8d582648a5
000010	1101	baseline	1	0	48946125		10	0	0	4351193f13482f1870741e6857258940817ba51914284682e896a3f0d27bc8e8	5eff143c29a6ae2177d8c74126604cd419d1a1cafa403aca38b7aa8d582648a5
000010	1101	rvf	1	0	50282292	enabled	6	0	6	4351193f13482f1870741e6857258940817ba51914284682e896a3f0d27bc8e8	5eff143c29a6ae2177d8c74126604cd419d1a1cafa403aca38b7aa8d582648a5
000010	1102	baseline	1	0	51856167		10	0	0	4351193f13482f1870741e6857258940817ba51914284682e896a3f0d27bc8e8	5eff143c29a6ae2177d8c74126604cd419d1a1cafa403aca38b7aa8d582648a5
000010	1102	rvf	1	0	51273375	enabled	6	0	6	4351193f13482f1870741e6857258940817ba51914284682e896a3f0d27bc8e8	5eff143c29a6ae2177d8c74126604cd419d1a1cafa403aca38b7aa8d582648a5
000010	1110	baseline	1	0	49376208		10	0	0	4351193f13482f1870741e6857258940817ba51914284682e896a3f0d27bc8e8	5eff143c29a6ae2177d8c74126604cd419d1a1cafa403aca38b7aa8d582648a5
000010	1110	rvf	1	0	49375417	enabled	6	0	6	4351193f13482f1870741e6857258940817ba51914284682e896a3f0d27bc8e8	5eff143c29a6ae2177d8c74126604cd419d1a1cafa403aca38b7aa8d582648a5
000010	1111	baseline	1	0	48533542		10	0	0	4351193f13482f1870741e6857258940817ba51914284682e896a3f0d27bc8e8	5eff143c29a6ae2177d8c74126604cd419d1a1cafa403aca38b7aa8d582648a5
000010	1111	rvf	1	0	49341625	enabled	6	0	6	4351193f13482f1870741e6857258940817ba51914284682e896a3f0d27bc8e8	5eff143c29a6ae2177d8c74126604cd419d1a1cafa403aca38b7aa8d582648a5
000010	1112	baseline	1	0	49296333		10	0	0	4351193f13482f1870741e6857258940817ba51914284682e896a3f0d27bc8e8	5eff143c29a6ae2177d8c74126604cd419d1a1cafa403aca38b7aa8d582648a5
000010	1112	rvf	1	0	49554917	enabled	6	0	6	4351193f13482f1870741e6857258940817ba51914284682e896a3f0d27bc8e8	5eff143c29a6ae2177d8c74126604cd419d1a1cafa403aca38b7aa8d582648a5
000010	1120	baseline	1	0	48610583		10	0	0	4351193f13482f1870741e6857258940817ba51914284682e896a3f0d27bc8e8	5eff143c29a6ae2177d8c74126604cd419d1a1cafa403aca38b7aa8d582648a5
000010	1120	rvf	1	0	49404375	enabled	6	0	6	4351193f13482f1870741e6857258940817ba51914284682e896a3f0d27bc8e8	5eff143c29a6ae2177d8c74126604cd419d1a1cafa403aca38b7aa8d582648a5
000010	1121	baseline	1	0	48849042		10	0	0	4351193f13482f1870741e6857258940817ba51914284682e896a3f0d27bc8e8	5eff143c29a6ae2177d8c74126604cd419d1a1cafa403aca38b7aa8d582648a5
000010	1121	rvf	1	0	49100125	enabled	6	0	6	4351193f13482f1870741e6857258940817ba51914284682e896a3f0d27bc8e8	5eff143c29a6ae2177d8c74126604cd419d1a1cafa403aca38b7aa8d582648a5
000010	1122	baseline	1	0	49015541		10	0	0	4351193f13482f1870741e6857258940817ba51914284682e896a3f0d27bc8e8	5eff143c29a6ae2177d8c74126604cd419d1a1cafa403aca38b7aa8d582648a5
000010	1122	rvf	1	0	54682917	enabled	6	0	6	4351193f13482f1870741e6857258940817ba51914284682e896a3f0d27bc8e8	5eff143c29a6ae2177d8c74126604cd419d1a1cafa403aca38b7aa8d582648a5
000010	1200	baseline	1	0	53975833		10	0	0	4351193f13482f1870741e6857258940817ba51914284682e896a3f0d27bc8e8	5eff143c29a6ae2177d8c74126604cd419d1a1cafa403aca38b7aa8d582648a5
000010	1200	rvf	1	0	48536709	enabled	6	0	6	4351193f13482f1870741e6857258940817ba51914284682e896a3f0d27bc8e8	5eff143c29a6ae2177d8c74126604cd419d1a1cafa403aca38b7aa8d582648a5
000010	1201	baseline	1	0	49053708		10	0	0	4351193f13482f1870741e6857258940817ba51914284682e896a3f0d27bc8e8	5eff143c29a6ae2177d8c74126604cd419d1a1cafa403aca38b7aa8d582648a5
000010	1201	rvf	1	0	48696416	enabled	6	0	6	4351193f13482f1870741e6857258940817ba51914284682e896a3f0d27bc8e8	5eff143c29a6ae2177d8c74126604cd419d1a1cafa403aca38b7aa8d582648a5
000010	1202	baseline	1	0	48803750		10	0	0	4351193f13482f1870741e6857258940817ba51914284682e896a3f0d27bc8e8	5eff143c29a6ae2177d8c74126604cd419d1a1cafa403aca38b7aa8d582648a5
000010	1202	rvf	1	0	49419292	enabled	6	0	6	4351193f13482f1870741e6857258940817ba51914284682e896a3f0d27bc8e8	5eff143c29a6ae2177d8c74126604cd419d1a1cafa403aca38b7aa8d582648a5
000010	1210	baseline	1	0	47736375		10	0	0	4351193f13482f1870741e6857258940817ba51914284682e896a3f0d27bc8e8	5eff143c29a6ae2177d8c74126604cd419d1a1cafa403aca38b7aa8d582648a5
000010	1210	rvf	1	0	48998791	enabled	6	0	6	4351193f13482f1870741e6857258940817ba51914284682e896a3f0d27bc8e8	5eff143c29a6ae2177d8c74126604cd419d1a1cafa403aca38b7aa8d582648a5
000010	1211	baseline	1	0	48505459		10	0	0	4351193f13482f1870741e6857258940817ba51914284682e896a3f0d27bc8e8	5eff143c29a6ae2177d8c74126604cd419d1a1cafa403aca38b7aa8d582648a5
000010	1211	rvf	1	0	49318375	enabled	6	0	6	4351193f13482f1870741e6857258940817ba51914284682e896a3f0d27bc8e8	5eff143c29a6ae2177d8c74126604cd419d1a1cafa403aca38b7aa8d582648a5
000010	1212	baseline	1	0	49155125		10	0	0	4351193f13482f1870741e6857258940817ba51914284682e896a3f0d27bc8e8	5eff143c29a6ae2177d8c74126604cd419d1a1cafa403aca38b7aa8d582648a5
000010	1212	rvf	1	0	49133042	enabled	6	0	6	4351193f13482f1870741e6857258940817ba51914284682e896a3f0d27bc8e8	5eff143c29a6ae2177d8c74126604cd419d1a1cafa403aca38b7aa8d582648a5
000010	1220	baseline	1	0	47358000		10	0	0	4351193f13482f1870741e6857258940817ba51914284682e896a3f0d27bc8e8	5eff143c29a6ae2177d8c74126604cd419d1a1cafa403aca38b7aa8d582648a5
000010	1220	rvf	1	0	49038917	enabled	6	0	6	4351193f13482f1870741e6857258940817ba51914284682e896a3f0d27bc8e8	5eff143c29a6ae2177d8c74126604cd419d1a1cafa403aca38b7aa8d582648a5
000010	1221	baseline	1	0	48014833		10	0	0	4351193f13482f1870741e6857258940817ba51914284682e896a3f0d27bc8e8	5eff143c29a6ae2177d8c74126604cd419d1a1cafa403aca38b7aa8d582648a5
000010	1221	rvf	1	0	49256584	enabled	6	0	6	4351193f13482f1870741e6857258940817ba51914284682e896a3f0d27bc8e8	5eff143c29a6ae2177d8c74126604cd419d1a1cafa403aca38b7aa8d582648a5
000010	1222	baseline	1	0	48858083		10	0	0	4351193f13482f1870741e6857258940817ba51914284682e896a3f0d27bc8e8	5eff143c29a6ae2177d8c74126604cd419d1a1cafa403aca38b7aa8d582648a5
000010	1222	rvf	1	0	49658584	enabled	6	0	6	4351193f13482f1870741e6857258940817ba51914284682e896a3f0d27bc8e8	5eff143c29a6ae2177d8c74126604cd419d1a1cafa403aca38b7aa8d582648a5
000010	2000	baseline	1	0	47862708		10	0	0	4351193f13482f1870741e6857258940817ba51914284682e896a3f0d27bc8e8	5eff143c29a6ae2177d8c74126604cd419d1a1cafa403aca38b7aa8d582648a5
000010	2000	rvf	1	0	49948083	enabled	6	0	6	4351193f13482f1870741e6857258940817ba51914284682e896a3f0d27bc8e8	5eff143c29a6ae2177d8c74126604cd419d1a1cafa403aca38b7aa8d582648a5
000010	2001	baseline	1	0	49175542		10	0	0	4351193f13482f1870741e6857258940817ba51914284682e896a3f0d27bc8e8	5eff143c29a6ae2177d8c74126604cd419d1a1cafa403aca38b7aa8d582648a5
000010	2001	rvf	1	0	50727625	enabled	6	0	6	4351193f13482f1870741e6857258940817ba51914284682e896a3f0d27bc8e8	5eff143c29a6ae2177d8c74126604cd419d1a1cafa403aca38b7aa8d582648a5
000010	2002	baseline	1	0	49971417		10	0	0	4351193f13482f1870741e6857258940817ba51914284682e896a3f0d27bc8e8	5eff143c29a6ae2177d8c74126604cd419d1a1cafa403aca38b7aa8d582648a5
000010	2002	rvf	1	0	48563417	enabled	6	0	6	4351193f13482f1870741e6857258940817ba51914284682e896a3f0d27bc8e8	5eff143c29a6ae2177d8c74126604cd419d1a1cafa403aca38b7aa8d582648a5
000010	2010	baseline	1	0	48551916		10	0	0	4351193f13482f1870741e6857258940817ba51914284682e896a3f0d27bc8e8	5eff143c29a6ae2177d8c74126604cd419d1a1cafa403aca38b7aa8d582648a5
000010	2010	rvf	1	0	48983250	enabled	6	0	6	4351193f13482f1870741e6857258940817ba51914284682e896a3f0d27bc8e8	5eff143c29a6ae2177d8c74126604cd419d1a1cafa403aca38b7aa8d582648a5
000010	2011	baseline	1	0	48466667		10	0	0	4351193f13482f1870741e6857258940817ba51914284682e896a3f0d27bc8e8	5eff143c29a6ae2177d8c74126604cd419d1a1cafa403aca38b7aa8d582648a5
000010	2011	rvf	1	0	49692834	enabled	6	0	6	4351193f13482f1870741e6857258940817ba51914284682e896a3f0d27bc8e8	5eff143c29a6ae2177d8c74126604cd419d1a1cafa403aca38b7aa8d582648a5
000010	2012	baseline	1	0	49392333		10	0	0	4351193f13482f1870741e6857258940817ba51914284682e896a3f0d27bc8e8	5eff143c29a6ae2177d8c74126604cd419d1a1cafa403aca38b7aa8d582648a5
000010	2012	rvf	1	0	49778625	enabled	6	0	6	4351193f13482f1870741e6857258940817ba51914284682e896a3f0d27bc8e8	5eff143c29a6ae2177d8c74126604cd419d1a1cafa403aca38b7aa8d582648a5
000010	2020	baseline	1	42	47737750		4	0	0	9a4d10a79dfde562a0d30b92e3105a0f2c22902db1896f9908cb681305e13c35	e3b0c44298fc1c149afbf4c8996fb92427ae41e4649b934ca495991b7852b855
000010	2020	rvf	1	42	48998667	enabled	3	0	4	9a4d10a79dfde562a0d30b92e3105a0f2c22902db1896f9908cb681305e13c35	5eff143c29a6ae2177d8c74126604cd419d1a1cafa403aca38b7aa8d582648a5
000010	2021	baseline	1	0	48824292		10	0	0	4351193f13482f1870741e6857258940817ba51914284682e896a3f0d27bc8e8	5eff143c29a6ae2177d8c74126604cd419d1a1cafa403aca38b7aa8d582648a5
000010	2021	rvf	1	0	49559833	enabled	6	0	6	4351193f13482f1870741e6857258940817ba51914284682e896a3f0d27bc8e8	5eff143c29a6ae2177d8c74126604cd419d1a1cafa403aca38b7aa8d582648a5
000010	2022	baseline	1	0	49895250		10	0	0	4351193f13482f1870741e6857258940817ba51914284682e896a3f0d27bc8e8	5eff143c29a6ae2177d8c74126604cd419d1a1cafa403aca38b7aa8d582648a5
000010	2022	rvf	1	0	49386584	enabled	6	0	6	4351193f13482f1870741e6857258940817ba51914284682e896a3f0d27bc8e8	5eff143c29a6ae2177d8c74126604cd419d1a1cafa403aca38b7aa8d582648a5
000010	2100	baseline	1	0	49514167		10	0	0	4351193f13482f1870741e6857258940817ba51914284682e896a3f0d27bc8e8	5eff143c29a6ae2177d8c74126604cd419d1a1cafa403aca38b7aa8d582648a5
000010	2100	rvf	1	0	49631083	enabled	6	0	6	4351193f13482f1870741e6857258940817ba51914284682e896a3f0d27bc8e8	5eff143c29a6ae2177d8c74126604cd419d1a1cafa403aca38b7aa8d582648a5
000010	2101	baseline	1	0	51164625		10	0	0	4351193f13482f1870741e6857258940817ba51914284682e896a3f0d27bc8e8	5eff143c29a6ae2177d8c74126604cd419d1a1cafa403aca38b7aa8d582648a5
000010	2101	rvf	1	0	48381125	enabled	6	0	6	4351193f13482f1870741e6857258940817ba51914284682e896a3f0d27bc8e8	5eff143c29a6ae2177d8c74126604cd419d1a1cafa403aca38b7aa8d582648a5
000010	2102	baseline	1	0	48998334		10	0	0	4351193f13482f1870741e6857258940817ba51914284682e896a3f0d27bc8e8	5eff143c29a6ae2177d8c74126604cd419d1a1cafa403aca38b7aa8d582648a5
000010	2102	rvf	1	0	52529791	enabled	6	0	6	4351193f13482f1870741e6857258940817ba51914284682e896a3f0d27bc8e8	5eff143c29a6ae2177d8c74126604cd419d1a1cafa403aca38b7aa8d582648a5
000010	2110	baseline	1	0	53080834		10	0	0	4351193f13482f1870741e6857258940817ba51914284682e896a3f0d27bc8e8	5eff143c29a6ae2177d8c74126604cd419d1a1cafa403aca38b7aa8d582648a5
000010	2110	rvf	1	0	49284875	enabled	6	0	6	4351193f13482f1870741e6857258940817ba51914284682e896a3f0d27bc8e8	5eff143c29a6ae2177d8c74126604cd419d1a1cafa403aca38b7aa8d582648a5
000010	2111	baseline	1	0	49046250		10	0	0	4351193f13482f1870741e6857258940817ba51914284682e896a3f0d27bc8e8	5eff143c29a6ae2177d8c74126604cd419d1a1cafa403aca38b7aa8d582648a5
000010	2111	rvf	1	0	48616750	enabled	6	0	6	4351193f13482f1870741e6857258940817ba51914284682e896a3f0d27bc8e8	5eff143c29a6ae2177d8c74126604cd419d1a1cafa403aca38b7aa8d582648a5
000010	2112	baseline	1	0	49767625		10	0	0	4351193f13482f1870741e6857258940817ba51914284682e896a3f0d27bc8e8	5eff143c29a6ae2177d8c74126604cd419d1a1cafa403aca38b7aa8d582648a5
000010	2112	rvf	1	0	49963250	enabled	6	0	6	4351193f13482f1870741e6857258940817ba51914284682e896a3f0d27bc8e8	5eff143c29a6ae2177d8c74126604cd419d1a1cafa403aca38b7aa8d582648a5
000010	2120	baseline	1	0	51282333		10	0	0	4351193f13482f1870741e6857258940817ba51914284682e896a3f0d27bc8e8	5eff143c29a6ae2177d8c74126604cd419d1a1cafa403aca38b7aa8d582648a5
000010	2120	rvf	1	0	49836125	enabled	6	0	6	4351193f13482f1870741e6857258940817ba51914284682e896a3f0d27bc8e8	5eff143c29a6ae2177d8c74126604cd419d1a1cafa403aca38b7aa8d582648a5
000010	2121	baseline	1	0	48202084		10	0	0	4351193f13482f1870741e6857258940817ba51914284682e896a3f0d27bc8e8	5eff143c29a6ae2177d8c74126604cd419d1a1cafa403aca38b7aa8d582648a5
000010	2121	rvf	1	0	49394209	enabled	6	0	6	4351193f13482f1870741e6857258940817ba51914284682e896a3f0d27bc8e8	5eff143c29a6ae2177d8c74126604cd419d1a1cafa403aca38b7aa8d582648a5
000010	2122	baseline	1	0	50455417		10	0	0	4351193f13482f1870741e6857258940817ba51914284682e896a3f0d27bc8e8	5eff143c29a6ae2177d8c74126604cd419d1a1cafa403aca38b7aa8d582648a5
000010	2122	rvf	1	0	52964000	enabled	6	0	6	4351193f13482f1870741e6857258940817ba51914284682e896a3f0d27bc8e8	5eff143c29a6ae2177d8c74126604cd419d1a1cafa403aca38b7aa8d582648a5
000010	2200	baseline	1	0	50322333		10	0	0	4351193f13482f1870741e6857258940817ba51914284682e896a3f0d27bc8e8	5eff143c29a6ae2177d8c74126604cd419d1a1cafa403aca38b7aa8d582648a5
000010	2200	rvf	1	0	53350583	enabled	6	0	6	4351193f13482f1870741e6857258940817ba51914284682e896a3f0d27bc8e8	5eff143c29a6ae2177d8c74126604cd419d1a1cafa403aca38b7aa8d582648a5
000010	2201	baseline	1	0	52656375		10	0	0	4351193f13482f1870741e6857258940817ba51914284682e896a3f0d27bc8e8	5eff143c29a6ae2177d8c74126604cd419d1a1cafa403aca38b7aa8d582648a5
000010	2201	rvf	1	0	51883458	enabled	6	0	6	4351193f13482f1870741e6857258940817ba51914284682e896a3f0d27bc8e8	5eff143c29a6ae2177d8c74126604cd419d1a1cafa403aca38b7aa8d582648a5
000010	2202	baseline	1	0	49188917		10	0	0	4351193f13482f1870741e6857258940817ba51914284682e896a3f0d27bc8e8	5eff143c29a6ae2177d8c74126604cd419d1a1cafa403aca38b7aa8d582648a5
000010	2202	rvf	1	0	50621500	enabled	6	0	6	4351193f13482f1870741e6857258940817ba51914284682e896a3f0d27bc8e8	5eff143c29a6ae2177d8c74126604cd419d1a1cafa403aca38b7aa8d582648a5
000010	2210	baseline	1	0	49377584		10	0	0	4351193f13482f1870741e6857258940817ba51914284682e896a3f0d27bc8e8	5eff143c29a6ae2177d8c74126604cd419d1a1cafa403aca38b7aa8d582648a5
000010	2210	rvf	1	0	51345333	enabled	6	0	6	4351193f13482f1870741e6857258940817ba51914284682e896a3f0d27bc8e8	5eff143c29a6ae2177d8c74126604cd419d1a1cafa403aca38b7aa8d582648a5
000010	2211	baseline	1	0	49131750		10	0	0	4351193f13482f1870741e6857258940817ba51914284682e896a3f0d27bc8e8	5eff143c29a6ae2177d8c74126604cd419d1a1cafa403aca38b7aa8d582648a5
000010	2211	rvf	1	0	50046041	enabled	6	0	6	4351193f13482f1870741e6857258940817ba51914284682e896a3f0d27bc8e8	5eff143c29a6ae2177d8c74126604cd419d1a1cafa403aca38b7aa8d582648a5
000010	2212	baseline	1	0	49224917		10	0	0	4351193f13482f1870741e6857258940817ba51914284682e896a3f0d27bc8e8	5eff143c29a6ae2177d8c74126604cd419d1a1cafa403aca38b7aa8d582648a5
000010	2212	rvf	1	0	50340500	enabled	6	0	6	4351193f13482f1870741e6857258940817ba51914284682e896a3f0d27bc8e8	5eff143c29a6ae2177d8c74126604cd419d1a1cafa403aca38b7aa8d582648a5
000010	2220	baseline	1	0	51304125		10	0	0	4351193f13482f1870741e6857258940817ba51914284682e896a3f0d27bc8e8	5eff143c29a6ae2177d8c74126604cd419d1a1cafa403aca38b7aa8d582648a5
000010	2220	rvf	1	0	51181208	enabled	6	0	6	4351193f13482f1870741e6857258940817ba51914284682e896a3f0d27bc8e8	5eff143c29a6ae2177d8c74126604cd419d1a1cafa403aca38b7aa8d582648a5
000010	2221	baseline	1	0	50155500		10	0	0	4351193f13482f1870741e6857258940817ba51914284682e896a3f0d27bc8e8	5eff143c29a6ae2177d8c74126604cd419d1a1cafa403aca38b7aa8d582648a5
000010	2221	rvf	1	0	49318166	enabled	6	0	6	4351193f13482f1870741e6857258940817ba51914284682e896a3f0d27bc8e8	5eff143c29a6ae2177d8c74126604cd419d1a1cafa403aca38b7aa8d582648a5
000010	2222	baseline	1	0	47662250		10	0	0	4351193f13482f1870741e6857258940817ba51914284682e896a3f0d27bc8e8	5eff143c29a6ae2177d8c74126604cd419d1a1cafa403aca38b7aa8d582648a5
000010	2222	rvf	1	0	47813250	enabled	6	0	6	4351193f13482f1870741e6857258940817ba51914284682e896a3f0d27bc8e8	5eff143c29a6ae2177d8c74126604cd419d1a1cafa403aca38b7aa8d582648a5
000011	0000	baseline	1	0	46041541		4	0	0	4351193f13482f1870741e6857258940817ba51914284682e896a3f0d27bc8e8	5eff143c29a6ae2177d8c74126604cd419d1a1cafa403aca38b7aa8d582648a5
000011	0000	rvf	1	0	46163250	enabled	2	0	2	4351193f13482f1870741e6857258940817ba51914284682e896a3f0d27bc8e8	5eff143c29a6ae2177d8c74126604cd419d1a1cafa403aca38b7aa8d582648a5
000011	0001	baseline	1	0	47580416		4	0	0	4351193f13482f1870741e6857258940817ba51914284682e896a3f0d27bc8e8	5eff143c29a6ae2177d8c74126604cd419d1a1cafa403aca38b7aa8d582648a5
000011	0001	rvf	1	0	46755958	enabled	2	0	2	4351193f13482f1870741e6857258940817ba51914284682e896a3f0d27bc8e8	5eff143c29a6ae2177d8c74126604cd419d1a1cafa403aca38b7aa8d582648a5
000011	0002	baseline	1	0	46844125		4	0	0	4351193f13482f1870741e6857258940817ba51914284682e896a3f0d27bc8e8	5eff143c29a6ae2177d8c74126604cd419d1a1cafa403aca38b7aa8d582648a5
000011	0002	rvf	1	0	47189708	enabled	2	0	2	4351193f13482f1870741e6857258940817ba51914284682e896a3f0d27bc8e8	5eff143c29a6ae2177d8c74126604cd419d1a1cafa403aca38b7aa8d582648a5
000011	0010	baseline	1	0	47320458		4	0	0	4351193f13482f1870741e6857258940817ba51914284682e896a3f0d27bc8e8	5eff143c29a6ae2177d8c74126604cd419d1a1cafa403aca38b7aa8d582648a5
000011	0010	rvf	1	0	65948625	enabled	2	0	2	4351193f13482f1870741e6857258940817ba51914284682e896a3f0d27bc8e8	5eff143c29a6ae2177d8c74126604cd419d1a1cafa403aca38b7aa8d582648a5
000011	0011	baseline	1	0	48024583		4	0	0	4351193f13482f1870741e6857258940817ba51914284682e896a3f0d27bc8e8	5eff143c29a6ae2177d8c74126604cd419d1a1cafa403aca38b7aa8d582648a5
000011	0011	rvf	1	0	49746500	enabled	2	0	2	4351193f13482f1870741e6857258940817ba51914284682e896a3f0d27bc8e8	5eff143c29a6ae2177d8c74126604cd419d1a1cafa403aca38b7aa8d582648a5
000011	0012	baseline	1	0	61519041		4	0	0	4351193f13482f1870741e6857258940817ba51914284682e896a3f0d27bc8e8	5eff143c29a6ae2177d8c74126604cd419d1a1cafa403aca38b7aa8d582648a5
000011	0012	rvf	1	0	96012875	enabled	2	0	2	4351193f13482f1870741e6857258940817ba51914284682e896a3f0d27bc8e8	5eff143c29a6ae2177d8c74126604cd419d1a1cafa403aca38b7aa8d582648a5
000011	0020	baseline	1	0	76356958		4	0	0	4351193f13482f1870741e6857258940817ba51914284682e896a3f0d27bc8e8	5eff143c29a6ae2177d8c74126604cd419d1a1cafa403aca38b7aa8d582648a5
000011	0020	rvf	1	0	61999584	enabled	2	0	2	4351193f13482f1870741e6857258940817ba51914284682e896a3f0d27bc8e8	5eff143c29a6ae2177d8c74126604cd419d1a1cafa403aca38b7aa8d582648a5
000011	0021	baseline	1	0	51403750		4	0	0	4351193f13482f1870741e6857258940817ba51914284682e896a3f0d27bc8e8	5eff143c29a6ae2177d8c74126604cd419d1a1cafa403aca38b7aa8d582648a5
000011	0021	rvf	1	0	288434209	enabled	2	0	2	4351193f13482f1870741e6857258940817ba51914284682e896a3f0d27bc8e8	5eff143c29a6ae2177d8c74126604cd419d1a1cafa403aca38b7aa8d582648a5
000011	0022	baseline	1	0	53381625		4	0	0	4351193f13482f1870741e6857258940817ba51914284682e896a3f0d27bc8e8	5eff143c29a6ae2177d8c74126604cd419d1a1cafa403aca38b7aa8d582648a5
000011	0022	rvf	1	0	55044458	enabled	2	0	2	4351193f13482f1870741e6857258940817ba51914284682e896a3f0d27bc8e8	5eff143c29a6ae2177d8c74126604cd419d1a1cafa403aca38b7aa8d582648a5
000011	0100	baseline	1	0	59650375		4	0	0	4351193f13482f1870741e6857258940817ba51914284682e896a3f0d27bc8e8	5eff143c29a6ae2177d8c74126604cd419d1a1cafa403aca38b7aa8d582648a5
000011	0100	rvf	1	0	52276083	enabled	2	0	2	4351193f13482f1870741e6857258940817ba51914284682e896a3f0d27bc8e8	5eff143c29a6ae2177d8c74126604cd419d1a1cafa403aca38b7aa8d582648a5
000011	0101	baseline	1	0	59056333		4	0	0	4351193f13482f1870741e6857258940817ba51914284682e896a3f0d27bc8e8	5eff143c29a6ae2177d8c74126604cd419d1a1cafa403aca38b7aa8d582648a5
000011	0101	rvf	1	0	53318292	enabled	2	0	2	4351193f13482f1870741e6857258940817ba51914284682e896a3f0d27bc8e8	5eff143c29a6ae2177d8c74126604cd419d1a1cafa403aca38b7aa8d582648a5
000011	0102	baseline	1	0	48510791		4	0	0	4351193f13482f1870741e6857258940817ba51914284682e896a3f0d27bc8e8	5eff143c29a6ae2177d8c74126604cd419d1a1cafa403aca38b7aa8d582648a5
000011	0102	rvf	1	0	51466250	enabled	2	0	2	4351193f13482f1870741e6857258940817ba51914284682e896a3f0d27bc8e8	5eff143c29a6ae2177d8c74126604cd419d1a1cafa403aca38b7aa8d582648a5
000011	0110	baseline	1	0	48950750		4	0	0	4351193f13482f1870741e6857258940817ba51914284682e896a3f0d27bc8e8	5eff143c29a6ae2177d8c74126604cd419d1a1cafa403aca38b7aa8d582648a5
000011	0110	rvf	1	0	50185958	enabled	2	0	2	4351193f13482f1870741e6857258940817ba51914284682e896a3f0d27bc8e8	5eff143c29a6ae2177d8c74126604cd419d1a1cafa403aca38b7aa8d582648a5
000011	0111	baseline	1	0	48777667		4	0	0	4351193f13482f1870741e6857258940817ba51914284682e896a3f0d27bc8e8	5eff143c29a6ae2177d8c74126604cd419d1a1cafa403aca38b7aa8d582648a5
000011	0111	rvf	1	0	49872083	enabled	2	0	2	4351193f13482f1870741e6857258940817ba51914284682e896a3f0d27bc8e8	5eff143c29a6ae2177d8c74126604cd419d1a1cafa403aca38b7aa8d582648a5
000011	0112	baseline	1	0	53236042		4	0	0	4351193f13482f1870741e6857258940817ba51914284682e896a3f0d27bc8e8	5eff143c29a6ae2177d8c74126604cd419d1a1cafa403aca38b7aa8d582648a5
000011	0112	rvf	1	0	54615917	enabled	2	0	2	4351193f13482f1870741e6857258940817ba51914284682e896a3f0d27bc8e8	5eff143c29a6ae2177d8c74126604cd419d1a1cafa403aca38b7aa8d582648a5
000011	0120	baseline	1	0	56852833		4	0	0	4351193f13482f1870741e6857258940817ba51914284682e896a3f0d27bc8e8	5eff143c29a6ae2177d8c74126604cd419d1a1cafa403aca38b7aa8d582648a5
000011	0120	rvf	1	0	49718459	enabled	2	0	2	4351193f13482f1870741e6857258940817ba51914284682e896a3f0d27bc8e8	5eff143c29a6ae2177d8c74126604cd419d1a1cafa403aca38b7aa8d582648a5
000011	0121	baseline	1	0	48945334		4	0	0	4351193f13482f1870741e6857258940817ba51914284682e896a3f0d27bc8e8	5eff143c29a6ae2177d8c74126604cd419d1a1cafa403aca38b7aa8d582648a5
000011	0121	rvf	1	0	49308459	enabled	2	0	2	4351193f13482f1870741e6857258940817ba51914284682e896a3f0d27bc8e8	5eff143c29a6ae2177d8c74126604cd419d1a1cafa403aca38b7aa8d582648a5
000011	0122	baseline	1	0	48680500		4	0	0	4351193f13482f1870741e6857258940817ba51914284682e896a3f0d27bc8e8	5eff143c29a6ae2177d8c74126604cd419d1a1cafa403aca38b7aa8d582648a5
000011	0122	rvf	1	0	55495666	enabled	2	0	2	4351193f13482f1870741e6857258940817ba51914284682e896a3f0d27bc8e8	5eff143c29a6ae2177d8c74126604cd419d1a1cafa403aca38b7aa8d582648a5
000011	0200	baseline	1	0	48935292		4	0	0	4351193f13482f1870741e6857258940817ba51914284682e896a3f0d27bc8e8	5eff143c29a6ae2177d8c74126604cd419d1a1cafa403aca38b7aa8d582648a5
000011	0200	rvf	1	0	48696125	enabled	2	0	2	4351193f13482f1870741e6857258940817ba51914284682e896a3f0d27bc8e8	5eff143c29a6ae2177d8c74126604cd419d1a1cafa403aca38b7aa8d582648a5
000011	0201	baseline	1	0	48952084		4	0	0	4351193f13482f1870741e6857258940817ba51914284682e896a3f0d27bc8e8	5eff143c29a6ae2177d8c74126604cd419d1a1cafa403aca38b7aa8d582648a5
000011	0201	rvf	1	0	49748459	enabled	2	0	2	4351193f13482f1870741e6857258940817ba51914284682e896a3f0d27bc8e8	5eff143c29a6ae2177d8c74126604cd419d1a1cafa403aca38b7aa8d582648a5
000011	0202	baseline	1	0	49260250		4	0	0	4351193f13482f1870741e6857258940817ba51914284682e896a3f0d27bc8e8	5eff143c29a6ae2177d8c74126604cd419d1a1cafa403aca38b7aa8d582648a5
000011	0202	rvf	1	0	48715750	enabled	2	0	2	4351193f13482f1870741e6857258940817ba51914284682e896a3f0d27bc8e8	5eff143c29a6ae2177d8c74126604cd419d1a1cafa403aca38b7aa8d582648a5
000011	0210	baseline	1	0	48753167		4	0	0	4351193f13482f1870741e6857258940817ba51914284682e896a3f0d27bc8e8	5eff143c29a6ae2177d8c74126604cd419d1a1cafa403aca38b7aa8d582648a5
000011	0210	rvf	1	0	48504917	enabled	2	0	2	4351193f13482f1870741e6857258940817ba51914284682e896a3f0d27bc8e8	5eff143c29a6ae2177d8c74126604cd419d1a1cafa403aca38b7aa8d582648a5
000011	0211	baseline	1	0	49147625		4	0	0	4351193f13482f1870741e6857258940817ba51914284682e896a3f0d27bc8e8	5eff143c29a6ae2177d8c74126604cd419d1a1cafa403aca38b7aa8d582648a5
000011	0211	rvf	1	0	49296125	enabled	2	0	2	4351193f13482f1870741e6857258940817ba51914284682e896a3f0d27bc8e8	5eff143c29a6ae2177d8c74126604cd419d1a1cafa403aca38b7aa8d582648a5
000011	0212	baseline	1	0	49178250		4	0	0	4351193f13482f1870741e6857258940817ba51914284682e896a3f0d27bc8e8	5eff143c29a6ae2177d8c74126604cd419d1a1cafa403aca38b7aa8d582648a5
000011	0212	rvf	1	0	49197583	enabled	2	0	2	4351193f13482f1870741e6857258940817ba51914284682e896a3f0d27bc8e8	5eff143c29a6ae2177d8c74126604cd419d1a1cafa403aca38b7aa8d582648a5
000011	0220	baseline	1	0	50725333		4	0	0	4351193f13482f1870741e6857258940817ba51914284682e896a3f0d27bc8e8	5eff143c29a6ae2177d8c74126604cd419d1a1cafa403aca38b7aa8d582648a5
000011	0220	rvf	1	0	52187791	enabled	2	0	2	4351193f13482f1870741e6857258940817ba51914284682e896a3f0d27bc8e8	5eff143c29a6ae2177d8c74126604cd419d1a1cafa403aca38b7aa8d582648a5
000011	0221	baseline	1	0	48672708		4	0	0	4351193f13482f1870741e6857258940817ba51914284682e896a3f0d27bc8e8	5eff143c29a6ae2177d8c74126604cd419d1a1cafa403aca38b7aa8d582648a5
000011	0221	rvf	1	0	53554834	enabled	2	0	2	4351193f13482f1870741e6857258940817ba51914284682e896a3f0d27bc8e8	5eff143c29a6ae2177d8c74126604cd419d1a1cafa403aca38b7aa8d582648a5
000011	0222	baseline	1	0	47649708		4	0	0	4351193f13482f1870741e6857258940817ba51914284682e896a3f0d27bc8e8	5eff143c29a6ae2177d8c74126604cd419d1a1cafa403aca38b7aa8d582648a5
000011	0222	rvf	1	0	48331083	enabled	2	0	2	4351193f13482f1870741e6857258940817ba51914284682e896a3f0d27bc8e8	5eff143c29a6ae2177d8c74126604cd419d1a1cafa403aca38b7aa8d582648a5
000011	1000	baseline	1	0	47373209		4	0	0	4351193f13482f1870741e6857258940817ba51914284682e896a3f0d27bc8e8	5eff143c29a6ae2177d8c74126604cd419d1a1cafa403aca38b7aa8d582648a5
000011	1000	rvf	1	0	49024625	enabled	2	0	2	4351193f13482f1870741e6857258940817ba51914284682e896a3f0d27bc8e8	5eff143c29a6ae2177d8c74126604cd419d1a1cafa403aca38b7aa8d582648a5
000011	1001	baseline	1	0	48750166		4	0	0	4351193f13482f1870741e6857258940817ba51914284682e896a3f0d27bc8e8	5eff143c29a6ae2177d8c74126604cd419d1a1cafa403aca38b7aa8d582648a5
000011	1001	rvf	1	0	49701791	enabled	2	0	2	4351193f13482f1870741e6857258940817ba51914284682e896a3f0d27bc8e8	5eff143c29a6ae2177d8c74126604cd419d1a1cafa403aca38b7aa8d582648a5
000011	1002	baseline	1	0	50349458		4	0	0	4351193f13482f1870741e6857258940817ba51914284682e896a3f0d27bc8e8	5eff143c29a6ae2177d8c74126604cd419d1a1cafa403aca38b7aa8d582648a5
000011	1002	rvf	1	0	52712125	enabled	2	0	2	4351193f13482f1870741e6857258940817ba51914284682e896a3f0d27bc8e8	5eff143c29a6ae2177d8c74126604cd419d1a1cafa403aca38b7aa8d582648a5
000011	1010	baseline	1	0	51382500		4	0	0	4351193f13482f1870741e6857258940817ba51914284682e896a3f0d27bc8e8	5eff143c29a6ae2177d8c74126604cd419d1a1cafa403aca38b7aa8d582648a5
000011	1010	rvf	1	0	54713208	enabled	2	0	2	4351193f13482f1870741e6857258940817ba51914284682e896a3f0d27bc8e8	5eff143c29a6ae2177d8c74126604cd419d1a1cafa403aca38b7aa8d582648a5
000011	1011	baseline	1	0	51755625		4	0	0	4351193f13482f1870741e6857258940817ba51914284682e896a3f0d27bc8e8	5eff143c29a6ae2177d8c74126604cd419d1a1cafa403aca38b7aa8d582648a5
000011	1011	rvf	1	0	53607875	enabled	2	0	2	4351193f13482f1870741e6857258940817ba51914284682e896a3f0d27bc8e8	5eff143c29a6ae2177d8c74126604cd419d1a1cafa403aca38b7aa8d582648a5
000011	1012	baseline	1	42	50110792		1	0	0	9a4d10a79dfde562a0d30b92e3105a0f2c22902db1896f9908cb681305e13c35	e3b0c44298fc1c149afbf4c8996fb92427ae41e4649b934ca495991b7852b855
000011	1012	rvf	1	0	52232625	enabled	2	0	2	4351193f13482f1870741e6857258940817ba51914284682e896a3f0d27bc8e8	5eff143c29a6ae2177d8c74126604cd419d1a1cafa403aca38b7aa8d582648a5
000011	1020	baseline	1	0	49696541		4	0	0	4351193f13482f1870741e6857258940817ba51914284682e896a3f0d27bc8e8	5eff143c29a6ae2177d8c74126604cd419d1a1cafa403aca38b7aa8d582648a5
000011	1020	rvf	1	0	56906166	enabled	2	0	2	4351193f13482f1870741e6857258940817ba51914284682e896a3f0d27bc8e8	5eff143c29a6ae2177d8c74126604cd419d1a1cafa403aca38b7aa8d582648a5
000011	1021	baseline	1	0	53491250		4	0	0	4351193f13482f1870741e6857258940817ba51914284682e896a3f0d27bc8e8	5eff143c29a6ae2177d8c74126604cd419d1a1cafa403aca38b7aa8d582648a5
000011	1021	rvf	1	0	64070459	enabled	2	0	2	4351193f13482f1870741e6857258940817ba51914284682e896a3f0d27bc8e8	5eff143c29a6ae2177d8c74126604cd419d1a1cafa403aca38b7aa8d582648a5
000011	1022	baseline	1	42	51262083		0	0	0	9a4d10a79dfde562a0d30b92e3105a0f2c22902db1896f9908cb681305e13c35	e3b0c44298fc1c149afbf4c8996fb92427ae41e4649b934ca495991b7852b855
000011	1022	rvf	1	42	54501333	enabled	0	0	2	9a4d10a79dfde562a0d30b92e3105a0f2c22902db1896f9908cb681305e13c35	5eff143c29a6ae2177d8c74126604cd419d1a1cafa403aca38b7aa8d582648a5
000011	1100	baseline	1	0	51793916		4	0	0	4351193f13482f1870741e6857258940817ba51914284682e896a3f0d27bc8e8	5eff143c29a6ae2177d8c74126604cd419d1a1cafa403aca38b7aa8d582648a5
000011	1100	rvf	1	0	50633917	enabled	2	0	2	4351193f13482f1870741e6857258940817ba51914284682e896a3f0d27bc8e8	5eff143c29a6ae2177d8c74126604cd419d1a1cafa403aca38b7aa8d582648a5
000011	1101	baseline	1	0	51079208		4	0	0	4351193f13482f1870741e6857258940817ba51914284682e896a3f0d27bc8e8	5eff143c29a6ae2177d8c74126604cd419d1a1cafa403aca38b7aa8d582648a5
000011	1101	rvf	1	0	50296167	enabled	2	0	2	4351193f13482f1870741e6857258940817ba51914284682e896a3f0d27bc8e8	5eff143c29a6ae2177d8c74126604cd419d1a1cafa403aca38b7aa8d582648a5
000011	1102	baseline	1	0	48723209		4	0	0	4351193f13482f1870741e6857258940817ba51914284682e896a3f0d27bc8e8	5eff143c29a6ae2177d8c74126604cd419d1a1cafa403aca38b7aa8d582648a5
000011	1102	rvf	1	0	51033292	enabled	2	0	2	4351193f13482f1870741e6857258940817ba51914284682e896a3f0d27bc8e8	5eff143c29a6ae2177d8c74126604cd419d1a1cafa403aca38b7aa8d582648a5
000011	1110	baseline	1	0	50250833		4	0	0	4351193f13482f1870741e6857258940817ba51914284682e896a3f0d27bc8e8	5eff143c29a6ae2177d8c74126604cd419d1a1cafa403aca38b7aa8d582648a5
000011	1110	rvf	1	0	52517541	enabled	2	0	2	4351193f13482f1870741e6857258940817ba51914284682e896a3f0d27bc8e8	5eff143c29a6ae2177d8c74126604cd419d1a1cafa403aca38b7aa8d582648a5
000011	1111	baseline	1	0	51253084		4	0	0	4351193f13482f1870741e6857258940817ba51914284682e896a3f0d27bc8e8	5eff143c29a6ae2177d8c74126604cd419d1a1cafa403aca38b7aa8d582648a5
000011	1111	rvf	1	0	53871375	enabled	2	0	2	4351193f13482f1870741e6857258940817ba51914284682e896a3f0d27bc8e8	5eff143c29a6ae2177d8c74126604cd419d1a1cafa403aca38b7aa8d582648a5
000011	1112	baseline	1	0	53235792		4	0	0	4351193f13482f1870741e6857258940817ba51914284682e896a3f0d27bc8e8	5eff143c29a6ae2177d8c74126604cd419d1a1cafa403aca38b7aa8d582648a5
000011	1112	rvf	1	0	54304000	enabled	2	0	2	4351193f13482f1870741e6857258940817ba51914284682e896a3f0d27bc8e8	5eff143c29a6ae2177d8c74126604cd419d1a1cafa403aca38b7aa8d582648a5
000011	1120	baseline	1	0	54510917		4	0	0	4351193f13482f1870741e6857258940817ba51914284682e896a3f0d27bc8e8	5eff143c29a6ae2177d8c74126604cd419d1a1cafa403aca38b7aa8d582648a5
000011	1120	rvf	1	0	51455042	enabled	2	0	2	4351193f13482f1870741e6857258940817ba51914284682e896a3f0d27bc8e8	5eff143c29a6ae2177d8c74126604cd419d1a1cafa403aca38b7aa8d582648a5
000011	1121	baseline	1	0	51804083		4	0	0	4351193f13482f1870741e6857258940817ba51914284682e896a3f0d27bc8e8	5eff143c29a6ae2177d8c74126604cd419d1a1cafa403aca38b7aa8d582648a5
000011	1121	rvf	1	0	50849416	enabled	2	0	2	4351193f13482f1870741e6857258940817ba51914284682e896a3f0d27bc8e8	5eff143c29a6ae2177d8c74126604cd419d1a1cafa403aca38b7aa8d582648a5
000011	1122	baseline	1	0	51619208		4	0	0	4351193f13482f1870741e6857258940817ba51914284682e896a3f0d27bc8e8	5eff143c29a6ae2177d8c74126604cd419d1a1cafa403aca38b7aa8d582648a5
000011	1122	rvf	1	0	55735542	enabled	2	0	2	4351193f13482f1870741e6857258940817ba51914284682e896a3f0d27bc8e8	5eff143c29a6ae2177d8c74126604cd419d1a1cafa403aca38b7aa8d582648a5
000011	1200	baseline	1	0	49491334		4	0	0	4351193f13482f1870741e6857258940817ba51914284682e896a3f0d27bc8e8	5eff143c29a6ae2177d8c74126604cd419d1a1cafa403aca38b7aa8d582648a5
000011	1200	rvf	1	0	50349792	enabled	2	0	2	4351193f13482f1870741e6857258940817ba51914284682e896a3f0d27bc8e8	5eff143c29a6ae2177d8c74126604cd419d1a1cafa403aca38b7aa8d582648a5
000011	1201	baseline	1	0	49454041		4	0	0	4351193f13482f1870741e6857258940817ba51914284682e896a3f0d27bc8e8	5eff143c29a6ae2177d8c74126604cd419d1a1cafa403aca38b7aa8d582648a5
000011	1201	rvf	1	0	50705750	enabled	2	0	2	4351193f13482f1870741e6857258940817ba51914284682e896a3f0d27bc8e8	5eff143c29a6ae2177d8c74126604cd419d1a1cafa403aca38b7aa8d582648a5
000011	1202	baseline	1	0	49874916		4	0	0	4351193f13482f1870741e6857258940817ba51914284682e896a3f0d27bc8e8	5eff143c29a6ae2177d8c74126604cd419d1a1cafa403aca38b7aa8d582648a5
000011	1202	rvf	1	0	50347000	enabled	2	0	2	4351193f13482f1870741e6857258940817ba51914284682e896a3f0d27bc8e8	5eff143c29a6ae2177d8c74126604cd419d1a1cafa403aca38b7aa8d582648a5
000011	1210	baseline	1	0	48722875		4	0	0	4351193f13482f1870741e6857258940817ba51914284682e896a3f0d27bc8e8	5eff143c29a6ae2177d8c74126604cd419d1a1cafa403aca38b7aa8d582648a5
000011	1210	rvf	1	0	49947083	enabled	2	0	2	4351193f13482f1870741e6857258940817ba51914284682e896a3f0d27bc8e8	5eff143c29a6ae2177d8c74126604cd419d1a1cafa403aca38b7aa8d582648a5
000011	1211	baseline	1	0	49695292		4	0	0	4351193f13482f1870741e6857258940817ba51914284682e896a3f0d27bc8e8	5eff143c29a6ae2177d8c74126604cd419d1a1cafa403aca38b7aa8d582648a5
000011	1211	rvf	1	0	51774708	enabled	2	0	2	4351193f13482f1870741e6857258940817ba51914284682e896a3f0d27bc8e8	5eff143c29a6ae2177d8c74126604cd419d1a1cafa403aca38b7aa8d582648a5
000011	1212	baseline	1	0	49556042		4	0	0	4351193f13482f1870741e6857258940817ba51914284682e896a3f0d27bc8e8	5eff143c29a6ae2177d8c74126604cd419d1a1cafa403aca38b7aa8d582648a5
000011	1212	rvf	1	0	50886958	enabled	2	0	2	4351193f13482f1870741e6857258940817ba51914284682e896a3f0d27bc8e8	5eff143c29a6ae2177d8c74126604cd419d1a1cafa403aca38b7aa8d582648a5
000011	1220	baseline	1	0	50836917		4	0	0	4351193f13482f1870741e6857258940817ba51914284682e896a3f0d27bc8e8	5eff143c29a6ae2177d8c74126604cd419d1a1cafa403aca38b7aa8d582648a5
000011	1220	rvf	1	0	50746958	enabled	2	0	2	4351193f13482f1870741e6857258940817ba51914284682e896a3f0d27bc8e8	5eff143c29a6ae2177d8c74126604cd419d1a1cafa403aca38b7aa8d582648a5
000011	1221	baseline	1	0	48994375		4	0	0	4351193f13482f1870741e6857258940817ba51914284682e896a3f0d27bc8e8	5eff143c29a6ae2177d8c74126604cd419d1a1cafa403aca38b7aa8d582648a5
000011	1221	rvf	1	0	50840417	enabled	2	0	2	4351193f13482f1870741e6857258940817ba51914284682e896a3f0d27bc8e8	5eff143c29a6ae2177d8c74126604cd419d1a1cafa403aca38b7aa8d582648a5
000011	1222	baseline	1	0	49575209		4	0	0	4351193f13482f1870741e6857258940817ba51914284682e896a3f0d27bc8e8	5eff143c29a6ae2177d8c74126604cd419d1a1cafa403aca38b7aa8d582648a5
000011	1222	rvf	1	0	50175542	enabled	2	0	2	4351193f13482f1870741e6857258940817ba51914284682e896a3f0d27bc8e8	5eff143c29a6ae2177d8c74126604cd419d1a1cafa403aca38b7aa8d582648a5
000011	2000	baseline	1	0	48887208		4	0	0	4351193f13482f1870741e6857258940817ba51914284682e896a3f0d27bc8e8	5eff143c29a6ae2177d8c74126604cd419d1a1cafa403aca38b7aa8d582648a5
000011	2000	rvf	1	0	51133167	enabled	2	0	2	4351193f13482f1870741e6857258940817ba51914284682e896a3f0d27bc8e8	5eff143c29a6ae2177d8c74126604cd419d1a1cafa403aca38b7aa8d582648a5
000011	2001	baseline	1	0	49747250		4	0	0	4351193f13482f1870741e6857258940817ba51914284682e896a3f0d27bc8e8	5eff143c29a6ae2177d8c74126604cd419d1a1cafa403aca38b7aa8d582648a5
000011	2001	rvf	1	0	48919834	enabled	2	0	2	4351193f13482f1870741e6857258940817ba51914284682e896a3f0d27bc8e8	5eff143c29a6ae2177d8c74126604cd419d1a1cafa403aca38b7aa8d582648a5
000011	2002	baseline	1	0	49180375		4	0	0	4351193f13482f1870741e6857258940817ba51914284682e896a3f0d27bc8e8	5eff143c29a6ae2177d8c74126604cd419d1a1cafa403aca38b7aa8d582648a5
000011	2002	rvf	1	0	49867792	enabled	2	0	2	4351193f13482f1870741e6857258940817ba51914284682e896a3f0d27bc8e8	5eff143c29a6ae2177d8c74126604cd419d1a1cafa403aca38b7aa8d582648a5
000011	2010	baseline	1	0	48427541		4	0	0	4351193f13482f1870741e6857258940817ba51914284682e896a3f0d27bc8e8	5eff143c29a6ae2177d8c74126604cd419d1a1cafa403aca38b7aa8d582648a5
000011	2010	rvf	1	0	50801625	enabled	2	0	2	4351193f13482f1870741e6857258940817ba51914284682e896a3f0d27bc8e8	5eff143c29a6ae2177d8c74126604cd419d1a1cafa403aca38b7aa8d582648a5
000011	2011	baseline	1	0	49959417		4	0	0	4351193f13482f1870741e6857258940817ba51914284682e896a3f0d27bc8e8	5eff143c29a6ae2177d8c74126604cd419d1a1cafa403aca38b7aa8d582648a5
000011	2011	rvf	1	0	54840417	enabled	2	0	2	4351193f13482f1870741e6857258940817ba51914284682e896a3f0d27bc8e8	5eff143c29a6ae2177d8c74126604cd419d1a1cafa403aca38b7aa8d582648a5
000011	2012	baseline	1	0	48355875		4	0	0	4351193f13482f1870741e6857258940817ba51914284682e896a3f0d27bc8e8	5eff143c29a6ae2177d8c74126604cd419d1a1cafa403aca38b7aa8d582648a5
000011	2012	rvf	1	0	49078125	enabled	2	0	2	4351193f13482f1870741e6857258940817ba51914284682e896a3f0d27bc8e8	5eff143c29a6ae2177d8c74126604cd419d1a1cafa403aca38b7aa8d582648a5
000011	2020	baseline	1	0	48880375		4	0	0	4351193f13482f1870741e6857258940817ba51914284682e896a3f0d27bc8e8	5eff143c29a6ae2177d8c74126604cd419d1a1cafa403aca38b7aa8d582648a5
000011	2020	rvf	1	0	48280458	enabled	2	0	2	4351193f13482f1870741e6857258940817ba51914284682e896a3f0d27bc8e8	5eff143c29a6ae2177d8c74126604cd419d1a1cafa403aca38b7aa8d582648a5
000011	2021	baseline	1	0	56625958		4	0	0	4351193f13482f1870741e6857258940817ba51914284682e896a3f0d27bc8e8	5eff143c29a6ae2177d8c74126604cd419d1a1cafa403aca38b7aa8d582648a5
000011	2021	rvf	1	0	52663458	enabled	2	0	2	4351193f13482f1870741e6857258940817ba51914284682e896a3f0d27bc8e8	5eff143c29a6ae2177d8c74126604cd419d1a1cafa403aca38b7aa8d582648a5
000011	2022	baseline	1	0	48273833		4	0	0	4351193f13482f1870741e6857258940817ba51914284682e896a3f0d27bc8e8	5eff143c29a6ae2177d8c74126604cd419d1a1cafa403aca38b7aa8d582648a5
000011	2022	rvf	1	0	50048625	enabled	2	0	2	4351193f13482f1870741e6857258940817ba51914284682e896a3f0d27bc8e8	5eff143c29a6ae2177d8c74126604cd419d1a1cafa403aca38b7aa8d582648a5
000011	2100	baseline	1	0	50562084		4	0	0	4351193f13482f1870741e6857258940817ba51914284682e896a3f0d27bc8e8	5eff143c29a6ae2177d8c74126604cd419d1a1cafa403aca38b7aa8d582648a5
000011	2100	rvf	1	0	50286208	enabled	2	0	2	4351193f13482f1870741e6857258940817ba51914284682e896a3f0d27bc8e8	5eff143c29a6ae2177d8c74126604cd419d1a1cafa403aca38b7aa8d582648a5
000011	2101	baseline	1	0	48082334		4	0	0	4351193f13482f1870741e6857258940817ba51914284682e896a3f0d27bc8e8	5eff143c29a6ae2177d8c74126604cd419d1a1cafa403aca38b7aa8d582648a5
000011	2101	rvf	1	0	49482209	enabled	2	0	2	4351193f13482f1870741e6857258940817ba51914284682e896a3f0d27bc8e8	5eff143c29a6ae2177d8c74126604cd419d1a1cafa403aca38b7aa8d582648a5
000011	2102	baseline	1	0	50843375		4	0	0	4351193f13482f1870741e6857258940817ba51914284682e896a3f0d27bc8e8	5eff143c29a6ae2177d8c74126604cd419d1a1cafa403aca38b7aa8d582648a5
000011	2102	rvf	1	0	51533834	enabled	2	0	2	4351193f13482f1870741e6857258940817ba51914284682e896a3f0d27bc8e8	5eff143c29a6ae2177d8c74126604cd419d1a1cafa403aca38b7aa8d582648a5
000011	2110	baseline	1	0	49164584		4	0	0	4351193f13482f1870741e6857258940817ba51914284682e896a3f0d27bc8e8	5eff143c29a6ae2177d8c74126604cd419d1a1cafa403aca38b7aa8d582648a5
000011	2110	rvf	1	0	49295958	enabled	2	0	2	4351193f13482f1870741e6857258940817ba51914284682e896a3f0d27bc8e8	5eff143c29a6ae2177d8c74126604cd419d1a1cafa403aca38b7aa8d582648a5
000011	2111	baseline	1	0	47398000		4	0	0	4351193f13482f1870741e6857258940817ba51914284682e896a3f0d27bc8e8	5eff143c29a6ae2177d8c74126604cd419d1a1cafa403aca38b7aa8d582648a5
000011	2111	rvf	1	0	49671625	enabled	2	0	2	4351193f13482f1870741e6857258940817ba51914284682e896a3f0d27bc8e8	5eff143c29a6ae2177d8c74126604cd419d1a1cafa403aca38b7aa8d582648a5
000011	2112	baseline	1	0	50282417		4	0	0	4351193f13482f1870741e6857258940817ba51914284682e896a3f0d27bc8e8	5eff143c29a6ae2177d8c74126604cd419d1a1cafa403aca38b7aa8d582648a5
000011	2112	rvf	1	0	49654083	enabled	2	0	2	4351193f13482f1870741e6857258940817ba51914284682e896a3f0d27bc8e8	5eff143c29a6ae2177d8c74126604cd419d1a1cafa403aca38b7aa8d582648a5
000011	2120	baseline	1	0	50740541		4	0	0	4351193f13482f1870741e6857258940817ba51914284682e896a3f0d27bc8e8	5eff143c29a6ae2177d8c74126604cd419d1a1cafa403aca38b7aa8d582648a5
000011	2120	rvf	1	0	51168750	enabled	2	0	2	4351193f13482f1870741e6857258940817ba51914284682e896a3f0d27bc8e8	5eff143c29a6ae2177d8c74126604cd419d1a1cafa403aca38b7aa8d582648a5
000011	2121	baseline	1	0	49841500		4	0	0	4351193f13482f1870741e6857258940817ba51914284682e896a3f0d27bc8e8	5eff143c29a6ae2177d8c74126604cd419d1a1cafa403aca38b7aa8d582648a5
000011	2121	rvf	1	0	49212250	enabled	2	0	2	4351193f13482f1870741e6857258940817ba51914284682e896a3f0d27bc8e8	5eff143c29a6ae2177d8c74126604cd419d1a1cafa403aca38b7aa8d582648a5
000011	2122	baseline	1	0	50210209		4	0	0	4351193f13482f1870741e6857258940817ba51914284682e896a3f0d27bc8e8	5eff143c29a6ae2177d8c74126604cd419d1a1cafa403aca38b7aa8d582648a5
000011	2122	rvf	1	0	56974792	enabled	2	0	2	4351193f13482f1870741e6857258940817ba51914284682e896a3f0d27bc8e8	5eff143c29a6ae2177d8c74126604cd419d1a1cafa403aca38b7aa8d582648a5
000011	2200	baseline	1	0	51843625		4	0	0	4351193f13482f1870741e6857258940817ba51914284682e896a3f0d27bc8e8	5eff143c29a6ae2177d8c74126604cd419d1a1cafa403aca38b7aa8d582648a5
000011	2200	rvf	1	0	48472625	enabled	2	0	2	4351193f13482f1870741e6857258940817ba51914284682e896a3f0d27bc8e8	5eff143c29a6ae2177d8c74126604cd419d1a1cafa403aca38b7aa8d582648a5
000011	2201	baseline	1	0	49715416		4	0	0	4351193f13482f1870741e6857258940817ba51914284682e896a3f0d27bc8e8	5eff143c29a6ae2177d8c74126604cd419d1a1cafa403aca38b7aa8d582648a5
000011	2201	rvf	1	0	48826667	enabled	2	0	2	4351193f13482f1870741e6857258940817ba51914284682e896a3f0d27bc8e8	5eff143c29a6ae2177d8c74126604cd419d1a1cafa403aca38b7aa8d582648a5
000011	2202	baseline	1	0	49974666		4	0	0	4351193f13482f1870741e6857258940817ba51914284682e896a3f0d27bc8e8	5eff143c29a6ae2177d8c74126604cd419d1a1cafa403aca38b7aa8d582648a5
000011	2202	rvf	1	0	57837542	enabled	2	0	2	4351193f13482f1870741e6857258940817ba51914284682e896a3f0d27bc8e8	5eff143c29a6ae2177d8c74126604cd419d1a1cafa403aca38b7aa8d582648a5
000011	2210	baseline	1	0	49904875		4	0	0	4351193f13482f1870741e6857258940817ba51914284682e896a3f0d27bc8e8	5eff143c29a6ae2177d8c74126604cd419d1a1cafa403aca38b7aa8d582648a5
000011	2210	rvf	1	0	50774250	enabled	2	0	2	4351193f13482f1870741e6857258940817ba51914284682e896a3f0d27bc8e8	5eff143c29a6ae2177d8c74126604cd419d1a1cafa403aca38b7aa8d582648a5
000011	2211	baseline	1	0	49459709		4	0	0	4351193f13482f1870741e6857258940817ba51914284682e896a3f0d27bc8e8	5eff143c29a6ae2177d8c74126604cd419d1a1cafa403aca38b7aa8d582648a5
000011	2211	rvf	1	0	49386833	enabled	2	0	2	4351193f13482f1870741e6857258940817ba51914284682e896a3f0d27bc8e8	5eff143c29a6ae2177d8c74126604cd419d1a1cafa403aca38b7aa8d582648a5
000011	2212	baseline	1	0	48212625		4	0	0	4351193f13482f1870741e6857258940817ba51914284682e896a3f0d27bc8e8	5eff143c29a6ae2177d8c74126604cd419d1a1cafa403aca38b7aa8d582648a5
000011	2212	rvf	1	0	49393333	enabled	2	0	2	4351193f13482f1870741e6857258940817ba51914284682e896a3f0d27bc8e8	5eff143c29a6ae2177d8c74126604cd419d1a1cafa403aca38b7aa8d582648a5
000011	2220	baseline	1	0	47962292		4	0	0	4351193f13482f1870741e6857258940817ba51914284682e896a3f0d27bc8e8	5eff143c29a6ae2177d8c74126604cd419d1a1cafa403aca38b7aa8d582648a5
000011	2220	rvf	1	0	49512875	enabled	2	0	2	4351193f13482f1870741e6857258940817ba51914284682e896a3f0d27bc8e8	5eff143c29a6ae2177d8c74126604cd419d1a1cafa403aca38b7aa8d582648a5
000011	2221	baseline	1	0	49070584		4	0	0	4351193f13482f1870741e6857258940817ba51914284682e896a3f0d27bc8e8	5eff143c29a6ae2177d8c74126604cd419d1a1cafa403aca38b7aa8d582648a5
000011	2221	rvf	1	0	48230458	enabled	2	0	2	4351193f13482f1870741e6857258940817ba51914284682e896a3f0d27bc8e8	5eff143c29a6ae2177d8c74126604cd419d1a1cafa403aca38b7aa8d582648a5
000011	2222	baseline	1	0	48314750		4	0	0	4351193f13482f1870741e6857258940817ba51914284682e896a3f0d27bc8e8	5eff143c29a6ae2177d8c74126604cd419d1a1cafa403aca38b7aa8d582648a5
000011	2222	rvf	1	0	49895750	enabled	2	0	2	4351193f13482f1870741e6857258940817ba51914284682e896a3f0d27bc8e8	5eff143c29a6ae2177d8c74126604cd419d1a1cafa403aca38b7aa8d582648a5
