tool		GenMC SV-COMP fair-coverage adapter GenMC (https://plv.mpi-sws.org/genmc):   GenMC v0.17.0 (commit #unknown)   Built with LLVM 15.0.7 (Release)	GenMC SV-COMP fair-coverage adapter GenMC (https://plv.mpi-sws.org/genmc):   GenMC v0.17.0 (commit #unknown)   Built with LLVM 15.0.7 (Release)	GenMC SV-COMP fair-coverage adapter GenMC (https://plv.mpi-sws.org/genmc):   GenMC v0.17.0 (commit #unknown)   Built with LLVM 15.0.7 (Release)	GenMC SV-COMP fair-coverage adapter GenMC (https://plv.mpi-sws.org/genmc):   GenMC v0.17.0 (commit #unknown)   Built with LLVM 15.0.7 (Release)	GenMC SV-COMP fair-coverage adapter GenMC (https://plv.mpi-sws.org/genmc):   GenMC v0.17.0 (commit #unknown)   Built with LLVM 15.0.7 (Release)	GenMC SV-COMP fair-coverage adapter GenMC (https://plv.mpi-sws.org/genmc):   GenMC v0.17.0 (commit #unknown)   Built with LLVM 15.0.7 (Release)	GenMC SV-COMP fair-coverage adapter GenMC (https://plv.mpi-sws.org/genmc):   GenMC v0.17.0 (commit #unknown)   Built with LLVM 15.0.7 (Release)	GenMC SV-COMP fair-coverage adapter GenMC (https://plv.mpi-sws.org/genmc):   GenMC v0.17.0 (commit #unknown)   Built with LLVM 15.0.7 (Release)	GenMC SV-COMP fair-coverage adapter GenMC (https://plv.mpi-sws.org/genmc):   GenMC v0.17.0 (commit #unknown)   Built with LLVM 15.0.7 (Release)	GenMC SV-COMP fair-coverage adapter GenMC (https://plv.mpi-sws.org/genmc):   GenMC v0.17.0 (commit #unknown)   Built with LLVM 15.0.7 (Release)	GenMC SV-COMP fair-coverage adapter GenMC (https://plv.mpi-sws.org/genmc):   GenMC v0.17.0 (commit #unknown)   Built with LLVM 15.0.7 (Release)	GenMC SV-COMP fair-coverage adapter GenMC (https://plv.mpi-sws.org/genmc):   GenMC v0.17.0 (commit #unknown)   Built with LLVM 15.0.7 (Release)	Deagle 4.1.0	Deagle 4.1.0	Deagle 4.1.0	Deagle 4.1.0
run set		adapted-genmc.GenMC.unreach-call	adapted-genmc.GenMC.unreach-call	adapted-genmc.GenMC.unreach-call	adapted-genmc.GenMC.unreach-call	adapted-cat.GenMC+CAT.unreach-call	adapted-cat.GenMC+CAT.unreach-call	adapted-cat.GenMC+CAT.unreach-call	adapted-cat.GenMC+CAT.unreach-call	adapted-caat.GenMC+CAAT.unreach-call	adapted-caat.GenMC+CAAT.unreach-call	adapted-caat.GenMC+CAAT.unreach-call	adapted-caat.GenMC+CAAT.unreach-call	adapted-deagle.Deagle.unreach-call	adapted-deagle.Deagle.unreach-call	adapted-deagle.Deagle.unreach-call	adapted-deagle.Deagle.unreach-call
/workspace/experiments/fair-coverage/comparison-60s/final/raw/sv-benchmarks/c/		status	cputime (s)	walltime (s)	memory (MB)	status	cputime (s)	walltime (s)	memory (MB)	status	cputime (s)	walltime (s)	memory (MB)	status	cputime (s)	walltime (s)	memory (MB)
goblint-regression/13-privatized_04-priv_multi_true.yml	true	OUT OF MEMORY	14.33439222	14.502816455962602	3999.997952	TIMEOUT	61.057309048	61.10831192502519	1483.689984	TIMEOUT	61.016969286	61.059976437012665	775.192576	TIMEOUT	61.063422689	61.0116060480359	2500.751360
goblint-regression/13-privatized_18-first-reads_unknown_1_pos.yml	false	true	0.075336055	0.08023705799132586	25.694208	true	0.055505939	0.09531827695900574	25.800704	true	0.060992377	0.10724310495425016	25.800704	false(unreach-call)	0.210240093	0.3160127729643136	11.075584
goblint-regression/13-privatized_18-first-reads_unknown_2_neg.yml	false	true	0.070354367	0.07937754195882007	25.669632	true	0.052416766	0.08492643700446934	25.825280	true	0.059236192	0.08776616305112839	25.825280	false(unreach-call)	0.195335163	0.21375797502696514	11.124736
goblint-regression/13-privatized_52-refine-protected-loop2-small_true.yml	true	TIMEOUT	60.978578687	61.02037081797607	129.163264	OUT OF MEMORY	31.502705116	31.57886594196316	3999.997952	TIMEOUT	60.775548135	61.03110322804423	113.774592	true	5.233610826	5.272916287998669	28.327936
goblint-regression/13-privatized_67-pthread_cond_wait_true.yml	false	ERROR (compilation)	0.060473624	0.1411627759807743	25.690112	ERROR (compilation)	0.068657141	0.0782864119973965	25.829376	ERROR (compilation)	0.058801152	0.06737868598429486	25.858048	false(unreach-call)	0.30062659	0.3107635219930671	13.332480
goblint-regression/13-privatized_67-pthread_cond_wait_unknown_1_neg.yml	false	ERROR (compilation)	0.065575749	0.07066987600410357	25.698304	ERROR (compilation)	0.069650387	0.07919288094853982	25.825280	ERROR (compilation)	0.062141956	0.06819085398456082	25.751552	false(unreach-call)	0.298241065	0.31006348598748446	13.225984
goblint-regression/13-privatized_67-pthread_cond_wait_unknown_1_pos.yml	false	ERROR (compilation)	0.066868415	0.07711779297096655	25.731072	ERROR (compilation)	0.069037504	0.07804980897344649	25.829376	ERROR (compilation)	0.063606495	0.06952988001285121	25.788416	false(unreach-call)	0.302595049	0.31285026599653065	13.221888
goblint-regression/28-race_reach_01-simple_racing.yml	false	false(unreach-call)	3.633386535	3.6582295009866357	77.135872	OUT OF MEMORY	28.525235056	29.883799187024124	3999.997952	OUT OF MEMORY	45.130004428	45.722855244006496	3999.997952	ERROR	0.117584805	0.12809983699116856	11.231232
goblint-regression/28-race_reach_02-simple_racefree.yml	true	OUT OF MEMORY	24.797892449	24.846529925009236	3999.997952	OUT OF MEMORY	27.692005105	28.346431695041247	3999.997952	OUT OF MEMORY	33.401547175	33.601735643984284	3999.997952	ERROR	0.119712981	0.12456467997981235	11.218944
goblint-regression/28-race_reach_03-munge_racing.yml	false	OUT OF MEMORY	33.217472854	33.260782503988594	3999.997952	OUT OF MEMORY	12.390902567	12.456461146997754	3999.997952	OUT OF MEMORY	11.86865867	11.895699429034721	3999.997952	ERROR	0.116723236	0.12535123398993164	11.329536
goblint-regression/28-race_reach_04-munge_racefree.yml	true	OUT OF MEMORY	32.947500869	32.98677246901207	3999.997952	OUT OF MEMORY	12.106567304	12.168887776031625	3999.997952	OUT OF MEMORY	11.806529019	11.85768342402298	3999.997952	ERROR	0.117219463	0.12577475199941546	11.333632
goblint-regression/28-race_reach_05-lockfuns_racefree.yml	true	OUT OF MEMORY	24.741181478	24.779081247048452	3999.997952	OUT OF MEMORY	27.902341052	29.891208273009397	3999.997952	OUT OF MEMORY	29.644337963	29.78678140498232	3999.997952	ERROR	0.115308694	0.12601030903169885	11.186176
goblint-regression/28-race_reach_06-cond_racing1.yml	false	false(unreach-call)	3.70026722	3.7530540610314347	77.135872	OUT OF MEMORY	28.380403916	28.680945136002265	3999.997952	OUT OF MEMORY	22.560428828	22.590279738011304	3999.997952	ERROR	0.126775133	0.13319756498094648	12.451840
goblint-regression/28-race_reach_07-cond_racing2.yml	false	OUT OF MEMORY	24.739065767	24.765525360999163	3999.997952	OUT OF MEMORY	26.941157607	27.174469118006527	3999.997952	OUT OF MEMORY	22.306171747	22.327102370967623	3999.997952	ERROR	0.123506076	0.13364529196405783	12.365824
goblint-regression/28-race_reach_08-cond_racefree.yml	true	OUT OF MEMORY	24.060087011	24.158133823017124	3999.997952	OUT OF MEMORY	28.005789645	28.383970841998234	3999.997952	OUT OF MEMORY	21.860446341	21.891585554985795	3999.997952	ERROR	0.126317399	0.13135350798256695	12.496896
goblint-regression/28-race_reach_09-ptrmunge_racing.yml	false	OUT OF MEMORY	33.072385814	33.109261458041146	3999.997952	OUT OF MEMORY	12.243374667	12.275568448007107	3999.997952	OUT OF MEMORY	11.650742601	11.684076809033286	3999.997952	ERROR	0.115147681	0.1279360259650275	11.296768
goblint-regression/28-race_reach_10-ptrmunge_racefree.yml	true	OUT OF MEMORY	32.911013666	33.1142249769764	3999.997952	OUT OF MEMORY	11.963470275	12.002177089976612	3999.997952	OUT OF MEMORY	11.625830754	11.643326492980123	3999.997952	ERROR	0.115677738	0.12348004803061485	11.329536
goblint-regression/28-race_reach_11-ptr_racing.yml	false	false(unreach-call)	3.709750803	3.7262107920250855	76.890112	OUT OF MEMORY	26.858695372	28.96827674197266	3999.997952	OUT OF MEMORY	30.20445609	30.299552939948626	3999.997952	ERROR	0.110278103	0.12144041201099753	11.210752
goblint-regression/28-race_reach_12-ptr_racefree.yml	true	OUT OF MEMORY	24.73417532	24.831145988951903	3999.997952	OUT OF MEMORY	27.11017264	27.91726719099097	3999.997952	OUT OF MEMORY	26.124006759	26.251329074031673	3999.997952	ERROR	0.112527078	0.12192524201236665	11.210752
goblint-regression/28-race_reach_19-callback_racing.yml	false	OUT OF MEMORY	26.293350458	26.363394714018796	3999.997952	OUT OF MEMORY	27.674342063	27.805277310020756	3999.997952	OUT OF MEMORY	25.595469	25.64718031900702	3999.997952	ERROR	0.112693438	0.12258935399586335	11.190272
goblint-regression/28-race_reach_20-callback_racefree.yml	true	OUT OF MEMORY	25.54939245	25.58187519101193	3999.997952	OUT OF MEMORY	29.749471054	30.03477599803591	3999.997952	OUT OF MEMORY	26.118427159	26.179314323992003	3999.997952	ERROR	0.108498531	0.11856739001814276	11.264000
goblint-regression/28-race_reach_21-deref_read_racing.yml	false	ERROR (unsupported property: invalid memory access)	3.464401983	3.4891431610449217	56.401920	ERROR (unsupported property: invalid memory access)	3.580797796	4.937122410978191	56.172544	ERROR (unsupported property: invalid memory access)	3.64374231	3.656705380999483	56.283136	ERROR	0.109808178	0.11884478200227022	11.112448
goblint-regression/28-race_reach_22-deref_read_racefree.yml	true	ERROR (unsupported property: invalid memory access)	3.586353952	3.6086428849957883	56.393728	ERROR (unsupported property: invalid memory access)	3.484246302	3.765134588989895	56.254464	ERROR (unsupported property: invalid memory access)	3.613767221	3.6278043730417266	56.320000	ERROR	0.107730126	0.11793316196417436	11.194368
goblint-regression/28-race_reach_23-sound_unlock_racing.yml	false	ERROR (unsupported external)	1.608537007	1.6184096859651618	25.792512	ERROR (unsupported external)	1.717521781	1.729273070988711	25.960448	ERROR (unsupported external)	1.711766129	1.7221222519874573	25.919488	ERROR	0.112603821	0.12493358697975054	11.350016
goblint-regression/28-race_reach_24-sound_lock_racing.yml	false	false(unreach-call)	3.519723659	3.5419238230097108	76.939264	OUT OF MEMORY	27.568946384	27.72793364204699	3999.997952	OUT OF MEMORY	25.322484492	25.397821702004876	3999.997952	ERROR	0.109921265	0.1191770380246453	11.239424
goblint-regression/28-race_reach_27-funptr_racing.yml	false	OUT OF MEMORY	24.173831319	24.311904026020784	3999.997952	OUT OF MEMORY	27.73835947	27.928805295028724	3999.997952	OUT OF MEMORY	22.734253764	22.76856764504919	3999.997952	ERROR	0.104027858	0.11150215700035915	11.759616
goblint-regression/28-race_reach_28-funptr_racefree.yml	true	OUT OF MEMORY	24.402903856	24.488114879000932	3999.997952	OUT OF MEMORY	27.352751085	27.505979587032925	3999.997952	OUT OF MEMORY	22.430322261	22.463859788957052	3999.997952	ERROR	0.105765594	0.1094482239568606	11.747328
goblint-regression/28-race_reach_36-indirect_racefree.yml	true	OUT OF MEMORY	25.378678827	25.45325389294885	3999.997952	OUT OF MEMORY	29.065906306	30.286539898021147	3999.997952	OUT OF MEMORY	38.990991655	39.203542305971496	3999.997952	ERROR	0.112307273	0.11703389801550657	11.210752
goblint-regression/28-race_reach_37-indirect_racing.yml	false	false(unreach-call)	3.630024663	3.657896709977649	76.959744	OUT OF MEMORY	27.975807139	31.123512604972348	3999.997952	OUT OF MEMORY	37.817006817	38.036761011055205	3999.997952	ERROR	0.111652094	0.1209481519763358	11.186176
goblint-regression/28-race_reach_40-trylock_racing.yml	false	ERROR (unsupported external)	1.616179157	1.631606375973206	25.821184	ERROR (unsupported external)	1.624488285	1.6362190809450112	25.972736	ERROR (unsupported external)	1.665928576	1.6857993910089135	25.952256	ERROR	0.113710008	0.1201505729695782	11.309056
goblint-regression/28-race_reach_41-trylock_racefree.yml	true	OUT OF MEMORY	25.429753043	25.464211294951383	3999.997952	OUT OF MEMORY	29.015855797	31.054055886983406	3999.997952	OUT OF MEMORY	43.035996794	43.27762595994864	3999.997952	ERROR	0.115297696	0.12364294601138681	11.284480
goblint-regression/28-race_reach_42-trylock2_racefree.yml	true	TIMEOUT	60.337796429	61.02767806901829	170.643456	OUT OF MEMORY	27.524607808	27.60968326299917	3999.997952	OUT OF MEMORY	25.526812577	25.579614606976975	3999.997952	ERROR	0.112765361	0.12189090601168573	11.333632
goblint-regression/28-race_reach_51-mutexptr_racefree.yml	true	OUT OF MEMORY	25.17593286	25.27474370301934	3999.997952	OUT OF MEMORY	26.648085212	26.76865582895698	3999.997952	OUT OF MEMORY	24.834203319	24.86475792597048	3999.997952	ERROR	0.11518078	0.12267587101086974	11.292672
goblint-regression/28-race_reach_60-invariant_racefree.yml	true	OUT OF MEMORY	25.237817081	25.270702212990727	3999.997952	OUT OF MEMORY	29.374768015	29.47760789800668	3999.997952	OUT OF MEMORY	26.38398905	26.42786882299697	3999.997952	ERROR	0.112660295	0.12135136098368093	11.194368
goblint-regression/28-race_reach_61-invariant_racing.yml	false	OUT OF MEMORY	25.12658597	25.159176310000475	3999.997952	OUT OF MEMORY	28.502649999	28.58968186599668	3999.997952	OUT OF MEMORY	25.406561685	25.494549449998885	3999.997952	ERROR	0.117198249	0.12477737298468128	11.268096
goblint-regression/28-race_reach_70-funloop_racefree.yml	true	TIMEOUT	60.970108894	61.15222199400887	2335.531008	OUT OF MEMORY	28.920433965	29.194214029004797	3999.997952	OUT OF MEMORY	22.991573956	23.014004401979037	3999.997952	ERROR	0.111090299	0.1236527250148356	12.193792
goblint-regression/28-race_reach_71-funloop_racing.yml	false	TIMEOUT	61.010495009	61.15960451198043	2366.533632	OUT OF MEMORY	29.660911304	29.822149003040977	3999.997952	OUT OF MEMORY	23.334938734	23.36762810597429	3999.997952	ERROR	0.114857705	0.12455597502412274	12.226560
goblint-regression/28-race_reach_72-funloop_hard_racing.yml	false	TIMEOUT	61.060520236	61.17421463603387	2428.121088	OUT OF MEMORY	28.688684849	28.836337320972234	3999.997952	OUT OF MEMORY	23.116584633	23.170819238992408	3999.997952	ERROR	0.113021685	0.12318793102167547	12.255232
goblint-regression/28-race_reach_73-funloop_hard_racefree.yml	true	TIMEOUT	61.14579276	61.18242157698842	2397.302784	OUT OF MEMORY	28.490375942	28.61329647403909	3999.997952	OUT OF MEMORY	23.438531606	23.463725816982333	3999.997952	ERROR	0.116688798	0.13282475899904966	12.120064
goblint-regression/28-race_reach_74-tricky_address1_racefree.yml	true	true	1.622555858	1.6346670020138845	25.956352	true	1.684891789	1.6974218370160088	25.956352	true	1.476125975	1.485533831990324	25.964544	ERROR	0.117880122	0.12470838602166623	12.345344
goblint-regression/28-race_reach_75-tricky_address2_racefree.yml	true	true	1.625766735	1.640762965020258	25.927680	true	1.688627112	1.7025055480189621	25.952256	true	1.48142666	1.4926960869925097	25.956352	ERROR	0.111124249	0.11991582799237221	12.251136
goblint-regression/28-race_reach_76-tricky_address3_racefree.yml	true	true	1.645776898	1.749403270019684	25.956352	true	1.689355044	1.6999950769823045	25.960448	true	1.478009902	1.4855945860035717	25.964544	ERROR	0.112023964	0.12140752701088786	12.218368
goblint-regression/28-race_reach_77-tricky_address4_racing.yml	false	true	1.624257544	1.6354186419630423	25.890816	true	1.691083053	1.698416488012299	25.968640	true	1.477766971	1.4853815719834529	25.956352	ERROR	0.113229601	0.12198052601888776	12.242944
goblint-regression/28-race_reach_78-equ_racing.yml	false	OUT OF MEMORY	25.193570476	25.289519214013126	3999.997952	OUT OF MEMORY	28.477071875	28.797494536964223	3999.997952	OUT OF MEMORY	22.806187665	22.845175231981557	3999.997952	ERROR	0.117450085	0.12726403202395886	12.382208
goblint-regression/28-race_reach_79-equ_racefree.yml	true	OUT OF MEMORY	23.478632067	23.503378690977115	3999.997952	OUT OF MEMORY	27.49946054	27.75786767102545	3999.997952	OUT OF MEMORY	23.501372129	23.69007937499555	3999.997952	ERROR	0.121328384	0.12847825099015608	12.288000
goblint-regression/28-race_reach_81-list_racing.yml	false	OUT OF MEMORY	16.561922761	16.943921774975024	3999.997952	OUT OF MEMORY	13.668904092	13.820982906036079	3999.997952	OUT OF MEMORY	12.230059163	12.302311028004624	3999.997952	ERROR	0.117817606	0.12721377197885886	12.324864
goblint-regression/28-race_reach_82-list_racefree.yml	false	OUT OF MEMORY	16.186702509	16.295763111964334	3999.997952	OUT OF MEMORY	13.865105283	13.926217628992163	3999.997952	OUT OF MEMORY	12.503105975	12.550222247024067	3999.997952	ERROR	0.116981395	0.1260360690066591	12.333056
goblint-regression/28-race_reach_83-list2_racing1.yml	false	OUT OF MEMORY	28.628001276	28.718895394995343	3999.997952	OUT OF MEMORY	26.402217252	26.501146850991063	3999.997952	OUT OF MEMORY	21.809097112	21.901338875002693	3999.997952	ERROR	0.122599867	0.12954222998814657	12.492800
goblint-regression/28-race_reach_84-list2_racing2.yml	false	OUT OF MEMORY	28.895344474	28.969485464971513	3999.997952	OUT OF MEMORY	24.752249756	24.828814938024152	3999.997952	OUT OF MEMORY	21.81329683	21.861191448988393	3999.997952	ERROR	0.126065957	0.13809174799825996	12.427264
goblint-regression/28-race_reach_85-list2_racefree.yml	true	OUT OF MEMORY	26.760942475	26.78672115597874	3999.997952	OUT OF MEMORY	25.90692454	25.99242934002541	3999.997952	OUT OF MEMORY	21.913433175	21.959053881990258	3999.997952	ERROR	0.120052896	0.13053338800091296	12.537856
goblint-regression/28-race_reach_86-lists_racing.yml	false	true	24.598847272	24.68204202799825	745.582592	true	25.306266047	25.641795214964077	745.586688	true	23.874397191	23.995348312950227	745.656320	ERROR	0.123412109	0.1355814230046235	12.398592
goblint-regression/28-race_reach_87-lists_racefree.yml	true	true	22.943275997	23.04133409203496	743.616512	true	23.467550825	23.66490159695968	743.653376	true	20.22702952	20.28621758002555	743.653376	ERROR	0.119640222	0.1261527810129337	12.414976
goblint-regression/28-race_reach_90-arrayloop2_racing.yml	false	true	12.903252967	12.992589865985792	98.721792	true	13.419411293	13.48904399597086	98.820096	true	10.544407037	10.555080766964238	98.746368	ERROR	0.125152533	0.1407371429959312	12.533760
goblint-regression/28-race_reach_91-arrayloop2_racefree.yml	true	true	3.655094933	3.6659649849752896	55.975936	true	3.922029998	3.9332659630454145	55.959552	true	3.500944099	3.54583974101115	55.980032	ERROR	0.116983733	0.1259800309780985	12.283904
goblint-regression/28-race_reach_92-evilcollapse_racing.yml	false	true	1.6423137	1.6518597319955006	25.976832	true	1.738173351	1.7488010459928773	26.173440	true	1.60142978	1.6118898190325126	26.169344	ERROR	0.120209813	0.12824998697033152	12.431360
goblint-regression/28-race_reach_93-evilcollapse_racefree.yml	true	true	1.647372	1.6563466279767454	26.030080	true	1.722927819	1.7328305629780516	26.165248	true	1.606949428	1.6183417129795998	26.144768	ERROR	0.124518094	0.13271470798645169	12.455936
goblint-regression/28-race_reach_94-alloc_region_racing.yml	false	OUT OF MEMORY	11.081989739	11.129040605970658	3999.997952	OUT OF MEMORY	7.879493242	7.913168923987541	3999.997952	OUT OF MEMORY	6.807072623	6.867375010042451	3999.997952	ERROR	0.134688001	0.14452861296012998	13.299712
goblint-regression/36-apron_17-traces-rpb-litmus_unknown_1_pos.yml	false	true	0.074753836	0.08123568398877978	25.694208	true	0.0570749	0.07399727596202865	25.821184	true	0.061968918	0.06962117803050205	25.825280	false(unreach-call)	0.218304496	0.22912806004751474	11.059200
goblint-regression/36-apron_41-threadenter-no-locals_unknown_1_neg.yml	false	true	0.070044649	0.07426637201569974	25.559040	true	0.052249974	0.060733922000508755	25.743360	true	0.057994058	0.10596319602336735	25.694208	false(unreach-call)	0.188596343	0.28471053700195625	10.878976
ldv-linux-3.14-races/linux-3.14--drivers--media--platform--marvell-ccic--cafe_ccic.ko.cil-1.yml	true	ERROR (compilation)	0.100721207	0.10789427498821169	27.475968	ERROR (compilation)	0.100794224	0.10952163900947198	27.525120	ERROR (compilation)	0.092857257	0.10172146104741842	27.537408	unknown	0.472523663	0.4843260860070586	32.165888
ldv-linux-3.14-races/linux-3.14--drivers--media--platform--marvell-ccic--cafe_ccic.ko.cil-2.yml	false	SEGMENTATION FAULT	0.586745684	0.7030410230509005	40.390656	SEGMENTATION FAULT	0.617442168	0.7363211369956844	40.394752	SEGMENTATION FAULT	0.506648847	0.639091444958467	40.517632	unknown	0.469756213	0.4775595029932447	32.165888
ldv-linux-3.14-races/linux-3.14--drivers--net--irda--nsc-ircc.ko.cil.yml	false	TIMEOUT	60.994593405	61.01718133199029	51.716096	TIMEOUT	60.994606762	61.012590633006766	51.687424	TIMEOUT	60.993964337	61.01398940902436	51.589120	unknown	0.482344312	0.49264282401418313	33.087488
ldv-linux-3.14-races/linux-3.14--drivers--net--irda--w83977af_ir.ko.cil.yml	false	ABORTED	7.874989938	8.05969968100544	35.782656	ABORTED	8.290063376	8.429192472016439	35.934208	ABORTED	7.405036226	7.54510011599632	35.852288	unknown	0.390697772	0.40285862603923306	26.861568
ldv-linux-3.14-races/linux-3.14--drivers--spi--spi-tegra20-slink.ko.cil.yml	false	TIMEOUT	60.94219368	61.01342722901609	32.567296	TIMEOUT	60.969362857	61.013573454984	32.665600	TIMEOUT	60.992469719	61.01542483200319	32.649216	unknown	0.269194043	0.27908133098389953	21.045248
ldv-linux-3.14-races/linux-3.14--drivers--usb--misc--adutux.ko.cil.yml	false	ABORTED	37.016931317	37.153885615000036	33.161216	ABORTED	39.110993621	39.251118812011555	33.304576	ABORTED	36.39511233	36.638058405020274	33.292288	unknown	0.309975751	0.32063829799881205	22.298624
ldv-races/race-2_2-container_of.yml	false	true	0.080636623	0.09073234896641225	26.095616	true	0.076121606	0.08524778397986665	26.136576	true	0.067163232	0.07672653294866905	26.218496	false(unreach-call)	0.256800528	0.26756719598779455	12.201984
ldv-races/race-2_3-container_of.yml	false	true	0.076649797	0.0880275439703837	26.030080	true	0.079150487	0.08510641299653798	26.230784	true	0.067454739	0.083989916020073	26.173440	false(unreach-call)	0.307374296	0.3197590290219523	12.972032
ldv-races/race-2_4-container_of.yml	false	true	0.077589478	0.08893645403441042	26.079232	true	0.079887488	0.08740844001295045	26.222592	true	0.0706908	0.07569290499668568	26.210304	false(unreach-call)	0.326039596	0.3359782029874623	12.931072
ldv-races/race-2_5-container_of.yml	false	true	0.083993705	0.0933383289957419	26.083328	true	0.078286733	0.08415870100725442	26.214400	true	0.068042708	0.07622707902919501	26.226688	false(unreach-call)	0.484766177	0.4948303810087964	13.209600
ldv-races/race-3_2-container_of-global.yml	false	true	0.076916374	0.08662805001949891	26.087424	true	0.077323843	0.08314427401637658	26.214400	true	0.069225072	0.07820744701894	26.218496	false(unreach-call)	0.268473005	0.2787230630056001	12.263424
libvsync/arraylock.yml	true	true	0.116816	0.12820312095573172	26.746880	true	0.153811349	0.16045348602347076	26.873856	true	0.109492081	0.11849266698118299	26.873856	unknown	0.457882449	0.46899325301637873	25.153536
libvsync/bounded_mpmc_check_full.yml	true	true	0.12174118	0.13342801004182547	26.750976	true	0.303551977	0.3140102030010894	26.853376	true	0.117570313	0.126529194007162	26.877952	unknown	0.453130148	0.4629188409890048	25.141248
libvsync/cnalock.yml	true	ERROR (unsupported property: invalid memory access)	0.122365142	0.13059044198598713	26.923008	ERROR (unsupported property: invalid memory access)	0.12038687	0.12877319799736142	26.996736	ERROR (unsupported property: invalid memory access)	0.105474895	0.11496004299260676	27.000832	unknown	0.465100146	0.46923928696196526	25.219072
libvsync/hclhlock.yml	true	ERROR (unsupported property: invalid memory access)	0.12224524	0.12908930896082893	27.013120	ERROR (unsupported property: invalid memory access)	0.116622864	0.15684289997443557	27.021312	ERROR (unsupported property: invalid memory access)	0.108691173	0.1255704690120183	27.136000	unknown	0.465136009	0.47205174900591373	25.436160
libvsync/hmcslock.yml	true	ERROR (unsupported property: invalid memory access)	0.145514816	0.15756305097602308	27.168768	ERROR (unsupported property: invalid memory access)	0.213110354	0.22188669099705294	27.222016	ERROR (unsupported property: invalid memory access)	0.134945607	0.1396625129855238	27.267072	unknown	0.466795634	0.47510212002089247	25.694208
libvsync/mcslock.yml	true	ERROR (unsupported property: invalid memory access)	0.117426048	0.12629757600370795	26.853376	ERROR (unsupported property: invalid memory access)	0.109635654	0.11782105901511386	26.877952	ERROR (unsupported property: invalid memory access)	0.09797471	0.10549133701715618	26.955776	unknown	0.447282595	0.4574337659869343	25.079808
libvsync/rec_mcslock.yml	true	ERROR (unsupported property: invalid memory access)	0.117271221	0.13748837099410594	26.894336	ERROR (unsupported property: invalid memory access)	0.114122716	0.12402532703708857	27.009024	ERROR (unsupported property: invalid memory access)	0.102705745	0.1117093309876509	27.004928	unknown	0.453704596	0.4634794820449315	25.260032
libvsync/rec_ticketlock.yml	true	OUT OF MEMORY	13.843730048	13.881094674987253	3999.997952	OUT OF MEMORY	13.855550713	13.875924275023863	3999.997952	OUT OF MEMORY	12.799422446	12.839079959958326	3999.997952	unknown	0.457208797	0.46498236601473764	25.067520
libvsync/rwlock.yml	true	OUT OF MEMORY	12.187461917	12.213967607007362	3999.997952	TIMEOUT	60.979211579	61.009544536995236	30.969856	OUT OF MEMORY	11.726137356	11.791752547957003	3999.997952	unknown	0.460790537	0.471451248973608	25.206784
libvsync/semaphore.yml	true	true	2.332224483	2.3633460410055704	26.746880	true	8.799434259	8.819771821959876	26.869760	true	5.522948868	5.573420869011898	26.873856	unknown	0.457289115	0.464990931970533	25.092096
libvsync/ticketlock.yml	true	OUT OF MEMORY	13.613544973	13.636038811993785	3999.997952	OUT OF MEMORY	14.23338468	14.253445618029218	3999.997952	OUT OF MEMORY	12.815541051	12.833996061002836	3999.997952	unknown	0.451334936	0.4592692680307664	25.006080
libvsync/ttaslock.yml	true	OUT OF MEMORY	13.470536359	13.537493860989343	3999.997952	TIMEOUT	60.986568439	61.010381535976194	30.552064	OUT OF MEMORY	12.704513248	12.737051511008758	3999.997952	unknown	0.447728505	0.4567320399801247	24.887296
pthread-C-DAC/pthread-finding-k-matches.yml	true	true	0.128954268	0.13998907699715346	25.968640	true	4.535027368	4.557976654032245	77.574144	true	2.140428869	2.1490736859850585	169.062400	ERROR	0.161116408	0.1690559439593926	13.516800
pthread-complex/bounded_buffer.yml	false	ERROR (compilation)	0.073133114	0.08367407001787797	25.698304	ERROR (compilation)	0.073758199	0.08180020103463903	25.706496	ERROR (compilation)	0.065370151	0.07187811896437779	25.694208	OUT OF MEMORY	23.087709378	22.78168169502169	3999.997952
pthread-complex/elimination_backoff_stack.yml	false	true	16.469150279	16.52389625099022	26.255360	true	32.353902585	32.39494971599197	26.345472	true	26.09042013	26.121001209015958	26.345472	OUT OF MEMORY	35.200634534	34.932624938955996	3999.997952
pthread-complex/safestack_relacy.yml	false	TIMEOUT	60.975959264	61.0153381760465	25.956352	TIMEOUT	60.952480228	61.01266696600942	26.087424	TIMEOUT	60.959476338	61.012123037013225	26.083328	unknown	38.835695997	38.863548059016466	762.597376
pthread-complex/workstealqueue_mutex-2.yml	true	ERROR (unsupported property: uninitialized memory)	0.099528091	0.11178867000853643	26.230784	ERROR (unsupported property: uninitialized memory)	0.101849463	0.1117377009941265	26.370048	ERROR (unsupported property: uninitialized memory)	0.084358877	0.09291296498849988	26.361856	false(unreach-call)	25.570378746	25.59817611699691	285.323264
pthread-deagle/arithmetic_prog_bad.yml	false	ERROR (compilation)	0.06113916	0.07213863101787865	25.378816	ERROR (compilation)	0.061065333	0.06994404800934717	25.448448	ERROR (compilation)	0.0535863	0.0610757659887895	25.436160	false(unreach-call)	6.76602937	6.7905755619867705	207.306752
pthread-deagle/arithmetic_prog_ok.yml	true	ERROR (compilation)	0.058037031	0.06820432201493531	25.333760	ERROR (compilation)	0.064197026	0.07069018197944388	25.427968	ERROR (compilation)	0.059290323	0.06444948597345501	25.415680	true	6.789394329	6.806328018021304	331.870208
pthread-deagle/circular_buffer_ok.yml	true	true	1.503184936	1.524038475996349	25.821184	TIMEOUT	60.949293255	61.01286545599578	25.960448	true	5.081273203	5.09106826398056	25.964544	true	55.180501458	55.360393005015794	125.829120
pthread-divine/tls_basic.yml	true	ERROR (compilation)	0.069351328	0.07842137198895216	25.460736	ERROR (compilation)	0.067595303	0.07719441404333338	25.559040	ERROR (compilation)	0.067340587	0.07243712403578684	25.563136	true	0.224732891	0.2340680860215798	11.264000
pthread-divine/tls_destructor_worker.yml	false	ERROR (compilation)	0.070495021	0.07858760899398476	25.464832	ERROR (compilation)	0.058071147	0.09461049298988655	25.591808	ERROR (compilation)	0.062380121	0.07041229400783777	25.550848	unknown	0.095952341	0.10300696198828518	8.183808
pthread-driver-races/char_generic_nvram_read_nvram_write_nvram.yml	false	true	0.161850572	0.19388574600452557	29.106176	true	0.157083175	0.18205998401390389	29.229056	true	0.140899993	0.14914329902967438	29.212672	false(unreach-call)	6.012222781	6.025520072958898	61.784064
pthread-driver-races/char_pc8736x_gpio_pc8736x_gpio_change_pc8736x_gpio_current.yml	false	true	0.170948801	0.21011422900483012	29.642752	true	0.173815274	0.19952422502683476	29.655040	true	0.154047911	0.16211049002595246	29.749248	false(unreach-call)	1.280983589	1.2909845419926569	84.750336
pthread-driver-races/char_pc8736x_gpio_pc8736x_gpio_change_pc8736x_gpio_set.yml	false	true	0.169659877	0.18157966999569908	29.622272	true	0.174698889	0.19828804297139868	29.655040	true	0.147439964	0.15690624801209196	29.708288	false(unreach-call)	1.314544586	1.325092601007782	88.670208
pthread-driver-races/char_pc8736x_gpio_pc8736x_gpio_current_pc8736x_gpio_set.yml	false	true	0.170023655	0.18931284098653123	29.609984	true	0.175602262	0.1983495460008271	29.745152	true	0.153732417	0.15994954900816083	29.757440	false(unreach-call)	1.270738751	1.281439321988728	84.733952
pthread-ext/09_fmaxsym-zero.yml	true	true	0.076481443	0.08120537200011313	25.735168	true	0.060361197	0.10336632595863193	25.837568	true	0.071321583	0.07676723296754062	25.767936	TIMEOUT	60.928190723	61.00905496603809	74.534912
pthread-ext/09_fmaxsym.yml	true	true	0.074611174	0.084476882009767	25.751552	true	0.059710457	0.07003486005123705	25.817088	true	0.066341189	0.07287811499554664	25.866240	TIMEOUT	60.919609122	61.005892455985304	145.383424
pthread-ext/25_stack.yml	true	TIMEOUT	60.980365552	61.021500107017346	110.342144	OUT OF MEMORY	36.117723857	36.37497472797986	3999.997952	TIMEOUT	60.895820748	61.02144120098092	111.079424	true	7.314552321	7.360883928020485	330.743808
pthread-ext/25_stack_longer-2.yml	true	TIMEOUT	60.97780653	61.02301530900877	103.768064	OUT OF MEMORY	34.010153953	34.158138683007564	3999.997952	TIMEOUT	60.881510013	61.02041884197388	112.332800	true	18.715303197	18.797569506976288	2008.326144
pthread-ext/25_stack_longest-1.yml	true	TIMEOUT	60.977994808	61.02703472098801	108.515328	OUT OF MEMORY	34.661533025	34.787484409986064	3999.997952	TIMEOUT	60.884538609	61.021584611036815	110.710784	OUT OF MEMORY	18.20798702	17.908690936979838	3999.997952
pthread-ext/25_stack_longest-2.yml	false	false(unreach-call)	0.140894659	0.14704945700941607	25.964544	false(unreach-call)	0.130628842	0.13929077400825918	26.091520	false(unreach-call)	0.12637408	0.13466921297367662	26.083328	OUT OF MEMORY	18.310676568	17.99179507297231	3999.997952
pthread-ext/26_stack_cas.yml	true	TIMEOUT	60.950016685	61.01981315901503	107.175936	OUT OF MEMORY	35.209765992	35.28858938196208	3999.997952	TIMEOUT	60.822160609	61.01769852801226	102.674432	true	14.238668831	14.297004943015054	794.505216
pthread-ext/26_stack_cas_longer-1.yml	false	false(unreach-call)	0.088908065	0.09972751804161817	26.140672	false(unreach-call)	0.085672317	0.0942240990116261	26.214400	false(unreach-call)	0.089027345	0.09435569902416319	26.181632	OUT OF MEMORY	18.917733088	18.594588020001538	3999.997952
pthread-ext/26_stack_cas_longer-2.yml	true	TIMEOUT	60.863246166	61.025424832012504	110.424064	OUT OF MEMORY	36.101359433	36.213957549014594	3999.997952	TIMEOUT	60.873112438	61.01614590996178	103.735296	OUT OF MEMORY	18.749639069	18.46525469701737	3999.997952
pthread-ext/26_stack_cas_longest-1.yml	false	false(unreach-call)	0.130919081	0.14036844298243523	26.148864	false(unreach-call)	0.140054844	0.14983159297844395	26.202112	false(unreach-call)	0.136140017	0.1432368609821424	26.329088	OUT OF MEMORY	17.583205428	17.284982569981366	3999.997952
pthread-ext/26_stack_cas_longest-2.yml	true	TIMEOUT	60.865614724	61.023066586989444	109.760512	OUT OF MEMORY	35.153437189	35.28113485197537	3999.997952	TIMEOUT	60.87823726	61.02160464896588	108.142592	OUT OF MEMORY	17.627592104	17.33978412405122	3999.997952
pthread-ext/28_buggy_simple_loop1_vf.yml	false	TIMEOUT	60.975673355	61.01398072001757	25.702400	TIMEOUT	60.533252945	61.019315238983836	25.829376	TIMEOUT	60.96782323	61.01189337001415	25.821184	false(unreach-call)	5.282647815	5.300596893997863	46.612480
pthread-ext/31_simple_loop5_vs.yml	true	OUT OF MEMORY	15.277234617	15.305515526037198	3999.997952	TIMEOUT	60.910786744	61.12885412899777	1434.923008	TIMEOUT	60.984637749	61.0562922800309	629.145600	TIMEOUT	60.88176062	61.00673173699761	69.464064
pthread-ext/40_barrier_vf.yml	false	ERROR (compilation)	0.069794009	0.07488256500801072	25.473024	ERROR (compilation)	0.057211818	0.09802590898470953	25.608192	ERROR (compilation)	0.05954459	0.07570824795402586	25.604096	false(unreach-call)	5.464087828	5.486623588018119	46.354432
pthread-ext/43_NetBSD_sysmon_power_sliced-pthread.yml	true	ERROR (compilation)	0.057118938	0.06750326498877257	25.432064	ERROR (compilation)	0.066898666	0.07375269301701337	25.579520	ERROR (compilation)	0.062686773	0.07026233500801027	25.563136	TIMEOUT	60.41798245	60.225155893014744	3999.997952
pthread-ext/43_NetBSD_sysmon_power_sliced.yml	true	true	0.079553654	0.08810586098115891	25.874432	true	0.078605532	0.08644837600877509	25.968640	true	0.078590073	0.08751660899724811	25.964544	TIMEOUT	61.038188254	61.00922426395118	910.487552
pthread-lit/sssc12_variant.yml	true	true	0.072124486	0.08391943603055552	25.825280	true	0.075097967	0.0801722279866226	25.960448	true	0.065321198	0.06927759799873456	25.952256	TIMEOUT	60.968659484	61.01197982300073	137.658368
pthread-race-challenges/thread-local-pthread-value.yml	true	ERROR (compilation)	0.060904276	0.06937533302698284	25.296896	ERROR (compilation)	0.068057855	0.07462789001874626	25.432064	ERROR (compilation)	0.056408746	0.07549048401415348	25.444352	true	5.422863795	5.442872043000534	54.013952
pthread-theta/exponential-4.yml	true	TIMEOUT	60.894878232	61.01256648101844	25.804800	TIMEOUT	60.73896844	61.01040076703066	25.829376	TIMEOUT	60.975428105	61.01185543596512	25.952256	true	0.25650388	0.2646467129816301	16.461824
pthread-theta/exponential-64.yml	true	TIMEOUT	60.895185728	61.01300182502018	25.833472	TIMEOUT	60.471666062	61.01309648202732	25.923584	TIMEOUT	60.976998903	61.018197417026386	88.842240	OUT OF MEMORY	17.915231286	17.62931953300722	3999.997952
pthread-theta/unwind1-1.yml	false	true	0.073728019	0.08259673794964328	25.833472	true	0.075264321	0.08024625800317153	25.960448	true	0.067175302	0.07473134703468531	25.956352	false(unreach-call)	5.222108274	5.2403337249998	120.672256
pthread-theta/unwind1-nondet.yml	false	true	0.071667452	0.08168116497108713	25.821184	true	0.068968923	0.07833114598179236	25.956352	true	0.069261359	0.07535417599137872	25.952256	false(unreach-call)	5.232617434	5.247070072975475	114.282496
pthread-theta/unwind2-100.yml	false	false(unreach-call)	0.068993386	0.07498763699550182	25.825280	false(unreach-call)	0.072948443	0.08599670499097556	25.964544	false(unreach-call)	0.068993295	0.07636478898348287	25.964544	true	5.221987872	5.2365781019907445	127.016960
pthread-theta/unwind2-nondet.yml	false	true	0.069142522	0.0824699469958432	25.821184	true	0.074745067	0.08382158097811043	25.960448	true	0.067894614	0.0755689479992725	25.952256	false(unreach-call)	5.226621224	5.239244400989264	130.719744
pthread-theta/unwind3-100.yml	false	TIMEOUT	60.974282006	61.012280651018955	25.837568	TIMEOUT	60.469043569	61.010093837976456	25.927680	TIMEOUT	60.862885098	61.01621403300669	61.263872	OUT OF MEMORY	24.702406925	24.432004483009223	3999.997952
pthread-theta/unwind3-nondet.yml	false	true	0.066268961	0.07803905196487904	25.825280	true	0.06646128	0.07486903999233618	25.939968	true	0.067854971	0.07569399499334395	25.956352	false(unreach-call)	5.229908327	5.2626569729764014	51.388416
pthread-wmm/mix000.opt.yml	false	false(unreach-call)	1.30064967	1.3119635109906085	26.144768	TIMEOUT	60.02654542	61.01276449300349	26.247168	false(unreach-call)	3.594357336	3.6083298759767786	26.218496	false(unreach-call)	0.234212476	0.24061953800264746	11.841536
pthread-wmm/mix001.oepc.yml	false	false(unreach-call)	41.736509327	41.839822667010594	26.218496	TIMEOUT	60.462291371	61.0140059980331	26.349568	TIMEOUT	60.839036041	61.01413439400494	26.349568	false(unreach-call)	0.257927396	0.2676712599932216	13.131776
pthread-wmm/mix001.opt.yml	false	TIMEOUT	61.004719904	62.968183065007906	26.120192	TIMEOUT	60.706249616	61.01288774097338	26.226688	TIMEOUT	60.925140936	61.012836099020205	26.226688	false(unreach-call)	0.240945267	0.25288477702997625	11.968512
pthread-wmm/mix002.oepc.yml	false	false(unreach-call)	36.781871858	36.87022653297754	26.161152	TIMEOUT	60.564102156	61.01274615799775	26.214400	TIMEOUT	60.929277017	61.008732656016946	26.218496	false(unreach-call)	0.246451954	0.254625056986697	12.087296
pthread-wmm/mix002.opt.yml	false	TIMEOUT	60.186512909	61.015179448004346	26.226688	TIMEOUT	60.628608258	61.01635027700104	26.337280	TIMEOUT	60.896789268	61.01184404396918	26.349568	false(unreach-call)	0.237030515	0.2503047419595532	11.980800
pthread-wmm/mix003.oepc.yml	false	false(unreach-call)	34.045851337	34.37852131295949	26.116096	TIMEOUT	60.665230082	61.01489306095755	26.222592	TIMEOUT	60.87788259	61.01293598895427	26.230784	false(unreach-call)	0.240390617	0.2558760839747265	11.866112
pthread-wmm/mix003_power.opt_pso.opt_rmo.opt_tso.opt.yml	false	TIMEOUT	60.349544238	61.0123193479958	26.214400	TIMEOUT	60.676135768	61.00898272899212	26.218496	TIMEOUT	60.82992234	61.01264125399757	26.218496	false(unreach-call)	0.246032657	0.2525839969748631	11.882496
pthread-wmm/mix004.oepc.yml	false	TIMEOUT	60.705312759	61.01489848998608	26.218496	TIMEOUT	60.764145918	61.01494748896221	26.222592	TIMEOUT	60.813122246	61.01439503900474	26.345472	false(unreach-call)	0.276087634	0.2883465640479699	13.844480
pthread-wmm/mix004.opt.yml	false	TIMEOUT	60.91490993	61.016566389007494	26.275840	TIMEOUT	60.648632151	61.01296931703109	26.345472	TIMEOUT	60.81422352	61.02274024498183	26.345472	false(unreach-call)	0.263100082	0.26706493098754436	12.730368
pthread-wmm/mix005.opt.yml	false	TIMEOUT	60.824910102	61.013638463045936	26.181632	TIMEOUT	60.662832877	61.015146842983086	26.361856	TIMEOUT	60.832565057	61.01134122000076	26.370048	false(unreach-call)	0.248157221	0.2558996999869123	12.644352
pthread-wmm/mix005_power.oepc_pso.oepc_rmo.oepc.yml	false	TIMEOUT	60.051031937	61.01452035200782	26.222592	TIMEOUT	60.658146541	61.014655867998954	26.349568	TIMEOUT	60.877307124	61.00692187104141	26.357760	false(unreach-call)	0.273309463	0.28440365399001166	13.860864
pthread-wmm/mix005_tso.oepc.yml	false	TIMEOUT	60.149017667	61.01254651701311	26.181632	TIMEOUT	60.646250923	61.01452191598946	26.345472	TIMEOUT	60.843520283	61.01292315503815	26.345472	false(unreach-call)	0.275714987	0.2802092109923251	13.742080
pthread-wmm/mix006.opt.yml	false	TIMEOUT	60.170777718	61.01567141403211	26.218496	TIMEOUT	60.673312747	61.01232193398755	26.226688	TIMEOUT	60.919314591	61.013103118981235	26.214400	false(unreach-call)	0.239819071	0.24986627500038594	12.050432
pthread-wmm/mix006_power.oepc_pso.oepc_rmo.oepc.yml	false	false(unreach-call)	33.780068954	33.91006640304113	26.083328	TIMEOUT	60.501264334	61.01416184101254	26.222592	TIMEOUT	60.944774494	61.01497392199235	26.218496	false(unreach-call)	0.247515997	0.25343430298380554	11.874304
pthread-wmm/mix006_tso.oepc.yml	false	TIMEOUT	60.9675514	61.0209394019912	26.619904	TIMEOUT	60.851607178	61.01365004299441	26.759168	TIMEOUT	60.811486075	61.013712943997234	26.742784	false(unreach-call)	0.303095177	0.3121188090299256	16.015360
pthread-wmm/mix007.oepc.yml	false	TIMEOUT	60.85301922	61.01383468799759	26.189824	TIMEOUT	60.658523009	61.006493531982414	26.349568	TIMEOUT	60.772953414	61.00875171000371	26.267648	false(unreach-call)	0.268886853	0.27906217699637637	13.709312
pthread-wmm/mix007.opt.yml	false	TIMEOUT	60.679416563	61.013208607037086	26.181632	TIMEOUT	60.659058668	61.01143974001752	26.353664	TIMEOUT	60.827378449	61.01106713997433	26.394624	false(unreach-call)	0.256115609	0.2644460510346107	12.709888
pthread-wmm/mix008.opt.yml	false	TIMEOUT	60.585661496	61.01701000198955	26.226688	TIMEOUT	60.66965954	61.00989090104122	26.361856	TIMEOUT	60.87548041	61.01511091500288	26.361856	false(unreach-call)	0.264524625	0.2720595209975727	12.673024
pthread-wmm/mix008_power.oepc_pso.oepc_rmo.oepc.yml	false	TIMEOUT	60.894505989	61.00973610195797	26.230784	TIMEOUT	60.62743469	61.013439503032714	26.345472	TIMEOUT	60.853420504	61.01242923800601	26.349568	false(unreach-call)	0.26791263	0.27851420699153095	13.656064
pthread-wmm/mix008_tso.oepc.yml	false	TIMEOUT	60.878582816	61.012550043000374	26.648576	TIMEOUT	60.83534471	61.02319248398999	26.755072	TIMEOUT	60.845140605	61.01248501398368	26.693632	false(unreach-call)	0.312672174	0.3202369280043058	17.285120
pthread-wmm/mix009.opt.yml	false	false(unreach-call)	2.66158314	2.7248196540167555	26.112000	TIMEOUT	60.721758084	61.013164623989724	26.214400	false(unreach-call)	7.402850459	7.431369744997937	26.214400	false(unreach-call)	0.225553253	0.2367252940312028	11.862016
pthread-wmm/mix010.oepc.yml	false	TIMEOUT	61.006134384	62.42290006601252	26.128384	TIMEOUT	60.487689777	61.01385922997724	26.218496	TIMEOUT	60.932265424	61.01512506400468	26.218496	false(unreach-call)	0.24369721	0.24967654998181388	11.988992
pthread-wmm/mix010.opt.yml	false	TIMEOUT	61.003327033	63.31309470103588	26.107904	TIMEOUT	60.673616178	61.014839334995486	26.214400	TIMEOUT	60.900932691	61.015419901988935	26.312704	false(unreach-call)	0.242951412	0.254916580975987	12.013568
pthread-wmm/mix011.opt.yml	false	TIMEOUT	60.731674675	62.827607927960344	26.157056	TIMEOUT	60.72203841	61.01714785001241	26.214400	TIMEOUT	60.938138075	61.00848955695983	26.218496	false(unreach-call)	0.240167986	0.2496475389925763	11.960320
pthread-wmm/mix011_power.oepc_pso.oepc_rmo.oepc.yml	false	TIMEOUT	61.003769143	62.721577225020155	26.132480	TIMEOUT	60.561801584	61.017945641011465	26.214400	TIMEOUT	60.937131825	61.013230274955276	26.234880	false(unreach-call)	0.24203489	0.2509550289832987	11.935744
pthread-wmm/mix011_tso.oepc.yml	false	TIMEOUT	61.003291221	62.07413606002228	26.095616	TIMEOUT	60.49690637	61.013642036996316	26.230784	TIMEOUT	60.949390593	61.012539765040856	26.214400	false(unreach-call)	0.235643145	0.24773420800920576	11.968512
pthread-wmm/mix013.oepc.yml	false	TIMEOUT	60.885637798	61.01404805295169	26.214400	TIMEOUT	60.402046844	61.01612196303904	26.218496	TIMEOUT	60.772440901	61.01159120700322	26.349568	false(unreach-call)	0.281000554	0.2885433020419441	13.910016
pthread-wmm/mix013.opt.yml	false	TIMEOUT	60.872744427	61.01563081901986	26.218496	TIMEOUT	60.679244544	61.015615890035406	26.349568	TIMEOUT	60.933292694	61.011667911021505	26.345472	false(unreach-call)	0.25371312	0.2612094269716181	12.693504
pthread-wmm/mix014.opt.yml	false	TIMEOUT	60.797038673	61.01476836303482	26.218496	TIMEOUT	60.670713477	61.00953868299257	26.353664	TIMEOUT	60.830953468	61.01039836596465	26.370048	false(unreach-call)	0.258924399	0.2662857130053453	12.759040
pthread-wmm/mix014_power.oepc_pso.oepc_rmo.oepc.yml	false	TIMEOUT	60.883974239	61.014849812025204	26.222592	TIMEOUT	60.697312315	61.012207643012516	26.349568	TIMEOUT	60.639624345	61.005715518957004	26.361856	false(unreach-call)	0.277053428	0.2843240250367671	13.897728
pthread-wmm/mix014_tso.oepc.yml	false	TIMEOUT	60.787477282	61.01242046401603	26.615808	TIMEOUT	60.823412719	61.012620291963685	26.750976	TIMEOUT	60.516112695	61.013032004993875	26.763264	false(unreach-call)	0.331600366	0.34329007897758856	17.784832
pthread-wmm/mix015.oepc.yml	false	false(unreach-call)	14.022011848	14.063795200025197	26.083328	TIMEOUT	60.595647192	61.012343499052804	26.222592	false(unreach-call)	46.254718879	46.39112391398521	26.226688	false(unreach-call)	0.246647675	0.2550029819831252	12.046336
pthread-wmm/mix015.opt.yml	false	TIMEOUT	60.87535294	61.01339597598417	26.157056	TIMEOUT	60.661002113	61.01375648600515	26.275840	TIMEOUT	60.919310436	61.012567859957926	26.222592	false(unreach-call)	0.244311278	0.25261423602933064	11.927552
pthread-wmm/mix016.oepc.yml	false	false(unreach-call)	12.7844683	12.79603608197067	26.107904	TIMEOUT	60.638475553	61.011278670979664	26.193920	false(unreach-call)	42.382119743	42.4353440059931	26.214400	false(unreach-call)	0.245804185	0.2538276420091279	11.804672
pthread-wmm/mix016_power.opt_rmo.opt.yml	false	TIMEOUT	60.944895329	61.009031573019456	26.087424	TIMEOUT	60.677893964	61.014331249985844	26.136576	TIMEOUT	60.83812067	61.01327717100503	26.218496	false(unreach-call)	0.245456145	0.2540745400474407	11.759616
pthread-wmm/mix016_pso.opt_tso.opt.yml	false	TIMEOUT	60.895100447	61.0121458619833	26.128384	TIMEOUT	60.705825075	61.011204308015294	26.214400	TIMEOUT	60.93565458	61.015305320965126	26.234880	false(unreach-call)	0.244830428	0.25938715803204104	11.931648
pthread-wmm/mix017.oepc.yml	false	TIMEOUT	61.003279137	62.048983329033945	26.218496	TIMEOUT	60.557555288	61.01456455496373	26.214400	TIMEOUT	60.799148078	61.01793624198763	26.214400	false(unreach-call)	0.271032165	0.2814963950077072	13.697024
pthread-wmm/mix017_power.opt_rmo.opt.yml	false	TIMEOUT	61.003252668	62.756750768981874	26.083328	TIMEOUT	60.643800725	61.013933782000095	26.226688	TIMEOUT	60.930093301	61.013758354994934	26.218496	false(unreach-call)	0.257796079	0.26700716000050306	12.349440
pthread-wmm/mix017_pso.opt_tso.opt.yml	false	TIMEOUT	60.681469064	61.014053714985494	26.279936	TIMEOUT	60.38826002	61.013412839965895	26.370048	TIMEOUT	60.785706255	61.012174611969385	26.349568	false(unreach-call)	0.251979667	0.2578537230147049	12.607488
pthread-wmm/mix018.opt.yml	false	TIMEOUT	60.539115582	61.01637564104749	26.259456	TIMEOUT	60.618490246	61.012560359959025	26.365952	TIMEOUT	60.772766202	61.012451345974114	26.349568	false(unreach-call)	0.25198546	0.25926368200453	12.591104
pthread-wmm/mix018_power.oepc_pso.oepc_rmo.oepc.yml	false	TIMEOUT	60.114295522	61.01282815303421	26.218496	TIMEOUT	60.69090722	61.01618963002693	26.345472	TIMEOUT	60.926245258	61.012748587992974	26.222592	false(unreach-call)	0.257418399	0.26925401896005496	13.430784
pthread-wmm/mix018_tso.oepc.yml	false	TIMEOUT	60.771961713	61.01620653300779	26.214400	TIMEOUT	60.675736002	61.00970872602193	26.349568	TIMEOUT	60.889295799	61.01561912702164	26.345472	false(unreach-call)	0.27628885	0.28729514201404527	13.598720
pthread-wmm/mix019.opt.yml	false	TIMEOUT	61.004339375	63.48103894403903	26.152960	TIMEOUT	60.614396315	61.01285812899005	26.222592	TIMEOUT	60.90047005	61.00832530396292	26.218496	false(unreach-call)	0.237499464	0.2489383529755287	12.009472
pthread-wmm/mix019_power.oepc_pso.oepc_rmo.oepc.yml	false	false(unreach-call)	12.74274648	12.779403042979538	26.042368	TIMEOUT	60.717215795	61.01340445299866	26.214400	false(unreach-call)	41.764546002	41.85159821197158	26.238976	false(unreach-call)	0.240902901	0.25010555802145973	11.829248
pthread-wmm/mix019_tso.oepc.yml	false	TIMEOUT	60.348980686	61.013511940022	26.173440	TIMEOUT	60.663466532	61.009883945051115	26.218496	TIMEOUT	60.95585951	61.01228413899662	26.226688	false(unreach-call)	0.235234362	0.24821646697819233	11.890688
pthread-wmm/mix020.oepc.yml	false	TIMEOUT	60.86834598	61.01832821499556	26.218496	TIMEOUT	60.62715958	61.01031089597382	26.214400	TIMEOUT	60.81106795	61.01351380802225	26.349568	false(unreach-call)	0.282959554	0.2941706950077787	13.754368
pthread-wmm/mix020.opt.yml	false	TIMEOUT	60.525943998	61.009547724039294	26.230784	TIMEOUT	60.66314732	61.0124588169856	26.357760	TIMEOUT	60.849680687	61.0130294879782	26.361856	false(unreach-call)	0.254237489	0.2628357780049555	12.578816
pthread-wmm/mix021.opt.yml	false	TIMEOUT	60.924651654	61.01553050300572	26.173440	TIMEOUT	60.706789258	61.0156881470466	26.345472	TIMEOUT	60.886222434	61.00875147496117	26.349568	false(unreach-call)	0.245833018	0.2560623160097748	12.460032
pthread-wmm/mix021_power.oepc_pso.oepc_rmo.oepc.yml	false	TIMEOUT	60.827158854	61.01557947800029	26.255360	TIMEOUT	60.694574716	61.012694420991465	26.214400	TIMEOUT	60.87010246	61.01206223596819	26.214400	false(unreach-call)	0.257308727	0.27243675402132794	13.504512
pthread-wmm/mix021_tso.oepc.yml	false	TIMEOUT	60.879527568	61.017465730023105	26.169344	TIMEOUT	60.713895019	61.013469417986926	26.226688	TIMEOUT	60.862423389	61.014839126961306	26.349568	false(unreach-call)	0.257541813	0.2671265020035207	12.808192
pthread-wmm/mix023_power.oepc_pso.oepc_rmo.oepc.yml	false	TIMEOUT	60.929505732	62.22685493400786	26.214400	TIMEOUT	60.672501295	61.01448672596598	26.349568	TIMEOUT	60.857701438	61.013002641964704	26.353664	false(unreach-call)	0.262846889	0.27220750198466703	13.598720
pthread-wmm/mix023_power.opt_pso.opt_rmo.opt.yml	false	TIMEOUT	60.872789731	61.013359643984586	26.087424	TIMEOUT	60.753050294	61.014139665989205	26.226688	TIMEOUT	60.907750781	61.01257655501831	26.243072	false(unreach-call)	0.267650471	0.28010154800722376	12.488704
pthread-wmm/mix023_tso.yml	false	TIMEOUT	60.866612732	61.01754662999883	26.714112	TIMEOUT	60.832860396	61.013925899984315	26.828800	TIMEOUT	60.794936825	61.01227017695783	26.882048	false(unreach-call)	0.353059378	0.3628011369728483	18.698240
pthread-wmm/mix024_power.oepc_pso.oepc_rmo.oepc_tso.oepc_tso.opt.yml	false	false(unreach-call)	13.690814757	13.711098719970323	26.181632	TIMEOUT	60.4179612	61.01527003396768	26.222592	false(unreach-call)	45.616120047	45.74286318401573	26.218496	false(unreach-call)	0.241601563	0.2487201599869877	11.997184
pthread-wmm/mix024_power.opt_pso.opt_rmo.opt.yml	false	TIMEOUT	60.910873934	61.01452916598646	26.087424	TIMEOUT	60.695056543	61.00956745102303	26.214400	TIMEOUT	60.910806891	61.01222226099344	26.222592	false(unreach-call)	0.233830745	0.24512728000991046	11.808768
pthread-wmm/mix025_power.oepc_power.opt_pso.oepc_rmo.oepc_tso.oepc_tso.opt.yml	false	false(unreach-call)	12.601842426	12.617765781993512	26.087424	TIMEOUT	60.7300523	61.01257531699957	26.218496	false(unreach-call)	41.602299586	41.727017981989775	26.218496	false(unreach-call)	0.246369469	0.2553535519982688	11.825152
pthread-wmm/mix025_pso.opt_rmo.opt.yml	false	TIMEOUT	60.548380672	61.01363731099991	26.091520	TIMEOUT	60.663227357	61.012405915011186	26.218496	TIMEOUT	60.938517172	61.012426447006874	26.214400	false(unreach-call)	0.257279787	0.26898875198094174	11.730944
pthread-wmm/mix026.oepc.yml	false	TIMEOUT	60.180637183	61.01244931900874	26.165248	TIMEOUT	60.730122554	61.014838478004094	26.214400	TIMEOUT	60.837466537	61.00929469795665	26.341376	false(unreach-call)	0.274253889	0.28193718002876267	13.619200
pthread-wmm/mix026_power.opt_tso.opt.yml	false	TIMEOUT	60.562406281	61.012661353976	26.210304	TIMEOUT	60.544836233	61.012925632996485	26.226688	TIMEOUT	60.847815645	61.01289434096543	26.230784	false(unreach-call)	0.294932384	0.3096618599956855	13.074432
pthread-wmm/mix026_pso.opt_rmo.opt.yml	false	TIMEOUT	60.896871233	61.013085447018966	26.177536	TIMEOUT	60.619490559	61.013970511965454	26.222592	TIMEOUT	60.917223902	61.01323217200115	26.222592	false(unreach-call)	0.263001031	0.2800233990419656	12.148736
pthread-wmm/mix027_power.oepc_pso.oepc_rmo.oepc.yml	false	TIMEOUT	61.003733318	63.04023216699716	26.157056	TIMEOUT	60.705869844	61.00977884198073	26.214400	TIMEOUT	60.863548653	61.012799069983885	26.292224	false(unreach-call)	0.260303863	0.26802172901807353	13.504512
pthread-wmm/mix027_power.opt_pso.opt_rmo.opt.yml	false	TIMEOUT	60.903198842	61.01506478001829	26.140672	TIMEOUT	60.708894207	61.01014530303655	26.222592	TIMEOUT	60.919039176	61.01328380702762	26.238976	false(unreach-call)	0.247242839	0.2592152609722689	12.230656
pthread-wmm/mix027_tso.yml	false	TIMEOUT	60.846935797	61.01126115600346	26.218496	TIMEOUT	60.795867186	61.01116322301095	26.218496	TIMEOUT	60.919427358	61.00798064097762	26.353664	false(unreach-call)	0.296290053	0.3040704769664444	13.799424
pthread-wmm/mix028_power.oepc_pso.oepc_rmo.oepc.yml	false	false(unreach-call)	12.82260405	12.841640188999008	26.140672	TIMEOUT	60.481479572	61.01453203597339	26.214400	false(unreach-call)	41.104206918	41.1554233750212	26.238976	false(unreach-call)	0.241510746	0.25289012998109683	11.911168
pthread-wmm/mix028_power.opt_pso.opt_rmo.opt.yml	false	TIMEOUT	60.682738761	61.01680390001275	26.112000	TIMEOUT	60.52632977	61.013786701951176	26.222592	TIMEOUT	60.952114866	61.014518026961014	26.218496	false(unreach-call)	0.242590638	0.24839538999367505	11.915264
pthread-wmm/mix028_tso.yml	false	TIMEOUT	60.430383743	61.016500031983014	26.349568	TIMEOUT	60.59894629	61.01454852899769	26.349568	TIMEOUT	60.835023239	61.01405497896485	26.349568	false(unreach-call)	0.23883764	0.25118383596418425	12.083200
pthread-wmm/mix029_power.oepc_pso.oepc_rmo.oepc_tso.oepc_tso.opt.yml	false	TIMEOUT	60.980806515	62.197926681954414	26.161152	TIMEOUT	60.716431309	61.012402194028255	26.275840	TIMEOUT	60.911894226	61.011739508016035	26.222592	false(unreach-call)	0.261100346	0.2691905779647641	13.594624
pthread-wmm/mix029_power.opt_pso.opt_rmo.opt.yml	false	TIMEOUT	60.39165728	62.41183770401403	26.218496	TIMEOUT	60.64673752	61.01444971800083	26.214400	TIMEOUT	60.938787904	61.01292247697711	26.226688	false(unreach-call)	0.256852298	0.2642783769988455	12.804096
pthread-wmm/mix030_power.oepc_pso.oepc_rmo.oepc.yml	false	TIMEOUT	60.843069847	61.010476876050234	26.218496	TIMEOUT	60.780775422	61.01377307000803	26.316800	TIMEOUT	60.805342249	61.011357323033735	26.353664	false(unreach-call)	0.269441707	0.27678528300020844	13.561856
pthread-wmm/mix030_power.opt_pso.opt_rmo.opt.yml	false	TIMEOUT	60.812979605	61.00930807000259	26.218496	TIMEOUT	60.650181954	61.01366028399207	26.222592	TIMEOUT	60.910675865	61.01220810500672	26.222592	false(unreach-call)	0.258179288	0.2641552650020458	12.791808
pthread-wmm/mix030_tso.yml	false	TIMEOUT	60.881159458	61.018162930966355	26.365952	TIMEOUT	60.584040974	61.01320855296217	26.353664	TIMEOUT	60.867881566	61.009033641952556	26.345472	false(unreach-call)	0.271143442	0.2812951799714938	13.221888
pthread-wmm/mix031.opt.yml	false	false(unreach-call)	4.700189679	4.712239874002989	26.079232	TIMEOUT	60.757715867	61.012930020981	26.083328	false(unreach-call)	12.551528784	12.587118478026241	26.083328	false(unreach-call)	0.251049113	0.25953922601183876	11.628544
pthread-wmm/mix032.oepc.yml	false	TIMEOUT	60.907485268	62.808270125009585	26.091520	TIMEOUT	60.633279265	61.012326776981354	26.214400	TIMEOUT	60.902561185	61.013057533011306	26.218496	false(unreach-call)	0.251158332	0.2604593549622223	12.042240
pthread-wmm/mix032.opt.yml	false	TIMEOUT	60.935154998	61.01354613399599	26.083328	TIMEOUT	60.555885668	61.01280625601066	26.091520	TIMEOUT	60.840168843	61.01382145599928	26.087424	false(unreach-call)	0.259941891	0.2674694730085321	11.759616
pthread-wmm/mix033.opt.yml	false	TIMEOUT	60.965926755	61.00885909202043	26.099712	TIMEOUT	60.567455989	61.01369758503279	26.091520	TIMEOUT	60.84570185	61.01173791702604	26.222592	false(unreach-call)	0.258640782	0.26884472998790443	11.747328
pthread-wmm/mix033_power.oepc_pso.oepc_rmo.oepc.yml	false	TIMEOUT	61.004719673	62.56411765399389	26.165248	TIMEOUT	60.620563898	61.01103982399218	26.222592	TIMEOUT	60.945921752	61.011351989989635	26.218496	false(unreach-call)	0.240667776	0.2465514229843393	12.025856
pthread-wmm/mix033_tso.oepc.yml	false	TIMEOUT	60.264525061	61.012835184985306	26.218496	TIMEOUT	60.570406837	61.011279531987384	26.218496	TIMEOUT	60.943273329	61.011684526049066	26.214400	false(unreach-call)	0.245421378	0.25410994404228404	12.050432
pthread-wmm/mix035.oepc.yml	false	false(unreach-call)	25.706060489	25.73080179298995	26.058752	TIMEOUT	60.677281259	61.013927085034084	26.230784	TIMEOUT	60.696760777	61.0125066509936	26.234880	false(unreach-call)	0.241500873	0.24979936302406713	11.939840
pthread-wmm/mix035_power.opt_rmo.opt.yml	false	TIMEOUT	60.881244559	61.014507647021674	26.091520	TIMEOUT	60.622983275	61.01324709202163	26.222592	TIMEOUT	60.812467026	61.00791902694618	26.218496	false(unreach-call)	0.242856248	0.2495670109638013	11.902976
pthread-wmm/mix035_pso.opt_tso.opt.yml	false	TIMEOUT	60.962650449	61.01309775898699	26.103808	TIMEOUT	60.69514991	61.01481679896824	26.087424	TIMEOUT	60.796788813	61.0151348800282	26.222592	false(unreach-call)	0.258061796	0.2682930539594963	11.784192
pthread-wmm/mix036.oepc.yml	false	TIMEOUT	60.699631857	61.0140716599999	26.218496	TIMEOUT	60.685071252	61.01313352404395	26.292224	TIMEOUT	60.886707458	61.00923020701157	26.353664	false(unreach-call)	0.26844837	0.27725162799470127	13.688832
pthread-wmm/mix036_power.opt_rmo.opt.yml	false	TIMEOUT	61.003255438	62.37165164295584	26.087424	TIMEOUT	60.599006131	61.01428878196748	26.218496	TIMEOUT	60.935222312	61.01544738403754	26.243072	false(unreach-call)	0.259492659	0.26803281903266907	12.369920
pthread-wmm/mix036_pso.opt_tso.opt.yml	false	TIMEOUT	60.875475944	61.01277252502041	26.120192	TIMEOUT	60.574408805	61.01301302498905	26.226688	TIMEOUT	60.933918292	61.01454843697138	26.222592	false(unreach-call)	0.244833217	0.25606458098627627	11.870208
pthread-wmm/mix037.opt.yml	false	TIMEOUT	60.890755186	61.01640362699982	26.144768	TIMEOUT	60.629562268	61.01100963796489	26.230784	TIMEOUT	60.923568389	61.01214180496754	26.214400	false(unreach-call)	0.254058518	0.26027969899587333	11.890688
pthread-wmm/mix037_power.oepc_pso.oepc_rmo.oepc.yml	false	TIMEOUT	60.093541071	61.0098519109888	26.169344	TIMEOUT	60.689804943	61.01391946495278	26.357760	TIMEOUT	60.872284516	61.01242566900328	26.349568	false(unreach-call)	0.263130639	0.27103045699186623	13.602816
pthread-wmm/mix037_tso.oepc.yml	false	TIMEOUT	60.903265674	61.01667743595317	26.161152	TIMEOUT	60.471384173	61.014312517945655	26.345472	TIMEOUT	60.909205212	61.01405691099353	26.345472	false(unreach-call)	0.274688365	0.28258172201458365	13.651968
pthread-wmm/mix038.opt.yml	false	TIMEOUT	60.946040061	61.01017503201729	26.124288	TIMEOUT	60.813928854	61.014049377001356	26.091520	TIMEOUT	60.882345781	61.012688048998825	26.107904	false(unreach-call)	0.25145693	0.2591545230243355	11.833344
pthread-wmm/mix038_power.oepc_pso.oepc_rmo.oepc.yml	false	false(unreach-call)	25.150998644	25.178042597020976	26.083328	TIMEOUT	60.718859874	61.015238026040606	26.234880	TIMEOUT	60.959198154	61.01449283299735	26.222592	false(unreach-call)	0.240524466	0.2510902790236287	11.837440
pthread-wmm/mix038_tso.oepc.yml	false	TIMEOUT	60.841537681	61.01380496297497	26.230784	TIMEOUT	60.836513195	61.01647148298798	26.222592	TIMEOUT	60.830233117	61.01346981304232	26.238976	false(unreach-call)	0.236389855	0.2472729220171459	11.829248
pthread-wmm/mix039.oepc.yml	false	TIMEOUT	60.880957651	61.013114663015585	26.161152	TIMEOUT	60.654625893	61.0139554500347	26.218496	TIMEOUT	60.91218279	61.01254996203352	26.234880	false(unreach-call)	0.285102333	0.29226079501677305	13.864960
pthread-wmm/mix039.opt.yml	false	TIMEOUT	60.886316	61.01191271899734	26.107904	TIMEOUT	60.692682955	61.01314216200262	26.218496	TIMEOUT	60.865272361	61.012844852986746	26.214400	false(unreach-call)	0.25297092	0.2660190360038541	11.964416
pthread-wmm/mix040.opt.yml	false	TIMEOUT	60.366196075	61.01528099598363	26.136576	TIMEOUT	60.476621298	61.00977653596783	26.214400	TIMEOUT	60.934016048	61.01397381903371	26.124288	false(unreach-call)	0.259194193	0.2696426250040531	11.870208
pthread-wmm/mix040_power.oepc_pso.oepc_rmo.oepc.yml	false	TIMEOUT	60.861071573	61.01719654601766	26.214400	TIMEOUT	60.628987618	61.010514301015064	26.222592	TIMEOUT	60.865603529	61.01232276001247	26.218496	false(unreach-call)	0.257720802	0.264340149005875	13.639680
pthread-wmm/mix040_tso.oepc.yml	false	TIMEOUT	60.993421851	62.50829883298138	26.222592	TIMEOUT	60.754395654	61.015736687986646	26.222592	TIMEOUT	60.777354032	61.01285720197484	26.214400	false(unreach-call)	0.260935237	0.26909676200011745	12.845056
pthread-wmm/mix042.oepc.yml	false	false(unreach-call)	25.539708629	25.564396249013953	26.083328	TIMEOUT	60.629428777	61.01038610597607	26.218496	TIMEOUT	60.946154043	61.01195863203611	26.198016	false(unreach-call)	0.242724074	0.25250584399327636	11.857920
pthread-wmm/mix042.opt.yml	false	TIMEOUT	60.845324304	61.012856946035754	26.107904	TIMEOUT	60.65802071	61.01641578198178	26.214400	TIMEOUT	60.92210614	61.01159268798074	26.214400	false(unreach-call)	0.239495482	0.24988246703287587	11.808768
pthread-wmm/mix043.oepc.yml	false	TIMEOUT	60.364213769	61.01603045105003	26.120192	TIMEOUT	60.352495839	61.01382142998045	26.247168	TIMEOUT	60.778016809	61.01377906597918	26.353664	false(unreach-call)	0.300706024	0.3092302930308506	13.750272
pthread-wmm/mix043.opt.yml	false	TIMEOUT	60.451395526	61.01832752802875	26.148864	TIMEOUT	60.7696655	61.014789548004046	26.214400	TIMEOUT	60.932517231	61.01370429596864	26.218496	false(unreach-call)	0.250821884	0.2733195109758526	12.230656
pthread-wmm/mix044.opt.yml	false	TIMEOUT	60.767385849	61.01658553699963	26.181632	TIMEOUT	60.747879733	61.014545324957	26.218496	TIMEOUT	60.911094582	61.01098396698944	26.218496	false(unreach-call)	0.251239708	0.2560121219721623	12.218368
pthread-wmm/mix044_power.oepc_pso.oepc_rmo.oepc.yml	false	TIMEOUT	60.103798548	61.0129809990176	26.173440	TIMEOUT	60.668112371	61.01334591495106	26.218496	TIMEOUT	60.931099631	61.012911211000755	26.243072	false(unreach-call)	0.263012267	0.27028310898458585	13.680640
pthread-wmm/mix044_tso.oepc.yml	false	TIMEOUT	60.883631368	61.01225741097005	26.144768	TIMEOUT	60.693870991	61.0143882240518	26.345472	TIMEOUT	60.906697925	61.013241240987554	26.349568	false(unreach-call)	0.304025571	0.31425153801683336	13.787136
pthread-wmm/mix045_power.oepc_pso.oepc_rmo.oepc.yml	false	false(unreach-call)	25.248088325	25.31718395696953	26.099712	TIMEOUT	60.77247429	61.01482623501215	26.226688	TIMEOUT	60.897504681	61.01404065999668	26.214400	false(unreach-call)	0.242099442	0.25568612199276686	11.833344
pthread-wmm/mix045_power.opt_pso.opt_rmo.opt_tso.oepc_tso.opt.yml	false	TIMEOUT	60.8965168	61.014550723019056	26.136576	TIMEOUT	60.689509633	61.01344427501317	26.218496	TIMEOUT	60.77376768	61.009524014021736	26.226688	false(unreach-call)	0.257542959	0.26454468799056485	11.763712
pthread-wmm/mix046.oepc.yml	false	TIMEOUT	60.881476326	61.02061589801451	26.193920	TIMEOUT	60.73421283	61.014499599987175	26.337280	TIMEOUT	60.89190885	61.01383242796874	26.218496	false(unreach-call)	0.275730768	0.2845059310202487	13.688832
pthread-wmm/mix046.opt.yml	false	TIMEOUT	61.002908051	62.256648921989836	26.083328	TIMEOUT	60.822200616	61.01595922297565	26.214400	TIMEOUT	60.888435766	61.012891389022116	26.214400	false(unreach-call)	0.242568467	0.2522086329990998	12.247040
pthread-wmm/mix047_power.oepc_pso.oepc_rmo.oepc.yml	false	TIMEOUT	60.548250197	61.014087011048105	26.230784	TIMEOUT	60.390577961	61.01556032302324	26.218496	TIMEOUT	60.93325737	61.01163433701731	26.353664	false(unreach-call)	0.277008606	0.2862404169864021	13.639680
pthread-wmm/mix047_power.opt_pso.opt_rmo.opt_tso.oepc_tso.opt.yml	false	TIMEOUT	60.619389506	61.03040924202651	26.136576	TIMEOUT	60.713454749	61.01432641601423	26.218496	TIMEOUT	60.917285464	61.00731023296248	26.234880	false(unreach-call)	0.244194385	0.2526276839780621	12.185600
pthread-wmm/mix049_power.oepc_power.opt_pso.oepc_pso.opt_rmo.oepc_rmo.opt_tso.oepc_tso.opt-podwr001_power.oepc_power.opt_pso.oepc_pso.opt_rmo.oepc_rmo.opt_tso.oepc_tso.opt.yml	false	false(unreach-call)	5.899424135	5.910363448958378	26.140672	TIMEOUT	60.795189575	61.01712725398829	26.214400	false(unreach-call)	18.997946066	19.023516025976278	26.230784	false(unreach-call)	0.248382925	0.25465930200880393	11.788288
pthread-wmm/mix050.yml	false	TIMEOUT	61.003993563	63.24329601699719	26.218496	TIMEOUT	60.541028347	61.010563165997155	26.218496	TIMEOUT	60.923239464	61.013011370028835	26.218496	false(unreach-call)	0.271774971	0.2792213860084303	13.635584
pthread-wmm/mix051_power.oepc_power.opt_pso.oepc_rmo.oepc.yml	false	TIMEOUT	61.002739044	63.436506397032645	26.214400	TIMEOUT	60.649341051	61.01160416199127	26.214400	TIMEOUT	60.876285193	61.00984597101342	26.218496	false(unreach-call)	0.343234681	0.3506775030400604	13.803520
pthread-wmm/mix051_pso.opt_rmo.opt_tso.opt.yml	false	TIMEOUT	60.948909243	61.01530372397974	26.038272	TIMEOUT	60.651595078	61.015210491023026	26.136576	TIMEOUT	60.924083066	61.0151095870533	26.222592	false(unreach-call)	0.267029918	0.27948254899820313	11.833344
pthread-wmm/mix051_tso.oepc.yml	false	TIMEOUT	61.003708437	63.083796393009834	26.222592	TIMEOUT	60.621090751	61.01275301800342	26.349568	TIMEOUT	60.951603319	61.01278342801379	26.345472	false(unreach-call)	0.280974796	0.2894380880170502	13.582336
pthread-wmm/mix052_power.oepc_power.opt_pso.oepc_rmo.oepc.yml	false	false(unreach-call)	6.04066657	6.06434605299728	26.099712	TIMEOUT	60.54585282	61.014933994971216	26.218496	false(unreach-call)	18.686081752	18.714283636014443	26.214400	false(unreach-call)	0.241048025	0.2517713499837555	11.743232
pthread-wmm/mix052_pso.opt_rmo.opt_tso.opt.yml	false	TIMEOUT	60.934516374	61.015452089952305	26.087424	TIMEOUT	60.77633104	61.01198679598747	26.091520	TIMEOUT	60.827281397	61.01392824895447	26.206208	false(unreach-call)	0.262581747	0.2707815020112321	11.718656
pthread-wmm/mix052_tso.oepc.yml	false	TIMEOUT	60.86804324	61.01433466299204	26.202112	TIMEOUT	60.570217945	61.01368852198357	26.218496	TIMEOUT	60.935162229	61.01470885804156	26.226688	false(unreach-call)	0.237632298	0.24457857699599117	11.788288
pthread-wmm/mix053.opt.yml	false	TIMEOUT	60.92386583	61.01118650799617	26.075136	TIMEOUT	60.577712826	61.013908626977354	26.128384	TIMEOUT	60.922472936	61.015892835042905	26.222592	false(unreach-call)	0.270600796	0.28021668299334124	11.849728
pthread-wmm/mix053_power.oepc_pso.oepc_rmo.oepc.yml	false	TIMEOUT	61.003632249	62.773681202030275	26.230784	TIMEOUT	60.610945515	61.01439455704531	26.222592	TIMEOUT	60.903162862	61.012221860990394	26.226688	false(unreach-call)	0.25607772	0.2617221270338632	13.271040
pthread-wmm/mix053_tso.oepc.yml	false	TIMEOUT	60.97541723	62.103235949994996	26.185728	TIMEOUT	60.596710562	61.01453430001857	26.218496	TIMEOUT	60.927681289	61.01514653197955	26.341376	false(unreach-call)	0.252714701	0.25838505203137174	12.701696
pthread-wmm/mix055.opt.yml	false	TIMEOUT	60.667251014	61.01506980101112	26.079232	TIMEOUT	60.495888709	61.00976601202274	26.218496	TIMEOUT	60.875793484	61.01244974299334	26.214400	false(unreach-call)	0.250694314	0.2594138699932955	12.079104
pthread-wmm/mix055_power.oepc_pso.oepc_rmo.oepc.yml	false	TIMEOUT	60.72828968	61.01619630004279	26.120192	TIMEOUT	60.623813693	61.01321215101052	26.214400	TIMEOUT	60.923632589	61.01149092800915	26.251264	false(unreach-call)	0.257873498	0.26893074897816405	13.357056
pthread-wmm/mix055_tso.oepc.yml	false	TIMEOUT	61.005801681	63.08762988995295	26.218496	TIMEOUT	60.384170635	61.01459088997217	26.222592	TIMEOUT	60.884022646	61.01514756801771	26.349568	false(unreach-call)	0.291639231	0.3000714119989425	13.479936
pthread-wmm/mix056_power.oepc_pso.oepc_rmo.oepc.yml	false	false(unreach-call)	6.052070817	6.079391937004402	26.087424	TIMEOUT	60.743608223	61.012773316993844	26.226688	false(unreach-call)	18.465763493	18.512484656006563	26.230784	false(unreach-call)	0.253198247	0.26215468399459496	11.776000
pthread-wmm/mix056_power.opt_pso.opt_rmo.opt_tso.oepc_tso.opt.yml	false	TIMEOUT	60.994942016	62.051302989944816	26.161152	TIMEOUT	60.591721724	61.01418268698035	26.218496	TIMEOUT	60.929266203	61.015623622981366	26.222592	false(unreach-call)	0.255710141	0.2639547109720297	11.718656
pthread-wmm/mix057_power.oepc_pso.oepc_rmo.oepc.yml	false	TIMEOUT	60.44956164	61.01531317504123	26.218496	TIMEOUT	60.285663396	61.0139485290274	26.226688	TIMEOUT	60.944876681	61.012421792023815	26.214400	false(unreach-call)	0.279523665	0.2935275600175373	13.557760
pthread-wmm/mix057_power.opt_pso.opt_rmo.opt_tso.oepc_tso.opt.yml	false	TIMEOUT	60.869762386	61.010504960955586	26.083328	TIMEOUT	60.566907257	61.01144650497008	26.214400	TIMEOUT	60.814171608	61.011820291983895	26.214400	false(unreach-call)	0.256846293	0.2602444459917024	11.980800
pthread-wmm/rfi000_tso.yml	true	true	1.485993419	1.497219413984567	26.296320	TIMEOUT	60.574006751	61.01183046295773	26.480640	true	3.977690283	3.9880381320253946	26.480640	true	0.238756414	0.24794377898797393	12.070912
pthread-wmm/rfi002_power.oepc_power.opt_pso.oepc_pso.opt_rmo.oepc_rmo.opt.yml	true	true	3.928459353	3.941225774004124	26.394624	TIMEOUT	60.755660334	61.014282150019426	26.480640	true	12.050594432	12.097647265007254	26.476544	true	0.248074995	0.25280118599766865	12.419072
pthread-wmm/rfi002_tso.yml	true	true	5.231800439	5.310732079029549	26.615808	TIMEOUT	60.748407955	61.01321639504749	26.607616	true	18.68267334	18.702783063985407	26.607616	true	0.292793979	0.3032256119768135	14.413824
pthread-wmm/rfi003_power.oepc_power.opt_pso.oepc_pso.opt_rmo.oepc_rmo.opt.yml	false	false(unreach-call)	2.021102291	2.032462270988617	26.025984	TIMEOUT	60.776142099	61.013995561981574	26.087424	false(unreach-call)	5.333806524	5.37204644002486	26.087424	false(unreach-call)	0.248850445	0.25901595200411975	11.702272
pthread-wmm/rfi003_tso.yml	true	true	3.792296647	3.803724446974229	26.357760	TIMEOUT	60.649813697	61.01564372202847	26.476544	true	12.002993074	12.0655765029951	26.480640	true	0.248490965	0.25986016500974074	12.505088
pthread-wmm/rfi004.yml	false	false(unreach-call)	2.111522946	2.18811085796915	25.964544	TIMEOUT	60.793671465	61.012232004024554	26.083328	false(unreach-call)	5.417670493	5.437008915992919	26.083328	false(unreach-call)	0.245765101	0.256318670057226	11.567104
pthread-wmm/rfi006_pso.oepc_pso.opt_tso.oepc_tso.opt.yml	false	TIMEOUT	60.922204994	61.01729344303021	26.271744	TIMEOUT	60.684089894	61.01314574800199	26.345472	TIMEOUT	60.838054712	61.01123466301942	26.345472	false(unreach-call)	0.254935808	0.2630109040183015	12.795904
pthread-wmm/rfi008.opt.yml	false	false(unreach-call)	1.302212083	1.3314372319728136	26.091520	TIMEOUT	60.567607902	61.01378241297789	26.218496	false(unreach-call)	3.58904277	3.599826135963667	26.222592	false(unreach-call)	0.22796706	0.23662399302702397	11.808768
pthread-wmm/rfi009_power.opt_pso.oepc_pso.opt_rmo.opt_tso.oepc_tso.opt.yml	false	TIMEOUT	60.8851798	61.01458396203816	26.193920	TIMEOUT	60.669894968	61.0142094840412	26.345472	TIMEOUT	60.774784214	61.0076589770033	26.365952	false(unreach-call)	0.245943852	0.25262245698831975	12.066816
pthread-wmm/rfi010.yml	false	false(unreach-call)	1.290577044	1.2996170819969848	26.083328	TIMEOUT	60.651767901	61.01069789699977	26.222592	false(unreach-call)	3.506796482	3.5185402869828977	26.218496	false(unreach-call)	0.226658543	0.23652532999403775	11.845632
pthread-wmm/safe000_power.opt.yml	false	TIMEOUT	60.856016162	61.01497857703362	26.247168	TIMEOUT	60.512853403	61.012591078993864	26.353664	TIMEOUT	60.806986052	61.016680912987795	26.353664	false(unreach-call)	0.249819176	0.2600717850145884	12.439552
pthread-wmm/safe000_pso.oepc_pso.opt_tso.oepc_tso.opt.yml	true	TIMEOUT	60.975836579	61.01406866899924	25.767936	TIMEOUT	60.657684854	61.01311420201091	25.931776	TIMEOUT	60.917834374	61.01325725298375	25.952256	true	0.213170649	0.22365621599601582	11.440128
pthread-wmm/safe001_power.opt_pso.oepc_pso.opt_rmo.opt.yml	false	TIMEOUT	60.622666484	61.01715020998381	26.165248	TIMEOUT	60.622563176	61.01459172798786	26.230784	TIMEOUT	60.951308373	61.01240223302739	26.234880	false(unreach-call)	0.246100392	0.2556846039951779	11.767808
pthread-wmm/safe001_tso.yml	true	TIMEOUT	60.995521661	62.12457606999669	25.821184	TIMEOUT	60.866941355	61.0148345559719	25.825280	TIMEOUT	60.899860838	61.021128563035745	25.960448	true	0.213359506	0.22441846103174612	11.370496
pthread-wmm/safe002_power.opt_pso.oepc_pso.opt_rmo.opt.yml	false	TIMEOUT	60.950191782	61.0141266459832	26.128384	TIMEOUT	60.622283852	61.01657884003362	26.218496	TIMEOUT	60.844558991	61.00870207097614	26.226688	false(unreach-call)	0.252304856	0.2628394889761694	11.808768
pthread-wmm/safe002_tso.yml	true	TIMEOUT	60.953147638	61.01469314302085	25.788416	TIMEOUT	60.722868514	61.00976202997845	25.858048	TIMEOUT	60.816112336	61.01546754100127	25.923584	true	0.216898966	0.22418762103188783	11.386880
pthread-wmm/safe003_power.oepc_pso.oepc_pso.opt_rmo.oepc_rmo.opt.yml	false	false(unreach-call)	7.076032926	7.092069564969279	26.484736	TIMEOUT	60.775435743	61.015297539008316	26.484736	false(unreach-call)	22.696420693	22.782950198976323	26.488832	false(unreach-call)	0.273979994	0.2775115760159679	13.991936
pthread-wmm/safe003_power.opt.yml	false	TIMEOUT	60.50990843	61.03785711398814	26.349568	TIMEOUT	60.60042238	61.01471643697005	26.353664	TIMEOUT	60.776366596	61.01337041996885	26.345472	false(unreach-call)	0.244592902	0.25284580199513584	12.464128
pthread-wmm/safe003_tso.yml	true	TIMEOUT	60.912590161	61.01359109202167	25.821184	TIMEOUT	60.690863552	61.008868566015735	25.837568	TIMEOUT	60.781496416	61.012569952989	25.980928	true	0.213866964	0.22154650604352355	11.419648
pthread-wmm/safe004_power.oepc_pso.oepc_rmo.oepc.yml	false	false(unreach-call)	6.970443006	6.981804053997621	26.488832	TIMEOUT	60.607027826	61.01482127897907	26.501120	false(unreach-call)	22.362171923	22.46460783900693	26.476544	false(unreach-call)	0.267761299	0.2774539800011553	13.901824
pthread-wmm/safe004_power.opt_pso.opt_rmo.opt.yml	false	TIMEOUT	60.896465045	61.01407752203522	26.218496	TIMEOUT	60.511453492	61.01283527200576	26.234880	TIMEOUT	60.950804309	61.01150961901294	26.214400	false(unreach-call)	0.237999642	0.24778231896925718	11.800576
pthread-wmm/safe004_tso.yml	true	TIMEOUT	60.97343496	61.01821484701941	25.812992	TIMEOUT	60.854068601	61.00978792196838	25.833472	TIMEOUT	60.906553403	61.01500387402484	25.952256	true	0.217343884	0.22927069698926061	11.436032
pthread-wmm/safe005_power.oepc_power.opt_pso.oepc_pso.opt_rmo.oepc_rmo.opt.yml	false	TIMEOUT	60.96814154	61.01232826797059	26.058752	TIMEOUT	60.644369552	61.01434486202197	26.214400	TIMEOUT	60.905928424	61.0110936909914	26.230784	false(unreach-call)	0.260346012	0.2713132399949245	11.808768
pthread-wmm/safe005_tso.yml	true	TIMEOUT	60.973240506	61.01665606495226	25.817088	TIMEOUT	60.721598851	61.01611732598394	25.956352	TIMEOUT	60.903066614	61.00805272097932	25.960448	true	0.211155434	0.21848981303628534	11.419648
pthread-wmm/safe007_power.opt-thin001_power.opt.yml	false	TIMEOUT	60.339520297	61.04161402198952	26.226688	TIMEOUT	60.666766634	61.014336807013024	26.214400	TIMEOUT	60.912065168	61.01491550501669	26.349568	false(unreach-call)	0.241730902	0.2506854909588583	11.939840
pthread-wmm/safe007_pso.oepc_pso.opt_tso.oepc_tso.opt-thin001_pso.oepc_pso.opt_tso.oepc_tso.opt.yml	true	TIMEOUT	60.650742449	61.011573589988984	25.821184	TIMEOUT	60.748649366	61.0106160119758	25.985024	TIMEOUT	60.887004145	61.015299007005524	25.952256	true	0.208669672	0.21904469997389242	11.362304
pthread-wmm/safe008_power.oepc_pso.oepc_pso.opt_rmo.oepc_rmo.opt.yml	false	false(unreach-call)	4.890684046	4.896193876978941	26.107904	TIMEOUT	60.023850608	61.017201691982336	26.222592	false(unreach-call)	13.864323443	13.887183515005745	26.226688	false(unreach-call)	0.240231647	0.2497274810448289	11.837440
pthread-wmm/safe008_power.opt.yml	false	TIMEOUT	60.888912215	61.013779408996925	26.271744	TIMEOUT	60.678065427	61.01324867695803	26.341376	TIMEOUT	60.876083676	61.013175364001654	26.353664	false(unreach-call)	0.248617826	0.2574973609880544	12.353536
pthread-wmm/safe008_tso.yml	true	TIMEOUT	60.792052799	61.01430306804832	25.788416	TIMEOUT	60.865358537	61.01205721497536	25.944064	TIMEOUT	60.903738419	61.01135422603693	25.956352	true	0.210006826	0.22589724499266595	11.464704
pthread-wmm/safe009_power.opt.yml	false	false(unreach-call)	42.389675057	42.51499054202577	26.214400	TIMEOUT	60.711195245	61.01539545302512	26.345472	TIMEOUT	60.805786601	61.0129544409574	26.349568	false(unreach-call)	0.245131729	0.2519295889651403	12.374016
pthread-wmm/safe009_pso.oepc_pso.opt_tso.oepc_tso.opt.yml	true	true	25.923246478	25.965425734990276	25.751552	TIMEOUT	60.830359921	61.01277231698623	25.923584	true	57.111702479	57.195616675016936	25.952256	true	0.214049398	0.22479900997132063	11.333632
pthread-wmm/safe009_rmo.opt.yml	false	false(unreach-call)	38.331581382	38.43513468198944	26.189824	TIMEOUT	60.462359868	61.01384758297354	26.214400	TIMEOUT	60.899551943	61.007837411016226	26.214400	false(unreach-call)	0.242199263	0.2515973160043359	11.825152
pthread-wmm/safe011_power.oepc_pso.oepc_rmo.oepc_rmo.opt.yml	false	false(unreach-call)	4.743108095	4.763572895957623	26.103808	TIMEOUT	60.64367128	61.01351906504715	26.218496	false(unreach-call)	13.658355496	13.726127828005701	26.226688	false(unreach-call)	0.243720381	0.25220606598304585	11.714560
pthread-wmm/safe011_power.opt_pso.opt.yml	false	TIMEOUT	60.920677054	61.0142448709812	26.116096	TIMEOUT	60.670386766	61.01430221804185	26.222592	TIMEOUT	60.912008906	61.0125658789766	26.210304	false(unreach-call)	0.246001677	0.2556315080146305	11.829248
pthread-wmm/safe011_tso.yml	true	TIMEOUT	60.926261577	61.01250266801799	25.825280	TIMEOUT	60.889694208	61.013707006990444	25.821184	TIMEOUT	60.827111954	61.00905115297064	25.829376	true	0.208756738	0.2209966559894383	11.288576
pthread-wmm/safe012_power.opt.yml	false	TIMEOUT	60.835437666	61.017723248980474	26.222592	TIMEOUT	60.62304998	61.01376893901033	26.349568	TIMEOUT	60.8812769	61.01169660297455	26.349568	false(unreach-call)	0.244801408	0.2546856729895808	11.948032
pthread-wmm/safe012_pso.oepc_pso.opt_rmo.opt.yml	false	TIMEOUT	60.936799688	61.01682233501924	26.083328	TIMEOUT	60.678561824	61.01291387801757	26.218496	TIMEOUT	60.783832035	61.012388647999614	26.218496	false(unreach-call)	0.256391134	0.2666842150501907	11.735040
pthread-wmm/safe012_tso.yml	true	TIMEOUT	60.965527489	61.01249784603715	25.858048	TIMEOUT	60.653726372	61.009626557992306	25.829376	TIMEOUT	60.90721427	61.01386242697481	25.960448	true	0.210475902	0.21771092398557812	11.513856
pthread-wmm/safe013_power.oepc_power.opt_pso.oepc_pso.opt_rmo.oepc_rmo.opt.yml	false	TIMEOUT	60.968903455	61.023008140036836	26.079232	TIMEOUT	60.661270806	61.01126546203159	26.152960	TIMEOUT	60.816145497	61.015939333010465	26.218496	false(unreach-call)	0.253076763	0.26495597301982343	11.804672
pthread-wmm/safe013_tso.yml	true	TIMEOUT	60.963792553	61.01167746196734	25.837568	TIMEOUT	60.768188813	61.01002820703434	25.825280	TIMEOUT	60.921673574	61.01243526500184	25.870336	true	0.214541371	0.22566413501044735	11.317248
pthread-wmm/safe014_pso.oepc_pso.opt_tso.oepc_tso.opt.yml	true	TIMEOUT	60.966299149	61.01323374599451	25.821184	TIMEOUT	60.596253696	61.016246945015155	25.821184	TIMEOUT	60.881909695	61.01228678098414	25.833472	true	0.218374606	0.22559942404041067	11.374592
pthread-wmm/safe014_rmo.opt.yml	false	TIMEOUT	60.891908822	61.012885887001175	26.447872	TIMEOUT	60.814313161	61.01574205397628	26.529792	TIMEOUT	60.902180926	61.0130059630028	26.480640	false(unreach-call)	0.259229984	0.2680649550165981	12.914688
pthread-wmm/safe015_power.opt.yml	false	TIMEOUT	60.921394867	61.013283615000546	26.484736	TIMEOUT	60.828701429	61.01463824999519	26.607616	TIMEOUT	60.955988261	61.01252782501979	26.607616	false(unreach-call)	0.262533617	0.2715539450291544	13.090816
pthread-wmm/safe015_pso.oepc_pso.opt_tso.oepc_tso.opt.yml	true	TIMEOUT	60.926912345	61.01413721602876	25.796608	TIMEOUT	60.246035077	61.01175168895861	25.948160	TIMEOUT	60.877253824	61.0123460580362	25.956352	true	0.214466075	0.2266901070252061	11.341824
pthread-wmm/safe015_rmo.yml	false	TIMEOUT	60.924905141	61.01544078398729	26.431488	TIMEOUT	60.719854884	61.01527485001134	26.484736	TIMEOUT	60.916766921	61.011933729983866	26.476544	false(unreach-call)	0.259965574	0.26912109402474016	12.984320
pthread-wmm/safe016_power.opt.yml	false	TIMEOUT	60.922417738	61.01420913398033	26.484736	TIMEOUT	60.767758172	61.01691074902192	26.611712	TIMEOUT	60.949457345	61.013741818023846	26.607616	false(unreach-call)	0.269764215	0.2767072599963285	14.204928
pthread-wmm/safe016_pso.oepc_pso.opt_tso.oepc_tso.opt.yml	true	TIMEOUT	60.971112483	61.014711144031025	25.866240	TIMEOUT	60.645819465	61.012630864046514	25.956352	TIMEOUT	60.939544716	61.01212667900836	25.821184	true	0.224225092	0.23592319403542206	11.395072
pthread-wmm/safe016_rmo.opt.yml	false	TIMEOUT	60.848973477	61.01628358301241	26.349568	TIMEOUT	60.652580099	61.01329108898062	26.476544	TIMEOUT	60.858593953	61.01340098399669	26.476544	false(unreach-call)	0.279599445	0.28767238900763914	14.188544
pthread-wmm/safe017_power.oepc_power.opt_pso.oepc_pso.opt_rmo.oepc_rmo.opt.yml	false	false(unreach-call)	1.819099622	1.870755758951418	26.152960	TIMEOUT	60.221801131	61.01296285301214	26.222592	false(unreach-call)	4.924804415	4.94526563497493	26.218496	false(unreach-call)	0.244089136	0.25418389501282945	11.816960
pthread-wmm/safe017_tso.yml	true	true	24.216952127	24.240687033976428	25.821184	TIMEOUT	60.805436577	61.01546338497428	25.952256	true	55.936341763	56.09106061095372	25.829376	true	0.214174127	0.22519000299507752	11.362304
pthread-wmm/safe018_power.opt.yml	false	false(unreach-call)	50.072829501	50.303398774995	26.390528	TIMEOUT	60.59510879	61.00956126500387	26.476544	TIMEOUT	60.602617197	61.01066939503653	26.484736	false(unreach-call)	0.254160947	0.2665673950104974	12.738560
pthread-wmm/safe018_pso.oepc_pso.opt_tso.oepc_tso.opt.yml	true	true	26.609823739	26.666102221002802	25.821184	TIMEOUT	60.76788974	61.00907049095258	25.841664	TIMEOUT	60.960824672	61.01458111801185	25.817088	true	0.215761383	0.22797367500606924	11.390976
pthread-wmm/safe018_rmo.opt.yml	false	TIMEOUT	60.904668271	61.0128772869939	26.206208	TIMEOUT	60.528317635	61.013264343026094	26.345472	TIMEOUT	60.909206443	61.018318470043596	26.374144	false(unreach-call)	0.250862358	0.2589360569836572	12.050432
pthread-wmm/safe019_power.opt.yml	false	TIMEOUT	60.830976755	61.01660702802474	26.398720	TIMEOUT	60.732562018	61.01053344801767	26.476544	TIMEOUT	60.952995611	61.008192114008125	26.480640	false(unreach-call)	0.281799966	0.28867556201294065	14.434304
pthread-wmm/safe019_pso.oepc_pso.opt_tso.oepc_tso.opt.yml	true	TIMEOUT	60.35090601	61.020723545050714	25.825280	TIMEOUT	60.743778703	61.01514055096777	25.948160	TIMEOUT	60.946775184	61.013509364041965	25.952256	true	0.226438904	0.23458333901362494	11.403264
pthread-wmm/safe019_rmo.opt.yml	false	TIMEOUT	60.814021612	61.01281343703158	26.329088	TIMEOUT	60.659359424	61.01414020394441	26.476544	TIMEOUT	60.926005689	61.016034792002756	26.484736	false(unreach-call)	0.268076819	0.27955417695920914	13.545472
pthread-wmm/safe020_power.yml	false	TIMEOUT	60.90774282	61.0162976620486	26.365952	TIMEOUT	60.613392436	61.01275149296271	26.484736	TIMEOUT	60.611022459	61.011580001038965	26.480640	false(unreach-call)	0.253065671	0.2634827269939706	12.664832
pthread-wmm/safe020_pso.oepc_pso.opt_tso.oepc_tso.opt.yml	true	TIMEOUT	60.966826671	61.01645015995018	25.821184	TIMEOUT	60.759405482	61.01238877797732	25.829376	TIMEOUT	60.92355035	61.01680891297292	25.841664	true	0.215912647	0.22600627999054268	11.231232
pthread-wmm/safe020_rmo.yml	false	TIMEOUT	60.888423551	61.01561096694786	26.222592	TIMEOUT	60.575400669	61.00997831602581	26.345472	TIMEOUT	60.934517977	61.01062782498775	26.365952	false(unreach-call)	0.250621192	0.26284755900269374	11.993088
pthread-wmm/safe021_power.oepc_pso.oepc_rmo.oepc_rmo.opt.yml	false	false(unreach-call)	5.939382408	5.952036659000441	26.083328	TIMEOUT	60.614789984	61.01475302805193	26.255360	false(unreach-call)	18.72109168	18.74150563799776	26.226688	false(unreach-call)	0.238259322	0.24709235999034718	11.862016
pthread-wmm/safe021_power.opt_pso.opt.yml	false	TIMEOUT	60.764638057	61.03962509299163	26.238976	TIMEOUT	60.35846504	61.010063922032714	26.218496	TIMEOUT	60.961182985	61.01255695900181	26.218496	false(unreach-call)	0.240052135	0.24931770097464323	11.755520
pthread-wmm/safe021_tso.yml	true	TIMEOUT	60.898542189	61.017235976003576	25.747456	TIMEOUT	60.810085911	61.00826294103172	25.960448	TIMEOUT	60.785243683	61.015211527002975	25.956352	true	0.212092316	0.22351410699775442	11.448320
pthread-wmm/safe023_power.oepc_power.opt_pso.oepc_pso.opt_rmo.oepc_rmo.opt.yml	false	TIMEOUT	60.860459051	61.014232909015846	26.419200	TIMEOUT	60.841091411	61.01690780901117	26.484736	TIMEOUT	60.826014239	61.01239356899168	26.624000	false(unreach-call)	0.32965	0.34106619301019236	15.114240
pthread-wmm/safe023_tso.yml	true	TIMEOUT	60.95570918	61.01735238201218	25.821184	TIMEOUT	60.783506441	61.015115790010896	25.948160	TIMEOUT	60.945701487	61.01216781500261	25.956352	true	0.213396504	0.22291710798162967	11.341824
pthread-wmm/safe024_power.oepc_power.opt_pso.oepc_pso.opt_rmo.oepc_rmo.opt.yml	false	TIMEOUT	60.83880559	61.01054889900843	26.083328	TIMEOUT	60.6945827	61.012718771991786	26.214400	TIMEOUT	60.905472777	61.01337366300868	26.218496	false(unreach-call)	0.241940862	0.2505093429936096	11.755520
pthread-wmm/safe024_tso.yml	true	TIMEOUT	60.973212218	61.014808352978434	25.792512	TIMEOUT	60.63581959	61.0145293190144	25.829376	TIMEOUT	60.949538898	61.00837000098545	25.825280	true	0.212790701	0.22159243101486936	11.411456
pthread-wmm/safe025_pso.oepc_pso.opt_tso.oepc_tso.opt.yml	true	TIMEOUT	60.973888359	61.01779832801549	25.808896	TIMEOUT	60.660117974	61.013778975990135	25.825280	TIMEOUT	60.870249265	61.01285120099783	25.956352	true	0.21334603	0.22003206401132047	11.366400
pthread-wmm/safe025_rmo.yml	false	TIMEOUT	60.896538175	61.01591015700251	26.472448	TIMEOUT	60.406348074	61.014036648964975	26.476544	TIMEOUT	60.901597243	61.0125135119888	26.488832	false(unreach-call)	0.25924872	0.2698337599867955	12.951552
pthread-wmm/safe026_power.oepc_power.opt_pso.oepc_pso.opt_rmo.oepc_rmo.opt.yml	false	false(unreach-call)	2.169597241	2.226029971963726	26.091520	TIMEOUT	60.615745331	61.0136118310038	26.214400	false(unreach-call)	6.815268388	6.84104471700266	26.218496	false(unreach-call)	0.249583636	0.2555210210266523	11.808768
pthread-wmm/safe026_tso.yml	true	true	25.060468495	25.095934701967053	25.808896	TIMEOUT	60.450849157	61.01271357398946	25.939968	true	58.162764748	58.34778166003525	25.956352	true	0.210040752	0.2216316270059906	11.423744
pthread-wmm/safe027_power.opt.yml	false	TIMEOUT	60.92303521	61.01718291902216	26.464256	TIMEOUT	60.861271809	61.012804189987946	26.484736	TIMEOUT	60.955259746	61.01385965500958	26.480640	false(unreach-call)	0.271844663	0.280427840014454	14.430208
pthread-wmm/safe027_pso.oepc_pso.opt_tso.oepc_tso.opt.yml	true	TIMEOUT	60.947868379	61.013053065980785	25.776128	TIMEOUT	60.808176248	61.015168762009125	25.956352	TIMEOUT	60.955858888	61.0127140909899	25.948160	true	0.226840722	0.23856338096084073	11.329536
pthread-wmm/safe028_power.yml	false	TIMEOUT	60.90755081	61.0118688980001	26.394624	TIMEOUT	60.618046304	61.014414613018744	26.492928	TIMEOUT	60.845272873	61.013114825007506	26.476544	false(unreach-call)	0.255767625	0.2651449959957972	12.677120
pthread-wmm/safe028_pso.oepc_pso.opt_tso.oepc_tso.opt.yml	true	TIMEOUT	60.968306429	61.011223263980355	25.825280	TIMEOUT	60.741661043	61.00899013498565	25.821184	TIMEOUT	60.933052067	61.01318634697236	25.956352	true	0.216874394	0.22459997003898025	11.333632
pthread-wmm/safe028_rmo.yml	false	TIMEOUT	60.858073673	61.01415261300281	26.238976	TIMEOUT	60.162288103	61.014010591025	26.353664	TIMEOUT	60.841753974	61.01252753601875	26.345472	false(unreach-call)	0.247232856	0.2525753930094652	12.001280
pthread-wmm/safe030_power.oepc_pso.oepc_rmo.oepc.yml	false	false(unreach-call)	4.79330345	4.80453565903008	26.083328	TIMEOUT	60.614104415	61.01414461998502	26.226688	false(unreach-call)	13.328365218	13.347980074991938	26.234880	false(unreach-call)	0.249289849	0.25984224100830033	11.808768
pthread-wmm/safe030_power.opt_pso.opt_rmo.opt.yml	false	TIMEOUT	60.95520972	61.01278580201324	26.062848	TIMEOUT	60.531014995	61.01557663397398	26.218496	TIMEOUT	60.918253805	61.013317409029696	26.238976	false(unreach-call)	0.261373769	0.27076206397032365	11.694080
pthread-wmm/safe030_tso.yml	true	TIMEOUT	60.880639077	61.01111115299864	25.825280	TIMEOUT	60.862490217	61.00965489598457	25.829376	TIMEOUT	60.770569845	61.01403503702022	25.956352	true	0.221272111	0.22677056799875572	11.407360
pthread-wmm/safe031_power.oepc_pso.oepc_rmo.oepc.yml	false	TIMEOUT	60.937606722	61.01334623299772	26.128384	TIMEOUT	60.04541466	61.01118234900059	26.218496	TIMEOUT	60.720923856	61.01217878103489	26.214400	false(unreach-call)	0.259472282	0.26946160302031785	11.821056
pthread-wmm/safe031_power.opt_pso.opt_rmo.opt.yml	false	TIMEOUT	60.959173309	61.0136179549736	26.066944	TIMEOUT	60.53282262	61.015034470008686	26.177536	TIMEOUT	60.896477336	61.01432332699187	26.214400	false(unreach-call)	0.260903094	0.2701136759715155	11.780096
pthread-wmm/safe031_tso.yml	true	TIMEOUT	60.935327736	61.015930263034534	25.784320	TIMEOUT	60.935215518	61.014509443950374	25.829376	TIMEOUT	60.878178027	61.012147871020716	25.829376	true	0.218530654	0.2288231459679082	11.460608
pthread-wmm/safe032_power.oepc_power.opt_pso.oepc_pso.opt_rmo.oepc_rmo.opt.yml	false	TIMEOUT	60.844672653	61.016514665971044	26.427392	TIMEOUT	60.717968816	61.01531983201858	26.476544	TIMEOUT	60.89035263	61.010779793024994	26.480640	false(unreach-call)	0.271261514	0.28157705295598134	13.930496
pthread-wmm/safe032_tso.yml	true	TIMEOUT	60.96560037	61.01259795203805	25.866240	TIMEOUT	60.704697257	61.01572532800492	25.825280	TIMEOUT	60.906844216	61.011793735960964	25.886720	true	0.215163537	0.2252403349848464	11.370496
pthread-wmm/safe034_power.oepc_power.opt_pso.oepc_pso.opt_rmo.oepc_rmo.opt.yml	false	TIMEOUT	60.945834702	61.01571356400382	26.066944	TIMEOUT	60.584177148	61.01239314104896	26.087424	TIMEOUT	60.855493368	61.01200956403045	26.218496	false(unreach-call)	0.262258446	0.27451819699490443	11.669504
pthread-wmm/safe034_tso.yml	true	TIMEOUT	60.962319366	61.01659538701642	25.845760	TIMEOUT	60.776472173	61.014012660016306	25.956352	TIMEOUT	60.814654342	61.011635239003226	25.956352	true	0.212546546	0.2214216510183178	11.460608
pthread-wmm/safe035_power.yml	true	TIMEOUT	60.867234039	61.011886207037605	26.603520	TIMEOUT	60.822998415	61.01412890100619	26.738688	TIMEOUT	60.863445124	61.011228657036554	26.771456	true	0.51395166	0.5297933779656887	18.059264
pthread-wmm/safe035_pso.oepc_pso.opt_rmo.oepc_rmo.opt_tso.oepc_tso.opt.yml	true	TIMEOUT	60.944231898	61.01438645197777	25.882624	TIMEOUT	60.410238268	61.00997816299787	25.825280	TIMEOUT	60.927120027	61.01317926199408	25.952256	true	0.217857863	0.2241204149904661	11.358208
pthread-wmm/safe037.yml	true	TIMEOUT	60.970194649	61.01389702298911	25.812992	TIMEOUT	60.772613141	61.01334320998285	25.960448	TIMEOUT	60.84376932	61.01270283001941	25.825280	true	0.213190985	0.22496628103544936	11.354112
pthread-wmm/thin002_power.opt.yml	false	TIMEOUT	60.80824134	61.01375746703707	26.308608	TIMEOUT	60.72513877	61.012401441985276	26.415104	TIMEOUT	60.625720889	61.0108864249778	26.353664	false(unreach-call)	0.252689639	0.2662341370014474	12.886016
pthread-wmm/thin002_pso.oepc_pso.opt_tso.oepc_tso.opt.yml	true	TIMEOUT	60.967731688	61.01597975299228	25.825280	TIMEOUT	60.825310465	61.01294693601085	25.862144	TIMEOUT	60.940391461	61.01355220499681	26.013696	true	0.232932637	0.24190096399979666	11.448320
pthread/fib_safe-10.yml	true	TIMEOUT	60.20473204	61.009476074017584	25.845760	TIMEOUT	60.87036403	61.011818455997854	25.821184	TIMEOUT	60.902728943	61.014081021014135	25.952256	true	17.557373424	17.6482384140254	97.951744
pthread/fib_safe-11.yml	true	TIMEOUT	60.965512414	61.01322600804269	25.759744	TIMEOUT	60.799015109	61.010599222034216	25.825280	TIMEOUT	60.829033545	61.01339548500255	25.825280	true	51.41922997	51.5186370810261	133.386240
pthread/fib_safe-5.yml	true	true	1.782280924	1.8072610230301507	25.821184	TIMEOUT	60.322045132	61.01176906604087	25.825280	true	6.687545776	6.708454143954441	25.849856	true	0.646169316	0.6537269449909218	26.796032
pthread/fib_safe-6.yml	true	true	7.963262058	7.978989004972391	25.833472	TIMEOUT	60.887200934	61.01037539495155	25.821184	true	36.769141429	36.83556378301	25.825280	true	1.653244501	1.662044186028652	34.992128
pthread/fib_safe-7.yml	true	true	38.615461444	38.657959468022455	25.825280	TIMEOUT	60.888028707	61.00917633494828	25.829376	TIMEOUT	60.907679752	61.01193117699586	25.845760	true	3.883082633	3.8940508439554833	46.931968
pthread/fib_unsafe-10.yml	false	TIMEOUT	60.93443299	61.01227010402363	25.743360	TIMEOUT	60.891946057	61.01505739201093	25.821184	TIMEOUT	60.501545188	61.01521609601332	25.964544	false(unreach-call)	11.75375457	11.79662780201761	90.734592
pthread/fib_unsafe-11.yml	false	TIMEOUT	60.913476409	61.01209627697244	25.726976	TIMEOUT	60.886788042	61.01206740597263	25.821184	TIMEOUT	60.772304478	61.00987814401742	25.825280	false(unreach-call)	25.250205547	25.28830133297015	116.879360
pthread/fib_unsafe-12.yml	false	TIMEOUT	60.969222233	61.01528776896885	25.718784	TIMEOUT	60.703218813	61.00928343198029	25.821184	TIMEOUT	60.764682764	61.01387471402995	25.821184	false(unreach-call)	47.14117304	47.20039536000695	155.066368
pthread/fib_unsafe-6.yml	false	false(unreach-call)	2.149469252	2.1903855880373158	25.829376	TIMEOUT	60.566912826	61.01125492894789	25.841664	false(unreach-call)	10.148519224	10.207966455025598	25.821184	false(unreach-call)	0.98543934	0.9948451499803923	32.600064
pthread/fib_unsafe-7.yml	false	false(unreach-call)	10.227834451	10.2419865160482	25.743360	TIMEOUT	60.909045538	61.016580644005444	25.825280	false(unreach-call)	54.827577501	54.94894843903603	25.849856	false(unreach-call)	1.722290338	1.7342449080315419	39.723008
pthread/queue_longer.yml	false	false(unreach-call)	8.188184172	8.421266826975625	1041.719296	TIMEOUT	60.839491021	61.018257901014294	107.679744	TIMEOUT	60.920896681	61.039343144977465	393.617408	ERROR	0.130529105	0.1364673559437506	12.722176
pthread/queue_longest.yml	false	OUT OF MEMORY	39.55428159	39.63624207105022	3999.997952	TIMEOUT	60.861112393	61.018321894982364	93.171712	TIMEOUT	60.529181393	61.027770982997026	282.660864	ERROR	0.126868116	0.13349360198481008	12.529664
pthread/queue_ok_longer.yml	true	true	0.122517114	0.13816992403008044	25.866240	true	8.544529642	8.55710461299168	253.743104	true	2.374260342	2.3839419159921817	164.499456	ERROR	0.13113167	0.14163472899235785	12.517376
pthread/queue_ok_longest.yml	true	true	0.181360164	0.19111795898061246	25.878528	true	37.497876187	37.78407587495167	969.699328	true	15.009470663	15.034550811978988	613.089280	ERROR	0.131895684	0.13816460804082453	12.648448
pthread/stack-2.yml	false	true	0.068508735	0.07925097597762942	25.837568	true	0.074277772	0.08338780701160431	25.919488	true	0.064192358	0.07293233601376414	25.952256	false(unreach-call)	0.956740991	0.9662797699565999	45.719552
pthread/stack_longer-1.yml	false	true	2.587882327	2.600326502986718	580.882432	TIMEOUT	60.821864856	61.056121746019926	593.199104	true	22.508687937	22.54173080797773	710.688768	ERROR	0.126016364	0.13594801997533068	12.513280
pthread/stack_longer-2.yml	true	true	2.581355503	2.6465272500063293	580.882432	TIMEOUT	60.74388933	61.05746293696575	593.195008	true	22.492773637	22.520726843038574	711.909376	ERROR	0.125241445	0.12992262799525633	12.464128
pthread/stack_longest-1.yml	false	true	16.323594222	16.59947908401955	3700.559872	TIMEOUT	60.94807095	61.1123526339652	1314.840576	TIMEOUT	61.00938229	61.127188626036514	1634.844672	ERROR	0.12504499	0.13579921703785658	12.529664
pthread/stack_longest-2.yml	true	true	16.277856609	16.306410475983284	3700.527104	TIMEOUT	60.828894192	61.11030247900635	1314.787328	TIMEOUT	61.075875828	61.13021984696388	1667.334144	ERROR	0.122275207	0.13111460203072056	12.533760
pthread/sync01.yml	true	ERROR (compilation)	0.060009538	0.07100984698627144	25.452544	ERROR (compilation)	0.063190519	0.07247147103771567	25.563136	ERROR (compilation)	0.050939546	0.05580668698530644	25.559040	true	5.306325378	5.33060344401747	34.754560
pthread/triangular-1.yml	true	true	3.141425698	3.1631644690060057	25.763840	TIMEOUT	61.001912516	62.88683316798415	25.956352	true	7.040419139	7.076291949022561	25.956352	true	0.339729833	0.34707870200509205	11.214848
pthread/triangular-longer-1.yml	true	TIMEOUT	60.946777884	61.01366481301375	25.767936	TIMEOUT	60.990738193	64.34759265201865	25.866240	TIMEOUT	60.744695352	61.01129165897146	25.886720	true	13.730395398	13.780179927009158	39.587840
pthread/triangular-longer-2.yml	false	TIMEOUT	60.887579438	61.014591938001104	25.849856	TIMEOUT	61.00401981	63.246667750994675	25.952256	TIMEOUT	60.718782362	61.01218331605196	25.968640	false(unreach-call)	5.877729969	5.8884483549627475	31.686656
weaver/chl-word-subst.wvr.yml	true	OUT OF MEMORY	15.037503343	15.075420786975883	3999.997952	OUT OF MEMORY	14.673683908	14.756758178002201	3999.997952	OUT OF MEMORY	15.402215844	15.550548863015138	3999.997952	true	6.410836954	6.451199873990845	84.062208
weaver/chl-word-symm.wvr.yml	true	OUT OF MEMORY	14.546221161	14.573372299026232	3999.997952	OUT OF MEMORY	14.605149699	14.750157255970407	3999.997952	OUT OF MEMORY	15.115763015	15.460944316990208	3999.997952	true	5.75372277	5.780071487999521	88.412160
weaver/chl-word-trans.wvr.yml	true	OUT OF MEMORY	14.961045079	15.045517411024775	3999.997952	OUT OF MEMORY	14.786290357	14.925505942956079	3999.997952	OUT OF MEMORY	15.099667717	15.250921095954254	3999.997952	true	6.296101144	6.314325132989325	84.856832
weaver/loop-tiling-eq.wvr.yml	true	true	0.07067079	0.07885005901334807	25.358336	true	0.062784041	0.07413184700999409	25.473024	true	0.074082417	0.08183432999067008	25.427968	unknown	5.248054134	5.41592361201765	80.744448
weaver/mult-comm.wvr.yml	true	OUT OF MEMORY	10.433731651	10.457621162000578	3999.997952	OUT OF MEMORY	10.776293556	10.903513733006548	3999.997952	OUT OF MEMORY	11.001325518	11.998657112009823	3999.997952	true	5.13784713	5.226511132961605	74.240000
weaver/mult-dist.wvr.yml	true	OUT OF MEMORY	10.988872156	11.008142962993588	3999.997952	OUT OF MEMORY	11.345815992	11.385753189970274	3999.997952	OUT OF MEMORY	10.846175629	11.252022063010372	3999.997952	true	5.189375646	5.320292014977895	77.987840
weaver/mult-flipped-dist.wvr.yml	true	OUT OF MEMORY	10.905331498	10.938338026986457	3999.997952	OUT OF MEMORY	10.689961433	10.774943911994342	3999.997952	OUT OF MEMORY	11.385086363	11.592753995966632	3999.997952	true	5.38158976	5.436364829016384	85.725184
weaver/parallel-barrier-loop.wvr.yml	false	true	0.071692466	0.0856673670350574	25.427968	true	0.062716999	0.1040442519588396	25.509888	true	0.068533997	0.077634901041165	25.530368	false(unreach-call)	5.421109607	5.467534908035304	55.271424
weaver/parallel-min-max-1.wvr.yml	true	OUT OF MEMORY	16.1322772	16.218595203012228	3999.997952	OUT OF MEMORY	15.330237202	15.38309079996543	3999.997952	OUT OF MEMORY	15.909018984	16.78829167695949	3999.997952	true	5.408818715	5.438360459986143	77.185024
weaver/parallel-ticket-7.wvr.yml	true	true	0.075708546	0.08578431000933051	25.333760	true	0.063048259	0.1532617390039377	25.432064	true	0.071505071	0.08052942401263863	25.436160	TIMEOUT	60.704108237	61.008395092969295	78.430208
weaver/parallel-ticket-8.wvr.yml	true	true	0.071868621	0.08153561700601131	25.473024	true	0.065628425	0.11824461200740188	25.563136	true	0.064938459	0.12289807602064684	25.522176	TIMEOUT	60.759047768	61.009569212037604	73.277440
weaver/popl20-bad-buffer-mult-alt.wvr.yml	true	OUT OF MEMORY	14.734094893	14.763891648966819	3999.997952	OUT OF MEMORY	14.836528444	20.454981710005086	3999.997952	OUT OF MEMORY	15.588432415	15.613842127961107	3999.997952	true	6.749456928	6.777803933015093	91.504640
weaver/popl20-bad-buffer-mult-alt2.wvr.yml	true	OUT OF MEMORY	14.787251632	14.818814022000879	3999.997952	OUT OF MEMORY	14.888364493	18.817276252026204	3999.997952	OUT OF MEMORY	15.554332913	15.574440858035814	3999.997952	true	7.983091131	8.015289638016839	86.552576
weaver/popl20-bad-buffer-mult-alt3.wvr.yml	false	OUT OF MEMORY	14.767657134	14.792112837953027	3999.997952	OUT OF MEMORY	14.761605251	14.887770114000887	3999.997952	OUT OF MEMORY	15.669336033	15.956317229021806	3999.997952	false(unreach-call)	6.609257736	6.634064600977581	90.456064
weaver/popl20-bad-counter-queue.wvr.yml	false	true	0.069503946	0.07888471998739988	25.235456	true	0.061607986	0.09658524399856105	25.432064	true	0.068393083	0.07700359204318374	25.427968	false(unreach-call)	5.271577397	5.2827997979475185	81.620992
weaver/popl20-bad-threaded-sum-2.wvr.yml	true	TIMEOUT	60.817549268	61.022137744002976	109.371392	OUT OF MEMORY	29.331509376	37.69631834299071	3999.997952	TIMEOUT	60.148200396	61.013734909996856	95.268864	true	5.231091728	5.257903325953521	66.281472
weaver/popl20-figure3.wvr.yml	true	TIMEOUT	60.957669467	61.02612511499319	124.350464	TIMEOUT	60.277369348	61.02345155697549	83.849216	TIMEOUT	61.004333268	63.578336803999264	116.895744	true	5.300330666	5.331501291017048	73.850880
weaver/popl20-horseshoe.wvr.yml	true	OUT OF MEMORY	14.743680252	14.762818415008951	3999.997952	OUT OF MEMORY	14.775922611	14.893635559012182	3999.997952	OUT OF MEMORY	15.077803216	15.10987872997066	3999.997952	true	5.650095224	5.668803575972561	88.735744
weaver/popl20-min-max-inc-dec.wvr.yml	true	true	0.0762062	0.08311335399048403	25.337856	true	0.061472775	0.09007192199351266	25.559040	true	0.072988513	0.07767781498841941	25.440256	TIMEOUT	60.855989967	61.01255919900723	85.065728
weaver/popl20-more-array-sum-alt.wvr.yml	false	true	0.071933531	0.07844840799225494	25.300992	true	0.059932064	0.07821848394814879	25.497600	true	0.062982904	0.08312934002606198	25.440256	false(unreach-call)	5.439437456	5.468178008042742	76.173312
weaver/popl20-more-array-sum.wvr.yml	false	true	0.076937788	0.08355089300312102	25.403392	true	0.060005854	0.07790254498831928	25.436160	true	0.068086639	0.07711343298433349	25.427968	false(unreach-call)	6.041488129	6.109403665002901	79.175680
weaver/popl20-more-buffer-mult.wvr.yml	true	OUT OF MEMORY	14.928760627	14.949548260017764	3999.997952	OUT OF MEMORY	15.002504856	20.198725840018597	3999.997952	OUT OF MEMORY	15.898001586	15.942266182042658	3999.997952	true	10.078791631	10.163436597969849	86.323200
weaver/popl20-more-buffer-mult2.wvr.yml	true	OUT OF MEMORY	15.192390626	15.216510672995355	3999.997952	OUT OF MEMORY	14.806547157	18.829302599013317	3999.997952	OUT OF MEMORY	15.214990372	15.25246926699765	3999.997952	true	11.44869652	11.465050136030186	86.310912
weaver/popl20-more-buffer-mult3.wvr.yml	false	OUT OF MEMORY	15.010884206	15.037488780973945	3999.997952	OUT OF MEMORY	14.970440044	15.098497965023853	3999.997952	OUT OF MEMORY	15.854627769	15.880954547028523	3999.997952	false(unreach-call)	6.337866344	6.3682479949784465	85.200896
weaver/popl20-more-buffer-series3.wvr.yml	false	true	0.072993274	0.08206327998777851	25.436160	true	0.067816947	0.10783632198581472	25.559040	true	0.072423392	0.08025472500594333	25.563136	false(unreach-call)	6.169067345	6.192559587012511	89.870336
weaver/popl20-more-multiply-verify.wvr.yml	true	OUT OF MEMORY	14.746924175	14.772462903987616	3999.997952	OUT OF MEMORY	15.078106876	18.09237974404823	3999.997952	OUT OF MEMORY	15.359869368	15.382770740950946	3999.997952	true	5.676838311	5.710019389982335	83.398656
weaver/popl20-more-nonblocking-counter-alt2.wvr.yml	true	TIMEOUT	60.972548105	61.02194559603231	116.396032	OUT OF MEMORY	25.852933161	26.029109261988197	3999.997952	TIMEOUT	60.676448956	61.02191666403087	106.024960	true	5.287212865	5.339367973967455	72.777728
weaver/popl20-more-queue-add-2-nl.wvr.yml	true	OUT OF MEMORY	14.640172816	14.679829023953062	3999.997952	OUT OF MEMORY	14.591757099	17.706626300001517	3999.997952	OUT OF MEMORY	15.176079128	15.577997429005336	3999.997952	true	5.440207483	5.501505904016085	88.686592
weaver/popl20-more-queue-add-3-nl.wvr.yml	true	OUT OF MEMORY	14.917579788	14.946428415016271	3999.997952	OUT OF MEMORY	14.822022491	15.016909287020098	3999.997952	OUT OF MEMORY	15.241408534	15.274091028026305	3999.997952	true	6.163247479	6.184131947986316	84.627456
weaver/popl20-mult-4.wvr.yml	true	TIMEOUT	60.976989876	61.01953925000271	128.864256	OUT OF MEMORY	26.186151932	26.46426880301442	3999.997952	TIMEOUT	60.995919935	62.94486127898563	115.306496	TIMEOUT	60.857977233	61.00761098100338	72.036352
weaver/popl20-mult-equiv.wvr.yml	true	TIMEOUT	60.973227073	61.02526142500574	121.106432	OUT OF MEMORY	26.767065899	28.504714654001873	3999.997952	TIMEOUT	60.381186108	61.029044788039755	110.759936	true	5.351524555	5.370109608978964	70.062080
weaver/popl20-threaded-sum-3.wvr.yml	true	TIMEOUT	60.944650031	61.020370964950416	104.861696	OUT OF MEMORY	26.485730869	26.738402180024423	3999.997952	TIMEOUT	60.759103111	61.01953995000804	104.517632	true	5.289964013	5.367429303005338	68.333568
weaver/spaghetti.wvr.yml	true	TIMEOUT	60.958827882	61.0194385520299	84.283392	TIMEOUT	60.381766443	61.05080760002602	25.399296	TIMEOUT	61.009609849	64.30866204400081	80.850944	true	5.296161081	5.332409111026209	74.096640
weaver/test-easy1.wvr.yml	true	true	0.066774769	0.07408098300220445	25.214976	true	0.052903405	0.06091644399566576	25.309184	true	0.057244076	0.13886658195406199	25.333760	ERROR	0.094618207	0.12175028095953166	10.977280
weaver/test-easy11.wvr.yml	true	TIMEOUT	60.97295379	61.01132321602199	25.178112	TIMEOUT	60.898039971	70.73114761599572	25.305088	TIMEOUT	60.998710847	64.21761553303804	25.366528	true	5.113624687	5.234653540013824	88.842240
weaver/test-hard1.wvr.yml	true	true	0.070142148	0.07744362996891141	25.313280	true	0.068153466	0.12213977903593332	25.485312	true	0.068476972	0.07735005702124909	25.513984	TIMEOUT	60.801325739	61.0072419779608	80.998400
