variant	model	repetition	task	copy_ns	offline_ns	peak_snapshot_bytes	max_stable_events	lazy_cycle_checks	lazy_edge_candidates	lazy_unique_edges	lazy_depth_fallbacks	records
after	pso	r01	01b_inc.yml	0	145551	4184	21	10	129	0	0	1
after	pso	r01	02_inc_cas.yml	0	0	0	0	0	0	0	0	1
after	pso	r01	13-privatized_01-priv_nr_true.yml	0	234860	4360	22	20	590	0	0	1
after	pso	r01	13-privatized_18-first-reads_true.yml	0	196050	3304	16	20	209	0	0	1
after	pso	r01	13-privatized_18-first-reads_unknown_1_neg.yml	0	33055	1896	8	2	27	0	0	1
after	pso	r01	13-privatized_18-first-reads_unknown_2_pos.yml	0	32080	1896	8	2	27	0	0	1
after	pso	r01	13-privatized_19-publish-precision_true.yml	0	625205	4536	23	66	1041	0	0	1
after	pso	r01	13-privatized_19-publish-precision_unknown_1_neg.yml	0	0	0	0	0	0	0	0	1
after	pso	r01	13-privatized_19-publish-precision_unknown_1_pos.yml	0	36335	2776	13	2	43	0	0	1
after	pso	r01	13-privatized_19-publish-precision_unknown_2_neg.yml	0	45875	2776	13	2	43	0	0	1
after	pso	r01	13-privatized_19-publish-precision_unknown_2_pos.yml	0	0	0	0	0	0	0	0	1
after	pso	r01	13-privatized_20-publish-regression_true.yml	0	356930	4712	24	36	597	0	0	1
after	pso	r01	13-privatized_24-multiple-protecting_true.yml	0	14356519	10520	57	852	23592	0	0	1
after	pso	r01	13-privatized_25-struct_nr_true.yml	0	228309	4360	22	20	590	0	0	1
after	pso	r01	13-privatized_27-multiple-protecting2_true.yml	0	39145839	11224	61	3092	82273	0	0	1
after	pso	r01	13-privatized_29-multiple-protecting2-vesal_true.yml	0	3221236	6824	36	176	3243	0	0	1
after	pso	r01	13-privatized_30-traces-oplus-vs-meet_true.yml	0	601189	5064	26	60	981	0	0	1
after	pso	r01	13-privatized_31-traces-mine-vs-mutex_true.yml	0	1969274	5768	30	168	2572	0	0	1
after	pso	r01	13-privatized_32-traces-mine-vs-oplus-vs-meet_true.yml	0	1538746	6824	36	152	3063	0	0	1
after	pso	r01	13-privatized_33-traces-v-matters_true.yml	0	317681	5240	27	20	306	0	0	1
after	pso	r01	13-privatized_34-traces-minepp-L-needs-to-be-um_true.yml	0	251456	5416	28	24	292	0	0	1
after	pso	r01	13-privatized_35-traces-ex-2_true.yml	0	632696	4888	25	60	766	0	0	1
after	pso	r01	13-privatized_36-traces-ex-3_true.yml	0	651563	4360	22	54	666	0	0	1
after	pso	r01	13-privatized_37-traces-ex-4_true.yml	0	597243	4888	25	56	604	0	0	1
after	pso	r01	13-privatized_38-traces-ex-4-switch_true.yml	0	738892	4888	25	60	761	0	0	1
after	pso	r01	13-privatized_40-traces-ex-6_true.yml	0	220005	4184	21	16	159	0	0	1
after	pso	r01	13-privatized_41-traces-ex-7_unknown_1_neg.yml	0	0	0	0	0	0	0	0	1
after	pso	r01	13-privatized_41-traces-ex-7_unknown_1_pos.yml	0	46060	2776	13	2	44	0	0	1
after	pso	r01	13-privatized_42-traces-ex-mini_true.yml	0	412771	5064	26	40	596	0	0	1
after	pso	r01	13-privatized_44-traces-mine2_true.yml	0	90675	4184	21	6	69	0	0	1
after	pso	r01	13-privatized_45-traces-per-global-and-current-lock-mine-incomparable_true.yml	0	539789	4888	25	58	797	0	0	1
after	pso	r01	13-privatized_46-refine-protected1_true.yml	0	106602	2952	14	8	47	0	0	1
after	pso	r01	13-privatized_47-refine-protected2_true.yml	0	176475	3128	15	20	171	0	0	1
after	pso	r01	13-privatized_57-singlethreaded-unlock_true.yml	0	35396	1544	6	2	6	0	0	1
after	pso	r01	13-privatized_58-singlethreaded-lock_true.yml	0	42949	1544	6	2	6	0	0	1
after	pso	r01	13-privatized_66-mine-W-init_true.yml	0	0	0	0	0	0	0	0	1
after	pso	r01	13-privatized_68-pfscan_protected_loop_minimal_interval_true.yml	0	37319	2248	10	2	13	0	0	1
after	pso	r01	13-privatized_69-refine-protected-loop-interval_true.yml	0	44632	2248	10	2	13	0	0	1
after	pso	r01	14_spin2003.yml	0	23861	2600	12	2	8	0	0	1
after	pso	r01	28-race_reach_01-simple_racing.yml	0	0	0	0	0	0	0	0	0
after	pso	r01	28-race_reach_06-cond_racing1.yml	0	0	0	0	0	0	0	0	0
after	pso	r01	28-race_reach_11-ptr_racing.yml	0	0	0	0	0	0	0	0	0
after	pso	r01	28-race_reach_21-deref_read_racing.yml	0	0	0	0	0	0	0	0	1
after	pso	r01	28-race_reach_24-sound_lock_racing.yml	0	0	0	0	0	0	0	0	0
after	pso	r01	28-race_reach_37-indirect_racing.yml	0	0	0	0	0	0	0	0	0
after	pso	r01	28-race_reach_45-escape_racing.yml	0	49145	3832	19	2	78	0	0	1
after	pso	r01	28-race_reach_46-escape_racefree.yml	0	563835	5592	29	56	977	0	0	1
after	pso	r01	29_conditionals_vs.yml	0	0	0	0	0	0	0	0	1
after	pso	r01	36-apron_11-traces-max-simple_true.yml	0	242226	3304	16	20	171	0	0	1
after	pso	r01	36-apron_16-traces-unprot2_true.yml	0	0	0	0	0	0	0	0	1
after	pso	r01	36-apron_17-traces-rpb-litmus_unknown_1_neg.yml	0	0	0	0	0	0	0	0	1
after	pso	r01	36-apron_21-traces-cluster-based_true.yml	0	1901419	6648	35	172	3116	0	0	1
after	pso	r01	36-apron_22-traces-write-centered-vs-meet-mutex_true_no-overflow.yml	0	0	0	0	0	0	0	0	1
after	pso	r01	36-apron_41-threadenter-no-locals_unknown_1_pos.yml	0	0	0	0	0	0	0	0	1
after	pso	r01	43_NetBSD_sysmon_power_sliced.yml	0	0	0	0	0	0	0	0	1
after	pso	r01	45_monabsex1_vs.yml	0	106497	3304	16	8	57	0	0	1
after	pso	r01	46_monabsex2_vs.yml	0	171359	4184	21	18	137	0	0	1
after	pso	r01	48_ticket_lock_low_contention_vs-pthread.yml	0	34730	2600	12	2	8	0	0	1
after	pso	r01	48_ticket_lock_low_contention_vs.yml	0	117672	4888	25	8	99	0	0	1
after	pso	r01	butterfly.yml	0	12627984879	11224	61	694890	54985280	0	0	1
after	pso	r01	circular_buffer_bad.yml	0	9402136	31880	89	476	37904	0	0	1
after	pso	r01	circular_buffer_ok.yml	0	0	0	0	0	0	0	0	0
after	pso	r01	dekker-unfair.yml	0	854426	6648	35	74	1600	0	0	1
after	pso	r01	dekker.yml	0	817710	6648	35	70	1568	0	0	1
after	pso	r01	exponential-nondet.yml	0	0	0	0	0	0	0	0	1
after	pso	r01	fib_safe-5.yml	0	0	0	0	0	0	0	0	0
after	pso	r01	fib_safe-6.yml	0	0	0	0	0	0	0	0	0
after	pso	r01	fib_unsafe-5.yml	0	6345393058	171752	243	96526	11518678	0	0	1
after	pso	r01	fib_unsafe-6.yml	0	0	0	0	0	0	0	0	0
after	pso	r01	fib_unsafe-7.yml	0	0	0	0	0	0	0	0	0
after	pso	r01	lazy01.yml	0	383464	5592	29	36	861	0	0	1
after	pso	r01	pthread-demo-datarace-3.yml	0	35161030	231304	262	80	930799	0	0	1
after	pso	r01	queue.yml	0	354761180	145000	205	5918	2074810	0	0	1
after	pso	r01	queue_longer.yml	0	0	0	0	0	0	0	0	0
after	pso	r01	queue_ok.yml	0	10329581	534328	433	34	133711	0	0	1
after	pso	r01	queue_ok_longer.yml	139338189	3245316679	44133960	8033	34	49930431	0	0	1
after	pso	r01	queue_ok_longest.yml	485226972	16596685317	174022760	16033	34	203270106	0	16	1
after	pso	r01	race-1_1-join.yml	0	64330	3304	16	6	30	0	0	1
after	pso	r01	race-1_2-join.yml	0	301379	5416	28	26	546	0	0	1
after	pso	r01	race-1_3-join.yml	0	293566	5416	28	26	546	0	0	1
after	pso	r01	race-2_1-container_of.yml	0	0	0	0	0	0	0	0	1
after	pso	r01	race-3_1-container_of-global.yml	0	0	0	0	0	0	0	0	1
after	pso	r01	race-4_1-thread_local_vars.yml	0	0	0	0	0	0	0	0	1
after	pso	r01	reorder_2.yml	0	240652559	29416	82	12692	778472	0	0	1
after	pso	r01	singleton.yml	0	528928	8760	47	40	1331	0	0	1
after	pso	r01	singleton_with-uninit-problems.yml	0	1595092	8936	48	130	3400	0	0	1
after	pso	r01	stateful01-1.yml	0	384416	6824	36	20	941	0	0	1
after	pso	r01	stateful01-2.yml	0	3037987	6824	36	246	4314	0	0	1
after	pso	r01	szymanski.yml	0	12179550	5944	31	756	9033	0	0	1
after	pso	r01	time_var_mutex.yml	0	486271	6296	33	44	1007	0	0	1
after	pso	r01	triangular-1.yml	0	0	0	0	0	0	0	0	0
after	pso	r01	triangular-2.yml	0	8835721299	24488	68	493952	14750405	0	0	1
after	pso	r01	twostage_3.yml	0	4991814	36104	101	138	38625	0	0	1
after	pso	r01	unwind2-1.yml	0	69438	3656	18	6	63	0	0	1
after	pso	r01	unwind2-100.yml	0	68934	3656	18	6	63	0	0	1
after	pso	r01	unwind3-1.yml	0	75291	3656	18	6	187	0	0	1
after	pso	r02	01b_inc.yml	0	121533	4184	21	10	129	0	0	1
after	pso	r02	02_inc_cas.yml	0	0	0	0	0	0	0	0	1
after	pso	r02	13-privatized_01-priv_nr_true.yml	0	382749	4360	22	20	590	0	0	1
after	pso	r02	13-privatized_18-first-reads_true.yml	0	261145	3304	16	20	209	0	0	1
after	pso	r02	13-privatized_18-first-reads_unknown_1_neg.yml	0	36543	1896	8	2	27	0	0	1
after	pso	r02	13-privatized_18-first-reads_unknown_2_pos.yml	0	30888	1896	8	2	27	0	0	1
after	pso	r02	13-privatized_19-publish-precision_true.yml	0	680778	4536	23	66	1041	0	0	1
after	pso	r02	13-privatized_19-publish-precision_unknown_1_neg.yml	0	0	0	0	0	0	0	0	1
after	pso	r02	13-privatized_19-publish-precision_unknown_1_pos.yml	0	41354	2776	13	2	43	0	0	1
after	pso	r02	13-privatized_19-publish-precision_unknown_2_neg.yml	0	53026	2776	13	2	43	0	0	1
after	pso	r02	13-privatized_19-publish-precision_unknown_2_pos.yml	0	0	0	0	0	0	0	0	1
after	pso	r02	13-privatized_20-publish-regression_true.yml	0	468174	4712	24	36	597	0	0	1
after	pso	r02	13-privatized_24-multiple-protecting_true.yml	0	14579953	10520	57	852	23592	0	0	1
after	pso	r02	13-privatized_25-struct_nr_true.yml	0	299770	4360	22	20	590	0	0	1
after	pso	r02	13-privatized_27-multiple-protecting2_true.yml	0	41788802	11224	61	3092	82273	0	0	1
after	pso	r02	13-privatized_29-multiple-protecting2-vesal_true.yml	0	1838117	6824	36	176	3243	0	0	1
after	pso	r02	13-privatized_30-traces-oplus-vs-meet_true.yml	0	591550	5064	26	60	981	0	0	1
after	pso	r02	13-privatized_31-traces-mine-vs-mutex_true.yml	0	1980337	5768	30	168	2572	0	0	1
after	pso	r02	13-privatized_32-traces-mine-vs-oplus-vs-meet_true.yml	0	2044300	6824	36	152	3063	0	0	1
after	pso	r02	13-privatized_33-traces-v-matters_true.yml	0	307793	5240	27	20	306	0	0	1
after	pso	r02	13-privatized_34-traces-minepp-L-needs-to-be-um_true.yml	0	331174	5416	28	24	292	0	0	1
after	pso	r02	13-privatized_35-traces-ex-2_true.yml	0	602906	4888	25	60	766	0	0	1
after	pso	r02	13-privatized_36-traces-ex-3_true.yml	0	675613	4360	22	54	666	0	0	1
after	pso	r02	13-privatized_37-traces-ex-4_true.yml	0	617583	4888	25	56	604	0	0	1
after	pso	r02	13-privatized_38-traces-ex-4-switch_true.yml	0	739977	4888	25	60	761	0	0	1
after	pso	r02	13-privatized_40-traces-ex-6_true.yml	0	232302	4184	21	16	159	0	0	1
after	pso	r02	13-privatized_41-traces-ex-7_unknown_1_neg.yml	0	0	0	0	0	0	0	0	1
after	pso	r02	13-privatized_41-traces-ex-7_unknown_1_pos.yml	0	42335	2776	13	2	44	0	0	1
after	pso	r02	13-privatized_42-traces-ex-mini_true.yml	0	522797	5064	26	40	596	0	0	1
after	pso	r02	13-privatized_44-traces-mine2_true.yml	0	78052	4184	21	6	69	0	0	1
after	pso	r02	13-privatized_45-traces-per-global-and-current-lock-mine-incomparable_true.yml	0	729802	4888	25	58	797	0	0	1
after	pso	r02	13-privatized_46-refine-protected1_true.yml	0	82439	2952	14	8	47	0	0	1
after	pso	r02	13-privatized_47-refine-protected2_true.yml	0	230601	3128	15	20	171	0	0	1
after	pso	r02	13-privatized_57-singlethreaded-unlock_true.yml	0	32985	1544	6	2	6	0	0	1
after	pso	r02	13-privatized_58-singlethreaded-lock_true.yml	0	72711	1544	6	2	6	0	0	1
after	pso	r02	13-privatized_66-mine-W-init_true.yml	0	0	0	0	0	0	0	0	1
after	pso	r02	13-privatized_68-pfscan_protected_loop_minimal_interval_true.yml	0	36852	2248	10	2	13	0	0	1
after	pso	r02	13-privatized_69-refine-protected-loop-interval_true.yml	0	31731	2248	10	2	13	0	0	1
after	pso	r02	14_spin2003.yml	0	38945	2600	12	2	8	0	0	1
after	pso	r02	28-race_reach_01-simple_racing.yml	0	0	0	0	0	0	0	0	0
after	pso	r02	28-race_reach_06-cond_racing1.yml	0	0	0	0	0	0	0	0	0
after	pso	r02	28-race_reach_11-ptr_racing.yml	0	0	0	0	0	0	0	0	0
after	pso	r02	28-race_reach_21-deref_read_racing.yml	0	0	0	0	0	0	0	0	1
after	pso	r02	28-race_reach_24-sound_lock_racing.yml	0	0	0	0	0	0	0	0	0
after	pso	r02	28-race_reach_37-indirect_racing.yml	0	0	0	0	0	0	0	0	0
after	pso	r02	28-race_reach_45-escape_racing.yml	0	35317	3832	19	2	78	0	0	1
after	pso	r02	28-race_reach_46-escape_racefree.yml	0	1551128	5592	29	56	977	0	0	1
after	pso	r02	29_conditionals_vs.yml	0	0	0	0	0	0	0	0	1
after	pso	r02	36-apron_11-traces-max-simple_true.yml	0	249139	3304	16	20	171	0	0	1
after	pso	r02	36-apron_16-traces-unprot2_true.yml	0	0	0	0	0	0	0	0	1
after	pso	r02	36-apron_17-traces-rpb-litmus_unknown_1_neg.yml	0	0	0	0	0	0	0	0	1
after	pso	r02	36-apron_21-traces-cluster-based_true.yml	0	2438144	6648	35	172	3116	0	0	1
after	pso	r02	36-apron_22-traces-write-centered-vs-meet-mutex_true_no-overflow.yml	0	0	0	0	0	0	0	0	1
after	pso	r02	36-apron_41-threadenter-no-locals_unknown_1_pos.yml	0	0	0	0	0	0	0	0	1
after	pso	r02	43_NetBSD_sysmon_power_sliced.yml	0	0	0	0	0	0	0	0	1
after	pso	r02	45_monabsex1_vs.yml	0	110063	3304	16	8	57	0	0	1
after	pso	r02	46_monabsex2_vs.yml	0	168664	4184	21	18	137	0	0	1
after	pso	r02	48_ticket_lock_low_contention_vs-pthread.yml	0	37903	2600	12	2	8	0	0	1
after	pso	r02	48_ticket_lock_low_contention_vs.yml	0	116978	4888	25	8	99	0	0	1
after	pso	r02	butterfly.yml	0	12988973970	11224	61	694890	54985280	0	0	1
after	pso	r02	circular_buffer_bad.yml	0	11986547	31880	89	476	37904	0	0	1
after	pso	r02	circular_buffer_ok.yml	0	0	0	0	0	0	0	0	0
after	pso	r02	dekker-unfair.yml	0	849895	6648	35	74	1600	0	0	1
after	pso	r02	dekker.yml	0	807538	6648	35	70	1568	0	0	1
after	pso	r02	exponential-nondet.yml	0	0	0	0	0	0	0	0	1
after	pso	r02	fib_safe-5.yml	0	0	0	0	0	0	0	0	0
after	pso	r02	fib_safe-6.yml	0	0	0	0	0	0	0	0	0
after	pso	r02	fib_unsafe-5.yml	0	5711060051	171752	243	96526	11518678	0	0	1
after	pso	r02	fib_unsafe-6.yml	0	0	0	0	0	0	0	0	0
after	pso	r02	fib_unsafe-7.yml	0	0	0	0	0	0	0	0	0
after	pso	r02	lazy01.yml	0	386801	5592	29	36	861	0	0	1
after	pso	r02	pthread-demo-datarace-3.yml	0	34215846	231304	262	80	930799	0	0	1
after	pso	r02	queue.yml	0	401951343	145000	205	5918	2074810	0	0	1
after	pso	r02	queue_longer.yml	0	0	0	0	0	0	0	0	0
after	pso	r02	queue_ok.yml	0	9195825	534328	433	34	133711	0	0	1
after	pso	r02	queue_ok_longer.yml	113163064	3176682146	44133960	8033	34	49930431	0	0	1
after	pso	r02	queue_ok_longest.yml	594192704	17123750765	174022760	16033	34	203270106	0	16	1
after	pso	r02	race-1_1-join.yml	0	63633	3304	16	6	30	0	0	1
after	pso	r02	race-1_2-join.yml	0	276630	5416	28	26	546	0	0	1
after	pso	r02	race-1_3-join.yml	0	276041	5416	28	26	546	0	0	1
after	pso	r02	race-2_1-container_of.yml	0	0	0	0	0	0	0	0	1
after	pso	r02	race-3_1-container_of-global.yml	0	0	0	0	0	0	0	0	1
after	pso	r02	race-4_1-thread_local_vars.yml	0	0	0	0	0	0	0	0	1
after	pso	r02	reorder_2.yml	0	236324363	29416	82	12692	778472	0	0	1
after	pso	r02	singleton.yml	0	514635	8760	47	40	1331	0	0	1
after	pso	r02	singleton_with-uninit-problems.yml	0	1598850	8936	48	130	3400	0	0	1
after	pso	r02	stateful01-1.yml	0	372879	6824	36	20	941	0	0	1
after	pso	r02	stateful01-2.yml	0	3115739	6824	36	246	4314	0	0	1
after	pso	r02	szymanski.yml	0	6500184	5944	31	756	9033	0	0	1
after	pso	r02	time_var_mutex.yml	0	631781	6296	33	44	1007	0	0	1
after	pso	r02	triangular-1.yml	0	0	0	0	0	0	0	0	0
after	pso	r02	triangular-2.yml	0	7841960972	24488	68	493952	14750405	0	0	1
after	pso	r02	twostage_3.yml	0	4930438	36104	101	138	38625	0	0	1
after	pso	r02	unwind2-1.yml	0	69209	3656	18	6	63	0	0	1
after	pso	r02	unwind2-100.yml	0	70589	3656	18	6	63	0	0	1
after	pso	r02	unwind3-1.yml	0	67567	3656	18	6	187	0	0	1
after	pso	r03	01b_inc.yml	0	150122	4184	21	10	129	0	0	1
after	pso	r03	02_inc_cas.yml	0	0	0	0	0	0	0	0	1
after	pso	r03	13-privatized_01-priv_nr_true.yml	0	226215	4360	22	20	590	0	0	1
after	pso	r03	13-privatized_18-first-reads_true.yml	0	262510	3304	16	20	209	0	0	1
after	pso	r03	13-privatized_18-first-reads_unknown_1_neg.yml	0	29634	1896	8	2	27	0	0	1
after	pso	r03	13-privatized_18-first-reads_unknown_2_pos.yml	0	35170	1896	8	2	27	0	0	1
after	pso	r03	13-privatized_19-publish-precision_true.yml	0	812785	4536	23	66	1041	0	0	1
after	pso	r03	13-privatized_19-publish-precision_unknown_1_neg.yml	0	0	0	0	0	0	0	0	1
after	pso	r03	13-privatized_19-publish-precision_unknown_1_pos.yml	0	46624	2776	13	2	43	0	0	1
after	pso	r03	13-privatized_19-publish-precision_unknown_2_neg.yml	0	44838	2776	13	2	43	0	0	1
after	pso	r03	13-privatized_19-publish-precision_unknown_2_pos.yml	0	0	0	0	0	0	0	0	1
after	pso	r03	13-privatized_20-publish-regression_true.yml	0	380561	4712	24	36	597	0	0	1
after	pso	r03	13-privatized_24-multiple-protecting_true.yml	0	14268774	10520	57	852	23592	0	0	1
after	pso	r03	13-privatized_25-struct_nr_true.yml	0	236298	4360	22	20	590	0	0	1
after	pso	r03	13-privatized_27-multiple-protecting2_true.yml	0	50311046	11224	61	3092	82273	0	0	1
after	pso	r03	13-privatized_29-multiple-protecting2-vesal_true.yml	0	1779592	6824	36	176	3243	0	0	1
after	pso	r03	13-privatized_30-traces-oplus-vs-meet_true.yml	0	775833	5064	26	60	981	0	0	1
after	pso	r03	13-privatized_31-traces-mine-vs-mutex_true.yml	0	2031791	5768	30	168	2572	0	0	1
after	pso	r03	13-privatized_32-traces-mine-vs-oplus-vs-meet_true.yml	0	2061352	6824	36	152	3063	0	0	1
after	pso	r03	13-privatized_33-traces-v-matters_true.yml	0	8348503	5240	27	20	306	0	0	1
after	pso	r03	13-privatized_34-traces-minepp-L-needs-to-be-um_true.yml	0	327863	5416	28	24	292	0	0	1
after	pso	r03	13-privatized_35-traces-ex-2_true.yml	0	752256	4888	25	60	766	0	0	1
after	pso	r03	13-privatized_36-traces-ex-3_true.yml	0	660053	4360	22	54	666	0	0	1
after	pso	r03	13-privatized_37-traces-ex-4_true.yml	0	638906	4888	25	56	604	0	0	1
after	pso	r03	13-privatized_38-traces-ex-4-switch_true.yml	0	733276	4888	25	60	761	0	0	1
after	pso	r03	13-privatized_40-traces-ex-6_true.yml	0	160934	4184	21	16	159	0	0	1
after	pso	r03	13-privatized_41-traces-ex-7_unknown_1_neg.yml	0	0	0	0	0	0	0	0	1
after	pso	r03	13-privatized_41-traces-ex-7_unknown_1_pos.yml	0	40039	2776	13	2	44	0	0	1
after	pso	r03	13-privatized_42-traces-ex-mini_true.yml	0	515632	5064	26	40	596	0	0	1
after	pso	r03	13-privatized_44-traces-mine2_true.yml	0	104680	4184	21	6	69	0	0	1
after	pso	r03	13-privatized_45-traces-per-global-and-current-lock-mine-incomparable_true.yml	0	734028	4888	25	58	797	0	0	1
after	pso	r03	13-privatized_46-refine-protected1_true.yml	0	83743	2952	14	8	47	0	0	1
after	pso	r03	13-privatized_47-refine-protected2_true.yml	0	196191	3128	15	20	171	0	0	1
after	pso	r03	13-privatized_57-singlethreaded-unlock_true.yml	0	39832	1544	6	2	6	0	0	1
after	pso	r03	13-privatized_58-singlethreaded-lock_true.yml	0	32877	1544	6	2	6	0	0	1
after	pso	r03	13-privatized_66-mine-W-init_true.yml	0	0	0	0	0	0	0	0	1
after	pso	r03	13-privatized_68-pfscan_protected_loop_minimal_interval_true.yml	0	29007	2248	10	2	13	0	0	1
after	pso	r03	13-privatized_69-refine-protected-loop-interval_true.yml	0	30763	2248	10	2	13	0	0	1
after	pso	r03	14_spin2003.yml	0	39847	2600	12	2	8	0	0	1
after	pso	r03	28-race_reach_01-simple_racing.yml	0	0	0	0	0	0	0	0	0
after	pso	r03	28-race_reach_06-cond_racing1.yml	0	0	0	0	0	0	0	0	0
after	pso	r03	28-race_reach_11-ptr_racing.yml	0	0	0	0	0	0	0	0	0
after	pso	r03	28-race_reach_21-deref_read_racing.yml	0	0	0	0	0	0	0	0	1
after	pso	r03	28-race_reach_24-sound_lock_racing.yml	0	0	0	0	0	0	0	0	0
after	pso	r03	28-race_reach_37-indirect_racing.yml	0	0	0	0	0	0	0	0	0
after	pso	r03	28-race_reach_45-escape_racing.yml	0	40933	3832	19	2	78	0	0	1
after	pso	r03	28-race_reach_46-escape_racefree.yml	0	786800	5592	29	56	977	0	0	1
after	pso	r03	29_conditionals_vs.yml	0	0	0	0	0	0	0	0	1
after	pso	r03	36-apron_11-traces-max-simple_true.yml	0	237674	3304	16	20	171	0	0	1
after	pso	r03	36-apron_16-traces-unprot2_true.yml	0	0	0	0	0	0	0	0	1
after	pso	r03	36-apron_17-traces-rpb-litmus_unknown_1_neg.yml	0	0	0	0	0	0	0	0	1
after	pso	r03	36-apron_21-traces-cluster-based_true.yml	0	2435577	6648	35	172	3116	0	0	1
after	pso	r03	36-apron_22-traces-write-centered-vs-meet-mutex_true_no-overflow.yml	0	0	0	0	0	0	0	0	1
after	pso	r03	36-apron_41-threadenter-no-locals_unknown_1_pos.yml	0	0	0	0	0	0	0	0	1
after	pso	r03	43_NetBSD_sysmon_power_sliced.yml	0	0	0	0	0	0	0	0	1
after	pso	r03	45_monabsex1_vs.yml	0	111693	3304	16	8	57	0	0	1
after	pso	r03	46_monabsex2_vs.yml	0	169104	4184	21	18	137	0	0	1
after	pso	r03	48_ticket_lock_low_contention_vs-pthread.yml	0	32048	2600	12	2	8	0	0	1
after	pso	r03	48_ticket_lock_low_contention_vs.yml	0	119029	4888	25	8	99	0	0	1
after	pso	r03	butterfly.yml	0	12936472841	11224	61	694890	54985280	0	0	1
after	pso	r03	circular_buffer_bad.yml	0	11992339	31880	89	476	37904	0	0	1
after	pso	r03	circular_buffer_ok.yml	0	0	0	0	0	0	0	0	0
after	pso	r03	dekker-unfair.yml	0	847667	6648	35	74	1600	0	0	1
after	pso	r03	dekker.yml	0	814936	6648	35	70	1568	0	0	1
after	pso	r03	exponential-nondet.yml	0	0	0	0	0	0	0	0	1
after	pso	r03	fib_safe-5.yml	0	0	0	0	0	0	0	0	0
after	pso	r03	fib_safe-6.yml	0	0	0	0	0	0	0	0	0
after	pso	r03	fib_unsafe-5.yml	0	5747977631	171752	243	96526	11518678	0	0	1
after	pso	r03	fib_unsafe-6.yml	0	0	0	0	0	0	0	0	0
after	pso	r03	fib_unsafe-7.yml	0	0	0	0	0	0	0	0	0
after	pso	r03	lazy01.yml	0	379739	5592	29	36	861	0	0	1
after	pso	r03	pthread-demo-datarace-3.yml	0	35163595	231304	262	80	930799	0	0	1
after	pso	r03	queue.yml	0	367645796	145000	205	5918	2074810	0	0	1
after	pso	r03	queue_longer.yml	0	0	0	0	0	0	0	0	0
after	pso	r03	queue_ok.yml	0	9184733	534328	433	34	133711	0	0	1
after	pso	r03	queue_ok_longer.yml	155029612	3353995576	44133960	8033	34	49930431	0	0	1
after	pso	r03	queue_ok_longest.yml	454909051	17392067574	174022760	16033	34	203270106	0	16	1
after	pso	r03	race-1_1-join.yml	0	72695	3304	16	6	30	0	0	1
after	pso	r03	race-1_2-join.yml	0	275747	5416	28	26	546	0	0	1
after	pso	r03	race-1_3-join.yml	0	281736	5416	28	26	546	0	0	1
after	pso	r03	race-2_1-container_of.yml	0	0	0	0	0	0	0	0	1
after	pso	r03	race-3_1-container_of-global.yml	0	0	0	0	0	0	0	0	1
after	pso	r03	race-4_1-thread_local_vars.yml	0	0	0	0	0	0	0	0	1
after	pso	r03	reorder_2.yml	0	298618753	29416	82	12692	778472	0	0	1
after	pso	r03	singleton.yml	0	520735	8760	47	40	1331	0	0	1
after	pso	r03	singleton_with-uninit-problems.yml	0	1561499	8936	48	130	3400	0	0	1
after	pso	r03	stateful01-1.yml	0	421883	6824	36	20	941	0	0	1
after	pso	r03	stateful01-2.yml	0	2933905	6824	36	246	4314	0	0	1
after	pso	r03	szymanski.yml	0	15265633	5944	31	756	9033	0	0	1
after	pso	r03	time_var_mutex.yml	0	647180	6296	33	44	1007	0	0	1
after	pso	r03	triangular-1.yml	0	0	0	0	0	0	0	0	0
after	pso	r03	triangular-2.yml	0	7622409582	24488	68	493952	14750405	0	0	1
after	pso	r03	twostage_3.yml	0	4845309	36104	101	138	38625	0	0	1
after	pso	r03	unwind2-1.yml	0	68237	3656	18	6	63	0	0	1
after	pso	r03	unwind2-100.yml	0	72459	3656	18	6	63	0	0	1
after	pso	r03	unwind3-1.yml	0	77763	3656	18	6	187	0	0	1
after	pso	r04	01b_inc.yml	0	146478	4184	21	10	129	0	0	1
after	pso	r04	02_inc_cas.yml	0	0	0	0	0	0	0	0	1
after	pso	r04	13-privatized_01-priv_nr_true.yml	0	306500	4360	22	20	590	0	0	1
after	pso	r04	13-privatized_18-first-reads_true.yml	0	267143	3304	16	20	209	0	0	1
after	pso	r04	13-privatized_18-first-reads_unknown_1_neg.yml	0	24698	1896	8	2	27	0	0	1
after	pso	r04	13-privatized_18-first-reads_unknown_2_pos.yml	0	42094	1896	8	2	27	0	0	1
after	pso	r04	13-privatized_19-publish-precision_true.yml	0	643538	4536	23	66	1041	0	0	1
after	pso	r04	13-privatized_19-publish-precision_unknown_1_neg.yml	0	0	0	0	0	0	0	0	1
after	pso	r04	13-privatized_19-publish-precision_unknown_1_pos.yml	0	37411	2776	13	2	43	0	0	1
after	pso	r04	13-privatized_19-publish-precision_unknown_2_neg.yml	0	33130	2776	13	2	43	0	0	1
after	pso	r04	13-privatized_19-publish-precision_unknown_2_pos.yml	0	0	0	0	0	0	0	0	1
after	pso	r04	13-privatized_20-publish-regression_true.yml	0	365619	4712	24	36	597	0	0	1
after	pso	r04	13-privatized_24-multiple-protecting_true.yml	0	11088622	10520	57	852	23592	0	0	1
after	pso	r04	13-privatized_25-struct_nr_true.yml	0	297352	4360	22	20	590	0	0	1
after	pso	r04	13-privatized_27-multiple-protecting2_true.yml	0	50688975	11224	61	3092	82273	0	0	1
after	pso	r04	13-privatized_29-multiple-protecting2-vesal_true.yml	0	1798992	6824	36	176	3243	0	0	1
after	pso	r04	13-privatized_30-traces-oplus-vs-meet_true.yml	0	785883	5064	26	60	981	0	0	1
after	pso	r04	13-privatized_31-traces-mine-vs-mutex_true.yml	0	1837691	5768	30	168	2572	0	0	1
after	pso	r04	13-privatized_32-traces-mine-vs-oplus-vs-meet_true.yml	0	2074537	6824	36	152	3063	0	0	1
after	pso	r04	13-privatized_33-traces-v-matters_true.yml	0	232968	5240	27	20	306	0	0	1
after	pso	r04	13-privatized_34-traces-minepp-L-needs-to-be-um_true.yml	0	325800	5416	28	24	292	0	0	1
after	pso	r04	13-privatized_35-traces-ex-2_true.yml	0	591659	4888	25	60	766	0	0	1
after	pso	r04	13-privatized_36-traces-ex-3_true.yml	0	510452	4360	22	54	666	0	0	1
after	pso	r04	13-privatized_37-traces-ex-4_true.yml	0	680940	4888	25	56	604	0	0	1
after	pso	r04	13-privatized_38-traces-ex-4-switch_true.yml	0	586094	4888	25	60	761	0	0	1
after	pso	r04	13-privatized_40-traces-ex-6_true.yml	0	230321	4184	21	16	159	0	0	1
after	pso	r04	13-privatized_41-traces-ex-7_unknown_1_neg.yml	0	0	0	0	0	0	0	0	1
after	pso	r04	13-privatized_41-traces-ex-7_unknown_1_pos.yml	0	40373	2776	13	2	44	0	0	1
after	pso	r04	13-privatized_42-traces-ex-mini_true.yml	0	525817	5064	26	40	596	0	0	1
after	pso	r04	13-privatized_44-traces-mine2_true.yml	0	79724	4184	21	6	69	0	0	1
after	pso	r04	13-privatized_45-traces-per-global-and-current-lock-mine-incomparable_true.yml	0	546588	4888	25	58	797	0	0	1
after	pso	r04	13-privatized_46-refine-protected1_true.yml	0	88842	2952	14	8	47	0	0	1
after	pso	r04	13-privatized_47-refine-protected2_true.yml	0	182138	3128	15	20	171	0	0	1
after	pso	r04	13-privatized_57-singlethreaded-unlock_true.yml	0	28169	1544	6	2	6	0	0	1
after	pso	r04	13-privatized_58-singlethreaded-lock_true.yml	0	32118	1544	6	2	6	0	0	1
after	pso	r04	13-privatized_66-mine-W-init_true.yml	0	0	0	0	0	0	0	0	1
after	pso	r04	13-privatized_68-pfscan_protected_loop_minimal_interval_true.yml	0	29301	2248	10	2	13	0	0	1
after	pso	r04	13-privatized_69-refine-protected-loop-interval_true.yml	0	36479	2248	10	2	13	0	0	1
after	pso	r04	14_spin2003.yml	0	37331	2600	12	2	8	0	0	1
after	pso	r04	28-race_reach_01-simple_racing.yml	0	0	0	0	0	0	0	0	0
after	pso	r04	28-race_reach_06-cond_racing1.yml	0	0	0	0	0	0	0	0	0
after	pso	r04	28-race_reach_11-ptr_racing.yml	0	0	0	0	0	0	0	0	0
after	pso	r04	28-race_reach_21-deref_read_racing.yml	0	0	0	0	0	0	0	0	1
after	pso	r04	28-race_reach_24-sound_lock_racing.yml	0	0	0	0	0	0	0	0	0
after	pso	r04	28-race_reach_37-indirect_racing.yml	0	0	0	0	0	0	0	0	0
after	pso	r04	28-race_reach_45-escape_racing.yml	0	34182	3832	19	2	78	0	0	1
after	pso	r04	28-race_reach_46-escape_racefree.yml	0	708227	5592	29	56	977	0	0	1
after	pso	r04	29_conditionals_vs.yml	0	0	0	0	0	0	0	0	1
after	pso	r04	36-apron_11-traces-max-simple_true.yml	0	186709	3304	16	20	171	0	0	1
after	pso	r04	36-apron_16-traces-unprot2_true.yml	0	0	0	0	0	0	0	0	1
after	pso	r04	36-apron_17-traces-rpb-litmus_unknown_1_neg.yml	0	0	0	0	0	0	0	0	1
after	pso	r04	36-apron_21-traces-cluster-based_true.yml	0	1852768	6648	35	172	3116	0	0	1
after	pso	r04	36-apron_22-traces-write-centered-vs-meet-mutex_true_no-overflow.yml	0	0	0	0	0	0	0	0	1
after	pso	r04	36-apron_41-threadenter-no-locals_unknown_1_pos.yml	0	0	0	0	0	0	0	0	1
after	pso	r04	43_NetBSD_sysmon_power_sliced.yml	0	0	0	0	0	0	0	0	1
after	pso	r04	45_monabsex1_vs.yml	0	85285	3304	16	8	57	0	0	1
after	pso	r04	46_monabsex2_vs.yml	0	204937	4184	21	18	137	0	0	1
after	pso	r04	48_ticket_lock_low_contention_vs-pthread.yml	0	28762	2600	12	2	8	0	0	1
after	pso	r04	48_ticket_lock_low_contention_vs.yml	0	94038	4888	25	8	99	0	0	1
after	pso	r04	butterfly.yml	0	12450642792	11224	61	694890	54985280	0	0	1
after	pso	r04	circular_buffer_bad.yml	0	25418533	31880	89	476	37904	0	0	1
after	pso	r04	circular_buffer_ok.yml	0	0	0	0	0	0	0	0	0
after	pso	r04	dekker-unfair.yml	0	850921	6648	35	74	1600	0	0	1
after	pso	r04	dekker.yml	0	810851	6648	35	70	1568	0	0	1
after	pso	r04	exponential-nondet.yml	0	0	0	0	0	0	0	0	1
after	pso	r04	fib_safe-5.yml	0	0	0	0	0	0	0	0	0
after	pso	r04	fib_safe-6.yml	0	0	0	0	0	0	0	0	0
after	pso	r04	fib_unsafe-5.yml	0	6774627377	171752	243	96526	11518678	0	0	1
after	pso	r04	fib_unsafe-6.yml	0	0	0	0	0	0	0	0	0
after	pso	r04	fib_unsafe-7.yml	0	0	0	0	0	0	0	0	0
after	pso	r04	lazy01.yml	0	383059	5592	29	36	861	0	0	1
after	pso	r04	pthread-demo-datarace-3.yml	0	36182133	231304	262	80	930799	0	0	1
after	pso	r04	queue.yml	0	360207164	145000	205	5918	2074810	0	0	1
after	pso	r04	queue_longer.yml	0	0	0	0	0	0	0	0	0
after	pso	r04	queue_ok.yml	0	9181118	534328	433	34	133711	0	0	1
after	pso	r04	queue_ok_longer.yml	163356017	3224102229	44133960	8033	34	49930431	0	0	1
after	pso	r04	queue_ok_longest.yml	409051148	16822909732	174022760	16033	34	203270106	0	16	1
after	pso	r04	race-1_1-join.yml	0	57528	3304	16	6	30	0	0	1
after	pso	r04	race-1_2-join.yml	0	278491	5416	28	26	546	0	0	1
after	pso	r04	race-1_3-join.yml	0	277750	5416	28	26	546	0	0	1
after	pso	r04	race-2_1-container_of.yml	0	0	0	0	0	0	0	0	1
after	pso	r04	race-3_1-container_of-global.yml	0	0	0	0	0	0	0	0	1
after	pso	r04	race-4_1-thread_local_vars.yml	0	0	0	0	0	0	0	0	1
after	pso	r04	reorder_2.yml	0	233779340	29416	82	12692	778472	0	0	1
after	pso	r04	singleton.yml	0	514770	8760	47	40	1331	0	0	1
after	pso	r04	singleton_with-uninit-problems.yml	0	1597241	8936	48	130	3400	0	0	1
after	pso	r04	stateful01-1.yml	0	335299	6824	36	20	941	0	0	1
after	pso	r04	stateful01-2.yml	0	3067159	6824	36	246	4314	0	0	1
after	pso	r04	szymanski.yml	0	6456916	5944	31	756	9033	0	0	1
after	pso	r04	time_var_mutex.yml	0	506946	6296	33	44	1007	0	0	1
after	pso	r04	triangular-1.yml	0	0	0	0	0	0	0	0	0
after	pso	r04	triangular-2.yml	0	8860727843	24488	68	493952	14750405	0	0	1
after	pso	r04	twostage_3.yml	0	4765436	36104	101	138	38625	0	0	1
after	pso	r04	unwind2-1.yml	0	70093	3656	18	6	63	0	0	1
after	pso	r04	unwind2-100.yml	0	73956	3656	18	6	63	0	0	1
after	pso	r04	unwind3-1.yml	0	74783	3656	18	6	187	0	0	1
after	sc	r01	01b_inc.yml	0	0	0	0	0	0	0	0	1
after	sc	r01	02_inc_cas.yml	0	0	0	0	0	0	0	0	1
after	sc	r01	13-privatized_01-priv_nr_true.yml	0	25998	3336	16	0	0	0	0	1
after	sc	r01	13-privatized_18-first-reads_true.yml	0	36234	2536	12	0	0	0	0	1
after	sc	r01	13-privatized_18-first-reads_unknown_1_neg.yml	0	26254	1736	8	0	0	0	0	1
after	sc	r01	13-privatized_18-first-reads_unknown_2_pos.yml	0	20754	1736	8	0	0	0	0	1
after	sc	r01	13-privatized_19-publish-precision_true.yml	0	55924	3736	18	0	0	0	0	1
after	sc	r01	13-privatized_19-publish-precision_unknown_1_neg.yml	0	0	0	0	0	0	0	0	1
after	sc	r01	13-privatized_19-publish-precision_unknown_1_pos.yml	0	17887	2736	13	0	0	0	0	1
after	sc	r01	13-privatized_19-publish-precision_unknown_2_neg.yml	0	18258	2736	13	0	0	0	0	1
after	sc	r01	13-privatized_19-publish-precision_unknown_2_pos.yml	0	0	0	0	0	0	0	0	1
after	sc	r01	13-privatized_20-publish-regression_true.yml	0	39361	2536	12	0	0	0	0	1
after	sc	r01	13-privatized_24-multiple-protecting_true.yml	0	357212	10536	52	0	0	0	0	1
after	sc	r01	13-privatized_25-struct_nr_true.yml	0	43306	3336	16	0	0	0	0	1
after	sc	r01	13-privatized_27-multiple-protecting2_true.yml	0	1202467	12336	61	0	0	0	0	1
after	sc	r01	13-privatized_29-multiple-protecting2-vesal_true.yml	0	95000	6336	31	0	0	0	0	1
after	sc	r01	13-privatized_30-traces-oplus-vs-meet_true.yml	0	49567	4336	21	0	0	0	0	1
after	sc	r01	13-privatized_31-traces-mine-vs-mutex_true.yml	0	108119	5136	25	0	0	0	0	1
after	sc	r01	13-privatized_32-traces-mine-vs-oplus-vs-meet_true.yml	0	89069	6136	30	0	0	0	0	1
after	sc	r01	13-privatized_33-traces-v-matters_true.yml	0	65479	3936	19	0	0	0	0	1
after	sc	r01	13-privatized_34-traces-minepp-L-needs-to-be-um_true.yml	0	28745	2936	14	0	0	0	0	1
after	sc	r01	13-privatized_35-traces-ex-2_true.yml	0	73333	4136	20	0	0	0	0	1
after	sc	r01	13-privatized_36-traces-ex-3_true.yml	0	72627	3736	18	0	0	0	0	1
after	sc	r01	13-privatized_37-traces-ex-4_true.yml	0	32680	3136	15	0	0	0	0	1
after	sc	r01	13-privatized_38-traces-ex-4-switch_true.yml	0	52229	4136	20	0	0	0	0	1
after	sc	r01	13-privatized_40-traces-ex-6_true.yml	0	46138	2936	14	0	0	0	0	1
after	sc	r01	13-privatized_41-traces-ex-7_unknown_1_neg.yml	0	0	0	0	0	0	0	0	1
after	sc	r01	13-privatized_41-traces-ex-7_unknown_1_pos.yml	0	18121	2736	13	0	0	0	0	1
after	sc	r01	13-privatized_42-traces-ex-mini_true.yml	0	38253	3936	19	0	0	0	0	1
after	sc	r01	13-privatized_44-traces-mine2_true.yml	0	23754	2736	13	0	0	0	0	1
after	sc	r01	13-privatized_45-traces-per-global-and-current-lock-mine-incomparable_true.yml	0	67100	4136	20	0	0	0	0	1
after	sc	r01	13-privatized_46-refine-protected1_true.yml	0	0	0	0	0	0	0	0	1
after	sc	r01	13-privatized_47-refine-protected2_true.yml	0	28380	2536	12	0	0	0	0	1
after	sc	r01	13-privatized_57-singlethreaded-unlock_true.yml	0	0	0	0	0	0	0	0	1
after	sc	r01	13-privatized_58-singlethreaded-lock_true.yml	0	0	0	0	0	0	0	0	1
after	sc	r01	13-privatized_66-mine-W-init_true.yml	0	0	0	0	0	0	0	0	1
after	sc	r01	13-privatized_68-pfscan_protected_loop_minimal_interval_true.yml	0	0	0	0	0	0	0	0	1
after	sc	r01	13-privatized_69-refine-protected-loop-interval_true.yml	0	0	0	0	0	0	0	0	1
after	sc	r01	14_spin2003.yml	0	0	0	0	0	0	0	0	1
after	sc	r01	28-race_reach_01-simple_racing.yml	0	13647184327	1807007952	40017	0	0	0	0	1
after	sc	r01	28-race_reach_06-cond_racing1.yml	0	9492873663	1807007952	40017	0	0	0	0	1
after	sc	r01	28-race_reach_11-ptr_racing.yml	0	8860760716	1807007952	40017	0	0	0	0	1
after	sc	r01	28-race_reach_21-deref_read_racing.yml	0	0	0	0	0	0	0	0	1
after	sc	r01	28-race_reach_24-sound_lock_racing.yml	0	8852830928	1807007952	40017	0	0	0	0	1
after	sc	r01	28-race_reach_37-indirect_racing.yml	0	10782606765	1807053072	40018	0	0	0	0	1
after	sc	r01	28-race_reach_45-escape_racing.yml	0	16635	3936	19	0	0	0	0	1
after	sc	r01	28-race_reach_46-escape_racefree.yml	0	28139	3536	17	0	0	0	0	1
after	sc	r01	29_conditionals_vs.yml	0	0	0	0	0	0	0	0	1
after	sc	r01	36-apron_11-traces-max-simple_true.yml	0	44123	2536	12	0	0	0	0	1
after	sc	r01	36-apron_16-traces-unprot2_true.yml	0	0	0	0	0	0	0	0	1
after	sc	r01	36-apron_17-traces-rpb-litmus_unknown_1_neg.yml	0	0	0	0	0	0	0	0	1
after	sc	r01	36-apron_21-traces-cluster-based_true.yml	0	195826	7136	35	0	0	0	0	1
after	sc	r01	36-apron_22-traces-write-centered-vs-meet-mutex_true_no-overflow.yml	0	0	0	0	0	0	0	0	1
after	sc	r01	36-apron_41-threadenter-no-locals_unknown_1_pos.yml	0	0	0	0	0	0	0	0	1
after	sc	r01	43_NetBSD_sysmon_power_sliced.yml	0	0	0	0	0	0	0	0	1
after	sc	r01	45_monabsex1_vs.yml	0	0	0	0	0	0	0	0	1
after	sc	r01	46_monabsex2_vs.yml	0	0	0	0	0	0	0	0	1
after	sc	r01	48_ticket_lock_low_contention_vs-pthread.yml	0	0	0	0	0	0	0	0	1
after	sc	r01	48_ticket_lock_low_contention_vs.yml	0	0	0	0	0	0	0	0	1
after	sc	r01	butterfly.yml	0	4251270095	12136	60	0	0	0	0	1
after	sc	r01	circular_buffer_bad.yml	0	308160	34136	85	0	0	0	0	1
after	sc	r01	circular_buffer_ok.yml	0	1149290421	185736	232	0	0	0	0	1
after	sc	r01	dekker-unfair.yml	0	99341	6336	31	0	0	0	0	1
after	sc	r01	dekker.yml	0	93734	6336	31	0	0	0	0	1
after	sc	r01	exponential-nondet.yml	0	0	0	0	0	0	0	0	1
after	sc	r01	fib_safe-5.yml	0	2267824795	194536	243	0	0	0	0	1
after	sc	r01	fib_safe-6.yml	0	5897375538	281136	281	0	0	0	0	1
after	sc	r01	fib_unsafe-5.yml	0	717283950	194536	243	0	0	0	0	1
after	sc	r01	fib_unsafe-6.yml	0	1644455294	281136	281	0	0	0	0	1
after	sc	r01	fib_unsafe-7.yml	0	9904179109	319136	319	0	0	0	0	1
after	sc	r01	lazy01.yml	0	43254	5336	26	0	0	0	0	1
after	sc	r01	pthread-demo-datarace-3.yml	0	33345742	262136	262	0	0	0	0	1
after	sc	r01	queue.yml	0	2903137	160936	201	0	0	0	0	1
after	sc	r01	queue_longer.yml	0	0	0	0	0	0	0	0	0
after	sc	r01	queue_ok.yml	0	607560	183336	229	0	0	0	0	1
after	sc	r01	queue_ok_longer.yml	26399507	363653109	23936072	4029	0	0	0	0	1
after	sc	r01	queue_ok_longest.yml	95970110	652562054	94781648	8029	0	0	0	0	1
after	sc	r01	race-1_1-join.yml	0	0	0	0	0	0	0	0	1
after	sc	r01	race-1_2-join.yml	0	18077	4736	23	0	0	0	0	1
after	sc	r01	race-1_3-join.yml	0	19936	4736	23	0	0	0	0	1
after	sc	r01	race-2_1-container_of.yml	0	0	0	0	0	0	0	0	1
after	sc	r01	race-3_1-container_of-global.yml	0	0	0	0	0	0	0	0	1
after	sc	r01	race-4_1-thread_local_vars.yml	0	0	0	0	0	0	0	0	1
after	sc	r01	reorder_2.yml	0	35681029	32936	82	0	0	0	0	1
after	sc	r01	singleton.yml	0	82098	8736	43	0	0	0	0	1
after	sc	r01	singleton_with-uninit-problems.yml	0	128524	8936	44	0	0	0	0	1
after	sc	r01	stateful01-1.yml	0	39008	6336	31	0	0	0	0	1
after	sc	r01	stateful01-2.yml	0	140870	6536	32	0	0	0	0	1
after	sc	r01	szymanski.yml	0	339157	5936	29	0	0	0	0	1
after	sc	r01	time_var_mutex.yml	0	38129	5736	28	0	0	0	0	1
after	sc	r01	triangular-1.yml	0	1151319302	27336	68	0	0	0	0	1
after	sc	r01	triangular-2.yml	0	180516242	27336	68	0	0	0	0	1
after	sc	r01	twostage_3.yml	0	868333	40136	100	0	0	0	0	1
after	sc	r01	unwind2-1.yml	0	0	0	0	0	0	0	0	1
after	sc	r01	unwind2-100.yml	0	0	0	0	0	0	0	0	1
after	sc	r01	unwind3-1.yml	0	14521	3736	18	0	0	0	0	1
after	sc	r02	01b_inc.yml	0	0	0	0	0	0	0	0	1
after	sc	r02	02_inc_cas.yml	0	0	0	0	0	0	0	0	1
after	sc	r02	13-privatized_01-priv_nr_true.yml	0	40110	3336	16	0	0	0	0	1
after	sc	r02	13-privatized_18-first-reads_true.yml	0	31041	2536	12	0	0	0	0	1
after	sc	r02	13-privatized_18-first-reads_unknown_1_neg.yml	0	19007	1736	8	0	0	0	0	1
after	sc	r02	13-privatized_18-first-reads_unknown_2_pos.yml	0	22217	1736	8	0	0	0	0	1
after	sc	r02	13-privatized_19-publish-precision_true.yml	0	62712	3736	18	0	0	0	0	1
after	sc	r02	13-privatized_19-publish-precision_unknown_1_neg.yml	0	0	0	0	0	0	0	0	1
after	sc	r02	13-privatized_19-publish-precision_unknown_1_pos.yml	0	15802	2736	13	0	0	0	0	1
after	sc	r02	13-privatized_19-publish-precision_unknown_2_neg.yml	0	16615	2736	13	0	0	0	0	1
after	sc	r02	13-privatized_19-publish-precision_unknown_2_pos.yml	0	0	0	0	0	0	0	0	1
after	sc	r02	13-privatized_20-publish-regression_true.yml	0	21432	2536	12	0	0	0	0	1
after	sc	r02	13-privatized_24-multiple-protecting_true.yml	0	307126	10536	52	0	0	0	0	1
after	sc	r02	13-privatized_25-struct_nr_true.yml	0	35680	3336	16	0	0	0	0	1
after	sc	r02	13-privatized_27-multiple-protecting2_true.yml	0	920259	12336	61	0	0	0	0	1
after	sc	r02	13-privatized_29-multiple-protecting2-vesal_true.yml	0	92226	6336	31	0	0	0	0	1
after	sc	r02	13-privatized_30-traces-oplus-vs-meet_true.yml	0	55676	4336	21	0	0	0	0	1
after	sc	r02	13-privatized_31-traces-mine-vs-mutex_true.yml	0	108329	5136	25	0	0	0	0	1
after	sc	r02	13-privatized_32-traces-mine-vs-oplus-vs-meet_true.yml	0	91882	6136	30	0	0	0	0	1
after	sc	r02	13-privatized_33-traces-v-matters_true.yml	0	50866	3936	19	0	0	0	0	1
after	sc	r02	13-privatized_34-traces-minepp-L-needs-to-be-um_true.yml	0	33011	2936	14	0	0	0	0	1
after	sc	r02	13-privatized_35-traces-ex-2_true.yml	0	68244	4136	20	0	0	0	0	1
after	sc	r02	13-privatized_36-traces-ex-3_true.yml	0	60775	3736	18	0	0	0	0	1
after	sc	r02	13-privatized_37-traces-ex-4_true.yml	0	32616	3136	15	0	0	0	0	1
after	sc	r02	13-privatized_38-traces-ex-4-switch_true.yml	0	60134	4136	20	0	0	0	0	1
after	sc	r02	13-privatized_40-traces-ex-6_true.yml	0	34990	2936	14	0	0	0	0	1
after	sc	r02	13-privatized_41-traces-ex-7_unknown_1_neg.yml	0	0	0	0	0	0	0	0	1
after	sc	r02	13-privatized_41-traces-ex-7_unknown_1_pos.yml	0	18711	2736	13	0	0	0	0	1
after	sc	r02	13-privatized_42-traces-ex-mini_true.yml	0	33332	3936	19	0	0	0	0	1
after	sc	r02	13-privatized_44-traces-mine2_true.yml	0	15732	2736	13	0	0	0	0	1
after	sc	r02	13-privatized_45-traces-per-global-and-current-lock-mine-incomparable_true.yml	0	41669	4136	20	0	0	0	0	1
after	sc	r02	13-privatized_46-refine-protected1_true.yml	0	0	0	0	0	0	0	0	1
after	sc	r02	13-privatized_47-refine-protected2_true.yml	0	34728	2536	12	0	0	0	0	1
after	sc	r02	13-privatized_57-singlethreaded-unlock_true.yml	0	0	0	0	0	0	0	0	1
after	sc	r02	13-privatized_58-singlethreaded-lock_true.yml	0	0	0	0	0	0	0	0	1
after	sc	r02	13-privatized_66-mine-W-init_true.yml	0	0	0	0	0	0	0	0	1
after	sc	r02	13-privatized_68-pfscan_protected_loop_minimal_interval_true.yml	0	0	0	0	0	0	0	0	1
after	sc	r02	13-privatized_69-refine-protected-loop-interval_true.yml	0	0	0	0	0	0	0	0	1
after	sc	r02	14_spin2003.yml	0	0	0	0	0	0	0	0	1
after	sc	r02	28-race_reach_01-simple_racing.yml	0	12027114655	1807007952	40017	0	0	0	0	1
after	sc	r02	28-race_reach_06-cond_racing1.yml	0	10155499374	1807007952	40017	0	0	0	0	1
after	sc	r02	28-race_reach_11-ptr_racing.yml	0	13607468424	1807007952	40017	0	0	0	0	1
after	sc	r02	28-race_reach_21-deref_read_racing.yml	0	0	0	0	0	0	0	0	1
after	sc	r02	28-race_reach_24-sound_lock_racing.yml	0	8692132153	1807007952	40017	0	0	0	0	1
after	sc	r02	28-race_reach_37-indirect_racing.yml	0	8894041348	1807053072	40018	0	0	0	0	1
after	sc	r02	28-race_reach_45-escape_racing.yml	0	12744	3936	19	0	0	0	0	1
after	sc	r02	28-race_reach_46-escape_racefree.yml	0	22819	3536	17	0	0	0	0	1
after	sc	r02	29_conditionals_vs.yml	0	0	0	0	0	0	0	0	1
after	sc	r02	36-apron_11-traces-max-simple_true.yml	0	39690	2536	12	0	0	0	0	1
after	sc	r02	36-apron_16-traces-unprot2_true.yml	0	0	0	0	0	0	0	0	1
after	sc	r02	36-apron_17-traces-rpb-litmus_unknown_1_neg.yml	0	0	0	0	0	0	0	0	1
after	sc	r02	36-apron_21-traces-cluster-based_true.yml	0	195038	7136	35	0	0	0	0	1
after	sc	r02	36-apron_22-traces-write-centered-vs-meet-mutex_true_no-overflow.yml	0	0	0	0	0	0	0	0	1
after	sc	r02	36-apron_41-threadenter-no-locals_unknown_1_pos.yml	0	0	0	0	0	0	0	0	1
after	sc	r02	43_NetBSD_sysmon_power_sliced.yml	0	0	0	0	0	0	0	0	1
after	sc	r02	45_monabsex1_vs.yml	0	0	0	0	0	0	0	0	1
after	sc	r02	46_monabsex2_vs.yml	0	0	0	0	0	0	0	0	1
after	sc	r02	48_ticket_lock_low_contention_vs-pthread.yml	0	0	0	0	0	0	0	0	1
after	sc	r02	48_ticket_lock_low_contention_vs.yml	0	0	0	0	0	0	0	0	1
after	sc	r02	butterfly.yml	0	3525898584	12136	60	0	0	0	0	1
after	sc	r02	circular_buffer_bad.yml	0	324712	34136	85	0	0	0	0	1
after	sc	r02	circular_buffer_ok.yml	0	724880152	185736	232	0	0	0	0	1
after	sc	r02	dekker-unfair.yml	0	90507	6336	31	0	0	0	0	1
after	sc	r02	dekker.yml	0	110632	6336	31	0	0	0	0	1
after	sc	r02	exponential-nondet.yml	0	0	0	0	0	0	0	0	1
after	sc	r02	fib_safe-5.yml	0	1697809013	194536	243	0	0	0	0	1
after	sc	r02	fib_safe-6.yml	0	9499250576	281136	281	0	0	0	0	1
after	sc	r02	fib_unsafe-5.yml	0	555642899	194536	243	0	0	0	0	1
after	sc	r02	fib_unsafe-6.yml	0	1552902840	281136	281	0	0	0	0	1
after	sc	r02	fib_unsafe-7.yml	0	9245951082	319136	319	0	0	0	0	1
after	sc	r02	lazy01.yml	0	42514	5336	26	0	0	0	0	1
after	sc	r02	pthread-demo-datarace-3.yml	0	6894288	262136	262	0	0	0	0	1
after	sc	r02	queue.yml	0	2880487	160936	201	0	0	0	0	1
after	sc	r02	queue_longer.yml	0	0	0	0	0	0	0	0	0
after	sc	r02	queue_ok.yml	0	626224	183336	229	0	0	0	0	1
after	sc	r02	queue_ok_longer.yml	53625379	339274617	23936072	4029	0	0	0	0	1
after	sc	r02	queue_ok_longest.yml	242729621	1123946810	94781648	8029	0	0	0	0	1
after	sc	r02	race-1_1-join.yml	0	0	0	0	0	0	0	0	1
after	sc	r02	race-1_2-join.yml	0	14312	4736	23	0	0	0	0	1
after	sc	r02	race-1_3-join.yml	0	13810	4736	23	0	0	0	0	1
after	sc	r02	race-2_1-container_of.yml	0	0	0	0	0	0	0	0	1
after	sc	r02	race-3_1-container_of-global.yml	0	0	0	0	0	0	0	0	1
after	sc	r02	race-4_1-thread_local_vars.yml	0	0	0	0	0	0	0	0	1
after	sc	r02	reorder_2.yml	0	21827007	32936	82	0	0	0	0	1
after	sc	r02	singleton.yml	0	73184	8736	43	0	0	0	0	1
after	sc	r02	singleton_with-uninit-problems.yml	0	116117	8936	44	0	0	0	0	1
after	sc	r02	stateful01-1.yml	0	44054	6336	31	0	0	0	0	1
after	sc	r02	stateful01-2.yml	0	104308	6536	32	0	0	0	0	1
after	sc	r02	szymanski.yml	0	344149	5936	29	0	0	0	0	1
after	sc	r02	time_var_mutex.yml	0	36865	5736	28	0	0	0	0	1
after	sc	r02	triangular-1.yml	0	892865991	27336	68	0	0	0	0	1
after	sc	r02	triangular-2.yml	0	174459318	27336	68	0	0	0	0	1
after	sc	r02	twostage_3.yml	0	831677	40136	100	0	0	0	0	1
after	sc	r02	unwind2-1.yml	0	0	0	0	0	0	0	0	1
after	sc	r02	unwind2-100.yml	0	0	0	0	0	0	0	0	1
after	sc	r02	unwind3-1.yml	0	17115	3736	18	0	0	0	0	1
after	sc	r03	01b_inc.yml	0	0	0	0	0	0	0	0	1
after	sc	r03	02_inc_cas.yml	0	0	0	0	0	0	0	0	1
after	sc	r03	13-privatized_01-priv_nr_true.yml	0	35785	3336	16	0	0	0	0	1
after	sc	r03	13-privatized_18-first-reads_true.yml	0	29694	2536	12	0	0	0	0	1
after	sc	r03	13-privatized_18-first-reads_unknown_1_neg.yml	0	27629	1736	8	0	0	0	0	1
after	sc	r03	13-privatized_18-first-reads_unknown_2_pos.yml	0	14244	1736	8	0	0	0	0	1
after	sc	r03	13-privatized_19-publish-precision_true.yml	0	67887	3736	18	0	0	0	0	1
after	sc	r03	13-privatized_19-publish-precision_unknown_1_neg.yml	0	0	0	0	0	0	0	0	1
after	sc	r03	13-privatized_19-publish-precision_unknown_1_pos.yml	0	20046	2736	13	0	0	0	0	1
after	sc	r03	13-privatized_19-publish-precision_unknown_2_neg.yml	0	26382	2736	13	0	0	0	0	1
after	sc	r03	13-privatized_19-publish-precision_unknown_2_pos.yml	0	0	0	0	0	0	0	0	1
after	sc	r03	13-privatized_20-publish-regression_true.yml	0	27789	2536	12	0	0	0	0	1
after	sc	r03	13-privatized_24-multiple-protecting_true.yml	0	283902	10536	52	0	0	0	0	1
after	sc	r03	13-privatized_25-struct_nr_true.yml	0	27717	3336	16	0	0	0	0	1
after	sc	r03	13-privatized_27-multiple-protecting2_true.yml	0	928584	12336	61	0	0	0	0	1
after	sc	r03	13-privatized_29-multiple-protecting2-vesal_true.yml	0	93760	6336	31	0	0	0	0	1
after	sc	r03	13-privatized_30-traces-oplus-vs-meet_true.yml	0	50068	4336	21	0	0	0	0	1
after	sc	r03	13-privatized_31-traces-mine-vs-mutex_true.yml	0	87571	5136	25	0	0	0	0	1
after	sc	r03	13-privatized_32-traces-mine-vs-oplus-vs-meet_true.yml	0	94334	6136	30	0	0	0	0	1
after	sc	r03	13-privatized_33-traces-v-matters_true.yml	0	40625	3936	19	0	0	0	0	1
after	sc	r03	13-privatized_34-traces-minepp-L-needs-to-be-um_true.yml	0	27373	2936	14	0	0	0	0	1
after	sc	r03	13-privatized_35-traces-ex-2_true.yml	0	56962	4136	20	0	0	0	0	1
after	sc	r03	13-privatized_36-traces-ex-3_true.yml	0	56407	3736	18	0	0	0	0	1
after	sc	r03	13-privatized_37-traces-ex-4_true.yml	0	42318	3136	15	0	0	0	0	1
after	sc	r03	13-privatized_38-traces-ex-4-switch_true.yml	0	54480	4136	20	0	0	0	0	1
after	sc	r03	13-privatized_40-traces-ex-6_true.yml	0	35412	2936	14	0	0	0	0	1
after	sc	r03	13-privatized_41-traces-ex-7_unknown_1_neg.yml	0	0	0	0	0	0	0	0	1
after	sc	r03	13-privatized_41-traces-ex-7_unknown_1_pos.yml	0	17677	2736	13	0	0	0	0	1
after	sc	r03	13-privatized_42-traces-ex-mini_true.yml	0	36069	3936	19	0	0	0	0	1
after	sc	r03	13-privatized_44-traces-mine2_true.yml	0	18854	2736	13	0	0	0	0	1
after	sc	r03	13-privatized_45-traces-per-global-and-current-lock-mine-incomparable_true.yml	0	50547	4136	20	0	0	0	0	1
after	sc	r03	13-privatized_46-refine-protected1_true.yml	0	0	0	0	0	0	0	0	1
after	sc	r03	13-privatized_47-refine-protected2_true.yml	0	34672	2536	12	0	0	0	0	1
after	sc	r03	13-privatized_57-singlethreaded-unlock_true.yml	0	0	0	0	0	0	0	0	1
after	sc	r03	13-privatized_58-singlethreaded-lock_true.yml	0	0	0	0	0	0	0	0	1
after	sc	r03	13-privatized_66-mine-W-init_true.yml	0	0	0	0	0	0	0	0	1
after	sc	r03	13-privatized_68-pfscan_protected_loop_minimal_interval_true.yml	0	0	0	0	0	0	0	0	1
after	sc	r03	13-privatized_69-refine-protected-loop-interval_true.yml	0	0	0	0	0	0	0	0	1
after	sc	r03	14_spin2003.yml	0	0	0	0	0	0	0	0	1
after	sc	r03	28-race_reach_01-simple_racing.yml	0	11583119749	1807007952	40017	0	0	0	0	1
after	sc	r03	28-race_reach_06-cond_racing1.yml	0	11946848290	1807007952	40017	0	0	0	0	1
after	sc	r03	28-race_reach_11-ptr_racing.yml	0	11553864945	1807007952	40017	0	0	0	0	1
after	sc	r03	28-race_reach_21-deref_read_racing.yml	0	0	0	0	0	0	0	0	1
after	sc	r03	28-race_reach_24-sound_lock_racing.yml	0	11715282512	1807007952	40017	0	0	0	0	1
after	sc	r03	28-race_reach_37-indirect_racing.yml	0	14704769818	1807053072	40018	0	0	0	0	1
after	sc	r03	28-race_reach_45-escape_racing.yml	0	31887	3936	19	0	0	0	0	1
after	sc	r03	28-race_reach_46-escape_racefree.yml	0	27009	3536	17	0	0	0	0	1
after	sc	r03	29_conditionals_vs.yml	0	0	0	0	0	0	0	0	1
after	sc	r03	36-apron_11-traces-max-simple_true.yml	0	27546	2536	12	0	0	0	0	1
after	sc	r03	36-apron_16-traces-unprot2_true.yml	0	0	0	0	0	0	0	0	1
after	sc	r03	36-apron_17-traces-rpb-litmus_unknown_1_neg.yml	0	0	0	0	0	0	0	0	1
after	sc	r03	36-apron_21-traces-cluster-based_true.yml	0	196620	7136	35	0	0	0	0	1
after	sc	r03	36-apron_22-traces-write-centered-vs-meet-mutex_true_no-overflow.yml	0	0	0	0	0	0	0	0	1
after	sc	r03	36-apron_41-threadenter-no-locals_unknown_1_pos.yml	0	0	0	0	0	0	0	0	1
after	sc	r03	43_NetBSD_sysmon_power_sliced.yml	0	0	0	0	0	0	0	0	1
after	sc	r03	45_monabsex1_vs.yml	0	0	0	0	0	0	0	0	1
after	sc	r03	46_monabsex2_vs.yml	0	0	0	0	0	0	0	0	1
after	sc	r03	48_ticket_lock_low_contention_vs-pthread.yml	0	0	0	0	0	0	0	0	1
after	sc	r03	48_ticket_lock_low_contention_vs.yml	0	0	0	0	0	0	0	0	1
after	sc	r03	butterfly.yml	0	4844744118	12136	60	0	0	0	0	1
after	sc	r03	circular_buffer_bad.yml	0	319059	34136	85	0	0	0	0	1
after	sc	r03	circular_buffer_ok.yml	0	1729914605	185736	232	0	0	0	0	1
after	sc	r03	dekker-unfair.yml	0	98532	6336	31	0	0	0	0	1
after	sc	r03	dekker.yml	0	94368	6336	31	0	0	0	0	1
after	sc	r03	exponential-nondet.yml	0	0	0	0	0	0	0	0	1
after	sc	r03	fib_safe-5.yml	0	2058559466	194536	243	0	0	0	0	1
after	sc	r03	fib_safe-6.yml	0	6026779814	281136	281	0	0	0	0	1
after	sc	r03	fib_unsafe-5.yml	0	278874156	194536	243	0	0	0	0	1
after	sc	r03	fib_unsafe-6.yml	0	1463332612	281136	281	0	0	0	0	1
after	sc	r03	fib_unsafe-7.yml	0	8893140111	319136	319	0	0	0	0	1
after	sc	r03	lazy01.yml	0	40564	5336	26	0	0	0	0	1
after	sc	r03	pthread-demo-datarace-3.yml	0	27029724	262136	262	0	0	0	0	1
after	sc	r03	queue.yml	0	2844063	160936	201	0	0	0	0	1
after	sc	r03	queue_longer.yml	0	0	0	0	0	0	0	0	0
after	sc	r03	queue_ok.yml	0	592875	183336	229	0	0	0	0	1
after	sc	r03	queue_ok_longer.yml	173262990	523750216	23936072	4029	0	0	0	0	1
after	sc	r03	queue_ok_longest.yml	99123414	664106815	94781648	8029	0	0	0	0	1
after	sc	r03	race-1_1-join.yml	0	0	0	0	0	0	0	0	1
after	sc	r03	race-1_2-join.yml	0	14156	4736	23	0	0	0	0	1
after	sc	r03	race-1_3-join.yml	0	13945	4736	23	0	0	0	0	1
after	sc	r03	race-2_1-container_of.yml	0	0	0	0	0	0	0	0	1
after	sc	r03	race-3_1-container_of-global.yml	0	0	0	0	0	0	0	0	1
after	sc	r03	race-4_1-thread_local_vars.yml	0	0	0	0	0	0	0	0	1
after	sc	r03	reorder_2.yml	0	9440733	32936	82	0	0	0	0	1
after	sc	r03	singleton.yml	0	79173	8736	43	0	0	0	0	1
after	sc	r03	singleton_with-uninit-problems.yml	0	136350	8936	44	0	0	0	0	1
after	sc	r03	stateful01-1.yml	0	46688	6336	31	0	0	0	0	1
after	sc	r03	stateful01-2.yml	0	101591	6536	32	0	0	0	0	1
after	sc	r03	szymanski.yml	0	345039	5936	29	0	0	0	0	1
after	sc	r03	time_var_mutex.yml	0	38599	5736	28	0	0	0	0	1
after	sc	r03	triangular-1.yml	0	1305602786	27336	68	0	0	0	0	1
after	sc	r03	triangular-2.yml	0	173605056	27336	68	0	0	0	0	1
after	sc	r03	twostage_3.yml	0	836953	40136	100	0	0	0	0	1
after	sc	r03	unwind2-1.yml	0	0	0	0	0	0	0	0	1
after	sc	r03	unwind2-100.yml	0	0	0	0	0	0	0	0	1
after	sc	r03	unwind3-1.yml	0	19822	3736	18	0	0	0	0	1
after	sc	r04	01b_inc.yml	0	0	0	0	0	0	0	0	1
after	sc	r04	02_inc_cas.yml	0	0	0	0	0	0	0	0	1
after	sc	r04	13-privatized_01-priv_nr_true.yml	0	30989	3336	16	0	0	0	0	1
after	sc	r04	13-privatized_18-first-reads_true.yml	0	25986	2536	12	0	0	0	0	1
after	sc	r04	13-privatized_18-first-reads_unknown_1_neg.yml	0	14154	1736	8	0	0	0	0	1
after	sc	r04	13-privatized_18-first-reads_unknown_2_pos.yml	0	35487	1736	8	0	0	0	0	1
after	sc	r04	13-privatized_19-publish-precision_true.yml	0	60683	3736	18	0	0	0	0	1
after	sc	r04	13-privatized_19-publish-precision_unknown_1_neg.yml	0	0	0	0	0	0	0	0	1
after	sc	r04	13-privatized_19-publish-precision_unknown_1_pos.yml	0	23452	2736	13	0	0	0	0	1
after	sc	r04	13-privatized_19-publish-precision_unknown_2_neg.yml	0	15596	2736	13	0	0	0	0	1
after	sc	r04	13-privatized_19-publish-precision_unknown_2_pos.yml	0	0	0	0	0	0	0	0	1
after	sc	r04	13-privatized_20-publish-regression_true.yml	0	34615	2536	12	0	0	0	0	1
after	sc	r04	13-privatized_24-multiple-protecting_true.yml	0	284002	10536	52	0	0	0	0	1
after	sc	r04	13-privatized_25-struct_nr_true.yml	0	38207	3336	16	0	0	0	0	1
after	sc	r04	13-privatized_27-multiple-protecting2_true.yml	0	907665	12336	61	0	0	0	0	1
after	sc	r04	13-privatized_29-multiple-protecting2-vesal_true.yml	0	96906	6336	31	0	0	0	0	1
after	sc	r04	13-privatized_30-traces-oplus-vs-meet_true.yml	0	54574	4336	21	0	0	0	0	1
after	sc	r04	13-privatized_31-traces-mine-vs-mutex_true.yml	0	79252	5136	25	0	0	0	0	1
after	sc	r04	13-privatized_32-traces-mine-vs-oplus-vs-meet_true.yml	0	113672	6136	30	0	0	0	0	1
after	sc	r04	13-privatized_33-traces-v-matters_true.yml	0	50821	3936	19	0	0	0	0	1
after	sc	r04	13-privatized_34-traces-minepp-L-needs-to-be-um_true.yml	0	23362	2936	14	0	0	0	0	1
after	sc	r04	13-privatized_35-traces-ex-2_true.yml	0	64277	4136	20	0	0	0	0	1
after	sc	r04	13-privatized_36-traces-ex-3_true.yml	0	67371	3736	18	0	0	0	0	1
after	sc	r04	13-privatized_37-traces-ex-4_true.yml	0	34699	3136	15	0	0	0	0	1
after	sc	r04	13-privatized_38-traces-ex-4-switch_true.yml	0	79055	4136	20	0	0	0	0	1
after	sc	r04	13-privatized_40-traces-ex-6_true.yml	0	46896	2936	14	0	0	0	0	1
after	sc	r04	13-privatized_41-traces-ex-7_unknown_1_neg.yml	0	0	0	0	0	0	0	0	1
after	sc	r04	13-privatized_41-traces-ex-7_unknown_1_pos.yml	0	18335	2736	13	0	0	0	0	1
after	sc	r04	13-privatized_42-traces-ex-mini_true.yml	0	30488	3936	19	0	0	0	0	1
after	sc	r04	13-privatized_44-traces-mine2_true.yml	0	16460	2736	13	0	0	0	0	1
after	sc	r04	13-privatized_45-traces-per-global-and-current-lock-mine-incomparable_true.yml	0	62480	4136	20	0	0	0	0	1
after	sc	r04	13-privatized_46-refine-protected1_true.yml	0	0	0	0	0	0	0	0	1
after	sc	r04	13-privatized_47-refine-protected2_true.yml	0	34793	2536	12	0	0	0	0	1
after	sc	r04	13-privatized_57-singlethreaded-unlock_true.yml	0	0	0	0	0	0	0	0	1
after	sc	r04	13-privatized_58-singlethreaded-lock_true.yml	0	0	0	0	0	0	0	0	1
after	sc	r04	13-privatized_66-mine-W-init_true.yml	0	0	0	0	0	0	0	0	1
after	sc	r04	13-privatized_68-pfscan_protected_loop_minimal_interval_true.yml	0	0	0	0	0	0	0	0	1
after	sc	r04	13-privatized_69-refine-protected-loop-interval_true.yml	0	0	0	0	0	0	0	0	1
after	sc	r04	14_spin2003.yml	0	0	0	0	0	0	0	0	1
after	sc	r04	28-race_reach_01-simple_racing.yml	0	18407834330	1807007952	40017	0	0	0	0	1
after	sc	r04	28-race_reach_06-cond_racing1.yml	0	9694583276	1807007952	40017	0	0	0	0	1
after	sc	r04	28-race_reach_11-ptr_racing.yml	0	10969971693	1807007952	40017	0	0	0	0	1
after	sc	r04	28-race_reach_21-deref_read_racing.yml	0	0	0	0	0	0	0	0	1
after	sc	r04	28-race_reach_24-sound_lock_racing.yml	0	10929429141	1807007952	40017	0	0	0	0	1
after	sc	r04	28-race_reach_37-indirect_racing.yml	0	10137406580	1807053072	40018	0	0	0	0	1
after	sc	r04	28-race_reach_45-escape_racing.yml	0	20563	3936	19	0	0	0	0	1
after	sc	r04	28-race_reach_46-escape_racefree.yml	0	26916	3536	17	0	0	0	0	1
after	sc	r04	29_conditionals_vs.yml	0	0	0	0	0	0	0	0	1
after	sc	r04	36-apron_11-traces-max-simple_true.yml	0	34483	2536	12	0	0	0	0	1
after	sc	r04	36-apron_16-traces-unprot2_true.yml	0	0	0	0	0	0	0	0	1
after	sc	r04	36-apron_17-traces-rpb-litmus_unknown_1_neg.yml	0	0	0	0	0	0	0	0	1
after	sc	r04	36-apron_21-traces-cluster-based_true.yml	0	197242	7136	35	0	0	0	0	1
after	sc	r04	36-apron_22-traces-write-centered-vs-meet-mutex_true_no-overflow.yml	0	0	0	0	0	0	0	0	1
after	sc	r04	36-apron_41-threadenter-no-locals_unknown_1_pos.yml	0	0	0	0	0	0	0	0	1
after	sc	r04	43_NetBSD_sysmon_power_sliced.yml	0	0	0	0	0	0	0	0	1
after	sc	r04	45_monabsex1_vs.yml	0	0	0	0	0	0	0	0	1
after	sc	r04	46_monabsex2_vs.yml	0	0	0	0	0	0	0	0	1
after	sc	r04	48_ticket_lock_low_contention_vs-pthread.yml	0	0	0	0	0	0	0	0	1
after	sc	r04	48_ticket_lock_low_contention_vs.yml	0	0	0	0	0	0	0	0	1
after	sc	r04	butterfly.yml	0	4352151492	12136	60	0	0	0	0	1
after	sc	r04	circular_buffer_bad.yml	0	313220	34136	85	0	0	0	0	1
after	sc	r04	circular_buffer_ok.yml	0	720819753	185736	232	0	0	0	0	1
after	sc	r04	dekker-unfair.yml	0	86289	6336	31	0	0	0	0	1
after	sc	r04	dekker.yml	0	93279	6336	31	0	0	0	0	1
after	sc	r04	exponential-nondet.yml	0	0	0	0	0	0	0	0	1
after	sc	r04	fib_safe-5.yml	0	922342009	194536	243	0	0	0	0	1
after	sc	r04	fib_safe-6.yml	0	5938023302	281136	281	0	0	0	0	1
after	sc	r04	fib_unsafe-5.yml	0	244100696	194536	243	0	0	0	0	1
after	sc	r04	fib_unsafe-6.yml	0	2526837499	281136	281	0	0	0	0	1
after	sc	r04	fib_unsafe-7.yml	0	9532810330	319136	319	0	0	0	0	1
after	sc	r04	lazy01.yml	0	40897	5336	26	0	0	0	0	1
after	sc	r04	pthread-demo-datarace-3.yml	0	19120696	262136	262	0	0	0	0	1
after	sc	r04	queue.yml	0	30969753	160936	201	0	0	0	0	1
after	sc	r04	queue_longer.yml	0	0	0	0	0	0	0	0	0
after	sc	r04	queue_ok.yml	0	612412	183336	229	0	0	0	0	1
after	sc	r04	queue_ok_longer.yml	51941315	256885869	23936072	4029	0	0	0	0	1
after	sc	r04	queue_ok_longest.yml	97070588	1307060573	94781648	8029	0	0	0	0	1
after	sc	r04	race-1_1-join.yml	0	0	0	0	0	0	0	0	1
after	sc	r04	race-1_2-join.yml	0	14024	4736	23	0	0	0	0	1
after	sc	r04	race-1_3-join.yml	0	20032	4736	23	0	0	0	0	1
after	sc	r04	race-2_1-container_of.yml	0	0	0	0	0	0	0	0	1
after	sc	r04	race-3_1-container_of-global.yml	0	0	0	0	0	0	0	0	1
after	sc	r04	race-4_1-thread_local_vars.yml	0	0	0	0	0	0	0	0	1
after	sc	r04	reorder_2.yml	0	9655541	32936	82	0	0	0	0	1
after	sc	r04	singleton.yml	0	80417	8736	43	0	0	0	0	1
after	sc	r04	singleton_with-uninit-problems.yml	0	120981	8936	44	0	0	0	0	1
after	sc	r04	stateful01-1.yml	0	49583	6336	31	0	0	0	0	1
after	sc	r04	stateful01-2.yml	0	106584	6536	32	0	0	0	0	1
after	sc	r04	szymanski.yml	0	340315	5936	29	0	0	0	0	1
after	sc	r04	time_var_mutex.yml	0	38317	5736	28	0	0	0	0	1
after	sc	r04	triangular-1.yml	0	1227804597	27336	68	0	0	0	0	1
after	sc	r04	triangular-2.yml	0	425391043	27336	68	0	0	0	0	1
after	sc	r04	twostage_3.yml	0	822652	40136	100	0	0	0	0	1
after	sc	r04	unwind2-1.yml	0	0	0	0	0	0	0	0	1
after	sc	r04	unwind2-100.yml	0	0	0	0	0	0	0	0	1
after	sc	r04	unwind3-1.yml	0	20998	3736	18	0	0	0	0	1
after	tso	r01	01b_inc.yml	0	0	0	0	0	0	0	0	1
after	tso	r01	02_inc_cas.yml	0	0	0	0	0	0	0	0	1
after	tso	r01	13-privatized_01-priv_nr_true.yml	0	73336	3288	16	4	252	0	0	1
after	tso	r01	13-privatized_18-first-reads_true.yml	0	74604	2584	12	4	112	0	0	1
after	tso	r01	13-privatized_18-first-reads_unknown_1_neg.yml	0	40572	1880	8	2	31	0	0	1
after	tso	r01	13-privatized_18-first-reads_unknown_2_pos.yml	0	80279	1880	8	2	31	0	0	1
after	tso	r01	13-privatized_19-publish-precision_true.yml	0	120299	3640	18	8	401	0	0	1
after	tso	r01	13-privatized_19-publish-precision_unknown_1_neg.yml	0	0	0	0	0	0	0	0	1
after	tso	r01	13-privatized_19-publish-precision_unknown_1_pos.yml	0	36752	2760	13	2	50	0	0	1
after	tso	r01	13-privatized_19-publish-precision_unknown_2_neg.yml	0	39511	2760	13	2	50	0	0	1
after	tso	r01	13-privatized_19-publish-precision_unknown_2_pos.yml	0	0	0	0	0	0	0	0	1
after	tso	r01	13-privatized_20-publish-regression_true.yml	0	54383	2584	12	4	112	0	0	1
after	tso	r01	13-privatized_24-multiple-protecting_true.yml	0	1039327	9624	52	24	8593	0	0	1
after	tso	r01	13-privatized_25-struct_nr_true.yml	0	80232	3288	16	4	252	0	0	1
after	tso	r01	13-privatized_27-multiple-protecting2_true.yml	0	2414486	11208	61	72	25988	0	0	1
after	tso	r01	13-privatized_29-multiple-protecting2-vesal_true.yml	0	236087	5928	31	12	988	0	0	1
after	tso	r01	13-privatized_30-traces-oplus-vs-meet_true.yml	0	138052	4168	21	8	346	0	0	1
after	tso	r01	13-privatized_31-traces-mine-vs-mutex_true.yml	0	244195	4872	25	12	646	0	0	1
after	tso	r01	13-privatized_32-traces-mine-vs-oplus-vs-meet_true.yml	0	292745	5752	30	12	783	0	0	1
after	tso	r01	13-privatized_33-traces-v-matters_true.yml	0	125848	3816	19	6	286	0	0	1
after	tso	r01	13-privatized_34-traces-minepp-L-needs-to-be-um_true.yml	0	73993	2936	14	4	119	0	0	1
after	tso	r01	13-privatized_35-traces-ex-2_true.yml	0	150243	3992	20	8	279	0	0	1
after	tso	r01	13-privatized_36-traces-ex-3_true.yml	0	133211	3640	18	8	268	0	0	1
after	tso	r01	13-privatized_37-traces-ex-4_true.yml	0	71177	3112	15	4	159	0	0	1
after	tso	r01	13-privatized_38-traces-ex-4-switch_true.yml	0	164852	3992	20	8	279	0	0	1
after	tso	r01	13-privatized_40-traces-ex-6_true.yml	0	71675	2936	14	4	119	0	0	1
after	tso	r01	13-privatized_41-traces-ex-7_unknown_1_neg.yml	0	0	0	0	0	0	0	0	1
after	tso	r01	13-privatized_41-traces-ex-7_unknown_1_pos.yml	0	41476	2760	13	2	54	0	0	1
after	tso	r01	13-privatized_42-traces-ex-mini_true.yml	0	76081	3816	19	4	255	0	0	1
after	tso	r01	13-privatized_44-traces-mine2_true.yml	0	37780	2760	13	2	46	0	0	1
after	tso	r01	13-privatized_45-traces-per-global-and-current-lock-mine-incomparable_true.yml	0	129206	3992	20	6	357	0	0	1
after	tso	r01	13-privatized_46-refine-protected1_true.yml	0	0	0	0	0	0	0	0	1
after	tso	r01	13-privatized_47-refine-protected2_true.yml	0	92437	2584	12	4	101	0	0	1
after	tso	r01	13-privatized_57-singlethreaded-unlock_true.yml	0	0	0	0	0	0	0	0	1
after	tso	r01	13-privatized_58-singlethreaded-lock_true.yml	0	0	0	0	0	0	0	0	1
after	tso	r01	13-privatized_66-mine-W-init_true.yml	0	0	0	0	0	0	0	0	1
after	tso	r01	13-privatized_68-pfscan_protected_loop_minimal_interval_true.yml	0	0	0	0	0	0	0	0	1
after	tso	r01	13-privatized_69-refine-protected-loop-interval_true.yml	0	0	0	0	0	0	0	0	1
after	tso	r01	14_spin2003.yml	0	0	0	0	0	0	0	0	1
after	tso	r01	28-race_reach_01-simple_racing.yml	0	0	0	0	0	0	0	0	0
after	tso	r01	28-race_reach_06-cond_racing1.yml	0	0	0	0	0	0	0	0	0
after	tso	r01	28-race_reach_11-ptr_racing.yml	0	0	0	0	0	0	0	0	0
after	tso	r01	28-race_reach_21-deref_read_racing.yml	0	0	0	0	0	0	0	0	1
after	tso	r01	28-race_reach_24-sound_lock_racing.yml	0	0	0	0	0	0	0	0	0
after	tso	r01	28-race_reach_37-indirect_racing.yml	0	0	0	0	0	0	0	0	0
after	tso	r01	28-race_reach_45-escape_racing.yml	0	35497	3816	19	2	106	0	0	1
after	tso	r01	28-race_reach_46-escape_racefree.yml	0	62469	3464	17	4	191	0	0	1
after	tso	r01	29_conditionals_vs.yml	0	0	0	0	0	0	0	0	1
after	tso	r01	36-apron_11-traces-max-simple_true.yml	0	55458	2584	12	4	101	0	0	1
after	tso	r01	36-apron_16-traces-unprot2_true.yml	0	0	0	0	0	0	0	0	1
after	tso	r01	36-apron_17-traces-rpb-litmus_unknown_1_neg.yml	0	0	0	0	0	0	0	0	1
after	tso	r01	36-apron_21-traces-cluster-based_true.yml	0	605236	6632	35	26	2014	0	0	1
after	tso	r01	36-apron_22-traces-write-centered-vs-meet-mutex_true_no-overflow.yml	0	0	0	0	0	0	0	0	1
after	tso	r01	36-apron_41-threadenter-no-locals_unknown_1_pos.yml	0	0	0	0	0	0	0	0	1
after	tso	r01	43_NetBSD_sysmon_power_sliced.yml	0	0	0	0	0	0	0	0	1
after	tso	r01	45_monabsex1_vs.yml	0	0	0	0	0	0	0	0	1
after	tso	r01	46_monabsex2_vs.yml	0	0	0	0	0	0	0	0	1
after	tso	r01	48_ticket_lock_low_contention_vs-pthread.yml	0	0	0	0	0	0	0	0	1
after	tso	r01	48_ticket_lock_low_contention_vs.yml	0	0	0	0	0	0	0	0	1
after	tso	r01	butterfly.yml	0	8122188431	11032	60	304114	44028054	0	0	1
after	tso	r01	circular_buffer_bad.yml	0	1082619	30456	85	14	18669	0	0	1
after	tso	r01	circular_buffer_ok.yml	0	1959673120	163992	232	6864	28061574	0	0	1
after	tso	r01	dekker-unfair.yml	0	237842	5928	31	14	937	0	0	1
after	tso	r01	dekker.yml	0	242300	5928	31	14	937	0	0	1
after	tso	r01	exponential-nondet.yml	0	0	0	0	0	0	0	0	1
after	tso	r01	fib_safe-5.yml	0	3974704713	171736	243	6884	50861919	0	0	1
after	tso	r01	fib_safe-6.yml	0	22435735094	248008	281	29036	288430537	0	0	1
after	tso	r01	fib_unsafe-5.yml	0	1136044971	171736	243	1880	13786133	0	0	1
after	tso	r01	fib_unsafe-6.yml	0	6673235061	248008	281	8244	81433459	0	0	1
after	tso	r01	fib_unsafe-7.yml	0	33689432903	281448	319	35572	455400086	0	0	1
after	tso	r01	lazy01.yml	0	138750	5048	26	6	497	0	0	1
after	tso	r01	pthread-demo-datarace-3.yml	0	38165032	231288	262	80	1076839	0	0	1
after	tso	r01	queue.yml	0	12777156	142168	201	40	322450	0	0	1
after	tso	r01	queue_longer.yml	0	0	0	0	0	0	0	0	0
after	tso	r01	queue_ok.yml	0	2689918	161880	229	4	46024	0	0	1
after	tso	r01	queue_ok_longer.yml	11442766	1062931358	13851760	4029	4	15503664	0	0	1
after	tso	r01	queue_ok_longest.yml	32308135	4573464126	54452288	8029	4	61735070	0	4	1
after	tso	r01	race-1_1-join.yml	0	0	0	0	0	0	0	0	1
after	tso	r01	race-1_2-join.yml	0	47507	4520	23	2	189	0	0	1
after	tso	r01	race-1_3-join.yml	0	46451	4520	23	2	189	0	0	1
after	tso	r01	race-2_1-container_of.yml	0	0	0	0	0	0	0	0	1
after	tso	r01	race-3_1-container_of-global.yml	0	0	0	0	0	0	0	0	1
after	tso	r01	race-4_1-thread_local_vars.yml	0	0	0	0	0	0	0	0	1
after	tso	r01	reorder_2.yml	0	26975950	29400	82	432	328668	0	0	1
after	tso	r01	singleton.yml	0	188704	8040	43	8	1001	0	0	1
after	tso	r01	singleton_with-uninit-problems.yml	0	282901	8216	44	12	1722	0	0	1
after	tso	r01	stateful01-1.yml	0	118594	5928	31	4	625	0	0	1
after	tso	r01	stateful01-2.yml	0	300631	6104	32	12	2074	0	0	1
after	tso	r01	szymanski.yml	0	786951	5576	29	62	2270	0	0	1
after	tso	r01	time_var_mutex.yml	0	97925	5400	28	4	524	0	0	1
after	tso	r01	triangular-1.yml	0	2370502359	24472	68	43036	35610116	0	0	1
after	tso	r01	triangular-2.yml	0	548157356	24472	68	10316	8402826	0	0	1
after	tso	r01	twostage_3.yml	0	2292403	35736	100	30	29858	0	0	1
after	tso	r01	unwind2-1.yml	0	0	0	0	0	0	0	0	1
after	tso	r01	unwind2-100.yml	0	0	0	0	0	0	0	0	1
after	tso	r01	unwind3-1.yml	0	37902	3640	18	2	118	0	0	1
after	tso	r02	01b_inc.yml	0	0	0	0	0	0	0	0	1
after	tso	r02	02_inc_cas.yml	0	0	0	0	0	0	0	0	1
after	tso	r02	13-privatized_01-priv_nr_true.yml	0	68824	3288	16	4	252	0	0	1
after	tso	r02	13-privatized_18-first-reads_true.yml	0	63956	2584	12	4	112	0	0	1
after	tso	r02	13-privatized_18-first-reads_unknown_1_neg.yml	0	57431	1880	8	2	31	0	0	1
after	tso	r02	13-privatized_18-first-reads_unknown_2_pos.yml	0	48668	1880	8	2	31	0	0	1
after	tso	r02	13-privatized_19-publish-precision_true.yml	0	133405	3640	18	8	401	0	0	1
after	tso	r02	13-privatized_19-publish-precision_unknown_1_neg.yml	0	0	0	0	0	0	0	0	1
after	tso	r02	13-privatized_19-publish-precision_unknown_1_pos.yml	0	33920	2760	13	2	50	0	0	1
after	tso	r02	13-privatized_19-publish-precision_unknown_2_neg.yml	0	43380	2760	13	2	50	0	0	1
after	tso	r02	13-privatized_19-publish-precision_unknown_2_pos.yml	0	0	0	0	0	0	0	0	1
after	tso	r02	13-privatized_20-publish-regression_true.yml	0	63417	2584	12	4	112	0	0	1
after	tso	r02	13-privatized_24-multiple-protecting_true.yml	0	1045455	9624	52	24	8593	0	0	1
after	tso	r02	13-privatized_25-struct_nr_true.yml	0	77724	3288	16	4	252	0	0	1
after	tso	r02	13-privatized_27-multiple-protecting2_true.yml	0	2559910	11208	61	72	25988	0	0	1
after	tso	r02	13-privatized_29-multiple-protecting2-vesal_true.yml	0	265577	5928	31	12	988	0	0	1
after	tso	r02	13-privatized_30-traces-oplus-vs-meet_true.yml	0	130105	4168	21	8	346	0	0	1
after	tso	r02	13-privatized_31-traces-mine-vs-mutex_true.yml	0	188008	4872	25	12	646	0	0	1
after	tso	r02	13-privatized_32-traces-mine-vs-oplus-vs-meet_true.yml	0	231799	5752	30	12	783	0	0	1
after	tso	r02	13-privatized_33-traces-v-matters_true.yml	0	104610	3816	19	6	286	0	0	1
after	tso	r02	13-privatized_34-traces-minepp-L-needs-to-be-um_true.yml	0	70059	2936	14	4	119	0	0	1
after	tso	r02	13-privatized_35-traces-ex-2_true.yml	0	135369	3992	20	8	279	0	0	1
after	tso	r02	13-privatized_36-traces-ex-3_true.yml	0	122589	3640	18	8	268	0	0	1
after	tso	r02	13-privatized_37-traces-ex-4_true.yml	0	73347	3112	15	4	159	0	0	1
after	tso	r02	13-privatized_38-traces-ex-4-switch_true.yml	0	123356	3992	20	8	279	0	0	1
after	tso	r02	13-privatized_40-traces-ex-6_true.yml	0	129336	2936	14	4	119	0	0	1
after	tso	r02	13-privatized_41-traces-ex-7_unknown_1_neg.yml	0	0	0	0	0	0	0	0	1
after	tso	r02	13-privatized_41-traces-ex-7_unknown_1_pos.yml	0	39304	2760	13	2	54	0	0	1
after	tso	r02	13-privatized_42-traces-ex-mini_true.yml	0	74224	3816	19	4	255	0	0	1
after	tso	r02	13-privatized_44-traces-mine2_true.yml	0	41519	2760	13	2	46	0	0	1
after	tso	r02	13-privatized_45-traces-per-global-and-current-lock-mine-incomparable_true.yml	0	128678	3992	20	6	357	0	0	1
after	tso	r02	13-privatized_46-refine-protected1_true.yml	0	0	0	0	0	0	0	0	1
after	tso	r02	13-privatized_47-refine-protected2_true.yml	0	77897	2584	12	4	101	0	0	1
after	tso	r02	13-privatized_57-singlethreaded-unlock_true.yml	0	0	0	0	0	0	0	0	1
after	tso	r02	13-privatized_58-singlethreaded-lock_true.yml	0	0	0	0	0	0	0	0	1
after	tso	r02	13-privatized_66-mine-W-init_true.yml	0	0	0	0	0	0	0	0	1
after	tso	r02	13-privatized_68-pfscan_protected_loop_minimal_interval_true.yml	0	0	0	0	0	0	0	0	1
after	tso	r02	13-privatized_69-refine-protected-loop-interval_true.yml	0	0	0	0	0	0	0	0	1
after	tso	r02	14_spin2003.yml	0	0	0	0	0	0	0	0	1
after	tso	r02	28-race_reach_01-simple_racing.yml	0	0	0	0	0	0	0	0	0
after	tso	r02	28-race_reach_06-cond_racing1.yml	0	0	0	0	0	0	0	0	0
after	tso	r02	28-race_reach_11-ptr_racing.yml	0	0	0	0	0	0	0	0	0
after	tso	r02	28-race_reach_21-deref_read_racing.yml	0	0	0	0	0	0	0	0	1
after	tso	r02	28-race_reach_24-sound_lock_racing.yml	0	0	0	0	0	0	0	0	0
after	tso	r02	28-race_reach_37-indirect_racing.yml	0	0	0	0	0	0	0	0	0
after	tso	r02	28-race_reach_45-escape_racing.yml	0	39822	3816	19	2	106	0	0	1
after	tso	r02	28-race_reach_46-escape_racefree.yml	0	56687	3464	17	4	191	0	0	1
after	tso	r02	29_conditionals_vs.yml	0	0	0	0	0	0	0	0	1
after	tso	r02	36-apron_11-traces-max-simple_true.yml	0	63950	2584	12	4	101	0	0	1
after	tso	r02	36-apron_16-traces-unprot2_true.yml	0	0	0	0	0	0	0	0	1
after	tso	r02	36-apron_17-traces-rpb-litmus_unknown_1_neg.yml	0	0	0	0	0	0	0	0	1
after	tso	r02	36-apron_21-traces-cluster-based_true.yml	0	495761	6632	35	26	2014	0	0	1
after	tso	r02	36-apron_22-traces-write-centered-vs-meet-mutex_true_no-overflow.yml	0	0	0	0	0	0	0	0	1
after	tso	r02	36-apron_41-threadenter-no-locals_unknown_1_pos.yml	0	0	0	0	0	0	0	0	1
after	tso	r02	43_NetBSD_sysmon_power_sliced.yml	0	0	0	0	0	0	0	0	1
after	tso	r02	45_monabsex1_vs.yml	0	0	0	0	0	0	0	0	1
after	tso	r02	46_monabsex2_vs.yml	0	0	0	0	0	0	0	0	1
after	tso	r02	48_ticket_lock_low_contention_vs-pthread.yml	0	0	0	0	0	0	0	0	1
after	tso	r02	48_ticket_lock_low_contention_vs.yml	0	0	0	0	0	0	0	0	1
after	tso	r02	butterfly.yml	0	7852842745	11032	60	304114	44028054	0	0	1
after	tso	r02	circular_buffer_bad.yml	0	21124600	30456	85	14	18669	0	0	1
after	tso	r02	circular_buffer_ok.yml	0	3885772296	163992	232	6864	28061574	0	0	1
after	tso	r02	dekker-unfair.yml	0	231676	5928	31	14	937	0	0	1
after	tso	r02	dekker.yml	0	233435	5928	31	14	937	0	0	1
after	tso	r02	exponential-nondet.yml	0	0	0	0	0	0	0	0	1
after	tso	r02	fib_safe-5.yml	0	6841403052	171736	243	6884	50861919	0	0	1
after	tso	r02	fib_safe-6.yml	0	30667501716	248008	281	29036	288430537	0	0	1
after	tso	r02	fib_unsafe-5.yml	0	2117406804	171736	243	1880	13786133	0	0	1
after	tso	r02	fib_unsafe-6.yml	0	9161281990	248008	281	8244	81433459	0	0	1
after	tso	r02	fib_unsafe-7.yml	0	33278536394	281448	319	35572	455400086	0	0	1
after	tso	r02	lazy01.yml	0	112782	5048	26	6	497	0	0	1
after	tso	r02	pthread-demo-datarace-3.yml	0	37773935	231288	262	80	1076839	0	0	1
after	tso	r02	queue.yml	0	12883839	142168	201	40	322450	0	0	1
after	tso	r02	queue_longer.yml	0	0	0	0	0	0	0	0	0
after	tso	r02	queue_ok.yml	0	2698249	161880	229	4	46024	0	0	1
after	tso	r02	queue_ok_longer.yml	14103942	923580622	13851760	4029	4	15503664	0	0	1
after	tso	r02	queue_ok_longest.yml	32441319	4333732278	54452288	8029	4	61735070	0	4	1
after	tso	r02	race-1_1-join.yml	0	0	0	0	0	0	0	0	1
after	tso	r02	race-1_2-join.yml	0	51686	4520	23	2	189	0	0	1
after	tso	r02	race-1_3-join.yml	0	47439	4520	23	2	189	0	0	1
after	tso	r02	race-2_1-container_of.yml	0	0	0	0	0	0	0	0	1
after	tso	r02	race-3_1-container_of-global.yml	0	0	0	0	0	0	0	0	1
after	tso	r02	race-4_1-thread_local_vars.yml	0	0	0	0	0	0	0	0	1
after	tso	r02	reorder_2.yml	0	31272607	29400	82	432	328668	0	0	1
after	tso	r02	singleton.yml	0	185211	8040	43	8	1001	0	0	1
after	tso	r02	singleton_with-uninit-problems.yml	0	297363	8216	44	12	1722	0	0	1
after	tso	r02	stateful01-1.yml	0	124678	5928	31	4	625	0	0	1
after	tso	r02	stateful01-2.yml	0	283378	6104	32	12	2074	0	0	1
after	tso	r02	szymanski.yml	0	793648	5576	29	62	2270	0	0	1
after	tso	r02	time_var_mutex.yml	0	95227	5400	28	4	524	0	0	1
after	tso	r02	triangular-1.yml	0	4181383876	24472	68	43036	35610116	0	0	1
after	tso	r02	triangular-2.yml	0	1253919293	24472	68	10316	8402826	0	0	1
after	tso	r02	twostage_3.yml	0	2306151	35736	100	30	29858	0	0	1
after	tso	r02	unwind2-1.yml	0	0	0	0	0	0	0	0	1
after	tso	r02	unwind2-100.yml	0	0	0	0	0	0	0	0	1
after	tso	r02	unwind3-1.yml	0	36821	3640	18	2	118	0	0	1
after	tso	r03	01b_inc.yml	0	0	0	0	0	0	0	0	1
after	tso	r03	02_inc_cas.yml	0	0	0	0	0	0	0	0	1
after	tso	r03	13-privatized_01-priv_nr_true.yml	0	91180	3288	16	4	252	0	0	1
after	tso	r03	13-privatized_18-first-reads_true.yml	0	65390	2584	12	4	112	0	0	1
after	tso	r03	13-privatized_18-first-reads_unknown_1_neg.yml	0	36539	1880	8	2	31	0	0	1
after	tso	r03	13-privatized_18-first-reads_unknown_2_pos.yml	0	36586	1880	8	2	31	0	0	1
after	tso	r03	13-privatized_19-publish-precision_true.yml	0	150225	3640	18	8	401	0	0	1
after	tso	r03	13-privatized_19-publish-precision_unknown_1_neg.yml	0	0	0	0	0	0	0	0	1
after	tso	r03	13-privatized_19-publish-precision_unknown_1_pos.yml	0	29595	2760	13	2	50	0	0	1
after	tso	r03	13-privatized_19-publish-precision_unknown_2_neg.yml	0	36792	2760	13	2	50	0	0	1
after	tso	r03	13-privatized_19-publish-precision_unknown_2_pos.yml	0	0	0	0	0	0	0	0	1
after	tso	r03	13-privatized_20-publish-regression_true.yml	0	78599	2584	12	4	112	0	0	1
after	tso	r03	13-privatized_24-multiple-protecting_true.yml	0	1039198	9624	52	24	8593	0	0	1
after	tso	r03	13-privatized_25-struct_nr_true.yml	0	79409	3288	16	4	252	0	0	1
after	tso	r03	13-privatized_27-multiple-protecting2_true.yml	0	2474685	11208	61	72	25988	0	0	1
after	tso	r03	13-privatized_29-multiple-protecting2-vesal_true.yml	0	239943	5928	31	12	988	0	0	1
after	tso	r03	13-privatized_30-traces-oplus-vs-meet_true.yml	0	132644	4168	21	8	346	0	0	1
after	tso	r03	13-privatized_31-traces-mine-vs-mutex_true.yml	0	236099	4872	25	12	646	0	0	1
after	tso	r03	13-privatized_32-traces-mine-vs-oplus-vs-meet_true.yml	0	252144	5752	30	12	783	0	0	1
after	tso	r03	13-privatized_33-traces-v-matters_true.yml	0	136349	3816	19	6	286	0	0	1
after	tso	r03	13-privatized_34-traces-minepp-L-needs-to-be-um_true.yml	0	67143	2936	14	4	119	0	0	1
after	tso	r03	13-privatized_35-traces-ex-2_true.yml	0	155991	3992	20	8	279	0	0	1
after	tso	r03	13-privatized_36-traces-ex-3_true.yml	0	118999	3640	18	8	268	0	0	1
after	tso	r03	13-privatized_37-traces-ex-4_true.yml	0	67616	3112	15	4	159	0	0	1
after	tso	r03	13-privatized_38-traces-ex-4-switch_true.yml	0	161173	3992	20	8	279	0	0	1
after	tso	r03	13-privatized_40-traces-ex-6_true.yml	0	84508	2936	14	4	119	0	0	1
after	tso	r03	13-privatized_41-traces-ex-7_unknown_1_neg.yml	0	0	0	0	0	0	0	0	1
after	tso	r03	13-privatized_41-traces-ex-7_unknown_1_pos.yml	0	53335	2760	13	2	54	0	0	1
after	tso	r03	13-privatized_42-traces-ex-mini_true.yml	0	71527	3816	19	4	255	0	0	1
after	tso	r03	13-privatized_44-traces-mine2_true.yml	0	36730	2760	13	2	46	0	0	1
after	tso	r03	13-privatized_45-traces-per-global-and-current-lock-mine-incomparable_true.yml	0	131818	3992	20	6	357	0	0	1
after	tso	r03	13-privatized_46-refine-protected1_true.yml	0	0	0	0	0	0	0	0	1
after	tso	r03	13-privatized_47-refine-protected2_true.yml	0	62666	2584	12	4	101	0	0	1
after	tso	r03	13-privatized_57-singlethreaded-unlock_true.yml	0	0	0	0	0	0	0	0	1
after	tso	r03	13-privatized_58-singlethreaded-lock_true.yml	0	0	0	0	0	0	0	0	1
after	tso	r03	13-privatized_66-mine-W-init_true.yml	0	0	0	0	0	0	0	0	1
after	tso	r03	13-privatized_68-pfscan_protected_loop_minimal_interval_true.yml	0	0	0	0	0	0	0	0	1
after	tso	r03	13-privatized_69-refine-protected-loop-interval_true.yml	0	0	0	0	0	0	0	0	1
after	tso	r03	14_spin2003.yml	0	0	0	0	0	0	0	0	1
after	tso	r03	28-race_reach_01-simple_racing.yml	0	0	0	0	0	0	0	0	0
after	tso	r03	28-race_reach_06-cond_racing1.yml	0	0	0	0	0	0	0	0	0
after	tso	r03	28-race_reach_11-ptr_racing.yml	0	0	0	0	0	0	0	0	0
after	tso	r03	28-race_reach_21-deref_read_racing.yml	0	0	0	0	0	0	0	0	1
after	tso	r03	28-race_reach_24-sound_lock_racing.yml	0	0	0	0	0	0	0	0	0
after	tso	r03	28-race_reach_37-indirect_racing.yml	0	0	0	0	0	0	0	0	0
after	tso	r03	28-race_reach_45-escape_racing.yml	0	31216	3816	19	2	106	0	0	1
after	tso	r03	28-race_reach_46-escape_racefree.yml	0	69038	3464	17	4	191	0	0	1
after	tso	r03	29_conditionals_vs.yml	0	0	0	0	0	0	0	0	1
after	tso	r03	36-apron_11-traces-max-simple_true.yml	0	71716	2584	12	4	101	0	0	1
after	tso	r03	36-apron_16-traces-unprot2_true.yml	0	0	0	0	0	0	0	0	1
after	tso	r03	36-apron_17-traces-rpb-litmus_unknown_1_neg.yml	0	0	0	0	0	0	0	0	1
after	tso	r03	36-apron_21-traces-cluster-based_true.yml	0	486668	6632	35	26	2014	0	0	1
after	tso	r03	36-apron_22-traces-write-centered-vs-meet-mutex_true_no-overflow.yml	0	0	0	0	0	0	0	0	1
after	tso	r03	36-apron_41-threadenter-no-locals_unknown_1_pos.yml	0	0	0	0	0	0	0	0	1
after	tso	r03	43_NetBSD_sysmon_power_sliced.yml	0	0	0	0	0	0	0	0	1
after	tso	r03	45_monabsex1_vs.yml	0	0	0	0	0	0	0	0	1
after	tso	r03	46_monabsex2_vs.yml	0	0	0	0	0	0	0	0	1
after	tso	r03	48_ticket_lock_low_contention_vs-pthread.yml	0	0	0	0	0	0	0	0	1
after	tso	r03	48_ticket_lock_low_contention_vs.yml	0	0	0	0	0	0	0	0	1
after	tso	r03	butterfly.yml	0	7865284351	11032	60	304114	44028054	0	0	1
after	tso	r03	circular_buffer_bad.yml	0	1069518	30456	85	14	18669	0	0	1
after	tso	r03	circular_buffer_ok.yml	0	1967874905	163992	232	6864	28061574	0	0	1
after	tso	r03	dekker-unfair.yml	0	230288	5928	31	14	937	0	0	1
after	tso	r03	dekker.yml	0	231921	5928	31	14	937	0	0	1
after	tso	r03	exponential-nondet.yml	0	0	0	0	0	0	0	0	1
after	tso	r03	fib_safe-5.yml	0	3883791642	171736	243	6884	50861919	0	0	1
after	tso	r03	fib_safe-6.yml	0	22033040741	248008	281	29036	288430537	0	0	1
after	tso	r03	fib_unsafe-5.yml	0	6732615322	171736	243	1880	13786133	0	0	1
after	tso	r03	fib_unsafe-6.yml	0	5917993676	248008	281	8244	81433459	0	0	1
after	tso	r03	fib_unsafe-7.yml	0	33406862389	281448	319	35572	455400086	0	0	1
after	tso	r03	lazy01.yml	0	115216	5048	26	6	497	0	0	1
after	tso	r03	pthread-demo-datarace-3.yml	0	39197020	231288	262	80	1076839	0	0	1
after	tso	r03	queue.yml	0	13175481	142168	201	40	322450	0	0	1
after	tso	r03	queue_longer.yml	0	0	0	0	0	0	0	0	0
after	tso	r03	queue_ok.yml	0	2688434	161880	229	4	46024	0	0	1
after	tso	r03	queue_ok_longer.yml	19282629	980945416	13851760	4029	4	15503664	0	0	1
after	tso	r03	queue_ok_longest.yml	31354891	4533166188	54452288	8029	4	61735070	0	4	1
after	tso	r03	race-1_1-join.yml	0	0	0	0	0	0	0	0	1
after	tso	r03	race-1_2-join.yml	0	42979	4520	23	2	189	0	0	1
after	tso	r03	race-1_3-join.yml	0	43802	4520	23	2	189	0	0	1
after	tso	r03	race-2_1-container_of.yml	0	0	0	0	0	0	0	0	1
after	tso	r03	race-3_1-container_of-global.yml	0	0	0	0	0	0	0	0	1
after	tso	r03	race-4_1-thread_local_vars.yml	0	0	0	0	0	0	0	0	1
after	tso	r03	reorder_2.yml	0	26237600	29400	82	432	328668	0	0	1
after	tso	r03	singleton.yml	0	183453	8040	43	8	1001	0	0	1
after	tso	r03	singleton_with-uninit-problems.yml	0	281943	8216	44	12	1722	0	0	1
after	tso	r03	stateful01-1.yml	0	104816	5928	31	4	625	0	0	1
after	tso	r03	stateful01-2.yml	0	374765	6104	32	12	2074	0	0	1
after	tso	r03	szymanski.yml	0	774559	5576	29	62	2270	0	0	1
after	tso	r03	time_var_mutex.yml	0	91682	5400	28	4	524	0	0	1
after	tso	r03	triangular-1.yml	0	2321895833	24472	68	43036	35610116	0	0	1
after	tso	r03	triangular-2.yml	0	519602708	24472	68	10316	8402826	0	0	1
after	tso	r03	twostage_3.yml	0	2272742	35736	100	30	29858	0	0	1
after	tso	r03	unwind2-1.yml	0	0	0	0	0	0	0	0	1
after	tso	r03	unwind2-100.yml	0	0	0	0	0	0	0	0	1
after	tso	r03	unwind3-1.yml	0	37737	3640	18	2	118	0	0	1
after	tso	r04	01b_inc.yml	0	0	0	0	0	0	0	0	1
after	tso	r04	02_inc_cas.yml	0	0	0	0	0	0	0	0	1
after	tso	r04	13-privatized_01-priv_nr_true.yml	0	72186	3288	16	4	252	0	0	1
after	tso	r04	13-privatized_18-first-reads_true.yml	0	81660	2584	12	4	112	0	0	1
after	tso	r04	13-privatized_18-first-reads_unknown_1_neg.yml	0	44775	1880	8	2	31	0	0	1
after	tso	r04	13-privatized_18-first-reads_unknown_2_pos.yml	0	37385	1880	8	2	31	0	0	1
after	tso	r04	13-privatized_19-publish-precision_true.yml	0	126826	3640	18	8	401	0	0	1
after	tso	r04	13-privatized_19-publish-precision_unknown_1_neg.yml	0	0	0	0	0	0	0	0	1
after	tso	r04	13-privatized_19-publish-precision_unknown_1_pos.yml	0	36948	2760	13	2	50	0	0	1
after	tso	r04	13-privatized_19-publish-precision_unknown_2_neg.yml	0	43841	2760	13	2	50	0	0	1
after	tso	r04	13-privatized_19-publish-precision_unknown_2_pos.yml	0	0	0	0	0	0	0	0	1
after	tso	r04	13-privatized_20-publish-regression_true.yml	0	64197	2584	12	4	112	0	0	1
after	tso	r04	13-privatized_24-multiple-protecting_true.yml	0	824572	9624	52	24	8593	0	0	1
after	tso	r04	13-privatized_25-struct_nr_true.yml	0	70436	3288	16	4	252	0	0	1
after	tso	r04	13-privatized_27-multiple-protecting2_true.yml	0	2643578	11208	61	72	25988	0	0	1
after	tso	r04	13-privatized_29-multiple-protecting2-vesal_true.yml	0	233084	5928	31	12	988	0	0	1
after	tso	r04	13-privatized_30-traces-oplus-vs-meet_true.yml	0	130276	4168	21	8	346	0	0	1
after	tso	r04	13-privatized_31-traces-mine-vs-mutex_true.yml	0	234021	4872	25	12	646	0	0	1
after	tso	r04	13-privatized_32-traces-mine-vs-oplus-vs-meet_true.yml	0	243990	5752	30	12	783	0	0	1
after	tso	r04	13-privatized_33-traces-v-matters_true.yml	0	104510	3816	19	6	286	0	0	1
after	tso	r04	13-privatized_34-traces-minepp-L-needs-to-be-um_true.yml	0	77452	2936	14	4	119	0	0	1
after	tso	r04	13-privatized_35-traces-ex-2_true.yml	0	136999	3992	20	8	279	0	0	1
after	tso	r04	13-privatized_36-traces-ex-3_true.yml	0	117338	3640	18	8	268	0	0	1
after	tso	r04	13-privatized_37-traces-ex-4_true.yml	0	67452	3112	15	4	159	0	0	1
after	tso	r04	13-privatized_38-traces-ex-4-switch_true.yml	0	391187	3992	20	8	279	0	0	1
after	tso	r04	13-privatized_40-traces-ex-6_true.yml	0	68149	2936	14	4	119	0	0	1
after	tso	r04	13-privatized_41-traces-ex-7_unknown_1_neg.yml	0	0	0	0	0	0	0	0	1
after	tso	r04	13-privatized_41-traces-ex-7_unknown_1_pos.yml	0	44015	2760	13	2	54	0	0	1
after	tso	r04	13-privatized_42-traces-ex-mini_true.yml	0	76310	3816	19	4	255	0	0	1
after	tso	r04	13-privatized_44-traces-mine2_true.yml	0	43820	2760	13	2	46	0	0	1
after	tso	r04	13-privatized_45-traces-per-global-and-current-lock-mine-incomparable_true.yml	0	1505367	3992	20	6	357	0	0	1
after	tso	r04	13-privatized_46-refine-protected1_true.yml	0	0	0	0	0	0	0	0	1
after	tso	r04	13-privatized_47-refine-protected2_true.yml	0	70275	2584	12	4	101	0	0	1
after	tso	r04	13-privatized_57-singlethreaded-unlock_true.yml	0	0	0	0	0	0	0	0	1
after	tso	r04	13-privatized_58-singlethreaded-lock_true.yml	0	0	0	0	0	0	0	0	1
after	tso	r04	13-privatized_66-mine-W-init_true.yml	0	0	0	0	0	0	0	0	1
after	tso	r04	13-privatized_68-pfscan_protected_loop_minimal_interval_true.yml	0	0	0	0	0	0	0	0	1
after	tso	r04	13-privatized_69-refine-protected-loop-interval_true.yml	0	0	0	0	0	0	0	0	1
after	tso	r04	14_spin2003.yml	0	0	0	0	0	0	0	0	1
after	tso	r04	28-race_reach_01-simple_racing.yml	0	0	0	0	0	0	0	0	0
after	tso	r04	28-race_reach_06-cond_racing1.yml	0	0	0	0	0	0	0	0	0
after	tso	r04	28-race_reach_11-ptr_racing.yml	0	0	0	0	0	0	0	0	0
after	tso	r04	28-race_reach_21-deref_read_racing.yml	0	0	0	0	0	0	0	0	1
after	tso	r04	28-race_reach_24-sound_lock_racing.yml	0	0	0	0	0	0	0	0	0
after	tso	r04	28-race_reach_37-indirect_racing.yml	0	0	0	0	0	0	0	0	0
after	tso	r04	28-race_reach_45-escape_racing.yml	0	34669	3816	19	2	106	0	0	1
after	tso	r04	28-race_reach_46-escape_racefree.yml	0	66306	3464	17	4	191	0	0	1
after	tso	r04	29_conditionals_vs.yml	0	0	0	0	0	0	0	0	1
after	tso	r04	36-apron_11-traces-max-simple_true.yml	0	57270	2584	12	4	101	0	0	1
after	tso	r04	36-apron_16-traces-unprot2_true.yml	0	0	0	0	0	0	0	0	1
after	tso	r04	36-apron_17-traces-rpb-litmus_unknown_1_neg.yml	0	0	0	0	0	0	0	0	1
after	tso	r04	36-apron_21-traces-cluster-based_true.yml	0	599649	6632	35	26	2014	0	0	1
after	tso	r04	36-apron_22-traces-write-centered-vs-meet-mutex_true_no-overflow.yml	0	0	0	0	0	0	0	0	1
after	tso	r04	36-apron_41-threadenter-no-locals_unknown_1_pos.yml	0	0	0	0	0	0	0	0	1
after	tso	r04	43_NetBSD_sysmon_power_sliced.yml	0	0	0	0	0	0	0	0	1
after	tso	r04	45_monabsex1_vs.yml	0	0	0	0	0	0	0	0	1
after	tso	r04	46_monabsex2_vs.yml	0	0	0	0	0	0	0	0	1
after	tso	r04	48_ticket_lock_low_contention_vs-pthread.yml	0	0	0	0	0	0	0	0	1
after	tso	r04	48_ticket_lock_low_contention_vs.yml	0	0	0	0	0	0	0	0	1
after	tso	r04	butterfly.yml	0	7900318529	11032	60	304114	44028054	0	0	1
after	tso	r04	circular_buffer_bad.yml	0	1089065	30456	85	14	18669	0	0	1
after	tso	r04	circular_buffer_ok.yml	0	2629996507	163992	232	6864	28061574	0	0	1
after	tso	r04	dekker-unfair.yml	0	232748	5928	31	14	937	0	0	1
after	tso	r04	dekker.yml	0	11972302	5928	31	14	937	0	0	1
after	tso	r04	exponential-nondet.yml	0	0	0	0	0	0	0	0	1
after	tso	r04	fib_safe-5.yml	0	13751817169	171736	243	6884	50861919	0	0	1
after	tso	r04	fib_safe-6.yml	0	28440381015	248008	281	29036	288430537	0	0	1
after	tso	r04	fib_unsafe-5.yml	0	1593297032	171736	243	1880	13786133	0	0	1
after	tso	r04	fib_unsafe-6.yml	0	6989948944	248008	281	8244	81433459	0	0	1
after	tso	r04	fib_unsafe-7.yml	0	33314649890	281448	319	35572	455400086	0	0	1
after	tso	r04	lazy01.yml	0	114373	5048	26	6	497	0	0	1
after	tso	r04	pthread-demo-datarace-3.yml	0	46866884	231288	262	80	1076839	0	0	1
after	tso	r04	queue.yml	0	13096614	142168	201	40	322450	0	0	1
after	tso	r04	queue_longer.yml	0	0	0	0	0	0	0	0	0
after	tso	r04	queue_ok.yml	0	2699478	161880	229	4	46024	0	0	1
after	tso	r04	queue_ok_longer.yml	12124135	919082010	13851760	4029	4	15503664	0	0	1
after	tso	r04	queue_ok_longest.yml	49019793	4351759342	54452288	8029	4	61735070	0	4	1
after	tso	r04	race-1_1-join.yml	0	0	0	0	0	0	0	0	1
after	tso	r04	race-1_2-join.yml	0	45383	4520	23	2	189	0	0	1
after	tso	r04	race-1_3-join.yml	0	44733	4520	23	2	189	0	0	1
after	tso	r04	race-2_1-container_of.yml	0	0	0	0	0	0	0	0	1
after	tso	r04	race-3_1-container_of-global.yml	0	0	0	0	0	0	0	0	1
after	tso	r04	race-4_1-thread_local_vars.yml	0	0	0	0	0	0	0	0	1
after	tso	r04	reorder_2.yml	0	25642241	29400	82	432	328668	0	0	1
after	tso	r04	singleton.yml	0	194019	8040	43	8	1001	0	0	1
after	tso	r04	singleton_with-uninit-problems.yml	0	292816	8216	44	12	1722	0	0	1
after	tso	r04	stateful01-1.yml	0	104874	5928	31	4	625	0	0	1
after	tso	r04	stateful01-2.yml	0	313243	6104	32	12	2074	0	0	1
after	tso	r04	szymanski.yml	0	775398	5576	29	62	2270	0	0	1
after	tso	r04	time_var_mutex.yml	0	100212	5400	28	4	524	0	0	1
after	tso	r04	triangular-1.yml	0	2558775551	24472	68	43036	35610116	0	0	1
after	tso	r04	triangular-2.yml	0	528821097	24472	68	10316	8402826	0	0	1
after	tso	r04	twostage_3.yml	0	2309643	35736	100	30	29858	0	0	1
after	tso	r04	unwind2-1.yml	0	0	0	0	0	0	0	0	1
after	tso	r04	unwind2-100.yml	0	0	0	0	0	0	0	0	1
after	tso	r04	unwind3-1.yml	0	39153	3640	18	2	118	0	0	1
before	pso	r01	01b_inc.yml	0	146346	4184	21	10	428	326	0	1
before	pso	r01	02_inc_cas.yml	0	0	0	0	0	0	0	0	1
before	pso	r01	13-privatized_01-priv_nr_true.yml	0	282334	4360	22	20	896	696	0	1
before	pso	r01	13-privatized_18-first-reads_true.yml	0	297521	3304	16	20	420	363	0	1
before	pso	r01	13-privatized_18-first-reads_unknown_1_neg.yml	0	29784	1896	8	2	27	21	0	1
before	pso	r01	13-privatized_18-first-reads_unknown_2_pos.yml	0	32556	1896	8	2	27	21	0	1
before	pso	r01	13-privatized_19-publish-precision_true.yml	0	1000574	4536	23	66	2735	2225	0	1
before	pso	r01	13-privatized_19-publish-precision_unknown_1_neg.yml	0	0	0	0	0	0	0	0	1
before	pso	r01	13-privatized_19-publish-precision_unknown_1_pos.yml	0	37533	2776	13	2	43	35	0	1
before	pso	r01	13-privatized_19-publish-precision_unknown_2_neg.yml	0	47183	2776	13	2	43	35	0	1
before	pso	r01	13-privatized_19-publish-precision_unknown_2_pos.yml	0	0	0	0	0	0	0	0	1
before	pso	r01	13-privatized_20-publish-regression_true.yml	0	444451	4712	24	36	1484	1197	0	1
before	pso	r01	13-privatized_24-multiple-protecting_true.yml	0	22229812	10520	57	852	109463	82703	0	1
before	pso	r01	13-privatized_25-struct_nr_true.yml	0	284608	4360	22	20	896	696	0	1
before	pso	r01	13-privatized_27-multiple-protecting2_true.yml	0	74375614	11224	61	3092	358521	274278	0	1
before	pso	r01	13-privatized_29-multiple-protecting2-vesal_true.yml	0	2279789	6824	36	176	8032	6368	0	1
before	pso	r01	13-privatized_30-traces-oplus-vs-meet_true.yml	0	940514	5064	26	60	2516	2089	0	1
before	pso	r01	13-privatized_31-traces-mine-vs-mutex_true.yml	0	2592705	5768	30	168	7121	5648	0	1
before	pso	r01	13-privatized_32-traces-mine-vs-oplus-vs-meet_true.yml	0	2561604	6824	36	152	7396	5847	0	1
before	pso	r01	13-privatized_33-traces-v-matters_true.yml	0	280507	5240	27	20	466	391	0	1
before	pso	r01	13-privatized_34-traces-minepp-L-needs-to-be-um_true.yml	0	422156	5416	28	24	707	577	0	1
before	pso	r01	13-privatized_35-traces-ex-2_true.yml	0	681465	4888	25	60	1846	1481	0	1
before	pso	r01	13-privatized_36-traces-ex-3_true.yml	0	736263	4360	22	54	1168	943	0	1
before	pso	r01	13-privatized_37-traces-ex-4_true.yml	0	807050	4888	25	56	1685	1353	0	1
before	pso	r01	13-privatized_38-traces-ex-4-switch_true.yml	0	928109	4888	25	60	1818	1453	0	1
before	pso	r01	13-privatized_40-traces-ex-6_true.yml	0	262034	4184	21	16	264	222	0	1
before	pso	r01	13-privatized_41-traces-ex-7_unknown_1_neg.yml	0	0	0	0	0	0	0	0	1
before	pso	r01	13-privatized_41-traces-ex-7_unknown_1_pos.yml	0	46059	2776	13	2	44	36	0	1
before	pso	r01	13-privatized_42-traces-ex-mini_true.yml	0	615285	5064	26	40	1079	843	0	1
before	pso	r01	13-privatized_44-traces-mine2_true.yml	0	113620	4184	21	6	108	92	0	1
before	pso	r01	13-privatized_45-traces-per-global-and-current-lock-mine-incomparable_true.yml	0	884421	4888	25	58	1776	1345	0	1
before	pso	r01	13-privatized_46-refine-protected1_true.yml	0	101493	2952	14	8	176	117	0	1
before	pso	r01	13-privatized_47-refine-protected2_true.yml	0	272200	3128	15	20	289	239	0	1
before	pso	r01	13-privatized_57-singlethreaded-unlock_true.yml	0	36332	1544	6	2	13	9	0	1
before	pso	r01	13-privatized_58-singlethreaded-lock_true.yml	0	35837	1544	6	2	13	9	0	1
before	pso	r01	13-privatized_66-mine-W-init_true.yml	0	0	0	0	0	0	0	0	1
before	pso	r01	13-privatized_68-pfscan_protected_loop_minimal_interval_true.yml	0	34331	2248	10	2	13	13	0	1
before	pso	r01	13-privatized_69-refine-protected-loop-interval_true.yml	0	33928	2248	10	2	13	13	0	1
before	pso	r01	14_spin2003.yml	0	25978	2600	12	2	20	16	0	1
before	pso	r01	28-race_reach_01-simple_racing.yml	0	0	0	0	0	0	0	0	0
before	pso	r01	28-race_reach_06-cond_racing1.yml	0	0	0	0	0	0	0	0	0
before	pso	r01	28-race_reach_11-ptr_racing.yml	0	0	0	0	0	0	0	0	0
before	pso	r01	28-race_reach_21-deref_read_racing.yml	0	0	0	0	0	0	0	0	1
before	pso	r01	28-race_reach_24-sound_lock_racing.yml	0	0	0	0	0	0	0	0	0
before	pso	r01	28-race_reach_37-indirect_racing.yml	0	0	0	0	0	0	0	0	0
before	pso	r01	28-race_reach_45-escape_racing.yml	0	35543	3832	19	2	78	63	0	1
before	pso	r01	28-race_reach_46-escape_racefree.yml	0	689120	5592	29	56	2166	1718	0	1
before	pso	r01	29_conditionals_vs.yml	0	0	0	0	0	0	0	0	1
before	pso	r01	36-apron_11-traces-max-simple_true.yml	0	272621	3304	16	20	303	253	0	1
before	pso	r01	36-apron_16-traces-unprot2_true.yml	0	0	0	0	0	0	0	0	1
before	pso	r01	36-apron_17-traces-rpb-litmus_unknown_1_neg.yml	0	0	0	0	0	0	0	0	1
before	pso	r01	36-apron_21-traces-cluster-based_true.yml	0	2922307	6648	35	172	5641	4874	0	1
before	pso	r01	36-apron_22-traces-write-centered-vs-meet-mutex_true_no-overflow.yml	0	0	0	0	0	0	0	0	1
before	pso	r01	36-apron_41-threadenter-no-locals_unknown_1_pos.yml	0	0	0	0	0	0	0	0	1
before	pso	r01	43_NetBSD_sysmon_power_sliced.yml	0	0	0	0	0	0	0	0	1
before	pso	r01	45_monabsex1_vs.yml	0	106170	3304	16	8	210	144	0	1
before	pso	r01	46_monabsex2_vs.yml	0	226390	4184	21	18	831	558	0	1
before	pso	r01	48_ticket_lock_low_contention_vs-pthread.yml	0	35709	2600	12	2	20	16	0	1
before	pso	r01	48_ticket_lock_low_contention_vs.yml	0	183406	4888	25	8	428	345	0	1
before	pso	r01	butterfly.yml	0	15099717734	11224	61	694890	64655580	63118065	0	1
before	pso	r01	circular_buffer_bad.yml	0	14277237	31880	89	476	123721	90056	0	1
before	pso	r01	circular_buffer_ok.yml	0	0	0	0	0	0	0	0	0
before	pso	r01	dekker-unfair.yml	0	1128075	6648	35	74	4327	4033	0	1
before	pso	r01	dekker.yml	0	1056161	6648	35	70	4168	3884	0	1
before	pso	r01	exponential-nondet.yml	0	0	0	0	0	0	0	0	1
before	pso	r01	fib_safe-5.yml	0	0	0	0	0	0	0	0	0
before	pso	r01	fib_safe-6.yml	0	0	0	0	0	0	0	0	0
before	pso	r01	fib_unsafe-5.yml	0	11206709193	171752	243	96526	59081568	48653991	0	1
before	pso	r01	fib_unsafe-6.yml	0	0	0	0	0	0	0	0	0
before	pso	r01	fib_unsafe-7.yml	0	0	0	0	0	0	0	0	0
before	pso	r01	lazy01.yml	0	445456	5592	29	36	1292	1083	0	1
before	pso	r01	pthread-demo-datarace-3.yml	0	43408780	231304	262	80	930799	667018	0	1
before	pso	r01	queue.yml	0	653477643	145000	205	5918	8338574	5756739	0	1
before	pso	r01	queue_longer.yml	0	0	0	0	0	0	0	0	0
before	pso	r01	queue_ok.yml	0	10840312	534328	433	34	139619	112697	0	1
before	pso	r01	queue_ok_longer.yml	116973711	3843404305	44133960	8033	34	50040459	40080337	0	1
before	pso	r01	queue_ok_longest.yml	563278661	15241266402	174022760	16033	34	199599659	159839537	0	1
before	pso	r01	race-1_1-join.yml	0	71304	3304	16	6	62	49	0	1
before	pso	r01	race-1_2-join.yml	0	316992	5416	28	26	955	695	0	1
before	pso	r01	race-1_3-join.yml	0	344000	5416	28	26	955	695	0	1
before	pso	r01	race-2_1-container_of.yml	0	0	0	0	0	0	0	0	1
before	pso	r01	race-3_1-container_of-global.yml	0	0	0	0	0	0	0	0	1
before	pso	r01	race-4_1-thread_local_vars.yml	0	0	0	0	0	0	0	0	1
before	pso	r01	reorder_2.yml	0	368017524	29416	82	12692	2734116	2568326	0	1
before	pso	r01	singleton.yml	0	683553	8760	47	40	2993	2795	0	1
before	pso	r01	singleton_with-uninit-problems.yml	0	2111598	8936	48	130	10309	9591	0	1
before	pso	r01	stateful01-1.yml	0	439566	6824	36	20	1173	950	0	1
before	pso	r01	stateful01-2.yml	0	7977693	6824	36	246	13660	10628	0	1
before	pso	r01	szymanski.yml	0	8809704	5944	31	756	28914	23908	0	1
before	pso	r01	time_var_mutex.yml	0	764415	6296	33	44	2459	2195	0	1
before	pso	r01	triangular-1.yml	0	0	0	0	0	0	0	0	0
before	pso	r01	triangular-2.yml	0	11529030256	24488	68	493952	72496725	61348503	0	1
before	pso	r01	twostage_3.yml	0	6933290	36104	101	138	57584	53706	0	1
before	pso	r01	unwind2-1.yml	0	77405	3656	18	6	108	95	0	1
before	pso	r01	unwind2-100.yml	0	74145	3656	18	6	108	95	0	1
before	pso	r01	unwind3-1.yml	0	82364	3656	18	6	192	168	0	1
before	pso	r02	01b_inc.yml	0	185603	4184	21	10	428	326	0	1
before	pso	r02	02_inc_cas.yml	0	0	0	0	0	0	0	0	1
before	pso	r02	13-privatized_01-priv_nr_true.yml	0	372156	4360	22	20	896	696	0	1
before	pso	r02	13-privatized_18-first-reads_true.yml	0	235173	3304	16	20	420	363	0	1
before	pso	r02	13-privatized_18-first-reads_unknown_1_neg.yml	0	42795	1896	8	2	27	21	0	1
before	pso	r02	13-privatized_18-first-reads_unknown_2_pos.yml	0	28713	1896	8	2	27	21	0	1
before	pso	r02	13-privatized_19-publish-precision_true.yml	0	1003765	4536	23	66	2735	2225	0	1
before	pso	r02	13-privatized_19-publish-precision_unknown_1_neg.yml	0	0	0	0	0	0	0	0	1
before	pso	r02	13-privatized_19-publish-precision_unknown_1_pos.yml	0	40283	2776	13	2	43	35	0	1
before	pso	r02	13-privatized_19-publish-precision_unknown_2_neg.yml	0	46648	2776	13	2	43	35	0	1
before	pso	r02	13-privatized_19-publish-precision_unknown_2_pos.yml	0	0	0	0	0	0	0	0	1
before	pso	r02	13-privatized_20-publish-regression_true.yml	0	590193	4712	24	36	1484	1197	0	1
before	pso	r02	13-privatized_24-multiple-protecting_true.yml	0	22101137	10520	57	852	109463	82703	0	1
before	pso	r02	13-privatized_25-struct_nr_true.yml	0	373410	4360	22	20	896	696	0	1
before	pso	r02	13-privatized_27-multiple-protecting2_true.yml	0	78030700	11224	61	3092	358521	274278	0	1
before	pso	r02	13-privatized_29-multiple-protecting2-vesal_true.yml	0	2867634	6824	36	176	8032	6368	0	1
before	pso	r02	13-privatized_30-traces-oplus-vs-meet_true.yml	0	1008300	5064	26	60	2516	2089	0	1
before	pso	r02	13-privatized_31-traces-mine-vs-mutex_true.yml	0	2607144	5768	30	168	7121	5648	0	1
before	pso	r02	13-privatized_32-traces-mine-vs-oplus-vs-meet_true.yml	0	2039014	6824	36	152	7396	5847	0	1
before	pso	r02	13-privatized_33-traces-v-matters_true.yml	0	293489	5240	27	20	466	391	0	1
before	pso	r02	13-privatized_34-traces-minepp-L-needs-to-be-um_true.yml	0	310670	5416	28	24	707	577	0	1
before	pso	r02	13-privatized_35-traces-ex-2_true.yml	0	901173	4888	25	60	1846	1481	0	1
before	pso	r02	13-privatized_36-traces-ex-3_true.yml	0	742625	4360	22	54	1168	943	0	1
before	pso	r02	13-privatized_37-traces-ex-4_true.yml	0	827329	4888	25	56	1685	1353	0	1
before	pso	r02	13-privatized_38-traces-ex-4-switch_true.yml	0	662091	4888	25	60	1818	1453	0	1
before	pso	r02	13-privatized_40-traces-ex-6_true.yml	0	257625	4184	21	16	264	222	0	1
before	pso	r02	13-privatized_41-traces-ex-7_unknown_1_neg.yml	0	0	0	0	0	0	0	0	1
before	pso	r02	13-privatized_41-traces-ex-7_unknown_1_pos.yml	0	38265	2776	13	2	44	36	0	1
before	pso	r02	13-privatized_42-traces-ex-mini_true.yml	0	542305	5064	26	40	1079	843	0	1
before	pso	r02	13-privatized_44-traces-mine2_true.yml	0	114835	4184	21	6	108	92	0	1
before	pso	r02	13-privatized_45-traces-per-global-and-current-lock-mine-incomparable_true.yml	0	1115922	4888	25	58	1776	1345	0	1
before	pso	r02	13-privatized_46-refine-protected1_true.yml	0	130010	2952	14	8	176	117	0	1
before	pso	r02	13-privatized_47-refine-protected2_true.yml	0	220407	3128	15	20	289	239	0	1
before	pso	r02	13-privatized_57-singlethreaded-unlock_true.yml	0	49320	1544	6	2	13	9	0	1
before	pso	r02	13-privatized_58-singlethreaded-lock_true.yml	0	42723	1544	6	2	13	9	0	1
before	pso	r02	13-privatized_66-mine-W-init_true.yml	0	0	0	0	0	0	0	0	1
before	pso	r02	13-privatized_68-pfscan_protected_loop_minimal_interval_true.yml	0	43063	2248	10	2	13	13	0	1
before	pso	r02	13-privatized_69-refine-protected-loop-interval_true.yml	0	67231	2248	10	2	13	13	0	1
before	pso	r02	14_spin2003.yml	0	32837	2600	12	2	20	16	0	1
before	pso	r02	28-race_reach_01-simple_racing.yml	0	0	0	0	0	0	0	0	0
before	pso	r02	28-race_reach_06-cond_racing1.yml	0	0	0	0	0	0	0	0	0
before	pso	r02	28-race_reach_11-ptr_racing.yml	0	0	0	0	0	0	0	0	0
before	pso	r02	28-race_reach_21-deref_read_racing.yml	0	0	0	0	0	0	0	0	1
before	pso	r02	28-race_reach_24-sound_lock_racing.yml	0	0	0	0	0	0	0	0	0
before	pso	r02	28-race_reach_37-indirect_racing.yml	0	0	0	0	0	0	0	0	0
before	pso	r02	28-race_reach_45-escape_racing.yml	0	50631	3832	19	2	78	63	0	1
before	pso	r02	28-race_reach_46-escape_racefree.yml	0	858789	5592	29	56	2166	1718	0	1
before	pso	r02	29_conditionals_vs.yml	0	0	0	0	0	0	0	0	1
before	pso	r02	36-apron_11-traces-max-simple_true.yml	0	281655	3304	16	20	303	253	0	1
before	pso	r02	36-apron_16-traces-unprot2_true.yml	0	0	0	0	0	0	0	0	1
before	pso	r02	36-apron_17-traces-rpb-litmus_unknown_1_neg.yml	0	0	0	0	0	0	0	0	1
before	pso	r02	36-apron_21-traces-cluster-based_true.yml	0	2270350	6648	35	172	5641	4874	0	1
before	pso	r02	36-apron_22-traces-write-centered-vs-meet-mutex_true_no-overflow.yml	0	0	0	0	0	0	0	0	1
before	pso	r02	36-apron_41-threadenter-no-locals_unknown_1_pos.yml	0	0	0	0	0	0	0	0	1
before	pso	r02	43_NetBSD_sysmon_power_sliced.yml	0	0	0	0	0	0	0	0	1
before	pso	r02	45_monabsex1_vs.yml	0	139076	3304	16	8	210	144	0	1
before	pso	r02	46_monabsex2_vs.yml	0	277776	4184	21	18	831	558	0	1
before	pso	r02	48_ticket_lock_low_contention_vs-pthread.yml	0	38268	2600	12	2	20	16	0	1
before	pso	r02	48_ticket_lock_low_contention_vs.yml	0	162973	4888	25	8	428	345	0	1
before	pso	r02	butterfly.yml	0	14929045234	11224	61	694890	64655580	63118065	0	1
before	pso	r02	circular_buffer_bad.yml	0	18088373	31880	89	476	123721	90056	0	1
before	pso	r02	circular_buffer_ok.yml	0	0	0	0	0	0	0	0	0
before	pso	r02	dekker-unfair.yml	0	1120646	6648	35	74	4327	4033	0	1
before	pso	r02	dekker.yml	0	1088629	6648	35	70	4168	3884	0	1
before	pso	r02	exponential-nondet.yml	0	0	0	0	0	0	0	0	1
before	pso	r02	fib_safe-5.yml	0	0	0	0	0	0	0	0	0
before	pso	r02	fib_safe-6.yml	0	0	0	0	0	0	0	0	0
before	pso	r02	fib_unsafe-5.yml	0	10624669455	171752	243	96526	59081568	48653991	0	1
before	pso	r02	fib_unsafe-6.yml	0	0	0	0	0	0	0	0	0
before	pso	r02	fib_unsafe-7.yml	0	0	0	0	0	0	0	0	0
before	pso	r02	lazy01.yml	0	446683	5592	29	36	1292	1083	0	1
before	pso	r02	pthread-demo-datarace-3.yml	0	41812169	231304	262	80	930799	667018	0	1
before	pso	r02	queue.yml	0	649875978	145000	205	5918	8338574	5756739	0	1
before	pso	r02	queue_longer.yml	0	0	0	0	0	0	0	0	0
before	pso	r02	queue_ok.yml	0	10677490	534328	433	34	139619	112697	0	1
before	pso	r02	queue_ok_longer.yml	99447488	3634789309	44133960	8033	34	50040459	40080337	0	1
before	pso	r02	queue_ok_longest.yml	501792405	15471118463	174022760	16033	34	199599659	159839537	0	1
before	pso	r02	race-1_1-join.yml	0	67987	3304	16	6	62	49	0	1
before	pso	r02	race-1_2-join.yml	0	333750	5416	28	26	955	695	0	1
before	pso	r02	race-1_3-join.yml	0	324011	5416	28	26	955	695	0	1
before	pso	r02	race-2_1-container_of.yml	0	0	0	0	0	0	0	0	1
before	pso	r02	race-3_1-container_of-global.yml	0	0	0	0	0	0	0	0	1
before	pso	r02	race-4_1-thread_local_vars.yml	0	0	0	0	0	0	0	0	1
before	pso	r02	reorder_2.yml	0	352886913	29416	82	12692	2734116	2568326	0	1
before	pso	r02	singleton.yml	0	682867	8760	47	40	2993	2795	0	1
before	pso	r02	singleton_with-uninit-problems.yml	0	2157477	8936	48	130	10309	9591	0	1
before	pso	r02	stateful01-1.yml	0	346526	6824	36	20	1173	950	0	1
before	pso	r02	stateful01-2.yml	0	3946269	6824	36	246	13660	10628	0	1
before	pso	r02	szymanski.yml	0	9002551	5944	31	756	28914	23908	0	1
before	pso	r02	time_var_mutex.yml	0	627340	6296	33	44	2459	2195	0	1
before	pso	r02	triangular-1.yml	0	0	0	0	0	0	0	0	0
before	pso	r02	triangular-2.yml	0	10701952544	24488	68	493952	72496725	61348503	0	1
before	pso	r02	twostage_3.yml	0	6650345	36104	101	138	57584	53706	0	1
before	pso	r02	unwind2-1.yml	0	71747	3656	18	6	108	95	0	1
before	pso	r02	unwind2-100.yml	0	91589	3656	18	6	108	95	0	1
before	pso	r02	unwind3-1.yml	0	79047	3656	18	6	192	168	0	1
before	pso	r03	01b_inc.yml	0	159084	4184	21	10	428	326	0	1
before	pso	r03	02_inc_cas.yml	0	0	0	0	0	0	0	0	1
before	pso	r03	13-privatized_01-priv_nr_true.yml	0	272162	4360	22	20	896	696	0	1
before	pso	r03	13-privatized_18-first-reads_true.yml	0	220397	3304	16	20	420	363	0	1
before	pso	r03	13-privatized_18-first-reads_unknown_1_neg.yml	0	33710	1896	8	2	27	21	0	1
before	pso	r03	13-privatized_18-first-reads_unknown_2_pos.yml	0	36163	1896	8	2	27	21	0	1
before	pso	r03	13-privatized_19-publish-precision_true.yml	0	748218	4536	23	66	2735	2225	0	1
before	pso	r03	13-privatized_19-publish-precision_unknown_1_neg.yml	0	0	0	0	0	0	0	0	1
before	pso	r03	13-privatized_19-publish-precision_unknown_1_pos.yml	0	39569	2776	13	2	43	35	0	1
before	pso	r03	13-privatized_19-publish-precision_unknown_2_neg.yml	0	42993	2776	13	2	43	35	0	1
before	pso	r03	13-privatized_19-publish-precision_unknown_2_pos.yml	0	0	0	0	0	0	0	0	1
before	pso	r03	13-privatized_20-publish-regression_true.yml	0	463622	4712	24	36	1484	1197	0	1
before	pso	r03	13-privatized_24-multiple-protecting_true.yml	0	22018717	10520	57	852	109463	82703	0	1
before	pso	r03	13-privatized_25-struct_nr_true.yml	0	354534	4360	22	20	896	696	0	1
before	pso	r03	13-privatized_27-multiple-protecting2_true.yml	0	56850859	11224	61	3092	358521	274278	0	1
before	pso	r03	13-privatized_29-multiple-protecting2-vesal_true.yml	0	2918607	6824	36	176	8032	6368	0	1
before	pso	r03	13-privatized_30-traces-oplus-vs-meet_true.yml	0	757766	5064	26	60	2516	2089	0	1
before	pso	r03	13-privatized_31-traces-mine-vs-mutex_true.yml	0	3064626	5768	30	168	7121	5648	0	1
before	pso	r03	13-privatized_32-traces-mine-vs-oplus-vs-meet_true.yml	0	2582058	6824	36	152	7396	5847	0	1
before	pso	r03	13-privatized_33-traces-v-matters_true.yml	0	348321	5240	27	20	466	391	0	1
before	pso	r03	13-privatized_34-traces-minepp-L-needs-to-be-um_true.yml	0	308027	5416	28	24	707	577	0	1
before	pso	r03	13-privatized_35-traces-ex-2_true.yml	0	654908	4888	25	60	1846	1481	0	1
before	pso	r03	13-privatized_36-traces-ex-3_true.yml	0	735441	4360	22	54	1168	943	0	1
before	pso	r03	13-privatized_37-traces-ex-4_true.yml	0	831310	4888	25	56	1685	1353	0	1
before	pso	r03	13-privatized_38-traces-ex-4-switch_true.yml	0	713344	4888	25	60	1818	1453	0	1
before	pso	r03	13-privatized_40-traces-ex-6_true.yml	0	246009	4184	21	16	264	222	0	1
before	pso	r03	13-privatized_41-traces-ex-7_unknown_1_neg.yml	0	0	0	0	0	0	0	0	1
before	pso	r03	13-privatized_41-traces-ex-7_unknown_1_pos.yml	0	36856	2776	13	2	44	36	0	1
before	pso	r03	13-privatized_42-traces-ex-mini_true.yml	0	497316	5064	26	40	1079	843	0	1
before	pso	r03	13-privatized_44-traces-mine2_true.yml	0	87348	4184	21	6	108	92	0	1
before	pso	r03	13-privatized_45-traces-per-global-and-current-lock-mine-incomparable_true.yml	0	720075	4888	25	58	1776	1345	0	1
before	pso	r03	13-privatized_46-refine-protected1_true.yml	0	122509	2952	14	8	176	117	0	1
before	pso	r03	13-privatized_47-refine-protected2_true.yml	0	272127	3128	15	20	289	239	0	1
before	pso	r03	13-privatized_57-singlethreaded-unlock_true.yml	0	34950	1544	6	2	13	9	0	1
before	pso	r03	13-privatized_58-singlethreaded-lock_true.yml	0	40955	1544	6	2	13	9	0	1
before	pso	r03	13-privatized_66-mine-W-init_true.yml	0	0	0	0	0	0	0	0	1
before	pso	r03	13-privatized_68-pfscan_protected_loop_minimal_interval_true.yml	0	41301	2248	10	2	13	13	0	1
before	pso	r03	13-privatized_69-refine-protected-loop-interval_true.yml	0	84357	2248	10	2	13	13	0	1
before	pso	r03	14_spin2003.yml	0	37595	2600	12	2	20	16	0	1
before	pso	r03	28-race_reach_01-simple_racing.yml	0	0	0	0	0	0	0	0	0
before	pso	r03	28-race_reach_06-cond_racing1.yml	0	0	0	0	0	0	0	0	0
before	pso	r03	28-race_reach_11-ptr_racing.yml	0	0	0	0	0	0	0	0	0
before	pso	r03	28-race_reach_21-deref_read_racing.yml	0	0	0	0	0	0	0	0	1
before	pso	r03	28-race_reach_24-sound_lock_racing.yml	0	0	0	0	0	0	0	0	0
before	pso	r03	28-race_reach_37-indirect_racing.yml	0	0	0	0	0	0	0	0	0
before	pso	r03	28-race_reach_45-escape_racing.yml	0	38027	3832	19	2	78	63	0	1
before	pso	r03	28-race_reach_46-escape_racefree.yml	0	916266	5592	29	56	2166	1718	0	1
before	pso	r03	29_conditionals_vs.yml	0	0	0	0	0	0	0	0	1
before	pso	r03	36-apron_11-traces-max-simple_true.yml	0	245881	3304	16	20	303	253	0	1
before	pso	r03	36-apron_16-traces-unprot2_true.yml	0	0	0	0	0	0	0	0	1
before	pso	r03	36-apron_17-traces-rpb-litmus_unknown_1_neg.yml	0	0	0	0	0	0	0	0	1
before	pso	r03	36-apron_21-traces-cluster-based_true.yml	0	2185386	6648	35	172	5641	4874	0	1
before	pso	r03	36-apron_22-traces-write-centered-vs-meet-mutex_true_no-overflow.yml	0	0	0	0	0	0	0	0	1
before	pso	r03	36-apron_41-threadenter-no-locals_unknown_1_pos.yml	0	0	0	0	0	0	0	0	1
before	pso	r03	43_NetBSD_sysmon_power_sliced.yml	0	0	0	0	0	0	0	0	1
before	pso	r03	45_monabsex1_vs.yml	0	94392	3304	16	8	210	144	0	1
before	pso	r03	46_monabsex2_vs.yml	0	283791	4184	21	18	831	558	0	1
before	pso	r03	48_ticket_lock_low_contention_vs-pthread.yml	0	43993	2600	12	2	20	16	0	1
before	pso	r03	48_ticket_lock_low_contention_vs.yml	0	163998	4888	25	8	428	345	0	1
before	pso	r03	butterfly.yml	0	15571481140	11224	61	694890	64655580	63118065	0	1
before	pso	r03	circular_buffer_bad.yml	0	14341733	31880	89	476	123721	90056	0	1
before	pso	r03	circular_buffer_ok.yml	0	0	0	0	0	0	0	0	0
before	pso	r03	dekker-unfair.yml	0	1133045	6648	35	74	4327	4033	0	1
before	pso	r03	dekker.yml	0	1096980	6648	35	70	4168	3884	0	1
before	pso	r03	exponential-nondet.yml	0	0	0	0	0	0	0	0	1
before	pso	r03	fib_safe-5.yml	0	0	0	0	0	0	0	0	0
before	pso	r03	fib_safe-6.yml	0	0	0	0	0	0	0	0	0
before	pso	r03	fib_unsafe-5.yml	0	10805195254	171752	243	96526	59081568	48653991	0	1
before	pso	r03	fib_unsafe-6.yml	0	0	0	0	0	0	0	0	0
before	pso	r03	fib_unsafe-7.yml	0	0	0	0	0	0	0	0	0
before	pso	r03	lazy01.yml	0	447993	5592	29	36	1292	1083	0	1
before	pso	r03	pthread-demo-datarace-3.yml	0	41717459	231304	262	80	930799	667018	0	1
before	pso	r03	queue.yml	0	644495181	145000	205	5918	8338574	5756739	0	1
before	pso	r03	queue_longer.yml	0	0	0	0	0	0	0	0	0
before	pso	r03	queue_ok.yml	0	14924813	534328	433	34	139619	112697	0	1
before	pso	r03	queue_ok_longer.yml	108588890	3629834194	44133960	8033	34	50040459	40080337	0	1
before	pso	r03	queue_ok_longest.yml	592055780	15341576614	174022760	16033	34	199599659	159839537	0	1
before	pso	r03	race-1_1-join.yml	0	73840	3304	16	6	62	49	0	1
before	pso	r03	race-1_2-join.yml	0	331377	5416	28	26	955	695	0	1
before	pso	r03	race-1_3-join.yml	0	318184	5416	28	26	955	695	0	1
before	pso	r03	race-2_1-container_of.yml	0	0	0	0	0	0	0	0	1
before	pso	r03	race-3_1-container_of-global.yml	0	0	0	0	0	0	0	0	1
before	pso	r03	race-4_1-thread_local_vars.yml	0	0	0	0	0	0	0	0	1
before	pso	r03	reorder_2.yml	0	364818957	29416	82	12692	2734116	2568326	0	1
before	pso	r03	singleton.yml	0	641754	8760	47	40	2993	2795	0	1
before	pso	r03	singleton_with-uninit-problems.yml	0	2154385	8936	48	130	10309	9591	0	1
before	pso	r03	stateful01-1.yml	0	433568	6824	36	20	1173	950	0	1
before	pso	r03	stateful01-2.yml	0	3129763	6824	36	246	13660	10628	0	1
before	pso	r03	szymanski.yml	0	8789969	5944	31	756	28914	23908	0	1
before	pso	r03	time_var_mutex.yml	0	792709	6296	33	44	2459	2195	0	1
before	pso	r03	triangular-1.yml	0	0	0	0	0	0	0	0	0
before	pso	r03	triangular-2.yml	0	10962310275	24488	68	493952	72496725	61348503	0	1
before	pso	r03	twostage_3.yml	0	7393232	36104	101	138	57584	53706	0	1
before	pso	r03	unwind2-1.yml	0	76044	3656	18	6	108	95	0	1
before	pso	r03	unwind2-100.yml	0	78881	3656	18	6	108	95	0	1
before	pso	r03	unwind3-1.yml	0	89176	3656	18	6	192	168	0	1
before	pso	r04	01b_inc.yml	0	189349	4184	21	10	428	326	0	1
before	pso	r04	02_inc_cas.yml	0	0	0	0	0	0	0	0	1
before	pso	r04	13-privatized_01-priv_nr_true.yml	0	351366	4360	22	20	896	696	0	1
before	pso	r04	13-privatized_18-first-reads_true.yml	0	301037	3304	16	20	420	363	0	1
before	pso	r04	13-privatized_18-first-reads_unknown_1_neg.yml	0	34952	1896	8	2	27	21	0	1
before	pso	r04	13-privatized_18-first-reads_unknown_2_pos.yml	0	41070	1896	8	2	27	21	0	1
before	pso	r04	13-privatized_19-publish-precision_true.yml	0	1018060	4536	23	66	2735	2225	0	1
before	pso	r04	13-privatized_19-publish-precision_unknown_1_neg.yml	0	0	0	0	0	0	0	0	1
before	pso	r04	13-privatized_19-publish-precision_unknown_1_pos.yml	0	43162	2776	13	2	43	35	0	1
before	pso	r04	13-privatized_19-publish-precision_unknown_2_neg.yml	0	40152	2776	13	2	43	35	0	1
before	pso	r04	13-privatized_19-publish-precision_unknown_2_pos.yml	0	0	0	0	0	0	0	0	1
before	pso	r04	13-privatized_20-publish-regression_true.yml	0	580833	4712	24	36	1484	1197	0	1
before	pso	r04	13-privatized_24-multiple-protecting_true.yml	0	22051786	10520	57	852	109463	82703	0	1
before	pso	r04	13-privatized_25-struct_nr_true.yml	0	357514	4360	22	20	896	696	0	1
before	pso	r04	13-privatized_27-multiple-protecting2_true.yml	0	74359107	11224	61	3092	358521	274278	0	1
before	pso	r04	13-privatized_29-multiple-protecting2-vesal_true.yml	0	2191658	6824	36	176	8032	6368	0	1
before	pso	r04	13-privatized_30-traces-oplus-vs-meet_true.yml	0	943365	5064	26	60	2516	2089	0	1
before	pso	r04	13-privatized_31-traces-mine-vs-mutex_true.yml	0	2471199	5768	30	168	7121	5648	0	1
before	pso	r04	13-privatized_32-traces-mine-vs-oplus-vs-meet_true.yml	0	2585616	6824	36	152	7396	5847	0	1
before	pso	r04	13-privatized_33-traces-v-matters_true.yml	0	317140	5240	27	20	466	391	0	1
before	pso	r04	13-privatized_34-traces-minepp-L-needs-to-be-um_true.yml	0	353449	5416	28	24	707	577	0	1
before	pso	r04	13-privatized_35-traces-ex-2_true.yml	0	4927644	4888	25	60	1846	1481	0	1
before	pso	r04	13-privatized_36-traces-ex-3_true.yml	0	753044	4360	22	54	1168	943	0	1
before	pso	r04	13-privatized_37-traces-ex-4_true.yml	0	806481	4888	25	56	1685	1353	0	1
before	pso	r04	13-privatized_38-traces-ex-4-switch_true.yml	0	893178	4888	25	60	1818	1453	0	1
before	pso	r04	13-privatized_40-traces-ex-6_true.yml	0	199640	4184	21	16	264	222	0	1
before	pso	r04	13-privatized_41-traces-ex-7_unknown_1_neg.yml	0	0	0	0	0	0	0	0	1
before	pso	r04	13-privatized_41-traces-ex-7_unknown_1_pos.yml	0	43659	2776	13	2	44	36	0	1
before	pso	r04	13-privatized_42-traces-ex-mini_true.yml	0	613481	5064	26	40	1079	843	0	1
before	pso	r04	13-privatized_44-traces-mine2_true.yml	0	97678	4184	21	6	108	92	0	1
before	pso	r04	13-privatized_45-traces-per-global-and-current-lock-mine-incomparable_true.yml	0	687242	4888	25	58	1776	1345	0	1
before	pso	r04	13-privatized_46-refine-protected1_true.yml	0	126755	2952	14	8	176	117	0	1
before	pso	r04	13-privatized_47-refine-protected2_true.yml	0	263652	3128	15	20	289	239	0	1
before	pso	r04	13-privatized_57-singlethreaded-unlock_true.yml	0	33381	1544	6	2	13	9	0	1
before	pso	r04	13-privatized_58-singlethreaded-lock_true.yml	0	40313	1544	6	2	13	9	0	1
before	pso	r04	13-privatized_66-mine-W-init_true.yml	0	0	0	0	0	0	0	0	1
before	pso	r04	13-privatized_68-pfscan_protected_loop_minimal_interval_true.yml	0	44133	2248	10	2	13	13	0	1
before	pso	r04	13-privatized_69-refine-protected-loop-interval_true.yml	0	50605	2248	10	2	13	13	0	1
before	pso	r04	14_spin2003.yml	0	35187	2600	12	2	20	16	0	1
before	pso	r04	28-race_reach_01-simple_racing.yml	0	0	0	0	0	0	0	0	0
before	pso	r04	28-race_reach_06-cond_racing1.yml	0	0	0	0	0	0	0	0	0
before	pso	r04	28-race_reach_11-ptr_racing.yml	0	0	0	0	0	0	0	0	0
before	pso	r04	28-race_reach_21-deref_read_racing.yml	0	0	0	0	0	0	0	0	1
before	pso	r04	28-race_reach_24-sound_lock_racing.yml	0	0	0	0	0	0	0	0	0
before	pso	r04	28-race_reach_37-indirect_racing.yml	0	0	0	0	0	0	0	0	0
before	pso	r04	28-race_reach_45-escape_racing.yml	0	47343	3832	19	2	78	63	0	1
before	pso	r04	28-race_reach_46-escape_racefree.yml	0	854192	5592	29	56	2166	1718	0	1
before	pso	r04	29_conditionals_vs.yml	0	0	0	0	0	0	0	0	1
before	pso	r04	36-apron_11-traces-max-simple_true.yml	0	204350	3304	16	20	303	253	0	1
before	pso	r04	36-apron_16-traces-unprot2_true.yml	0	0	0	0	0	0	0	0	1
before	pso	r04	36-apron_17-traces-rpb-litmus_unknown_1_neg.yml	0	0	0	0	0	0	0	0	1
before	pso	r04	36-apron_21-traces-cluster-based_true.yml	0	2845407	6648	35	172	5641	4874	0	1
before	pso	r04	36-apron_22-traces-write-centered-vs-meet-mutex_true_no-overflow.yml	0	0	0	0	0	0	0	0	1
before	pso	r04	36-apron_41-threadenter-no-locals_unknown_1_pos.yml	0	0	0	0	0	0	0	0	1
before	pso	r04	43_NetBSD_sysmon_power_sliced.yml	0	0	0	0	0	0	0	0	1
before	pso	r04	45_monabsex1_vs.yml	0	139949	3304	16	8	210	144	0	1
before	pso	r04	46_monabsex2_vs.yml	0	281831	4184	21	18	831	558	0	1
before	pso	r04	48_ticket_lock_low_contention_vs-pthread.yml	0	35054	2600	12	2	20	16	0	1
before	pso	r04	48_ticket_lock_low_contention_vs.yml	0	156489	4888	25	8	428	345	0	1
before	pso	r04	butterfly.yml	0	15399747820	11224	61	694890	64655580	63118065	0	1
before	pso	r04	circular_buffer_bad.yml	0	22950773	31880	89	476	123721	90056	0	1
before	pso	r04	circular_buffer_ok.yml	0	0	0	0	0	0	0	0	0
before	pso	r04	dekker-unfair.yml	0	1089456	6648	35	74	4327	4033	0	1
before	pso	r04	dekker.yml	0	1062459	6648	35	70	4168	3884	0	1
before	pso	r04	exponential-nondet.yml	0	0	0	0	0	0	0	0	1
before	pso	r04	fib_safe-5.yml	0	0	0	0	0	0	0	0	0
before	pso	r04	fib_safe-6.yml	0	0	0	0	0	0	0	0	0
before	pso	r04	fib_unsafe-5.yml	0	12484935065	171752	243	96526	59081568	48653991	0	1
before	pso	r04	fib_unsafe-6.yml	0	0	0	0	0	0	0	0	0
before	pso	r04	fib_unsafe-7.yml	0	0	0	0	0	0	0	0	0
before	pso	r04	lazy01.yml	0	448179	5592	29	36	1292	1083	0	1
before	pso	r04	pthread-demo-datarace-3.yml	0	41073919	231304	262	80	930799	667018	0	1
before	pso	r04	queue.yml	0	678939195	145000	205	5918	8338574	5756739	0	1
before	pso	r04	queue_longer.yml	0	0	0	0	0	0	0	0	0
before	pso	r04	queue_ok.yml	0	10830517	534328	433	34	139619	112697	0	1
before	pso	r04	queue_ok_longer.yml	101238003	3713088498	44133960	8033	34	50040459	40080337	0	1
before	pso	r04	queue_ok_longest.yml	528312566	14777603430	174022760	16033	34	199599659	159839537	0	1
before	pso	r04	race-1_1-join.yml	0	73050	3304	16	6	62	49	0	1
before	pso	r04	race-1_2-join.yml	0	307437	5416	28	26	955	695	0	1
before	pso	r04	race-1_3-join.yml	0	299592	5416	28	26	955	695	0	1
before	pso	r04	race-2_1-container_of.yml	0	0	0	0	0	0	0	0	1
before	pso	r04	race-3_1-container_of-global.yml	0	0	0	0	0	0	0	0	1
before	pso	r04	race-4_1-thread_local_vars.yml	0	0	0	0	0	0	0	0	1
before	pso	r04	reorder_2.yml	0	349153710	29416	82	12692	2734116	2568326	0	1
before	pso	r04	singleton.yml	0	670322	8760	47	40	2993	2795	0	1
before	pso	r04	singleton_with-uninit-problems.yml	0	2018795	8936	48	130	10309	9591	0	1
before	pso	r04	stateful01-1.yml	0	483512	6824	36	20	1173	950	0	1
before	pso	r04	stateful01-2.yml	0	3942147	6824	36	246	13660	10628	0	1
before	pso	r04	szymanski.yml	0	8591543	5944	31	756	28914	23908	0	1
before	pso	r04	time_var_mutex.yml	0	790061	6296	33	44	2459	2195	0	1
before	pso	r04	triangular-1.yml	0	0	0	0	0	0	0	0	0
before	pso	r04	triangular-2.yml	0	12093394659	24488	68	493952	72496725	61348503	0	1
before	pso	r04	twostage_3.yml	0	7057315	36104	101	138	57584	53706	0	1
before	pso	r04	unwind2-1.yml	0	86493	3656	18	6	108	95	0	1
before	pso	r04	unwind2-100.yml	0	73183	3656	18	6	108	95	0	1
before	pso	r04	unwind3-1.yml	0	82453	3656	18	6	192	168	0	1
before	sc	r01	01b_inc.yml	0	0	0	0	0	0	0	0	1
before	sc	r01	02_inc_cas.yml	0	0	0	0	0	0	0	0	1
before	sc	r01	13-privatized_01-priv_nr_true.yml	0	35399	3336	16	0	0	0	0	1
before	sc	r01	13-privatized_18-first-reads_true.yml	0	31009	2536	12	0	0	0	0	1
before	sc	r01	13-privatized_18-first-reads_unknown_1_neg.yml	0	18773	1736	8	0	0	0	0	1
before	sc	r01	13-privatized_18-first-reads_unknown_2_pos.yml	0	15362	1736	8	0	0	0	0	1
before	sc	r01	13-privatized_19-publish-precision_true.yml	0	45674	3736	18	0	0	0	0	1
before	sc	r01	13-privatized_19-publish-precision_unknown_1_neg.yml	0	0	0	0	0	0	0	0	1
before	sc	r01	13-privatized_19-publish-precision_unknown_1_pos.yml	0	25366	2736	13	0	0	0	0	1
before	sc	r01	13-privatized_19-publish-precision_unknown_2_neg.yml	0	13435	2736	13	0	0	0	0	1
before	sc	r01	13-privatized_19-publish-precision_unknown_2_pos.yml	0	0	0	0	0	0	0	0	1
before	sc	r01	13-privatized_20-publish-regression_true.yml	0	29178	2536	12	0	0	0	0	1
before	sc	r01	13-privatized_24-multiple-protecting_true.yml	0	358563	10536	52	0	0	0	0	1
before	sc	r01	13-privatized_25-struct_nr_true.yml	0	40423	3336	16	0	0	0	0	1
before	sc	r01	13-privatized_27-multiple-protecting2_true.yml	0	934129	12336	61	0	0	0	0	1
before	sc	r01	13-privatized_29-multiple-protecting2-vesal_true.yml	0	96042	6336	31	0	0	0	0	1
before	sc	r01	13-privatized_30-traces-oplus-vs-meet_true.yml	0	57612	4336	21	0	0	0	0	1
before	sc	r01	13-privatized_31-traces-mine-vs-mutex_true.yml	0	74648	5136	25	0	0	0	0	1
before	sc	r01	13-privatized_32-traces-mine-vs-oplus-vs-meet_true.yml	0	118406	6136	30	0	0	0	0	1
before	sc	r01	13-privatized_33-traces-v-matters_true.yml	0	61124	3936	19	0	0	0	0	1
before	sc	r01	13-privatized_34-traces-minepp-L-needs-to-be-um_true.yml	0	33584	2936	14	0	0	0	0	1
before	sc	r01	13-privatized_35-traces-ex-2_true.yml	0	47764	4136	20	0	0	0	0	1
before	sc	r01	13-privatized_36-traces-ex-3_true.yml	0	69164	3736	18	0	0	0	0	1
before	sc	r01	13-privatized_37-traces-ex-4_true.yml	0	38166	3136	15	0	0	0	0	1
before	sc	r01	13-privatized_38-traces-ex-4-switch_true.yml	0	67559	4136	20	0	0	0	0	1
before	sc	r01	13-privatized_40-traces-ex-6_true.yml	0	28130	2936	14	0	0	0	0	1
before	sc	r01	13-privatized_41-traces-ex-7_unknown_1_neg.yml	0	0	0	0	0	0	0	0	1
before	sc	r01	13-privatized_41-traces-ex-7_unknown_1_pos.yml	0	27740	2736	13	0	0	0	0	1
before	sc	r01	13-privatized_42-traces-ex-mini_true.yml	0	26292	3936	19	0	0	0	0	1
before	sc	r01	13-privatized_44-traces-mine2_true.yml	0	17234	2736	13	0	0	0	0	1
before	sc	r01	13-privatized_45-traces-per-global-and-current-lock-mine-incomparable_true.yml	0	56750	4136	20	0	0	0	0	1
before	sc	r01	13-privatized_46-refine-protected1_true.yml	0	0	0	0	0	0	0	0	1
before	sc	r01	13-privatized_47-refine-protected2_true.yml	0	37921	2536	12	0	0	0	0	1
before	sc	r01	13-privatized_57-singlethreaded-unlock_true.yml	0	0	0	0	0	0	0	0	1
before	sc	r01	13-privatized_58-singlethreaded-lock_true.yml	0	0	0	0	0	0	0	0	1
before	sc	r01	13-privatized_66-mine-W-init_true.yml	0	0	0	0	0	0	0	0	1
before	sc	r01	13-privatized_68-pfscan_protected_loop_minimal_interval_true.yml	0	0	0	0	0	0	0	0	1
before	sc	r01	13-privatized_69-refine-protected-loop-interval_true.yml	0	0	0	0	0	0	0	0	1
before	sc	r01	14_spin2003.yml	0	0	0	0	0	0	0	0	1
before	sc	r01	28-race_reach_01-simple_racing.yml	0	9930145874	1807007952	40017	0	0	0	0	1
before	sc	r01	28-race_reach_06-cond_racing1.yml	0	8796605158	1807007952	40017	0	0	0	0	1
before	sc	r01	28-race_reach_11-ptr_racing.yml	0	9760151349	1807007952	40017	0	0	0	0	1
before	sc	r01	28-race_reach_21-deref_read_racing.yml	0	0	0	0	0	0	0	0	1
before	sc	r01	28-race_reach_24-sound_lock_racing.yml	0	9759384753	1807007952	40017	0	0	0	0	1
before	sc	r01	28-race_reach_37-indirect_racing.yml	0	9060232598	1807053072	40018	0	0	0	0	1
before	sc	r01	28-race_reach_45-escape_racing.yml	0	12826	3936	19	0	0	0	0	1
before	sc	r01	28-race_reach_46-escape_racefree.yml	0	22439	3536	17	0	0	0	0	1
before	sc	r01	29_conditionals_vs.yml	0	0	0	0	0	0	0	0	1
before	sc	r01	36-apron_11-traces-max-simple_true.yml	0	37329	2536	12	0	0	0	0	1
before	sc	r01	36-apron_16-traces-unprot2_true.yml	0	0	0	0	0	0	0	0	1
before	sc	r01	36-apron_17-traces-rpb-litmus_unknown_1_neg.yml	0	0	0	0	0	0	0	0	1
before	sc	r01	36-apron_21-traces-cluster-based_true.yml	0	256334	7136	35	0	0	0	0	1
before	sc	r01	36-apron_22-traces-write-centered-vs-meet-mutex_true_no-overflow.yml	0	0	0	0	0	0	0	0	1
before	sc	r01	36-apron_41-threadenter-no-locals_unknown_1_pos.yml	0	0	0	0	0	0	0	0	1
before	sc	r01	43_NetBSD_sysmon_power_sliced.yml	0	0	0	0	0	0	0	0	1
before	sc	r01	45_monabsex1_vs.yml	0	0	0	0	0	0	0	0	1
before	sc	r01	46_monabsex2_vs.yml	0	0	0	0	0	0	0	0	1
before	sc	r01	48_ticket_lock_low_contention_vs-pthread.yml	0	0	0	0	0	0	0	0	1
before	sc	r01	48_ticket_lock_low_contention_vs.yml	0	0	0	0	0	0	0	0	1
before	sc	r01	butterfly.yml	0	3723058292	12136	60	0	0	0	0	1
before	sc	r01	circular_buffer_bad.yml	0	307849	34136	85	0	0	0	0	1
before	sc	r01	circular_buffer_ok.yml	0	1085749541	185736	232	0	0	0	0	1
before	sc	r01	dekker-unfair.yml	0	96682	6336	31	0	0	0	0	1
before	sc	r01	dekker.yml	0	95495	6336	31	0	0	0	0	1
before	sc	r01	exponential-nondet.yml	0	0	0	0	0	0	0	0	1
before	sc	r01	fib_safe-5.yml	0	1308711605	194536	243	0	0	0	0	1
before	sc	r01	fib_safe-6.yml	0	6869420442	281136	281	0	0	0	0	1
before	sc	r01	fib_unsafe-5.yml	0	579223116	194536	243	0	0	0	0	1
before	sc	r01	fib_unsafe-6.yml	0	1631173315	281136	281	0	0	0	0	1
before	sc	r01	fib_unsafe-7.yml	0	9077867065	319136	319	0	0	0	0	1
before	sc	r01	lazy01.yml	0	43398	5336	26	0	0	0	0	1
before	sc	r01	pthread-demo-datarace-3.yml	0	6990920	262136	262	0	0	0	0	1
before	sc	r01	queue.yml	0	11048226	160936	201	0	0	0	0	1
before	sc	r01	queue_longer.yml	0	0	0	0	0	0	0	0	0
before	sc	r01	queue_ok.yml	0	641654	183336	229	0	0	0	0	1
before	sc	r01	queue_ok_longer.yml	24101944	365574207	23936072	4029	0	0	0	0	1
before	sc	r01	queue_ok_longest.yml	308670152	853388438	94781648	8029	0	0	0	0	1
before	sc	r01	race-1_1-join.yml	0	0	0	0	0	0	0	0	1
before	sc	r01	race-1_2-join.yml	0	14219	4736	23	0	0	0	0	1
before	sc	r01	race-1_3-join.yml	0	13794	4736	23	0	0	0	0	1
before	sc	r01	race-2_1-container_of.yml	0	0	0	0	0	0	0	0	1
before	sc	r01	race-3_1-container_of-global.yml	0	0	0	0	0	0	0	0	1
before	sc	r01	race-4_1-thread_local_vars.yml	0	0	0	0	0	0	0	0	1
before	sc	r01	reorder_2.yml	0	9529680	32936	82	0	0	0	0	1
before	sc	r01	singleton.yml	0	75119	8736	43	0	0	0	0	1
before	sc	r01	singleton_with-uninit-problems.yml	0	117261	8936	44	0	0	0	0	1
before	sc	r01	stateful01-1.yml	0	38386	6336	31	0	0	0	0	1
before	sc	r01	stateful01-2.yml	0	102784	6536	32	0	0	0	0	1
before	sc	r01	szymanski.yml	0	338574	5936	29	0	0	0	0	1
before	sc	r01	time_var_mutex.yml	0	37743	5736	28	0	0	0	0	1
before	sc	r01	triangular-1.yml	0	1440506835	27336	68	0	0	0	0	1
before	sc	r01	triangular-2.yml	0	179366681	27336	68	0	0	0	0	1
before	sc	r01	twostage_3.yml	0	855756	40136	100	0	0	0	0	1
before	sc	r01	unwind2-1.yml	0	0	0	0	0	0	0	0	1
before	sc	r01	unwind2-100.yml	0	0	0	0	0	0	0	0	1
before	sc	r01	unwind3-1.yml	0	13117	3736	18	0	0	0	0	1
before	sc	r02	01b_inc.yml	0	0	0	0	0	0	0	0	1
before	sc	r02	02_inc_cas.yml	0	0	0	0	0	0	0	0	1
before	sc	r02	13-privatized_01-priv_nr_true.yml	0	35715	3336	16	0	0	0	0	1
before	sc	r02	13-privatized_18-first-reads_true.yml	0	32545	2536	12	0	0	0	0	1
before	sc	r02	13-privatized_18-first-reads_unknown_1_neg.yml	0	13396	1736	8	0	0	0	0	1
before	sc	r02	13-privatized_18-first-reads_unknown_2_pos.yml	0	22605	1736	8	0	0	0	0	1
before	sc	r02	13-privatized_19-publish-precision_true.yml	0	48910	3736	18	0	0	0	0	1
before	sc	r02	13-privatized_19-publish-precision_unknown_1_neg.yml	0	0	0	0	0	0	0	0	1
before	sc	r02	13-privatized_19-publish-precision_unknown_1_pos.yml	0	12916	2736	13	0	0	0	0	1
before	sc	r02	13-privatized_19-publish-precision_unknown_2_neg.yml	0	27222	2736	13	0	0	0	0	1
before	sc	r02	13-privatized_19-publish-precision_unknown_2_pos.yml	0	0	0	0	0	0	0	0	1
before	sc	r02	13-privatized_20-publish-regression_true.yml	0	27791	2536	12	0	0	0	0	1
before	sc	r02	13-privatized_24-multiple-protecting_true.yml	0	276990	10536	52	0	0	0	0	1
before	sc	r02	13-privatized_25-struct_nr_true.yml	0	24278	3336	16	0	0	0	0	1
before	sc	r02	13-privatized_27-multiple-protecting2_true.yml	0	1176191	12336	61	0	0	0	0	1
before	sc	r02	13-privatized_29-multiple-protecting2-vesal_true.yml	0	121230	6336	31	0	0	0	0	1
before	sc	r02	13-privatized_30-traces-oplus-vs-meet_true.yml	0	49530	4336	21	0	0	0	0	1
before	sc	r02	13-privatized_31-traces-mine-vs-mutex_true.yml	0	96789	5136	25	0	0	0	0	1
before	sc	r02	13-privatized_32-traces-mine-vs-oplus-vs-meet_true.yml	0	86730	6136	30	0	0	0	0	1
before	sc	r02	13-privatized_33-traces-v-matters_true.yml	0	41772	3936	19	0	0	0	0	1
before	sc	r02	13-privatized_34-traces-minepp-L-needs-to-be-um_true.yml	0	38121	2936	14	0	0	0	0	1
before	sc	r02	13-privatized_35-traces-ex-2_true.yml	0	48149	4136	20	0	0	0	0	1
before	sc	r02	13-privatized_36-traces-ex-3_true.yml	0	73817	3736	18	0	0	0	0	1
before	sc	r02	13-privatized_37-traces-ex-4_true.yml	0	23956	3136	15	0	0	0	0	1
before	sc	r02	13-privatized_38-traces-ex-4-switch_true.yml	0	60634	4136	20	0	0	0	0	1
before	sc	r02	13-privatized_40-traces-ex-6_true.yml	0	27781	2936	14	0	0	0	0	1
before	sc	r02	13-privatized_41-traces-ex-7_unknown_1_neg.yml	0	0	0	0	0	0	0	0	1
before	sc	r02	13-privatized_41-traces-ex-7_unknown_1_pos.yml	0	27260	2736	13	0	0	0	0	1
before	sc	r02	13-privatized_42-traces-ex-mini_true.yml	0	30595	3936	19	0	0	0	0	1
before	sc	r02	13-privatized_44-traces-mine2_true.yml	0	22878	2736	13	0	0	0	0	1
before	sc	r02	13-privatized_45-traces-per-global-and-current-lock-mine-incomparable_true.yml	0	56916	4136	20	0	0	0	0	1
before	sc	r02	13-privatized_46-refine-protected1_true.yml	0	0	0	0	0	0	0	0	1
before	sc	r02	13-privatized_47-refine-protected2_true.yml	0	34122	2536	12	0	0	0	0	1
before	sc	r02	13-privatized_57-singlethreaded-unlock_true.yml	0	0	0	0	0	0	0	0	1
before	sc	r02	13-privatized_58-singlethreaded-lock_true.yml	0	0	0	0	0	0	0	0	1
before	sc	r02	13-privatized_66-mine-W-init_true.yml	0	0	0	0	0	0	0	0	1
before	sc	r02	13-privatized_68-pfscan_protected_loop_minimal_interval_true.yml	0	0	0	0	0	0	0	0	1
before	sc	r02	13-privatized_69-refine-protected-loop-interval_true.yml	0	0	0	0	0	0	0	0	1
before	sc	r02	14_spin2003.yml	0	0	0	0	0	0	0	0	1
before	sc	r02	28-race_reach_01-simple_racing.yml	0	10106217964	1807007952	40017	0	0	0	0	1
before	sc	r02	28-race_reach_06-cond_racing1.yml	0	8616123275	1807007952	40017	0	0	0	0	1
before	sc	r02	28-race_reach_11-ptr_racing.yml	0	9756261551	1807007952	40017	0	0	0	0	1
before	sc	r02	28-race_reach_21-deref_read_racing.yml	0	0	0	0	0	0	0	0	1
before	sc	r02	28-race_reach_24-sound_lock_racing.yml	0	11247078706	1807007952	40017	0	0	0	0	1
before	sc	r02	28-race_reach_37-indirect_racing.yml	0	11420880754	1807053072	40018	0	0	0	0	1
before	sc	r02	28-race_reach_45-escape_racing.yml	0	21226	3936	19	0	0	0	0	1
before	sc	r02	28-race_reach_46-escape_racefree.yml	0	32438	3536	17	0	0	0	0	1
before	sc	r02	29_conditionals_vs.yml	0	0	0	0	0	0	0	0	1
before	sc	r02	36-apron_11-traces-max-simple_true.yml	0	37669	2536	12	0	0	0	0	1
before	sc	r02	36-apron_16-traces-unprot2_true.yml	0	0	0	0	0	0	0	0	1
before	sc	r02	36-apron_17-traces-rpb-litmus_unknown_1_neg.yml	0	0	0	0	0	0	0	0	1
before	sc	r02	36-apron_21-traces-cluster-based_true.yml	0	254219	7136	35	0	0	0	0	1
before	sc	r02	36-apron_22-traces-write-centered-vs-meet-mutex_true_no-overflow.yml	0	0	0	0	0	0	0	0	1
before	sc	r02	36-apron_41-threadenter-no-locals_unknown_1_pos.yml	0	0	0	0	0	0	0	0	1
before	sc	r02	43_NetBSD_sysmon_power_sliced.yml	0	0	0	0	0	0	0	0	1
before	sc	r02	45_monabsex1_vs.yml	0	0	0	0	0	0	0	0	1
before	sc	r02	46_monabsex2_vs.yml	0	0	0	0	0	0	0	0	1
before	sc	r02	48_ticket_lock_low_contention_vs-pthread.yml	0	0	0	0	0	0	0	0	1
before	sc	r02	48_ticket_lock_low_contention_vs.yml	0	0	0	0	0	0	0	0	1
before	sc	r02	butterfly.yml	0	4581504473	12136	60	0	0	0	0	1
before	sc	r02	circular_buffer_bad.yml	0	321142	34136	85	0	0	0	0	1
before	sc	r02	circular_buffer_ok.yml	0	1652444974	185736	232	0	0	0	0	1
before	sc	r02	dekker-unfair.yml	0	97477	6336	31	0	0	0	0	1
before	sc	r02	dekker.yml	0	16152745	6336	31	0	0	0	0	1
before	sc	r02	exponential-nondet.yml	0	0	0	0	0	0	0	0	1
before	sc	r02	fib_safe-5.yml	0	1036761840	194536	243	0	0	0	0	1
before	sc	r02	fib_safe-6.yml	0	9949083299	281136	281	0	0	0	0	1
before	sc	r02	fib_unsafe-5.yml	0	804004949	194536	243	0	0	0	0	1
before	sc	r02	fib_unsafe-6.yml	0	1954225009	281136	281	0	0	0	0	1
before	sc	r02	fib_unsafe-7.yml	0	9731885587	319136	319	0	0	0	0	1
before	sc	r02	lazy01.yml	0	52937	5336	26	0	0	0	0	1
before	sc	r02	pthread-demo-datarace-3.yml	0	7101426	262136	262	0	0	0	0	1
before	sc	r02	queue.yml	0	2978256	160936	201	0	0	0	0	1
before	sc	r02	queue_longer.yml	0	0	0	0	0	0	0	0	0
before	sc	r02	queue_ok.yml	0	603593	183336	229	0	0	0	0	1
before	sc	r02	queue_ok_longer.yml	23898262	184865571	23936072	4029	0	0	0	0	1
before	sc	r02	queue_ok_longest.yml	98574183	689438957	94781648	8029	0	0	0	0	1
before	sc	r02	race-1_1-join.yml	0	0	0	0	0	0	0	0	1
before	sc	r02	race-1_2-join.yml	0	22825	4736	23	0	0	0	0	1
before	sc	r02	race-1_3-join.yml	0	14885	4736	23	0	0	0	0	1
before	sc	r02	race-2_1-container_of.yml	0	0	0	0	0	0	0	0	1
before	sc	r02	race-3_1-container_of-global.yml	0	0	0	0	0	0	0	0	1
before	sc	r02	race-4_1-thread_local_vars.yml	0	0	0	0	0	0	0	0	1
before	sc	r02	reorder_2.yml	0	10582003	32936	82	0	0	0	0	1
before	sc	r02	singleton.yml	0	71814	8736	43	0	0	0	0	1
before	sc	r02	singleton_with-uninit-problems.yml	0	118298	8936	44	0	0	0	0	1
before	sc	r02	stateful01-1.yml	0	57456	6336	31	0	0	0	0	1
before	sc	r02	stateful01-2.yml	0	123883	6536	32	0	0	0	0	1
before	sc	r02	szymanski.yml	0	340994	5936	29	0	0	0	0	1
before	sc	r02	time_var_mutex.yml	0	43826	5736	28	0	0	0	0	1
before	sc	r02	triangular-1.yml	0	764474971	27336	68	0	0	0	0	1
before	sc	r02	triangular-2.yml	0	399672439	27336	68	0	0	0	0	1
before	sc	r02	twostage_3.yml	0	1031283	40136	100	0	0	0	0	1
before	sc	r02	unwind2-1.yml	0	0	0	0	0	0	0	0	1
before	sc	r02	unwind2-100.yml	0	0	0	0	0	0	0	0	1
before	sc	r02	unwind3-1.yml	0	15033	3736	18	0	0	0	0	1
before	sc	r03	01b_inc.yml	0	0	0	0	0	0	0	0	1
before	sc	r03	02_inc_cas.yml	0	0	0	0	0	0	0	0	1
before	sc	r03	13-privatized_01-priv_nr_true.yml	0	27714	3336	16	0	0	0	0	1
before	sc	r03	13-privatized_18-first-reads_true.yml	0	23032	2536	12	0	0	0	0	1
before	sc	r03	13-privatized_18-first-reads_unknown_1_neg.yml	0	20322	1736	8	0	0	0	0	1
before	sc	r03	13-privatized_18-first-reads_unknown_2_pos.yml	0	13082	1736	8	0	0	0	0	1
before	sc	r03	13-privatized_19-publish-precision_true.yml	0	65450	3736	18	0	0	0	0	1
before	sc	r03	13-privatized_19-publish-precision_unknown_1_neg.yml	0	0	0	0	0	0	0	0	1
before	sc	r03	13-privatized_19-publish-precision_unknown_1_pos.yml	0	20833	2736	13	0	0	0	0	1
before	sc	r03	13-privatized_19-publish-precision_unknown_2_neg.yml	0	23698	2736	13	0	0	0	0	1
before	sc	r03	13-privatized_19-publish-precision_unknown_2_pos.yml	0	0	0	0	0	0	0	0	1
before	sc	r03	13-privatized_20-publish-regression_true.yml	0	24282	2536	12	0	0	0	0	1
before	sc	r03	13-privatized_24-multiple-protecting_true.yml	0	362361	10536	52	0	0	0	0	1
before	sc	r03	13-privatized_25-struct_nr_true.yml	0	30714	3336	16	0	0	0	0	1
before	sc	r03	13-privatized_27-multiple-protecting2_true.yml	0	1178904	12336	61	0	0	0	0	1
before	sc	r03	13-privatized_29-multiple-protecting2-vesal_true.yml	0	123306	6336	31	0	0	0	0	1
before	sc	r03	13-privatized_30-traces-oplus-vs-meet_true.yml	0	66476	4336	21	0	0	0	0	1
before	sc	r03	13-privatized_31-traces-mine-vs-mutex_true.yml	0	79305	5136	25	0	0	0	0	1
before	sc	r03	13-privatized_32-traces-mine-vs-oplus-vs-meet_true.yml	0	89625	6136	30	0	0	0	0	1
before	sc	r03	13-privatized_33-traces-v-matters_true.yml	0	39279	3936	19	0	0	0	0	1
before	sc	r03	13-privatized_34-traces-minepp-L-needs-to-be-um_true.yml	0	31699	2936	14	0	0	0	0	1
before	sc	r03	13-privatized_35-traces-ex-2_true.yml	0	64880	4136	20	0	0	0	0	1
before	sc	r03	13-privatized_36-traces-ex-3_true.yml	0	51600	3736	18	0	0	0	0	1
before	sc	r03	13-privatized_37-traces-ex-4_true.yml	0	29856	3136	15	0	0	0	0	1
before	sc	r03	13-privatized_38-traces-ex-4-switch_true.yml	0	74831	4136	20	0	0	0	0	1
before	sc	r03	13-privatized_40-traces-ex-6_true.yml	0	33330	2936	14	0	0	0	0	1
before	sc	r03	13-privatized_41-traces-ex-7_unknown_1_neg.yml	0	0	0	0	0	0	0	0	1
before	sc	r03	13-privatized_41-traces-ex-7_unknown_1_pos.yml	0	13104	2736	13	0	0	0	0	1
before	sc	r03	13-privatized_42-traces-ex-mini_true.yml	0	31238	3936	19	0	0	0	0	1
before	sc	r03	13-privatized_44-traces-mine2_true.yml	0	25772	2736	13	0	0	0	0	1
before	sc	r03	13-privatized_45-traces-per-global-and-current-lock-mine-incomparable_true.yml	0	42009	4136	20	0	0	0	0	1
before	sc	r03	13-privatized_46-refine-protected1_true.yml	0	0	0	0	0	0	0	0	1
before	sc	r03	13-privatized_47-refine-protected2_true.yml	0	33698	2536	12	0	0	0	0	1
before	sc	r03	13-privatized_57-singlethreaded-unlock_true.yml	0	0	0	0	0	0	0	0	1
before	sc	r03	13-privatized_58-singlethreaded-lock_true.yml	0	0	0	0	0	0	0	0	1
before	sc	r03	13-privatized_66-mine-W-init_true.yml	0	0	0	0	0	0	0	0	1
before	sc	r03	13-privatized_68-pfscan_protected_loop_minimal_interval_true.yml	0	0	0	0	0	0	0	0	1
before	sc	r03	13-privatized_69-refine-protected-loop-interval_true.yml	0	0	0	0	0	0	0	0	1
before	sc	r03	14_spin2003.yml	0	0	0	0	0	0	0	0	1
before	sc	r03	28-race_reach_01-simple_racing.yml	0	9695021038	1807007952	40017	0	0	0	0	1
before	sc	r03	28-race_reach_06-cond_racing1.yml	0	8957821818	1807007952	40017	0	0	0	0	1
before	sc	r03	28-race_reach_11-ptr_racing.yml	0	20407194163	1807007952	40017	0	0	0	0	1
before	sc	r03	28-race_reach_21-deref_read_racing.yml	0	0	0	0	0	0	0	0	1
before	sc	r03	28-race_reach_24-sound_lock_racing.yml	0	18567296082	1807007952	40017	0	0	0	0	1
before	sc	r03	28-race_reach_37-indirect_racing.yml	0	9253291746	1807053072	40018	0	0	0	0	1
before	sc	r03	28-race_reach_45-escape_racing.yml	0	12281	3936	19	0	0	0	0	1
before	sc	r03	28-race_reach_46-escape_racefree.yml	0	27020	3536	17	0	0	0	0	1
before	sc	r03	29_conditionals_vs.yml	0	0	0	0	0	0	0	0	1
before	sc	r03	36-apron_11-traces-max-simple_true.yml	0	30471	2536	12	0	0	0	0	1
before	sc	r03	36-apron_16-traces-unprot2_true.yml	0	0	0	0	0	0	0	0	1
before	sc	r03	36-apron_17-traces-rpb-litmus_unknown_1_neg.yml	0	0	0	0	0	0	0	0	1
before	sc	r03	36-apron_21-traces-cluster-based_true.yml	0	200252	7136	35	0	0	0	0	1
before	sc	r03	36-apron_22-traces-write-centered-vs-meet-mutex_true_no-overflow.yml	0	0	0	0	0	0	0	0	1
before	sc	r03	36-apron_41-threadenter-no-locals_unknown_1_pos.yml	0	0	0	0	0	0	0	0	1
before	sc	r03	43_NetBSD_sysmon_power_sliced.yml	0	0	0	0	0	0	0	0	1
before	sc	r03	45_monabsex1_vs.yml	0	0	0	0	0	0	0	0	1
before	sc	r03	46_monabsex2_vs.yml	0	0	0	0	0	0	0	0	1
before	sc	r03	48_ticket_lock_low_contention_vs-pthread.yml	0	0	0	0	0	0	0	0	1
before	sc	r03	48_ticket_lock_low_contention_vs.yml	0	0	0	0	0	0	0	0	1
before	sc	r03	butterfly.yml	0	5244033356	12136	60	0	0	0	0	1
before	sc	r03	circular_buffer_bad.yml	0	322382	34136	85	0	0	0	0	1
before	sc	r03	circular_buffer_ok.yml	0	710901994	185736	232	0	0	0	0	1
before	sc	r03	dekker-unfair.yml	0	24131686	6336	31	0	0	0	0	1
before	sc	r03	dekker.yml	0	86264	6336	31	0	0	0	0	1
before	sc	r03	exponential-nondet.yml	0	0	0	0	0	0	0	0	1
before	sc	r03	fib_safe-5.yml	0	1282074487	194536	243	0	0	0	0	1
before	sc	r03	fib_safe-6.yml	0	9912276000	281136	281	0	0	0	0	1
before	sc	r03	fib_unsafe-5.yml	0	293154133	194536	243	0	0	0	0	1
before	sc	r03	fib_unsafe-6.yml	0	1959985200	281136	281	0	0	0	0	1
before	sc	r03	fib_unsafe-7.yml	0	9260602752	319136	319	0	0	0	0	1
before	sc	r03	lazy01.yml	0	52214	5336	26	0	0	0	0	1
before	sc	r03	pthread-demo-datarace-3.yml	0	7043600	262136	262	0	0	0	0	1
before	sc	r03	queue.yml	0	2873725	160936	201	0	0	0	0	1
before	sc	r03	queue_longer.yml	0	0	0	0	0	0	0	0	0
before	sc	r03	queue_ok.yml	0	627295	183336	229	0	0	0	0	1
before	sc	r03	queue_ok_longer.yml	104357942	548277681	23936072	4029	0	0	0	0	1
before	sc	r03	queue_ok_longest.yml	96647677	655886072	94781648	8029	0	0	0	0	1
before	sc	r03	race-1_1-join.yml	0	0	0	0	0	0	0	0	1
before	sc	r03	race-1_2-join.yml	0	25795	4736	23	0	0	0	0	1
before	sc	r03	race-1_3-join.yml	0	21569	4736	23	0	0	0	0	1
before	sc	r03	race-2_1-container_of.yml	0	0	0	0	0	0	0	0	1
before	sc	r03	race-3_1-container_of-global.yml	0	0	0	0	0	0	0	0	1
before	sc	r03	race-4_1-thread_local_vars.yml	0	0	0	0	0	0	0	0	1
before	sc	r03	reorder_2.yml	0	9405342	32936	82	0	0	0	0	1
before	sc	r03	singleton.yml	0	74487	8736	43	0	0	0	0	1
before	sc	r03	singleton_with-uninit-problems.yml	0	117196	8936	44	0	0	0	0	1
before	sc	r03	stateful01-1.yml	0	43256	6336	31	0	0	0	0	1
before	sc	r03	stateful01-2.yml	0	106677	6536	32	0	0	0	0	1
before	sc	r03	szymanski.yml	0	394494	5936	29	0	0	0	0	1
before	sc	r03	time_var_mutex.yml	0	41519	5736	28	0	0	0	0	1
before	sc	r03	triangular-1.yml	0	911896165	27336	68	0	0	0	0	1
before	sc	r03	triangular-2.yml	0	173849305	27336	68	0	0	0	0	1
before	sc	r03	twostage_3.yml	0	1806703	40136	100	0	0	0	0	1
before	sc	r03	unwind2-1.yml	0	0	0	0	0	0	0	0	1
before	sc	r03	unwind2-100.yml	0	0	0	0	0	0	0	0	1
before	sc	r03	unwind3-1.yml	0	12838	3736	18	0	0	0	0	1
before	sc	r04	01b_inc.yml	0	0	0	0	0	0	0	0	1
before	sc	r04	02_inc_cas.yml	0	0	0	0	0	0	0	0	1
before	sc	r04	13-privatized_01-priv_nr_true.yml	0	35662	3336	16	0	0	0	0	1
before	sc	r04	13-privatized_18-first-reads_true.yml	0	35838	2536	12	0	0	0	0	1
before	sc	r04	13-privatized_18-first-reads_unknown_1_neg.yml	0	12991	1736	8	0	0	0	0	1
before	sc	r04	13-privatized_18-first-reads_unknown_2_pos.yml	0	16880	1736	8	0	0	0	0	1
before	sc	r04	13-privatized_19-publish-precision_true.yml	0	51382	3736	18	0	0	0	0	1
before	sc	r04	13-privatized_19-publish-precision_unknown_1_neg.yml	0	0	0	0	0	0	0	0	1
before	sc	r04	13-privatized_19-publish-precision_unknown_1_pos.yml	0	15788	2736	13	0	0	0	0	1
before	sc	r04	13-privatized_19-publish-precision_unknown_2_neg.yml	0	21552	2736	13	0	0	0	0	1
before	sc	r04	13-privatized_19-publish-precision_unknown_2_pos.yml	0	0	0	0	0	0	0	0	1
before	sc	r04	13-privatized_20-publish-regression_true.yml	0	33856	2536	12	0	0	0	0	1
before	sc	r04	13-privatized_24-multiple-protecting_true.yml	0	325524	10536	52	0	0	0	0	1
before	sc	r04	13-privatized_25-struct_nr_true.yml	0	34148	3336	16	0	0	0	0	1
before	sc	r04	13-privatized_27-multiple-protecting2_true.yml	0	952841	12336	61	0	0	0	0	1
before	sc	r04	13-privatized_29-multiple-protecting2-vesal_true.yml	0	94100	6336	31	0	0	0	0	1
before	sc	r04	13-privatized_30-traces-oplus-vs-meet_true.yml	0	56233	4336	21	0	0	0	0	1
before	sc	r04	13-privatized_31-traces-mine-vs-mutex_true.yml	0	79475	5136	25	0	0	0	0	1
before	sc	r04	13-privatized_32-traces-mine-vs-oplus-vs-meet_true.yml	0	90942	6136	30	0	0	0	0	1
before	sc	r04	13-privatized_33-traces-v-matters_true.yml	0	40783	3936	19	0	0	0	0	1
before	sc	r04	13-privatized_34-traces-minepp-L-needs-to-be-um_true.yml	0	29480	2936	14	0	0	0	0	1
before	sc	r04	13-privatized_35-traces-ex-2_true.yml	0	65482	4136	20	0	0	0	0	1
before	sc	r04	13-privatized_36-traces-ex-3_true.yml	0	64230	3736	18	0	0	0	0	1
before	sc	r04	13-privatized_37-traces-ex-4_true.yml	0	24593	3136	15	0	0	0	0	1
before	sc	r04	13-privatized_38-traces-ex-4-switch_true.yml	0	58717	4136	20	0	0	0	0	1
before	sc	r04	13-privatized_40-traces-ex-6_true.yml	0	32506	2936	14	0	0	0	0	1
before	sc	r04	13-privatized_41-traces-ex-7_unknown_1_neg.yml	0	0	0	0	0	0	0	0	1
before	sc	r04	13-privatized_41-traces-ex-7_unknown_1_pos.yml	0	13636	2736	13	0	0	0	0	1
before	sc	r04	13-privatized_42-traces-ex-mini_true.yml	0	31176	3936	19	0	0	0	0	1
before	sc	r04	13-privatized_44-traces-mine2_true.yml	0	24470	2736	13	0	0	0	0	1
before	sc	r04	13-privatized_45-traces-per-global-and-current-lock-mine-incomparable_true.yml	0	61267	4136	20	0	0	0	0	1
before	sc	r04	13-privatized_46-refine-protected1_true.yml	0	0	0	0	0	0	0	0	1
before	sc	r04	13-privatized_47-refine-protected2_true.yml	0	27558	2536	12	0	0	0	0	1
before	sc	r04	13-privatized_57-singlethreaded-unlock_true.yml	0	0	0	0	0	0	0	0	1
before	sc	r04	13-privatized_58-singlethreaded-lock_true.yml	0	0	0	0	0	0	0	0	1
before	sc	r04	13-privatized_66-mine-W-init_true.yml	0	0	0	0	0	0	0	0	1
before	sc	r04	13-privatized_68-pfscan_protected_loop_minimal_interval_true.yml	0	0	0	0	0	0	0	0	1
before	sc	r04	13-privatized_69-refine-protected-loop-interval_true.yml	0	0	0	0	0	0	0	0	1
before	sc	r04	14_spin2003.yml	0	0	0	0	0	0	0	0	1
before	sc	r04	28-race_reach_01-simple_racing.yml	0	9557324670	1807007952	40017	0	0	0	0	1
before	sc	r04	28-race_reach_06-cond_racing1.yml	0	9107636457	1807007952	40017	0	0	0	0	1
before	sc	r04	28-race_reach_11-ptr_racing.yml	0	13550180265	1807007952	40017	0	0	0	0	1
before	sc	r04	28-race_reach_21-deref_read_racing.yml	0	0	0	0	0	0	0	0	1
before	sc	r04	28-race_reach_24-sound_lock_racing.yml	0	9449726057	1807007952	40017	0	0	0	0	1
before	sc	r04	28-race_reach_37-indirect_racing.yml	0	15969510514	1807053072	40018	0	0	0	0	1
before	sc	r04	28-race_reach_45-escape_racing.yml	0	14964	3936	19	0	0	0	0	1
before	sc	r04	28-race_reach_46-escape_racefree.yml	0	27478	3536	17	0	0	0	0	1
before	sc	r04	29_conditionals_vs.yml	0	0	0	0	0	0	0	0	1
before	sc	r04	36-apron_11-traces-max-simple_true.yml	0	48752	2536	12	0	0	0	0	1
before	sc	r04	36-apron_16-traces-unprot2_true.yml	0	0	0	0	0	0	0	0	1
before	sc	r04	36-apron_17-traces-rpb-litmus_unknown_1_neg.yml	0	0	0	0	0	0	0	0	1
before	sc	r04	36-apron_21-traces-cluster-based_true.yml	0	199306	7136	35	0	0	0	0	1
before	sc	r04	36-apron_22-traces-write-centered-vs-meet-mutex_true_no-overflow.yml	0	0	0	0	0	0	0	0	1
before	sc	r04	36-apron_41-threadenter-no-locals_unknown_1_pos.yml	0	0	0	0	0	0	0	0	1
before	sc	r04	43_NetBSD_sysmon_power_sliced.yml	0	0	0	0	0	0	0	0	1
before	sc	r04	45_monabsex1_vs.yml	0	0	0	0	0	0	0	0	1
before	sc	r04	46_monabsex2_vs.yml	0	0	0	0	0	0	0	0	1
before	sc	r04	48_ticket_lock_low_contention_vs-pthread.yml	0	0	0	0	0	0	0	0	1
before	sc	r04	48_ticket_lock_low_contention_vs.yml	0	0	0	0	0	0	0	0	1
before	sc	r04	butterfly.yml	0	4314032445	12136	60	0	0	0	0	1
before	sc	r04	circular_buffer_bad.yml	0	8358190	34136	85	0	0	0	0	1
before	sc	r04	circular_buffer_ok.yml	0	1101419551	185736	232	0	0	0	0	1
before	sc	r04	dekker-unfair.yml	0	88565	6336	31	0	0	0	0	1
before	sc	r04	dekker.yml	0	89719	6336	31	0	0	0	0	1
before	sc	r04	exponential-nondet.yml	0	0	0	0	0	0	0	0	1
before	sc	r04	fib_safe-5.yml	0	1309143992	194536	243	0	0	0	0	1
before	sc	r04	fib_safe-6.yml	0	6769886017	281136	281	0	0	0	0	1
before	sc	r04	fib_unsafe-5.yml	0	804070965	194536	243	0	0	0	0	1
before	sc	r04	fib_unsafe-6.yml	0	2768136405	281136	281	0	0	0	0	1
before	sc	r04	fib_unsafe-7.yml	0	8935790652	319136	319	0	0	0	0	1
before	sc	r04	lazy01.yml	0	52896	5336	26	0	0	0	0	1
before	sc	r04	pthread-demo-datarace-3.yml	0	25137115	262136	262	0	0	0	0	1
before	sc	r04	queue.yml	0	19905560	160936	201	0	0	0	0	1
before	sc	r04	queue_longer.yml	0	0	0	0	0	0	0	0	0
before	sc	r04	queue_ok.yml	0	600043	183336	229	0	0	0	0	1
before	sc	r04	queue_ok_longer.yml	79247126	260790673	23936072	4029	0	0	0	0	1
before	sc	r04	queue_ok_longest.yml	103019846	1449583370	94781648	8029	0	0	0	0	1
before	sc	r04	race-1_1-join.yml	0	0	0	0	0	0	0	0	1
before	sc	r04	race-1_2-join.yml	0	14476	4736	23	0	0	0	0	1
before	sc	r04	race-1_3-join.yml	0	21350	4736	23	0	0	0	0	1
before	sc	r04	race-2_1-container_of.yml	0	0	0	0	0	0	0	0	1
before	sc	r04	race-3_1-container_of-global.yml	0	0	0	0	0	0	0	0	1
before	sc	r04	race-4_1-thread_local_vars.yml	0	0	0	0	0	0	0	0	1
before	sc	r04	reorder_2.yml	0	20309526	32936	82	0	0	0	0	1
before	sc	r04	singleton.yml	0	82049	8736	43	0	0	0	0	1
before	sc	r04	singleton_with-uninit-problems.yml	0	118410	8936	44	0	0	0	0	1
before	sc	r04	stateful01-1.yml	0	46022	6336	31	0	0	0	0	1
before	sc	r04	stateful01-2.yml	0	105077	6536	32	0	0	0	0	1
before	sc	r04	szymanski.yml	0	326241	5936	29	0	0	0	0	1
before	sc	r04	time_var_mutex.yml	0	36873	5736	28	0	0	0	0	1
before	sc	r04	triangular-1.yml	0	1002057016	27336	68	0	0	0	0	1
before	sc	r04	triangular-2.yml	0	178876206	27336	68	0	0	0	0	1
before	sc	r04	twostage_3.yml	0	856250	40136	100	0	0	0	0	1
before	sc	r04	unwind2-1.yml	0	0	0	0	0	0	0	0	1
before	sc	r04	unwind2-100.yml	0	0	0	0	0	0	0	0	1
before	sc	r04	unwind3-1.yml	0	20747	3736	18	0	0	0	0	1
before	tso	r01	01b_inc.yml	0	0	0	0	0	0	0	0	1
before	tso	r01	02_inc_cas.yml	0	0	0	0	0	0	0	0	1
before	tso	r01	13-privatized_01-priv_nr_true.yml	0	79444	3288	16	4	252	175	0	1
before	tso	r01	13-privatized_18-first-reads_true.yml	0	60683	2584	12	4	112	87	0	1
before	tso	r01	13-privatized_18-first-reads_unknown_1_neg.yml	0	40349	1880	8	2	31	23	0	1
before	tso	r01	13-privatized_18-first-reads_unknown_2_pos.yml	0	32828	1880	8	2	31	23	0	1
before	tso	r01	13-privatized_19-publish-precision_true.yml	0	127188	3640	18	8	401	307	0	1
before	tso	r01	13-privatized_19-publish-precision_unknown_1_neg.yml	0	0	0	0	0	0	0	0	1
before	tso	r01	13-privatized_19-publish-precision_unknown_1_pos.yml	0	48521	2760	13	2	50	38	0	1
before	tso	r01	13-privatized_19-publish-precision_unknown_2_neg.yml	0	43230	2760	13	2	50	38	0	1
before	tso	r01	13-privatized_19-publish-precision_unknown_2_pos.yml	0	0	0	0	0	0	0	0	1
before	tso	r01	13-privatized_20-publish-regression_true.yml	0	63622	2584	12	4	112	87	0	1
before	tso	r01	13-privatized_24-multiple-protecting_true.yml	0	1008369	9624	52	24	8593	5987	0	1
before	tso	r01	13-privatized_25-struct_nr_true.yml	0	73629	3288	16	4	252	175	0	1
before	tso	r01	13-privatized_27-multiple-protecting2_true.yml	0	3862869	11208	61	72	25988	18912	0	1
before	tso	r01	13-privatized_29-multiple-protecting2-vesal_true.yml	0	317318	5928	31	12	988	712	0	1
before	tso	r01	13-privatized_30-traces-oplus-vs-meet_true.yml	0	134834	4168	21	8	346	265	0	1
before	tso	r01	13-privatized_31-traces-mine-vs-mutex_true.yml	0	255255	4872	25	12	646	458	0	1
before	tso	r01	13-privatized_32-traces-mine-vs-oplus-vs-meet_true.yml	0	316582	5752	30	12	783	558	0	1
before	tso	r01	13-privatized_33-traces-v-matters_true.yml	0	122429	3816	19	6	286	217	0	1
before	tso	r01	13-privatized_34-traces-minepp-L-needs-to-be-um_true.yml	0	59531	2936	14	4	119	90	0	1
before	tso	r01	13-privatized_35-traces-ex-2_true.yml	0	167174	3992	20	8	279	209	0	1
before	tso	r01	13-privatized_36-traces-ex-3_true.yml	0	163644	3640	18	8	268	199	0	1
before	tso	r01	13-privatized_37-traces-ex-4_true.yml	0	63729	3112	15	4	159	114	0	1
before	tso	r01	13-privatized_38-traces-ex-4-switch_true.yml	0	174822	3992	20	8	279	209	0	1
before	tso	r01	13-privatized_40-traces-ex-6_true.yml	0	68011	2936	14	4	119	90	0	1
before	tso	r01	13-privatized_41-traces-ex-7_unknown_1_neg.yml	0	0	0	0	0	0	0	0	1
before	tso	r01	13-privatized_41-traces-ex-7_unknown_1_pos.yml	0	46142	2760	13	2	54	41	0	1
before	tso	r01	13-privatized_42-traces-ex-mini_true.yml	0	96317	3816	19	4	255	180	0	1
before	tso	r01	13-privatized_44-traces-mine2_true.yml	0	41188	2760	13	2	46	38	0	1
before	tso	r01	13-privatized_45-traces-per-global-and-current-lock-mine-incomparable_true.yml	0	107493	3992	20	6	357	248	0	1
before	tso	r01	13-privatized_46-refine-protected1_true.yml	0	0	0	0	0	0	0	0	1
before	tso	r01	13-privatized_47-refine-protected2_true.yml	0	69882	2584	12	4	101	78	0	1
before	tso	r01	13-privatized_57-singlethreaded-unlock_true.yml	0	0	0	0	0	0	0	0	1
before	tso	r01	13-privatized_58-singlethreaded-lock_true.yml	0	0	0	0	0	0	0	0	1
before	tso	r01	13-privatized_66-mine-W-init_true.yml	0	0	0	0	0	0	0	0	1
before	tso	r01	13-privatized_68-pfscan_protected_loop_minimal_interval_true.yml	0	0	0	0	0	0	0	0	1
before	tso	r01	13-privatized_69-refine-protected-loop-interval_true.yml	0	0	0	0	0	0	0	0	1
before	tso	r01	14_spin2003.yml	0	0	0	0	0	0	0	0	1
before	tso	r01	28-race_reach_01-simple_racing.yml	0	0	0	0	0	0	0	0	0
before	tso	r01	28-race_reach_06-cond_racing1.yml	0	0	0	0	0	0	0	0	0
before	tso	r01	28-race_reach_11-ptr_racing.yml	0	0	0	0	0	0	0	0	0
before	tso	r01	28-race_reach_21-deref_read_racing.yml	0	0	0	0	0	0	0	0	1
before	tso	r01	28-race_reach_24-sound_lock_racing.yml	0	0	0	0	0	0	0	0	0
before	tso	r01	28-race_reach_37-indirect_racing.yml	0	0	0	0	0	0	0	0	0
before	tso	r01	28-race_reach_45-escape_racing.yml	0	42098	3816	19	2	106	81	0	1
before	tso	r01	28-race_reach_46-escape_racefree.yml	0	67136	3464	17	4	191	144	0	1
before	tso	r01	29_conditionals_vs.yml	0	0	0	0	0	0	0	0	1
before	tso	r01	36-apron_11-traces-max-simple_true.yml	0	78414	2584	12	4	101	78	0	1
before	tso	r01	36-apron_16-traces-unprot2_true.yml	0	0	0	0	0	0	0	0	1
before	tso	r01	36-apron_17-traces-rpb-litmus_unknown_1_neg.yml	0	0	0	0	0	0	0	0	1
before	tso	r01	36-apron_21-traces-cluster-based_true.yml	0	630901	6632	35	26	2014	1608	0	1
before	tso	r01	36-apron_22-traces-write-centered-vs-meet-mutex_true_no-overflow.yml	0	0	0	0	0	0	0	0	1
before	tso	r01	36-apron_41-threadenter-no-locals_unknown_1_pos.yml	0	0	0	0	0	0	0	0	1
before	tso	r01	43_NetBSD_sysmon_power_sliced.yml	0	0	0	0	0	0	0	0	1
before	tso	r01	45_monabsex1_vs.yml	0	0	0	0	0	0	0	0	1
before	tso	r01	46_monabsex2_vs.yml	0	0	0	0	0	0	0	0	1
before	tso	r01	48_ticket_lock_low_contention_vs-pthread.yml	0	0	0	0	0	0	0	0	1
before	tso	r01	48_ticket_lock_low_contention_vs.yml	0	0	0	0	0	0	0	0	1
before	tso	r01	butterfly.yml	0	9139419171	11032	60	304114	45272040	43466721	0	1
before	tso	r01	circular_buffer_bad.yml	0	1361625	30456	85	14	18669	13747	0	1
before	tso	r01	circular_buffer_ok.yml	0	2534796676	163992	232	6864	28061574	21330784	0	1
before	tso	r01	dekker-unfair.yml	0	262554	5928	31	14	981	911	0	1
before	tso	r01	dekker.yml	0	274353	5928	31	14	981	911	0	1
before	tso	r01	exponential-nondet.yml	0	0	0	0	0	0	0	0	1
before	tso	r01	fib_safe-5.yml	0	4399219759	171736	243	6884	50861919	37226471	0	1
before	tso	r01	fib_safe-6.yml	0	29447687528	248008	281	29036	288430537	210340249	0	1
before	tso	r01	fib_unsafe-5.yml	0	1955971415	171736	243	1880	13786133	10084896	0	1
before	tso	r01	fib_unsafe-6.yml	0	7515042409	248008	281	8244	81433459	59365151	0	1
before	tso	r01	fib_unsafe-7.yml	0	38124168631	281448	319	35572	455400086	331027156	0	1
before	tso	r01	lazy01.yml	0	133283	5048	26	6	497	414	0	1
before	tso	r01	pthread-demo-datarace-3.yml	0	46595980	231288	262	80	1076839	723498	0	1
before	tso	r01	queue.yml	0	15748650	142168	201	40	322450	226059	0	1
before	tso	r01	queue_longer.yml	0	0	0	0	0	0	0	0	0
before	tso	r01	queue_ok.yml	0	3035463	161880	229	4	46024	33489	0	1
before	tso	r01	queue_ok_longer.yml	4024994	1056040655	13851760	4029	4	15503664	10998009	0	1
before	tso	r01	queue_ok_longest.yml	33986602	4269046730	54452288	8029	4	61726864	43755609	0	1
before	tso	r01	race-1_1-join.yml	0	0	0	0	0	0	0	0	1
before	tso	r01	race-1_2-join.yml	0	44565	4520	23	2	189	138	0	1
before	tso	r01	race-1_3-join.yml	0	47735	4520	23	2	189	138	0	1
before	tso	r01	race-2_1-container_of.yml	0	0	0	0	0	0	0	0	1
before	tso	r01	race-3_1-container_of-global.yml	0	0	0	0	0	0	0	0	1
before	tso	r01	race-4_1-thread_local_vars.yml	0	0	0	0	0	0	0	0	1
before	tso	r01	reorder_2.yml	0	33643430	29400	82	432	328668	299073	0	1
before	tso	r01	singleton.yml	0	196413	8040	43	8	1001	921	0	1
before	tso	r01	singleton_with-uninit-problems.yml	0	331476	8216	44	12	1722	1581	0	1
before	tso	r01	stateful01-1.yml	0	116015	5928	31	4	625	499	0	1
before	tso	r01	stateful01-2.yml	0	338504	6104	32	12	2074	1657	0	1
before	tso	r01	szymanski.yml	0	907247	5576	29	62	2695	2342	0	1
before	tso	r01	time_var_mutex.yml	0	104442	5400	28	4	524	429	0	1
before	tso	r01	triangular-1.yml	0	3099427679	24472	68	43036	35610116	26670496	0	1
before	tso	r01	triangular-2.yml	0	702861661	24472	68	10316	8402826	6284145	0	1
before	tso	r01	twostage_3.yml	0	2954018	35736	100	30	29858	26616	0	1
before	tso	r01	unwind2-1.yml	0	0	0	0	0	0	0	0	1
before	tso	r01	unwind2-100.yml	0	0	0	0	0	0	0	0	1
before	tso	r01	unwind3-1.yml	0	37798	3640	18	2	118	104	0	1
before	tso	r02	01b_inc.yml	0	0	0	0	0	0	0	0	1
before	tso	r02	02_inc_cas.yml	0	0	0	0	0	0	0	0	1
before	tso	r02	13-privatized_01-priv_nr_true.yml	0	87971	3288	16	4	252	175	0	1
before	tso	r02	13-privatized_18-first-reads_true.yml	0	73364	2584	12	4	112	87	0	1
before	tso	r02	13-privatized_18-first-reads_unknown_1_neg.yml	0	36162	1880	8	2	31	23	0	1
before	tso	r02	13-privatized_18-first-reads_unknown_2_pos.yml	0	31369	1880	8	2	31	23	0	1
before	tso	r02	13-privatized_19-publish-precision_true.yml	0	151738	3640	18	8	401	307	0	1
before	tso	r02	13-privatized_19-publish-precision_unknown_1_neg.yml	0	0	0	0	0	0	0	0	1
before	tso	r02	13-privatized_19-publish-precision_unknown_1_pos.yml	0	35131	2760	13	2	50	38	0	1
before	tso	r02	13-privatized_19-publish-precision_unknown_2_neg.yml	0	91404	2760	13	2	50	38	0	1
before	tso	r02	13-privatized_19-publish-precision_unknown_2_pos.yml	0	0	0	0	0	0	0	0	1
before	tso	r02	13-privatized_20-publish-regression_true.yml	0	65004	2584	12	4	112	87	0	1
before	tso	r02	13-privatized_24-multiple-protecting_true.yml	0	1001407	9624	52	24	8593	5987	0	1
before	tso	r02	13-privatized_25-struct_nr_true.yml	0	98464	3288	16	4	252	175	0	1
before	tso	r02	13-privatized_27-multiple-protecting2_true.yml	0	6353588	11208	61	72	25988	18912	0	1
before	tso	r02	13-privatized_29-multiple-protecting2-vesal_true.yml	0	326742	5928	31	12	988	712	0	1
before	tso	r02	13-privatized_30-traces-oplus-vs-meet_true.yml	0	145447	4168	21	8	346	265	0	1
before	tso	r02	13-privatized_31-traces-mine-vs-mutex_true.yml	0	265914	4872	25	12	646	458	0	1
before	tso	r02	13-privatized_32-traces-mine-vs-oplus-vs-meet_true.yml	0	322859	5752	30	12	783	558	0	1
before	tso	r02	13-privatized_33-traces-v-matters_true.yml	0	138545	3816	19	6	286	217	0	1
before	tso	r02	13-privatized_34-traces-minepp-L-needs-to-be-um_true.yml	0	70462	2936	14	4	119	90	0	1
before	tso	r02	13-privatized_35-traces-ex-2_true.yml	0	141799	3992	20	8	279	209	0	1
before	tso	r02	13-privatized_36-traces-ex-3_true.yml	0	129186	3640	18	8	268	199	0	1
before	tso	r02	13-privatized_37-traces-ex-4_true.yml	0	102579	3112	15	4	159	114	0	1
before	tso	r02	13-privatized_38-traces-ex-4-switch_true.yml	0	175186	3992	20	8	279	209	0	1
before	tso	r02	13-privatized_40-traces-ex-6_true.yml	0	92584	2936	14	4	119	90	0	1
before	tso	r02	13-privatized_41-traces-ex-7_unknown_1_neg.yml	0	0	0	0	0	0	0	0	1
before	tso	r02	13-privatized_41-traces-ex-7_unknown_1_pos.yml	0	43453	2760	13	2	54	41	0	1
before	tso	r02	13-privatized_42-traces-ex-mini_true.yml	0	100939	3816	19	4	255	180	0	1
before	tso	r02	13-privatized_44-traces-mine2_true.yml	0	39330	2760	13	2	46	38	0	1
before	tso	r02	13-privatized_45-traces-per-global-and-current-lock-mine-incomparable_true.yml	0	149197	3992	20	6	357	248	0	1
before	tso	r02	13-privatized_46-refine-protected1_true.yml	0	0	0	0	0	0	0	0	1
before	tso	r02	13-privatized_47-refine-protected2_true.yml	0	60422	2584	12	4	101	78	0	1
before	tso	r02	13-privatized_57-singlethreaded-unlock_true.yml	0	0	0	0	0	0	0	0	1
before	tso	r02	13-privatized_58-singlethreaded-lock_true.yml	0	0	0	0	0	0	0	0	1
before	tso	r02	13-privatized_66-mine-W-init_true.yml	0	0	0	0	0	0	0	0	1
before	tso	r02	13-privatized_68-pfscan_protected_loop_minimal_interval_true.yml	0	0	0	0	0	0	0	0	1
before	tso	r02	13-privatized_69-refine-protected-loop-interval_true.yml	0	0	0	0	0	0	0	0	1
before	tso	r02	14_spin2003.yml	0	0	0	0	0	0	0	0	1
before	tso	r02	28-race_reach_01-simple_racing.yml	0	0	0	0	0	0	0	0	0
before	tso	r02	28-race_reach_06-cond_racing1.yml	0	0	0	0	0	0	0	0	0
before	tso	r02	28-race_reach_11-ptr_racing.yml	0	0	0	0	0	0	0	0	0
before	tso	r02	28-race_reach_21-deref_read_racing.yml	0	0	0	0	0	0	0	0	1
before	tso	r02	28-race_reach_24-sound_lock_racing.yml	0	0	0	0	0	0	0	0	0
before	tso	r02	28-race_reach_37-indirect_racing.yml	0	0	0	0	0	0	0	0	0
before	tso	r02	28-race_reach_45-escape_racing.yml	0	53321	3816	19	2	106	81	0	1
before	tso	r02	28-race_reach_46-escape_racefree.yml	0	69675	3464	17	4	191	144	0	1
before	tso	r02	29_conditionals_vs.yml	0	0	0	0	0	0	0	0	1
before	tso	r02	36-apron_11-traces-max-simple_true.yml	0	63840	2584	12	4	101	78	0	1
before	tso	r02	36-apron_16-traces-unprot2_true.yml	0	0	0	0	0	0	0	0	1
before	tso	r02	36-apron_17-traces-rpb-litmus_unknown_1_neg.yml	0	0	0	0	0	0	0	0	1
before	tso	r02	36-apron_21-traces-cluster-based_true.yml	0	681446	6632	35	26	2014	1608	0	1
before	tso	r02	36-apron_22-traces-write-centered-vs-meet-mutex_true_no-overflow.yml	0	0	0	0	0	0	0	0	1
before	tso	r02	36-apron_41-threadenter-no-locals_unknown_1_pos.yml	0	0	0	0	0	0	0	0	1
before	tso	r02	43_NetBSD_sysmon_power_sliced.yml	0	0	0	0	0	0	0	0	1
before	tso	r02	45_monabsex1_vs.yml	0	0	0	0	0	0	0	0	1
before	tso	r02	46_monabsex2_vs.yml	0	0	0	0	0	0	0	0	1
before	tso	r02	48_ticket_lock_low_contention_vs-pthread.yml	0	0	0	0	0	0	0	0	1
before	tso	r02	48_ticket_lock_low_contention_vs.yml	0	0	0	0	0	0	0	0	1
before	tso	r02	butterfly.yml	0	9437387175	11032	60	304114	45272040	43466721	0	1
before	tso	r02	circular_buffer_bad.yml	0	1739728	30456	85	14	18669	13747	0	1
before	tso	r02	circular_buffer_ok.yml	0	3100582842	163992	232	6864	28061574	21330784	0	1
before	tso	r02	dekker-unfair.yml	0	268221	5928	31	14	981	911	0	1
before	tso	r02	dekker.yml	0	259497	5928	31	14	981	911	0	1
before	tso	r02	exponential-nondet.yml	0	0	0	0	0	0	0	0	1
before	tso	r02	fib_safe-5.yml	0	4871017097	171736	243	6884	50861919	37226471	0	1
before	tso	r02	fib_safe-6.yml	0	24283238366	248008	281	29036	288430537	210340249	0	1
before	tso	r02	fib_unsafe-5.yml	0	1202903867	171736	243	1880	13786133	10084896	0	1
before	tso	r02	fib_unsafe-6.yml	0	6934850044	248008	281	8244	81433459	59365151	0	1
before	tso	r02	fib_unsafe-7.yml	0	40217612719	281448	319	35572	455400086	331027156	0	1
before	tso	r02	lazy01.yml	0	138730	5048	26	6	497	414	0	1
before	tso	r02	pthread-demo-datarace-3.yml	0	49673347	231288	262	80	1076839	723498	0	1
before	tso	r02	queue.yml	0	17111447	142168	201	40	322450	226059	0	1
before	tso	r02	queue_longer.yml	0	0	0	0	0	0	0	0	0
before	tso	r02	queue_ok.yml	0	2985910	161880	229	4	46024	33489	0	1
before	tso	r02	queue_ok_longer.yml	11937464	1138908178	13851760	4029	4	15503664	10998009	0	1
before	tso	r02	queue_ok_longest.yml	34320380	4477389949	54452288	8029	4	61726864	43755609	0	1
before	tso	r02	race-1_1-join.yml	0	0	0	0	0	0	0	0	1
before	tso	r02	race-1_2-join.yml	0	45335	4520	23	2	189	138	0	1
before	tso	r02	race-1_3-join.yml	0	47360	4520	23	2	189	138	0	1
before	tso	r02	race-2_1-container_of.yml	0	0	0	0	0	0	0	0	1
before	tso	r02	race-3_1-container_of-global.yml	0	0	0	0	0	0	0	0	1
before	tso	r02	race-4_1-thread_local_vars.yml	0	0	0	0	0	0	0	0	1
before	tso	r02	reorder_2.yml	0	36800989	29400	82	432	328668	299073	0	1
before	tso	r02	singleton.yml	0	203883	8040	43	8	1001	921	0	1
before	tso	r02	singleton_with-uninit-problems.yml	0	328881	8216	44	12	1722	1581	0	1
before	tso	r02	stateful01-1.yml	0	141794	5928	31	4	625	499	0	1
before	tso	r02	stateful01-2.yml	0	315280	6104	32	12	2074	1657	0	1
before	tso	r02	szymanski.yml	0	942655	5576	29	62	2695	2342	0	1
before	tso	r02	time_var_mutex.yml	0	129287	5400	28	4	524	429	0	1
before	tso	r02	triangular-1.yml	0	2902750174	24472	68	43036	35610116	26670496	0	1
before	tso	r02	triangular-2.yml	0	752035867	24472	68	10316	8402826	6284145	0	1
before	tso	r02	twostage_3.yml	0	2860892	35736	100	30	29858	26616	0	1
before	tso	r02	unwind2-1.yml	0	0	0	0	0	0	0	0	1
before	tso	r02	unwind2-100.yml	0	0	0	0	0	0	0	0	1
before	tso	r02	unwind3-1.yml	0	39691	3640	18	2	118	104	0	1
before	tso	r03	01b_inc.yml	0	0	0	0	0	0	0	0	1
before	tso	r03	02_inc_cas.yml	0	0	0	0	0	0	0	0	1
before	tso	r03	13-privatized_01-priv_nr_true.yml	0	83373	3288	16	4	252	175	0	1
before	tso	r03	13-privatized_18-first-reads_true.yml	0	68921	2584	12	4	112	87	0	1
before	tso	r03	13-privatized_18-first-reads_unknown_1_neg.yml	0	37589	1880	8	2	31	23	0	1
before	tso	r03	13-privatized_18-first-reads_unknown_2_pos.yml	0	42261	1880	8	2	31	23	0	1
before	tso	r03	13-privatized_19-publish-precision_true.yml	0	146404	3640	18	8	401	307	0	1
before	tso	r03	13-privatized_19-publish-precision_unknown_1_neg.yml	0	0	0	0	0	0	0	0	1
before	tso	r03	13-privatized_19-publish-precision_unknown_1_pos.yml	0	36266	2760	13	2	50	38	0	1
before	tso	r03	13-privatized_19-publish-precision_unknown_2_neg.yml	0	36699	2760	13	2	50	38	0	1
before	tso	r03	13-privatized_19-publish-precision_unknown_2_pos.yml	0	0	0	0	0	0	0	0	1
before	tso	r03	13-privatized_20-publish-regression_true.yml	0	55875	2584	12	4	112	87	0	1
before	tso	r03	13-privatized_24-multiple-protecting_true.yml	0	1189109	9624	52	24	8593	5987	0	1
before	tso	r03	13-privatized_25-struct_nr_true.yml	0	98050	3288	16	4	252	175	0	1
before	tso	r03	13-privatized_27-multiple-protecting2_true.yml	0	3028326	11208	61	72	25988	18912	0	1
before	tso	r03	13-privatized_29-multiple-protecting2-vesal_true.yml	0	238314	5928	31	12	988	712	0	1
before	tso	r03	13-privatized_30-traces-oplus-vs-meet_true.yml	0	171579	4168	21	8	346	265	0	1
before	tso	r03	13-privatized_31-traces-mine-vs-mutex_true.yml	0	196675	4872	25	12	646	458	0	1
before	tso	r03	13-privatized_32-traces-mine-vs-oplus-vs-meet_true.yml	0	256485	5752	30	12	783	558	0	1
before	tso	r03	13-privatized_33-traces-v-matters_true.yml	0	104525	3816	19	6	286	217	0	1
before	tso	r03	13-privatized_34-traces-minepp-L-needs-to-be-um_true.yml	0	66596	2936	14	4	119	90	0	1
before	tso	r03	13-privatized_35-traces-ex-2_true.yml	0	135781	3992	20	8	279	209	0	1
before	tso	r03	13-privatized_36-traces-ex-3_true.yml	0	119887	3640	18	8	268	199	0	1
before	tso	r03	13-privatized_37-traces-ex-4_true.yml	0	62829	3112	15	4	159	114	0	1
before	tso	r03	13-privatized_38-traces-ex-4-switch_true.yml	0	133717	3992	20	8	279	209	0	1
before	tso	r03	13-privatized_40-traces-ex-6_true.yml	0	62132	2936	14	4	119	90	0	1
before	tso	r03	13-privatized_41-traces-ex-7_unknown_1_neg.yml	0	0	0	0	0	0	0	0	1
before	tso	r03	13-privatized_41-traces-ex-7_unknown_1_pos.yml	0	42090	2760	13	2	54	41	0	1
before	tso	r03	13-privatized_42-traces-ex-mini_true.yml	0	79399	3816	19	4	255	180	0	1
before	tso	r03	13-privatized_44-traces-mine2_true.yml	0	48972	2760	13	2	46	38	0	1
before	tso	r03	13-privatized_45-traces-per-global-and-current-lock-mine-incomparable_true.yml	0	114812	3992	20	6	357	248	0	1
before	tso	r03	13-privatized_46-refine-protected1_true.yml	0	0	0	0	0	0	0	0	1
before	tso	r03	13-privatized_47-refine-protected2_true.yml	0	77874	2584	12	4	101	78	0	1
before	tso	r03	13-privatized_57-singlethreaded-unlock_true.yml	0	0	0	0	0	0	0	0	1
before	tso	r03	13-privatized_58-singlethreaded-lock_true.yml	0	0	0	0	0	0	0	0	1
before	tso	r03	13-privatized_66-mine-W-init_true.yml	0	0	0	0	0	0	0	0	1
before	tso	r03	13-privatized_68-pfscan_protected_loop_minimal_interval_true.yml	0	0	0	0	0	0	0	0	1
before	tso	r03	13-privatized_69-refine-protected-loop-interval_true.yml	0	0	0	0	0	0	0	0	1
before	tso	r03	14_spin2003.yml	0	0	0	0	0	0	0	0	1
before	tso	r03	28-race_reach_01-simple_racing.yml	0	0	0	0	0	0	0	0	0
before	tso	r03	28-race_reach_06-cond_racing1.yml	0	0	0	0	0	0	0	0	0
before	tso	r03	28-race_reach_11-ptr_racing.yml	0	0	0	0	0	0	0	0	0
before	tso	r03	28-race_reach_21-deref_read_racing.yml	0	0	0	0	0	0	0	0	1
before	tso	r03	28-race_reach_24-sound_lock_racing.yml	0	0	0	0	0	0	0	0	0
before	tso	r03	28-race_reach_37-indirect_racing.yml	0	0	0	0	0	0	0	0	0
before	tso	r03	28-race_reach_45-escape_racing.yml	0	36237	3816	19	2	106	81	0	1
before	tso	r03	28-race_reach_46-escape_racefree.yml	0	67242	3464	17	4	191	144	0	1
before	tso	r03	29_conditionals_vs.yml	0	0	0	0	0	0	0	0	1
before	tso	r03	36-apron_11-traces-max-simple_true.yml	0	79733	2584	12	4	101	78	0	1
before	tso	r03	36-apron_16-traces-unprot2_true.yml	0	0	0	0	0	0	0	0	1
before	tso	r03	36-apron_17-traces-rpb-litmus_unknown_1_neg.yml	0	0	0	0	0	0	0	0	1
before	tso	r03	36-apron_21-traces-cluster-based_true.yml	0	512270	6632	35	26	2014	1608	0	1
before	tso	r03	36-apron_22-traces-write-centered-vs-meet-mutex_true_no-overflow.yml	0	0	0	0	0	0	0	0	1
before	tso	r03	36-apron_41-threadenter-no-locals_unknown_1_pos.yml	0	0	0	0	0	0	0	0	1
before	tso	r03	43_NetBSD_sysmon_power_sliced.yml	0	0	0	0	0	0	0	0	1
before	tso	r03	45_monabsex1_vs.yml	0	0	0	0	0	0	0	0	1
before	tso	r03	46_monabsex2_vs.yml	0	0	0	0	0	0	0	0	1
before	tso	r03	48_ticket_lock_low_contention_vs-pthread.yml	0	0	0	0	0	0	0	0	1
before	tso	r03	48_ticket_lock_low_contention_vs.yml	0	0	0	0	0	0	0	0	1
before	tso	r03	butterfly.yml	0	8978426123	11032	60	304114	45272040	43466721	0	1
before	tso	r03	circular_buffer_bad.yml	0	29407302	30456	85	14	18669	13747	0	1
before	tso	r03	circular_buffer_ok.yml	0	3463784834	163992	232	6864	28061574	21330784	0	1
before	tso	r03	dekker-unfair.yml	0	271905	5928	31	14	981	911	0	1
before	tso	r03	dekker.yml	0	270774	5928	31	14	981	911	0	1
before	tso	r03	exponential-nondet.yml	0	0	0	0	0	0	0	0	1
before	tso	r03	fib_safe-5.yml	0	9158456284	171736	243	6884	50861919	37226471	0	1
before	tso	r03	fib_safe-6.yml	0	28321687748	248008	281	29036	288430537	210340249	0	1
before	tso	r03	fib_unsafe-5.yml	0	1210684052	171736	243	1880	13786133	10084896	0	1
before	tso	r03	fib_unsafe-6.yml	0	11333518583	248008	281	8244	81433459	59365151	0	1
before	tso	r03	fib_unsafe-7.yml	0	37890803181	281448	319	35572	455400086	331027156	0	1
before	tso	r03	lazy01.yml	0	129083	5048	26	6	497	414	0	1
before	tso	r03	pthread-demo-datarace-3.yml	0	46532166	231288	262	80	1076839	723498	0	1
before	tso	r03	queue.yml	0	15782351	142168	201	40	322450	226059	0	1
before	tso	r03	queue_longer.yml	0	0	0	0	0	0	0	0	0
before	tso	r03	queue_ok.yml	0	2971836	161880	229	4	46024	33489	0	1
before	tso	r03	queue_ok_longer.yml	12413639	1049476992	13851760	4029	4	15503664	10998009	0	1
before	tso	r03	queue_ok_longest.yml	31931503	4228617067	54452288	8029	4	61726864	43755609	0	1
before	tso	r03	race-1_1-join.yml	0	0	0	0	0	0	0	0	1
before	tso	r03	race-1_2-join.yml	0	52530	4520	23	2	189	138	0	1
before	tso	r03	race-1_3-join.yml	0	44679	4520	23	2	189	138	0	1
before	tso	r03	race-2_1-container_of.yml	0	0	0	0	0	0	0	0	1
before	tso	r03	race-3_1-container_of-global.yml	0	0	0	0	0	0	0	0	1
before	tso	r03	race-4_1-thread_local_vars.yml	0	0	0	0	0	0	0	0	1
before	tso	r03	reorder_2.yml	0	33422679	29400	82	432	328668	299073	0	1
before	tso	r03	singleton.yml	0	198882	8040	43	8	1001	921	0	1
before	tso	r03	singleton_with-uninit-problems.yml	0	318129	8216	44	12	1722	1581	0	1
before	tso	r03	stateful01-1.yml	0	119568	5928	31	4	625	499	0	1
before	tso	r03	stateful01-2.yml	0	329430	6104	32	12	2074	1657	0	1
before	tso	r03	szymanski.yml	0	8907811	5576	29	62	2695	2342	0	1
before	tso	r03	time_var_mutex.yml	0	102913	5400	28	4	524	429	0	1
before	tso	r03	triangular-1.yml	0	4390752520	24472	68	43036	35610116	26670496	0	1
before	tso	r03	triangular-2.yml	0	1472468512	24472	68	10316	8402826	6284145	0	1
before	tso	r03	twostage_3.yml	0	2878923	35736	100	30	29858	26616	0	1
before	tso	r03	unwind2-1.yml	0	0	0	0	0	0	0	0	1
before	tso	r03	unwind2-100.yml	0	0	0	0	0	0	0	0	1
before	tso	r03	unwind3-1.yml	0	38706	3640	18	2	118	104	0	1
before	tso	r04	01b_inc.yml	0	0	0	0	0	0	0	0	1
before	tso	r04	02_inc_cas.yml	0	0	0	0	0	0	0	0	1
before	tso	r04	13-privatized_01-priv_nr_true.yml	0	97439	3288	16	4	252	175	0	1
before	tso	r04	13-privatized_18-first-reads_true.yml	0	77957	2584	12	4	112	87	0	1
before	tso	r04	13-privatized_18-first-reads_unknown_1_neg.yml	0	39961	1880	8	2	31	23	0	1
before	tso	r04	13-privatized_18-first-reads_unknown_2_pos.yml	0	87912	1880	8	2	31	23	0	1
before	tso	r04	13-privatized_19-publish-precision_true.yml	0	132621	3640	18	8	401	307	0	1
before	tso	r04	13-privatized_19-publish-precision_unknown_1_neg.yml	0	0	0	0	0	0	0	0	1
before	tso	r04	13-privatized_19-publish-precision_unknown_1_pos.yml	0	44450	2760	13	2	50	38	0	1
before	tso	r04	13-privatized_19-publish-precision_unknown_2_neg.yml	0	41175	2760	13	2	50	38	0	1
before	tso	r04	13-privatized_19-publish-precision_unknown_2_pos.yml	0	0	0	0	0	0	0	0	1
before	tso	r04	13-privatized_20-publish-regression_true.yml	0	66447	2584	12	4	112	87	0	1
before	tso	r04	13-privatized_24-multiple-protecting_true.yml	0	934741	9624	52	24	8593	5987	0	1
before	tso	r04	13-privatized_25-struct_nr_true.yml	0	75808	3288	16	4	252	175	0	1
before	tso	r04	13-privatized_27-multiple-protecting2_true.yml	0	3837075	11208	61	72	25988	18912	0	1
before	tso	r04	13-privatized_29-multiple-protecting2-vesal_true.yml	0	334323	5928	31	12	988	712	0	1
before	tso	r04	13-privatized_30-traces-oplus-vs-meet_true.yml	0	163837	4168	21	8	346	265	0	1
before	tso	r04	13-privatized_31-traces-mine-vs-mutex_true.yml	0	250901	4872	25	12	646	458	0	1
before	tso	r04	13-privatized_32-traces-mine-vs-oplus-vs-meet_true.yml	0	250752	5752	30	12	783	558	0	1
before	tso	r04	13-privatized_33-traces-v-matters_true.yml	0	105039	3816	19	6	286	217	0	1
before	tso	r04	13-privatized_34-traces-minepp-L-needs-to-be-um_true.yml	0	71626	2936	14	4	119	90	0	1
before	tso	r04	13-privatized_35-traces-ex-2_true.yml	0	176216	3992	20	8	279	209	0	1
before	tso	r04	13-privatized_36-traces-ex-3_true.yml	0	170001	3640	18	8	268	199	0	1
before	tso	r04	13-privatized_37-traces-ex-4_true.yml	0	82876	3112	15	4	159	114	0	1
before	tso	r04	13-privatized_38-traces-ex-4-switch_true.yml	0	182787	3992	20	8	279	209	0	1
before	tso	r04	13-privatized_40-traces-ex-6_true.yml	0	64551	2936	14	4	119	90	0	1
before	tso	r04	13-privatized_41-traces-ex-7_unknown_1_neg.yml	0	0	0	0	0	0	0	0	1
before	tso	r04	13-privatized_41-traces-ex-7_unknown_1_pos.yml	0	40300	2760	13	2	54	41	0	1
before	tso	r04	13-privatized_42-traces-ex-mini_true.yml	0	95614	3816	19	4	255	180	0	1
before	tso	r04	13-privatized_44-traces-mine2_true.yml	0	44286	2760	13	2	46	38	0	1
before	tso	r04	13-privatized_45-traces-per-global-and-current-lock-mine-incomparable_true.yml	0	142762	3992	20	6	357	248	0	1
before	tso	r04	13-privatized_46-refine-protected1_true.yml	0	0	0	0	0	0	0	0	1
before	tso	r04	13-privatized_47-refine-protected2_true.yml	0	67280	2584	12	4	101	78	0	1
before	tso	r04	13-privatized_57-singlethreaded-unlock_true.yml	0	0	0	0	0	0	0	0	1
before	tso	r04	13-privatized_58-singlethreaded-lock_true.yml	0	0	0	0	0	0	0	0	1
before	tso	r04	13-privatized_66-mine-W-init_true.yml	0	0	0	0	0	0	0	0	1
before	tso	r04	13-privatized_68-pfscan_protected_loop_minimal_interval_true.yml	0	0	0	0	0	0	0	0	1
before	tso	r04	13-privatized_69-refine-protected-loop-interval_true.yml	0	0	0	0	0	0	0	0	1
before	tso	r04	14_spin2003.yml	0	0	0	0	0	0	0	0	1
before	tso	r04	28-race_reach_01-simple_racing.yml	0	0	0	0	0	0	0	0	0
before	tso	r04	28-race_reach_06-cond_racing1.yml	0	0	0	0	0	0	0	0	0
before	tso	r04	28-race_reach_11-ptr_racing.yml	0	0	0	0	0	0	0	0	0
before	tso	r04	28-race_reach_21-deref_read_racing.yml	0	0	0	0	0	0	0	0	1
before	tso	r04	28-race_reach_24-sound_lock_racing.yml	0	0	0	0	0	0	0	0	0
before	tso	r04	28-race_reach_37-indirect_racing.yml	0	0	0	0	0	0	0	0	0
before	tso	r04	28-race_reach_45-escape_racing.yml	0	48187	3816	19	2	106	81	0	1
before	tso	r04	28-race_reach_46-escape_racefree.yml	0	82772	3464	17	4	191	144	0	1
before	tso	r04	29_conditionals_vs.yml	0	0	0	0	0	0	0	0	1
before	tso	r04	36-apron_11-traces-max-simple_true.yml	0	84897	2584	12	4	101	78	0	1
before	tso	r04	36-apron_16-traces-unprot2_true.yml	0	0	0	0	0	0	0	0	1
before	tso	r04	36-apron_17-traces-rpb-litmus_unknown_1_neg.yml	0	0	0	0	0	0	0	0	1
before	tso	r04	36-apron_21-traces-cluster-based_true.yml	0	675692	6632	35	26	2014	1608	0	1
before	tso	r04	36-apron_22-traces-write-centered-vs-meet-mutex_true_no-overflow.yml	0	0	0	0	0	0	0	0	1
before	tso	r04	36-apron_41-threadenter-no-locals_unknown_1_pos.yml	0	0	0	0	0	0	0	0	1
before	tso	r04	43_NetBSD_sysmon_power_sliced.yml	0	0	0	0	0	0	0	0	1
before	tso	r04	45_monabsex1_vs.yml	0	0	0	0	0	0	0	0	1
before	tso	r04	46_monabsex2_vs.yml	0	0	0	0	0	0	0	0	1
before	tso	r04	48_ticket_lock_low_contention_vs-pthread.yml	0	0	0	0	0	0	0	0	1
before	tso	r04	48_ticket_lock_low_contention_vs.yml	0	0	0	0	0	0	0	0	1
before	tso	r04	butterfly.yml	0	12193421762	11032	60	304114	45272040	43466721	0	1
before	tso	r04	circular_buffer_bad.yml	0	25455664	30456	85	14	18669	13747	0	1
before	tso	r04	circular_buffer_ok.yml	0	2375027597	163992	232	6864	28061574	21330784	0	1
before	tso	r04	dekker-unfair.yml	0	252635	5928	31	14	981	911	0	1
before	tso	r04	dekker.yml	0	258730	5928	31	14	981	911	0	1
before	tso	r04	exponential-nondet.yml	0	0	0	0	0	0	0	0	1
before	tso	r04	fib_safe-5.yml	0	4730115782	171736	243	6884	50861919	37226471	0	1
before	tso	r04	fib_safe-6.yml	0	28632257349	248008	281	29036	288430537	210340249	0	1
before	tso	r04	fib_unsafe-5.yml	0	1217545107	171736	243	1880	13786133	10084896	0	1
before	tso	r04	fib_unsafe-6.yml	0	6916236033	248008	281	8244	81433459	59365151	0	1
before	tso	r04	fib_unsafe-7.yml	0	42996173555	281448	319	35572	455400086	331027156	0	1
before	tso	r04	lazy01.yml	0	140743	5048	26	6	497	414	0	1
before	tso	r04	pthread-demo-datarace-3.yml	0	46566323	231288	262	80	1076839	723498	0	1
before	tso	r04	queue.yml	0	15886343	142168	201	40	322450	226059	0	1
before	tso	r04	queue_longer.yml	0	0	0	0	0	0	0	0	0
before	tso	r04	queue_ok.yml	0	3031765	161880	229	4	46024	33489	0	1
before	tso	r04	queue_ok_longer.yml	12156199	1050176939	13851760	4029	4	15503664	10998009	0	1
before	tso	r04	queue_ok_longest.yml	32350690	4224604610	54452288	8029	4	61726864	43755609	0	1
before	tso	r04	race-1_1-join.yml	0	0	0	0	0	0	0	0	1
before	tso	r04	race-1_2-join.yml	0	55077	4520	23	2	189	138	0	1
before	tso	r04	race-1_3-join.yml	0	53910	4520	23	2	189	138	0	1
before	tso	r04	race-2_1-container_of.yml	0	0	0	0	0	0	0	0	1
before	tso	r04	race-3_1-container_of-global.yml	0	0	0	0	0	0	0	0	1
before	tso	r04	race-4_1-thread_local_vars.yml	0	0	0	0	0	0	0	0	1
before	tso	r04	reorder_2.yml	0	34704682	29400	82	432	328668	299073	0	1
before	tso	r04	singleton.yml	0	211452	8040	43	8	1001	921	0	1
before	tso	r04	singleton_with-uninit-problems.yml	0	321443	8216	44	12	1722	1581	0	1
before	tso	r04	stateful01-1.yml	0	112443	5928	31	4	625	499	0	1
before	tso	r04	stateful01-2.yml	0	414927	6104	32	12	2074	1657	0	1
before	tso	r04	szymanski.yml	0	8212153	5576	29	62	2695	2342	0	1
before	tso	r04	time_var_mutex.yml	0	118616	5400	28	4	524	429	0	1
before	tso	r04	triangular-1.yml	0	6722592733	24472	68	43036	35610116	26670496	0	1
before	tso	r04	triangular-2.yml	0	765288941	24472	68	10316	8402826	6284145	0	1
before	tso	r04	twostage_3.yml	0	2940835	35736	100	30	29858	26616	0	1
before	tso	r04	unwind2-1.yml	0	0	0	0	0	0	0	0	1
before	tso	r04	unwind2-100.yml	0	0	0	0	0	0	0	0	1
before	tso	r04	unwind3-1.yml	0	39456	3640	18	2	118	104	0	1
